#!ascii label  , from subject sub001 vox2ras=TkReg
5585
25170  -11.265  -63.495  59.231 0.2222220004
26424  -10.385  -62.058  59.988 0.3333329856
30034  -9.273  -59.875  59.546 0.4444440007
137119  -9.234  -58.993  59.986 0.5555559993
31128  -9.315  -58.249  59.339 0.5555559993
32304  -9.221  -57.417  59.599 0.5555559993
33470  -9.014  -57.164  60.630 0.4444440007
33474  -9.672  -56.923  59.416 0.4444440007
34592  -9.780  -56.225  59.606 0.5555559993
23929  -10.786  -63.829  58.585 0.4444440007
25168  -10.580  -62.954  59.028 0.3333329856
25167  -10.833  -62.698  59.605 0.3333329856
21492  -10.823  -66.449  56.805 0.3333329856
152314  -11.073  -66.097  57.253 0.3333329856
22697  -10.663  -65.213  57.627 0.3333329856
23930  -11.049  -64.095  58.754 0.3333329856
26436  -10.224  -62.039  58.974 0.4444440007
27664  -9.792  -61.378  59.965 0.4444440007
28874  -9.497  -60.559  59.948 0.4444440007
21496  -10.501  -67.005  56.349 0.1111110002
21493  -11.411  -66.477  56.846 0.3333329856
27678  -9.807  -61.326  59.010 0.5555559993
28887  -9.543  -60.706  58.852 0.4444440007
30037  -9.280  -60.152  59.038 0.5555559993
30035  -9.184  -59.263  59.279 0.5555559993
28897  -9.936  -60.576  58.457 0.5555559993
30038  -9.650  -59.858  58.716 0.5555559993
30045  -11.045  -59.717  57.642 0.5555559993
31136  -10.939  -58.246  57.955 0.6666669846
33475  -10.388  -56.713  58.855 0.5555559993
34599  -10.594  -55.904  58.975 0.6666669846
34589  -10.006  -55.121  60.609 0.4444440007
31137  -11.376  -58.114  57.123 0.6666669846
33477  -10.998  -56.768  58.062 0.6666669846
34600  -11.251  -55.643  58.390 0.7777780294
35700  -11.473  -54.617  59.456 0.7777780294
152415  -11.910  -57.274  56.198 0.7777780294
33478  -11.484  -56.727  57.350 0.7777780294
131512  -11.757  -56.098  57.199 0.7777780294
35708  -11.659  -54.985  58.528 0.7777780294
32343  -12.020  -57.551  55.532 0.7777780294
33510  -12.343  -57.056  54.974 0.7777780294
34611  -12.426  -56.054  55.961 0.7777780294
138899  -12.141  -55.734  56.714 0.7777780294
34601  -11.868  -55.354  57.579 0.7777780294
32356  -12.436  -57.284  54.215 0.7777780294
33511  -12.673  -56.547  54.379 0.7777780294
33497  -12.537  -56.322  55.175 0.7777780294
133200  -10.450  -62.615  58.883 0.4444440007
21491  -10.394  -66.178  56.752 0.4444440007
22701  -10.498  -65.570  57.222 0.3333329856
25174  -10.625  -63.396  58.412 0.4444440007
136506  -10.495  -62.604  58.483 0.4444440007
20331  -9.270  -68.037  55.778 0.4444440007
20326  -9.935  -67.576  56.173 0.1111110002
151123  -10.019  -66.018  56.366 0.4444440007
22706  -10.292  -65.498  56.842 0.4444440007
23938  -10.479  -64.968  57.417 0.3333329856
25177  -10.585  -64.104  57.680 0.4444440007
153173  -10.609  -63.271  57.964 0.4444440007
134106  -10.323  -61.842  58.472 0.5555559993
27679  -9.965  -61.136  58.628 0.5555559993
21500  -9.442  -67.230  55.742 0.5555559993
151580  -9.549  -66.286  55.785 0.4444440007
136560  -10.081  -65.294  55.934 0.4444440007
25188  -10.303  -64.291  55.282 0.4444440007
151463  -10.758  -63.522  56.459 0.5555559993
141375  -10.952  -62.957  57.013 0.5555559993
26440  -10.912  -62.058  57.454 0.5555559993
27683  -10.493  -61.359  58.067 0.5555559993
30044  -10.288  -59.894  58.201 0.5555559993
23952  -8.828  -65.613  54.078 0.5555559993
151362  -9.869  -64.895  54.916 0.4444440007
25189  -10.702  -63.578  55.642 0.5555559993
26444  -11.053  -62.959  56.132 0.5555559993
27701  -11.281  -62.076  55.805 0.5555559993
28907  -11.325  -60.903  56.957 0.5555559993
153231  -11.349  -60.240  57.146 0.5555559993
31140  -11.227  -58.908  57.423 0.5555559993
141442  -9.379  -64.897  54.053 0.4444440007
25208  -10.445  -63.446  53.726 0.5555559993
26453  -11.004  -62.847  55.194 0.5555559993
27702  -11.458  -61.358  55.156 0.6666669846
28908  -11.593  -60.411  56.378 0.6666669846
30054  -11.895  -59.854  55.799 0.7777780294
157047  -12.479  -53.364  59.356 0.7777780294
36770  -11.642  -53.755  61.049 0.4444440007
23973  -9.505  -64.100  52.551 0.5555559993
25207  -9.827  -64.120  53.373 0.4444440007
26472  -10.768  -62.657  53.140 0.5555559993
27723  -11.171  -61.985  53.854 0.6666669846
30067  -12.008  -60.129  55.039 0.7777780294
132089  -12.050  -59.283  55.013 0.7777780294
152605  -11.942  -58.973  56.008 0.7777780294
32335  -11.765  -58.045  56.244 0.7777780294
36794  -12.054  -54.241  58.629 0.7777780294
25218  -10.120  -63.398  52.676 0.3333329856
155093  -10.441  -62.818  52.444 0.4444440007
27724  -11.510  -61.248  53.700 0.6666669846
30081  -12.062  -59.927  54.290 0.7777780294
131129  -12.073  -59.197  54.153 0.7777780294
31150  -11.993  -58.358  55.327 0.7777780294
34609  -12.559  -55.270  56.132 0.7777780294
35714  -12.386  -54.566  57.223 0.7777780294
30095  -12.015  -59.587  53.380 0.6666669846
32355  -12.166  -57.789  54.740 0.7777780294
134123  -12.750  -55.951  54.667 0.7777780294
135930  -12.744  -55.497  55.238 0.7777780294
35726  -12.848  -54.666  55.565 0.7777780294
30105  -11.864  -59.679  52.368 0.5555559993
140899  -12.126  -58.696  53.627 0.6666669846
32367  -12.247  -57.967  53.935 0.6666669846
141458  -12.707  -56.895  53.766 0.6666669846
34636  -13.096  -55.634  53.648 0.7777780294
35733  -12.977  -54.777  54.689 0.6666669846
31185  -11.945  -58.980  51.759 0.5555559993
31170  -12.078  -58.863  52.740 0.5555559993
31171  -12.240  -58.085  53.101 0.5555559993
33529  -12.856  -56.846  53.091 0.5555559993
146017  -12.910  -56.315  53.639 0.7777780294
31186  -12.266  -58.181  52.192 0.5555559993
32380  -12.570  -57.479  52.638 0.5555559993
34651  -13.170  -56.057  52.808 0.5555559993
37929  -12.797  -52.900  59.674 0.6666669846
132520  -12.722  -52.824  60.622 0.4444440007
37947  -12.834  -52.958  58.875 0.7777780294
37964  -12.893  -53.077  58.097 0.7777780294
36819  -12.883  -53.898  56.824 0.7777780294
35740  -13.238  -54.962  53.891 0.7777780294
36840  -13.113  -54.045  54.995 0.7777780294
32394  -12.536  -57.480  51.722 0.5555559993
33546  -12.911  -56.806  52.218 0.6666669846
34661  -13.278  -56.149  51.764 0.6666669846
34637  -13.452  -55.266  53.103 0.5555559993
39050  -13.367  -52.325  60.831 0.5555559993
39016  -13.526  -52.100  62.883 0.4444440007
39080  -13.752  -52.044  58.623 0.8888890147
39093  -13.808  -51.995  57.369 0.8888890147
37991  -13.277  -53.126  56.236 0.7777780294
134246  -13.769  -52.469  56.156 0.8888890147
38003  -13.865  -52.828  54.745 0.7777780294
36847  -13.910  -53.760  53.632 0.6666669846
35761  -13.963  -55.017  51.718 0.5555559993
35747  -13.729  -54.539  53.376 0.5555559993
38014  -14.068  -52.961  53.902 0.7777780294
39157  -14.196  -52.132  54.235 0.7777780294
131889  -13.990  -54.817  52.511 0.5555559993
36853  -14.203  -54.006  52.761 0.4444440007
38026  -14.471  -52.637  52.487 0.6666669846
36860  -14.283  -54.213  51.674 0.5555559993
36854  -14.430  -53.313  52.157 0.5555559993
40221  -15.686  -51.021  63.189 0.4444440007
39069  -14.439  -51.489  59.666 0.8888890147
40235  -14.664  -51.412  62.050 0.5555559993
42681  -24.584  -48.428  64.365 0.3333329856
39081  -14.349  -51.542  58.792 0.8888890147
39110  -14.694  -51.160  56.477 0.8888890147
144184  -14.159  -51.703  58.008 0.8888890147
153275  -25.009  -47.748  65.296 0.4444440007
39094  -14.448  -51.483  57.255 0.8888890147
39109  -14.042  -51.827  56.491 0.8888890147
43785  -26.181  -47.047  66.174 0.5555559993
39128  -13.978  -51.984  55.628 0.8888890147
44841  -27.106  -46.667  65.434 0.5555559993
39146  -14.404  -51.650  54.932 0.8888890147
136017  -28.087  -46.815  63.241 0.6666669846
39158  -14.561  -51.705  53.688 0.7777780294
43839  -28.937  -47.649  60.094 0.8888890147
141128  -28.902  -46.951  61.670 0.7777780294
48065  -34.216  -43.663  61.159 0.3333329856
38015  -14.390  -52.269  53.232 0.6666669846
44896  -29.655  -47.344  60.332 0.8888890147
44883  -29.720  -46.847  61.174 0.6666669846
138235  -33.589  -44.756  59.962 0.4444440007
48077  -34.016  -43.994  60.214 0.4444440007
38034  -14.619  -52.599  51.720 0.5555559993
44898  -31.643  -46.666  59.703 0.6666669846
45969  -32.270  -46.334  59.561 0.6666669846
45970  -32.996  -45.961  59.180 0.5555559993
47026  -33.723  -45.272  59.053 0.6666669846
44911  -32.507  -46.489  58.928 0.7777780294
45980  -32.934  -46.341  58.377 0.6666669846
40237  -16.359  -50.810  62.166 0.6666669846
40222  -16.652  -51.061  63.370 0.2222220004
42693  -23.982  -48.323  62.717 0.2222220004
40265  -15.013  -50.894  60.060 0.7777780294
40236  -15.321  -50.962  62.101 0.7777780294
41455  -24.903  -48.858  63.173 0.4444440007
40276  -14.916  -50.881  59.084 0.7777780294
137080  -23.854  -48.238  63.914 0.5555559993
40288  -14.777  -50.966  58.053 0.8888890147
137368  -23.739  -48.035  64.799 0.5555559993
42674  -24.336  -48.096  65.183 0.5555559993
39129  -14.507  -51.458  55.740 0.8888890147
40299  -14.886  -50.858  57.159 0.8888890147
44839  -24.905  -46.871  65.134 0.5555559993
44831  -24.795  -47.129  65.289 0.5555559993
40311  -14.974  -50.833  55.743 0.8888890147
44849  -25.284  -46.820  64.339 0.5555559993
44840  -25.962  -46.837  65.360 0.5555559993
152001  -15.132  -50.619  54.978 0.8888890147
44865  -27.472  -47.438  62.528 0.7777780294
44851  -27.615  -46.739  64.278 0.5555559993
49115  -35.043  -42.857  60.144 0.5555559993
40342  -14.876  -51.081  53.718 0.7777780294
40326  -15.224  -50.512  54.177 0.7777780294
44881  -27.662  -47.728  61.708 0.8888890147
153251  -27.279  -47.101  63.339 0.7777780294
48078  -34.630  -43.692  59.648 0.5555559993
134260  -34.562  -43.471  60.454 0.4444440007
135290  -14.786  -51.517  53.052 0.7777780294
150999  -15.070  -50.938  53.011 0.6666669846
43853  -29.594  -47.608  59.550 0.8888890147
43854  -30.295  -47.592  58.962 0.8888890147
44908  -30.351  -47.306  59.792 0.7777780294
47039  -34.142  -45.448  58.015 0.6666669846
47027  -34.318  -44.828  58.631 0.6666669846
39169  -14.689  -51.907  52.274 0.6666669846
40358  -14.995  -51.137  52.372 0.6666669846
43873  -29.337  -47.686  58.690 1.0000000000
44927  -30.898  -47.378  58.408 0.8888890147
44910  -31.880  -46.741  59.073 0.8888890147
135401  -34.112  -45.673  57.136 0.7777780294
45981  -33.518  -45.903  58.467 0.7777780294
39181  -14.849  -51.914  51.348 0.5555559993
40359  -15.408  -50.559  52.552 0.6666669846
44947  -30.787  -47.035  57.585 1.0000000000
157717  -31.226  -47.126  58.047 0.8888890147
44949  -32.569  -46.513  57.670 0.8888890147
45997  -33.434  -46.069  57.620 0.8888890147
39193  -15.244  -51.251  50.248 0.6666669846
40372  -15.400  -50.775  51.649 0.6666669846
44948  -31.681  -46.814  57.726 0.8888890147
149776  -32.077  -46.480  57.105 0.8888890147
40382  -15.616  -50.814  49.813 0.5555559993
41475  -17.321  -50.456  62.616 0.1111110002
41463  -17.949  -50.225  62.994 0.1111110002
42692  -23.214  -47.594  62.376 0.3333329856
136989  -17.894  -50.054  62.781 0.1111110002
40251  -15.797  -50.740  60.508 0.7777780294
133297  -17.091  -50.477  61.687 0.7777780294
40266  -15.867  -50.657  59.495 0.7777780294
150377  -16.566  -50.589  60.171 0.7777780294
42680  -23.313  -47.654  64.285 0.4444440007
142741  -15.485  -50.514  57.537 0.7777780294
40278  -16.414  -50.339  58.786 0.7777780294
44847  -23.226  -46.306  64.251 0.5555559993
44830  -24.048  -47.303  65.078 0.5555559993
41509  -16.123  -50.010  57.929 0.7777780294
44848  -24.175  -46.694  64.303 0.6666669846
41521  -15.988  -49.877  57.070 0.7777780294
43807  -26.011  -47.528  62.157 0.8888890147
152753  -35.652  -42.698  59.471 0.5555559993
49116  -35.775  -42.280  60.213 0.4444440007
40312  -15.558  -50.247  55.557 0.8888890147
43808  -26.875  -47.792  61.952 0.8888890147
48088  -35.518  -43.551  58.223 0.5555559993
147817  -15.639  -50.037  54.674 0.8888890147
43838  -28.333  -47.816  60.613 1.0000000000
141605  -34.675  -44.779  58.036 0.5555559993
40343  -15.345  -50.489  53.361 0.6666669846
149175  -28.886  -47.757  59.386 1.0000000000
41583  -15.899  -50.122  52.018 0.6666669846
41574  -15.843  -50.000  52.903 0.6666669846
44926  -30.093  -47.459  58.097 1.0000000000
141184  -32.734  -46.169  56.925 0.8888890147
46007  -33.508  -45.833  56.671 0.8888890147
47052  -34.264  -45.353  56.286 0.8888890147
138790  -15.595  -50.807  50.685 0.6666669846
44961  -30.502  -46.777  56.664 1.0000000000
45996  -31.873  -46.096  56.358 1.0000000000
46006  -32.740  -45.818  56.143 0.8888890147
40396  -15.499  -50.901  48.841 0.4444440007
41606  -16.015  -50.252  50.198 0.6666669846
41595  -16.476  -49.647  51.496 0.7777780294
44962  -31.339  -46.618  56.924 1.0000000000
157897  -31.057  -46.386  56.234 1.0000000000
41616  -15.998  -50.274  49.293 0.4444440007
41607  -16.546  -49.750  50.600 0.6666669846
41617  -16.560  -49.782  49.684 0.6666669846
41465  -19.196  -49.362  62.283 0.1111110002
41464  -18.473  -49.815  62.598 0.1111110002
41454  -18.732  -50.597  62.870 0.1111110002
42689  -18.543  -49.552  62.271 0.1111110002
42708  -24.047  -48.519  61.495 0.2222220004
41476  -17.820  -49.851  61.883 0.2222220004
43821  -22.358  -46.980  62.088 0.3333329856
41486  -17.333  -50.380  60.762 0.5555559993
43806  -22.531  -46.807  63.209 0.4444440007
135887  -23.197  -47.593  63.470 0.5555559993
43805  -22.485  -46.369  63.602 0.6666669846
43794  -22.735  -47.027  64.049 0.6666669846
41499  -17.274  -50.227  59.116 0.7777780294
146373  -23.338  -45.908  62.864 0.6666669846
50135  -36.755  -41.441  59.672 0.4444440007
50120  -36.718  -41.287  60.730 0.3333329856
41522  -16.723  -49.794  57.431 0.7777780294
141507  -24.073  -46.313  62.100 0.7777780294
44862  -24.640  -46.664  63.450 0.6666669846
49117  -36.246  -42.157  59.287 0.4444440007
50134  -36.251  -41.735  60.219 0.3333329856
137956  -17.489  -49.723  57.702 0.7777780294
152721  -24.695  -46.913  61.516 0.8888890147
43823  -26.345  -47.894  61.265 0.8888890147
49129  -35.885  -42.851  58.689 0.6666669846
41549  -16.214  -49.722  55.229 0.7777780294
144303  -16.826  -49.529  55.811 0.7777780294
43835  -25.820  -47.942  60.524 0.8888890147
43851  -27.195  -48.333  59.699 1.0000000000
48100  -35.862  -43.756  57.307 0.7777780294
48099  -35.130  -44.225  57.673 0.5555559993
41563  -16.323  -49.564  54.307 0.8888890147
41550  -16.967  -49.152  54.884 0.7777780294
139084  -28.459  -47.901  58.854 1.0000000000
47053  -34.964  -44.835  56.272 0.8888890147
47041  -35.408  -44.355  56.725 0.6666669846
41575  -16.433  -49.463  53.313 0.8888890147
42774  -17.569  -48.840  54.268 0.7777780294
43891  -29.270  -47.558  57.770 1.0000000000
46022  -33.436  -45.521  55.873 0.8888890147
41584  -16.404  -49.557  52.379 0.7777780294
42784  -16.986  -48.948  53.212 0.7777780294
139856  -18.083  -48.606  53.823 0.7777780294
43900  -28.181  -47.573  56.738 0.8888890147
152274  -28.720  -47.766  58.210 1.0000000000
44946  -29.883  -47.179  57.231 1.0000000000
42816  -16.967  -49.170  50.973 0.7777780294
42796  -18.266  -48.422  52.270 0.7777780294
139489  -18.601  -48.339  53.765 0.8888890147
44945  -29.034  -47.359  56.947 1.0000000000
44976  -30.338  -46.486  55.684 1.0000000000
46020  -32.096  -45.715  55.546 1.0000000000
42828  -16.971  -49.237  50.118 0.6666669846
147230  -17.742  -48.691  51.881 0.7777780294
42786  -18.274  -48.453  53.131 0.7777780294
44959  -28.721  -47.047  56.146 0.8888890147
41630  -16.530  -49.786  48.731 0.5555559993
42817  -17.448  -48.927  50.485 0.5555559993
42818  -18.198  -48.528  50.430 0.6666669846
42829  -17.605  -48.884  49.680 0.4444440007
42830  -18.286  -48.414  49.334 0.5555559993
43959  -18.908  -47.910  49.958 0.6666669846
41466  -19.912  -49.584  62.238 0.1111110002
42690  -19.115  -48.880  61.897 0.1111110002
152715  -19.631  -48.218  62.221 0.1111110002
152182  -20.060  -47.833  61.824 0.1111110002
43833  -21.625  -47.164  61.436 0.3333329856
150149  -18.055  -49.669  60.854 0.6666669846
42703  -18.731  -48.481  61.764 0.1111110002
43803  -19.521  -47.978  61.681 0.2222220004
43804  -19.866  -47.635  61.743 0.5555559993
43819  -20.936  -46.957  61.390 0.6666669846
136505  -17.749  -50.098  59.944 0.7777780294
43818  -20.315  -47.083  61.539 0.6666669846
141679  -20.700  -46.816  61.277 0.6666669846
43820  -22.104  -46.546  61.972 0.5555559993
45933  -21.544  -46.243  61.283 0.7777780294
45934  -22.151  -46.311  61.958 0.7777780294
44861  -22.378  -46.223  63.093 0.7777780294
51219  -37.366  -40.967  59.140 0.4444440007
51207  -37.181  -40.804  60.067 0.2222220004
41511  -17.765  -49.855  58.446 0.7777780294
45952  -22.563  -45.821  61.717 1.0000000000
45935  -22.588  -45.847  62.647 0.7777780294
49130  -36.661  -42.480  58.293 0.6666669846
50149  -37.001  -41.741  58.721 0.4444440007
51197  -37.655  -40.378  60.417 0.2222220004
44906  -23.145  -46.561  59.663 1.0000000000
44893  -23.098  -46.052  60.793 1.0000000000
41538  -17.457  -49.495  56.413 0.7777780294
41524  -18.313  -49.626  57.855 0.7777780294
44907  -23.913  -46.895  60.209 1.0000000000
43834  -24.808  -47.383  60.621 0.8888890147
48101  -36.439  -43.294  57.072 0.6666669846
49148  -36.905  -42.721  57.372 0.5555559993
50165  -37.413  -42.052  57.811 0.5555559993
42752  -18.346  -49.172  56.354 0.7777780294
153818  -19.144  -48.991  56.504 0.7777780294
44925  -23.875  -47.227  59.288 1.0000000000
43849  -24.523  -47.499  59.781 1.0000000000
131803  -26.277  -48.284  59.690 1.0000000000
48113  -35.405  -44.310  55.901 0.7777780294
49163  -36.447  -43.028  55.726 0.7777780294
143035  -37.641  -41.601  55.858 0.8888890147
152107  -37.980  -40.594  57.791 0.5555559993
42761  -18.946  -48.763  55.816 0.7777780294
149548  -24.884  -47.953  58.254 1.0000000000
43850  -25.315  -47.920  59.742 1.0000000000
43870  -26.378  -48.289  58.235 1.0000000000
136258  -27.633  -48.245  58.931 1.0000000000
47061  -34.623  -44.760  55.578 0.8888890147
152042  -35.969  -42.956  55.164 0.7777780294
49177  -37.122  -42.349  55.820 0.6666669846
130924  -37.265  -40.872  54.641 0.8888890147
42776  -19.070  -48.441  55.016 0.7777780294
43887  -25.634  -48.159  57.856 1.0000000000
43872  -28.026  -47.989  58.183 1.0000000000
142070  -33.883  -44.736  55.177 0.8888890147
48129  -34.627  -43.580  54.479 0.8888890147
49191  -35.736  -42.517  54.560 0.8888890147
49176  -36.516  -42.303  55.024 0.8888890147
43935  -19.036  -47.893  53.269 0.8888890147
139603  -19.874  -48.030  54.919 0.8888890147
43889  -27.625  -47.895  57.421 1.0000000000
46019  -31.228  -45.922  55.599 1.0000000000
47059  -33.245  -45.095  55.159 0.8888890147
47070  -34.190  -44.212  54.884 0.8888890147
42807  -18.302  -48.436  51.431 0.7777780294
43943  -19.607  -47.468  52.486 0.7777780294
43936  -19.921  -47.409  53.404 0.8888890147
44960  -29.635  -46.899  56.363 1.0000000000
46036  -30.621  -45.858  54.837 0.8888890147
147598  -18.952  -47.969  50.951 0.6666669846
45021  -20.456  -46.693  52.844 0.8888890147
45005  -20.599  -46.783  53.562 0.8888890147
42844  -18.257  -48.215  48.378 0.5555559993
43970  -18.890  -47.840  48.952 0.5555559993
43960  -19.609  -47.353  50.522 0.6666669846
45035  -20.361  -46.658  51.984 0.6666669846
43971  -19.588  -47.335  49.519 0.5555559993
45052  -20.226  -46.662  50.093 0.6666669846
42702  -18.631  -49.215  61.589 0.5555559993
43817  -19.822  -47.230  61.523 0.6666669846
156496  -18.627  -49.162  60.829 0.6666669846
43831  -19.508  -47.763  61.497 0.6666669846
43832  -19.715  -47.020  61.129 0.7777780294
44877  -21.001  -46.431  61.095 0.7777780294
42716  -18.891  -48.563  61.018 0.6666669846
43847  -20.070  -47.529  60.284 0.7777780294
44891  -20.284  -46.855  60.660 0.7777780294
45950  -21.464  -46.058  60.654 1.0000000000
52226  -38.614  -39.673  60.233 0.3333329856
148306  -18.425  -49.561  60.034 0.7777780294
42717  -19.476  -47.918  60.878 0.6666669846
44892  -20.849  -46.677  60.119 1.0000000000
45949  -21.051  -46.358  60.409 1.0000000000
45951  -22.109  -45.907  60.976 1.0000000000
41501  -18.939  -49.310  59.223 0.7777780294
42727  -19.592  -48.422  59.759 0.7777780294
43848  -20.722  -47.155  59.661 0.7777780294
45965  -21.379  -46.593  59.409 1.0000000000
139613  -21.939  -45.876  60.065 1.0000000000
45968  -22.525  -45.940  59.928 1.0000000000
51220  -37.876  -40.359  58.532 0.4444440007
52252  -38.232  -39.626  58.671 0.4444440007
53254  -38.556  -39.008  58.364 0.4444440007
42745  -19.825  -49.124  57.635 0.7777780294
45966  -21.583  -46.207  59.700 1.0000000000
52265  -38.254  -39.701  57.800 0.5555559993
53273  -38.601  -39.063  57.531 0.5555559993
54281  -39.169  -38.252  58.648 0.4444440007
144405  -19.902  -48.694  56.210 0.7777780294
43883  -20.315  -48.169  58.012 0.7777780294
43867  -20.931  -47.301  58.350 0.8888890147
45979  -21.639  -46.858  58.569 1.0000000000
45967  -22.045  -46.154  59.258 1.0000000000
50194  -37.758  -40.677  55.350 0.6666669846
52277  -38.437  -39.563  56.868 0.6666669846
53274  -38.791  -38.621  58.123 0.4444440007
54300  -38.972  -38.478  57.848 0.4444440007
43894  -20.494  -47.797  56.426 0.8888890147
44944  -22.893  -47.122  57.942 1.0000000000
51253  -37.515  -40.226  54.382 0.8888890147
52286  -37.956  -39.825  55.160 0.7777780294
53312  -38.712  -39.242  55.987 0.6666669846
53293  -38.947  -38.770  56.911 0.4444440007
43907  -20.209  -48.024  55.643 0.8888890147
43868  -23.997  -47.585  58.293 1.0000000000
48130  -35.351  -43.247  54.853 0.8888890147
140083  -36.085  -41.822  54.343 0.8888890147
51262  -36.817  -40.573  54.006 0.8888890147
143622  -38.276  -39.556  55.068 0.8888890147
54324  -38.906  -39.011  55.953 0.4444440007
43922  -20.340  -47.329  54.308 0.8888890147
43886  -24.616  -47.884  57.510 0.8888890147
145024  -25.610  -48.008  56.981 0.8888890147
46037  -31.591  -45.599  54.757 1.0000000000
46038  -32.453  -45.382  54.870 1.0000000000
47069  -33.519  -44.625  54.559 0.8888890147
48138  -34.332  -43.228  53.742 0.8888890147
49190  -34.973  -42.755  54.161 0.8888890147
157181  -35.743  -41.142  53.411 0.8888890147
157853  -36.138  -41.041  53.745 0.8888890147
137635  -37.135  -40.081  53.562 0.8888890147
135932  -38.100  -39.640  54.192 0.8888890147
54334  -38.639  -39.378  54.836 0.7777780294
136636  -21.089  -46.558  54.072 0.8888890147
43898  -26.370  -47.855  56.403 0.8888890147
44958  -27.842  -47.292  55.926 0.8888890147
44975  -29.327  -46.733  55.493 0.8888890147
47068  -32.885  -44.987  54.422 1.0000000000
47085  -33.066  -44.591  53.610 0.8888890147
49204  -34.157  -43.072  53.021 0.8888890147
49205  -34.777  -42.340  53.243 0.8888890147
50217  -35.425  -41.246  53.036 0.8888890147
52305  -36.281  -40.094  52.723 0.8888890147
52306  -36.709  -39.938  52.994 0.8888890147
151984  -37.663  -39.688  53.397 0.8888890147
45006  -21.045  -46.147  53.198 0.8888890147
46055  -21.867  -45.818  53.430 0.8888890147
43912  -26.954  -47.545  55.735 0.8888890147
46035  -30.019  -45.864  54.070 0.8888890147
48136  -33.053  -43.993  52.865 0.8888890147
50231  -34.375  -41.870  51.774 0.8888890147
138060  -35.445  -40.785  52.474 0.8888890147
53339  -37.033  -39.749  52.904 0.8888890147
45036  -20.848  -45.842  51.519 0.6666669846
135537  -21.292  -45.798  52.868 0.6666669846
47082  -21.534  -45.658  52.841 0.8888890147
45012  -28.577  -46.287  53.460 0.8888890147
44991  -29.166  -46.311  54.126 0.8888890147
155297  -30.861  -45.262  53.132 0.8888890147
47084  -32.143  -44.763  53.026 0.7777780294
49217  -34.258  -42.513  52.447 0.7777780294
51271  -35.947  -40.285  52.566 0.8888890147
53355  -36.405  -39.641  51.831 0.7777780294
45047  -20.726  -45.821  50.596 0.6666669846
46100  -21.162  -45.233  50.954 0.6666669846
46087  -21.244  -45.457  51.778 0.6666669846
45013  -29.383  -45.844  53.401 0.8888890147
46059  -30.232  -45.534  53.257 0.8888890147
46080  -31.239  -44.895  52.667 0.7777780294
47109  -32.545  -44.345  52.425 0.7777780294
48153  -32.944  -43.813  52.207 0.7777780294
49233  -33.814  -42.739  51.757 0.8888890147
50244  -34.957  -40.966  51.851 0.8888890147
52316  -35.924  -39.754  51.340 0.8888890147
52329  -36.139  -39.618  51.432 0.7777780294
156990  -29.065  -45.597  51.923 0.7777780294
147182  -30.453  -45.210  52.571 0.7777780294
47127  -31.516  -44.362  51.303 0.7777780294
48173  -32.811  -43.399  50.986 0.7777780294
130939  -33.914  -42.224  51.053 0.8888890147
50256  -33.836  -41.738  50.302 0.8888890147
51317  -34.863  -40.097  50.526 1.0000000000
130960  -35.500  -39.670  50.732 0.8888890147
46093  -28.264  -45.711  51.412 0.7777780294
131556  -28.986  -45.498  51.017 0.7777780294
148339  -29.952  -45.220  51.946 0.7777780294
48187  -31.697  -43.710  49.980 0.7777780294
48188  -32.495  -43.339  50.221 0.7777780294
49270  -33.242  -42.137  49.535 0.7777780294
51316  -34.183  -40.715  50.144 0.7777780294
52340  -34.387  -39.711  49.815 0.7777780294
52341  -35.110  -39.365  50.179 0.8888890147
46119  -28.364  -45.461  49.616 0.6666669846
46107  -29.039  -45.340  50.175 0.5555559993
47142  -29.849  -44.822  49.885 0.6666669846
150606  -30.760  -44.508  50.519 0.7777780294
48202  -31.506  -43.653  49.201 0.6666669846
49289  -32.578  -42.688  49.049 0.7777780294
157688  -32.899  -42.138  48.747 0.7777780294
50269  -33.712  -41.289  49.655 0.6666669846
52355  -33.883  -39.499  49.203 0.6666669846
153759  -34.312  -39.226  49.362 0.7777780294
47155  -29.791  -44.777  48.917 0.6666669846
47156  -30.498  -44.450  49.315 0.5555559993
48216  -31.836  -43.066  48.660 0.6666669846
50293  -32.797  -41.825  48.103 0.5555559993
50312  -33.015  -40.878  47.997 0.5555559993
52367  -33.346  -39.061  48.685 0.6666669846
53397  -34.025  -38.685  49.139 0.7777780294
48214  -30.976  -43.849  48.003 0.5555559993
48225  -31.372  -43.338  47.392 0.5555559993
48226  -31.828  -42.848  47.827 0.3333329856
143966  -32.561  -41.552  47.331 0.4444440007
51361  -33.049  -39.788  47.969 0.5555559993
52388  -32.910  -38.689  48.027 0.5555559993
49310  -32.111  -42.126  46.714 0.4444440007
51360  -32.626  -40.542  47.179 0.5555559993
52387  -32.591  -39.413  47.355 0.5555559993
53424  -32.398  -38.346  47.429 0.5555559993
52227  -39.092  -39.352  60.088 0.3333329856
53240  -38.551  -39.239  59.251 0.4444440007
53241  -38.911  -38.808  59.378 0.4444440007
54250  -39.857  -38.110  59.674 0.4444440007
54282  -39.720  -37.519  58.891 0.4444440007
133550  -20.699  -47.552  57.277 0.8888890147
44904  -21.353  -46.994  59.078 1.0000000000
45995  -21.803  -46.867  57.696 1.0000000000
44923  -22.248  -46.645  58.468 1.0000000000
55386  -40.172  -36.974  59.027 0.4444440007
44922  -21.497  -47.005  58.022 1.0000000000
139380  -22.054  -46.729  57.786 1.0000000000
44943  -22.270  -46.836  57.623 1.0000000000
54301  -39.476  -37.942  58.105 0.4444440007
43908  -20.742  -47.264  55.798 0.8888890147
44954  -21.511  -46.974  56.600 1.0000000000
46005  -21.991  -46.880  56.909 1.0000000000
44955  -22.129  -46.904  56.974 1.0000000000
43885  -23.597  -47.514  57.481 0.8888890147
54302  -39.950  -37.911  57.431 0.4444440007
44968  -21.313  -46.862  55.828 1.0000000000
46015  -21.748  -46.769  55.891 1.0000000000
44956  -22.789  -47.178  57.002 0.8888890147
157954  -24.154  -47.606  56.042 0.8888890147
152709  -25.591  -47.823  56.240 0.8888890147
54325  -39.044  -38.999  55.449 0.7777780294
54326  -39.528  -38.635  55.951 0.6666669846
46031  -21.589  -46.534  54.831 1.0000000000
46016  -21.955  -46.532  55.197 1.0000000000
44970  -22.411  -46.830  55.630 0.8888890147
43910  -25.028  -47.645  55.638 0.8888890147
43911  -26.066  -47.644  55.619 0.8888890147
54335  -38.947  -39.247  53.991 0.8888890147
53326  -38.301  -39.492  53.825 0.8888890147
143262  -22.074  -46.395  54.725 0.8888890147
44971  -23.089  -47.033  55.075 0.8888890147
43909  -24.017  -47.392  55.371 0.8888890147
44973  -27.518  -46.960  55.120 0.8888890147
53340  -37.657  -39.457  52.827 0.8888890147
47083  -22.078  -45.296  52.953 0.7777780294
44988  -26.205  -46.923  54.241 0.8888890147
44972  -26.603  -47.193  54.971 0.8888890147
45011  -27.627  -46.502  53.398 0.8888890147
53357  -37.447  -39.142  51.893 0.8888890147
53358  -38.186  -39.097  52.309 0.8888890147
147078  -21.016  -44.968  49.913 0.4444440007
47123  -21.733  -45.049  51.637 0.6666669846
44989  -27.151  -46.789  54.277 0.8888890147
53368  -36.241  -39.174  51.083 0.7777780294
131012  -36.763  -39.193  51.466 0.8888890147
47138  -21.372  -44.663  50.516 0.5555559993
150141  -26.981  -46.223  52.218 0.7777780294
45028  -28.175  -46.201  52.866 0.7777780294
131427  -26.948  -45.762  51.043 0.7777780294
45040  -27.460  -45.949  51.739 0.7777780294
46078  -28.221  -45.912  52.217 0.7777780294
53398  -34.719  -38.328  49.414 0.7777780294
53381  -35.325  -38.742  49.924 0.8888890147
46106  -28.201  -45.573  50.496 0.5555559993
46133  -28.396  -45.417  48.749 0.5555559993
46120  -29.114  -45.222  49.295 0.5555559993
132050  -33.383  -38.232  48.543 0.7777780294
53409  -34.053  -37.937  48.946 0.7777780294
47176  -28.795  -45.084  46.891 0.4444440007
155560  -29.102  -45.041  47.637 0.5555559993
47178  -30.308  -44.308  47.553 0.5555559993
139545  -30.784  -43.775  47.015 0.4444440007
48240  -31.245  -43.260  46.463 0.3333329856
53425  -32.860  -37.912  47.926 0.5555559993
47188  -29.304  -44.676  46.264 0.3333329856
48239  -30.585  -43.691  46.039 0.3333329856
48256  -31.086  -43.199  45.484 0.3333329856
49327  -31.872  -41.901  45.971 0.2222220004
51388  -32.003  -40.028  46.003 0.4444440007
52407  -32.092  -39.069  46.803 0.4444440007
53443  -32.496  -37.737  47.273 0.5555559993
48265  -30.854  -43.023  44.648 0.1111110002
49336  -31.167  -42.252  44.456 0.1111110002
50363  -31.374  -41.349  44.323 0.1111110002
52418  -31.658  -39.635  45.130 0.2222220004
52419  -31.809  -38.814  46.055 0.3333329856
53442  -31.863  -38.038  46.921 0.4444440007
52425  -31.219  -39.280  44.384 0.1111110002
53455  -31.318  -38.428  45.384 0.2222220004
53228  -40.015  -38.498  59.829 0.2222220004
54266  -40.236  -37.500  59.711 0.3333329856
137484  -40.760  -36.821  59.508 0.4444440007
55400  -40.682  -37.144  57.684 0.4444440007
55412  -40.645  -37.653  56.969 0.4444440007
153648  -38.854  -39.258  54.601 0.8888890147
54327  -40.286  -38.389  55.669 0.8888890147
137045  -39.521  -38.902  54.972 0.8888890147
46034  -22.586  -46.136  53.865 0.8888890147
44986  -23.206  -46.627  54.298 0.8888890147
43924  -24.031  -47.056  54.613 0.8888890147
147198  -38.463  -39.298  53.151 0.8888890147
46057  -22.896  -45.867  53.071 0.7777780294
45007  -23.494  -46.330  53.562 0.8888890147
45008  -24.438  -46.544  53.380 0.8888890147
43926  -25.638  -47.351  54.898 0.8888890147
45010  -26.667  -46.658  53.558 0.8888890147
139511  -39.216  -39.134  53.296 0.8888890147
46075  -22.413  -45.364  52.650 0.6666669846
46076  -23.287  -45.568  52.370 0.7777780294
45024  -24.750  -46.336  52.604 0.7777780294
154328  -25.906  -46.761  53.607 0.8888890147
156383  -38.820  -39.091  52.639 0.8888890147
47151  -21.253  -44.356  49.871 0.6666669846
47124  -22.150  -44.675  51.430 0.6666669846
45025  -25.581  -46.390  52.425 0.7777780294
45026  -26.348  -46.324  52.306 0.7777780294
152343  -26.891  -46.412  52.839 0.7777780294
48200  -21.468  -43.920  49.386 0.4444440007
48201  -22.173  -43.872  49.793 0.4444440007
46103  -25.640  -45.570  50.285 0.6666669846
46104  -26.520  -45.613  50.344 0.6666669846
48211  -21.668  -43.508  48.760 0.4444440007
137380  -22.892  -44.114  49.927 0.4444440007
46117  -26.169  -45.529  49.713 0.6666669846
46118  -27.697  -45.535  49.837 0.5555559993
46131  -26.989  -45.522  48.568 0.5555559993
46132  -27.734  -45.505  48.337 0.5555559993
46144  -28.337  -45.325  47.741 0.5555559993
46154  -27.953  -45.288  46.721 0.4444440007
47199  -29.016  -44.451  45.486 0.1111110002
47200  -29.854  -44.147  45.670 0.1111110002
49335  -30.545  -42.515  44.178 0.1111110002
48254  -29.590  -43.824  44.948 0.1111110002
49334  -29.871  -42.665  44.078 0.1111110002
50371  -30.622  -41.267  43.546 0.1111110002
50372  -31.078  -40.936  43.683 0.1111110002
51408  -30.932  -40.032  43.767 0.1111110002
54447  -31.989  -36.956  45.861 0.3333329856
54427  -32.329  -37.365  46.619 0.4444440007
54251  -40.514  -37.574  59.791 0.1111110002
55371  -40.801  -36.998  60.013 0.3333329856
54252  -41.221  -37.410  59.935 0.2222220004
55372  -41.528  -36.568  59.858 0.2222220004
147915  -42.563  -37.017  60.079 0.1111110002
55388  -41.477  -36.598  59.200 0.3333329856
55360  -43.410  -36.260  60.086 0.1111110002
55401  -41.649  -36.837  58.124 0.5555559993
137629  -43.352  -35.780  59.322 0.2222220004
55402  -42.324  -36.632  57.434 0.5555559993
56441  -43.964  -35.659  59.287 0.1111110002
54328  -41.180  -38.017  55.442 0.7777780294
54344  -39.803  -39.014  54.052 0.8888890147
54337  -41.463  -38.204  54.669 0.8888890147
53341  -40.120  -38.989  53.227 0.8888890147
54346  -41.593  -38.506  53.862 0.8888890147
46089  -23.616  -45.317  51.630 0.6666669846
46077  -24.189  -45.889  52.098 0.7777780294
53359  -39.533  -38.942  52.578 0.8888890147
46088  -22.719  -45.017  51.952 0.6666669846
46101  -23.967  -45.111  50.802 0.5555559993
46090  -24.489  -45.675  51.329 0.6666669846
135787  -38.960  -38.791  51.889 0.8888890147
53360  -40.387  -38.723  52.449 0.8888890147
47125  -23.026  -44.749  51.139 0.5555559993
149116  -24.305  -44.893  49.884 0.5555559993
46102  -24.778  -45.470  50.523 0.5555559993
46116  -25.584  -45.401  49.408 0.5555559993
133387  -26.223  -45.487  48.967 0.5555559993
46153  -27.164  -45.269  46.527 0.3333329856
146875  -44.619  -37.158  59.831 0.1111110002
56428  -44.471  -35.817  59.421 0.1111110002
55374  -45.411  -36.572  59.587 0.1111110002
56471  -42.926  -36.109  56.967 0.5555559993
56442  -44.557  -35.380  58.941 0.1111110002
54271  -45.825  -36.767  59.222 0.1111110002
55428  -42.581  -37.043  55.708 0.7777780294
56456  -43.653  -35.809  57.466 0.2222220004
55429  -43.333  -36.684  55.427 0.7777780294
56472  -43.547  -35.953  56.639 0.3333329856
53342  -41.022  -38.723  53.082 0.8888890147
54338  -42.290  -37.995  54.427 0.8888890147
54339  -43.118  -37.699  54.159 0.8888890147
53373  -39.810  -38.642  51.967 0.8888890147
141163  -40.488  -38.323  51.662 1.0000000000
130636  -41.256  -38.443  52.199 1.0000000000
56445  -47.019  -35.338  58.397 0.1111110002
57520  -46.021  -35.046  58.816 0.2222220004
55376  -46.419  -35.938  58.790 0.1111110002
56486  -44.687  -35.870  55.818 0.4444440007
56473  -44.420  -35.732  56.869 0.2222220004
56457  -44.483  -35.453  58.067 0.2222220004
55430  -44.072  -36.274  55.155 0.5555559993
55443  -43.870  -37.280  53.873 0.6666669846
55436  -43.568  -36.926  54.625 0.6666669846
54357  -43.777  -38.183  52.585 1.0000000000
54356  -42.921  -38.462  52.695 1.0000000000
133843  -43.304  -38.260  51.896 1.0000000000
54365  -42.263  -38.216  51.875 1.0000000000
132481  -41.325  -37.984  51.269 1.0000000000
57523  -47.807  -35.091  58.059 0.1111110002
57538  -47.526  -34.449  57.729 0.2222220004
57522  -47.393  -34.884  58.261 0.2222220004
55391  -48.436  -35.508  57.776 0.2222220004
57521  -46.693  -35.084  58.600 0.1111110002
57553  -46.859  -34.772  57.080 0.2222220004
56487  -45.551  -35.709  55.599 0.2222220004
57552  -46.081  -35.115  57.327 0.2222220004
57568  -46.187  -35.252  56.295 0.2222220004
56494  -44.908  -36.076  54.944 0.5555559993
56495  -45.739  -35.870  54.694 0.5555559993
56488  -46.324  -35.393  55.309 0.2222220004
55437  -44.370  -36.642  54.399 0.5555559993
55438  -45.160  -36.358  54.136 0.6666669846
54358  -44.541  -37.886  52.415 0.8888890147
54349  -44.262  -37.729  53.189 0.8888890147
55445  -45.483  -36.765  53.396 0.7777780294
54359  -45.223  -37.649  52.269 1.0000000000
55451  -44.981  -37.368  52.920 0.7777780294
54366  -42.913  -37.926  51.296 1.0000000000
135341  -44.067  -38.147  51.902 1.0000000000
54379  -43.044  -37.628  50.575 1.0000000000
54367  -43.808  -37.969  51.147 1.0000000000
55475  -42.469  -36.996  49.155 1.0000000000
54392  -42.371  -37.460  49.902 1.0000000000
57524  -48.664  -34.865  57.910 0.1111110002
57539  -48.148  -34.463  57.909 0.2222220004
57554  -47.671  -34.134  56.756 0.2222220004
57570  -47.591  -34.373  55.474 0.3333329856
57569  -46.902  -34.792  55.972 0.2222220004
57585  -47.000  -34.938  54.934 0.2222220004
56496  -46.540  -35.556  54.383 0.5555559993
55446  -46.226  -36.435  53.003 0.7777780294
56507  -46.918  -35.790  53.446 0.6666669846
55452  -45.708  -37.112  52.597 0.7777780294
55453  -46.425  -36.844  52.208 1.0000000000
54381  -44.551  -37.710  50.719 1.0000000000
54380  -43.874  -37.471  50.294 1.0000000000
55459  -45.380  -37.559  50.798 1.0000000000
55486  -42.928  -36.542  48.480 1.0000000000
154125  -42.806  -37.122  49.580 1.0000000000
55485  -41.963  -36.823  48.501 1.0000000000
140907  -49.361  -34.737  57.591 0.1111110002
58642  -48.232  -34.024  57.383 0.2222220004
58657  -48.626  -33.541  56.788 0.2222220004
58685  -48.098  -34.090  54.771 0.4444440007
57586  -47.637  -34.632  54.608 0.5555559993
56508  -47.654  -35.250  53.439 0.5555559993
56519  -46.994  -36.263  52.556 0.7777780294
56520  -47.627  -35.637  52.755 0.7777780294
55461  -46.585  -36.947  51.411 0.8888890147
149306  -46.158  -37.328  50.904 1.0000000000
56532  -47.220  -36.394  51.154 0.8888890147
55478  -45.600  -36.585  49.441 1.0000000000
55468  -45.931  -37.145  50.127 1.0000000000
55477  -44.700  -36.509  49.163 1.0000000000
55466  -43.924  -36.932  49.577 1.0000000000
55494  -42.961  -36.002  47.862 1.0000000000
139492  -43.858  -36.448  48.833 1.0000000000
56583  -42.632  -35.852  47.240 1.0000000000
56594  -41.596  -35.674  45.995 0.7777780294
56595  -42.196  -35.600  46.484 0.8888890147
56602  -41.340  -35.528  45.310 0.4444440007
57540  -48.941  -34.162  57.501 0.1111110002
58643  -48.904  -33.536  57.113 0.1111110002
58644  -49.534  -33.405  57.097 0.1111110002
58658  -49.268  -32.950  56.606 0.2222220004
58686  -48.598  -33.383  54.972 0.4444440007
57603  -48.034  -34.613  53.867 0.4444440007
57619  -48.166  -34.969  52.980 0.5555559993
57604  -48.460  -34.191  53.234 0.7777780294
56533  -47.507  -35.975  51.916 0.7777780294
57636  -48.068  -35.217  52.083 0.7777780294
56546  -47.805  -35.476  51.047 0.7777780294
55469  -46.707  -36.853  50.528 1.0000000000
153970  -47.643  -35.118  50.116 0.8888890147
56544  -46.501  -36.445  49.762 1.0000000000
56560  -46.872  -35.422  49.511 1.0000000000
55487  -44.605  -35.817  48.431 1.0000000000
153539  -45.400  -35.371  48.420 1.0000000000
56584  -43.420  -35.644  47.415 0.8888890147
56585  -44.200  -35.385  47.695 1.0000000000
57686  -44.977  -35.025  47.948 1.0000000000
57719  -42.695  -34.887  46.071 0.8888890147
56617  -41.372  -35.109  44.685 0.4444440007
56603  -42.014  -35.176  45.703 0.6666669846
57735  -42.475  -34.532  45.271 0.3333329856
57736  -43.193  -34.275  45.666 0.7777780294
58792  -41.922  -33.806  43.873 0.2222220004
149785  -42.967  -33.946  45.096 0.4444440007
57541  -49.866  -34.174  57.308 0.1111110002
58674  -48.939  -33.190  55.955 0.3333329856
151973  -48.686  -33.171  54.261 0.3333329856
58693  -48.427  -33.835  54.069 0.4444440007
58701  -48.643  -33.584  52.617 0.4444440007
59727  -48.657  -32.687  52.933 0.4444440007
57637  -48.341  -34.505  51.385 0.7777780294
57620  -48.462  -34.433  52.376 0.6666669846
58706  -48.536  -33.590  51.135 0.7777780294
59747  -48.523  -32.716  50.820 0.7777780294
57653  -48.044  -34.686  50.616 0.7777780294
58714  -48.429  -33.458  50.281 0.7777780294
59755  -48.487  -32.635  49.879 0.7777780294
157427  -47.443  -34.627  49.510 0.8888890147
58719  -48.281  -33.369  49.420 0.8888890147
59762  -48.454  -32.611  48.969 0.7777780294
61594  -48.513  -31.172  48.994 0.6666669846
57668  -46.126  -35.194  48.799 1.0000000000
57688  -46.382  -34.475  48.377 1.0000000000
58731  -47.665  -33.293  48.160 1.0000000000
59768  -48.189  -32.558  48.083 1.0000000000
59769  -48.483  -31.852  48.564 0.8888890147
61607  -48.360  -31.108  48.236 0.7777780294
151144  -48.138  -30.459  47.962 0.7777780294
58729  -46.188  -33.936  47.732 0.8888890147
58730  -46.940  -33.875  48.324 1.0000000000
58747  -47.667  -32.786  47.521 1.0000000000
59776  -47.965  -32.119  47.245 0.8888890147
60704  -48.297  -31.774  47.826 0.8888890147
60713  -48.087  -31.153  47.294 0.8888890147
61624  -47.765  -30.108  47.318 0.7777780294
57702  -43.818  -34.972  47.063 0.8888890147
57704  -45.377  -34.361  47.517 0.8888890147
59774  -46.323  -33.246  46.959 1.0000000000
60712  -47.540  -31.660  46.608 1.0000000000
61623  -47.465  -30.683  46.617 1.0000000000
57720  -43.496  -34.638  46.342 0.8888890147
57703  -44.624  -34.712  47.270 0.8888890147
58744  -44.980  -33.939  46.941 0.8888890147
58745  -45.675  -33.750  47.140 0.8888890147
59786  -46.934  -32.007  46.159 1.0000000000
57721  -44.266  -34.323  46.613 0.8888890147
58760  -43.906  -33.879  46.003 0.8888890147
58761  -44.735  -33.591  46.219 0.8888890147
58762  -45.568  -33.352  46.486 0.8888890147
59785  -46.268  -32.588  46.091 1.0000000000
59775  -47.187  -32.575  46.796 1.0000000000
61643  -46.887  -30.315  46.091 1.0000000000
62614  -46.765  -29.632  45.916 1.0000000000
58779  -44.379  -33.197  45.576 0.7777780294
59784  -45.266  -32.887  45.799 0.8888890147
59795  -44.792  -32.412  45.183 0.8888890147
60719  -46.345  -31.616  45.722 1.0000000000
60734  -45.768  -31.152  45.242 1.0000000000
60720  -46.833  -31.135  46.194 1.0000000000
61642  -46.365  -30.614  45.602 1.0000000000
155392  -46.675  -30.090  45.667 1.0000000000
58793  -42.628  -33.052  43.887 0.2222220004
152845  -43.198  -33.350  44.631 0.4444440007
59794  -43.906  -32.769  44.965 0.6666669846
59796  -45.669  -32.098  45.412 0.8888890147
59816  -42.327  -32.371  43.110 0.3333329856
59808  -43.462  -32.477  44.243 0.4444440007
59809  -44.289  -31.836  44.489 0.5555559993
60733  -45.132  -31.540  44.901 0.8888890147
61658  -45.374  -30.769  44.720 0.8888890147
61659  -45.847  -30.300  44.921 0.8888890147
59817  -43.061  -31.985  43.566 0.4444440007
60743  -43.690  -31.661  43.941 0.5555559993
136790  -44.829  -30.871  44.307 0.6666669846
61669  -45.293  -30.016  44.186 0.8888890147
60749  -42.836  -31.311  42.689 0.5555559993
148853  -42.961  -30.560  41.966 0.5555559993
152429  -44.216  -30.982  43.855 0.6666669846
59695  -49.553  -32.439  56.270 0.1111110002
58659  -50.262  -32.998  56.618 0.1111110002
138797  -49.292  -32.170  55.992 0.3333329856
145540  -49.022  -32.499  54.948 0.3333329856
59710  -49.141  -32.010  55.572 0.2222220004
59720  -48.757  -32.535  53.911 0.4444440007
60653  -48.989  -31.585  54.488 0.2222220004
59736  -48.611  -32.888  51.869 0.4444440007
153137  -48.603  -33.815  51.869 0.6666669846
60685  -48.441  -31.829  50.390 0.7777780294
60694  -48.391  -30.875  49.874 0.6666669846
61585  -48.112  -29.878  49.844 0.6666669846
62564  -47.892  -29.376  49.132 0.6666669846
61593  -48.295  -30.321  48.893 0.6666669846
62575  -47.588  -28.731  48.514 0.7777780294
62563  -47.547  -28.617  49.408 0.6666669846
63659  -47.395  -28.028  48.897 0.7777780294
62576  -47.911  -29.644  48.206 0.6666669846
64790  -47.375  -27.645  48.486 0.7777780294
63688  -47.321  -28.300  47.226 0.8888890147
141624  -47.354  -27.839  47.846 0.8888890147
140153  -47.289  -29.751  46.541 0.8888890147
64800  -47.381  -27.917  47.240 0.8888890147
63700  -46.937  -28.907  46.423 0.8888890147
144144  -46.842  -28.733  45.826 0.8888890147
64816  -47.265  -28.272  46.321 0.8888890147
151718  -46.946  -28.565  45.647 0.7777780294
63710  -46.509  -29.250  45.073 0.7777780294
63728  -46.208  -29.329  44.136 0.7777780294
62638  -45.922  -29.715  44.512 0.8888890147
61676  -44.664  -30.200  43.686 0.6666669846
62637  -45.610  -29.402  43.733 0.8888890147
61685  -43.657  -30.296  42.554 0.7777780294
149579  -44.165  -30.398  43.273 0.6666669846
152078  -44.952  -29.629  43.476 0.7777780294
61684  -43.213  -29.932  41.700 0.6666669846
61675  -44.551  -29.714  42.963 0.7777780294
152126  -50.316  -32.521  56.225 0.1111110002
59697  -50.031  -32.410  56.443 0.1111110002
151387  -49.857  -31.809  55.978 0.1111110002
61523  -49.896  -31.054  55.486 0.2222220004
61532  -49.451  -30.841  55.001 0.2222220004
139653  -48.636  -31.729  53.433 0.3333329856
142895  -48.733  -30.709  53.979 0.3333329856
154676  -48.448  -30.267  53.501 0.3333329856
136111  -48.398  -31.874  52.400 0.5555559993
60663  -48.315  -30.840  52.916 0.3333329856
61564  -48.074  -30.336  52.322 0.3333329856
151310  -48.038  -29.681  52.256 0.3333329856
60675  -48.329  -31.914  51.389 0.5555559993
60674  -48.026  -31.067  51.915 0.4444440007
61575  -47.978  -30.142  51.517 0.4444440007
62546  -47.949  -29.107  51.742 0.3333329856
60684  -48.110  -31.043  50.970 0.6666669846
147520  -48.095  -30.255  50.582 0.6666669846
63631  -47.809  -28.413  51.180 0.3333329856
64744  -47.636  -27.720  51.563 0.3333329856
134649  -47.922  -29.355  50.723 0.5555559993
63646  -47.480  -27.970  49.724 0.6666669846
63630  -47.609  -27.834  50.649 0.3333329856
65909  -47.499  -26.940  50.242 0.3333329856
64757  -47.466  -27.382  50.044 0.5555559993
65925  -47.434  -27.089  49.536 0.6666669846
135847  -47.625  -26.573  49.927 0.4444440007
65938  -47.418  -27.322  48.834 0.7777780294
136666  -47.482  -26.966  49.201 0.6666669846
66970  -48.129  -25.834  49.980 0.3333329856
65939  -47.550  -27.118  48.505 0.8888890147
65940  -48.513  -26.036  49.077 0.5555559993
65954  -47.530  -27.511  47.604 0.7777780294
65955  -48.211  -26.980  47.782 0.7777780294
64817  -47.707  -27.885  46.349 0.8888890147
64818  -48.601  -27.603  46.308 0.8888890147
63711  -46.664  -28.978  45.102 0.7777780294
64835  -47.370  -28.374  45.641 0.7777780294
132182  -48.162  -28.086  45.834 0.8888890147
64834  -46.892  -28.796  45.220 0.7777780294
63727  -45.709  -29.335  43.507 0.8888890147
62646  -45.236  -29.370  43.165 0.8888890147
63746  -45.295  -29.383  43.101 0.6666669846
62675  -42.828  -29.634  41.282 0.6666669846
62658  -43.928  -29.845  42.340 0.7777780294
148696  -44.179  -29.629  42.263 0.7777780294
62659  -44.786  -29.473  42.618 0.7777780294
63762  -44.761  -29.451  42.371 0.6666669846
63780  -43.097  -29.328  41.145 0.5555559993
62676  -43.656  -29.529  41.595 0.7777780294
63781  -44.135  -29.420  41.741 0.6666669846
138064  -44.679  -29.393  41.664 0.6666669846
63805  -44.304  -29.373  40.868 0.6666669846
62693  -44.091  -29.449  40.091 0.6666669846
63806  -45.104  -29.575  41.077 0.6666669846
61533  -49.950  -30.314  55.026 0.2222220004
62485  -49.395  -30.030  54.730 0.2222220004
62486  -49.820  -29.879  54.644 0.2222220004
63593  -50.199  -29.269  54.269 0.1111110002
61555  -48.593  -29.751  53.990 0.3333329856
62504  -49.044  -29.527  54.401 0.3333329856
61554  -48.264  -29.842  53.037 0.3333329856
62533  -48.033  -28.927  52.664 0.3333329856
137481  -48.679  -27.815  53.463 0.3333329856
63615  -48.016  -28.058  52.572 0.3333329856
63603  -50.068  -28.619  53.792 0.2222220004
65878  -47.906  -26.794  52.345 0.3333329856
64743  -47.561  -27.207  51.009 0.3333329856
137347  -49.701  -27.857  53.053 0.2222220004
66932  -48.463  -26.113  52.433 0.3333329856
66959  -48.014  -26.080  51.354 0.3333329856
66917  -48.748  -25.808  52.456 0.3333329856
66933  -48.748  -25.666  52.356 0.3333329856
66960  -48.276  -25.649  51.012 0.3333329856
67932  -49.085  -24.991  52.272 0.3333329856
67953  -49.444  -24.723  51.225 0.3333329856
132754  -50.913  -23.691  51.231 0.3333329856
65941  -48.891  -26.358  48.295 0.6666669846
67954  -50.718  -24.251  50.394 0.3333329856
145809  -48.693  -27.176  46.996 0.7777780294
66982  -50.313  -25.667  48.688 0.5555559993
64851  -48.391  -28.802  45.123 0.7777780294
136640  -50.359  -26.705  47.586 0.7777780294
151903  -47.003  -29.352  43.967 0.7777780294
131976  -48.232  -29.354  44.451 0.7777780294
64836  -49.048  -28.270  45.695 0.7777780294
147616  -49.567  -28.016  46.202 0.8888890147
64837  -50.121  -28.576  45.786 0.7777780294
63729  -46.592  -29.302  44.380 0.7777780294
63748  -46.310  -29.320  43.581 0.7777780294
63730  -47.332  -29.074  44.731 0.7777780294
63731  -49.073  -29.385  44.468 0.7777780294
63712  -49.595  -28.980  45.085 0.7777780294
63747  -45.999  -29.299  43.715 0.7777780294
62648  -48.577  -29.578  43.336 0.7777780294
63732  -50.003  -29.292  44.281 0.8888890147
63765  -47.018  -29.498  43.242 0.7777780294
62647  -47.871  -29.688  42.905 0.7777780294
62662  -48.574  -29.557  42.682 0.7777780294
63764  -46.358  -29.396  42.868 0.7777780294
63763  -45.580  -29.274  42.931 0.7777780294
63783  -46.139  -29.572  42.145 0.7777780294
62679  -47.689  -29.610  41.360 0.7777780294
62661  -48.129  -29.609  42.110 0.7777780294
62694  -44.773  -29.569  40.367 0.6666669846
62677  -45.883  -29.692  41.306 0.7777780294
62678  -46.813  -29.824  41.349 0.7777780294
62697  -47.397  -29.519  40.507 0.7777780294
62695  -45.660  -29.697  40.434 0.7777780294
62696  -46.594  -29.720  40.456 0.7777780294
62712  -47.151  -29.390  39.767 0.7777780294
63827  -47.694  -28.849  39.810 0.7777780294
62735  -46.244  -29.034  38.680 0.5555559993
64907  -48.204  -28.056  40.069 0.7777780294
155252  -45.275  -28.336  37.477 0.5555559993
156480  -46.183  -27.545  37.931 0.5555559993
64923  -47.208  -27.408  38.623 0.6666669846
64958  -45.695  -27.509  37.543 0.5555559993
64959  -46.193  -26.678  37.739 0.5555559993
66094  -45.612  -26.544  37.173 0.3333329856
62487  -50.056  -29.931  54.686 0.2222220004
63577  -50.160  -29.683  54.456 0.2222220004
143626  -48.994  -29.004  54.324 0.3333329856
63592  -49.767  -29.178  54.335 0.3333329856
64711  -49.141  -28.069  53.905 0.3333329856
64723  -49.820  -28.554  53.981 0.3333329856
135772  -49.503  -27.827  53.491 0.3333329856
64721  -48.838  -27.322  53.280 0.3333329856
65867  -49.020  -26.680  52.912 0.3333329856
64732  -49.216  -26.837  52.888 0.3333329856
65879  -49.918  -25.997  52.529 0.3333329856
65865  -48.466  -26.379  52.597 0.3333329856
149170  -49.243  -25.872  52.626 0.3333329856
66934  -50.437  -24.946  53.063 0.3333329856
66919  -50.141  -24.596  53.164 0.3333329856
66935  -51.261  -24.710  53.324 0.3333329856
66921  -51.739  -24.309  53.567 0.2222220004
67920  -49.222  -24.959  52.584 0.3333329856
67921  -49.769  -24.329  53.062 0.3333329856
67923  -51.428  -24.035  53.677 0.2222220004
150133  -53.428  -23.389  53.043 0.2222220004
68871  -50.352  -23.888  53.255 0.3333329856
69819  -52.323  -22.817  52.592 0.3333329856
69804  -53.146  -22.805  52.771 0.2222220004
137389  -51.728  -23.383  51.156 0.3333329856
68904  -53.543  -23.001  50.616 0.2222220004
145615  -54.671  -23.098  51.002 0.2222220004
67966  -52.413  -24.360  49.507 0.3333329856
130298  -54.379  -23.036  49.997 0.2222220004
142945  -52.675  -24.766  48.591 0.4444440007
130476  -53.027  -24.427  47.837 0.3333329856
64819  -50.403  -27.998  46.391 0.8888890147
130040  -51.803  -25.867  48.118 0.6666669846
130044  -52.544  -25.307  47.987 0.3333329856
63713  -50.582  -28.792  44.953 0.8888890147
64820  -51.287  -27.494  46.525 0.6666669846
130336  -52.368  -25.907  47.335 0.4444440007
62649  -49.317  -29.481  43.746 0.7777780294
63750  -50.075  -29.213  43.404 0.7777780294
64838  -51.022  -28.261  45.738 0.7777780294
62663  -49.292  -29.420  42.954 0.7777780294
63784  -48.473  -29.128  41.340 0.7777780294
63767  -49.824  -28.773  42.535 0.7777780294
63785  -49.092  -28.597  41.292 0.7777780294
63808  -48.709  -28.391  40.706 0.7777780294
64924  -47.773  -27.787  39.283 0.6666669846
66062  -47.134  -26.466  38.419 0.6666669846
66063  -47.736  -26.517  38.909 0.6666669846
66046  -48.387  -27.008  39.549 0.6666669846
66093  -44.809  -26.859  36.643 0.5555559993
66078  -46.760  -26.082  38.033 0.6666669846
67096  -48.112  -25.700  38.709 0.6666669846
66114  -44.425  -26.355  36.236 0.1111110002
66115  -45.255  -26.203  36.445 0.3333329856
67113  -46.869  -25.600  37.064 0.5555559993
141641  -47.172  -25.630  37.720 0.6666669846
67103  -47.933  -25.638  38.038 0.6666669846
130055  -54.447  -24.569  47.682 0.2222220004
130305  -53.608  -25.654  46.540 0.2222220004
148083  -53.284  -24.166  47.041 0.3333329856
130404  -54.345  -26.135  47.318 0.1111110002
130039  -52.035  -26.654  46.818 0.5555559993
130264  -52.931  -24.859  46.769 0.4444440007
64821  -51.916  -26.936  46.159 0.6666669846
64852  -51.391  -28.093  44.713 0.7777780294
64839  -51.608  -27.499  45.647 0.7777780294
63733  -50.740  -28.740  43.997 0.8888890147
64870  -51.215  -27.873  43.600 0.7777780294
64878  -50.218  -27.815  42.146 0.7777780294
63786  -49.670  -28.295  41.630 0.7777780294
64879  -50.815  -27.362  42.661 0.7777780294
64893  -49.415  -27.839  40.831 0.7777780294
64894  -50.097  -27.315  41.121 0.7777780294
64908  -48.813  -27.386  40.280 0.7777780294
66036  -49.447  -26.790  40.470 0.7777780294
66047  -48.835  -26.350  39.972 0.6666669846
139061  -49.359  -25.938  40.210 0.7777780294
136283  -48.419  -25.969  39.360 0.6666669846
67087  -48.940  -25.516  39.830 0.7777780294
67086  -48.765  -25.389  39.246 0.6666669846
68081  -49.143  -24.864  39.323 0.7777780294
67129  -45.752  -25.763  35.978 0.3333329856
68101  -46.542  -25.468  36.320 0.5555559993
68092  -47.558  -25.397  37.490 0.5555559993
68080  -48.524  -25.408  38.582 0.6666669846
69050  -48.800  -25.100  38.475 0.7777780294
68114  -46.118  -25.119  35.648 0.3333329856
68115  -46.847  -24.846  35.998 0.4444440007
68102  -47.208  -25.155  36.779 0.5555559993
68103  -48.064  -24.926  37.153 0.6666669846
68093  -48.317  -25.351  37.893 0.6666669846
69051  -49.306  -24.515  38.658 0.7777780294
130050  -54.064  -24.818  47.024 0.2222220004
148084  -52.708  -25.734  46.440 0.4444440007
130309  -53.159  -25.871  46.056 0.3333329856
148118  -54.083  -26.897  46.351 0.2222220004
148064  -52.092  -26.591  45.378 0.4444440007
65994  -51.442  -27.105  44.093 0.5555559993
64853  -51.769  -26.907  44.835 0.4444440007
130322  -52.566  -26.415  45.148 0.4444440007
66012  -51.239  -26.607  43.178 0.7777780294
66023  -50.502  -26.765  41.792 0.7777780294
66037  -50.157  -26.076  40.780 0.7777780294
68049  -50.155  -24.855  41.010 0.7777780294
67075  -49.601  -25.183  40.268 0.7777780294
68048  -49.775  -24.307  40.566 0.7777780294
68033  -49.971  -23.883  41.368 0.7777780294
68066  -49.254  -24.853  39.903 0.7777780294
69019  -49.836  -23.612  41.091 0.7777780294
69039  -49.754  -24.167  40.253 0.7777780294
138499  -49.718  -24.002  39.730 0.7777780294
69984  -49.841  -23.197  39.995 0.7777780294
69083  -46.322  -24.340  35.441 0.3333329856
69072  -47.430  -24.515  36.484 0.5555559993
145857  -48.533  -24.335  37.336 0.7777780294
69063  -49.094  -24.067  37.917 0.7777780294
70002  -49.736  -22.894  38.540 0.7777780294
69103  -46.511  -23.768  35.135 0.4444440007
69085  -47.506  -23.908  36.245 0.5555559993
69086  -48.131  -23.801  36.500 0.6666669846
69074  -48.726  -23.769  37.140 0.7777780294
70001  -49.482  -23.385  37.872 0.7777780294
130042  -52.958  -26.407  45.428 0.3333329856
130043  -53.712  -26.924  45.411 0.2222220004
144289  -52.512  -26.123  44.551 0.4444440007
130323  -51.710  -26.067  44.010 0.5555559993
66024  -50.842  -26.460  42.374 0.8888890147
67046  -50.852  -24.963  42.513 0.6666669846
130052  -51.369  -25.504  43.144 0.5555559993
68034  -50.393  -24.415  41.873 0.8888890147
140446  -50.075  -23.597  42.035 0.5555559993
69020  -49.837  -23.128  41.610 0.6666669846
151174  -49.828  -23.357  40.786 0.7777780294
69971  -49.946  -22.689  41.461 0.6666669846
136005  -49.959  -22.866  40.775 0.7777780294
69993  -49.896  -22.786  39.328 0.7777780294
70949  -50.222  -22.368  39.633 0.7777780294
70957  -50.030  -22.521  38.813 0.7777780294
69104  -47.091  -23.683  35.550 0.4444440007
70016  -47.797  -23.607  35.910 0.5555559993
70017  -48.638  -23.415  36.450 0.7777780294
70008  -49.347  -23.264  37.177 0.7777780294
70034  -47.286  -23.357  35.152 0.5555559993
147408  -48.170  -23.289  35.649 0.5555559993
130046  -53.505  -26.852  44.936 0.3333329856
141563  -53.530  -26.602  44.581 0.3333329856
130048  -52.554  -26.038  44.566 0.3333329856
147989  -51.971  -26.085  44.721 0.4444440007
67029  -52.184  -25.321  44.265 0.4444440007
130328  -52.246  -24.598  44.648 0.3333329856
148062  -51.808  -25.117  43.770 0.4444440007
130198  -51.782  -24.486  44.562 0.4444440007
68022  -51.162  -24.450  43.368 0.4444440007
145528  -50.555  -23.652  43.290 0.5555559993
68021  -50.534  -24.023  42.618 0.5555559993
68987  -50.216  -23.320  42.735 0.5555559993
69949  -50.109  -22.556  42.716 0.5555559993
69001  -49.841  -23.063  42.108 0.5555559993
70904  -50.072  -21.745  42.542 0.5555559993
69960  -49.901  -22.489  42.037 0.5555559993
70917  -50.041  -21.824  41.893 0.5555559993
70918  -50.100  -21.211  42.317 0.5555559993
71923  -50.753  -21.105  42.620 0.5555559993
69985  -50.102  -22.629  40.201 0.7777780294
70931  -50.278  -22.267  41.135 0.6666669846
70932  -50.230  -21.485  41.787 0.5555559993
71941  -50.870  -21.223  41.778 0.6666669846
70941  -50.385  -22.208  40.361 0.6666669846
70943  -51.196  -21.560  40.231 0.7777780294
70958  -51.073  -21.967  38.583 0.7777780294
70950  -50.646  -21.936  39.966 0.7777780294
149365  -48.568  -22.957  35.296 0.2222220004
133657  -49.113  -23.088  35.942 0.7777780294
70009  -49.785  -22.831  37.203 0.7777780294
151751  -50.312  -22.311  38.306 0.7777780294
138197  -50.520  -22.118  39.133 0.7777780294
70051  -47.064  -23.018  34.483 0.2222220004
147505  -49.351  -23.146  36.678 0.7777780294
70996  -53.510  -21.564  35.280 0.7777780294
70997  -54.181  -20.904  35.495 0.7777780294
133903  -54.650  -20.589  34.886 0.7777780294
130615  -52.600  -25.779  44.307 0.3333329856
130067  -52.552  -25.505  43.729 0.4444440007
130237  -52.114  -24.287  45.388 0.4444440007
148050  -52.006  -23.769  45.658 0.4444440007
151057  -50.779  -23.086  44.363 0.4444440007
147995  -51.470  -23.670  45.058 0.4444440007
130451  -51.653  -22.936  45.556 0.4444440007
69925  -50.567  -22.474  44.085 0.4444440007
70887  -50.759  -21.846  44.290 0.4444440007
70870  -51.252  -21.191  45.790 0.4444440007
71874  -51.510  -20.551  45.223 0.4444440007
70888  -50.924  -21.137  44.951 0.4444440007
72856  -52.032  -19.970  45.546 0.4444440007
141300  -50.630  -21.483  43.523 0.4444440007
71893  -50.991  -21.211  44.029 0.5555559993
71894  -51.453  -20.663  44.387 0.4444440007
141297  -52.557  -19.733  44.184 0.4444440007
71924  -51.513  -20.724  43.075 0.5555559993
72887  -51.989  -20.215  43.740 0.5555559993
72888  -52.787  -19.696  43.488 0.4444440007
137236  -51.665  -20.661  42.295 0.5555559993
72905  -52.249  -20.071  42.850 0.5555559993
72872  -53.203  -19.303  44.143 0.4444440007
71955  -51.459  -21.144  40.816 0.7777780294
130856  -51.981  -20.664  41.448 0.6666669846
70951  -51.327  -21.727  39.427 0.7777780294
70968  -50.876  -22.241  37.715 0.7777780294
70053  -48.684  -22.584  34.502 0.3333329856
70036  -49.316  -22.728  35.103 0.4444440007
140946  -50.094  -22.730  35.614 0.7777780294
70978  -51.114  -22.448  36.891 0.7777780294
70969  -51.823  -22.151  37.346 0.7777780294
70074  -48.498  -22.337  32.767 0.2222220004
70065  -49.359  -22.380  33.759 0.2222220004
70054  -50.081  -22.533  34.659 0.6666669846
70020  -50.902  -22.554  35.735 0.7777780294
70979  -52.075  -22.330  36.426 0.7777780294
70980  -53.057  -21.809  36.245 0.7777780294
70982  -54.565  -20.761  36.363 0.7777780294
70075  -49.293  -22.353  32.886 0.2222220004
73015  -55.082  -19.230  32.162 0.6666669846
74054  -54.845  -18.957  31.330 0.5555559993
130872  -52.601  -23.978  44.946 0.4444440007
130059  -52.426  -24.255  45.190 0.4444440007
130060  -52.232  -23.090  45.872 0.4444440007
130386  -52.811  -22.442  46.450 0.4444440007
148896  -51.938  -22.152  46.310 0.4444440007
130068  -52.266  -21.643  47.003 0.4444440007
71863  -51.723  -20.567  46.014 0.4444440007
72857  -52.518  -19.453  46.054 0.4444440007
133501  -52.704  -19.446  45.007 0.4444440007
73908  -53.649  -18.840  45.016 0.4444440007
72890  -53.970  -19.432  42.729 0.5555559993
73934  -53.968  -18.964  43.993 0.4444440007
71925  -52.513  -19.985  42.040 0.7777780294
72906  -53.131  -19.681  42.729 0.4444440007
71966  -51.907  -21.268  39.984 0.7777780294
135670  -52.391  -20.755  40.570 0.7777780294
70959  -51.795  -21.769  38.788 0.7777780294
71967  -52.750  -20.923  39.599 0.7777780294
71956  -53.266  -20.423  40.349 0.7777780294
70952  -52.174  -21.441  39.219 0.7777780294
71977  -52.665  -21.195  38.995 0.7777780294
71968  -53.628  -20.564  39.496 0.7777780294
72937  -54.029  -19.957  40.088 0.7777780294
149292  -54.322  -20.191  39.394 0.7777780294
132709  -51.760  -21.934  38.125 0.7777780294
153523  -52.404  -21.827  37.772 0.7777780294
70961  -53.161  -21.417  37.715 0.7777780294
71987  -53.868  -20.816  37.927 0.7777780294
141239  -54.542  -20.515  38.088 0.7777780294
72947  -54.908  -20.115  38.719 0.7777780294
70970  -52.691  -21.858  37.072 0.7777780294
130711  -53.362  -21.542  36.883 0.7777780294
71997  -53.840  -21.007  37.063 0.7777780294
71988  -54.585  -20.702  37.351 0.7777780294
74011  -57.319  -19.054  36.615 0.7777780294
72977  -57.110  -19.170  35.302 0.7777780294
72966  -56.779  -19.503  35.959 0.7777780294
72976  -56.552  -19.514  35.111 0.7777780294
72993  -55.818  -19.381  33.561 0.7777780294
74028  -56.629  -18.783  33.638 0.7777780294
73003  -55.918  -18.877  32.663 0.7777780294
74055  -55.607  -18.652  31.681 0.5555559993
75111  -54.758  -18.007  30.082 0.4444440007
130519  -52.943  -20.503  48.171 0.4444440007
73858  -52.878  -18.856  47.690 0.4444440007
153831  -53.406  -19.509  48.389 0.4444440007
73907  -53.017  -18.924  45.745 0.4444440007
74888  -54.336  -17.974  47.573 0.4444440007
73860  -54.264  -17.798  46.847 0.4444440007
74917  -55.003  -17.595  46.399 0.4444440007
73910  -55.345  -18.335  44.296 0.4444440007
72918  -53.603  -19.686  41.917 0.6666669846
73951  -54.725  -18.984  42.805 0.5555559993
72928  -52.888  -20.138  41.203 0.7777780294
72929  -53.762  -19.835  40.953 0.7777780294
137085  -54.384  -19.400  42.205 0.5555559993
73959  -54.995  -19.117  42.003 0.5555559993
72919  -54.466  -19.545  41.529 0.7777780294
72920  -55.209  -19.299  41.259 0.5555559993
73968  -55.892  -18.924  40.969 0.6666669846
72930  -54.660  -19.668  40.702 0.7777780294
72931  -55.442  -19.437  40.464 0.7777780294
74001  -57.833  -18.712  37.251 0.7777780294
73989  -58.226  -18.294  37.909 0.7777780294
137409  -58.130  -18.646  36.381 0.7777780294
74018  -57.603  -18.767  34.998 0.7777780294
72987  -56.925  -18.993  34.591 0.7777780294
74029  -57.416  -18.470  34.215 0.7777780294
74040  -57.263  -18.043  33.436 0.7777780294
74048  -56.711  -18.245  32.735 0.7777780294
141538  -56.795  -17.855  32.119 0.7777780294
74064  -55.376  -18.296  30.783 0.5555559993
149732  -55.983  -18.129  31.309 0.5555559993
75101  -56.054  -17.578  30.704 0.5555559993
75112  -55.398  -17.684  30.184 0.4444440007
74918  -55.833  -17.460  46.115 0.4444440007
74942  -56.075  -17.716  44.928 0.5555559993
73884  -55.208  -17.905  45.326 0.4444440007
73937  -56.191  -18.261  43.128 0.5555559993
156443  -55.918  -18.145  43.918 0.5555559993
73936  -55.411  -18.566  43.372 0.5555559993
73954  -56.921  -18.224  42.017 0.5555559993
73953  -56.229  -18.463  42.244 0.5555559993
74013  -58.757  -18.036  36.200 0.7777780294
75069  -57.913  -17.777  34.028 0.7777780294
75078  -57.679  -17.463  33.317 0.7777780294
75102  -56.532  -17.757  31.483 0.5555559993
76125  -55.693  -17.055  29.939 0.4444440007
76141  -54.233  -16.708  29.065 0.4444440007
75124  -54.921  -17.303  29.634 0.4444440007
74905  -56.491  -17.417  46.822 0.4444440007
73862  -58.343  -18.138  46.632 0.3333329856
74944  -57.792  -17.004  45.080 0.5555559993
137902  -56.583  -17.800  44.045 0.5555559993
74985  -57.321  -17.844  42.611 0.5555559993
74971  -56.978  -17.831  43.301 0.5555559993
74986  -57.692  -17.789  41.832 0.6666669846
148963  -58.342  -17.543  41.344 0.6666669846
75006  -58.615  -17.524  40.558 0.6666669846
75016  -58.638  -17.642  39.641 0.6666669846
143341  -58.856  -17.717  37.721 0.7777780294
75025  -59.366  -17.131  38.295 0.6666669846
75036  -58.997  -17.525  36.897 0.7777780294
75051  -59.294  -17.303  36.137 0.7777780294
142767  -58.452  -17.294  34.161 0.7777780294
75090  -57.082  -17.373  31.815 0.7777780294
76098  -57.860  -16.879  32.839 0.7777780294
76110  -56.813  -17.161  31.062 0.7777780294
76097  -57.580  -17.035  32.136 0.7777780294
76126  -56.436  -16.785  30.327 0.6666669846
76142  -55.156  -16.497  29.403 0.4444440007
142007  -57.987  -17.547  42.605 0.6666669846
75979  -58.596  -17.070  43.157 0.6666669846
74997  -58.974  -17.117  41.321 0.6666669846
75017  -59.126  -17.245  39.931 0.6666669846
150808  -59.642  -16.737  38.965 0.6666669846
76046  -59.747  -16.632  37.631 0.6666669846
142041  -59.572  -16.902  36.864 0.7777780294
76057  -59.401  -16.854  35.449 0.7777780294
77087  -58.989  -16.052  34.175 0.7777780294
137531  -58.270  -16.146  32.793 0.7777780294
76127  -57.163  -16.478  30.709 0.6666669846
76143  -55.959  -16.259  29.717 0.6666669846
77118  -56.731  -15.988  30.072 0.6666669846
77130  -54.583  -15.855  28.980 0.4444440007
157601  -59.663  -18.593  45.605 0.3333329856
74922  -59.403  -16.984  45.782 0.4444440007
74923  -60.017  -17.216  45.352 0.3333329856
156190  -59.021  -16.554  43.968 0.5555559993
75980  -59.735  -16.316  44.240 0.5555559993
74988  -59.272  -16.746  42.123 0.6666669846
149599  -60.868  -15.753  43.762 0.5555559993
74998  -59.774  -16.446  41.361 0.6666669846
76016  -59.901  -16.414  40.507 0.6666669846
76036  -60.119  -16.117  39.186 0.6666669846
76035  -59.891  -16.367  38.405 0.6666669846
155702  -60.130  -15.521  37.428 0.6666669846
78121  -60.034  -15.204  36.457 0.6666669846
76058  -59.726  -16.533  36.150 0.7777780294
77088  -59.436  -16.191  34.908 0.7777780294
78125  -59.953  -14.906  35.784 0.6666669846
78134  -59.790  -14.573  34.887 0.7777780294
77103  -58.605  -15.453  32.837 0.7777780294
138045  -59.419  -14.620  34.124 0.7777780294
77110  -57.832  -16.140  31.112 0.7777780294
151753  -58.383  -15.760  32.254 0.7777780294
78189  -53.483  -14.343  28.457 0.4444440007
77143  -54.835  -15.014  28.856 0.5555559993
77119  -57.539  -15.781  30.361 0.6666669846
78177  -55.659  -14.794  29.127 0.5555559993
77132  -56.230  -15.451  29.509 0.6666669846
77133  -57.067  -15.254  29.782 0.6666669846
77120  -58.255  -15.471  30.699 0.7777780294
77142  -53.941  -15.200  28.587 0.4444440007
77131  -55.407  -15.659  29.253 0.5555559993
148493  -60.262  -15.927  43.775 0.5555559993
74989  -62.151  -16.988  42.031 0.4444440007
134659  -59.912  -16.134  42.321 0.5555559993
75997  -60.532  -15.678  43.025 0.5555559993
74974  -61.737  -17.191  42.677 0.4444440007
74999  -61.902  -17.572  41.293 0.4444440007
76009  -60.500  -15.717  41.983 0.5555559993
76026  -60.311  -15.932  40.056 0.6666669846
134600  -61.329  -14.498  39.347 0.6666669846
78102  -60.812  -14.841  38.673 0.6666669846
142375  -60.925  -14.482  38.104 0.6666669846
77067  -60.437  -15.146  37.863 0.6666669846
78110  -60.697  -14.437  37.409 0.6666669846
78122  -60.409  -14.439  36.461 0.6666669846
78126  -60.248  -14.107  35.555 0.6666669846
79150  -59.720  -13.835  34.132 0.7777780294
77104  -58.878  -14.646  32.776 0.7777780294
148386  -53.714  -13.467  28.534 0.5555559993
78191  -55.052  -14.096  28.824 0.5555559993
77111  -58.349  -15.672  31.541 0.7777780294
78150  -58.692  -15.151  32.061 0.7777780294
78179  -57.447  -14.517  29.475 0.7777780294
78167  -57.959  -15.098  29.992 0.7777780294
78157  -58.725  -14.976  31.187 0.7777780294
78151  -59.023  -14.254  31.847 0.7777780294
76997  -61.647  -15.612  42.894 0.4444440007
76010  -62.537  -16.638  41.288 0.4444440007
141545  -62.375  -17.353  40.681 0.4444440007
77041  -61.061  -15.080  41.635 0.5555559993
77018  -62.189  -15.276  42.396 0.4444440007
77042  -61.685  -14.669  41.232 0.6666669846
78059  -62.273  -14.605  41.524 0.5555559993
77052  -61.651  -14.405  40.267 0.5555559993
79119  -62.383  -13.255  38.778 0.6666669846
79128  -61.979  -12.846  37.641 0.5555559993
79127  -61.078  -13.665  36.996 0.6666669846
78135  -60.093  -13.776  34.877 0.6666669846
154761  -59.474  -13.587  33.372 0.7777780294
139021  -54.454  -13.317  28.661 0.5555559993
78192  -55.863  -13.865  28.995 0.5555559993
79187  -56.770  -13.712  29.110 0.6666669846
146832  -59.173  -13.817  32.723 0.7777780294
78169  -59.171  -14.169  29.917 0.7777780294
78158  -59.198  -14.319  30.771 0.7777780294
79129  -62.930  -12.466  38.354 0.5555559993
80157  -62.105  -12.210  36.900 0.5555559993
80164  -60.810  -12.669  35.220 0.6666669846
79139  -64.275  -13.121  36.948 0.3333329856
78129  -64.198  -13.824  36.325 0.3333329856
80171  -60.635  -12.325  34.592 0.6666669846
140084  -60.253  -12.340  33.910 0.6666669846
79167  -59.415  -13.378  32.009 0.7777780294
80180  -59.822  -12.376  33.085 0.7777780294
80195  -59.866  -12.960  31.150 0.7777780294
80188  -59.699  -12.577  32.194 0.7777780294
80158  -62.910  -11.605  37.229 0.4444440007
80148  -64.107  -12.507  37.429 0.3333329856
80159  -64.366  -12.303  36.787 0.3333329856
81082  -62.360  -11.530  36.477 0.6666669846
80166  -64.444  -12.171  35.895 0.3333329856
80172  -61.164  -11.918  35.096 0.6666669846
133058  -60.282  -11.662  33.342 0.6666669846
81115  -60.330  -11.027  32.745 0.7777780294
80189  -59.948  -11.775  32.474 0.6666669846
81084  -63.688  -11.507  37.037 0.4444440007
81083  -63.108  -11.133  36.759 0.5555559993
155137  -63.938  -11.154  36.516 0.4444440007
81091  -61.890  -11.333  35.714 0.6666669846
81990  -64.122  -10.871  36.108 0.3333329856
81100  -61.483  -11.073  34.915 0.6666669846
81109  -61.210  -10.785  34.254 0.6666669846
82020  -61.214  -9.471  33.093 0.6666669846
82019  -60.718  -10.253  33.008 0.6666669846
81108  -60.735  -10.896  33.581 0.6666669846
81989  -63.586  -10.842  36.322 0.4444440007
82003  -61.888  -10.262  34.683 0.6666669846
82013  -61.379  -10.038  33.826 0.6666669846
82980  -61.091  -8.937  32.349 0.6666669846
82970  -61.995  -9.106  33.660 0.5555559993
83892  -61.964  -8.170  32.523 0.5555559993
81996  -63.812  -10.393  35.605 0.4444440007
81995  -63.216  -10.257  35.729 0.5555559993
82954  -63.592  -9.818  35.121 0.4444440007
82962  -63.756  -9.537  34.444 0.4444440007
82960  -62.375  -9.516  34.358 0.5555559993
83884  -62.721  -8.366  33.208 0.5555559993
82971  -62.979  -8.834  34.031 0.5555559993
72992  -55.150  -19.852  33.634 0.7777780294
72026  -54.994  -20.266  34.240 0.7777780294
71998  -55.372  -20.362  35.976 0.7777780294
72012  -55.384  -20.234  35.062 0.7777780294
72975  -55.986  -19.869  35.572 0.7777780294
148805  -55.963  -19.758  34.833 0.7777780294
73002  -55.208  -19.507  32.956 0.7777780294
71989  -55.277  -20.373  36.865 0.7777780294
72958  -55.808  -19.828  37.300 0.7777780294
72959  -56.546  -19.497  36.904 0.7777780294
72957  -55.158  -20.235  37.759 0.7777780294
72948  -55.784  -19.731  38.290 0.7777780294
148288  -56.376  -19.504  37.678 0.7777780294
74000  -56.995  -19.021  37.484 0.7777780294
72939  -55.513  -19.736  39.163 0.7777780294
72940  -56.092  -19.362  39.196 0.7777780294
138424  -56.869  -18.667  40.078 0.7777780294
73978  -56.709  -18.857  39.359 0.7777780294
151277  -57.237  -18.723  38.847 0.7777780294
73977  -56.142  -19.000  40.079 0.7777780294
73988  -57.833  -18.294  38.765 0.6666669846
73961  -56.404  -18.565  41.497 0.6666669846
73970  -57.324  -18.352  40.485 0.6666669846
75005  -57.915  -17.839  40.052 0.6666669846
74945  -58.291  -16.918  44.272 0.5555559993
74943  -57.021  -17.435  45.014 0.5555559993
157699  -58.302  -17.297  46.180 0.4444440007
73911  -60.062  -18.991  45.118 0.3333329856
26423  -10.131  -61.922  59.851 0.4444440007
31129  -10.232  -58.291  58.658 0.5555559993
32312  -9.949  -57.527  59.085 0.5555559993
135299  -9.166  -56.181  60.275 0.5555559993
34593  -10.322  -55.539  59.701 0.5555559993
23933  -10.672  -64.415  57.964 0.3333329856
21495  -10.020  -66.729  56.156 0.4444440007
27655  -10.307  -60.648  60.537 0.4444440007
141397  -9.825  -59.059  58.810 0.5555559993
28898  -10.851  -60.587  57.792 0.5555559993
30053  -11.588  -59.553  56.763 0.7777780294
32324  -11.195  -57.452  57.629 0.6666669846
34605  -11.329  -56.110  57.787 0.6666669846
35707  -10.993  -55.259  59.103 0.6666669846
35699  -10.744  -55.006  59.825 0.5555559993
32325  -11.613  -57.367  56.853 0.6666669846
36806  -12.103  -54.601  57.948 0.7777780294
36783  -10.881  -54.599  60.436 0.5555559993
33496  -12.205  -56.811  55.749 0.7777780294
32368  -12.509  -57.431  53.461 0.7777780294
34621  -12.939  -55.448  54.375 0.7777780294
23940  -10.410  -64.677  56.949 0.4444440007
26439  -10.644  -62.607  57.849 0.4444440007
21499  -9.061  -66.672  55.069 0.5555559993
25180  -10.504  -64.224  56.250 0.4444440007
22715  -9.229  -65.693  54.951 0.5555559993
25200  -10.614  -63.522  54.709 0.5555559993
141393  -11.152  -62.376  56.644 0.5555559993
27691  -11.241  -61.661  56.732 0.5555559993
23961  -9.147  -64.716  53.025 0.5555559993
25199  -10.111  -64.183  54.333 0.4444440007
27713  -11.248  -62.088  54.754 0.6666669846
28919  -11.447  -61.169  56.061 0.5555559993
26462  -10.925  -62.769  54.216 0.6666669846
28920  -11.707  -60.652  55.500 0.7777780294
28931  -11.785  -60.790  54.528 0.6666669846
27714  -11.434  -61.485  54.392 0.7777780294
36784  -12.014  -53.846  59.396 0.7777780294
36795  -12.513  -53.584  58.695 0.7777780294
37905  -12.017  -53.090  60.989 0.4444440007
133004  -11.505  -54.016  60.219 0.5555559993
134321  -10.659  -62.275  52.240 0.4444440007
27734  -11.106  -61.729  52.964 0.5555559993
36807  -12.619  -53.905  57.815 0.7777780294
27735  -11.472  -60.915  52.880 0.3333329856
28940  -11.864  -60.481  53.601 0.6666669846
31159  -12.097  -58.540  54.464 0.7777780294
35720  -12.645  -54.551  56.405 0.7777780294
34652  -13.628  -55.516  52.217 0.5555559993
37906  -13.369  -52.467  59.976 0.5555559993
39049  -12.920  -52.596  61.369 0.4444440007
37980  -13.032  -53.139  57.232 0.8888890147
36830  -12.926  -53.886  55.865 0.7777780294
35734  -13.360  -54.256  54.171 0.6666669846
37930  -13.393  -52.566  59.160 0.8888890147
37948  -13.367  -52.615  58.400 0.8888890147
39031  -13.339  -52.218  61.845 0.4444440007
148676  -13.860  -51.800  61.100 0.6666669846
39068  -13.804  -51.939  59.394 0.8888890147
140491  -14.202  -51.772  62.980 0.3333329856
39032  -13.951  -51.737  61.993 0.4444440007
143257  -13.622  -52.578  56.859 0.8888890147
36831  -13.391  -53.342  55.299 0.7777780294
37992  -13.752  -52.683  55.519 0.8888890147
36841  -13.624  -53.540  54.462 0.6666669846
38025  -14.272  -53.165  53.042 0.6666669846
39051  -14.472  -51.477  60.547 0.7777780294
154688  -14.426  -51.513  61.312 0.4444440007
40250  -14.990  -50.928  61.095 0.5555559993
43784  -25.372  -47.290  65.636 0.5555559993
149350  -24.378  -47.838  65.331 0.5555559993
44832  -25.630  -46.973  65.797 0.5555559993
44833  -26.548  -46.821  66.115 0.5555559993
44850  -26.553  -46.996  64.109 0.5555559993
136535  -27.571  -46.652  65.990 0.4444440007
44882  -28.353  -47.593  61.359 0.8888890147
44895  -28.982  -47.368  60.874 0.7777780294
153745  -28.207  -47.204  62.161 0.7777780294
48045  -34.413  -43.611  62.857 0.3333329856
48056  -34.602  -43.318  62.016 0.2222220004
47018  -34.164  -44.433  59.357 0.5555559993
47017  -33.185  -45.360  59.742 0.4444440007
44897  -30.996  -46.727  60.222 0.7777780294
44929  -32.199  -46.674  58.378 0.8888890147
40252  -16.529  -50.662  61.072 0.7777780294
43790  -23.309  -47.341  64.632 0.5555559993
157030  -14.743  -51.117  55.182 0.8888890147
142408  -15.397  -50.500  56.532 0.7777780294
44838  -24.053  -46.921  64.780 0.5555559993
44863  -25.730  -47.033  63.181 0.7777780294
44864  -26.665  -47.388  62.841 0.7777780294
48079  -35.179  -43.223  59.120 0.5555559993
43837  -27.573  -48.070  60.451 1.0000000000
48087  -34.789  -44.087  58.670 0.5555559993
40371  -14.971  -51.373  51.734 0.6666669846
44909  -31.133  -47.195  59.233 0.8888890147
47040  -34.709  -44.997  57.142 0.7777780294
39182  -15.141  -51.296  51.037 0.6666669846
39192  -14.987  -51.836  50.511 0.5555559993
41594  -16.017  -50.260  51.115 0.6666669846
40277  -15.624  -50.600  58.483 0.7777780294
155276  -16.651  -50.465  59.469 0.7777780294
43789  -22.814  -46.497  64.181 0.6666669846
135177  -23.593  -46.126  63.677 0.5555559993
41536  -16.031  -49.819  56.155 0.7777780294
43822  -25.444  -47.524  61.406 0.8888890147
44880  -25.005  -46.873  62.350 0.8888890147
43836  -26.744  -48.203  60.465 1.0000000000
41562  -15.736  -49.943  53.796 0.8888890147
43852  -28.146  -47.970  59.720 1.0000000000
137027  -16.964  -49.196  49.170 0.5555559993
42706  -22.441  -47.962  61.116 0.2222220004
136305  -22.292  -46.352  62.903 0.5555559993
45909  -22.730  -45.931  63.645 0.6666669846
44879  -23.261  -45.894  61.903 0.8888890147
149338  -24.119  -46.370  62.885 0.6666669846
41537  -16.669  -49.722  56.618 0.7777780294
156870  -17.262  -49.673  57.055 0.7777780294
44894  -23.974  -46.522  61.191 0.8888890147
49147  -36.191  -43.094  57.827 0.6666669846
41523  -17.990  -49.547  57.079 0.7777780294
132762  -26.742  -48.414  58.932 1.0000000000
48114  -36.044  -43.630  56.385 0.7777780294
42773  -16.895  -48.993  53.937 0.8888890147
41551  -17.675  -49.110  55.639 0.7777780294
42794  -16.812  -49.053  52.674 0.7777780294
157188  -18.284  -48.929  55.785 0.7777780294
42785  -17.566  -48.786  53.500 0.7777780294
130502  -18.361  -48.786  55.262 0.7777780294
42805  -16.968  -48.954  51.884 0.7777780294
43921  -19.274  -47.977  54.153 0.8888890147
42806  -17.618  -48.817  51.182 0.7777780294
43942  -18.947  -47.996  51.876 0.7777780294
44974  -28.427  -46.862  55.300 0.8888890147
42843  -17.638  -48.774  48.673 0.4444440007
42691  -20.020  -48.409  62.090 0.1111110002
141562  -20.316  -47.237  61.689 0.6666669846
145438  -20.965  -47.403  61.389 0.4444440007
154828  -20.310  -46.606  61.136 0.6666669846
44878  -21.489  -46.814  61.378 0.6666669846
41500  -18.165  -49.966  59.184 0.7777780294
50150  -37.641  -41.242  58.240 0.4444440007
51208  -37.880  -40.139  59.491 0.3333329856
41512  -18.488  -49.744  58.564 0.7777780294
44905  -22.509  -46.428  59.204 1.0000000000
42744  -18.956  -49.360  57.209 0.7777780294
49164  -36.782  -42.897  56.509 0.6666669846
50180  -37.549  -42.119  56.720 0.6666669846
50181  -37.990  -41.042  56.362 0.6666669846
42753  -19.749  -49.114  56.903 0.7777780294
130740  -24.707  -47.817  59.040 1.0000000000
43869  -25.710  -48.239  58.823 1.0000000000
48121  -35.010  -43.968  55.212 0.8888890147
51230  -38.160  -40.351  57.028 0.6666669846
43871  -27.180  -48.214  58.177 1.0000000000
43888  -26.587  -48.060  57.375 1.0000000000
50192  -36.668  -41.377  54.490 0.8888890147
42762  -19.646  -48.451  55.510 0.8888890147
48128  -33.835  -43.932  54.151 0.8888890147
50218  -35.478  -41.807  53.834 0.8888890147
43899  -27.273  -47.749  56.569 0.8888890147
46060  -31.002  -45.499  53.891 1.0000000000
43950  -19.617  -47.353  51.486 0.7777780294
43923  -20.944  -46.850  55.056 0.8888890147
45046  -20.272  -46.637  51.054 0.6666669846
45022  -20.786  -45.996  52.301 0.7777780294
45053  -20.650  -45.959  49.756 0.5555559993
143495  -18.996  -48.823  60.336 0.7777780294
43866  -20.321  -47.946  59.135 0.7777780294
42737  -19.086  -49.421  58.181 0.7777780294
42738  -19.704  -48.795  58.649 0.7777780294
153049  -21.803  -46.626  58.687 1.0000000000
150359  -38.644  -39.250  56.787 0.5555559993
136959  -20.261  -48.512  57.052 0.7777780294
43884  -21.157  -47.182  57.268 0.8888890147
44924  -23.006  -47.001  58.816 1.0000000000
51243  -38.167  -40.071  56.103 0.6666669846
138269  -38.472  -39.543  55.987 0.6666669846
133540  -39.398  -38.285  57.496 0.4444440007
43895  -21.031  -47.115  56.552 0.8888890147
52295  -37.817  -39.835  54.147 0.8888890147
51273  -36.434  -40.282  53.280 0.8888890147
43897  -24.825  -47.825  56.517 0.8888890147
47067  -32.048  -45.030  54.024 1.0000000000
48137  -33.715  -43.736  53.294 0.8888890147
155218  -35.716  -40.638  52.814 0.8888890147
53325  -37.403  -39.832  53.417 0.8888890147
44992  -29.755  -46.337  54.817 0.8888890147
144449  -28.988  -46.618  54.774 0.8888890147
156371  -32.763  -44.549  52.927 0.8888890147
48154  -33.634  -43.373  52.442 0.7777780294
50232  -34.848  -41.622  52.465 0.8888890147
52317  -36.215  -39.928  52.081 0.8888890147
46054  -21.573  -46.080  53.533 0.7777780294
46032  -21.918  -46.248  54.257 1.0000000000
46033  -22.093  -46.090  54.043 0.8888890147
44990  -28.225  -46.676  54.324 0.8888890147
148387  -31.463  -45.115  53.346 0.7777780294
151717  -33.163  -43.373  51.698 0.8888890147
51303  -35.363  -40.277  51.209 0.8888890147
53356  -36.870  -39.546  52.285 0.8888890147
46058  -28.833  -45.868  52.761 0.8888890147
47108  -31.784  -44.520  52.149 0.7777780294
46079  -29.656  -45.526  52.637 0.8888890147
47107  -30.815  -44.751  51.843 0.7777780294
47128  -32.371  -43.945  51.652 0.7777780294
49232  -33.382  -42.891  51.191 0.7777780294
50243  -34.478  -41.120  51.001 1.0000000000
52342  -35.792  -39.261  50.692 0.7777780294
47144  -31.240  -44.289  50.455 0.7777780294
49269  -32.764  -42.847  49.740 0.7777780294
144551  -27.638  -45.714  51.020 0.7777780294
138978  -29.637  -45.044  50.724 0.7777780294
46108  -30.297  -44.672  50.581 0.7777780294
48203  -32.108  -43.201  49.474 0.7777780294
50294  -33.313  -41.291  48.876 0.6666669846
51329  -33.833  -40.420  49.418 0.6666669846
47157  -31.110  -44.146  49.645 0.6666669846
146142  -31.480  -43.378  48.089 0.5555559993
47168  -30.994  -44.043  48.871 0.5555559993
140913  -32.419  -42.504  48.292 0.6666669846
51343  -33.410  -40.119  48.730 0.6666669846
47166  -29.706  -44.728  48.025 0.5555559993
49296  -32.298  -42.294  47.522 0.4444440007
49309  -31.740  -42.737  46.980 0.4444440007
50331  -32.271  -41.351  46.571 0.4444440007
50353  -31.989  -41.106  45.854 0.4444440007
46004  -21.822  -46.924  56.734 1.0000000000
55399  -40.056  -37.273  58.296 0.4444440007
46017  -22.133  -46.643  55.422 1.0000000000
44957  -23.148  -47.270  56.012 0.8888890147
54314  -40.126  -38.231  56.536 0.4444440007
46018  -22.404  -46.481  54.747 0.8888890147
43925  -24.782  -47.327  54.917 0.8888890147
47106  -22.035  -45.052  52.129 0.6666669846
46056  -22.165  -45.700  53.331 0.7777780294
133735  -21.700  -44.565  50.944 0.6666669846
45039  -26.626  -46.044  51.684 0.7777780294
46105  -27.321  -45.606  50.386 0.6666669846
46134  -29.089  -45.138  48.389 0.5555559993
47189  -30.106  -44.250  46.607 0.5555559993
49326  -31.600  -42.617  46.017 0.2222220004
48255  -30.375  -43.569  45.102 0.1111110002
51387  -31.753  -40.748  45.065 0.2222220004
50352  -31.654  -41.795  45.141 0.2222220004
49341  -30.881  -41.715  43.904 0.1111110002
51396  -31.388  -40.365  44.299 0.1111110002
53456  -31.650  -37.745  46.160 0.3333329856
53464  -30.858  -38.100  44.634 0.1111110002
55413  -41.466  -37.150  56.955 0.4444440007
55426  -40.924  -37.800  56.262 0.4444440007
54336  -40.571  -38.572  54.739 0.8888890147
45023  -23.871  -46.023  52.866 0.7777780294
44987  -25.092  -46.888  54.117 0.7777780294
137669  -26.130  -46.563  52.976 0.7777780294
45037  -25.033  -46.092  51.866 0.7777780294
45009  -25.335  -46.625  53.171 0.7777780294
47139  -21.583  -44.146  50.225 0.6666669846
47140  -22.327  -44.221  50.583 0.5555559993
45038  -25.849  -46.098  51.733 0.7777780294
46091  -25.326  -45.788  51.130 0.7777780294
48210  -21.177  -43.725  48.642 0.3333329856
135592  -22.197  -43.653  49.108 0.4444440007
137244  -26.936  -45.545  49.562 0.6666669846
47141  -23.382  -44.531  50.323 0.5555559993
155247  -25.606  -45.294  48.663 0.5555559993
145219  -27.248  -45.436  47.508 0.4444440007
48264  -30.141  -43.273  44.388 0.1111110002
49340  -30.267  -41.852  43.842 0.1111110002
48263  -29.348  -43.290  44.558 0.1111110002
50369  -29.183  -41.047  43.737 0.1111110002
55373  -42.212  -36.162  60.014 0.1111110002
56426  -42.793  -35.918  59.737 0.2222220004
55361  -44.216  -36.195  59.901 0.2222220004
54255  -44.087  -36.724  60.117 0.1111110002
56454  -42.367  -36.397  58.212 0.3333329856
56455  -42.887  -35.940  57.868 0.2222220004
55414  -42.396  -36.825  56.543 0.6666669846
55427  -41.735  -37.331  55.991 0.5555559993
54345  -40.705  -38.761  53.897 0.8888890147
54329  -42.033  -37.674  55.210 0.8888890147
53372  -39.667  -38.223  51.298 0.8888890147
46130  -26.144  -45.360  47.911 0.5555559993
55375  -45.814  -36.082  59.301 0.1111110002
54286  -45.615  -37.591  59.080 0.1111110002
55415  -43.104  -36.421  56.188 0.5555559993
56443  -45.402  -35.500  59.129 0.2222220004
156066  -46.093  -36.306  59.075 0.2222220004
54272  -46.373  -36.489  58.608 0.1111110002
54287  -46.211  -37.243  58.528 0.1111110002
55435  -42.834  -37.354  54.937 0.7777780294
54347  -42.591  -38.357  53.587 0.8888890147
54355  -41.967  -38.588  52.884 0.8888890147
54348  -43.444  -38.027  53.369 0.8888890147
57536  -45.979  -34.984  58.232 0.2222220004
56458  -45.260  -35.238  57.687 0.2222220004
56474  -45.377  -35.525  56.579 0.2222220004
54378  -42.198  -37.803  50.843 1.0000000000
57537  -46.736  -34.850  58.085 0.2222220004
56506  -45.934  -36.009  53.787 0.6666669846
55444  -44.671  -37.000  53.646 0.6666669846
54368  -44.809  -37.882  51.562 1.0000000000
54391  -41.661  -37.344  49.210 1.0000000000
58673  -48.287  -33.732  55.850 0.3333329856
56497  -47.247  -35.082  54.083 0.5555559993
55460  -45.814  -37.431  51.718 1.0000000000
55467  -44.823  -37.117  50.018 1.0000000000
55476  -43.193  -36.864  49.255 1.0000000000
56545  -47.230  -36.057  50.272 1.0000000000
55503  -41.862  -36.156  47.147 1.0000000000
56572  -43.652  -35.942  48.140 1.0000000000
59678  -49.527  -32.898  56.727 0.1111110002
56559  -46.116  -35.913  49.268 1.0000000000
57734  -41.832  -34.875  45.044 0.4444440007
157675  -42.119  -34.472  44.821 0.2222220004
57749  -42.452  -33.979  44.553 0.3333329856
59679  -50.039  -33.062  56.991 0.1111110002
58694  -48.642  -33.376  53.488 0.4444440007
57654  -48.340  -34.117  50.641 0.7777780294
58713  -48.047  -34.214  49.911 0.8888890147
59761  -48.127  -33.171  48.691 0.8888890147
60695  -48.544  -31.825  49.437 0.7777780294
148449  -47.671  -33.887  48.984 1.0000000000
57687  -45.746  -34.740  48.131 1.0000000000
58746  -47.005  -33.285  47.572 0.8888890147
58778  -43.604  -33.609  45.305 0.5555559993
62625  -46.433  -29.804  45.277 0.8888890147
59821  -41.988  -31.898  42.404 0.2222220004
60750  -43.599  -31.086  43.323 0.6666669846
60643  -49.305  -31.048  55.080 0.2222220004
151194  -48.804  -30.979  54.535 0.2222220004
62556  -47.649  -28.558  50.246 0.5555559993
62596  -47.496  -29.003  47.408 0.8888890147
63675  -47.345  -28.125  48.049 0.8888890147
157096  -46.639  -29.183  45.700 0.7777780294
62674  -42.378  -29.672  41.120 0.4444440007
61544  -49.114  -30.280  54.662 0.3333329856
151251  -47.777  -28.234  51.959 0.3333329856
64731  -47.997  -27.377  52.497 0.3333329856
65926  -47.821  -26.528  49.229 0.6666669846
67952  -48.836  -25.292  50.591 0.4444440007
67943  -48.883  -25.161  51.587 0.3333329856
150431  -48.133  -26.596  48.592 0.7777780294
66971  -49.001  -25.465  49.655 0.3333329856
65968  -47.914  -27.433  46.961 0.7777780294
131775  -43.672  -29.355  41.368 0.7777780294
63782  -45.220  -29.362  42.040 0.7777780294
61534  -49.840  -30.594  55.063 0.2222220004
62503  -48.671  -29.022  54.005 0.3333329856
63602  -48.359  -28.428  53.407 0.3333329856
64720  -48.440  -27.025  52.929 0.3333329856
65868  -49.516  -25.594  52.627 0.3333329856
68893  -49.467  -23.969  52.175 0.3333329856
130933  -50.048  -24.676  50.365 0.3333329856
68894  -50.327  -23.641  52.130 0.3333329856
68883  -51.565  -23.162  53.000 0.3333329856
66993  -49.852  -26.193  48.099 0.6666669846
66972  -49.915  -25.147  49.456 0.4444440007
142589  -51.311  -24.625  49.674 0.3333329856
138596  -49.394  -26.802  47.460 0.7777780294
67965  -50.800  -25.099  49.118 0.6666669846
63749  -47.767  -29.504  43.818 0.7777780294
62660  -47.155  -29.757  42.273 0.7777780294
63826  -47.092  -28.636  39.068 0.7777780294
62710  -45.521  -29.554  39.486 0.7777780294
62711  -46.432  -29.462  39.541 0.7777780294
63845  -45.813  -28.488  37.967 0.5555559993
64942  -46.597  -28.093  38.318 0.7777780294
66095  -46.469  -25.969  37.396 0.5555559993
67922  -50.638  -24.142  53.456 0.3333329856
66922  -52.645  -24.403  53.282 0.2222220004
69795  -52.402  -23.063  53.120 0.2222220004
68896  -52.577  -22.903  51.559 0.2222220004
70786  -54.106  -22.208  51.926 0.2222220004
68911  -52.544  -23.595  50.490 0.3333329856
70817  -54.240  -22.697  51.094 0.2222220004
68913  -54.079  -22.868  49.583 0.2222220004
155189  -51.136  -25.662  48.593 0.6666669846
67967  -53.308  -24.015  48.538 0.3333329856
130707  -54.358  -23.394  48.526 0.2222220004
68922  -53.911  -23.223  48.597 0.2222220004
65956  -51.220  -26.922  47.330 0.6666669846
130066  -54.140  -23.637  47.767 0.2222220004
152077  -44.147  -26.928  36.450 0.1111110002
67095  -47.465  -25.860  38.308 0.6666669846
66113  -43.682  -26.598  36.219 0.1111110002
67112  -46.090  -25.850  36.788 0.5555559993
130278  -54.465  -23.768  48.074 0.2222220004
130393  -53.773  -23.986  47.111 0.2222220004
148022  -53.257  -24.761  46.650 0.4444440007
69062  -48.754  -24.810  37.856 0.7777780294
151501  -45.297  -25.378  35.359 0.3333329856
69992  -49.667  -23.581  38.831 0.7777780294
148066  -52.929  -25.671  46.053 0.3333329856
130568  -52.584  -26.382  45.817 0.4444440007
67059  -50.979  -25.842  42.572 0.7777780294
67058  -50.647  -25.620  41.780 0.7777780294
69102  -45.824  -23.872  34.854 0.3333329856
69084  -46.847  -24.009  35.965 0.3333329856
69073  -48.030  -24.162  36.811 0.5555559993
70033  -46.633  -23.466  34.815 0.3333329856
142997  -49.791  -22.743  37.932 0.7777780294
130045  -53.024  -26.560  44.755 0.3333329856
130238  -50.982  -23.710  44.048 0.4444440007
69950  -50.340  -21.916  43.357 0.5555559993
71910  -50.864  -21.173  43.297 0.5555559993
70035  -47.864  -23.013  34.921 0.2222220004
70018  -49.847  -22.880  36.534 0.7777780294
70010  -50.317  -22.564  37.098 0.7777780294
71011  -53.396  -21.322  34.259 0.7777780294
70981  -53.789  -21.295  36.222 0.7777780294
137891  -54.443  -20.597  34.178 0.7777780294
130054  -52.884  -25.855  43.721 0.3333329856
130053  -52.340  -24.697  44.460 0.4444440007
69907  -50.994  -22.669  44.815 0.4444440007
130405  -51.127  -21.893  45.315 0.4444440007
72837  -52.055  -19.959  46.414 0.4444440007
154506  -49.486  -22.481  34.421 0.3333329856
70019  -50.553  -22.645  36.374 0.7777780294
152557  -51.275  -22.554  36.205 0.7777780294
70066  -49.957  -22.433  33.981 0.4444440007
70055  -50.958  -22.373  34.935 0.5555559993
70994  -51.663  -22.428  35.598 0.7777780294
71849  -52.166  -20.962  47.201 0.4444440007
73883  -54.399  -18.224  45.736 0.4444440007
73859  -53.594  -18.360  47.205 0.4444440007
74889  -55.134  -17.842  47.562 0.4444440007
73952  -55.524  -18.696  42.525 0.5555559993
75024  -58.608  -17.776  38.701 0.6666669846
74019  -58.318  -18.413  35.416 0.7777780294
73840  -56.762  -17.810  47.264 0.4444440007
73962  -57.141  -18.283  41.270 0.6666669846
75070  -58.520  -17.816  34.688 0.7777780294
75937  -57.877  -17.249  46.196 0.4444440007
73885  -58.993  -18.465  46.126 0.3333329856
135498  -57.417  -17.473  44.176 0.5555559993
75945  -58.505  -16.757  45.260 0.4444440007
74996  -57.801  -17.862  40.937 0.6666669846
140380  -59.195  -17.237  39.209 0.6666669846
141030  -58.951  -16.968  34.648 0.7777780294
76085  -58.583  -16.665  33.886 0.7777780294
76112  -57.980  -16.372  32.014 0.7777780294
76025  -59.669  -16.689  39.750 0.6666669846
77094  -58.618  -15.996  33.436 0.7777780294
134476  -59.082  -16.543  44.770 0.4444440007
155008  -61.223  -15.862  43.409 0.5555559993
77058  -60.013  -15.886  37.815 0.6666669846
77080  -59.890  -15.716  36.022 0.7777780294
141043  -59.411  -15.344  34.495 0.7777780294
77095  -58.960  -15.163  33.643 0.7777780294
78143  -59.242  -14.258  33.474 0.7777780294
78190  -54.262  -14.285  28.622 0.5555559993
77029  -61.148  -15.087  42.516 0.5555559993
77051  -60.971  -15.175  40.596 0.6666669846
78103  -61.468  -14.124  38.720 0.6666669846
78111  -61.395  -13.794  37.946 0.6666669846
79137  -60.738  -13.582  36.083 0.6666669846
78178  -56.511  -14.619  29.321 0.5555559993
78180  -58.393  -14.425  29.632 0.7777780294
78168  -58.703  -14.814  30.306 0.7777780294
77030  -61.666  -14.769  42.083 0.5555559993
78076  -62.638  -14.341  40.733 0.5555559993
78091  -62.490  -13.919  40.330 0.5555559993
79138  -61.383  -12.938  36.534 0.5555559993
79143  -60.532  -13.379  35.326 0.6666669846
79151  -60.268  -13.057  34.520 0.6666669846
79159  -59.802  -13.031  33.653 0.7777780294
79158  -59.515  -13.099  32.839 0.7777780294
79173  -59.522  -13.755  31.215 0.7777780294
80146  -63.342  -12.007  37.784 0.4444440007
80165  -61.504  -12.255  35.945 0.5555559993
79146  -64.490  -13.006  36.110 0.2222220004
81099  -60.782  -11.580  34.250 0.6666669846
81092  -62.777  -10.781  36.212 0.6666669846
81994  -62.348  -10.539  35.437 0.6666669846
82004  -62.809  -9.804  35.118 0.6666669846
20337  -8.878  -68.259  55.022 0.2222220004
21504  -8.821  -67.140  54.218 0.4444440007
22714  -8.595  -66.177  54.171 0.4444440007
20335  -8.049  -67.669  53.651 0.3333329856
150899  -8.502  -66.776  53.536 0.4444440007
157233  -8.810  -65.296  53.526 0.4444440007
23960  -8.361  -65.770  53.509 0.4444440007
148275  -8.422  -65.214  52.879 0.4444440007
143596  -8.063  -66.224  52.657 0.3333329856
22724  -8.048  -65.747  52.619 0.3333329856
23972  -8.724  -64.466  52.103 0.4444440007
22734  -7.412  -65.049  51.549 0.3333329856
136696  -7.545  -65.139  51.786 0.3333329856
23971  -7.889  -65.036  52.113 0.3333329856
22741  -7.338  -65.117  51.377 0.2222220004
23970  -6.767  -64.090  51.276 0.3333329856
134312  -7.373  -64.349  51.472 0.3333329856
141160  -9.481  -63.672  51.863 0.3333329856
25228  -8.659  -63.684  51.455 0.1111110002
23969  -6.022  -63.648  51.175 0.3333329856
23985  -7.870  -64.296  51.546 0.3333329856
25217  -7.093  -63.729  51.511 0.2222220004
140287  -7.704  -63.472  51.272 0.2222220004
26495  -8.494  -62.811  50.930 0.1111110002
23984  -5.929  -63.686  51.045 0.3333329856
23996  -5.966  -63.859  50.645 0.2222220004
26484  -10.094  -62.892  51.801 0.3333329856
25229  -9.419  -63.053  51.282 0.1111110002
156804  -9.885  -62.594  51.259 0.1111110002
25216  -6.596  -63.419  51.369 0.2222220004
26496  -9.517  -62.307  50.765 0.1111110002
27761  -10.094  -61.563  50.499 0.1111110002
26482  -6.226  -62.735  51.386 0.2222220004
26483  -6.709  -62.870  51.398 0.2222220004
26494  -7.462  -62.669  51.098 0.2222220004
26505  -8.746  -62.076  50.462 0.2222220004
26481  -5.951  -62.819  51.342 0.2222220004
25226  -5.666  -63.319  50.963 0.2222220004
23995  -5.677  -63.555  50.270 0.2222220004
28967  -10.722  -61.214  50.922 0.1111110002
152965  -10.444  -60.847  50.171 0.1111110002
27760  -9.350  -61.626  50.201 0.2222220004
27733  -7.011  -62.133  51.036 0.2222220004
27759  -8.498  -61.383  50.225 0.1111110002
28991  -9.550  -60.658  49.595 0.1111110002
28968  -11.167  -60.663  51.389 0.1111110002
28981  -11.042  -60.440  50.614 0.1111110002
28952  -11.469  -60.442  52.145 0.3333329856
27770  -9.839  -61.059  49.931 0.2222220004
28980  -10.762  -60.142  49.809 0.1111110002
27748  -7.818  -61.945  50.750 0.2222220004
156698  -8.659  -60.964  49.893 0.1111110002
141513  -10.118  -60.457  49.556 0.1111110002
30139  -9.484  -60.005  49.255 0.1111110002
131067  -11.785  -60.234  52.873 0.4444440007
30116  -11.609  -59.902  51.309 0.3333329856
30141  -11.050  -59.417  49.536 0.1111110002
149493  -11.510  -59.119  49.978 0.2222220004
31218  -11.800  -58.510  50.142 0.3333329856
28979  -8.109  -60.601  50.272 0.1111110002
30140  -10.332  -59.687  49.222 0.1111110002
28990  -8.897  -60.603  49.648 0.1111110002
31232  -11.359  -58.700  49.400 0.1111110002
31202  -11.748  -59.087  50.752 0.3333329856
31203  -12.091  -58.200  51.133 0.3333329856
32413  -12.062  -57.881  50.362 0.2222220004
137878  -12.393  -57.407  50.814 0.3333329856
31231  -9.200  -58.370  49.049 0.1111110002
31251  -10.548  -58.238  48.720 0.1111110002
31252  -11.192  -58.135  48.877 0.1111110002
32430  -11.807  -57.905  49.508 0.1111110002
33572  -12.590  -56.744  50.200 0.3333329856
32451  -11.003  -57.506  48.549 0.1111110002
32452  -11.596  -57.358  48.837 0.1111110002
32431  -12.111  -57.099  49.419 0.1111110002
149730  -12.451  -56.477  49.326 0.1111110002
32453  -12.030  -56.613  48.779 0.1111110002
34690  -12.857  -55.940  49.756 0.2222220004
33561  -12.836  -56.778  51.261 0.4444440007
34676  -13.085  -56.067  50.774 0.5555559993
33591  -11.423  -56.733  48.440 0.1111110002
34691  -13.214  -55.244  49.278 0.1111110002
132390  -12.576  -55.832  48.786 0.1111110002
34709  -12.968  -55.061  48.579 0.1111110002
34662  -13.603  -55.525  51.270 0.5555559993
34677  -13.444  -55.403  50.276 0.5555559993
36866  -14.257  -53.950  50.389 0.3333329856
35774  -13.807  -54.702  49.780 0.3333329856
35786  -13.629  -54.517  48.704 0.2222220004
36875  -14.056  -54.045  49.386 0.2222220004
36876  -14.461  -53.350  49.494 0.3333329856
143179  -14.116  -53.666  48.608 0.2222220004
38050  -14.565  -52.700  48.574 0.2222220004
36888  -13.998  -53.149  47.884 0.1111110002
36861  -14.509  -53.295  51.193 0.3333329856
38039  -14.769  -52.550  50.814 0.4444440007
38042  -14.846  -52.450  49.774 0.3333329856
38061  -14.242  -52.289  47.685 0.2222220004
39211  -14.746  -51.912  48.055 0.3333329856
39205  -15.252  -51.254  49.564 0.4444440007
40408  -15.579  -50.718  47.954 0.3333329856
41629  -16.001  -50.298  48.343 0.3333329856
41653  -15.822  -50.142  47.384 0.2222220004
145778  -16.376  -49.787  47.933 0.3333329856
41682  -16.029  -48.763  46.936 0.2222220004
42863  -16.717  -48.684  47.247 0.3333329856
42889  -17.152  -48.053  47.038 0.3333329856
43983  -19.488  -47.301  48.529 0.3333329856
53386  -38.785  -38.258  51.015 0.7777780294
54376  -39.512  -37.880  50.454 0.8888890147
44017  -17.413  -47.294  46.904 0.3333329856
44018  -18.066  -47.092  46.948 0.3333329856
43999  -19.297  -47.219  47.736 0.3333329856
53382  -35.924  -38.654  50.370 0.6666669846
53383  -36.204  -38.089  50.241 0.6666669846
54374  -36.836  -37.757  49.745 0.6666669846
54377  -40.418  -37.886  50.785 0.8888890147
53385  -37.878  -38.148  50.755 0.6666669846
54375  -37.731  -37.789  49.935 0.6666669846
134117  -38.626  -37.872  50.173 0.7777780294
136045  -40.205  -37.674  49.835 0.8888890147
152895  -39.296  -37.648  49.571 0.7777780294
53399  -35.389  -38.042  49.844 0.6666669846
54387  -36.076  -37.776  49.652 0.6666669846
54388  -37.522  -37.594  49.065 0.7777780294
147044  -38.424  -37.610  49.298 0.7777780294
54389  -39.037  -37.487  48.721 0.7777780294
54386  -34.863  -37.855  49.199 0.6666669846
130678  -36.491  -37.615  48.913 0.6666669846
133125  -38.815  -37.478  47.868 0.7777780294
54403  -39.586  -37.359  48.202 0.7777780294
54400  -34.570  -37.667  48.441 0.6666669846
138077  -38.193  -37.548  48.419 0.7777780294
152772  -36.387  -37.541  47.946 0.6666669846
132404  -37.078  -37.652  47.445 0.6666669846
54414  -37.934  -37.604  47.479 0.7777780294
54399  -33.620  -37.762  48.223 0.5555559993
131881  -37.343  -37.701  46.769 0.6666669846
131149  -38.052  -37.621  46.696 0.5555559993
54413  -36.281  -37.604  46.894 0.5555559993
131252  -36.094  -37.649  45.866 0.5555559993
54429  -35.211  -37.506  47.053 0.6666669846
153921  -35.468  -37.539  46.406 0.5555559993
137739  -41.288  -37.701  50.124 0.8888890147
143935  -39.879  -37.480  48.993 0.7777780294
54404  -40.353  -37.289  48.438 0.7777780294
54405  -41.129  -37.144  48.510 0.8888890147
131729  -40.072  -37.177  47.748 0.7777780294
54416  -39.406  -37.379  47.423 0.7777780294
54415  -38.709  -37.570  47.021 0.7777780294
54432  -39.374  -37.336  46.564 0.5555559993
131480  -36.925  -37.770  46.013 0.5555559993
54431  -38.547  -37.543  46.203 0.4444440007
132740  -33.234  -37.083  46.646 0.5555559993
54451  -36.584  -37.700  45.308 0.4444440007
54452  -37.285  -37.694  45.255 0.4444440007
54448  -32.833  -36.766  45.985 0.3333329856
54449  -34.029  -37.076  45.594 0.4444440007
54450  -35.160  -37.512  45.661 0.4444440007
134273  -35.868  -37.627  44.994 0.4444440007
55493  -42.291  -36.354  47.823 0.8888890147
48212  -22.307  -43.237  48.485 0.3333329856
47152  -22.926  -43.909  49.338 0.3333329856
139272  -39.893  -37.136  47.126 0.7777780294
54417  -40.577  -36.809  47.262 0.7777780294
47163  -22.880  -43.675  48.825 0.3333329856
47164  -23.649  -44.060  48.763 0.3333329856
47173  -23.962  -43.809  47.766 0.3333329856
47154  -24.203  -44.585  49.108 0.3333329856
54433  -40.113  -36.882  46.562 0.6666669846
55501  -40.808  -36.482  46.523 0.7777780294
54454  -39.763  -37.014  45.984 0.4444440007
131559  -39.116  -37.284  45.679 0.4444440007
54477  -38.930  -37.100  44.819 0.4444440007
54476  -38.293  -37.309  44.446 0.2222220004
55492  -41.227  -36.447  47.037 0.7777780294
47165  -24.454  -44.523  48.322 0.3333329856
133793  -41.043  -36.085  45.909 0.7777780294
55519  -40.376  -36.580  45.897 0.4444440007
55538  -39.412  -36.593  44.327 0.2222220004
46115  -24.933  -44.977  49.032 0.4444440007
47174  -24.652  -44.618  47.265 0.3333329856
46143  -26.413  -45.236  46.823 0.2222220004
135061  -40.618  -36.139  45.233 0.3333329856
47186  -27.626  -45.110  45.909 0.1111110002
55518  -39.778  -36.718  45.217 0.2222220004
56616  -40.813  -35.581  44.610 0.3333329856
56642  -40.300  -35.565  43.766 0.2222220004
58847  -40.015  -33.060  40.683 0.1111110002
59820  -41.693  -32.730  42.617 0.1111110002
145597  -41.490  -32.334  42.074 0.1111110002
62757  -45.018  -29.074  37.782 0.4444440007
63865  -44.621  -28.578  37.243 0.4444440007
60769  -42.249  -31.092  41.891 0.2222220004
137807  -39.774  -32.330  40.181 0.1111110002
62708  -43.749  -29.536  39.277 0.4444440007
62709  -44.606  -29.595  39.438 0.4444440007
135448  -40.943  -31.725  41.053 0.1111110002
60757  -41.589  -31.738  41.698 0.1111110002
139865  -42.664  -29.101  40.643 0.3333329856
63825  -43.090  -29.222  39.868 0.4444440007
61698  -41.706  -29.989  40.818 0.1111110002
80215  -59.089  -12.983  28.910 0.6666669846
80231  -59.335  -12.225  28.526 0.6666669846
81136  -60.464  -11.386  29.193 0.6666669846
79189  -58.761  -13.692  29.319 0.6666669846
81150  -59.516  -11.394  28.217 0.6666669846
79188  -57.773  -13.710  29.176 0.6666669846
80214  -58.111  -12.985  28.857 0.6666669846
80230  -58.413  -12.290  28.516 0.6666669846
81149  -58.567  -11.466  28.164 0.6666669846
82048  -58.722  -10.596  27.747 0.6666669846
82061  -58.906  -9.587  27.365 0.6666669846
156149  -60.348  -8.610  27.296 0.6666669846
83923  -59.838  -8.327  26.660 0.6666669846
84833  -60.311  -8.060  26.338 0.6666669846
141281  -51.453  -22.125  34.201 0.5555559993
71010  -52.796  -21.787  34.604 0.6666669846
140155  -52.182  -21.879  34.027 0.5555559993
155880  -52.840  -21.578  33.941 0.5555559993
82034  -60.498  -10.611  31.173 0.6666669846
71025  -53.155  -21.160  33.513 0.5555559993
79190  -59.550  -13.442  29.584 0.6666669846
80206  -60.033  -12.917  30.069 0.6666669846
81135  -60.053  -11.921  28.792 0.6666669846
151087  -60.724  -10.443  30.304 0.6666669846
79182  -59.676  -13.670  30.399 0.6666669846
84853  -60.041  -8.019  26.017 0.6666669846
79201  -56.969  -12.660  28.819 0.6666669846
132717  -56.764  -11.468  28.550 0.6666669846
81148  -56.710  -10.524  28.317 0.6666669846
82060  -57.728  -9.817  27.424 0.6666669846
83012  -58.677  -8.907  26.971 0.6666669846
83030  -58.347  -9.072  26.493 0.6666669846
83955  -59.419  -8.229  25.966 0.6666669846
83956  -60.202  -8.272  25.822 0.6666669846
84866  -61.811  -7.502  25.245 0.6666669846
81147  -55.972  -10.526  28.528 0.6666669846
83004  -56.778  -9.916  27.910 0.6666669846
83954  -58.950  -8.452  26.092 0.6666669846
79200  -55.156  -13.052  28.784 0.4444440007
145986  -55.958  -12.774  28.814 0.5555559993
82059  -56.261  -9.880  27.787 0.6666669846
82079  -57.037  -9.507  26.911 0.6666669846
71037  -51.963  -21.592  32.613 0.5555559993
72991  -54.727  -19.947  33.170 0.5555559993
80196  -59.967  -12.001  31.577 0.6666669846
138845  -60.283  -11.456  31.100 0.6666669846
80207  -60.227  -12.161  30.612 0.6666669846
80217  -60.312  -12.133  29.636 0.6666669846
86769  -62.976  -5.440  27.445 0.3333329856
85744  -62.007  -6.335  26.890 0.5555559993
84876  -61.272  -8.215  25.255 0.6666669846
83040  -58.582  -9.013  26.174 0.6666669846
82093  -58.479  -9.494  25.804 0.6666669846
83049  -59.691  -9.279  25.438 0.6666669846
83969  -61.526  -8.377  24.336 0.6666669846
151938  -54.500  -12.379  28.754 0.4444440007
80227  -54.998  -11.706  28.698 0.5555559993
81146  -55.240  -10.536  28.535 0.5555559993
82045  -55.501  -10.077  28.351 0.6666669846
83010  -56.013  -9.870  27.611 0.6666669846
82077  -55.818  -9.996  27.218 0.6666669846
83050  -60.421  -9.372  24.944 0.6666669846
83982  -61.467  -8.977  23.681 0.6666669846
84877  -61.985  -7.573  23.775 0.6666669846
134255  -53.085  -12.597  28.685 0.4444440007
80226  -53.979  -11.400  28.864 0.4444440007
81145  -54.300  -10.591  28.528 0.5555559993
82044  -54.837  -10.089  28.248 0.6666669846
82078  -56.533  -9.891  26.873 0.6666669846
80225  -53.198  -11.436  28.866 0.4444440007
81144  -53.471  -10.688  28.569 0.4444440007
81164  -53.894  -10.156  28.139 0.4444440007
132730  -53.422  -10.470  27.733 0.4444440007
82076  -54.754  -10.053  27.655 0.6666669846
81110  -64.403  -11.127  33.771 0.1111110002
75948  -60.498  -16.857  44.676 0.3333329856
80182  -64.474  -12.063  33.923 0.1111110002
144596  -61.620  -17.820  41.956 0.3333329856
80173  -64.498  -12.087  34.948 0.1111110002
81101  -64.435  -11.263  34.709 0.1111110002
75018  -62.403  -17.470  39.630 0.2222220004
150117  -63.258  -16.146  38.309 0.2222220004
81997  -64.203  -10.607  35.366 0.1111110002
78112  -63.917  -14.839  37.468 0.2222220004
83908  -61.115  -7.965  30.354 0.5555559993
72061  -53.061  -20.598  31.673 0.3333329856
84887  -62.218  -7.352  22.844 0.5555559993
82092  -57.027  -9.959  26.528 0.6666669846
83981  -61.114  -9.041  24.497 0.6666669846
81182  -55.343  -10.583  26.696 0.6666669846
82091  -56.216  -10.328  26.460 0.6666669846
151180  -59.926  -9.877  24.909 0.6666669846
81143  -52.695  -10.845  28.537 0.4444440007
81163  -53.100  -10.507  28.133 0.4444440007
132550  -54.435  -10.956  26.821 0.6666669846
78060  -62.669  -14.865  41.071 0.3333329856
76018  -63.133  -15.974  40.149 0.2222220004
77060  -63.648  -15.622  38.806 0.2222220004
77061  -63.947  -14.836  38.317 0.2222220004
77043  -63.132  -14.979  40.373 0.3333329856
78104  -63.752  -14.594  39.111 0.3333329856
79122  -63.803  -13.516  38.385 0.2222220004
79105  -63.244  -13.544  39.454 0.4444440007
80127  -63.424  -12.633  38.259 0.3333329856
138341  -61.868  -8.211  23.290 0.6666669846
83996  -61.748  -8.920  22.775 0.6666669846
81196  -56.960  -11.102  25.713 0.6666669846
81210  -57.946  -11.509  25.153 0.6666669846
82108  -60.520  -10.225  24.341 0.6666669846
135610  -61.095  -10.427  23.545 0.6666669846
81161  -51.430  -11.102  28.010 0.3333329856
157841  -51.594  -11.210  27.443 0.4444440007
81195  -55.964  -11.429  25.863 0.6666669846
81197  -57.759  -10.223  25.803 0.6666669846
82107  -58.780  -10.771  25.126 0.6666669846
82119  -59.810  -10.766  24.570 0.6666669846
83061  -61.107  -9.665  24.099 0.6666669846
150393  -61.687  -9.633  22.431 0.5555559993
84006  -62.040  -8.996  21.818 0.4444440007
80262  -55.749  -12.505  25.137 0.4444440007
81209  -57.361  -12.141  25.053 0.6666669846
80276  -57.912  -12.435  24.412 0.6666669846
82120  -60.588  -11.125  23.809 0.6666669846
82136  -61.086  -11.220  22.964 0.6666669846
83062  -61.418  -9.666  23.190 0.6666669846
83110  -62.809  -8.830  18.956 0.4444440007
157303  -55.336  -12.718  24.712 0.4444440007
80275  -57.120  -12.611  24.463 0.6666669846
81211  -58.714  -12.009  24.508 0.6666669846
83085  -62.174  -8.775  20.803 0.4444440007
81225  -59.989  -11.775  23.924 0.6666669846
83072  -61.788  -10.108  21.705 0.5555559993
83099  -62.088  -9.902  20.604 0.4444440007
82157  -61.859  -10.646  20.034 0.4444440007
148454  -56.661  -12.845  23.908 0.6666669846
80289  -58.563  -12.674  23.680 0.6666669846
81238  -60.842  -11.853  22.271 0.5555559993
82147  -61.704  -10.900  21.046 0.5555559993
82169  -62.563  -9.546  18.387 0.4444440007
151735  -56.886  -12.843  23.213 0.6666669846
80304  -58.388  -12.794  22.695 0.6666669846
80306  -59.970  -12.368  22.464 0.6666669846
80320  -60.384  -12.207  21.535 0.5555559993
81258  -60.709  -11.859  20.744 0.5555559993
146143  -60.913  -11.468  20.065 0.5555559993
81257  -59.237  -11.673  20.273 0.5555559993
137886  -60.237  -11.689  20.121 0.5555559993
80288  -55.275  -12.695  23.598 0.4444440007
136322  -56.119  -12.756  23.388 0.5555559993
80300  -54.829  -12.246  23.112 0.4444440007
80317  -57.945  -12.612  21.962 0.5555559993
80319  -59.546  -12.464  21.668 0.5555559993
80329  -59.056  -12.288  21.105 0.5555559993
80330  -59.933  -12.203  20.871 0.5555559993
81236  -54.477  -11.407  22.764 0.5555559993
136389  -55.201  -11.632  22.494 0.5555559993
133771  -56.531  -11.770  21.694 0.5555559993
81246  -57.619  -12.107  21.500 0.5555559993
81256  -58.442  -11.773  20.745 0.5555559993
82135  -54.283  -10.550  22.620 0.4444440007
145393  -54.945  -10.577  22.267 0.5555559993
145003  -55.474  -11.042  21.963 0.5555559993
83070  -54.498  -9.768  22.417 0.4444440007
144566  -54.676  -9.036  22.166 0.5555559993
83995  -55.204  -8.547  21.729 0.3333329856
84906  -55.628  -7.601  21.537 0.4444440007
84896  -54.877  -7.716  21.973 0.3333329856
84895  -54.224  -7.740  22.455 0.3333329856
85796  -55.182  -6.786  21.923 0.2222220004
54410  -33.299  -37.471  47.403 0.5555559993
155808  -32.783  -37.400  47.028 0.5555559993
54411  -34.371  -37.495  47.621 0.5555559993
54430  -37.737  -37.667  46.041 0.5555559993
85715  -62.832  -6.234  30.055 0.4444440007
84865  -61.080  -8.000  25.856 0.6666669846
131703  -60.689  -8.204  27.042 0.6666669846
86761  -62.287  -6.245  28.378 0.4444440007
83924  -60.946  -8.457  27.851 0.6666669846
85721  -62.770  -6.266  29.139 0.5555559993
85696  -63.498  -6.775  31.047 0.3333329856
83006  -60.741  -9.904  28.725 0.6666669846
82025  -60.437  -10.410  32.180 0.5555559993
82985  -60.665  -9.720  31.732 0.6666669846
82049  -59.707  -10.574  27.908 0.6666669846
42842  -16.815  -49.061  48.094 0.3333329856
43982  -18.840  -47.704  48.051 0.3333329856
47153  -23.587  -44.357  49.553 0.3333329856
46129  -25.193  -45.010  48.005 0.3333329856
139429  -41.381  -36.663  47.761 0.8888890147
61699  -42.450  -30.190  41.409 0.2222220004
62692  -42.421  -29.259  40.834 0.4444440007
63804  -43.399  -29.165  40.908 0.4444440007
64957  -45.051  -27.591  37.096 0.4444440007
70995  -52.521  -21.984  35.489 0.6666669846
74973  -61.193  -17.259  43.314 0.3333329856
155200  -53.066  -13.596  28.483 0.4444440007
153020  -61.313  -18.321  41.398 0.2222220004
73963  -61.445  -18.252  40.930 0.2222220004
76011  -62.864  -15.784  40.848 0.3333329856
157369  -62.701  -17.092  40.376 0.2222220004
73971  -61.870  -17.798  40.561 0.2222220004
79104  -62.862  -13.449  39.647 0.5555559993
79199  -53.825  -12.426  28.746 0.4444440007
79120  -63.200  -12.894  39.058 0.5555559993
79130  -64.051  -13.345  37.642 0.2222220004
142435  -64.231  -14.011  37.168 0.2222220004
80147  -63.774  -12.152  37.658 0.3333329856
83898  -60.882  -8.926  31.344 0.6666669846
83899  -61.463  -8.207  31.724 0.5555559993
82005  -64.059  -9.927  35.004 0.2222220004
72046  -54.222  -20.353  33.017 0.5555559993
28951  -10.989  -61.324  51.983 0.3333329856
39204  -15.074  -51.661  49.817 0.4444440007
42864  -17.580  -48.419  47.688 0.3333329856
47175  -25.449  -45.065  46.875 0.1111110002
54390  -40.758  -37.475  49.179 0.7777780294
62691  -41.693  -29.310  40.436 0.1111110002
62734  -45.341  -29.337  38.551 0.4444440007
79088  -63.070  -13.861  40.217 0.4444440007
20336  -8.478  -67.950  54.363 0.2222220004
21521  -7.740  -65.974  51.858 0.2222220004
21531  -7.526  -66.415  51.458 0.2222220004
21530  -7.156  -65.448  50.775 0.2222220004
23983  -5.696  -63.526  50.718 0.2222220004
145476  -10.340  -62.068  51.304 0.1111110002
30128  -11.359  -59.725  50.285 0.1111110002
27747  -7.103  -61.083  50.800 0.1111110002
30151  -10.707  -58.903  48.976 0.1111110002
30150  -9.905  -59.023  48.836 0.1111110002
142660  -12.202  -57.409  50.063 0.3333329856
135381  -13.914  -54.813  50.851 0.5555559993
36887  -13.656  -53.940  47.986 0.2222220004
36901  -13.384  -53.343  47.564 0.1111110002
38060  -13.611  -52.589  47.374 0.1111110002
36867  -14.607  -53.138  50.328 0.3333329856
143075  -14.954  -51.694  48.948 0.3333329856
39212  -15.094  -51.244  48.067 0.3333329856
43998  -17.878  -47.717  47.210 0.3333329856
42865  -18.254  -47.903  47.691 0.3333329856
150880  -18.656  -47.328  47.283 0.3333329856
54401  -35.548  -37.612  48.598 0.6666669846
54412  -35.409  -37.527  47.750 0.6666669846
54402  -37.295  -37.569  48.190 0.7777780294
54428  -34.405  -37.334  46.644 0.5555559993
152389  -40.692  -37.012  47.960 0.7777780294
54453  -38.219  -37.517  45.273 0.4444440007
139046  -33.289  -36.716  45.143 0.4444440007
154247  -22.059  -42.813  48.016 0.3333329856
55539  -40.161  -36.175  44.479 0.2222220004
59827  -40.697  -32.688  41.193 0.1111110002
59828  -41.168  -32.316  41.602 0.1111110002
62733  -44.411  -29.497  38.500 0.4444440007
60768  -41.651  -30.897  41.244 0.1111110002
62732  -43.535  -29.597  38.365 0.4444440007
62707  -42.888  -29.409  39.151 0.4444440007
80216  -59.846  -12.699  29.167 0.6666669846
81130  -60.536  -11.303  30.211 0.6666669846
81151  -60.154  -11.158  28.496 0.6666669846
136985  -60.517  -10.773  28.802 0.6666669846
142207  -57.591  -11.430  28.337 0.6666669846
82047  -57.623  -10.568  27.950 0.6666669846
83005  -60.079  -9.846  27.761 0.6666669846
83013  -60.592  -9.142  27.855 0.6666669846
133722  -57.896  -9.208  27.045 0.6666669846
82062  -59.618  -8.923  27.174 0.6666669846
83918  -61.003  -8.863  28.681 0.6666669846
84834  -61.185  -7.773  26.933 0.6666669846
154501  -51.393  -21.879  32.748 0.4444440007
71038  -52.824  -21.168  32.811 0.4444440007
82994  -60.791  -9.744  30.787 0.6666669846
146238  -60.870  -9.823  29.845 0.6666669846
85763  -61.756  -6.984  26.485 0.6666669846
80228  -55.957  -11.539  28.671 0.6666669846
82046  -56.027  -10.002  28.257 0.6666669846
83011  -57.032  -9.617  27.208 0.6666669846
83039  -57.784  -9.435  26.488 0.6666669846
83041  -59.070  -8.753  25.823 0.6666669846
131606  -61.775  -7.257  25.924 0.6666669846
82058  -55.565  -9.848  28.015 0.6666669846
71049  -51.782  -21.478  31.819 0.3333329856
142261  -53.171  -20.786  32.341 0.4444440007
155316  -62.303  -6.175  26.502 0.3333329856
86768  -62.429  -5.910  27.618 0.3333329856
85727  -61.868  -6.546  27.658 0.5555559993
82094  -59.251  -9.751  25.295 0.6666669846
80224  -52.423  -11.640  28.723 0.4444440007
81181  -53.938  -10.388  27.593 0.5555559993
81180  -52.802  -10.880  27.393 0.4444440007
76038  -63.258  -16.369  38.837 0.2222220004
157837  -62.824  -16.969  39.766 0.2222220004
76037  -62.664  -16.719  38.420 0.2222220004
139223  -62.508  -17.371  40.216 0.2222220004
77068  -63.567  -15.619  37.895 0.2222220004
76047  -62.646  -16.308  37.604 0.2222220004
78113  -64.058  -14.117  37.933 0.2222220004
84816  -61.720  -7.288  30.183 0.5555559993
84817  -62.387  -6.889  30.663 0.5555559993
83913  -61.044  -8.399  29.563 0.6666669846
145344  -61.021  -8.226  31.005 0.6666669846
83914  -61.285  -7.739  29.667 0.6666669846
84805  -61.784  -7.553  31.057 0.5555559993
72044  -52.548  -21.102  32.118 0.3333329856
81142  -51.933  -11.127  28.409 0.4444440007
81162  -52.220  -10.813  28.008 0.4444440007
81179  -52.111  -11.317  26.977 0.4444440007
80247  -52.739  -11.662  26.323 0.4444440007
80248  -53.519  -11.221  26.834 0.4444440007
78092  -63.425  -14.182  39.910 0.3333329856
77053  -63.482  -15.223  39.676 0.2222220004
78105  -63.863  -14.163  38.577 0.2222220004
79121  -63.496  -13.058  38.838 0.3333329856
80263  -56.647  -12.257  25.209 0.5555559993
81194  -55.069  -11.762  25.925 0.4444440007
80290  -59.354  -12.327  23.863 0.6666669846
82121  -61.437  -10.394  22.652 0.6666669846
80274  -56.407  -12.679  24.585 0.5555559993
81226  -60.470  -11.849  23.156 0.6666669846
82158  -62.265  -9.713  19.435 0.4444440007
79239  -55.771  -12.828  24.242 0.5555559993
80305  -59.219  -12.624  23.032 0.6666669846
81248  -61.146  -11.675  21.348 0.5555559993
81259  -61.341  -11.352  20.463 0.4444440007
143830  -57.586  -12.828  23.562 0.6666669846
80302  -56.517  -12.480  22.514 0.6666669846
80316  -57.196  -12.345  21.922 0.5555559993
80318  -58.740  -12.602  21.842 0.6666669846
80301  -55.623  -12.378  22.844 0.5555559993
139087  -57.118  -11.719  21.424 0.5555559993
81247  -58.240  -12.197  21.343 0.5555559993
81237  -55.852  -11.796  22.098 0.5555559993
81245  -55.971  -11.009  21.492 0.5555559993
144239  -56.649  -11.034  21.136 0.5555559993
82145  -55.540  -10.234  21.631 0.4444440007
83083  -55.745  -9.297  21.379 0.4444440007
135809  -54.518  -7.148  22.232 0.3333329856
85714  -62.460  -6.592  29.910 0.5555559993
85706  -63.530  -6.613  30.221 0.3333329856
84828  -61.273  -7.769  27.741 0.6666669846
84835  -61.511  -7.174  27.551 0.6666669846
84829  -61.686  -6.997  28.396 0.6666669846
86762  -62.947  -5.801  28.243 0.2222220004
84823  -61.694  -7.154  29.363 0.6666669846
82999  -60.975  -9.200  29.433 0.6666669846
83907  -60.937  -8.896  30.338 0.6666669846
28861  -10.071  -60.008  60.821 0.3333329856
30021  -9.671  -59.177  60.903 0.3333329856
30023  -10.404  -58.921  61.082 0.2222220004
141168  -10.501  -59.869  60.842 0.2222220004
31095  -10.148  -58.235  61.430 0.2222220004
34581  -10.780  -55.047  63.375 0.1111110002
31115  -9.072  -58.271  60.462 0.4444440007
34576  -10.246  -55.030  63.427 0.3333329856
141793  -10.890  -53.997  62.088 0.3333329856
35692  -10.352  -54.690  61.629 0.3333329856
35682  -11.115  -54.384  63.818 0.2222220004
35681  -10.741  -54.517  63.560 0.2222220004
36753  -10.988  -53.846  63.655 0.2222220004
41446  -26.225  -48.899  64.306 0.2222220004
138835  -27.014  -49.124  64.291 0.2222220004
41447  -27.508  -48.715  64.574 0.2222220004
40202  -27.691  -49.672  63.698 0.1111110002
41448  -28.172  -49.044  64.148 0.2222220004
42676  -26.626  -48.137  65.033 0.3333329856
42670  -25.882  -47.562  65.791 0.3333329856
41444  -28.503  -48.420  64.583 0.2222220004
138831  -26.713  -47.344  66.137 0.3333329856
42672  -28.091  -47.573  65.425 0.2222220004
43788  -29.565  -47.012  65.024 0.2222220004
44836  -30.334  -46.499  64.725 0.2222220004
44834  -28.550  -46.391  65.590 0.3333329856
42677  -29.479  -47.703  64.407 0.2222220004
43786  -27.843  -46.803  66.056 0.2222220004
43787  -28.690  -46.907  65.540 0.2222220004
43791  -30.192  -47.364  64.182 0.2222220004
43793  -31.489  -46.640  63.577 0.2222220004
145920  -29.106  -48.307  64.019 0.2222220004
48043  -32.943  -43.973  63.604 0.3333329856
48044  -33.628  -43.827  63.189 0.2222220004
156962  -32.815  -44.801  61.264 0.3333329856
46994  -33.062  -44.376  61.861 0.3333329856
45938  -32.235  -45.281  60.968 0.3333329856
45955  -32.577  -45.691  60.044 0.3333329856
44835  -29.815  -46.171  65.263 0.2222220004
45900  -30.570  -45.962  64.922 0.2222220004
44853  -32.384  -46.227  63.520 0.2222220004
44842  -28.246  -46.261  65.245 0.3333329856
45898  -29.054  -45.917  65.232 0.3333329856
45904  -30.550  -45.639  64.705 0.3333329856
44843  -31.119  -46.148  64.444 0.2222220004
44844  -32.016  -45.923  64.317 0.2222220004
45906  -32.376  -45.294  64.388 0.2222220004
45902  -28.988  -45.823  64.702 0.3333329856
45911  -29.655  -45.690  64.039 0.3333329856
45912  -30.364  -45.258  64.287 0.3333329856
46973  -30.959  -44.903  63.741 0.3333329856
46985  -32.335  -44.399  63.331 0.3333329856
45910  -28.894  -46.091  63.691 0.5555559993
45922  -29.543  -45.933  63.061 0.3333329856
131446  -30.252  -45.325  63.451 0.3333329856
45923  -30.815  -45.105  62.755 0.3333329856
46984  -31.620  -44.798  63.040 0.3333329856
44866  -28.878  -46.623  62.650 0.6666669846
45936  -30.180  -45.782  62.459 0.3333329856
45924  -31.448  -45.107  62.048 0.3333329856
155866  -31.933  -45.267  61.599 0.3333329856
44867  -29.549  -46.400  62.097 0.5555559993
45953  -31.132  -46.113  60.905 0.3333329856
135120  -31.578  -45.627  61.272 0.3333329856
45954  -31.794  -46.093  60.380 0.3333329856
154195  -30.137  -46.225  61.673 0.4444440007
44884  -30.515  -46.459  61.037 0.5555559993
53369  -36.536  -38.614  50.779 0.6666669846
53371  -38.041  -38.659  51.496 0.7777780294
53370  -37.262  -38.606  51.106 0.7777780294
152101  -11.492  -53.371  63.713 0.2222220004
36757  -11.404  -53.683  62.789 0.2222220004
136937  -12.037  -52.961  62.595 0.2222220004
30020  -9.404  -58.501  61.057 0.3333329856
32303  -8.919  -57.710  60.064 0.4444440007
34588  -9.304  -55.858  61.155 0.3333329856
35687  -9.745  -55.075  62.604 0.3333329856
34584  -9.418  -55.849  62.280 0.3333329856
42675  -25.207  -48.339  64.734 0.3333329856
139581  -25.719  -48.131  65.159 0.3333329856
146749  -27.023  -46.917  66.315 0.4444440007
44852  -28.349  -46.269  64.269 0.3333329856
47005  -32.939  -44.993  60.460 0.3333329856
36769  -10.943  -54.067  61.047 0.4444440007
149025  -10.634  -59.407  60.859 0.2222220004
31092  -9.138  -58.083  60.995 0.3333329856
35688  -10.266  -54.569  62.725 0.3333329856
42671  -27.376  -47.821  65.354 0.2222220004
40203  -28.534  -49.836  63.329 0.1111110002
42673  -28.931  -47.694  64.965 0.2222220004
137538  -30.782  -46.774  64.056 0.2222220004
42678  -29.776  -48.163  63.695 0.2222220004
43792  -30.838  -47.405  63.467 0.2222220004
46993  -32.359  -44.863  62.127 0.3333329856
48054  -32.950  -43.991  62.786 0.2222220004
46971  -32.761  -44.744  64.278 0.3333329856
45903  -29.750  -45.668  64.895 0.3333329856
46969  -31.170  -45.098  64.329 0.3333329856
46970  -31.994  -44.867  64.442 0.2222220004
45937  -30.793  -45.683  61.706 0.3333329856
20325  -11.716  -66.911  56.502 0.1111110002
22703  -11.719  -65.949  57.267 0.1111110002
22698  -11.112  -65.477  57.705 0.2222220004
23935  -11.502  -64.754  58.218 0.2222220004
26426  -12.127  -61.738  60.028 0.1111110002
27657  -11.715  -60.247  60.668 0.1111110002
26425  -10.987  -62.067  60.121 0.1111110002
148653  -12.138  -60.763  60.532 0.1111110002
27656  -10.929  -60.459  60.633 0.1111110002
27666  -10.583  -61.348  60.325 0.1111110002
37871  -12.482  -52.851  64.169 0.1111110002
39000  -13.220  -52.571  64.366 0.1111110002
37863  -12.398  -53.152  64.348 0.1111110002
37870  -11.881  -52.794  64.132 0.1111110002
32297  -10.032  -57.471  61.790 0.1111110002
37876  -12.591  -52.735  63.181 0.1111110002
39004  -13.027  -52.404  63.689 0.1111110002
33468  -11.094  -56.904  60.867 0.1111110002
141645  -11.037  -55.547  62.490 0.1111110002
35680  -11.585  -54.107  63.907 0.1111110002
37887  -12.743  -52.671  62.181 0.2222220004
39015  -13.034  -52.412  62.752 0.2222220004
141657  -11.172  -59.417  60.618 0.1111110002
30031  -11.423  -59.302  60.508 0.1111110002
32295  -9.959  -57.576  61.700 0.1111110002
33467  -10.415  -56.961  61.696 0.1111110002
33465  -9.178  -56.912  61.232 0.1111110002
33462  -9.662  -55.995  62.578 0.2222220004
34579  -9.842  -55.515  62.879 0.2222220004
37886  -12.334  -52.897  61.559 0.3333329856
70076  -50.084  -22.386  33.214 0.2222220004
71023  -51.565  -21.902  33.373 0.4444440007
73001  -54.563  -19.817  32.552 0.4444440007
82168  -62.003  -10.168  18.113 0.3333329856
82184  -62.050  -9.738  16.907 0.3333329856
86819  -64.302  -5.484  24.542 0.2222220004
143113  -64.505  -6.058  24.015 0.1111110002
85798  -63.742  -6.638  22.375 0.3333329856
82156  -58.159  -11.104  20.133 0.4444440007
81268  -59.820  -11.336  19.328 0.4444440007
81282  -60.399  -10.816  18.299 0.3333329856
82167  -57.944  -10.305  19.380 0.2222220004
81281  -59.494  -10.794  18.509 0.2222220004
86802  -63.204  -5.507  26.004 0.2222220004
132035  -63.773  -5.162  25.095 0.2222220004
86830  -64.053  -5.802  23.881 0.2222220004
84897  -62.087  -8.025  22.273 0.3333329856
81270  -61.410  -10.896  19.362 0.3333329856
149614  -62.011  -10.299  19.053 0.3333329856
81269  -60.651  -11.192  19.287 0.3333329856
85764  -62.347  -6.629  25.303 0.3333329856
85765  -63.204  -5.936  25.215 0.3333329856
85776  -62.971  -6.288  24.338 0.3333329856
85775  -62.249  -6.986  24.266 0.4444440007
85786  -62.298  -6.953  23.370 0.4444440007
86828  -63.488  -6.120  23.601 0.4444440007
85797  -63.450  -6.694  22.142 0.4444440007
85810  -63.385  -7.128  21.314 0.3333329856
84898  -62.834  -7.163  21.816 0.3333329856
84917  -62.975  -7.413  20.658 0.3333329856
84007  -62.351  -7.911  21.205 0.3333329856
83086  -62.719  -8.036  20.238 0.3333329856
85819  -63.119  -7.604  20.462 0.3333329856
83100  -62.383  -8.863  19.922 0.3333329856
84039  -62.946  -8.185  19.467 0.3333329856
25169  -10.815  -63.272  59.160 0.2222220004
23931  -11.829  -64.129  58.749 0.2222220004
32296  -9.306  -57.360  61.336 0.2222220004
26431  -11.611  -62.764  59.600 0.1111110002
27665  -10.078  -61.459  60.173 0.1111110002
36761  -11.787  -53.492  61.843 0.3333329856
45060  -20.148  -46.557  49.044 0.4444440007
34583  -9.142  -56.429  61.860 0.2222220004
70067  -50.698  -22.278  33.894 0.3333329856
72062  -53.811  -20.290  32.225 0.4444440007
84888  -62.758  -6.725  22.714 0.4444440007
83122  -62.882  -9.298  18.488 0.3333329856
71022  -50.840  -22.100  32.916 0.2222220004
31103  -10.353  -58.177  61.364 0.1111110002
34580  -10.163  -55.324  63.230 0.1111110002
36750  -12.229  -53.404  64.170 0.1111110002
32294  -9.536  -57.150  61.704 0.1111110002
33464  -10.008  -56.519  62.222 0.1111110002
34586  -10.836  -56.233  61.863 0.1111110002
34585  -10.279  -55.723  62.739 0.1111110002
35686  -12.645  -54.035  62.912 0.1111110002
33461  -9.340  -56.463  62.198 0.1111110002
81283  -61.232  -10.575  18.143 0.3333329856
86818  -63.930  -5.291  24.400 0.2222220004
86838  -63.669  -6.309  22.987 0.4444440007
81267  -58.860  -10.938  19.421 0.4444440007
42731  -39.164  -48.591  59.080 0.1111110002
41495  -38.859  -49.950  59.381 0.1111110002
45973  -36.907  -44.980  58.954 0.1111110002
43856  -36.616  -47.325  59.105 0.1111110002
43874  -37.327  -47.070  58.697 0.1111110002
45984  -38.336  -45.734  58.304 0.1111110002
41492  -36.232  -49.868  59.918 0.1111110002
42728  -35.935  -48.096  59.751 0.1111110002
43857  -37.560  -47.831  59.132 0.1111110002
43858  -38.552  -47.797  59.102 0.1111110002
40245  -35.992  -50.974  61.401 0.1111110002
152402  -36.127  -50.400  61.028 0.1111110002
41493  -37.243  -49.857  59.701 0.1111110002
41502  -38.066  -49.490  59.457 0.1111110002
37944  -35.655  -51.745  59.919 0.1111110002
146646  -36.895  -51.547  59.993 0.1111110002
135567  -38.091  -51.168  59.570 0.1111110002
39086  -35.150  -51.388  58.332 0.1111110002
39089  -37.822  -51.102  58.641 0.1111110002
47007  -37.097  -44.419  60.112 0.1111110002
45971  -35.859  -45.750  59.910 0.1111110002
45972  -36.425  -45.740  59.162 0.1111110002
42721  -35.005  -48.302  60.153 0.1111110002
44899  -34.852  -46.602  60.444 0.1111110002
39012  -30.881  -51.338  63.308 0.1111110002
41481  -34.914  -50.258  60.662 0.1111110002
42710  -34.008  -48.711  61.039 0.1111110002
44885  -34.254  -46.727  60.926 0.1111110002
39014  -32.296  -51.255  63.014 0.1111110002
39025  -33.183  -51.347  62.343 0.1111110002
40230  -34.357  -50.938  62.080 0.1111110002
42695  -32.930  -48.268  61.687 0.1111110002
37920  -34.307  -51.777  60.318 0.1111110002
39085  -34.307  -51.332  58.379 0.1111110002
39102  -34.606  -51.030  57.450 0.1111110002
48048  -38.003  -42.868  61.622 0.1111110002
48066  -37.945  -43.235  61.409 0.1111110002
46996  -36.961  -43.967  62.022 0.1111110002
151894  -36.607  -44.466  60.786 0.1111110002
45940  -35.917  -44.662  61.973 0.1111110002
136347  -36.446  -45.052  59.943 0.1111110002
44870  -34.991  -45.407  62.187 0.1111110002
41449  -28.929  -49.229  63.538 0.1111110002
154907  -30.350  -50.740  63.286 0.1111110002
43797  -32.738  -46.597  62.649 0.1111110002
44868  -33.525  -46.147  62.428 0.1111110002
41451  -30.199  -48.818  63.007 0.1111110002
42682  -30.836  -48.302  62.845 0.1111110002
42683  -31.562  -48.818  62.293 0.1111110002
43809  -32.474  -47.527  62.165 0.1111110002
50103  -37.425  -41.411  61.595 0.1111110002
49070  -37.455  -42.562  61.718 0.1111110002
46987  -36.463  -43.952  62.230 0.1111110002
49069  -36.377  -43.018  62.024 0.1111110002
45927  -35.923  -44.666  62.748 0.1111110002
49059  -35.926  -43.503  62.635 0.1111110002
49057  -35.002  -43.734  63.237 0.1111110002
49058  -35.604  -43.543  63.002 0.1111110002
44855  -33.679  -45.423  63.224 0.1111110002
46976  -34.262  -44.615  63.987 0.1111110002
42679  -30.376  -47.973  63.461 0.1111110002
46972  -33.458  -44.632  64.158 0.1111110002
50102  -36.789  -41.665  61.536 0.1111110002
50119  -36.126  -41.806  61.177 0.1111110002
49082  -36.135  -42.321  61.992 0.2222220004
49081  -35.355  -42.898  61.968 0.2222220004
47006  -33.475  -44.350  60.997 0.2222220004
53384  -37.019  -38.055  50.517 0.5555559993
145813  -35.719  -37.561  44.183 0.2222220004
54475  -37.569  -37.511  44.455 0.2222220004
49097  -34.787  -42.984  61.142 0.2222220004
49098  -35.551  -42.530  61.124 0.2222220004
42718  -21.648  -48.293  60.956 0.2222220004
48055  -33.743  -43.762  62.152 0.1111110002
48034  -34.327  -43.942  63.605 0.1111110002
54473  -34.991  -37.472  44.644 0.2222220004
152277  -29.202  -50.007  63.006 0.1111110002
43795  -31.454  -47.601  62.846 0.1111110002
43796  -32.042  -46.968  62.751 0.1111110002
41450  -29.589  -49.060  63.274 0.1111110002
44845  -32.803  -45.641  64.103 0.1111110002
45907  -33.157  -45.141  64.195 0.1111110002
42730  -38.306  -48.679  59.317 0.1111110002
40262  -38.331  -50.357  59.526 0.1111110002
45982  -36.961  -45.806  58.595 0.1111110002
45983  -37.451  -45.514  58.446 0.1111110002
44912  -35.424  -46.540  59.863 0.1111110002
43855  -35.860  -47.263  59.514 0.1111110002
44913  -36.084  -46.517  59.310 0.1111110002
143120  -36.727  -48.111  59.441 0.1111110002
43875  -37.999  -47.161  58.637 0.1111110002
44931  -37.614  -46.381  58.489 0.1111110002
44932  -38.365  -46.592  58.525 0.1111110002
40260  -36.859  -50.440  60.545 0.1111110002
41491  -35.373  -49.601  60.224 0.1111110002
42722  -36.603  -48.900  59.796 0.1111110002
42729  -37.424  -48.805  59.478 0.1111110002
40243  -34.695  -50.707  61.668 0.1111110002
39027  -34.994  -50.949  61.807 0.1111110002
37899  -35.263  -51.751  61.138 0.1111110002
37923  -36.332  -51.594  60.955 0.1111110002
37924  -36.841  -51.397  60.573 0.1111110002
40261  -37.593  -50.635  60.195 0.1111110002
39087  -36.039  -51.329  58.353 0.1111110002
37943  -34.856  -51.696  59.408 0.1111110002
39075  -37.529  -51.250  60.174 0.1111110002
156108  -36.601  -51.273  58.791 0.1111110002
39106  -38.332  -50.824  58.041 0.1111110002
39124  -38.025  -50.836  57.051 0.1111110002
47008  -37.160  -43.832  61.231 0.1111110002
45956  -35.350  -45.848  60.650 0.1111110002
43841  -35.183  -47.362  59.920 0.1111110002
43840  -34.600  -47.369  60.363 0.1111110002
44886  -34.832  -45.961  61.286 0.1111110002
40218  -30.995  -50.807  63.345 0.1111110002
39013  -31.474  -51.142  63.406 0.1111110002
41480  -34.152  -49.808  60.935 0.1111110002
42711  -34.655  -49.019  60.771 0.1111110002
42709  -33.453  -47.992  61.270 0.1111110002
42696  -33.562  -49.054  61.375 0.1111110002
42720  -34.097  -47.844  60.728 0.1111110002
44869  -34.289  -46.055  61.879 0.1111110002
43811  -33.664  -46.947  61.433 0.1111110002
149846  -33.157  -52.001  61.758 0.1111110002
40219  -31.897  -50.842  63.180 0.1111110002
40229  -33.609  -51.035  62.306 0.1111110002
39040  -33.832  -51.786  61.846 0.1111110002
40228  -32.797  -50.977  62.792 0.1111110002
39026  -34.148  -51.175  62.098 0.1111110002
41468  -33.063  -50.557  62.112 0.1111110002
41469  -33.675  -50.309  61.512 0.1111110002
145292  -32.890  -49.499  61.555 0.1111110002
43810  -33.044  -47.201  61.872 0.1111110002
42694  -32.306  -48.603  61.958 0.1111110002
39084  -33.643  -51.151  58.369 0.1111110002
37898  -34.537  -51.811  61.152 0.1111110002
39062  -33.785  -51.771  61.101 0.1111110002
147591  -33.191  -51.376  59.706 0.1111110002
48047  -36.978  -43.501  61.814 0.1111110002
48057  -37.389  -43.407  61.639 0.1111110002
46995  -36.521  -44.303  61.658 0.1111110002
46986  -36.317  -44.235  62.304 0.1111110002
45957  -36.002  -45.021  60.932 0.1111110002
144033  -35.579  -44.998  62.404 0.1111110002
45939  -35.444  -45.305  61.584 0.1111110002
45926  -35.390  -45.023  62.996 0.1111110002
45915  -34.863  -44.870  63.514 0.1111110002
45925  -34.389  -45.297  62.843 0.1111110002
40204  -29.648  -50.006  62.918 0.1111110002
40205  -30.166  -49.970  62.804 0.1111110002
44854  -33.097  -45.846  63.333 0.1111110002
41458  -30.846  -49.727  62.460 0.1111110002
154897  -31.416  -49.995  62.066 0.1111110002
41459  -32.058  -50.065  61.751 0.1111110002
148976  -31.970  -47.846  62.376 0.1111110002
49083  -36.992  -42.049  61.937 0.1111110002
141542  -36.153  -44.198  62.751 0.1111110002
48035  -35.456  -43.999  63.234 0.1111110002
138432  -34.941  -44.315  63.519 0.1111110002
45914  -34.167  -45.064  63.814 0.1111110002
42705  -20.742  -48.063  61.418 0.1111110002
42707  -23.111  -47.896  61.502 0.1111110002
62754  -42.345  -29.662  37.305 0.2222220004
62731  -42.632  -29.656  38.224 0.2222220004
62773  -42.913  -29.107  36.576 0.2222220004
63864  -43.799  -28.863  37.004 0.2222220004
63883  -42.908  -28.167  36.121 0.2222220004
153300  -44.238  -27.821  36.718 0.2222220004
63823  -41.503  -28.902  39.812 0.2222220004
63824  -42.220  -29.035  39.797 0.3333329856
62729  -40.793  -29.247  38.128 0.1111110002
62730  -41.696  -29.500  38.176 0.2222220004
64733  -49.492  -27.085  52.653 0.1111110002
65895  -51.764  -26.110  51.639 0.1111110002
65881  -52.541  -25.526  52.388 0.1111110002
68884  -54.021  -23.671  52.217 0.1111110002
155023  -54.258  -21.093  44.680 0.3333329856
69114  -41.354  -23.147  35.005 0.1111110002
69116  -43.317  -23.085  34.680 0.1111110002
69100  -43.926  -23.984  34.754 0.1111110002
69101  -44.978  -24.055  34.572 0.1111110002
68914  -54.940  -23.560  50.013 0.1111110002
140016  -53.618  -20.802  47.817 0.3333329856
70956  -40.700  -21.829  38.751 0.1111110002
70006  -39.828  -22.587  37.448 0.1111110002
70007  -40.305  -22.532  38.168 0.1111110002
141699  -39.635  -22.905  36.062 0.1111110002
146686  -40.568  -22.540  35.120 0.1111110002
70045  -41.333  -22.194  34.714 0.1111110002
142846  -42.292  -22.617  34.668 0.1111110002
69117  -44.390  -23.340  34.293 0.1111110002
70049  -45.509  -23.167  33.894 0.1111110002
143804  -46.643  -23.267  34.589 0.2222220004
70967  -40.061  -21.896  37.754 0.1111110002
138864  -40.286  -21.178  37.997 0.1111110002
139593  -39.612  -21.927  36.846 0.1111110002
70992  -39.779  -21.192  35.599 0.1111110002
70044  -40.633  -21.808  34.865 0.1111110002
72022  -40.583  -20.344  34.640 0.1111110002
131120  -42.199  -21.774  34.383 0.1111110002
72023  -41.357  -20.280  34.111 0.1111110002
72024  -42.143  -20.939  34.094 0.1111110002
149811  -43.677  -22.091  33.845 0.1111110002
70048  -44.758  -22.967  33.815 0.1111110002
71007  -43.631  -21.600  33.493 0.1111110002
71020  -44.860  -22.380  33.310 0.1111110002
70061  -45.579  -22.877  33.666 0.1111110002
70062  -46.342  -23.037  34.059 0.1111110002
148290  -46.070  -22.721  33.532 0.1111110002
73995  -40.938  -18.822  37.487 0.1111110002
145392  -40.182  -20.367  37.629 0.1111110002
74007  -40.577  -18.726  36.541 0.1111110002
72974  -39.861  -19.671  35.965 0.1111110002
72984  -40.310  -19.538  35.172 0.1111110002
72010  -39.964  -20.377  35.317 0.1111110002
71018  -42.863  -20.857  33.563 0.1111110002
71019  -44.200  -21.764  33.098 0.1111110002
71021  -45.500  -22.337  33.056 0.1111110002
148849  -47.144  -22.336  32.883 0.1111110002
139684  -47.745  -22.429  33.198 0.1111110002
72989  -41.575  -19.460  33.870 0.1111110002
72041  -43.887  -20.385  32.343 0.1111110002
72043  -44.849  -21.225  32.066 0.1111110002
71033  -45.959  -22.042  32.282 0.1111110002
70073  -47.849  -22.235  32.227 0.1111110002
73000  -43.982  -19.482  32.042 0.1111110002
73010  -44.756  -19.489  31.646 0.1111110002
71043  -45.595  -21.397  31.706 0.1111110002
71045  -47.448  -21.841  31.490 0.1111110002
71035  -48.950  -22.151  32.109 0.1111110002
155330  -50.175  -22.123  32.119 0.1111110002
73011  -45.480  -19.258  31.300 0.1111110002
72058  -46.167  -20.820  31.107 0.1111110002
72069  -47.126  -21.109  31.025 0.1111110002
71056  -48.852  -21.452  30.781 0.1111110002
146894  -50.247  -21.743  31.211 0.1111110002
71048  -51.003  -21.738  31.464 0.1111110002
72070  -47.741  -20.584  30.517 0.1111110002
147866  -48.449  -20.916  30.451 0.1111110002
71057  -49.757  -21.409  30.650 0.1111110002
135122  -50.704  -20.572  30.136 0.1111110002
156336  -52.681  -20.583  31.253 0.2222220004
72084  -51.158  -19.942  29.847 0.1111110002
73025  -51.879  -20.166  30.216 0.1111110002
72075  -52.980  -20.271  31.000 0.2222220004
73014  -54.358  -19.620  31.766 0.3333329856
152267  -44.426  -18.793  31.814 0.1111110002
72068  -46.890  -20.177  30.715 0.1111110002
73024  -47.528  -19.631  30.231 0.1111110002
72081  -48.469  -20.125  29.945 0.1111110002
72071  -49.173  -20.855  30.209 0.1111110002
72082  -49.440  -20.165  29.713 0.1111110002
73041  -49.779  -19.434  29.376 0.1111110002
73042  -50.604  -19.372  29.356 0.1111110002
73043  -51.979  -19.601  29.696 0.1111110002
73044  -52.823  -19.157  29.745 0.1111110002
74063  -54.520  -18.659  30.566 0.3333329856
146605  -51.360  -19.326  29.340 0.1111110002
74076  -52.002  -18.976  28.906 0.1111110002
74078  -53.378  -18.401  29.539 0.3333329856
74079  -54.098  -18.326  29.989 0.3333329856
75123  -54.014  -17.671  29.413 0.3333329856
74047  -43.912  -18.462  32.154 0.1111110002
75097  -44.556  -18.060  31.910 0.1111110002
74052  -45.010  -18.605  31.559 0.1111110002
149878  -45.607  -18.436  31.268 0.1111110002
73023  -46.745  -19.206  30.565 0.1111110002
74061  -47.366  -18.576  30.160 0.1111110002
73039  -48.114  -19.140  29.660 0.1111110002
146613  -48.687  -18.757  29.449 0.1111110002
73040  -48.960  -19.413  29.488 0.1111110002
137803  -50.132  -18.736  29.023 0.1111110002
76147  -52.106  -16.664  28.306 0.2222220004
135765  -52.794  -16.974  28.460 0.3333329856
152382  -53.511  -17.122  28.846 0.3333329856
74083  -50.492  -17.988  28.586 0.1111110002
74084  -51.498  -18.193  28.543 0.1111110002
75132  -52.016  -17.461  28.391 0.1111110002
75133  -52.966  -17.783  28.847 0.3333329856
75098  -45.353  -17.740  31.576 0.1111110002
74053  -46.136  -17.926  30.989 0.1111110002
75108  -46.935  -17.832  30.531 0.1111110002
75109  -47.378  -17.145  30.605 0.1111110002
75110  -48.070  -16.981  30.036 0.1111110002
74072  -48.171  -18.323  29.674 0.1111110002
75121  -48.506  -17.595  29.671 0.1111110002
74073  -48.950  -18.148  29.366 0.1111110002
74074  -49.666  -18.087  28.936 0.1111110002
141015  -52.637  -16.181  28.297 0.2222220004
76149  -53.914  -16.005  28.665 0.3333329856
75129  -49.904  -17.462  28.676 0.1111110002
76140  -50.474  -16.378  28.593 0.1111110002
144989  -51.034  -15.815  28.491 0.1111110002
77139  -51.501  -15.105  28.344 0.2222220004
77141  -53.258  -15.699  28.401 0.2222220004
77138  -50.715  -14.916  28.714 0.1111110002
157061  -51.224  -14.301  28.560 0.1111110002
78187  -51.913  -14.250  28.367 0.2222220004
148262  -53.169  -14.986  28.340 0.3333329856
78186  -50.652  -13.758  28.874 0.1111110002
79197  -51.358  -13.283  28.665 0.2222220004
79198  -52.290  -13.079  28.580 0.2222220004
80223  -51.485  -11.926  28.719 0.2222220004
81141  -51.245  -11.353  28.358 0.3333329856
76106  -46.462  -16.680  31.721 0.1111110002
76105  -45.631  -16.808  32.042 0.1111110002
75099  -46.624  -17.211  31.018 0.1111110002
76122  -48.032  -16.571  30.867 0.1111110002
76123  -48.804  -16.550  30.512 0.1111110002
76138  -48.940  -16.958  29.682 0.1111110002
76124  -49.319  -16.284  30.035 0.1111110002
75122  -49.348  -17.394  29.163 0.1111110002
76139  -49.577  -16.590  29.241 0.1111110002
76145  -49.871  -16.823  28.724 0.1111110002
148437  -50.048  -16.098  28.919 0.1111110002
77129  -50.197  -15.260  29.102 0.1111110002
78176  -50.133  -14.271  29.254 0.1111110002
79186  -49.913  -13.136  29.285 0.1111110002
79196  -50.640  -12.594  28.876 0.1111110002
80222  -49.676  -11.881  28.786 0.1111110002
153876  -50.546  -11.754  28.585 0.2222220004
81178  -51.431  -11.491  26.470 0.3333329856
80261  -54.213  -12.058  25.897 0.3333329856
80259  -52.713  -12.107  25.341 0.3333329856
138470  -54.900  -12.546  25.157 0.3333329856
76092  -46.462  -16.320  32.680 0.1111110002
75100  -47.326  -16.528  31.397 0.1111110002
76107  -48.869  -16.326  31.497 0.1111110002
76108  -49.392  -16.163  31.323 0.1111110002
76109  -49.738  -15.953  31.641 0.1111110002
78156  -49.685  -15.461  31.346 0.1111110002
77117  -49.605  -15.825  30.662 0.1111110002
150548  -49.410  -14.737  31.211 0.1111110002
77128  -49.801  -15.710  29.572 0.1111110002
78165  -49.114  -14.013  30.050 0.1111110002
79185  -48.770  -13.237  29.884 0.1111110002
157258  -49.167  -13.053  29.580 0.1111110002
80213  -49.407  -12.410  29.266 0.1111110002
157252  -50.053  -12.287  29.002 0.1111110002
134591  -49.114  -11.450  28.512 0.1111110002
132374  -49.832  -11.487  28.234 0.1111110002
81159  -49.280  -11.176  27.945 0.1111110002
81160  -50.562  -11.348  27.911 0.1111110002
81177  -50.135  -11.319  26.757 0.1111110002
139851  -50.749  -11.429  26.075 0.1111110002
81192  -51.401  -11.543  25.490 0.1111110002
81193  -52.071  -11.711  25.899 0.3333329856
80258  -52.144  -11.730  25.085 0.2222220004
137228  -54.028  -12.510  24.238 0.3333329856
80287  -54.586  -12.563  23.736 0.3333329856
79164  -48.738  -13.159  32.154 0.1111110002
80194  -48.196  -12.379  31.692 0.1111110002
79171  -48.427  -13.338  31.229 0.1111110002
80205  -48.065  -12.609  30.731 0.1111110002
79181  -48.533  -13.313  30.403 0.1111110002
80212  -48.257  -12.593  30.056 0.1111110002
80211  -47.844  -11.950  30.275 0.1111110002
81139  -47.855  -10.898  29.221 0.1111110002
82043  -48.134  -10.522  28.468 0.1111110002
81158  -48.702  -10.892  28.113 0.1111110002
82056  -48.495  -10.264  27.719 0.1111110002
81176  -49.509  -10.984  26.860 0.1111110002
81191  -50.252  -11.156  25.889 0.1111110002
82090  -50.096  -10.572  25.495 0.1111110002
81208  -51.610  -11.388  24.774 0.1111110002
82106  -51.341  -10.689  24.391 0.1111110002
81222  -52.643  -11.645  24.112 0.3333329856
80286  -53.280  -12.136  24.107 0.3333329856
81224  -53.988  -12.007  23.444 0.3333329856
84798  -62.339  -7.584  31.920 0.3333329856
81113  -48.477  -11.698  32.238 0.1111110002
141249  -49.168  -10.189  32.501 0.1111110002
84799  -63.096  -7.303  31.981 0.3333329856
81119  -48.082  -11.425  31.628 0.1111110002
82983  -48.035  -9.911  31.342 0.1111110002
82993  -48.197  -8.897  30.656 0.1111110002
82033  -47.640  -10.734  30.461 0.1111110002
82992  -47.810  -9.736  30.561 0.1111110002
83911  -48.019  -9.054  29.923 0.1111110002
83916  -48.389  -8.686  28.539 0.1111110002
83009  -48.545  -9.592  27.348 0.1111110002
82075  -49.225  -10.368  26.691 0.1111110002
83028  -49.492  -9.865  26.002 0.1111110002
82105  -50.599  -10.312  24.819 0.1111110002
83048  -51.104  -9.853  24.378 0.1111110002
83058  -51.708  -9.833  23.943 0.1111110002
81223  -53.203  -11.429  23.571 0.3333329856
82118  -53.140  -10.486  23.248 0.2222220004
81235  -53.768  -11.015  22.998 0.3333329856
83893  -62.929  -7.773  32.488 0.3333329856
137307  -49.544  -8.747  32.374 0.1111110002
84797  -49.961  -7.413  32.386 0.1111110002
84815  -49.437  -7.238  31.057 0.1111110002
84826  -48.843  -7.952  28.916 0.1111110002
83917  -48.836  -8.095  28.048 0.1111110002
83922  -48.994  -8.372  27.212 0.1111110002
83939  -49.215  -8.831  26.399 0.1111110002
84850  -49.582  -7.891  26.762 0.1111110002
83940  -49.881  -8.204  25.974 0.1111110002
83964  -50.872  -8.543  24.733 0.1111110002
83966  -51.899  -8.081  23.966 0.1111110002
83978  -52.195  -8.997  23.748 0.1111110002
153600  -53.178  -9.652  23.164 0.2222220004
82134  -53.777  -9.924  22.822 0.2222220004
82154  -56.700  -10.277  20.634 0.4444440007
82155  -57.308  -10.391  20.119 0.4444440007
85711  -50.209  -6.671  30.101 0.1111110002
85704  -51.337  -5.664  29.857 0.1111110002
86754  -52.077  -5.184  29.381 0.1111110002
85712  -50.620  -6.384  29.530 0.1111110002
85718  -50.582  -6.521  28.695 0.1111110002
85713  -51.364  -5.893  28.843 0.1111110002
85719  -51.708  -5.924  27.887 0.1111110002
84832  -50.057  -7.000  28.155 0.1111110002
135858  -50.165  -7.199  27.288 0.1111110002
85725  -51.357  -6.341  27.312 0.1111110002
84851  -50.317  -7.468  26.423 0.1111110002
84852  -51.078  -7.113  26.139 0.1111110002
85772  -51.980  -6.678  25.135 0.1111110002
84885  -52.388  -7.405  23.895 0.1111110002
84886  -52.997  -7.571  23.429 0.1111110002
144570  -54.171  -9.058  22.613 0.2222220004
82146  -56.136  -10.137  21.107 0.3333329856
143421  -56.855  -9.591  20.257 0.3333329856
86759  -52.270  -5.337  28.529 0.1111110002
85726  -51.838  -6.038  27.176 0.1111110002
85742  -52.105  -5.995  26.570 0.1111110002
85762  -52.294  -6.037  25.743 0.1111110002
85773  -52.357  -6.700  24.439 0.1111110002
157404  -53.174  -6.275  23.615 0.1111110002
85785  -53.295  -6.920  23.162 0.1111110002
84005  -56.007  -8.357  21.208 0.2222220004
83084  -56.397  -9.168  20.794 0.2222220004
83098  -56.994  -8.619  20.146 0.2222220004
82166  -57.394  -9.515  19.611 0.2222220004
83109  -58.135  -9.395  18.544 0.2222220004
86760  -53.083  -4.906  28.299 0.1111110002
135328  -52.799  -5.287  26.473 0.1111110002
86799  -52.781  -5.491  25.381 0.1111110002
85774  -52.826  -5.968  24.382 0.1111110002
86826  -53.435  -5.518  23.805 0.1111110002
85807  -55.967  -6.734  21.450 0.1111110002
84907  -56.354  -7.404  20.994 0.2222220004
144017  -56.492  -8.217  20.713 0.2222220004
84021  -57.460  -7.648  19.693 0.2222220004
83108  -57.674  -8.532  19.190 0.2222220004
82181  -58.908  -9.679  17.593 0.2222220004
82218  -60.520  -9.267  14.446 0.2222220004
82217  -59.545  -9.712  14.464 0.2222220004
81307  -59.627  -10.587  14.748 0.1111110002
82208  -58.768  -10.386  15.080 0.2222220004
86767  -53.293  -4.804  27.435 0.1111110002
86777  -53.484  -4.636  26.756 0.1111110002
87783  -53.935  -4.335  26.583 0.1111110002
86815  -53.303  -5.043  24.804 0.1111110002
86816  -54.051  -4.615  24.176 0.1111110002
85795  -54.376  -6.378  22.440 0.1111110002
87842  -54.778  -4.628  22.816 0.1111110002
142993  -55.674  -6.003  21.760 0.1111110002
85808  -56.509  -6.443  20.978 0.1111110002
151321  -56.930  -6.093  20.644 0.2222220004
78278  -53.819  -14.737  21.150 0.1111110002
84020  -56.888  -7.582  20.374 0.2222220004
84935  -57.867  -6.841  19.203 0.2222220004
79274  -54.922  -13.483  20.014 0.1111110002
84037  -58.041  -7.545  18.726 0.2222220004
84038  -58.459  -7.247  17.527 0.2222220004
155686  -56.288  -13.270  19.736 0.1111110002
83120  -58.269  -8.213  18.025 0.2222220004
84051  -58.683  -7.728  16.703 0.2222220004
84063  -59.104  -7.667  15.585 0.2222220004
83132  -59.507  -8.238  15.505 0.2222220004
83149  -59.709  -8.826  14.559 0.2222220004
81300  -58.955  -11.164  15.505 0.1111110002
87818  -53.967  -4.359  25.321 0.1111110002
86827  -54.170  -5.351  23.082 0.1111110002
86836  -55.642  -5.036  22.079 0.1111110002
86843  -56.241  -5.947  21.384 0.1111110002
148906  -56.015  -5.566  21.669 0.1111110002
78296  -53.396  -14.049  20.222 0.1111110002
84915  -56.871  -6.749  20.541 0.1111110002
84916  -57.401  -6.840  20.004 0.2222220004
142096  -52.964  -14.522  20.807 0.1111110002
79273  -53.925  -13.525  19.623 0.1111110002
139618  -54.480  -13.058  18.988 0.1111110002
79300  -54.903  -12.728  18.402 0.1111110002
84936  -58.372  -6.732  18.240 0.2222220004
79286  -55.581  -13.004  19.119 0.1111110002
80348  -55.478  -12.472  18.121 0.1111110002
84951  -58.438  -6.608  17.167 0.2222220004
80338  -56.110  -12.631  18.482 0.1111110002
80360  -56.404  -11.848  17.399 0.1111110002
84963  -58.557  -7.212  16.341 0.2222220004
80361  -57.078  -12.272  17.698 0.1111110002
84073  -59.139  -7.736  15.139 0.2222220004
81291  -57.370  -11.784  16.998 0.1111110002
82207  -58.678  -9.295  14.794 0.2222220004
88821  -56.198  -3.149  22.740 0.1111110002
152161  -56.734  -3.493  22.092 0.1111110002
87835  -54.784  -3.817  23.744 0.1111110002
87843  -55.415  -3.840  22.753 0.1111110002
87844  -56.196  -4.152  22.029 0.1111110002
86844  -56.450  -5.094  21.518 0.1111110002
86845  -57.242  -4.814  20.947 0.1111110002
138648  -57.278  -5.496  20.553 0.1111110002
80358  -54.976  -12.009  17.614 0.1111110002
85818  -57.791  -5.393  20.008 0.2222220004
85833  -57.894  -6.046  19.488 0.2222220004
82193  -55.037  -11.615  17.574 0.1111110002
149052  -58.312  -6.274  18.734 0.2222220004
81289  -55.671  -11.789  17.506 0.1111110002
85846  -58.476  -6.091  17.935 0.2222220004
85867  -58.340  -7.001  16.423 0.2222220004
84970  -58.593  -7.325  15.844 0.2222220004
81290  -56.402  -11.454  17.039 0.1111110002
81298  -57.249  -10.868  16.437 0.1111110002
84971  -58.793  -7.440  15.651 0.2222220004
154456  -56.998  -11.527  16.820 0.1111110002
84072  -58.754  -7.662  15.328 0.2222220004
81299  -57.946  -11.134  16.207 0.1111110002
82206  -57.572  -9.710  15.797 0.1111110002
83143  -58.319  -8.469  15.206 0.2222220004
153819  -58.014  -10.303  15.617 0.1111110002
87855  -57.965  -4.273  20.574 0.1111110002
138393  -58.408  -5.682  18.669 0.2222220004
86874  -58.468  -5.098  18.658 0.2222220004
82180  -55.127  -10.755  17.681 0.2222220004
86882  -58.359  -5.543  17.942 0.2222220004
82194  -55.781  -11.199  17.280 0.2222220004
85857  -58.283  -6.145  17.176 0.2222220004
145538  -56.885  -9.650  16.460 0.1111110002
84962  -58.219  -6.938  16.332 0.2222220004
82195  -56.635  -10.604  16.706 0.1111110002
84062  -57.494  -7.937  16.227 0.1111110002
84071  -58.084  -7.940  15.561 0.2222220004
85856  -58.123  -6.261  16.852 0.2222220004
86880  -57.579  -5.609  17.418 0.2222220004
141394  -56.190  -8.999  17.817 0.2222220004
84061  -56.687  -7.843  17.257 0.2222220004
84969  -58.261  -7.428  15.874 0.2222220004
83130  -56.096  -10.059  17.345 0.1111110002
83131  -56.785  -8.885  16.822 0.2222220004
84960  -56.956  -6.826  17.184 0.2222220004
85855  -57.613  -6.385  16.874 0.2222220004
130049  -53.082  -26.230  44.198 0.2222220004
67047  -53.264  -25.770  43.480 0.2222220004
70871  -53.433  -21.927  46.578 0.3333329856
70872  -53.757  -21.224  45.447 0.3333329856
130063  -52.293  -24.112  43.894 0.3333329856
86840  -64.259  -6.385  23.365 0.1111110002
84900  -64.697  -6.981  22.910 0.1111110002
85812  -64.103  -6.962  21.994 0.3333329856
65880  -51.181  -25.419  52.553 0.1111110002
67935  -54.057  -24.558  52.428 0.1111110002
67936  -54.519  -24.387  51.722 0.1111110002
68905  -54.785  -23.470  50.515 0.1111110002
67945  -54.799  -24.171  51.036 0.1111110002
70032  -46.049  -23.468  34.458 0.1111110002
70063  -46.879  -22.680  33.668 0.1111110002
70052  -47.742  -22.674  34.113 0.1111110002
70064  -48.560  -22.398  33.547 0.1111110002
130061  -52.578  -23.558  45.324 0.3333329856
146582  -53.071  -22.163  47.175 0.3333329856
130065  -52.995  -22.650  46.035 0.3333329856
73821  -54.412  -18.911  48.086 0.3333329856
72812  -54.303  -19.633  48.042 0.3333329856
76148  -53.414  -16.463  28.571 0.3333329856
78188  -52.716  -14.288  28.357 0.2222220004
70050  -46.124  -23.253  34.229 0.1111110002
66013  -53.749  -26.223  44.222 0.2222220004
141725  -56.100  -18.334  47.493 0.3333329856
62756  -44.149  -29.310  37.672 0.2222220004
63802  -41.313  -28.956  40.104 0.1111110002
71036  -51.215  -21.906  32.226 0.1111110002
73013  -53.631  -19.979  31.380 0.2222220004
80260  -53.408  -12.189  25.673 0.3333329856
83060  -53.562  -9.022  23.020 0.1111110002
83993  -53.895  -8.376  22.766 0.2222220004
85794  -53.853  -7.006  22.568 0.2222220004
86835  -54.983  -5.724  22.311 0.1111110002
62755  -43.252  -29.508  37.479 0.2222220004
63844  -41.993  -29.264  39.096 0.2222220004
72059  -51.619  -21.135  31.089 0.1111110002
80272  -54.130  -12.528  25.003 0.3333329856
73028  -54.105  -19.323  30.984 0.3333329856
42719  -23.359  -48.689  60.811 0.1111110002
62753  -41.412  -29.628  37.233 0.1111110002
155800  -43.512  -28.356  36.499 0.2222220004
63843  -41.086  -28.998  39.046 0.1111110002
62752  -40.554  -29.469  37.132 0.1111110002
151408  -54.885  -20.090  46.389 0.3333329856
71864  -54.009  -20.788  46.308 0.3333329856
69115  -42.343  -23.352  34.901 0.1111110002
69099  -42.868  -24.028  35.006 0.1111110002
70031  -45.312  -23.475  34.216 0.1111110002
136603  -39.614  -23.124  37.237 0.1111110002
70015  -39.576  -22.690  36.643 0.1111110002
69096  -39.735  -23.665  35.870 0.1111110002
70030  -39.917  -22.734  35.612 0.1111110002
69097  -40.414  -23.388  35.371 0.1111110002
136367  -40.040  -21.915  35.315 0.1111110002
70046  -43.141  -22.261  34.307 0.1111110002
70047  -43.976  -22.657  34.058 0.1111110002
157843  -44.977  -22.799  33.575 0.1111110002
70966  -39.801  -21.135  37.209 0.1111110002
144396  -39.599  -22.074  35.980 0.1111110002
70977  -39.552  -21.189  36.310 0.1111110002
72009  -39.637  -20.521  35.906 0.1111110002
70993  -40.290  -21.141  34.967 0.1111110002
72985  -40.921  -19.504  34.476 0.1111110002
71005  -41.172  -21.216  34.462 0.1111110002
71006  -43.008  -21.546  34.010 0.1111110002
71008  -44.317  -22.343  33.555 0.1111110002
72030  -42.092  -20.175  33.572 0.1111110002
137128  -44.761  -21.841  32.785 0.1111110002
71034  -46.370  -22.390  32.986 0.1111110002
72964  -40.223  -19.464  36.987 0.1111110002
71996  -39.752  -20.353  36.651 0.1111110002
74016  -40.360  -18.948  35.817 0.1111110002
72031  -42.753  -20.124  32.991 0.1111110002
72032  -43.547  -20.866  32.917 0.1111110002
71031  -44.240  -21.120  32.503 0.1111110002
71032  -45.268  -21.828  32.393 0.1111110002
139828  -46.883  -22.071  32.242 0.1111110002
72042  -44.451  -20.384  31.935 0.1111110002
71044  -46.492  -21.615  31.576 0.1111110002
72057  -45.296  -20.375  31.468 0.1111110002
71046  -48.381  -21.921  31.407 0.1111110002
71055  -47.986  -21.407  30.889 0.1111110002
71047  -49.406  -21.848  31.349 0.1111110002
73012  -46.113  -19.775  30.999 0.1111110002
71058  -50.710  -21.259  30.659 0.1111110002
72072  -50.016  -20.765  30.125 0.1111110002
72083  -50.270  -20.068  29.687 0.1111110002
72073  -51.396  -20.661  30.422 0.1111110002
73026  -52.587  -19.932  30.358 0.1111110002
73027  -53.351  -19.639  30.614 0.2222220004
73022  -46.124  -18.821  30.953 0.1111110002
142165  -49.364  -18.767  29.264 0.1111110002
74075  -51.006  -18.760  28.914 0.1111110002
74077  -52.665  -18.489  29.133 0.1111110002
74062  -53.734  -18.923  30.263 0.3333329856
155752  -52.243  -18.219  28.678 0.1111110002
74060  -46.640  -18.438  30.613 0.1111110002
76146  -51.272  -16.709  28.355 0.1111110002
75131  -51.122  -17.505  28.406 0.1111110002
137559  -45.993  -17.273  31.418 0.1111110002
75120  -47.687  -17.729  30.073 0.1111110002
141190  -51.816  -15.965  28.222 0.2222220004
77140  -52.416  -15.234  28.236 0.2222220004
75130  -50.456  -17.136  28.484 0.1111110002
148347  -50.470  -15.717  28.757 0.1111110002
78175  -49.789  -14.678  29.635 0.1111110002
136010  -49.398  -13.774  29.636 0.1111110002
80270  -52.717  -12.053  24.643 0.2222220004
80271  -53.356  -12.387  24.804 0.3333329856
76096  -50.011  -16.261  32.379 0.1111110002
78166  -49.572  -15.022  30.363 0.1111110002
78155  -48.907  -14.111  30.756 0.1111110002
138724  -48.692  -12.506  29.578 0.1111110002
81133  -48.095  -11.793  29.555 0.1111110002
81134  -48.893  -11.845  29.125 0.1111110002
81140  -48.403  -11.226  28.834 0.1111110002
130736  -49.688  -11.237  27.506 0.1111110002
82089  -49.714  -10.812  26.221 0.1111110002
81207  -50.739  -11.188  25.143 0.1111110002
154084  -49.519  -16.245  32.138 0.1111110002
81114  -49.002  -11.544  32.695 0.1111110002
80193  -47.764  -11.864  30.967 0.1111110002
82023  -47.737  -11.089  31.037 0.1111110002
140668  -47.699  -11.244  29.924 0.1111110002
83002  -47.773  -10.076  29.011 0.1111110002
82997  -47.765  -9.697  29.647 0.1111110002
83003  -48.175  -9.626  28.216 0.1111110002
82998  -47.933  -9.261  29.080 0.1111110002
82074  -48.764  -10.119  27.112 0.1111110002
83038  -50.120  -9.641  25.286 0.1111110002
83047  -50.695  -9.335  24.737 0.1111110002
81221  -52.039  -11.185  24.222 0.1111110002
82117  -52.547  -10.918  23.706 0.2222220004
82017  -48.669  -10.856  32.221 0.1111110002
82024  -48.092  -10.583  31.552 0.1111110002
82976  -48.609  -9.867  31.953 0.1111110002
82984  -48.403  -9.142  31.370 0.1111110002
83890  -48.956  -9.100  32.006 0.1111110002
83906  -48.544  -8.417  30.234 0.1111110002
83897  -49.093  -8.390  31.750 0.1111110002
84803  -49.150  -7.868  31.249 0.1111110002
84819  -49.008  -7.891  29.781 0.1111110002
83921  -48.529  -8.890  27.678 0.1111110002
83938  -48.673  -9.031  26.964 0.1111110002
83952  -49.754  -9.012  25.733 0.1111110002
83953  -50.325  -8.609  25.244 0.1111110002
83965  -51.385  -8.937  24.264 0.1111110002
83059  -52.488  -9.931  23.500 0.2222220004
145848  -49.587  -8.048  32.290 0.1111110002
84820  -49.586  -7.195  30.191 0.1111110002
138871  -49.489  -7.386  29.350 0.1111110002
141172  -49.432  -7.477  28.510 0.1111110002
84864  -50.552  -7.728  25.619 0.1111110002
84873  -50.784  -7.966  25.007 0.1111110002
141719  -51.285  -7.973  24.547 0.1111110002
84875  -51.842  -7.315  24.494 0.1111110002
142094  -52.951  -9.011  23.416 0.1111110002
83980  -53.295  -8.324  23.216 0.1111110002
85703  -50.600  -6.112  30.370 0.1111110002
84821  -50.008  -6.905  29.662 0.1111110002
85695  -50.353  -6.087  31.211 0.1111110002
85724  -50.842  -6.481  27.869 0.1111110002
85740  -50.855  -6.825  26.940 0.1111110002
85741  -51.508  -6.507  26.670 0.1111110002
85761  -51.715  -6.611  25.910 0.1111110002
83979  -52.649  -8.217  23.594 0.1111110002
85784  -52.792  -6.792  23.789 0.1111110002
84894  -53.582  -7.683  22.913 0.1111110002
86766  -52.477  -5.491  27.501 0.1111110002
143783  -52.437  -6.165  25.009 0.1111110002
86800  -53.434  -4.729  25.918 0.1111110002
153501  -53.668  -6.229  23.041 0.1111110002
83121  -58.706  -8.723  17.260 0.2222220004
83144  -59.596  -8.271  14.951 0.2222220004
155375  -54.398  -4.586  23.451 0.1111110002
85809  -56.752  -5.655  20.966 0.1111110002
83133  -60.190  -8.810  15.320 0.2222220004
83148  -59.107  -8.175  14.796 0.2222220004
85817  -57.365  -6.104  20.244 0.2222220004
79299  -54.133  -12.688  18.324 0.1111110002
80349  -56.184  -12.248  17.906 0.1111110002
80359  -55.542  -12.056  17.701 0.1111110002
87849  -56.951  -4.167  21.549 0.1111110002
88790  -55.386  -3.212  24.711 0.1111110002
80347  -54.778  -12.304  17.843 0.1111110002
86850  -57.694  -4.919  20.416 0.1111110002
86851  -58.311  -4.625  19.936 0.1111110002
87850  -57.662  -3.897  21.157 0.1111110002
86863  -58.355  -5.247  19.354 0.1111110002
87883  -58.260  -5.031  18.137 0.2222220004
84961  -57.597  -7.127  16.504 0.2222220004
83142  -57.439  -8.735  15.879 0.1111110002
84899  -64.622  -7.308  22.253 0.1111110002
135761  -20.385  -46.125  48.307 0.2222220004
45061  -20.707  -45.630  49.022 0.2222220004
136742  -20.891  -44.808  48.970 0.2222220004
47150  -21.077  -44.275  49.238 0.2222220004
40422  -15.114  -50.720  47.388 0.2222220004
136794  -19.893  -46.749  47.989 0.2222220004
45084  -19.132  -45.997  46.639 0.2222220004
46142  -20.161  -45.386  47.074 0.2222220004
47184  -20.104  -44.678  46.589 0.2222220004
47162  -20.858  -44.274  48.385 0.2222220004
48222  -21.507  -42.961  48.145 0.2222220004
40440  -14.521  -50.611  46.907 0.1111110002
41680  -14.473  -49.737  46.607 0.1111110002
42887  -15.517  -48.361  46.562 0.1111110002
42888  -16.330  -48.181  46.793 0.1111110002
151131  -16.321  -47.041  46.676 0.1111110002
141411  -16.926  -46.828  46.702 0.1111110002
45082  -17.716  -46.449  46.718 0.1111110002
46150  -18.422  -45.795  46.588 0.1111110002
141371  -18.985  -45.343  46.469 0.1111110002
47194  -20.012  -44.050  46.200 0.1111110002
48234  -20.559  -43.798  46.652 0.1111110002
134955  -20.921  -43.529  47.786 0.2222220004
48235  -21.145  -42.895  47.181 0.1111110002
48236  -21.994  -42.596  47.357 0.1111110002
48213  -23.186  -43.559  48.330 0.1111110002
48223  -22.905  -43.128  47.675 0.1111110002
47183  -19.351  -44.556  46.296 0.1111110002
48249  -20.267  -43.477  46.060 0.1111110002
49317  -19.789  -42.683  45.684 0.1111110002
147205  -21.027  -42.435  46.056 0.1111110002
49306  -21.488  -42.483  46.535 0.1111110002
49307  -22.316  -42.262  46.464 0.1111110002
48237  -22.966  -42.729  46.796 0.1111110002
133906  -23.702  -43.425  46.858 0.1111110002
48224  -24.307  -44.044  46.827 0.1111110002
49319  -21.692  -42.057  46.054 0.1111110002
54446  -31.291  -37.382  45.394 0.1111110002
54469  -30.829  -37.079  44.590 0.1111110002
54470  -31.752  -36.576  44.923 0.1111110002
135710  -32.518  -36.629  45.313 0.1111110002
54472  -34.191  -37.056  44.385 0.1111110002
54471  -33.136  -36.460  44.354 0.1111110002
54499  -37.926  -37.232  43.751 0.1111110002
55537  -38.669  -36.912  44.023 0.1111110002
55564  -39.721  -36.142  43.866 0.1111110002
56640  -38.819  -36.170  42.879 0.1111110002
56641  -39.528  -35.867  43.215 0.1111110002
54496  -35.098  -37.314  43.647 0.1111110002
54474  -36.610  -37.612  44.445 0.1111110002
54498  -37.059  -37.370  43.631 0.1111110002
55562  -38.356  -36.728  43.272 0.1111110002
57769  -40.669  -34.794  43.328 0.1111110002
57770  -41.323  -34.337  43.666 0.1111110002
56656  -39.989  -35.247  42.863 0.1111110002
57787  -41.006  -34.138  42.976 0.1111110002
57786  -40.350  -34.517  42.566 0.1111110002
56654  -38.597  -35.796  42.465 0.1111110002
57785  -39.609  -34.878  42.139 0.1111110002
149312  -41.505  -33.797  43.313 0.1111110002
58815  -40.701  -33.788  42.288 0.1111110002
68133  -45.578  -24.622  35.072 0.2222220004
57748  -41.724  -34.505  44.399 0.1111110002
56643  -41.035  -34.979  44.081 0.1111110002
58805  -41.886  -33.209  43.280 0.1111110002
39221  -14.536  -51.416  47.361 0.1111110002
41654  -16.274  -49.327  47.305 0.1111110002
44016  -16.670  -47.519  46.776 0.1111110002
45071  -19.420  -46.679  47.104 0.2222220004
55563  -39.094  -36.429  43.556 0.1111110002
81255  -57.504  -11.353  20.862 0.3333329856
40441  -15.119  -50.153  46.884 0.1111110002
54497  -36.102  -37.460  43.507 0.1111110002
46127  -20.103  -46.102  47.493 0.2222220004
46128  -20.599  -45.297  48.045 0.2222220004
45083  -18.584  -46.590  46.796 0.1111110002
46141  -19.720  -45.973  46.858 0.2222220004
46151  -19.564  -45.348  46.594 0.1111110002
47172  -20.587  -44.559  47.316 0.2222220004
41681  -15.464  -49.350  46.747 0.1111110002
42886  -14.717  -48.706  46.477 0.1111110002
44015  -15.817  -47.510  46.580 0.1111110002
133496  -16.904  -46.005  46.638 0.1111110002
47193  -18.813  -44.114  46.094 0.1111110002
49305  -20.775  -42.957  46.311 0.1111110002
49318  -20.359  -42.750  45.816 0.1111110002
50343  -20.309  -41.940  45.603 0.1111110002
55557  -33.437  -36.185  43.580 0.1111110002
55561  -37.565  -36.978  43.081 0.1111110002
56655  -39.226  -35.554  42.517 0.1111110002
55581  -38.118  -36.372  42.714 0.1111110002
57784  -38.782  -35.139  41.918 0.1111110002
57801  -39.281  -34.408  41.483 0.1111110002
62866  -58.511  -29.879  25.334 0.1111110002
61826  -58.930  -31.027  25.044 0.1111110002
59990  -59.321  -32.782  25.176 0.1111110002
130533  -61.393  -36.911  23.651 0.1111110002
55773  -62.810  -36.218  22.842 0.1111110002
148988  -61.469  -27.561  27.360 0.1111110002
65101  -60.577  -27.657  27.485 0.1111110002
64014  -60.182  -28.150  25.922 0.1111110002
64025  -59.627  -28.736  25.251 0.1111110002
61835  -59.317  -30.409  24.722 0.1111110002
59030  -58.830  -33.555  25.481 0.1111110002
56832  -58.314  -36.138  26.662 0.1111110002
54679  -58.911  -37.424  26.269 0.1111110002
150309  -59.978  -37.616  24.506 0.1111110002
65092  -62.565  -27.340  28.750 0.1111110002
65113  -60.934  -27.698  26.524 0.1111110002
54678  -58.149  -37.226  25.960 0.1111110002
54706  -59.412  -37.786  24.873 0.1111110002
65102  -62.049  -27.458  28.041 0.1111110002
150874  -64.697  -35.568  22.928 0.1111110002
65077  -61.122  -27.414  29.266 0.1111110002
65090  -60.148  -27.642  28.096 0.1111110002
64005  -59.153  -28.174  26.948 0.1111110002
55762  -63.107  -36.393  23.730 0.1111110002
55774  -63.782  -35.868  22.499 0.1111110002
131242  -61.985  -27.244  30.691 0.1111110002
156709  -60.022  -27.751  27.566 0.1111110002
64013  -59.352  -28.381  26.185 0.1111110002
64024  -58.795  -28.926  25.568 0.1111110002
60892  -58.794  -31.731  25.470 0.1111110002
59017  -58.759  -33.797  26.694 0.1111110002
55729  -59.441  -36.502  27.370 0.1111110002
54693  -61.134  -37.776  25.811 0.1111110002
54709  -62.624  -36.955  24.708 0.1111110002
65078  -62.050  -27.397  29.652 0.1111110002
151244  -58.784  -34.503  26.790 0.1111110002
148675  -58.937  -36.338  27.025 0.1111110002
54708  -61.717  -37.335  24.713 0.1111110002
54730  -62.278  -36.784  23.740 0.1111110002
131241  -61.747  -27.465  28.808 0.1111110002
65091  -61.045  -27.512  28.293 0.1111110002
55738  -59.203  -37.018  26.920 0.1111110002
54707  -60.682  -37.581  24.702 0.1111110002
65093  -63.587  -27.055  28.616 0.1111110002
136316  -64.411  -35.707  24.532 0.1111110002
65099  -59.430  -27.822  27.676 0.1111110002
62862  -58.068  -29.182  26.046 0.1111110002
60888  -58.016  -31.491  26.097 0.1111110002
59983  -58.732  -32.357  25.933 0.1111110002
143265  -63.494  -36.394  24.659 0.1111110002
55748  -63.954  -36.145  25.515 0.1111110002
61825  -58.157  -30.739  25.648 0.1111110002
59018  -58.985  -34.116  27.358 0.1111110002
56824  -59.380  -35.611  27.596 0.1111110002
54682  -61.298  -37.548  26.747 0.1111110002
54694  -62.217  -37.418  25.647 0.1111110002
54672  -59.966  -37.040  27.346 0.1111110002
65054  -62.783  -27.288  31.253 0.1111110002
65066  -62.796  -27.289  30.344 0.1111110002
131147  -63.072  -27.274  29.491 0.1111110002
65067  -63.560  -27.529  30.814 0.1111110002
66215  -65.212  -25.405  25.854 0.1111110002
67171  -59.466  -25.424  28.376 0.1111110002
68195  -59.074  -25.080  28.915 0.1111110002
56834  -65.503  -34.828  25.923 0.1111110002
65053  -61.161  -27.010  31.185 0.1111110002
65064  -60.604  -27.098  30.542 0.1111110002
65075  -59.495  -27.345  29.457 0.1111110002
65089  -58.746  -27.745  28.220 0.1111110002
55741  -64.498  -35.682  26.269 0.1111110002
150009  -62.117  -27.031  32.342 0.1111110002
64004  -58.460  -28.221  27.377 0.1111110002
64011  -57.914  -28.770  26.739 0.1111110002
61823  -57.515  -30.582  26.298 0.1111110002
55733  -63.374  -36.179  27.455 0.1111110002
55734  -64.107  -35.860  27.106 0.1111110002
65076  -60.427  -27.272  29.784 0.1111110002
133263  -60.289  -27.480  28.910 0.1111110002
133699  -59.510  -27.581  28.543 0.1111110002
64012  -58.573  -28.589  26.458 0.1111110002
62865  -57.805  -29.936  25.911 0.1111110002
57955  -59.426  -34.492  27.827 0.1111110002
55732  -62.495  -36.376  27.812 0.1111110002
55740  -63.499  -36.488  26.565 0.1111110002
54695  -63.075  -36.877  25.627 0.1111110002
131153  -62.043  -27.037  31.612 0.1111110002
144558  -62.747  -27.317  32.097 0.1111110002
56825  -60.145  -35.545  28.198 0.1111110002
54673  -60.945  -37.180  27.370 0.1111110002
54683  -62.613  -37.179  26.463 0.1111110002
63940  -62.963  -27.685  33.522 0.1111110002
55730  -60.524  -36.436  27.875 0.1111110002
63955  -63.312  -27.665  32.710 0.1111110002
65055  -63.622  -27.788  31.773 0.1111110002
144278  -64.283  -27.466  30.248 0.1111110002
65079  -64.033  -27.165  29.450 0.1111110002
65080  -65.077  -27.100  29.657 0.1111110002
153909  -64.717  -26.693  28.585 0.1111110002
65105  -65.091  -26.445  27.677 0.1111110002
66174  -65.791  -24.981  26.883 0.1111110002
135635  -62.103  -24.757  29.318 0.1111110002
132173  -61.251  -24.643  29.970 0.1111110002
68158  -59.755  -23.991  31.018 0.1111110002
67208  -65.490  -24.880  26.433 0.1111110002
68214  -64.520  -24.612  26.695 0.1111110002
150675  -61.878  -25.132  28.531 0.1111110002
68168  -60.453  -24.430  30.567 0.1111110002
69144  -59.153  -23.872  30.173 0.1111110002
67160  -61.022  -25.076  29.231 0.1111110002
68182  -60.249  -24.687  29.800 0.1111110002
67188  -61.281  -25.520  27.213 0.1111110002
67172  -60.743  -25.439  28.313 0.1111110002
67159  -59.919  -25.176  29.121 0.1111110002
68181  -59.272  -24.536  29.540 0.1111110002
69143  -58.715  -23.835  29.285 0.1111110002
57936  -55.861  -34.272  30.237 0.1111110002
57926  -64.000  -34.259  30.847 0.1111110002
57927  -64.526  -34.256  30.759 0.1111110002
141247  -54.692  -33.088  29.739 0.1111110002
150919  -65.656  -33.966  27.694 0.1111110002
59019  -66.107  -34.262  27.100 0.1111110002
57962  -65.848  -34.355  26.776 0.1111110002
145004  -60.383  -26.909  31.099 0.1111110002
56828  -64.973  -35.123  27.084 0.1111110002
65029  -61.681  -27.025  33.062 0.1111110002
65042  -61.411  -26.843  32.165 0.1111110002
65063  -59.844  -27.024  30.454 0.1111110002
156181  -58.911  -27.514  28.892 0.1111110002
64003  -57.438  -28.730  27.441 0.1111110002
62861  -57.432  -29.573  26.649 0.1111110002
59974  -58.126  -32.211  26.745 0.1111110002
56827  -64.035  -35.198  27.856 0.1111110002
149146  -62.275  -27.373  33.542 0.1111110002
57956  -60.012  -34.435  28.417 0.1111110002
55725  -61.932  -35.742  28.346 0.1111110002
63927  -63.959  -29.047  34.252 0.1111110002
63941  -63.887  -28.170  33.452 0.1111110002
63968  -64.642  -28.222  32.001 0.1111110002
65056  -64.541  -28.058  31.008 0.1111110002
148746  -65.527  -28.075  30.665 0.1111110002
63978  -65.067  -27.738  30.338 0.1111110002
65068  -65.901  -27.915  29.983 0.1111110002
65081  -66.040  -27.163  29.698 0.1111110002
65094  -65.638  -26.519  28.820 0.1111110002
66156  -66.403  -25.821  29.045 0.1111110002
67161  -66.469  -25.184  28.515 0.1111110002
66163  -65.946  -25.854  28.094 0.1111110002
66173  -65.614  -25.958  27.455 0.1111110002
67174  -66.354  -24.949  27.854 0.1111110002
67190  -66.090  -24.773  27.534 0.1111110002
68171  -64.214  -24.373  30.148 0.1111110002
150943  -63.110  -24.444  30.356 0.1111110002
68169  -61.432  -24.441  30.771 0.1111110002
130839  -60.684  -24.211  31.374 0.1111110002
70082  -59.848  -22.245  32.013 0.1111110002
139607  -60.136  -21.287  31.239 0.1111110002
139039  -65.649  -25.540  26.859 0.1111110002
66175  -66.186  -24.958  27.521 0.1111110002
68216  -65.896  -24.783  27.245 0.1111110002
139072  -65.236  -24.474  28.241 0.1111110002
68184  -63.305  -24.498  29.435 0.1111110002
68183  -62.273  -24.535  30.129 0.1111110002
70081  -59.481  -22.481  31.345 0.1111110002
69139  -59.220  -23.216  30.746 0.1111110002
68215  -65.512  -24.687  26.954 0.1111110002
68197  -64.908  -24.500  27.516 0.1111110002
68196  -62.938  -24.689  28.523 0.1111110002
71060  -60.020  -21.104  30.185 0.1111110002
71059  -59.565  -21.720  30.770 0.1111110002
72085  -60.649  -20.647  29.513 0.1111110002
71064  -60.147  -20.971  29.149 0.1111110002
72099  -61.274  -20.085  28.227 0.1111110002
72098  -60.649  -20.478  28.438 0.1111110002
72109  -61.210  -19.867  28.045 0.1111110002
64871  -55.797  -27.483  43.245 0.1111110002
64897  -55.084  -27.043  41.952 0.1111110002
66048  -53.010  -27.001  40.199 0.1111110002
136581  -51.973  -26.655  37.294 0.1111110002
66132  -52.346  -26.767  35.866 0.1111110002
65022  -52.386  -27.540  33.631 0.1111110002
63966  -52.158  -28.615  31.535 0.1111110002
63983  -52.807  -29.085  29.969 0.1111110002
138908  -61.967  -34.879  31.603 0.1111110002
62840  -52.515  -29.833  29.529 0.1111110002
61806  -53.340  -30.040  29.272 0.1111110002
58981  -55.596  -33.481  30.097 0.1111110002
152545  -57.889  -34.298  30.778 0.1111110002
57922  -59.628  -34.689  30.739 0.1111110002
57924  -61.429  -34.454  30.834 0.1111110002
150399  -54.032  -32.527  29.517 0.1111110002
58969  -62.985  -34.017  29.898 0.1111110002
58970  -64.056  -33.923  30.136 0.1111110002
147535  -59.820  -29.028  36.169 0.1111110002
155190  -59.403  -28.066  35.154 0.1111110002
58971  -64.655  -33.862  30.036 0.1111110002
59005  -64.696  -33.648  28.844 0.1111110002
132546  -60.561  -28.850  36.083 0.1111110002
65015  -60.065  -27.639  34.781 0.1111110002
59006  -65.525  -33.659  28.717 0.1111110002
62795  -61.560  -29.302  36.485 0.1111110002
63924  -60.742  -28.102  35.343 0.1111110002
156570  -61.003  -27.472  34.623 0.1111110002
134515  -59.793  -26.738  33.018 0.1111110002
65040  -59.471  -26.697  32.270 0.1111110002
57952  -64.521  -33.817  28.695 0.1111110002
63925  -61.687  -27.726  34.873 0.1111110002
65041  -60.733  -26.765  32.982 0.1111110002
65051  -59.749  -26.781  31.374 0.1111110002
65062  -58.931  -27.041  30.177 0.1111110002
65074  -58.556  -27.293  29.468 0.1111110002
63926  -62.473  -28.131  35.051 0.1111110002
65017  -62.417  -27.607  34.265 0.1111110002
56826  -63.104  -35.647  28.106 0.1111110002
62805  -63.171  -28.929  35.002 0.1111110002
61815  -56.957  -30.469  27.000 0.1111110002
60879  -57.389  -31.285  26.830 0.1111110002
155296  -59.627  -34.018  28.232 0.1111110002
56818  -60.719  -34.852  28.543 0.1111110002
137846  -63.364  -29.610  35.930 0.1111110002
62806  -63.961  -29.370  35.140 0.1111110002
62807  -64.818  -29.559  34.192 0.1111110002
63956  -64.013  -28.035  32.579 0.1111110002
63942  -64.681  -29.126  33.526 0.1111110002
63943  -65.574  -29.200  32.957 0.1111110002
139757  -65.465  -28.695  32.314 0.1111110002
63969  -65.763  -28.308  31.483 0.1111110002
63979  -66.416  -28.157  30.626 0.1111110002
65069  -66.992  -27.684  30.207 0.1111110002
65070  -66.823  -27.044  30.429 0.1111110002
65082  -66.433  -26.913  29.786 0.1111110002
66157  -66.655  -26.199  29.954 0.1111110002
68173  -65.987  -24.587  30.331 0.1111110002
132437  -64.516  -24.420  31.072 0.1111110002
68160  -62.668  -24.375  31.999 0.1111110002
68187  -66.098  -24.613  28.692 0.1111110002
68172  -65.287  -24.450  30.299 0.1111110002
68170  -63.437  -24.400  31.077 0.1111110002
68159  -61.630  -24.303  31.647 0.1111110002
69128  -60.579  -23.217  32.504 0.1111110002
70077  -60.415  -22.364  32.598 0.1111110002
72077  -61.492  -20.285  30.628 0.1111110002
145628  -65.784  -24.532  28.264 0.1111110002
68186  -65.616  -24.493  28.886 0.1111110002
73029  -61.781  -20.017  29.848 0.1111110002
73060  -62.578  -19.213  28.344 0.1111110002
72086  -61.305  -20.298  28.962 0.1111110002
66049  -53.979  -26.853  40.178 0.1111110002
66050  -54.948  -26.684  40.283 0.1111110002
66099  -54.580  -26.473  37.541 0.1111110002
64946  -60.166  -27.756  39.094 0.1111110002
66065  -53.556  -26.596  39.449 0.1111110002
66098  -53.710  -26.344  37.937 0.1111110002
65000  -53.907  -27.373  35.340 0.1111110002
63917  -54.205  -27.815  33.932 0.1111110002
64947  -60.912  -28.326  39.164 0.1111110002
64965  -59.494  -28.392  37.870 0.1111110002
63869  -59.851  -28.917  37.197 0.1111110002
64998  -52.090  -26.880  35.082 0.1111110002
65023  -53.317  -27.649  33.761 0.1111110002
63967  -53.090  -28.424  31.442 0.1111110002
63984  -53.508  -28.821  29.805 0.1111110002
146353  -59.504  -28.970  36.448 0.1111110002
62841  -53.205  -29.428  29.579 0.1111110002
60866  -54.456  -31.148  29.267 0.1111110002
143852  -56.117  -33.114  30.122 0.1111110002
58964  -58.257  -33.801  30.547 0.1111110002
63870  -60.605  -29.157  37.575 0.1111110002
62775  -59.818  -29.039  36.230 0.1111110002
63923  -58.916  -28.445  35.337 0.1111110002
65013  -58.558  -28.019  34.412 0.1111110002
65026  -58.308  -27.511  33.450 0.1111110002
58965  -59.182  -33.939  30.298 0.1111110002
58968  -61.893  -33.830  30.000 0.1111110002
62760  -60.902  -29.482  37.257 0.1111110002
65027  -59.050  -27.325  33.760 0.1111110002
66145  -58.022  -26.671  31.695 0.1111110002
66150  -57.528  -26.563  30.825 0.1111110002
131562  -61.423  -29.784  37.101 0.1111110002
65028  -59.893  -27.021  33.892 0.1111110002
66146  -58.928  -26.706  31.583 0.1111110002
65072  -56.817  -27.503  29.270 0.1111110002
65088  -57.428  -27.788  28.751 0.1111110002
58990  -64.311  -33.732  29.313 0.1111110002
66152  -59.205  -26.831  30.865 0.1111110002
65073  -57.688  -27.282  29.405 0.1111110002
64002  -56.815  -29.002  27.883 0.1111110002
61814  -56.600  -30.347  27.667 0.1111110002
59970  -58.496  -32.806  28.588 0.1111110002
59001  -60.871  -33.720  29.108 0.1111110002
59002  -61.813  -33.626  29.027 0.1111110002
59003  -62.634  -33.779  29.070 0.1111110002
59004  -64.024  -33.810  28.987 0.1111110002
63995  -57.143  -28.373  28.228 0.1111110002
145384  -57.451  -31.755  27.415 0.1111110002
59969  -58.001  -32.395  27.830 0.1111110002
59971  -59.096  -33.259  28.488 0.1111110002
57949  -62.098  -33.851  28.842 0.1111110002
57950  -62.950  -33.950  28.933 0.1111110002
57951  -63.925  -34.086  28.760 0.1111110002
62796  -62.427  -28.980  35.775 0.1111110002
150539  -58.213  -27.600  28.799 0.1111110002
57948  -61.031  -33.980  28.877 0.1111110002
56820  -62.500  -34.833  28.516 0.1111110002
56821  -63.322  -34.678  28.483 0.1111110002
153783  -58.589  -32.917  27.936 0.1111110002
56819  -61.571  -34.750  28.594 0.1111110002
148777  -65.630  -30.266  35.375 0.1111110002
62820  -66.441  -29.454  33.177 0.1111110002
63958  -66.571  -29.079  32.294 0.1111110002
73031  -63.678  -19.473  30.069 0.1111110002
73064  -66.480  -18.840  27.904 0.1111110002
74100  -66.076  -19.057  26.719 0.1111110002
132955  -65.185  -17.240  27.466 0.1111110002
63970  -66.978  -28.470  31.377 0.1111110002
63980  -67.138  -28.130  30.577 0.1111110002
67153  -66.668  -25.561  30.384 0.1111110002
68164  -66.142  -25.037  31.318 0.1111110002
68162  -64.851  -24.712  31.936 0.1111110002
68153  -63.273  -24.548  32.888 0.1111110002
72048  -61.552  -20.793  32.584 0.1111110002
73016  -63.216  -19.839  31.094 0.1111110002
73048  -65.301  -19.178  29.247 0.1111110002
73075  -66.255  -19.101  27.200 0.1111110002
68175  -66.487  -24.850  29.957 0.1111110002
68174  -66.190  -24.722  30.491 0.1111110002
68163  -66.037  -24.731  30.906 0.1111110002
68161  -63.807  -24.498  31.977 0.1111110002
130995  -61.842  -24.142  32.507 0.1111110002
71027  -61.652  -21.429  33.226 0.1111110002
72063  -61.608  -20.383  31.584 0.1111110002
72078  -62.175  -20.046  30.810 0.1111110002
73062  -64.816  -18.972  28.358 0.1111110002
74099  -65.355  -18.977  26.904 0.1111110002
131994  -62.413  -24.397  30.981 0.1111110002
70078  -61.048  -22.845  33.139 0.1111110002
71026  -60.864  -21.489  32.677 0.1111110002
73046  -63.084  -19.379  29.008 0.1111110002
73073  -64.615  -18.667  28.079 0.1111110002
76163  -64.391  -17.227  27.445 0.1111110002
141148  -63.270  -18.632  28.075 0.1111110002
76162  -63.758  -17.321  27.479 0.1111110002
63934  -53.870  -27.960  33.160 0.1111110002
153842  -53.935  -28.103  30.899 0.1111110002
155184  -58.722  -28.748  35.677 0.1111110002
63939  -57.804  -28.174  34.240 0.1111110002
62842  -53.840  -29.378  29.383 0.1111110002
62843  -54.655  -29.428  29.164 0.1111110002
59961  -56.284  -32.530  29.806 0.1111110002
63849  -61.180  -28.891  38.469 0.1111110002
65025  -57.358  -27.834  33.453 0.1111110002
65038  -57.658  -27.209  32.587 0.1111110002
59962  -56.997  -32.462  29.568 0.1111110002
58983  -57.756  -33.079  29.944 0.1111110002
147001  -59.815  -33.762  29.685 0.1111110002
62738  -61.408  -29.449  37.967 0.1111110002
63994  -56.449  -28.762  28.456 0.1111110002
59963  -57.700  -32.453  28.923 0.1111110002
60869  -56.988  -31.918  28.962 0.1111110002
58985  -59.327  -33.476  29.593 0.1111110002
58967  -60.967  -33.953  30.094 0.1111110002
143513  -61.647  -29.716  37.555 0.1111110002
65087  -56.766  -28.057  28.720 0.1111110002
61810  -56.302  -30.540  28.391 0.1111110002
60873  -57.209  -31.814  28.198 0.1111110002
59964  -59.047  -33.092  29.134 0.1111110002
58986  -60.551  -33.766  29.463 0.1111110002
58988  -62.348  -33.710  29.190 0.1111110002
62854  -56.487  -29.658  28.090 0.1111110002
59000  -59.827  -33.534  29.110 0.1111110002
58987  -61.450  -33.690  29.338 0.1111110002
146852  -63.367  -33.891  29.121 0.1111110002
61741  -62.202  -30.021  37.509 0.1111110002
62777  -62.155  -30.096  36.964 0.1111110002
62778  -62.973  -30.235  36.773 0.1111110002
62797  -64.640  -30.092  35.661 0.1111110002
62798  -65.353  -30.129  34.754 0.1111110002
62814  -65.745  -29.662  33.896 0.1111110002
73018  -65.206  -19.506  31.723 0.1111110002
132098  -65.471  -19.462  30.929 0.1111110002
75126  -65.716  -17.728  28.834 0.1111110002
75148  -65.468  -17.984  27.707 0.1111110002
76172  -65.915  -15.430  27.416 0.1111110002
62822  -67.439  -28.998  32.758 0.1111110002
63960  -67.349  -28.171  32.266 0.1111110002
73017  -64.204  -19.889  31.910 0.1111110002
73049  -66.193  -19.150  29.036 0.1111110002
76170  -64.980  -16.637  27.300 0.1111110002
65044  -67.225  -27.406  31.673 0.1111110002
147311  -66.717  -26.086  31.853 0.1111110002
67149  -66.089  -25.490  31.940 0.1111110002
138611  -65.706  -24.980  31.707 0.1111110002
144895  -63.762  -24.616  33.526 0.1111110002
137493  -62.381  -23.359  33.782 0.1111110002
70069  -61.830  -22.430  33.611 0.1111110002
72065  -63.230  -20.179  32.188 0.1111110002
131235  -64.837  -19.363  30.135 0.1111110002
76169  -64.887  -17.052  27.349 0.1111110002
68152  -62.527  -24.328  32.907 0.1111110002
139570  -61.682  -23.282  33.367 0.1111110002
72035  -62.372  -20.773  33.171 0.1111110002
77151  -64.499  -16.377  27.230 0.1111110002
145912  -63.841  -14.635  26.732 0.1111110002
69057  -57.975  -23.623  40.067 0.1111110002
148685  -58.917  -23.580  40.524 0.1111110002
68072  -61.112  -24.668  41.834 0.1111110002
67090  -60.513  -24.859  41.917 0.1111110002
68071  -60.149  -24.442  41.852 0.1111110002
134065  -61.471  -25.163  42.123 0.1111110002
66055  -60.886  -25.775  41.932 0.1111110002
66071  -59.544  -26.197  40.798 0.1111110002
64928  -60.473  -26.774  40.624 0.1111110002
64912  -61.481  -26.425  41.649 0.1111110002
63868  -59.081  -28.705  36.964 0.1111110002
63907  -58.526  -28.802  35.801 0.1111110002
63922  -58.198  -28.525  35.166 0.1111110002
64929  -61.354  -27.386  40.416 0.1111110002
65050  -56.933  -26.877  31.721 0.1111110002
60871  -55.985  -31.006  29.035 0.1111110002
131454  -57.004  -26.785  30.018 0.1111110002
60868  -56.333  -31.816  29.348 0.1111110002
63829  -61.725  -28.330  39.637 0.1111110002
60872  -56.555  -31.386  28.583 0.1111110002
62739  -62.300  -29.776  38.146 0.1111110002
61742  -62.885  -30.143  37.783 0.1111110002
147521  -63.471  -30.304  37.655 0.1111110002
61731  -64.035  -29.873  38.021 0.1111110002
61757  -64.962  -30.141  36.948 0.1111110002
62779  -63.863  -30.193  36.654 0.1111110002
153514  -65.757  -30.118  36.413 0.1111110002
62761  -65.033  -29.245  36.935 0.1111110002
61768  -66.126  -30.195  35.744 0.1111110002
62799  -66.528  -29.610  35.561 0.1111110002
63889  -66.026  -28.393  35.830 0.1111110002
63910  -66.779  -28.879  34.987 0.1111110002
65004  -66.365  -27.786  35.151 0.1111110002
61778  -66.626  -30.082  35.435 0.1111110002
63928  -67.198  -28.865  34.163 0.1111110002
139529  -66.587  -27.322  34.495 0.1111110002
66137  -65.789  -26.176  34.908 0.1111110002
62809  -67.006  -29.722  34.681 0.1111110002
62816  -67.243  -29.279  33.604 0.1111110002
65018  -67.049  -27.934  33.846 0.1111110002
66138  -66.247  -26.564  34.338 0.1111110002
67142  -65.724  -25.873  34.036 0.1111110002
68148  -64.977  -25.272  34.092 0.1111110002
130614  -64.643  -24.649  34.666 0.1111110002
72050  -64.179  -20.240  32.774 0.1111110002
73033  -65.687  -19.204  30.354 0.1111110002
134475  -66.458  -19.014  29.672 0.1111110002
75139  -65.635  -17.206  28.361 0.1111110002
75155  -65.365  -17.317  27.607 0.1111110002
65030  -67.188  -27.577  32.975 0.1111110002
66142  -66.613  -26.304  32.602 0.1111110002
68149  -65.518  -25.619  33.569 0.1111110002
68142  -64.400  -24.375  34.590 0.1111110002
70057  -64.059  -22.675  34.507 0.1111110002
70070  -62.970  -22.507  34.121 0.1111110002
72036  -63.228  -20.875  33.530 0.1111110002
146940  -67.069  -26.951  32.223 0.1111110002
67150  -66.333  -25.819  32.237 0.1111110002
157527  -65.364  -25.460  33.278 0.1111110002
145208  -63.859  -24.389  34.159 0.1111110002
71028  -62.632  -21.479  33.649 0.1111110002
131940  -64.948  -16.053  27.134 0.1111110002
79218  -64.614  -14.138  26.330 0.1111110002
77157  -64.616  -15.281  26.823 0.1111110002
68084  -59.482  -23.854  40.301 0.1111110002
68096  -60.145  -24.327  40.048 0.1111110002
136359  -59.859  -25.370  41.580 0.1111110002
66056  -61.965  -25.698  42.210 0.1111110002
64927  -59.324  -27.056  39.545 0.1111110002
64964  -58.636  -27.993  37.602 0.1111110002
63906  -57.735  -28.654  35.458 0.1111110002
66057  -62.593  -25.728  41.950 0.1111110002
66144  -56.724  -26.646  30.808 0.1111110002
61809  -55.829  -30.247  28.863 0.1111110002
64913  -61.990  -26.630  41.575 0.1111110002
63987  -56.003  -28.028  29.031 0.1111110002
62846  -56.075  -29.626  28.609 0.1111110002
63850  -62.040  -29.107  38.873 0.1111110002
62715  -63.348  -29.238  39.001 0.1111110002
62741  -63.631  -29.681  38.363 0.1111110002
61732  -64.305  -29.664  37.911 0.1111110002
62743  -64.623  -29.141  37.761 0.1111110002
63872  -65.415  -28.347  36.638 0.1111110002
66122  -65.595  -26.680  36.012 0.1111110002
66135  -65.942  -26.785  35.188 0.1111110002
144297  -65.269  -25.351  35.876 0.1111110002
67140  -65.461  -25.651  35.048 0.1111110002
68144  -65.087  -25.229  34.758 0.1111110002
69122  -64.593  -23.427  35.385 0.1111110002
71015  -64.601  -21.687  35.057 0.1111110002
75104  -65.272  -17.618  31.549 0.1111110002
74057  -65.738  -18.373  31.052 0.1111110002
143758  -65.620  -16.913  29.959 0.1111110002
75138  -65.734  -16.633  28.728 0.1111110002
67143  -65.910  -26.117  34.142 0.1111110002
68143  -64.691  -24.465  34.991 0.1111110002
70059  -64.584  -22.750  35.173 0.1111110002
70058  -64.523  -22.715  34.936 0.1111110002
72051  -64.956  -19.854  33.403 0.1111110002
72052  -65.377  -19.337  33.120 0.1111110002
131952  -65.553  -19.260  32.308 0.1111110002
74065  -65.788  -18.218  30.073 0.1111110002
71029  -63.853  -21.490  34.123 0.1111110002
130532  -64.219  -20.547  33.654 0.1111110002
130384  -52.323  -24.847  43.308 0.2222220004
68036  -52.271  -24.594  42.257 0.2222220004
67076  -52.978  -25.006  41.685 0.1111110002
68035  -52.113  -24.084  42.681 0.2222220004
69961  -52.317  -23.360  42.279 0.2222220004
68067  -52.574  -24.160  40.923 0.1111110002
69987  -53.367  -22.611  39.976 0.1111110002
69986  -52.780  -22.952  40.415 0.1111110002
156739  -53.053  -23.626  40.030 0.1111110002
69064  -53.769  -23.053  39.069 0.1111110002
133819  -55.267  -23.838  38.698 0.1111110002
69041  -55.298  -23.813  39.852 0.1111110002
69067  -55.925  -23.916  38.164 0.1111110002
69056  -56.582  -23.738  39.581 0.1111110002
133339  -57.908  -24.009  38.151 0.1111110002
69068  -58.476  -23.779  39.431 0.1111110002
66084  -57.726  -26.802  38.768 0.1111110002
68095  -59.054  -24.156  38.855 0.1111110002
66070  -58.303  -26.569  39.779 0.1111110002
64945  -58.485  -27.228  38.637 0.1111110002
64982  -57.569  -28.208  36.568 0.1111110002
63905  -56.732  -28.642  35.085 0.1111110002
63954  -55.871  -28.050  32.983 0.1111110002
151121  -55.988  -27.447  32.044 0.1111110002
68086  -61.222  -24.630  41.194 0.1111110002
63867  -58.401  -28.524  36.695 0.1111110002
63938  -57.107  -28.269  34.111 0.1111110002
63937  -56.560  -28.133  33.609 0.1111110002
65049  -56.059  -26.966  31.144 0.1111110002
151666  -55.404  -27.279  30.458 0.1111110002
65024  -56.718  -27.590  32.731 0.1111110002
132069  -56.080  -27.230  29.742 0.1111110002
62845  -55.444  -29.513  28.943 0.1111110002
63811  -62.420  -27.183  40.813 0.1111110002
63993  -55.827  -28.861  28.796 0.1111110002
63830  -62.496  -28.273  39.860 0.1111110002
66085  -62.406  -26.119  40.854 0.1111110002
147596  -63.043  -28.659  39.546 0.1111110002
64931  -62.446  -27.081  40.585 0.1111110002
66086  -62.332  -26.792  39.814 0.1111110002
67132  -62.408  -26.115  37.493 0.1111110002
64933  -63.499  -27.995  39.156 0.1111110002
66087  -63.125  -27.106  38.640 0.1111110002
68122  -63.037  -25.257  36.927 0.1111110002
67118  -63.718  -25.585  37.180 0.1111110002
62742  -64.017  -29.408  38.493 0.1111110002
63851  -63.883  -28.156  38.567 0.1111110002
66089  -63.970  -27.051  37.969 0.1111110002
67119  -63.964  -25.443  37.127 0.1111110002
69091  -63.716  -23.030  36.690 0.1111110002
63852  -64.385  -28.262  38.012 0.1111110002
68108  -63.745  -24.611  36.826 0.1111110002
68109  -64.073  -24.606  36.807 0.1111110002
63871  -64.790  -28.322  37.280 0.1111110002
66107  -64.856  -26.578  36.943 0.1111110002
157848  -64.332  -24.941  36.726 0.1111110002
69080  -64.238  -23.893  36.596 0.1111110002
143720  -65.315  -26.781  36.563 0.1111110002
67120  -64.623  -25.297  36.634 0.1111110002
75094  -64.759  -17.449  33.023 0.1111110002
76102  -64.183  -16.990  32.025 0.1111110002
68125  -64.916  -24.934  36.269 0.1111110002
68140  -65.078  -24.894  35.708 0.1111110002
69111  -64.600  -23.221  36.026 0.1111110002
72027  -64.601  -20.504  34.723 0.1111110002
74035  -64.893  -18.763  34.496 0.1111110002
75074  -64.903  -18.256  34.044 0.1111110002
132618  -64.933  -17.607  32.996 0.1111110002
75103  -64.716  -17.293  32.066 0.1111110002
76130  -64.952  -15.997  30.288 0.1111110002
135507  -64.768  -24.219  35.566 0.1111110002
70041  -64.606  -22.424  35.568 0.1111110002
131974  -64.844  -19.642  34.432 0.1111110002
72994  -65.099  -19.068  34.196 0.1111110002
72995  -65.368  -19.033  33.516 0.1111110002
73005  -65.663  -19.037  32.490 0.1111110002
75113  -65.564  -17.650  30.513 0.1111110002
76154  -65.767  -15.943  28.515 0.1111110002
72038  -65.188  -19.454  33.820 0.1111110002
152665  -52.347  -23.462  43.218 0.2222220004
69952  -52.871  -22.648  43.169 0.2222220004
70919  -53.636  -22.234  41.719 0.2222220004
130438  -53.376  -21.655  47.376 0.2222220004
69065  -54.259  -23.242  38.478 0.1111110002
69996  -53.842  -22.606  39.269 0.1111110002
68094  -56.711  -23.982  37.585 0.1111110002
70004  -54.621  -22.677  38.002 0.1111110002
69077  -55.778  -23.606  37.290 0.1111110002
68104  -57.360  -24.202  37.106 0.1111110002
155937  -56.061  -23.554  36.736 0.1111110002
68106  -59.490  -24.925  37.474 0.1111110002
157558  -59.020  -24.722  36.823 0.1111110002
66072  -62.653  -25.934  41.547 0.1111110002
68119  -59.564  -24.919  36.476 0.1111110002
67114  -60.338  -25.319  37.063 0.1111110002
67106  -62.023  -26.247  40.106 0.1111110002
67115  -61.112  -25.784  37.728 0.1111110002
68137  -60.700  -24.358  35.653 0.1111110002
66102  -62.343  -26.668  39.558 0.1111110002
68121  -61.391  -24.880  36.248 0.1111110002
69109  -61.011  -23.525  35.480 0.1111110002
68138  -61.759  -24.002  35.926 0.1111110002
69090  -62.844  -23.309  36.481 0.1111110002
68123  -63.474  -24.031  36.780 0.1111110002
139204  -63.761  -21.980  36.618 0.1111110002
70986  -63.638  -21.456  36.473 0.1111110002
69079  -63.780  -23.738  36.689 0.1111110002
72005  -63.967  -20.923  36.331 0.1111110002
69093  -64.128  -23.023  36.553 0.1111110002
72006  -64.248  -20.848  36.141 0.1111110002
72981  -64.412  -19.599  35.406 0.1111110002
75073  -64.385  -18.006  34.428 0.1111110002
75092  -62.020  -17.337  32.246 0.1111110002
76101  -62.751  -17.074  31.662 0.1111110002
68139  -64.671  -24.159  36.211 0.1111110002
70026  -64.449  -22.117  36.162 0.1111110002
74034  -64.730  -18.665  34.761 0.1111110002
75083  -64.766  -17.748  33.711 0.1111110002
70989  -64.486  -21.349  35.879 0.1111110002
72019  -64.574  -20.040  35.165 0.1111110002
76118  -64.928  -16.889  31.006 0.1111110002
71003  -64.547  -21.155  35.195 0.1111110002
130062  -52.769  -22.906  45.095 0.2222220004
69951  -52.594  -23.175  44.154 0.2222220004
130058  -53.280  -22.220  46.860 0.2222220004
130361  -53.120  -21.949  45.317 0.2222220004
69926  -52.981  -22.186  44.285 0.2222220004
143663  -54.334  -21.526  43.102 0.2222220004
70921  -55.084  -21.204  42.686 0.2222220004
70933  -54.318  -21.865  41.254 0.2222220004
70934  -55.157  -21.259  41.739 0.2222220004
130870  -54.933  -21.534  40.693 0.1111110002
153889  -55.888  -20.833  41.805 0.2222220004
70954  -55.359  -21.640  39.151 0.1111110002
70971  -55.710  -21.893  37.324 0.1111110002
137587  -56.167  -21.359  38.099 0.1111110002
68105  -58.477  -24.478  37.339 0.1111110002
69088  -56.329  -23.462  36.287 0.1111110002
70983  -56.933  -21.675  36.220 0.1111110002
149348  -56.774  -22.282  35.717 0.1111110002
70984  -57.631  -21.206  36.406 0.1111110002
70998  -58.625  -21.302  35.239 0.1111110002
68134  -57.854  -24.129  35.610 0.1111110002
68135  -58.659  -24.281  35.390 0.1111110002
69118  -58.457  -23.404  34.896 0.1111110002
69119  -59.441  -23.078  34.863 0.1111110002
71012  -59.241  -21.968  34.906 0.1111110002
68136  -59.585  -24.513  35.564 0.1111110002
143618  -60.398  -23.067  35.196 0.1111110002
70039  -60.239  -22.288  35.141 0.1111110002
71000  -60.944  -21.007  35.469 0.1111110002
70040  -61.293  -22.515  35.531 0.1111110002
71001  -61.993  -21.549  35.699 0.1111110002
69110  -61.925  -23.144  35.831 0.1111110002
72017  -62.807  -21.136  36.051 0.1111110002
145313  -62.258  -20.517  35.671 0.1111110002
70023  -63.481  -22.415  36.619 0.1111110002
74020  -61.616  -18.933  35.154 0.1111110002
72970  -63.578  -20.316  35.883 0.1111110002
74021  -63.225  -19.082  35.420 0.1111110002
74032  -62.199  -18.614  34.762 0.1111110002
72980  -64.015  -19.702  35.667 0.1111110002
75081  -62.366  -17.626  33.215 0.1111110002
76128  -62.751  -16.019  30.541 0.1111110002
71875  -54.701  -20.621  45.288 0.2222220004
148560  -55.585  -20.772  43.899 0.2222220004
72839  -55.285  -19.442  46.989 0.2222220004
71896  -55.672  -20.559  44.700 0.2222220004
132727  -56.299  -20.548  43.978 0.2222220004
132132  -56.296  -20.671  42.341 0.2222220004
71913  -56.855  -20.444  43.081 0.2222220004
71944  -57.430  -20.481  41.615 0.1111110002
71969  -56.747  -20.803  38.940 0.1111110002
71990  -57.866  -20.671  37.862 0.1111110002
71999  -58.127  -20.773  37.013 0.1111110002
70985  -58.360  -20.992  36.156 0.1111110002
72013  -59.233  -20.839  35.914 0.1111110002
71992  -59.554  -20.308  37.482 0.1111110002
133334  -59.464  -21.144  35.183 0.1111110002
72014  -60.071  -20.691  35.453 0.1111110002
72967  -60.327  -19.603  36.776 0.1111110002
72003  -60.988  -20.048  35.701 0.1111110002
72968  -60.589  -19.426  36.105 0.1111110002
139532  -60.864  -18.027  37.133 0.1111110002
74014  -60.753  -18.579  36.067 0.1111110002
154713  -60.681  -18.901  36.104 0.1111110002
72978  -61.229  -19.417  35.538 0.1111110002
156429  -54.912  -18.428  47.892 0.2222220004
148377  -56.077  -20.361  45.201 0.2222220004
71897  -56.520  -20.380  44.883 0.2222220004
72841  -57.383  -18.894  46.886 0.2222220004
72858  -57.116  -19.615  46.174 0.2222220004
73861  -57.675  -18.095  47.119 0.2222220004
71898  -58.011  -19.728  45.169 0.2222220004
71899  -58.233  -19.797  44.206 0.2222220004
131236  -58.039  -20.400  40.999 0.2222220004
140811  -58.173  -20.466  39.307 0.1111110002
71971  -58.598  -20.395  39.799 0.1111110002
71947  -60.376  -19.676  41.207 0.1111110002
71981  -58.483  -20.503  38.530 0.1111110002
71972  -59.319  -20.275  39.881 0.1111110002
71991  -58.770  -20.559  37.701 0.1111110002
71983  -59.973  -20.042  38.214 0.1111110002
72950  -60.354  -19.664  38.944 0.1111110002
72951  -60.610  -19.173  38.814 0.1111110002
72960  -60.329  -19.594  37.983 0.1111110002
73990  -60.990  -18.608  38.933 0.1111110002
75026  -61.185  -18.131  38.138 0.1111110002
75039  -61.622  -17.206  37.703 0.1111110002
74003  -60.639  -18.708  36.943 0.1111110002
76060  -61.701  -16.691  36.889 0.1111110002
138139  -62.020  -16.111  36.398 0.1111110002
72861  -59.435  -19.120  45.532 0.2222220004
72892  -59.591  -19.489  43.631 0.2222220004
72908  -60.654  -18.916  42.275 0.1111110002
71959  -58.708  -20.338  40.452 0.1111110002
71946  -59.647  -19.969  41.535 0.2222220004
147682  -60.450  -19.690  39.613 0.1111110002
156847  -61.058  -18.806  40.268 0.1111110002
72942  -60.716  -19.191  39.673 0.1111110002
136944  -61.286  -18.579  39.822 0.1111110002
73991  -61.659  -18.015  39.312 0.1111110002
75027  -62.118  -17.428  38.765 0.1111110002
154118  -62.409  -16.192  36.963 0.1111110002
77077  -63.101  -15.600  36.988 0.1111110002
72874  -60.267  -19.092  44.107 0.2222220004
72893  -60.571  -18.932  43.139 0.2222220004
72909  -61.044  -18.532  41.846 0.1111110002
72921  -60.690  -18.991  41.552 0.1111110002
152749  -63.706  -14.670  36.523 0.1111110002
73912  -60.391  -18.510  44.530 0.2222220004
73913  -60.707  -18.097  44.126 0.2222220004
73940  -61.252  -18.003  42.593 0.2222220004
144195  -64.105  -8.453  30.772 0.1111110002
145805  -63.926  -8.216  29.716 0.1111110002
82036  -63.533  -9.969  30.085 0.2222220004
82995  -63.678  -9.157  29.882 0.1111110002
152729  -63.674  -9.854  27.856 0.1111110002
84836  -63.737  -7.670  28.175 0.1111110002
84837  -63.779  -7.930  27.273 0.1111110002
82063  -64.276  -10.440  27.168 0.1111110002
83014  -64.157  -10.059  26.964 0.1111110002
85729  -64.267  -7.016  27.178 0.1111110002
84855  -64.103  -7.782  26.606 0.1111110002
84953  -63.485  -8.545  19.316 0.2222220004
84054  -63.861  -9.035  18.749 0.1111110002
83134  -62.908  -9.689  17.986 0.2222220004
82200  -62.911  -9.961  16.868 0.2222220004
82199  -62.458  -9.835  16.101 0.2222220004
82183  -61.221  -10.042  16.749 0.2222220004
140775  -62.220  -9.654  15.761 0.2222220004
149946  -60.106  -10.411  17.380 0.2222220004
82197  -61.229  -9.106  14.709 0.2222220004
84808  -63.862  -7.204  31.470 0.2222220004
84818  -64.110  -7.007  30.963 0.1111110002
84824  -64.072  -7.271  30.085 0.2222220004
86757  -63.313  -6.245  29.177 0.1111110002
144270  -64.059  -6.982  29.318 0.1111110002
84830  -63.885  -7.537  29.116 0.1111110002
86763  -63.324  -5.899  28.225 0.1111110002
86764  -63.589  -5.938  28.095 0.1111110002
145859  -63.869  -7.048  27.981 0.1111110002
87778  -64.118  -5.189  26.818 0.1111110002
85745  -64.448  -6.216  26.846 0.1111110002
87805  -63.788  -4.977  25.851 0.1111110002
86803  -64.074  -4.991  25.139 0.1111110002
86781  -64.845  -6.071  25.874 0.1111110002
85835  -63.923  -7.641  20.634 0.2222220004
84065  -63.404  -9.369  18.436 0.1111110002
84053  -63.183  -8.819  18.950 0.2222220004
72860  -58.678  -19.280  45.937 0.2222220004
72842  -58.230  -18.733  46.639 0.2222220004
83885  -63.636  -8.650  33.386 0.1111110002
84794  -63.543  -8.072  32.798 0.2222220004
72891  -58.993  -19.627  44.190 0.2222220004
22725  -8.199  -66.189  53.284 0.2222220004
87786  -63.438  -5.046  26.900 0.1111110002
86770  -63.537  -5.541  27.730 0.1111110002
141465  -62.965  -8.166  19.503 0.2222220004
84807  -63.476  -7.147  31.622 0.2222220004
72933  -61.121  -18.688  40.734 0.1111110002
85716  -63.637  -6.489  29.536 0.2222220004
155513  -63.474  -6.244  28.764 0.1111110002
82185  -62.666  -9.694  17.304 0.2222220004
158033  -59.330  -10.311  17.818 0.2222220004
85820  -63.628  -7.382  20.939 0.2222220004
84938  -63.023  -8.105  19.852 0.2222220004
145985  -54.304  -21.355  43.952 0.2222220004
70889  -53.568  -21.535  44.537 0.2222220004
84800  -63.638  -7.639  32.125 0.2222220004
72840  -56.586  -19.350  46.556 0.2222220004
131111  -55.978  -19.036  47.021 0.2222220004
71876  -55.607  -20.272  45.588 0.2222220004
62867  -59.294  -29.472  24.852 0.1111110002
65100  -59.941  -27.914  26.927 0.1111110002
57977  -58.444  -35.217  26.519 0.1111110002
57960  -58.606  -34.401  26.244 0.1111110002
54692  -60.316  -37.858  25.463 0.1111110002
53664  -59.973  -37.908  25.054 0.1111110002
133109  -64.058  -35.927  23.670 0.1111110002
59984  -58.876  -33.100  26.166 0.1111110002
54681  -60.524  -37.578  26.714 0.1111110002
56833  -58.807  -35.673  27.006 0.1111110002
54680  -59.690  -37.506  26.574 0.1111110002
55749  -64.921  -35.313  25.238 0.1111110002
59975  -58.586  -32.957  27.153 0.1111110002
56845  -65.892  -34.568  24.785 0.1111110002
55739  -62.819  -36.788  27.125 0.1111110002
59009  -58.852  -33.424  27.606 0.1111110002
55724  -61.034  -35.734  28.389 0.1111110002
55731  -61.469  -36.525  27.895 0.1111110002
54674  -61.972  -37.216  27.221 0.1111110002
69131  -59.642  -23.278  31.461 0.1111110002
149982  -61.819  -25.332  27.754 0.1111110002
67173  -62.718  -24.981  27.736 0.1111110002
70087  -59.132  -22.375  30.264 0.1111110002
69138  -58.822  -23.125  29.786 0.1111110002
138574  -54.651  -32.114  29.532 0.1111110002
57957  -64.947  -34.147  28.002 0.1111110002
139650  -60.835  -27.108  33.935 0.1111110002
63996  -57.908  -28.004  28.108 0.1111110002
144315  -59.294  -33.733  28.033 0.1111110002
66155  -66.125  -26.223  28.937 0.1111110002
66164  -66.309  -25.328  28.080 0.1111110002
68188  -66.310  -24.722  29.049 0.1111110002
68185  -64.646  -24.417  29.124 0.1111110002
69133  -60.994  -23.919  32.161 0.1111110002
69127  -59.889  -22.875  32.071 0.1111110002
72047  -60.784  -20.946  31.864 0.1111110002
72076  -60.797  -20.666  30.755 0.1111110002
139180  -64.096  -24.448  28.392 0.1111110002
71063  -59.481  -21.631  29.576 0.1111110002
143085  -61.186  -20.351  29.960 0.1111110002
71074  -59.373  -21.449  28.464 0.1111110002
64872  -56.576  -27.050  43.577 0.1111110002
66025  -55.681  -26.779  42.405 0.1111110002
64910  -53.669  -27.258  40.795 0.1111110002
142335  -53.017  -27.455  40.845 0.1111110002
66097  -52.832  -26.460  37.659 0.1111110002
66080  -52.433  -26.614  38.609 0.1111110002
66117  -52.563  -26.642  36.674 0.1111110002
132303  -51.781  -26.774  38.158 0.1111110002
143199  -51.529  -26.719  36.558 0.1111110002
66118  -53.485  -26.685  36.700 0.1111110002
65035  -52.041  -27.893  32.903 0.1111110002
63949  -51.591  -28.354  32.238 0.1111110002
65009  -51.771  -27.178  34.323 0.1111110002
65021  -51.461  -27.552  33.561 0.1111110002
62837  -52.049  -29.354  30.158 0.1111110002
63975  -52.503  -28.826  30.738 0.1111110002
63950  -52.550  -28.268  32.248 0.1111110002
131644  -52.796  -30.680  29.373 0.1111110002
57913  -61.095  -35.039  31.393 0.1111110002
135749  -53.600  -30.871  29.261 0.1111110002
138195  -53.839  -31.752  29.379 0.1111110002
61807  -54.146  -30.204  29.124 0.1111110002
138711  -55.515  -32.589  29.791 0.1111110002
58963  -57.391  -33.722  30.561 0.1111110002
57921  -58.691  -34.577  30.757 0.1111110002
57923  -60.517  -34.606  30.812 0.1111110002
58966  -60.095  -34.150  30.183 0.1111110002
62855  -56.847  -29.625  27.396 0.1111110002
57947  -59.877  -33.786  28.753 0.1111110002
66153  -66.812  -26.392  30.796 0.1111110002
66147  -66.912  -26.601  31.512 0.1111110002
133497  -65.522  -24.575  31.026 0.1111110002
139817  -65.847  -24.512  29.608 0.1111110002
69129  -61.360  -23.546  32.836 0.1111110002
73030  -62.629  -19.660  29.934 0.1111110002
73045  -62.053  -19.795  28.769 0.1111110002
137536  -62.279  -19.101  28.128 0.1111110002
73061  -63.657  -18.931  28.390 0.1111110002
66039  -55.746  -26.598  41.793 0.1111110002
66038  -55.006  -26.784  41.208 0.1111110002
66066  -54.465  -26.556  39.479 0.1111110002
66081  -53.207  -26.460  38.625 0.1111110002
131237  -54.967  -26.418  38.814 0.1111110002
66082  -54.211  -26.355  38.574 0.1111110002
66133  -53.267  -26.892  35.966 0.1111110002
64999  -53.024  -27.064  35.203 0.1111110002
146888  -53.643  -27.496  34.561 0.1111110002
63933  -52.956  -27.917  32.975 0.1111110002
63951  -53.438  -28.106  32.363 0.1111110002
148758  -53.818  -28.152  31.826 0.1111110002
63976  -53.271  -28.582  30.461 0.1111110002
63977  -53.875  -28.318  30.134 0.1111110002
155745  -55.897  -32.115  29.642 0.1111110002
58982  -56.835  -33.120  30.161 0.1111110002
130667  -59.064  -26.942  33.063 0.1111110002
58984  -58.679  -33.340  29.852 0.1111110002
65061  -58.029  -26.797  30.073 0.1111110002
60878  -56.789  -31.134  27.637 0.1111110002
73047  -64.156  -19.205  29.151 0.1111110002
75154  -65.208  -17.845  27.511 0.1111110002
68165  -66.369  -24.941  30.804 0.1111110002
142841  -66.398  -25.406  31.453 0.1111110002
68155  -65.014  -25.158  32.819 0.1111110002
68154  -64.207  -24.830  32.927 0.1111110002
131865  -63.035  -24.298  33.610 0.1111110002
72064  -62.472  -20.126  31.647 0.1111110002
131570  -64.434  -19.635  30.999 0.1111110002
150736  -64.972  -18.150  27.575 0.1111110002
157723  -64.107  -18.070  27.852 0.1111110002
77150  -63.829  -15.698  27.166 0.1111110002
152104  -59.216  -27.706  38.473 0.1111110002
60867  -55.436  -31.604  29.416 0.1111110002
139610  -58.375  -32.920  29.288 0.1111110002
75114  -65.732  -17.543  29.572 0.1111110002
146546  -63.223  -20.491  33.012 0.1111110002
67146  -66.205  -26.117  33.128 0.1111110002
68147  -64.448  -24.867  33.893 0.1111110002
130735  -57.279  -23.818  38.776 0.1111110002
63887  -58.115  -28.701  36.100 0.1111110002
140105  -66.812  -27.038  33.684 0.1111110002
147237  -66.890  -26.795  32.961 0.1111110002
66140  -66.431  -26.416  33.454 0.1111110002
73004  -64.980  -19.656  32.607 0.1111110002
135758  -64.523  -13.338  25.764 0.1111110002
68097  -60.767  -25.032  39.757 0.1111110002
67097  -62.022  -25.013  40.906 0.1111110002
64932  -62.911  -27.699  39.754 0.1111110002
71014  -64.536  -20.922  34.474 0.1111110002
75095  -65.192  -17.877  32.714 0.1111110002
68050  -52.587  -24.595  41.610 0.2222220004
69962  -52.883  -22.665  42.050 0.2222220004
69052  -52.749  -23.654  40.379 0.2222220004
70920  -54.370  -21.664  42.208 0.2222220004
69053  -53.375  -23.323  39.661 0.1111110002
69042  -56.672  -23.584  40.858 0.1111110002
69075  -54.603  -23.088  37.902 0.1111110002
69076  -55.156  -23.248  37.465 0.1111110002
149288  -59.798  -24.686  38.716 0.1111110002
64948  -63.230  -27.547  39.091 0.1111110002
157541  -61.679  -25.853  37.410 0.1111110002
66104  -63.473  -26.519  37.768 0.1111110002
66106  -64.370  -26.759  37.512 0.1111110002
70024  -63.767  -22.338  36.624 0.1111110002
70987  -63.952  -21.640  36.531 0.1111110002
75093  -63.474  -17.308  32.760 0.1111110002
74041  -65.108  -18.602  33.868 0.1111110002
76103  -64.784  -17.256  32.159 0.1111110002
72988  -64.784  -19.226  34.813 0.1111110002
70906  -53.582  -22.041  42.646 0.2222220004
70944  -54.701  -21.906  39.668 0.1111110002
70962  -55.244  -21.948  38.113 0.1111110002
70945  -55.570  -21.292  40.130 0.1111110002
70012  -55.757  -22.470  36.881 0.1111110002
67105  -61.330  -25.802  39.140 0.1111110002
69089  -56.932  -23.935  35.815 0.1111110002
70022  -62.543  -22.382  36.158 0.1111110002
72969  -62.120  -20.068  35.635 0.1111110002
72979  -62.675  -19.657  35.527 0.1111110002
74033  -63.844  -18.487  35.058 0.1111110002
72982  -64.508  -19.498  35.239 0.1111110002
75072  -62.928  -18.004  34.258 0.1111110002
71895  -54.955  -20.909  44.312 0.2222220004
71912  -55.834  -20.759  43.113 0.2222220004
71942  -55.766  -21.034  41.070 0.1111110002
71957  -56.401  -20.804  40.515 0.1111110002
132743  -55.938  -21.326  38.784 0.1111110002
131660  -56.988  -20.624  39.910 0.1111110002
148948  -56.430  -21.388  37.428 0.1111110002
157917  -56.513  -22.109  36.190 0.1111110002
71980  -57.626  -20.594  38.702 0.1111110002
70037  -57.362  -22.587  35.176 0.1111110002
70038  -58.173  -22.093  34.857 0.1111110002
72002  -60.274  -19.998  36.254 0.1111110002
75071  -61.437  -17.945  33.831 0.1111110002
130918  -57.270  -20.185  44.282 0.2222220004
71927  -56.953  -20.539  42.191 0.2222220004
71928  -57.587  -20.333  42.421 0.2222220004
71945  -58.190  -20.271  41.798 0.2222220004
71958  -57.230  -20.563  40.786 0.1111110002
71970  -57.884  -20.456  40.107 0.1111110002
72001  -59.857  -20.297  36.369 0.1111110002
72873  -58.869  -19.570  45.000 0.2222220004
71914  -58.669  -19.779  43.426 0.2222220004
71929  -58.376  -20.043  42.596 0.2222220004
132705  -58.955  -19.978  41.992 0.2222220004
71973  -60.167  -20.007  40.009 0.1111110002
134458  -59.841  -20.115  39.161 0.1111110002
72907  -60.082  -19.427  42.757 0.2222220004
82986  -63.943  -9.290  31.004 0.1111110002
83900  -64.131  -7.724  31.537 0.1111110002
83000  -63.616  -9.101  28.720 0.1111110002
83919  -63.674  -8.347  28.492 0.1111110002
83007  -63.713  -9.346  27.694 0.1111110002
150463  -63.910  -7.067  28.714 0.1111110002
83926  -63.833  -9.172  26.918 0.1111110002
85746  -64.804  -6.906  26.376 0.1111110002
84867  -64.539  -7.713  25.895 0.1111110002
83135  -63.459  -9.881  17.843 0.1111110002
139667  -60.821  -9.537  15.999 0.2222220004
82182  -59.771  -9.736  16.799 0.2222220004
85728  -63.973  -6.331  27.728 0.1111110002
86780  -64.380  -5.526  26.375 0.1111110002
19215  -10.658  -68.518  54.004 0.1111110002
19247  -7.568  -68.084  50.856 0.1111110002
20394  -7.637  -68.132  49.376 0.1111110002
20407  -7.385  -67.767  48.618 0.1111110002
19201  -10.393  -68.459  55.475 0.1111110002
19204  -9.324  -68.575  54.513 0.1111110002
20347  -7.946  -68.079  53.598 0.1111110002
19246  -7.222  -67.848  50.985 0.1111110002
21513  -8.278  -67.017  52.846 0.1111110002
20366  -7.283  -67.378  51.198 0.1111110002
20356  -7.233  -67.581  51.959 0.1111110002
20393  -6.726  -67.521  49.422 0.1111110002
20406  -6.622  -67.469  48.526 0.1111110002
20379  -7.109  -66.666  50.542 0.1111110002
153304  -6.478  -65.288  49.407 0.1111110002
21574  -5.705  -66.845  47.728 0.1111110002
24007  -6.129  -64.143  49.567 0.1111110002
134544  -6.356  -65.213  48.643 0.1111110002
25247  -5.518  -63.250  50.135 0.1111110002
26492  -5.614  -62.923  50.831 0.1111110002
24006  -5.683  -63.454  49.723 0.1111110002
141258  -5.510  -62.264  49.784 0.1111110002
139925  -5.666  -62.146  50.556 0.1111110002
26513  -5.544  -62.821  49.626 0.1111110002
147027  -6.037  -63.094  48.510 0.1111110002
27768  -5.457  -61.070  49.845 0.1111110002
27757  -5.597  -61.217  50.333 0.1111110002
154022  -5.497  -61.682  49.652 0.1111110002
27744  -5.915  -61.445  50.899 0.1111110002
26523  -5.714  -62.549  48.986 0.1111110002
28977  -5.421  -60.192  50.206 0.1111110002
30125  -5.315  -59.317  50.321 0.1111110002
30137  -5.307  -59.472  49.889 0.1111110002
30112  -5.503  -59.767  50.703 0.1111110002
28964  -6.158  -60.699  51.085 0.1111110002
27779  -5.550  -61.109  49.221 0.1111110002
143038  -5.901  -60.930  48.504 0.1111110002
31198  -5.481  -59.026  50.926 0.1111110002
30113  -5.782  -59.827  51.191 0.1111110002
31199  -5.889  -59.082  51.391 0.1111110002
28999  -5.693  -60.213  48.915 0.1111110002
30149  -5.739  -59.504  48.550 0.1111110002
32410  -5.006  -57.292  50.761 0.1111110002
32390  -5.267  -57.466  51.359 0.1111110002
32391  -5.582  -58.295  51.392 0.1111110002
31229  -5.235  -58.829  49.614 0.1111110002
31200  -6.212  -59.026  51.414 0.1111110002
31248  -5.505  -58.859  48.818 0.1111110002
144350  -4.849  -57.119  50.222 0.1111110002
32448  -5.213  -57.119  48.808 0.1111110002
40220  -14.900  -51.354  63.060 0.1111110002
63901  -42.167  -28.792  35.983 0.1111110002
80368  -63.666  -11.563  17.765 0.1111110002
81293  -63.423  -10.865  17.188 0.1111110002
80367  -63.316  -11.640  17.381 0.1111110002
68037  -53.715  -24.896  42.387 0.1111110002
137247  -52.845  -24.506  41.073 0.1111110002
82201  -63.511  -10.356  17.512 0.1111110002
82212  -62.473  -10.125  15.956 0.1111110002
80375  -62.026  -11.509  15.724 0.1111110002
81303  -62.034  -10.697  14.854 0.1111110002
65995  -54.062  -26.841  44.876 0.1111110002
132688  -52.895  -25.620  43.142 0.1111110002
82210  -61.892  -9.208  14.618 0.1111110002
80364  -61.494  -12.184  16.435 0.1111110002
81310  -61.899  -10.024  14.487 0.1111110002
82211  -62.071  -9.750  15.107 0.1111110002
82026  -63.858  -10.152  31.343 0.1111110002
83895  -64.090  -8.417  32.348 0.1111110002
80373  -60.644  -11.334  14.968 0.1111110002
81309  -61.324  -9.825  14.365 0.1111110002
155826  -61.271  -9.124  14.650 0.1111110002
81301  -60.594  -10.774  14.450 0.1111110002
136267  -58.693  -10.278  18.581 0.1111110002
82209  -60.453  -8.959  14.740 0.1111110002
82196  -59.393  -8.869  16.409 0.1111110002
79298  -53.244  -12.689  18.234 0.1111110002
80346  -53.668  -12.205  17.796 0.1111110002
78294  -51.398  -14.174  20.196 0.1111110002
79271  -52.143  -13.704  18.926 0.1111110002
153670  -54.131  -11.921  17.619 0.1111110002
81288  -54.451  -11.812  17.607 0.1111110002
78275  -50.541  -14.576  20.576 0.1111110002
79283  -51.762  -13.525  18.670 0.1111110002
80345  -52.773  -12.535  18.146 0.1111110002
81279  -52.964  -11.915  17.863 0.1111110002
83119  -54.475  -10.333  18.132 0.1111110002
83118  -53.686  -10.436  18.283 0.1111110002
149749  -55.248  -9.529  18.240 0.1111110002
145492  -51.031  -13.711  18.878 0.1111110002
78311  -51.477  -13.862  19.115 0.1111110002
79297  -52.248  -13.077  18.374 0.1111110002
141474  -52.503  -12.327  18.197 0.1111110002
82178  -53.347  -11.213  17.979 0.1111110002
84048  -53.210  -9.716  18.636 0.1111110002
135436  -54.059  -9.462  18.697 0.1111110002
84049  -54.675  -8.455  18.763 0.1111110002
156170  -53.199  -9.076  18.880 0.1111110002
84036  -53.706  -8.481  19.146 0.1111110002
84949  -55.148  -7.373  18.651 0.1111110002
84050  -55.722  -8.249  18.245 0.1111110002
79296  -51.431  -13.328  18.581 0.1111110002
86881  -58.120  -5.597  17.487 0.1111110002
87873  -57.174  -4.912  17.988 0.1111110002
84934  -54.187  -7.583  19.198 0.1111110002
85845  -56.639  -6.123  17.679 0.1111110002
84950  -56.155  -7.105  17.978 0.1111110002
87874  -58.229  -4.453  18.346 0.1111110002
87882  -57.914  -4.984  17.846 0.1111110002
86873  -56.704  -5.381  17.924 0.1111110002
86872  -55.919  -5.553  18.396 0.1111110002
135129  -57.622  -4.390  18.238 0.1111110002
51181  -37.640  -40.756  61.215 0.1111110002
151584  -38.411  -40.318  60.672 0.1111110002
52212  -38.982  -40.002  60.465 0.1111110002
53227  -39.438  -38.785  59.762 0.1111110002
67128  -44.777  -25.892  35.769 0.1111110002
142763  -14.815  -51.580  64.538 0.1111110002
21512  -8.028  -66.548  52.269 0.1111110002
134361  -6.174  -64.115  50.078 0.1111110002
22751  -6.574  -64.783  50.317 0.1111110002
25238  -5.583  -63.314  50.549 0.1111110002
40196  -15.325  -50.937  64.696 0.1111110002
83894  -63.840  -8.196  32.654 0.1111110002
81308  -60.303  -10.067  14.412 0.1111110002
143212  -59.167  -8.108  16.215 0.1111110002
84908  -64.374  -7.426  21.631 0.1111110002
67061  -53.037  -25.406  42.618 0.1111110002
84939  -63.908  -8.143  20.016 0.1111110002
82198  -61.921  -9.230  15.154 0.1111110002
20380  -6.961  -67.474  50.305 0.1111110002
143716  -7.166  -67.880  49.180 0.1111110002
20345  -7.710  -67.435  52.418 0.1111110002
21554  -6.074  -66.666  49.137 0.1111110002
21543  -6.812  -66.009  49.887 0.1111110002
22769  -5.963  -66.355  48.568 0.1111110002
151750  -5.878  -66.084  47.909 0.1111110002
144403  -5.519  -61.914  50.050 0.1111110002
25255  -5.833  -63.246  49.049 0.1111110002
26522  -5.539  -62.025  49.312 0.1111110002
28963  -5.711  -60.508  50.774 0.1111110002
27780  -5.760  -61.682  48.804 0.1111110002
28989  -5.487  -60.228  49.568 0.1111110002
141353  -5.815  -60.841  48.678 0.1111110002
31215  -5.173  -58.685  50.424 0.1111110002
29000  -5.846  -60.165  48.435 0.1111110002
148514  -6.445  -61.127  48.030 0.1111110002
150662  -5.151  -58.893  50.084 0.1111110002
30148  -5.508  -59.509  49.237 0.1111110002
31183  -5.958  -58.310  51.671 0.1111110002
31249  -5.786  -58.929  48.316 0.1111110002
135500  -5.173  -58.154  50.846 0.1111110002
144924  -4.914  -58.081  50.147 0.1111110002
152781  -4.935  -57.378  49.641 0.1111110002
133369  -5.216  -58.076  49.227 0.1111110002
31201  -6.596  -58.968  51.274 0.1111110002
144657  -4.805  -56.449  49.669 0.1111110002
82213  -62.953  -10.342  16.687 0.1111110002
80377  -62.832  -10.827  16.419 0.1111110002
154397  -62.319  -10.429  15.486 0.1111110002
80374  -61.489  -11.482  15.121 0.1111110002
81302  -61.547  -10.833  14.319 0.1111110002
79284  -52.557  -13.277  18.601 0.1111110002
81280  -53.821  -11.772  17.685 0.1111110002
82179  -54.252  -11.207  17.729 0.1111110002
78310  -50.552  -14.050  19.345 0.1111110002
83117  -52.801  -10.321  18.475 0.1111110002
81278  -52.239  -11.919  18.302 0.1111110002
84035  -52.755  -8.496  19.103 0.1111110002
84933  -53.248  -7.714  19.397 0.1111110002
85832  -54.609  -6.586  19.049 0.1111110002
85844  -55.566  -6.381  18.480 0.1111110002
19200  -9.561  -68.427  55.347 0.2222220004
19205  -10.101  -68.692  54.726 0.1111110002
19206  -10.970  -68.450  54.782 0.1111110002
19234  -7.226  -68.077  51.719 0.1111110002
19255  -7.261  -68.036  49.970 0.1111110002
20324  -11.005  -67.074  56.461 0.1111110002
20330  -8.861  -67.706  55.193 0.4444440007
20346  -7.445  -67.931  53.134 0.1111110002
20392  -6.496  -66.973  49.685 0.1111110002
20405  -6.031  -67.187  48.957 0.1111110002
20422  -6.144  -67.315  47.711 0.1111110002
22699  -12.053  -65.295  57.657 0.1111110002
22702  -10.707  -65.858  57.263 0.3333329856
22733  -6.704  -64.165  51.148 0.3333329856
22735  -7.863  -65.807  52.114 0.3333329856
22740  -6.524  -64.343  50.771 0.3333329856
23934  -10.869  -64.688  58.149 0.3333329856
25166  -10.555  -62.452  59.522 0.3333329856
25215  -6.104  -63.280  51.341 0.2222220004
25227  -5.836  -63.290  51.198 0.2222220004
26429  -9.975  -61.699  59.463 0.5555559993
26430  -10.331  -62.250  59.320 0.4444440007
26443  -10.654  -63.645  57.188 0.5555559993
26504  -5.523  -62.769  50.231 0.1111110002
27654  -9.888  -60.738  60.357 0.4444440007
27667  -11.366  -61.087  60.433 0.1111110002
27668  -12.937  -60.955  60.428 0.1111110002
27674  -9.610  -61.186  59.526 0.4444440007
27684  -11.010  -61.330  57.453 0.5555559993
27769  -9.146  -61.110  49.774 0.1111110002
28860  -9.751  -59.962  60.601 0.3333329856
28862  -10.965  -60.045  60.824 0.2222220004
28886  -9.390  -60.666  59.267 0.4444440007
30022  -10.132  -59.272  61.097 0.2222220004
30039  -10.537  -59.108  58.180 0.5555559993
31093  -9.473  -57.952  61.314 0.3333329856
31094  -9.837  -58.028  61.502 0.1111110002
31116  -9.086  -58.493  59.810 0.4444440007
31141  -11.595  -58.711  56.717 0.7777780294
32298  -9.063  -57.644  60.870 0.2222220004
32299  -10.568  -57.639  61.281 0.1111110002
32313  -10.652  -57.499  58.394 0.6666669846
33463  -9.261  -56.672  61.902 0.1111110002
33466  -9.060  -56.567  60.867 0.5555559993
33471  -8.999  -56.783  59.961 0.4444440007
33487  -11.954  -56.584  56.583 0.7777780294
34577  -10.612  -54.884  63.510 0.1111110002
34578  -9.334  -56.183  62.391 0.2222220004
35679  -11.242  -53.990  63.924 0.1111110002
35683  -12.189  -54.144  63.474 0.1111110002
35684  -10.118  -54.809  63.264 0.3333329856
35691  -9.704  -55.328  61.712 0.3333329856
35719  -12.275  -55.070  56.804 0.7777780294
36749  -11.991  -53.480  63.971 0.1111110002
36756  -10.603  -54.224  63.233 0.2222220004
37864  -13.422  -52.648  64.493 0.1111110002
37900  -35.938  -51.472  61.173 0.1111110002
37921  -35.099  -52.011  60.537 0.1111110002
37922  -35.781  -51.888  60.790 0.1111110002
37928  -12.169  -53.403  60.158 0.7777780294
37945  -36.293  -51.640  60.269 0.1111110002
37965  -13.427  -52.622  57.656 0.8888890147
38059  -12.983  -52.812  47.273 0.1111110002
39006  -14.423  -51.660  63.984 0.1111110002
39041  -34.670  -51.425  61.549 0.1111110002
39042  -35.378  -51.261  61.389 0.1111110002
39043  -36.585  -51.133  61.127 0.1111110002
39044  -37.276  -51.011  60.644 0.1111110002
39063  -38.126  -50.996  60.121 0.1111110002
39073  -35.607  -51.541  59.089 0.1111110002
39074  -36.312  -51.423  59.386 0.1111110002
39088  -37.195  -51.264  59.274 0.1111110002
39090  -38.466  -50.701  58.813 0.1111110002
39105  -36.954  -51.238  58.151 0.1111110002
39145  -13.977  -52.204  55.008 0.8888890147
40206  -15.156  -51.155  63.962 0.1111110002
40244  -35.407  -50.767  61.375 0.1111110002
40246  -36.829  -50.811  61.053 0.1111110002
40267  -17.126  -50.392  59.869 0.7777780294
40325  -14.796  -51.061  54.532 0.7777780294
41443  -27.965  -48.398  64.908 0.2222220004
41494  -38.232  -50.025  59.533 0.1111110002
41503  -38.910  -49.546  59.286 0.1111110002
41510  -16.899  -49.905  58.271 0.7777780294
42669  -23.919  -47.762  65.196 0.5555559993
42775  -18.400  -48.599  54.448 0.7777780294
42795  -17.515  -48.777  52.651 0.7777780294
43783  -24.559  -47.537  65.374 0.5555559993
43824  -27.183  -47.996  61.156 1.0000000000
43825  -27.831  -47.886  61.068 0.8888890147
43876  -38.718  -47.127  58.805 0.1111110002
43890  -28.488  -47.721  57.532 1.0000000000
43896  -23.834  -47.586  56.750 0.8888890147
44829  -23.704  -47.366  64.847 0.5555559993
44837  -23.502  -46.922  64.593 0.5555559993
44846  -22.587  -46.108  63.790 0.6666669846
44928  -31.509  -46.973  58.476 0.8888890147
44930  -36.792  -46.504  58.760 0.1111110002
44942  -21.626  -47.005  57.257 1.0000000000
44969  -22.117  -46.854  56.203 1.0000000000
45027  -27.565  -46.227  52.543 0.7777780294
45081  -16.348  -46.446  46.725 0.1111110002
45899  -29.579  -45.896  65.272 0.3333329856
45901  -22.706  -46.097  64.031 0.6666669846
45905  -31.419  -45.569  64.526 0.2222220004
45908  -33.791  -45.028  64.096 0.1111110002
45913  -33.467  -45.326  63.905 0.1111110002
46021  -32.808  -45.571  55.479 0.8888890147
46074  -21.343  -45.580  52.390 0.8888890147
46092  -26.151  -45.792  51.042 0.7777780294
46094  -30.152  -44.846  51.259 0.7777780294
46974  -31.756  -44.664  63.966 0.2222220004
46975  -32.491  -44.441  64.012 0.3333329856
46977  -35.562  -44.490  63.107 0.1111110002
46978  -35.936  -43.886  63.045 0.1111110002
47060  -33.912  -45.107  55.607 0.8888890147
47105  -21.595  -45.388  52.317 0.6666669846
47122  -21.462  -45.368  51.891 0.6666669846
47126  -30.807  -44.578  50.984 0.7777780294
47143  -30.639  -44.475  50.066 0.6666669846
47167  -30.422  -44.381  48.461 0.5555559993
47177  -29.552  -44.702  47.163 0.5555559993
48030  -33.023  -44.245  64.037 0.1111110002
48033  -33.592  -44.038  63.920 0.1111110002
48046  -36.228  -43.750  62.426 0.1111110002
48172  -31.985  -43.796  50.790 0.7777780294
48215  -31.357  -43.628  48.566 0.5555559993
49067  -35.162  -43.335  62.678 0.1111110002
49068  -35.778  -43.072  62.504 0.1111110002
49252  -33.238  -42.684  50.433 0.7777780294
50166  -37.868  -41.301  57.331 0.5555559993
50193  -37.235  -41.572  55.177 0.8888890147
51182  -38.547  -40.777  60.821 0.1111110002
51196  -37.181  -40.797  60.787 0.2222220004
51272  -35.925  -40.564  53.073 0.8888890147
51289  -35.728  -40.284  51.914 0.8888890147
51373  -32.256  -40.636  46.465 0.4444440007
52211  -38.095  -40.247  60.705 0.1111110002
52225  -38.247  -39.760  60.049 0.3333329856
52240  -38.696  -39.265  59.723 0.4444440007
52318  -36.503  -39.867  52.483 0.7777780294
52356  -34.743  -38.997  49.521 0.7777780294
53226  -38.982  -39.046  59.738 0.3333329856
53255  -38.843  -38.667  58.855 0.4444440007
54249  -39.285  -38.545  59.516 0.4444440007
54253  -42.005  -37.032  60.180 0.1111110002
54256  -44.814  -36.655  59.850 0.1111110002
54264  -39.047  -38.511  59.176 0.4444440007
54265  -39.642  -37.963  59.399 0.4444440007
54269  -43.938  -37.216  59.797 0.1111110002
54270  -45.256  -37.155  59.623 0.1111110002
54299  -38.897  -38.650  57.552 0.4444440007
54312  -39.008  -38.677  57.070 0.4444440007
54313  -39.429  -38.488  56.814 0.6666669846
54393  -43.170  -37.186  49.915 1.0000000000
54690  -58.751  -37.622  25.446 0.1111110002
54691  -59.584  -37.805  25.702 0.1111110002
55358  -41.618  -36.769  60.110 0.2222220004
55359  -42.574  -36.527  60.160 0.1111110002
55370  -40.168  -37.208  59.583 0.4444440007
55387  -40.727  -36.841  58.629 0.4444440007
55502  -41.456  -36.069  46.517 0.7777780294
55728  -58.493  -36.865  26.558 0.1111110002
56414  -42.884  -36.040  60.074 0.1111110002
56415  -45.071  -36.130  59.581 0.1111110002
56425  -42.110  -36.102  59.631 0.2222220004
56427  -43.564  -35.939  59.811 0.2222220004
56439  -42.109  -36.467  58.821 0.5555559993
56440  -42.712  -35.897  58.909 0.3333329856
56444  -46.252  -35.417  58.898 0.2222220004
56485  -43.811  -36.018  55.948 0.3333329856
56558  -45.400  -35.860  48.953 1.0000000000
56596  -43.048  -35.296  46.751 0.8888890147
57519  -45.289  -35.131  58.606 0.2222220004
57669  -46.889  -34.554  48.947 1.0000000000
57961  -58.989  -34.930  27.168 0.1111110002
58989  -63.395  -33.856  29.168 0.1111110002
59010  -65.186  -33.746  28.324 0.1111110002
59011  -65.941  -33.759  27.940 0.1111110002
59696  -49.850  -32.412  56.454 0.1111110002
60621  -49.557  -31.811  55.628 0.1111110002
60623  -50.155  -32.000  55.868 0.1111110002
61730  -63.498  -30.083  37.874 0.1111110002
61743  -63.925  -30.177  37.658 0.1111110002
61744  -64.260  -30.065  37.481 0.1111110002
61745  -64.697  -29.810  37.254 0.1111110002
61755  -62.803  -30.354  37.431 0.1111110002
61756  -64.147  -30.275  37.394 0.1111110002
61758  -65.490  -29.964  36.656 0.1111110002
61759  -66.191  -30.022  36.073 0.1111110002
61766  -64.657  -30.232  36.655 0.1111110002
61767  -65.396  -30.247  36.170 0.1111110002
62505  -49.393  -29.381  54.460 0.3333329856
62506  -50.478  -29.893  54.316 0.2222220004
62522  -48.315  -29.159  53.518 0.3333329856
62639  -48.608  -29.507  43.976 0.7777780294
62714  -62.779  -29.264  39.039 0.1111110002
62716  -63.690  -29.112  38.872 0.1111110002
62717  -63.759  -28.659  38.862 0.1111110002
62740  -63.084  -29.778  38.296 0.1111110002
62759  -60.155  -29.141  36.831 0.1111110002
62771  -41.121  -29.556  36.352 0.1111110002
62776  -60.543  -29.215  36.599 0.1111110002
62780  -65.820  -29.353  36.305 0.1111110002
62808  -66.322  -30.116  34.862 0.1111110002
62815  -66.786  -29.556  33.917 0.1111110002
62821  -67.136  -29.291  32.933 0.1111110002
63590  -48.864  -28.474  53.992 0.3333329856
63591  -49.306  -28.774  54.223 0.3333329856
63766  -48.999  -29.087  42.085 0.7777780294
63768  -50.582  -28.404  43.021 0.7777780294
63803  -41.969  -28.977  40.338 0.2222220004
63807  -48.072  -28.997  40.602 0.7777780294
63831  -62.808  -28.000  40.015 0.1111110002
63832  -63.351  -28.438  39.381 0.1111110002
63848  -60.327  -28.708  38.159 0.1111110002
63888  -58.854  -28.917  36.243 0.1111110002
63908  -59.221  -28.990  35.958 0.1111110002
63909  -61.590  -28.470  35.645 0.1111110002
63921  -57.324  -28.588  34.783 0.1111110002
63944  -67.381  -28.560  33.234 0.1111110002
63957  -64.689  -28.553  32.816 0.1111110002
63959  -67.390  -28.921  32.081 0.1111110002
63971  -67.324  -28.147  31.297 0.1111110002
63981  -67.302  -27.787  30.602 0.1111110002
63988  -66.622  -27.843  30.018 0.1111110002
64712  -49.500  -28.521  54.058 0.3333329856
64722  -49.296  -27.785  53.540 0.3333329856
64774  -47.390  -27.496  49.207 0.5555559993
64801  -47.480  -27.808  46.916 0.7777780294
64911  -54.370  -27.018  40.765 0.1111110002
64914  -62.443  -26.342  41.438 0.1111110002
64930  -62.045  -27.465  40.637 0.1111110002
64949  -63.643  -27.601  38.517 0.1111110002
64950  -64.081  -27.518  38.026 0.1111110002
64966  -64.599  -27.421  37.491 0.1111110002
64967  -65.109  -27.425  36.906 0.1111110002
64978  -54.120  -27.175  36.054 0.1111110002
64983  -65.603  -27.433  36.339 0.1111110002
64984  -65.869  -27.371  35.709 0.1111110002
65010  -52.716  -27.289  34.429 0.1111110002
65014  -59.229  -27.756  34.557 0.1111110002
65016  -61.676  -27.299  34.072 0.1111110002
65039  -58.584  -26.898  32.475 0.1111110002
65043  -62.522  -27.341  32.839 0.1111110002
65052  -60.437  -26.709  32.001 0.1111110002
65057  -67.092  -27.214  31.065 0.1111110002
65065  -61.220  -27.255  30.174 0.1111110002
65866  -48.786  -26.713  53.030 0.3333329856
65893  -47.816  -26.654  51.627 0.3333329856
65910  -47.670  -26.580  50.764 0.3333329856
65953  -47.425  -27.568  48.116 0.7777780294
65969  -49.505  -27.461  46.732 0.7777780294
65970  -50.377  -27.268  47.023 0.8888890147
66073  -62.478  -26.471  40.991 0.1111110002
66074  -62.651  -27.234  39.792 0.1111110002
66088  -63.625  -27.114  38.180 0.1111110002
66103  -62.739  -26.710  38.391 0.1111110002
66105  -64.106  -26.306  37.475 0.1111110002
66121  -65.220  -26.176  36.392 0.1111110002
66134  -65.521  -25.987  35.715 0.1111110002
66151  -58.448  -26.671  30.825 0.1111110002
66918  -49.368  -25.101  52.707 0.3333329856
66920  -50.942  -24.338  53.528 0.3333329856
66936  -52.110  -24.914  53.153 0.2222220004
66937  -53.140  -25.048  52.762 0.1111110002
66938  -54.001  -25.210  52.316 0.1111110002
66947  -48.087  -25.879  51.880 0.3333329856
66948  -48.464  -25.614  51.878 0.3333329856
66969  -47.862  -26.098  50.581 0.4444440007
66981  -49.391  -25.764  48.847 0.6666669846
66994  -50.915  -26.212  48.004 0.6666669846
67060  -52.736  -25.173  42.540 0.1111110002
67091  -62.158  -24.980  41.965 0.1111110002
67098  -62.524  -25.601  41.515 0.1111110002
67104  -60.403  -25.353  38.240 0.1111110002
67107  -63.743  -26.428  37.639 0.1111110002
67116  -61.937  -26.319  38.446 0.1111110002
67117  -63.327  -26.028  37.336 0.1111110002
67121  -64.842  -25.881  36.638 0.1111110002
67130  -61.114  -25.452  36.840 0.1111110002
67131  -61.994  -25.479  36.814 0.1111110002
67133  -65.091  -25.552  36.296 0.1111110002
67145  -65.929  -25.777  32.816 0.1111110002
67162  -66.578  -25.337  29.417 0.1111110002
67924  -52.286  -23.912  53.513 0.2222220004
67925  -53.048  -23.880  53.341 0.2222220004
67933  -49.334  -24.308  52.612 0.3333329856
67944  -49.177  -24.438  52.183 0.3333329856
67955  -51.553  -23.951  50.377 0.3333329856
67964  -49.445  -25.033  50.214 0.3333329856
67975  -51.845  -25.171  48.848 0.6666669846
68082  -53.428  -23.676  39.861 0.1111110002
68085  -60.391  -24.199  41.265 0.1111110002
68107  -63.640  -24.831  36.901 0.1111110002
68116  -56.590  -23.890  36.636 0.1111110002
68117  -57.550  -24.243  36.337 0.1111110002
68118  -58.631  -24.557  36.155 0.1111110002
68120  -60.428  -25.003  36.203 0.1111110002
68124  -64.461  -24.603  36.557 0.1111110002
68146  -62.179  -23.906  33.265 0.1111110002
68156  -65.775  -25.473  32.435 0.1111110002
68198  -65.703  -24.607  27.571 0.1111110002
68199  -66.082  -24.691  27.791 0.1111110002
68200  -66.312  -24.769  28.218 0.1111110002
68233  -65.664  -24.802  26.832 0.1111110002
68872  -51.088  -23.745  53.397 0.3333329856
68873  -52.132  -23.612  53.370 0.2222220004
68874  -52.841  -23.414  53.398 0.2222220004
68881  -49.853  -23.845  52.787 0.3333329856
68882  -50.679  -23.465  52.872 0.3333329856
68885  -54.555  -23.766  51.538 0.2222220004
68895  -51.301  -23.019  52.123 0.3333329856
68897  -54.731  -23.367  50.827 0.1111110002
68903  -50.077  -24.051  51.266 0.3333329856
68912  -53.397  -23.572  49.583 0.2222220004
68988  -50.365  -22.920  43.588 0.4444440007
69021  -52.153  -24.003  41.605 0.1111110002
69040  -52.445  -23.584  40.874 0.1111110002
69045  -59.582  -23.850  41.478 0.1111110002
69054  -53.849  -23.409  39.181 0.1111110002
69055  -54.468  -23.621  38.793 0.1111110002
69066  -54.878  -23.568  37.947 0.1111110002
69078  -63.626  -23.761  36.709 0.1111110002
69087  -55.716  -23.123  36.862 0.1111110002
69092  -63.751  -22.955  36.625 0.1111110002
69105  -56.744  -23.231  35.645 0.1111110002
69106  -57.549  -23.535  35.210 0.1111110002
69107  -59.049  -23.999  34.924 0.1111110002
69108  -60.021  -23.849  35.153 0.1111110002
69120  -64.236  -23.693  34.677 0.1111110002
69121  -64.529  -23.740  35.016 0.1111110002
69125  -63.281  -23.704  34.241 0.1111110002
69132  -60.202  -23.611  31.806 0.1111110002
69796  -52.836  -23.134  53.317 0.2222220004
69797  -53.323  -22.987  52.994 0.2222220004
69805  -53.721  -22.640  52.184 0.2222220004
69806  -54.100  -22.485  51.843 0.2222220004
69807  -54.072  -23.109  51.944 0.2222220004
69820  -52.981  -22.661  52.153 0.2222220004
69821  -53.888  -22.436  52.101 0.2222220004
69822  -54.387  -22.800  51.248 0.2222220004
69838  -53.761  -22.544  51.545 0.2222220004
69839  -54.682  -23.202  50.948 0.1111110002
69851  -54.114  -22.622  50.755 0.2222220004
69972  -52.442  -23.167  41.334 0.2222220004
69973  -52.915  -22.629  41.205 0.2222220004
69974  -53.488  -22.391  40.778 0.1111110002
69988  -54.110  -22.159  40.255 0.1111110002
69994  -52.981  -23.243  39.981 0.1111110002
69995  -53.265  -22.981  39.684 0.1111110002
70003  -54.195  -22.904  38.456 0.1111110002
70011  -55.174  -22.689  37.448 0.1111110002
70021  -56.252  -22.679  36.280 0.1111110002
70025  -63.931  -22.186  36.570 0.1111110002
70056  -58.641  -22.662  34.815 0.1111110002
70068  -61.052  -22.128  33.188 0.1111110002
70804  -54.194  -22.600  51.461 0.2222220004
70816  -54.090  -22.364  51.535 0.2222220004
70818  -54.657  -22.818  50.802 0.2222220004
70905  -50.140  -21.179  42.946 0.5555559993
70907  -55.053  -21.103  43.505 0.2222220004
70942  -50.712  -21.724  40.914 0.6666669846
70946  -56.175  -21.028  39.591 0.1111110002
70953  -54.566  -22.321  38.678 0.1111110002
70960  -52.475  -21.553  38.486 0.7777780294
70963  -56.991  -20.906  38.037 0.1111110002
70972  -56.273  -21.852  36.673 0.1111110002
70973  -57.146  -21.111  37.074 0.1111110002
70988  -64.243  -21.433  36.262 0.1111110002
70999  -60.149  -21.426  35.190 0.1111110002
71002  -63.164  -21.768  36.450 0.1111110002
71009  -51.915  -22.084  34.808 0.5555559993
71013  -64.440  -21.829  34.725 0.1111110002
71024  -52.464  -21.566  33.366 0.5555559993
71050  -59.749  -21.843  31.564 0.1111110002
71850  -52.538  -20.573  47.649 0.4444440007
71851  -53.701  -21.256  47.237 0.3333329856
71852  -54.041  -20.393  47.768 0.3333329856
71865  -54.217  -20.426  47.065 0.3333329856
71866  -55.822  -19.756  46.371 0.2222220004
71877  -56.455  -20.089  45.747 0.2222220004
71878  -57.223  -20.026  45.423 0.2222220004
71911  -51.387  -20.821  43.704 0.5555559993
71915  -59.209  -19.752  42.749 0.2222220004
71926  -55.645  -20.883  42.345 0.2222220004
71930  -60.272  -19.514  41.896 0.1111110002
71943  -56.577  -20.677  41.485 0.2222220004
71960  -59.665  -20.119  40.695 0.1111110002
71961  -60.486  -19.741  40.620 0.1111110002
71978  -53.214  -20.954  38.693 0.7777780294
71979  -54.081  -20.529  38.711 0.7777780294
71982  -59.324  -20.367  38.386 0.1111110002
71993  -60.080  -19.942  37.204 0.1111110002
72000  -59.005  -20.630  36.811 0.1111110002
72004  -63.230  -20.804  36.052 0.1111110002
72007  -64.384  -20.748  35.775 0.1111110002
72011  -54.833  -20.573  35.566 0.7777780294
72015  -60.665  -20.313  35.693 0.1111110002
72016  -61.673  -20.668  35.615 0.1111110002
72018  -64.347  -20.107  35.615 0.1111110002
72025  -53.992  -20.912  34.611 0.7777780294
72033  -53.895  -20.748  33.725 0.7777780294
72034  -54.595  -20.326  33.639 0.7777780294
72037  -64.873  -20.045  34.075 0.1111110002
72045  -53.516  -20.733  32.932 0.4444440007
72049  -62.356  -20.404  32.447 0.1111110002
72060  -52.334  -20.892  31.483 0.3333329856
72074  -52.250  -20.550  30.825 0.2222220004
72810  -53.042  -19.722  48.377 0.4444440007
72811  -53.900  -19.619  48.334 0.4444440007
72821  -52.193  -20.126  47.162 0.4444440007
72822  -52.666  -19.692  47.879 0.4444440007
72823  -54.617  -19.747  47.388 0.2222220004
72824  -55.100  -18.848  47.684 0.2222220004
72825  -56.849  -18.230  47.322 0.2222220004
72838  -52.420  -19.360  47.026 0.4444440007
72859  -57.828  -19.434  46.146 0.2222220004
72871  -52.033  -20.070  44.657 0.4444440007
72889  -53.574  -19.394  43.386 0.4444440007
72894  -60.878  -18.427  42.606 0.2222220004
72922  -61.101  -18.594  41.255 0.1111110002
72932  -60.750  -19.116  40.942 0.1111110002
72938  -54.915  -19.795  39.748 0.7777780294
72941  -60.740  -19.346  40.281 0.1111110002
72949  -56.648  -19.120  38.402 0.7777780294
72961  -60.595  -19.018  37.716 0.1111110002
72965  -55.940  -19.884  36.423 0.7777780294
72971  -64.106  -20.155  35.822 0.1111110002
72986  -55.602  -19.803  34.252 0.7777780294
73019  -65.922  -19.195  31.372 0.1111110002
73020  -65.949  -18.958  31.517 0.1111110002
73032  -66.097  -19.218  30.170 0.1111110002
73034  -66.198  -18.433  29.544 0.1111110002
73050  -66.626  -18.861  28.815 0.1111110002
73051  -65.967  -18.170  28.784 0.1111110002
73063  -66.198  -19.108  27.988 0.1111110002
73074  -65.805  -19.175  27.350 0.1111110002
73819  -53.037  -19.062  48.290 0.4444440007
73820  -53.724  -19.034  48.343 0.4444440007
73836  -53.639  -18.652  47.920 0.4444440007
73837  -54.781  -18.247  47.910 0.4444440007
73838  -55.495  -18.159  47.730 0.2222220004
73839  -56.290  -18.001  47.588 0.3333329856
73863  -58.747  -17.545  46.170 0.3333329856
73881  -52.895  -18.789  46.676 0.4444440007
73882  -53.698  -18.569  46.182 0.4444440007
73886  -59.499  -17.777  45.762 0.3333329856
73887  -60.047  -18.135  45.261 0.3333329856
73909  -54.588  -18.568  44.656 0.4444440007
73935  -54.705  -18.761  43.712 0.5555559993
73938  -60.671  -18.640  43.643 0.2222220004
73939  -60.865  -18.050  43.344 0.2222220004
73955  -61.246  -18.315  41.977 0.3333329856
73960  -55.683  -18.812  41.738 0.6666669846
73969  -56.627  -18.642  40.750 0.7777780294
73979  -57.457  -18.449  39.596 0.6666669846
73980  -61.497  -18.336  40.461 0.1111110002
73981  -61.950  -17.935  40.079 0.2222220004
73987  -57.520  -18.755  38.105 0.7777780294
74002  -58.531  -18.242  37.058 0.7777780294
74012  -57.570  -18.947  35.776 0.7777780294
74022  -64.423  -19.108  35.302 0.1111110002
74023  -64.721  -19.073  35.055 0.1111110002
74030  -57.987  -18.282  34.673 0.7777780294
74042  -65.380  -18.520  33.123 0.1111110002
74049  -65.590  -18.431  32.136 0.1111110002
74056  -56.285  -18.278  31.978 0.5555559993
74066  -65.807  -17.988  29.382 0.1111110002
74090  -65.651  -18.037  28.080 0.1111110002
74098  -64.387  -18.243  27.795 0.1111110002
74101  -66.453  -18.825  26.983 0.1111110002
74105  -65.901  -18.524  26.743 0.1111110002
74890  -55.986  -17.765  47.397 0.4444440007
74903  -54.847  -17.655  47.114 0.4444440007
74904  -55.552  -17.488  46.988 0.4444440007
74906  -57.310  -17.559  46.733 0.2222220004
74907  -58.045  -17.624  46.523 0.3333329856
74919  -56.689  -17.312  45.924 0.5555559993
74920  -57.468  -17.126  45.821 0.4444440007
74921  -58.601  -16.925  45.937 0.4444440007
74946  -60.464  -17.646  44.758 0.2222220004
74947  -60.950  -17.327  44.215 0.3333329856
74972  -57.771  -17.502  43.351 0.6666669846
74987  -58.563  -17.299  42.120 0.6666669846
75007  -59.352  -16.928  40.542 0.6666669846
75008  -62.900  -16.774  40.109 0.2222220004
75015  -58.018  -17.895  39.337 0.6666669846
75037  -59.332  -17.201  37.483 0.7777780294
75038  -60.971  -17.565  36.572 0.1111110002
75061  -58.931  -17.631  35.400 0.7777780294
75079  -58.101  -17.085  33.612 0.7777780294
75080  -61.563  -17.411  32.899 0.1111110002
75082  -63.805  -17.549  33.713 0.1111110002
75084  -65.077  -18.058  33.483 0.1111110002
75091  -57.291  -17.562  32.625 0.7777780294
75125  -65.715  -16.899  29.290 0.1111110002
75145  -63.603  -17.777  27.628 0.1111110002
75146  -64.365  -17.640  27.598 0.1111110002
75147  -65.634  -18.824  26.669 0.1111110002
75153  -64.995  -17.787  27.497 0.1111110002
75156  -65.547  -16.371  27.688 0.1111110002
75946  -59.156  -16.754  45.445 0.4444440007
75947  -59.862  -16.574  45.087 0.3333329856
75962  -61.080  -16.414  44.016 0.3333329856
75981  -61.487  -16.361  43.190 0.4444440007
75982  -62.019  -16.203  42.647 0.4444440007
75996  -59.547  -16.403  43.173 0.5555559993
75998  -62.309  -16.097  42.025 0.4444440007
76017  -60.421  -15.818  40.977 0.6666669846
76027  -62.841  -16.900  39.177 0.2222220004
76028  -63.245  -16.274  39.509 0.2222220004
76067  -59.703  -16.208  35.570 0.7777780294
76111  -57.451  -16.803  31.458 0.7777780294
76115  -63.455  -16.701  31.011 0.1111110002
76116  -64.603  -16.729  31.117 0.1111110002
76117  -64.763  -16.807  31.095 0.1111110002
76155  -65.713  -16.467  28.233 0.1111110002
76171  -65.354  -16.054  27.355 0.1111110002
76996  -61.228  -15.413  43.109 0.5555559993
77017  -61.702  -14.981  42.648 0.4444440007
77031  -62.554  -15.538  41.632 0.3333329856
77059  -60.345  -15.625  38.566 0.6666669846
77075  -59.893  -15.931  36.948 0.6666669846
77076  -60.217  -15.103  37.104 0.6666669846
77152  -65.952  -15.303  28.204 0.1111110002
78035  -62.103  -14.786  42.232 0.5555559993
78075  -62.214  -14.298  40.899 0.5555559993
78077  -63.025  -14.304  40.512 0.3333329856
78090  -60.765  -15.223  39.511 0.6666669846
78093  -63.596  -13.779  39.106 0.3333329856
79103  -62.049  -13.840  39.583 0.5555559993
79144  -60.975  -12.990  35.793 0.6666669846
80128  -63.741  -12.793  38.059 0.2222220004
80145  -62.698  -12.150  37.648 0.4444440007
80229  -57.562  -12.208  28.609 0.6666669846
80269  -52.250  -11.606  24.564 0.2222220004
80273  -54.868  -12.734  24.383 0.3333329856
80291  -59.840  -12.250  23.286 0.6666669846
80303  -57.435  -12.772  22.631 0.6666669846
80353  -63.556  -12.279  18.169 0.1111110002
81065  -64.137  -11.872  37.215 0.3333329856
81085  -64.192  -11.508  36.547 0.4444440007
81093  -64.373  -11.309  35.688 0.1111110002
81120  -60.109  -11.170  31.882 0.6666669846
81129  -47.689  -11.409  30.515 0.1111110002
81239  -61.393  -11.101  22.015 0.5555559993
82038  -47.659  -10.418  29.765 0.1111110002
82039  -60.687  -10.636  29.496 0.6666669846
82050  -60.292  -10.520  28.289 0.6666669846
82057  -49.051  -10.740  27.385 0.1111110002
82961  -63.265  -9.359  34.572 0.4444440007
82979  -60.777  -9.752  32.501 0.6666669846
83027  -48.927  -9.624  26.715 0.1111110002
83029  -56.458  -9.811  27.277 0.6666669846
83071  -55.083  -9.542  21.895 0.4444440007
83880  -63.614  -9.069  34.084 0.5555559993
83909  -64.177  -7.681  30.702 0.1111110002
83912  -48.397  -8.521  29.399 0.1111110002
83925  -63.693  -8.621  27.506 0.1111110002
83941  -59.060  -8.530  26.488 0.6666669846
83942  -59.420  -8.104  26.086 0.6666669846
83967  -59.805  -8.647  25.698 0.6666669846
83968  -60.750  -8.721  25.220 0.6666669846
83994  -54.515  -8.399  22.286 0.4444440007
84052  -63.010  -8.613  19.101 0.2222220004
84064  -62.958  -9.130  18.691 0.1111110002
84801  -63.959  -7.739  32.086 0.1111110002
84804  -49.477  -7.590  31.759 0.1111110002
84806  -62.825  -6.975  31.352 0.2222220004
84814  -49.087  -7.831  30.592 0.1111110002
84822  -61.213  -7.869  28.777 0.6666669846
84827  -50.015  -6.909  29.001 0.1111110002
84831  -49.453  -7.623  27.632 0.1111110002
84854  -61.204  -7.780  26.339 0.6666669846
84874  -51.317  -7.340  25.255 0.1111110002
84909  -64.381  -6.981  22.385 0.1111110002
84937  -62.968  -7.835  19.950 0.3333329856
84952  -63.078  -8.409  19.286 0.2222220004
85697  -63.852  -6.828  30.816 0.1111110002
85702  -49.973  -6.638  30.758 0.1111110002
85705  -63.049  -6.534  30.574 0.3333329856
85707  -63.823  -6.700  30.314 0.3333329856
85720  -62.162  -6.601  29.067 0.5555559993
85722  -63.779  -6.441  28.687 0.1111110002
85743  -61.550  -7.040  26.969 0.5555559993
85777  -64.845  -6.715  24.271 0.1111110002
85787  -62.763  -6.502  23.469 0.4444440007
85799  -64.175  -6.655  22.680 0.3333329856
85800  -64.417  -6.709  22.925 0.1111110002
85811  -63.760  -7.007  21.700 0.3333329856
85821  -64.056  -7.329  21.276 0.1111110002
85834  -63.500  -7.759  20.361 0.2222220004
86771  -64.023  -5.562  27.351 0.1111110002
86778  -62.644  -5.756  26.805 0.3333329856
86779  -63.121  -5.212  26.856 0.1111110002
86801  -62.604  -6.087  26.033 0.3333329856
86804  -64.457  -5.438  25.421 0.1111110002
86805  -64.873  -5.943  24.854 0.2222220004
86817  -63.754  -5.584  24.351 0.2222220004
86829  -63.857  -5.863  23.820 0.2222220004
86837  -63.229  -6.333  22.894 0.4444440007
86839  -63.777  -6.257  23.210 0.4444440007
87772  -63.319  -5.432  27.689 0.1111110002
87776  -63.298  -5.214  27.252 0.1111110002
87777  -63.709  -5.083  27.265 0.1111110002
87787  -63.827  -4.928  26.560 0.1111110002
87788  -64.166  -5.039  25.994 0.1111110002
87804  -63.464  -5.098  26.461 0.1111110002
130041  -52.748  -26.357  45.039 0.3333329856
130047  -52.282  -25.290  44.161 0.3333329856
130051  -53.689  -23.690  47.680 0.2222220004
130056  -54.074  -23.353  48.248 0.2222220004
130057  -52.650  -22.097  47.025 0.3333329856
130064  -51.813  -21.197  46.523 0.4444440007
130069  -53.255  -20.967  47.914 0.2222220004
130071  -54.653  -23.369  49.481 0.2222220004
130283  -52.952  -25.233  46.261 0.3333329856
130383  -54.217  -23.161  48.981 0.2222220004
130416  -54.672  -23.268  50.484 0.1111110002
130429  -52.807  -21.463  47.596 0.4444440007
130448  -54.217  -23.992  47.392 0.2222220004
130462  -53.469  -20.223  48.303 0.3333329856
130496  -52.279  -23.824  45.528 0.4444440007
130590  -63.209  -28.106  34.311 0.1111110002
130670  -62.475  -29.660  36.445 0.1111110002
130795  -35.883  -48.896  60.070 0.1111110002
130929  -60.440  -16.236  44.349 0.5555559993
131031  -57.801  -20.083  43.311 0.2222220004
131377  -64.547  -29.643  34.789 0.1111110002
132243  -59.727  -24.328  30.271 0.1111110002
132319  -58.843  -20.207  41.235 0.1111110002
132403  -48.296  -27.695  53.051 0.3333329856
133504  -57.597  -21.618  35.512 0.1111110002
133812  -38.559  -39.406  55.173 0.8888890147
133856  -59.842  -36.290  27.760 0.1111110002
133936  -14.571  -51.530  54.220 0.7777780294
134213  -29.239  -46.041  65.492 0.2222220004
134214  -13.838  -51.867  60.229 0.6666669846
134238  -18.818  -48.039  52.626 0.8888890147
134455  -43.667  -35.663  58.573 0.1111110002
134502  -62.476  -24.524  36.506 0.1111110002
134556  -59.736  -15.503  35.275 0.7777780294
134656  -59.694  -28.584  35.703 0.1111110002
135165  -35.627  -37.724  49.285 0.6666669846
135622  -58.281  -23.959  35.110 0.1111110002
135691  -66.892  -28.173  34.564 0.1111110002
135818  -32.516  -51.695  62.426 0.1111110002
135975  -65.995  -25.310  27.439 0.1111110002
135977  -21.478  -45.078  51.248 0.6666669846
136699  -31.382  -42.609  45.140 0.1111110002
136868  -56.228  -26.865  30.411 0.1111110002
136892  -62.411  -14.920  41.909 0.4444440007
137001  -47.677  -27.292  51.870 0.3333329856
137569  -22.368  -46.984  56.338 0.8888890147
137883  -64.575  -26.056  36.939 0.1111110002
138070  -38.115  -40.708  61.176 0.1111110002
138137  -54.676  -23.606  48.850 0.2222220004
138304  -9.695  -55.748  60.242 0.3333329856
138594  -58.965  -20.393  39.190 0.1111110002
139094  -9.303  -58.710  60.649 0.3333329856
139120  -48.681  -8.381  31.012 0.1111110002
139186  -65.185  -24.433  29.622 0.1111110002
139318  -41.075  -38.504  54.310 0.8888890147
139445  -9.772  -58.608  61.271 0.3333329856
139472  -9.423  -59.546  60.280 0.4444440007
139641  -30.243  -46.940  60.495 0.6666669846
139701  -30.088  -45.845  65.172 0.2222220004
139930  -39.192  -38.749  56.212 0.4444440007
139976  -64.283  -28.942  38.446 0.1111110002
140109  -27.684  -45.537  49.113 0.5555559993
140274  -61.886  -37.539  26.414 0.1111110002
141120  -37.665  -51.085  57.759 0.1111110002
141145  -62.503  -35.743  28.258 0.1111110002
141367  -47.735  -29.168  49.881 0.5555559993
141595  -64.252  -25.398  36.938 0.1111110002
141973  -29.176  -46.445  65.425 0.3333329856
142077  -62.121  -6.545  26.199 0.6666669846
142214  -46.994  -36.555  51.869 0.8888890147
142315  -55.007  -24.730  50.721 0.1111110002
142343  -25.034  -45.329  49.815 0.4444440007
143210  -59.167  -12.647  22.319 0.6666669846
143847  -46.394  -34.987  58.487 0.1111110002
143909  -11.854  -52.795  62.904 0.2222220004
144111  -66.702  -25.815  31.191 0.1111110002
144499  -10.083  -58.632  61.337 0.2222220004
145170  -60.185  -21.646  32.077 0.1111110002
145347  -10.914  -56.216  58.400 0.6666669846
145552  -66.197  -24.639  29.695 0.1111110002
145715  -46.663  -26.996  38.180 0.5555559993
145968  -59.587  -19.345  44.652 0.2222220004
146310  -56.279  -19.398  34.307 0.7777780294
146410  -24.062  -46.710  53.986 0.8888890147
146467  -51.928  -20.541  46.661 0.4444440007
146488  -9.664  -56.792  62.044 0.1111110002
146514  -15.802  -50.792  61.340 0.7777780294
146638  -66.556  -25.211  30.801 0.1111110002
146698  -32.357  -39.974  46.738 0.5555559993
146900  -13.699  -52.187  58.014 0.8888890147
146969  -53.902  -20.181  48.178 0.3333329856
147065  -35.777  -43.597  55.520 0.7777780294
147494  -64.573  -21.676  35.596 0.1111110002
147854  -54.217  -18.548  48.031 0.3333329856
148069  -51.730  -26.412  47.587 0.6666669846
148378  -65.575  -17.541  28.087 0.1111110002
148464  -61.717  -8.768  33.015 0.6666669846
148544  -57.485  -20.547  39.414 0.1111110002
148964  -21.990  -46.781  56.059 1.0000000000
149005  -47.228  -28.450  46.588 0.8888890147
149107  -53.827  -23.017  52.242 0.1111110002
149253  -52.578  -22.975  45.590 0.3333329856
149324  -59.659  -19.775  42.182 0.2222220004
149394  -5.754  -63.013  51.154 0.2222220004
149405  -53.508  -21.784  43.598 0.2222220004
149496  -60.838  -18.875  39.372 0.1111110002
149687  -56.717  -18.145  42.645 0.5555559993
149735  -62.820  -16.687  40.531 0.2222220004
150118  -63.768  -16.670  27.340 0.1111110002
150129  -12.080  -52.929  63.545 0.1111110002
150355  -59.381  -11.608  24.439 0.6666669846
150430  -63.355  -30.407  37.182 0.1111110002
150726  -54.436  -22.884  51.189 0.2222220004
151333  -63.527  -27.330  30.079 0.1111110002
151352  -33.609  -51.584  60.215 0.1111110002
151787  -54.451  -22.948  50.775 0.2222220004
151793  -66.569  -24.951  29.038 0.1111110002
151878  -12.884  -55.971  54.144 0.7777780294
152185  -57.186  -17.326  46.388 0.4444440007
152226  -61.806  -7.734  24.578 0.6666669846
152229  -62.441  -16.606  31.087 0.1111110002
152264  -61.653  -17.922  40.969 0.2222220004
152562  -17.741  -48.878  54.911 0.7777780294
152574  -57.507  -9.297  26.861 0.6666669846
152616  -33.835  -51.484  59.316 0.1111110002
152696  -55.654  -19.523  39.769 0.7777780294
152797  -49.853  -23.366  41.671 0.6666669846
152995  -58.065  -16.919  45.739 0.5555559993
153039  -27.392  -47.158  66.173 0.3333329856
153059  -49.153  -32.025  54.967 0.2222220004
153070  -7.805  -66.817  51.968 0.1111110002
153084  -65.337  -17.168  30.754 0.1111110002
153397  -50.928  -11.376  27.140 0.2222220004
153748  -60.914  -21.749  35.435 0.1111110002
153803  -30.644  -51.015  63.579 0.1111110002
154181  -50.129  -22.486  37.655 0.7777780294
154478  -64.356  -17.441  33.381 0.1111110002
154490  -54.197  -19.129  43.306 0.5555559993
154538  -29.555  -45.269  51.390 0.7777780294
154628  -48.509  -34.049  57.497 0.2222220004
154726  -41.038  -37.097  60.087 0.3333329856
154753  -33.183  -51.918  62.075 0.1111110002
154902  -53.600  -24.032  52.903 0.2222220004
154906  -20.420  -47.509  55.130 0.8888890147
154976  -53.491  -21.913  47.074 0.3333329856
155053  -62.677  -23.905  33.745 0.1111110002
155193  -31.636  -42.264  45.547 0.2222220004
155370  -50.565  -24.762  49.776 0.3333329856
155569  -64.390  -23.546  36.373 0.1111110002
155581  -60.233  -37.817  26.081 0.1111110002
155743  -58.973  -16.888  42.613 0.6666669846
155785  -10.579  -61.957  57.988 0.5555559993
155841  -63.352  -6.908  21.712 0.3333329856
155952  -47.403  -35.399  58.182 0.1111110002
156096  -65.732  -17.224  28.915 0.1111110002
156227  -42.716  -29.840  41.347 0.6666669846
156415  -65.001  -17.863  33.489 0.1111110002
156484  -51.987  -10.542  23.893 0.1111110002
156519  -59.718  -34.998  28.028 0.1111110002
156753  -24.517  -47.850  58.012 1.0000000000
156903  -65.782  -19.185  28.330 0.1111110002
156983  -9.515  -60.355  58.786 0.5555559993
157007  -12.813  -52.947  64.556 0.1111110002
157040  -61.485  -18.123  41.446 0.4444440007
157075  -58.279  -16.547  33.313 0.7777780294
157115  -10.059  -59.495  58.458 0.5555559993
157158  -9.926  -59.610  60.938 0.3333329856
157333  -60.152  -19.245  43.430 0.2222220004
157430  -57.991  -22.855  34.935 0.1111110002
157544  -36.297  -47.711  59.470 0.1111110002
157568  -47.764  -10.400  31.026 0.1111110002
157656  -59.156  -24.578  38.080 0.1111110002
157783  -62.006  -9.478  21.258 0.4444440007
157894  -47.701  -27.729  52.004 0.3333329856
158017  -56.639  -18.716  47.123 0.3333329856
158078  -40.214  -19.161  36.294 0.1111110002
