#!ascii label  , from subject sub001 vox2ras=TkReg
3840
103595  -50.465  12.240  37.368 0.6999999881
103629  -50.957  12.771  35.878 0.6999999881
103638  -50.261  12.508  35.241 0.8000000119
102845  -49.658  12.056  34.565 0.6999999881
142208  -51.912  13.271  36.196 0.6999999881
103649  -52.255  12.803  34.097 0.6999999881
154082  -51.485  12.529  37.821 0.6000000238
103639  -51.260  12.777  35.225 0.6999999881
102853  -51.939  11.918  33.715 0.6999999881
154064  -51.264  12.739  36.849 0.6999999881
102847  -51.559  12.507  34.403 0.8000000119
102846  -50.628  12.289  34.487 0.8000000119
102034  -51.610  11.114  33.265 0.8000000119
97893  -50.167  6.036  27.503 0.8999999762
97892  -49.431  5.701  27.722 0.8999999762
99700  -48.007  7.760  18.918 0.8000000119
103640  -52.169  13.306  35.115 0.6999999881
102854  -52.748  12.067  33.462 0.6999999881
102862  -53.459  11.344  32.766 0.6999999881
102048  -54.324  10.694  32.038 0.6999999881
102852  -51.073  11.786  33.785 0.6999999881
102035  -52.487  11.245  33.081 0.8000000119
102047  -53.062  10.543  32.323 0.8000000119
137245  -52.090  10.676  32.724 0.6999999881
102054  -53.935  10.116  31.475 0.8000000119
101245  -52.043  10.021  32.137 0.6999999881
101246  -52.969  9.959  31.672 0.8000000119
100438  -51.781  8.908  30.984 0.6999999881
100443  -53.357  8.568  29.918 0.8000000119
100442  -52.227  8.388  30.152 0.6999999881
99581  -52.834  7.923  28.821 0.8000000119
138892  -51.786  7.572  29.071 0.8000000119
99589  -52.195  7.362  28.320 0.8999999762
98757  -51.078  6.361  27.230 0.8999999762
98746  -51.696  6.777  27.792 0.8999999762
98745  -50.751  6.378  28.021 0.8999999762
98770  -50.481  6.391  26.035 0.8999999762
98771  -51.291  6.621  26.319 0.8999999762
151832  -49.892  6.028  26.528 0.8999999762
97912  -48.080  5.289  26.598 0.8999999762
132363  -49.307  5.708  26.551 0.8999999762
97006  -47.484  5.022  26.275 0.8000000119
97925  -48.125  5.348  25.819 0.8000000119
96050  -46.101  3.272  24.964 0.8000000119
95097  -46.064  3.000  23.988 0.8000000119
96051  -46.412  3.884  24.474 0.8000000119
95105  -46.114  3.052  23.098 0.8000000119
96068  -46.431  3.801  22.756 0.8999999762
96079  -46.574  4.085  21.189 0.8000000119
97045  -46.970  4.789  20.653 0.8000000119
97046  -47.693  5.861  20.729 0.8000000119
148704  -47.824  7.868  19.469 0.8000000119
103650  -52.877  13.091  33.709 0.6000000238
104422  -52.752  13.900  35.371 0.5000000000
102855  -53.576  12.308  33.088 0.6000000238
102863  -54.500  11.543  32.399 0.6999999881
153653  -55.142  9.690  29.707 0.6999999881
101251  -54.556  9.681  30.686 0.8000000119
99582  -53.678  8.245  28.432 0.8999999762
99611  -53.501  8.211  27.647 1.0000000000
99610  -53.039  7.660  27.121 1.0000000000
99609  -52.457  7.280  27.613 0.8999999762
98758  -52.171  7.069  26.818 0.8999999762
98786  -50.609  6.545  25.073 0.8999999762
98787  -51.340  6.847  25.360 0.8999999762
97913  -48.735  5.540  26.187 0.8999999762
133994  -49.330  5.830  25.794 0.8999999762
97012  -46.919  4.528  24.952 0.8000000119
97013  -47.488  5.052  25.403 0.8000000119
97927  -49.843  6.207  24.862 1.0000000000
97005  -46.986  4.550  25.864 0.8000000119
97021  -47.498  5.121  24.423 0.8000000119
97935  -48.243  5.463  24.866 0.8000000119
97926  -48.910  5.680  25.341 0.8999999762
150702  -46.834  4.489  23.148 0.8999999762
96060  -46.387  3.804  23.575 0.8000000119
97029  -46.950  4.569  22.329 0.8000000119
97038  -47.702  5.650  21.779 0.8999999762
152007  -48.361  6.521  20.964 0.8000000119
97959  -48.750  6.619  21.469 0.8000000119
98815  -48.707  7.384  20.868 0.8000000119
98816  -49.225  7.436  21.536 0.8999999762
98822  -48.289  7.750  20.006 0.8000000119
99694  -47.647  7.890  20.158 0.8000000119
94033  -41.811  1.680  23.817 0.1000000015
99693  -46.523  7.565  20.598 0.6999999881
94034  -42.478  2.095  23.197 0.1000000015
94045  -42.660  1.761  22.380 0.2000000030
140128  -43.238  2.603  21.013 0.2000000030
98814  -45.374  7.186  21.034 0.6999999881
99699  -46.970  7.621  19.735 0.8000000119
96078  -43.439  4.152  21.324 0.4000000060
97036  -43.573  4.847  20.858 0.5000000000
98820  -45.045  6.631  19.843 0.6999999881
103651  -53.535  13.422  33.309 0.6000000238
102049  -55.247  10.954  31.591 0.6999999881
102077  -55.336  10.166  29.748 0.6999999881
136156  -55.031  10.274  31.157 0.6999999881
100445  -54.750  9.248  29.358 0.6999999881
100462  -54.074  8.672  28.204 0.8000000119
102074  -52.962  10.407  29.338 0.6999999881
102082  -53.872  9.798  28.708 0.6999999881
101264  -52.760  9.744  28.555 0.6999999881
99631  -53.290  8.182  26.832 1.0000000000
99629  -52.547  8.008  25.697 1.0000000000
98772  -52.094  7.445  25.689 0.8999999762
99648  -51.861  7.954  25.151 1.0000000000
98788  -51.651  7.513  24.931 0.8999999762
99664  -51.405  7.807  24.378 1.0000000000
98798  -51.258  7.177  24.469 1.0000000000
97937  -50.139  6.643  23.617 1.0000000000
151773  -49.492  6.372  23.342 1.0000000000
97944  -48.487  5.732  23.650 0.8999999762
97030  -47.469  5.196  23.443 0.8999999762
97945  -49.359  6.532  22.600 1.0000000000
155028  -47.381  5.167  22.679 0.8999999762
97952  -48.367  5.929  22.469 0.8999999762
97953  -49.300  6.770  21.894 0.8000000119
98823  -48.729  7.867  21.033 0.8000000119
92899  -40.323  0.451  24.298 0.1000000015
99688  -47.324  7.894  21.010 0.8000000119
99689  -48.190  8.036  20.567 0.8000000119
95094  -41.012  2.654  24.616 0.1000000015
92900  -41.041  0.999  24.319 0.1000000015
95095  -41.637  2.387  24.207 0.1000000015
145071  -41.627  3.109  24.127 0.2000000030
143924  -42.890  2.510  22.704 0.2000000030
95114  -43.132  3.344  22.524 0.3000000119
98813  -44.764  6.667  20.657 0.6999999881
97044  -43.914  5.186  20.065 0.6000000238
97965  -44.330  5.982  20.340 0.6000000238
97974  -44.590  5.825  19.540 0.6000000238
104435  -53.109  14.010  34.113 0.5000000000
103656  -54.485  12.691  32.509 0.6000000238
102874  -55.808  11.349  31.142 0.6999999881
102055  -55.592  10.664  30.815 0.6999999881
101265  -54.938  9.617  29.285 0.6999999881
102061  -52.138  11.009  30.132 0.6999999881
101277  -54.072  9.325  28.263 0.6999999881
100484  -53.582  8.687  27.507 0.8000000119
102073  -51.686  10.286  29.419 0.6999999881
101276  -53.363  9.253  27.816 0.6999999881
140530  -53.129  8.517  26.864 0.8999999762
102071  -49.497  10.427  29.748 0.6999999881
102072  -50.452  10.397  29.706 0.6999999881
101263  -50.932  9.707  29.047 0.6999999881
146792  -51.841  9.615  28.573 0.8000000119
101275  -52.461  9.284  27.807 0.8000000119
100498  -52.891  8.218  26.209 1.0000000000
102069  -47.887  10.607  29.623 0.8000000119
102070  -48.684  10.482  29.754 0.6999999881
101262  -49.955  9.785  29.329 0.8000000119
139643  -50.405  9.339  28.648 0.8000000119
101274  -51.363  9.162  28.076 0.8000000119
134731  -51.736  8.135  25.098 1.0000000000
100506  -51.319  8.244  24.797 1.0000000000
102068  -46.611  10.391  29.275 0.8000000119
144009  -47.353  10.069  29.416 0.8000000119
133531  -48.172  9.836  29.538 0.8000000119
101261  -49.049  9.774  29.472 0.8000000119
101273  -49.556  9.248  28.777 0.8000000119
100461  -50.349  8.845  27.815 0.8000000119
100507  -51.463  8.033  24.514 1.0000000000
102081  -45.149  10.089  28.946 0.8000000119
101258  -45.940  9.911  29.195 0.8000000119
101259  -46.751  9.622  29.208 0.8000000119
101260  -47.545  9.403  29.199 0.8000000119
101272  -48.476  9.159  28.968 0.8000000119
100460  -49.169  8.701  28.130 0.8000000119
100480  -49.696  8.501  27.130 0.8000000119
137341  -44.913  10.823  28.588 0.8000000119
100448  -46.953  8.936  28.979 0.8000000119
101271  -47.676  8.885  28.836 0.8000000119
100459  -48.200  8.555  28.300 0.8000000119
98797  -50.731  6.912  24.027 1.0000000000
98803  -51.050  7.641  23.762 1.0000000000
99663  -51.136  7.959  23.844 1.0000000000
102080  -44.320  10.219  28.609 0.8000000119
101269  -44.607  9.435  28.726 0.8000000119
100447  -46.164  9.137  29.033 0.8000000119
100457  -46.395  8.414  28.533 0.8000000119
100458  -47.330  8.411  28.449 0.6999999881
98802  -50.586  7.532  23.127 1.0000000000
99677  -50.826  7.911  23.331 1.0000000000
102089  -43.231  10.915  28.003 0.6000000238
102893  -44.047  11.005  28.258 0.6999999881
101270  -45.399  9.361  28.942 0.6999999881
99587  -46.964  7.853  27.934 0.6999999881
98810  -50.104  7.719  22.482 1.0000000000
152659  -49.945  7.937  22.364 1.0000000000
102088  -42.698  10.405  28.086 0.6000000238
102079  -43.492  10.334  28.360 0.6000000238
101268  -43.789  9.538  28.509 0.6999999881
100456  -45.680  8.759  28.724 0.6999999881
146974  -46.228  7.808  28.013 0.6999999881
99606  -46.502  7.554  27.341 0.6999999881
98809  -49.730  7.326  22.095 1.0000000000
144351  -44.988  8.751  28.577 0.6999999881
99586  -45.545  8.128  28.245 0.6999999881
99605  -45.732  7.550  27.610 0.6999999881
99626  -45.897  7.306  26.744 0.6000000238
99643  -46.120  7.270  25.653 0.6000000238
99684  -49.419  7.785  21.930 1.0000000000
101267  -42.973  9.662  28.315 0.6000000238
144588  -43.312  8.967  28.307 0.6999999881
100455  -44.066  8.646  28.442 0.6999999881
99584  -43.979  7.875  28.137 0.6999999881
99585  -44.695  8.076  28.191 0.6999999881
147245  -45.116  7.621  27.807 0.6000000238
143891  -45.953  7.231  24.748 0.6999999881
99659  -46.310  7.385  23.951 0.6999999881
99683  -48.242  8.127  21.096 0.8999999762
101291  -42.163  9.723  28.060 0.5000000000
100476  -42.503  8.825  28.099 0.5000000000
100454  -43.233  8.163  28.047 0.6000000238
99604  -44.445  7.453  27.649 0.6000000238
134748  -45.095  7.186  27.143 0.6000000238
98769  -45.127  6.871  26.154 0.5000000000
99658  -45.323  7.121  24.194 0.6000000238
156901  -42.472  8.098  27.766 0.5000000000
99603  -43.613  7.515  27.520 0.6000000238
99625  -44.152  7.088  26.684 0.6000000238
99657  -44.409  7.074  24.431 0.5000000000
99671  -44.575  7.129  23.531 0.6000000238
100477  -42.794  7.644  27.374 0.6000000238
99624  -43.158  7.316  26.671 0.6000000238
145369  -43.441  7.168  25.949 0.5000000000
99642  -44.144  7.059  25.431 0.5000000000
146756  -46.710  7.669  21.643 0.8000000119
132181  -48.707  8.107  21.607 0.8000000119
99680  -44.864  7.112  22.682 0.6999999881
98808  -45.127  7.132  21.858 0.6999999881
98807  -44.212  6.796  22.181 0.6000000238
136982  -44.498  6.692  21.430 0.6000000238
97941  -41.775  5.211  23.911 0.3000000119
96059  -42.692  3.816  23.127 0.3000000119
96066  -42.971  4.187  22.588 0.3000000119
97028  -43.396  4.933  21.689 0.4000000060
97951  -43.739  6.300  21.720 0.6000000238
97958  -44.076  6.120  21.041 0.6000000238
97018  -42.146  4.390  23.637 0.3000000119
97957  -43.613  5.596  21.359 0.5000000000
146950  -54.089  13.764  32.890 0.5000000000
102865  -55.964  11.994  31.238 0.6999999881
104412  -52.800  14.335  35.733 0.5000000000
102875  -55.940  11.836  30.855 0.6000000238
102884  -55.480  11.319  30.177 0.6999999881
102883  -54.940  12.049  30.024 0.6999999881
102891  -55.377  10.636  29.840 0.6999999881
102083  -54.599  9.686  28.983 0.6999999881
102881  -52.542  11.609  30.377 0.6000000238
102882  -54.415  11.459  29.942 0.6000000238
137647  -53.934  10.444  29.323 0.6999999881
147694  -50.869  12.008  30.446 0.6000000238
101294  -53.231  8.853  27.257 0.8999999762
100483  -52.674  8.605  26.636 0.8000000119
102058  -49.130  11.004  29.956 0.6999999881
102059  -49.869  11.093  30.086 0.6999999881
102060  -50.930  11.179  30.230 0.6999999881
144690  -52.827  8.935  27.266 0.8000000119
101293  -52.151  8.927  27.154 0.8000000119
100497  -52.293  8.302  25.700 1.0000000000
101292  -51.351  8.877  27.168 0.8000000119
100482  -51.872  8.690  26.378 0.8999999762
100496  -51.328  8.461  25.591 1.0000000000
143436  -51.073  8.182  24.198 1.0000000000
100479  -48.706  8.328  27.458 0.8000000119
100494  -49.134  8.210  26.541 0.8000000119
140029  -50.333  8.245  24.274 0.8999999762
100514  -50.849  8.073  23.491 1.0000000000
100478  -47.827  8.034  27.730 0.6999999881
99608  -48.280  7.884  26.846 0.6999999881
99662  -50.047  8.167  23.594 0.8999999762
138638  -49.670  8.134  22.885 1.0000000000
99607  -47.368  7.645  27.092 0.6999999881
99627  -47.790  7.643  26.067 0.6999999881
99628  -48.661  7.899  26.077 0.8000000119
99646  -48.652  7.884  25.265 0.8999999762
99676  -50.482  7.941  22.841 1.0000000000
137613  -46.789  7.430  26.434 0.6000000238
99645  -47.816  7.677  25.019 0.6999999881
99675  -49.235  8.107  22.239 1.0000000000
153736  -47.067  7.450  25.597 0.6999999881
146914  -41.833  10.566  27.702 0.5000000000
102087  -40.789  10.298  27.590 0.5000000000
144375  -41.438  9.783  27.853 0.5000000000
101290  -41.614  9.042  27.962 0.5000000000
100475  -41.057  8.508  27.639 0.5000000000
144971  -41.827  8.316  27.724 0.5000000000
146774  -42.019  7.744  27.333 0.5000000000
99641  -43.103  7.251  25.089 0.5000000000
156566  -43.604  7.225  24.551 0.6000000238
99682  -47.454  7.895  21.832 0.8000000119
99602  -41.288  7.890  27.355 0.4000000060
99623  -42.288  7.414  26.638 0.5000000000
99640  -42.628  7.254  25.828 0.5000000000
99670  -43.614  7.187  23.745 0.6000000238
97019  -42.660  4.708  22.965 0.3000000119
97949  -42.697  5.654  22.724 0.3000000119
97027  -43.073  4.916  22.355 0.3000000119
97950  -43.143  5.863  22.076 0.5000000000
97942  -42.275  5.386  23.359 0.3000000119
154475  -42.845  6.421  22.677 0.3000000119
98784  -41.564  6.903  25.090 0.4000000060
98794  -41.660  6.606  24.447 0.4000000060
97934  -41.852  6.075  23.794 0.3000000119
97943  -42.442  6.320  23.218 0.3000000119
104436  -53.491  14.434  33.466 0.5000000000
103657  -55.490  12.602  31.591 0.6000000238
154265  -55.486  12.031  30.369 0.6000000238
102880  -51.677  11.801  30.451 0.6000000238
153263  -47.195  10.725  29.430 0.6999999881
100495  -50.130  8.394  26.101 0.8000000119
100505  -50.513  8.392  25.014 0.8999999762
152352  -49.897  8.322  24.873 0.8999999762
100504  -49.454  8.187  25.526 0.8999999762
99647  -49.498  8.168  24.614 0.8999999762
99661  -48.847  7.981  24.113 0.8999999762
134429  -48.518  7.986  23.241 0.8999999762
99660  -47.851  7.814  24.162 0.8000000119
99674  -48.069  8.049  22.514 0.8000000119
101289  -40.825  9.302  27.741 0.5000000000
102898  -39.771  11.041  27.080 0.5000000000
102899  -40.431  10.961  27.309 0.4000000060
101288  -39.898  9.643  27.509 0.5000000000
143351  -41.472  7.485  26.749 0.4000000060
98768  -41.679  7.146  25.834 0.4000000060
100474  -40.227  8.704  27.522 0.5000000000
144541  -40.847  7.604  26.936 0.4000000060
98785  -42.209  7.125  24.837 0.4000000060
98795  -42.304  6.809  23.886 0.5000000000
99656  -42.867  7.161  24.137 0.5000000000
98806  -43.358  6.628  22.447 0.6000000238
99601  -40.557  8.025  27.303 0.4000000060
98767  -40.776  7.128  26.304 0.4000000060
140911  -41.004  6.716  25.505 0.4000000060
102900  -41.152  11.112  27.326 0.5000000000
99681  -46.049  7.455  22.261 0.6999999881
99673  -46.793  7.581  22.934 0.8000000119
98801  -43.801  7.051  22.912 0.6000000238
132238  -47.379  7.709  23.612 0.8000000119
98796  -42.903  6.997  23.185 0.5000000000
97904  -49.679  5.796  27.098 0.8999999762
133916  -53.468  9.490  31.060 0.8000000119
100439  -52.863  8.969  30.634 0.8000000119
100449  -52.887  8.242  29.481 0.6999999881
100444  -54.273  8.825  29.578 0.8000000119
99580  -52.240  7.992  29.470 0.8000000119
99590  -53.049  7.720  27.979 0.8999999762
99588  -51.274  6.961  28.584 0.8000000119
97914  -49.866  6.133  25.853 0.8999999762
156893  -48.643  5.442  26.808 0.8999999762
96042  -46.514  3.975  25.407 0.8000000119
97020  -46.864  4.519  24.022 0.8000000119
97936  -49.179  5.968  24.300 1.0000000000
95102  -42.139  2.614  23.741 0.1000000015
98821  -45.751  7.187  20.206 0.6999999881
95103  -42.694  2.948  23.216 0.1000000015
96058  -42.211  3.436  23.671 0.2000000030
133240  -43.170  2.507  21.987 0.2000000030
95115  -43.373  3.375  21.674 0.3000000119
99687  -46.134  7.483  21.420 0.6999999881
156746  -43.439  3.469  21.028 0.3000000119
97964  -43.840  5.538  20.753 0.6000000238
100463  -54.180  9.043  28.101 0.6999999881
102062  -53.372  11.050  29.931 0.6999999881
97946  -50.170  7.001  22.650 1.0000000000
94024  -41.352  1.865  24.461 0.1000000015
152344  -41.750  3.818  24.079 0.3000000119
96067  -43.257  4.164  22.028 0.3000000119
149045  -45.195  6.872  25.140 0.5000000000
99644  -46.915  7.455  24.704 0.6999999881
99672  -45.624  7.271  23.280 0.6999999881
103658  -55.935  12.470  31.003 0.6000000238
102890  -55.236  10.828  29.687 0.6999999881
100481  -50.789  8.669  26.661 0.8000000119
93029  -49.342  0.285  15.017 0.2000000030
93036  -48.966  1.078  14.426 0.2000000030
137561  -48.697  2.154  13.744 0.2000000030
93028  -48.561  0.168  14.926 0.2000000030
95216  -48.342  2.993  13.409 0.2000000030
94143  -47.949  2.088  13.889 0.2000000030
95215  -47.709  3.300  13.463 0.2000000030
94142  -47.242  2.305  14.339 0.2000000030
94137  -50.723  1.474  14.786 0.2000000030
93030  -50.233  0.607  15.311 0.2000000030
93037  -49.820  1.241  14.662 0.2000000030
94144  -49.481  1.994  13.985 0.2000000030
94150  -49.337  2.792  13.465 0.2000000030
95227  -48.994  3.593  13.086 0.2000000030
95226  -48.422  3.917  13.000 0.2000000030
95214  -46.781  3.271  14.079 0.3000000119
94146  -51.112  2.512  14.186 0.2000000030
94145  -50.314  2.194  14.141 0.2000000030
95217  -49.986  2.956  13.526 0.2000000030
95228  -49.676  3.647  13.132 0.2000000030
95203  -44.741  3.323  15.259 0.3000000119
139436  -46.515  2.598  14.809 0.3000000119
96160  -46.316  4.208  13.734 0.3000000119
95195  -53.670  2.743  15.824 0.3000000119
95207  -52.512  3.524  14.459 0.3000000119
94139  -52.274  2.337  15.161 0.3000000119
95206  -51.790  3.014  14.309 0.2000000030
91927  -40.942  -0.837  19.018 0.1000000015
92980  -40.453  0.294  17.070 0.1000000015
95219  -51.334  3.653  13.689 0.2000000030
96163  -50.968  4.734  13.307 0.2000000030
92981  -41.463  0.505  17.119 0.1000000015
94108  -42.728  2.181  15.849 0.3000000119
95218  -50.727  3.359  13.561 0.2000000030
95229  -50.319  4.224  13.118 0.2000000030
95202  -43.447  3.614  15.052 0.3000000119
96173  -49.759  4.852  12.830 0.2000000030
96172  -48.927  4.884  12.691 0.2000000030
96144  -44.224  4.158  14.317 0.3000000119
96159  -44.767  5.197  13.790 0.3000000119
146839  -48.634  5.854  12.855 0.3000000119
97110  -45.905  5.186  13.308 0.4000000060
96170  -47.010  5.120  13.195 0.4000000060
96171  -48.032  4.822  12.902 0.3000000119
96161  -47.178  4.112  13.389 0.3000000119
98001  -57.041  5.484  17.117 0.3000000119
95197  -55.970  3.584  16.688 0.3000000119
96138  -57.062  4.688  16.676 0.3000000119
154104  -55.282  3.104  16.723 0.3000000119
96136  -55.679  4.714  16.054 0.3000000119
96135  -55.123  3.769  16.178 0.3000000119
95209  -54.304  3.710  15.551 0.3000000119
96152  -54.803  4.915  15.286 0.3000000119
95196  -54.612  2.747  16.522 0.3000000119
140273  -54.021  4.601  14.835 0.3000000119
96151  -53.363  5.113  14.384 0.3000000119
96164  -52.180  5.436  14.089 0.3000000119
95208  -53.397  3.855  14.791 0.3000000119
95220  -51.825  4.522  13.748 0.2000000030
95194  -52.939  2.814  15.294 0.3000000119
97114  -51.178  5.204  13.692 0.2000000030
97113  -50.558  5.460  13.205 0.2000000030
97097  -50.252  5.542  13.320 0.2000000030
97125  -50.072  5.633  12.999 0.2000000030
93000  -40.570  0.962  16.521 0.2000000030
134747  -41.744  1.086  16.602 0.3000000119
95187  -42.559  3.225  15.426 0.3000000119
95201  -42.567  3.937  15.123 0.3000000119
96174  -50.497  5.330  13.016 0.2000000030
135181  -40.831  3.316  15.965 0.3000000119
94124  -41.278  2.874  15.574 0.3000000119
97082  -42.717  4.560  15.079 0.3000000119
96157  -43.113  4.880  14.721 0.3000000119
96162  -49.666  5.815  13.135 0.2000000030
96114  -41.584  3.743  15.915 0.3000000119
96128  -42.487  4.236  15.503 0.3000000119
97083  -43.060  4.916  15.166 0.3000000119
130956  -45.064  6.113  13.657 0.3000000119
147476  -45.620  6.695  13.845 0.4000000060
97111  -48.172  6.218  13.022 0.4000000060
97121  -46.488  6.582  13.172 0.4000000060
97123  -47.669  6.093  12.938 0.3000000119
98000  -56.460  5.687  17.044 0.3000000119
97091  -56.433  5.203  16.467 0.3000000119
97090  -55.960  4.885  16.119 0.3000000119
152938  -46.035  2.365  21.727 0.8000000119
144231  -46.226  2.203  20.803 0.8000000119
95159  -46.703  2.375  18.636 0.4000000060
95173  -47.584  2.408  17.397 0.3000000119
142642  -48.176  2.391  16.872 0.3000000119
95205  -49.854  3.931  14.957 0.2000000030
97098  -51.022  5.295  13.797 0.3000000119
97115  -52.804  5.971  14.572 0.3000000119
95117  -46.189  3.053  22.341 0.6999999881
95128  -46.278  3.191  21.199 0.6999999881
95148  -46.399  2.665  19.393 0.6000000238
150420  -47.219  2.159  18.133 0.4000000060
95191  -49.433  2.868  15.984 0.3000000119
96148  -50.837  4.503  14.796 0.2000000030
137761  -52.135  5.479  14.267 0.3000000119
95139  -46.263  2.911  20.243 0.6999999881
142407  -46.498  3.438  18.694 0.5000000000
95172  -46.824  2.922  17.907 0.4000000060
95190  -48.532  2.866  16.174 0.3000000119
95204  -48.996  3.734  15.119 0.2000000030
147166  -46.479  3.799  21.927 0.8000000119
96091  -46.454  3.893  20.479 0.6999999881
96117  -47.194  3.290  17.058 0.4000000060
95189  -47.799  2.970  16.493 0.2000000030
139334  -50.260  5.014  14.159 0.2000000030
96116  -46.739  3.999  17.711 0.6000000238
96131  -47.528  3.803  16.089 0.4000000060
96132  -48.222  3.727  15.542 0.2000000030
96147  -49.641  5.140  14.106 0.2000000030
97037  -47.058  4.763  21.485 0.6999999881
97064  -46.866  5.007  18.821 0.6999999881
145770  -46.626  4.313  18.492 0.6999999881
97085  -47.063  5.019  17.005 0.6000000238
97086  -47.444  5.021  15.825 0.4000000060
96145  -47.958  4.808  14.958 0.4000000060
96146  -48.824  5.184  14.216 0.3000000119
97966  -47.409  5.530  20.045 0.6999999881
97095  -43.844  5.364  14.722 0.4000000060
96115  -42.729  3.926  16.545 0.4000000060
96129  -43.537  4.574  16.252 0.3000000119
97084  -44.019  5.273  15.567 0.4000000060
98020  -45.845  7.002  14.655 0.6000000238
98861  -47.183  7.282  15.241 0.5000000000
98008  -47.526  6.499  15.315 0.4000000060
97096  -48.341  6.020  13.607 0.4000000060
97112  -48.897  6.096  12.990 0.3000000119
97124  -49.419  5.751  12.915 0.2000000030
97062  -43.779  4.207  17.507 0.3000000119
147835  -44.271  4.788  17.268 0.5000000000
98005  -45.044  5.733  16.289 0.5000000000
98006  -45.818  6.705  15.869 0.5000000000
147665  -46.922  7.396  16.570 0.6000000238
98031  -47.381  6.658  13.252 0.4000000060
153089  -47.810  6.474  13.377 0.4000000060
97984  -45.578  6.394  18.108 0.6000000238
98837  -46.465  7.059  17.650 0.6000000238
98846  -46.970  7.437  17.400 0.6000000238
99710  -47.706  7.648  17.784 0.6000000238
97975  -45.361  6.507  19.026 0.6000000238
135961  -46.389  7.125  18.527 0.6000000238
98838  -47.319  7.615  18.179 0.6000000238
133529  -55.901  5.955  16.880 0.3000000119
98011  -54.461  5.871  15.523 0.3000000119
97117  -53.688  6.067  14.996 0.3000000119
97102  -55.180  5.565  15.778 0.3000000119
97101  -54.389  5.797  15.256 0.3000000119
98033  -53.155  6.168  14.824 0.3000000119
98009  -53.212  6.207  15.044 0.3000000119
98032  -53.102  6.180  14.803 0.3000000119
94092  -46.649  1.849  19.283 0.4000000060
138291  -48.261  1.970  17.412 0.3000000119
94127  -48.974  2.139  16.959 0.3000000119
95174  -50.006  2.223  16.834 0.3000000119
146762  -46.350  2.006  19.971 0.6000000238
94093  -47.238  1.681  18.709 0.3000000119
97099  -52.757  6.043  14.735 0.3000000119
96133  -51.337  4.117  15.606 0.3000000119
96149  -51.864  5.344  14.831 0.3000000119
97985  -47.633  6.111  18.352 0.6999999881
97996  -47.604  6.238  17.439 0.6000000238
97074  -46.941  5.088  17.975 0.6000000238
97976  -47.516  5.804  19.251 0.6999999881
98007  -47.548  6.173  16.455 0.6000000238
137737  -48.443  7.007  20.191 0.6999999881
97977  -48.245  6.878  18.759 0.6999999881
97986  -48.144  7.107  17.934 0.6000000238
98855  -47.468  7.218  16.698 0.6000000238
98831  -48.287  7.391  19.257 0.6999999881
98839  -48.174  7.647  18.394 0.6999999881
98847  -47.891  7.564  17.694 0.6000000238
98830  -47.449  7.701  18.836 0.6999999881
99706  -47.956  7.940  18.212 0.6999999881
99711  -47.379  7.384  17.114 0.6000000238
98829  -46.161  7.158  19.357 0.6000000238
97076  -54.914  5.530  16.868 0.3000000119
97077  -55.811  5.593  17.268 0.3000000119
98012  -55.301  5.694  16.219 0.3000000119
98010  -53.785  6.031  15.351 0.3000000119
95080  -45.713  2.880  26.351 0.6999999881
95087  -45.699  2.712  25.501 0.6999999881
95104  -45.746  2.287  23.344 0.6999999881
94078  -47.228  1.324  19.309 0.3000000119
95192  -50.539  3.230  15.953 0.3000000119
96134  -52.013  4.420  16.020 0.3000000119
96019  -46.231  3.450  27.466 0.6999999881
96041  -46.127  3.433  25.866 0.6999999881
95116  -45.835  2.277  22.572 0.6999999881
96029  -46.214  3.486  26.705 0.6999999881
138030  -46.627  3.997  26.284 0.6999999881
96957  -46.979  4.507  28.935 0.8000000119
96020  -46.688  3.870  27.835 0.8000000119
96969  -47.182  4.296  28.147 0.8000000119
96992  -47.060  4.517  26.696 0.6999999881
96970  -47.697  4.782  28.403 0.8000000119
96993  -47.539  4.954  27.030 0.8000000119
97891  -48.334  5.286  28.407 0.8000000119
97075  -54.169  5.424  16.663 0.3000000119
97088  -53.542  5.644  15.955 0.3000000119
95096  -45.699  2.484  24.643 0.6999999881
94066  -46.501  1.397  20.474 0.4000000060
94112  -47.918  1.675  18.111 0.3000000119
95193  -51.444  3.363  16.522 0.3000000119
96008  -45.945  3.404  28.278 0.6999999881
94057  -46.253  1.450  21.233 0.6999999881
94077  -46.777  1.319  19.818 0.3000000119
96009  -46.485  3.968  28.607 0.8000000119
97875  -46.633  5.563  30.090 0.6999999881
97876  -47.374  5.697  29.869 0.6999999881
97877  -48.127  5.854  29.693 0.6999999881
98741  -50.359  6.687  28.798 0.6999999881
98739  -48.809  6.100  29.401 0.6999999881
95178  -53.409  3.738  17.590 0.3000000119
94067  -52.816  0.896  20.251 0.3000000119
91910  -52.541  -0.199  21.569 0.3000000119
97087  -52.691  5.557  15.427 0.3000000119
94079  -47.930  1.153  19.018 0.3000000119
94113  -48.782  1.622  17.826 0.3000000119
95071  -45.751  2.963  27.131 0.6999999881
94094  -48.662  1.291  18.551 0.3000000119
95990  -46.098  4.300  29.370 0.8000000119
95989  -45.683  3.681  29.135 0.8000000119
97874  -45.544  5.457  30.521 0.8000000119
98725  -45.438  6.365  31.239 0.6999999881
98732  -46.030  6.013  30.787 0.6999999881
98726  -46.561  6.674  31.199 0.6999999881
149226  -47.352  6.797  31.051 0.6999999881
98728  -48.135  6.947  30.863 0.6999999881
99579  -50.841  7.319  29.363 0.6999999881
99574  -49.595  7.241  30.299 0.6999999881
95161  -52.618  2.360  18.410 0.3000000119
95177  -52.547  3.068  17.646 0.3000000119
94082  -52.852  1.462  19.605 0.3000000119
134922  -53.236  2.825  18.330 0.3000000119
96120  -53.620  4.726  16.929 0.3000000119
92940  -51.931  -0.005  20.979 0.3000000119
96119  -52.826  4.366  16.652 0.3000000119
91893  -51.492  -0.802  22.095 0.3000000119
131849  -52.766  0.320  20.889 0.3000000119
95175  -50.900  2.526  17.073 0.3000000119
92966  -47.515  0.805  19.810 0.3000000119
141850  -45.664  2.224  23.971 0.6999999881
98724  -44.760  6.370  31.376 0.8000000119
97873  -44.907  5.224  30.595 0.8000000119
99561  -44.724  7.687  32.154 0.6999999881
146981  -45.902  6.630  31.337 0.6999999881
99566  -46.142  7.216  31.638 0.6999999881
99563  -46.495  7.886  32.037 0.6999999881
100430  -47.694  8.629  32.376 0.6999999881
100431  -48.502  8.767  32.260 0.6999999881
100436  -49.074  8.346  31.642 0.6999999881
99575  -50.387  7.651  30.312 0.6999999881
140878  -53.323  11.796  30.362 0.5000000000
103679  -52.545  12.455  30.509 0.5000000000
103680  -54.030  12.436  30.408 0.5000000000
96118  -52.101  3.539  16.877 0.3000000119
94114  -49.636  1.687  17.669 0.3000000119
92950  -46.714  0.774  20.831 0.5000000000
92965  -46.937  0.850  20.237 0.5000000000
94056  -45.891  1.334  22.096 0.5000000000
98720  -44.318  6.991  31.790 0.6999999881
100426  -44.175  8.323  32.645 0.8000000119
100415  -44.524  9.096  33.238 0.6999999881
101225  -44.530  9.678  33.841 0.6999999881
101210  -44.479  9.672  36.381 0.6999999881
100428  -45.992  8.517  32.497 0.6999999881
101221  -44.983  10.071  34.160 0.6999999881
101217  -44.837  10.133  35.817 0.6999999881
101241  -46.359  9.239  32.921 0.6999999881
102028  -45.605  10.475  34.594 0.6999999881
102015  -45.957  10.348  36.328 0.6999999881
99567  -47.318  7.973  31.968 0.6999999881
102030  -47.208  10.446  33.817 0.6000000238
102836  -46.937  11.137  35.661 0.6000000238
102806  -48.781  11.334  37.445 0.6000000238
102807  -49.799  11.660  37.788 0.6000000238
102789  -50.217  11.492  38.601 0.5000000000
100432  -49.277  9.017  32.264 0.6999999881
101229  -48.546  9.968  33.095 0.6999999881
102843  -47.976  11.492  34.765 0.6000000238
102824  -48.380  11.647  36.448 0.6000000238
102825  -49.427  11.896  36.930 0.6000000238
100433  -49.959  8.707  31.797 0.6999999881
137115  -49.928  9.313  32.373 0.6000000238
102850  -49.230  11.294  34.006 0.6000000238
100437  -50.835  8.823  31.391 0.6000000238
137172  -51.133  9.819  32.273 0.6000000238
102046  -51.303  10.416  32.712 0.6000000238
102067  -45.827  10.801  28.950 0.6999999881
137913  -47.524  11.344  29.413 0.5000000000
102878  -49.324  11.664  30.034 0.6000000238
104470  -50.034  13.064  29.812 0.5000000000
104476  -55.488  13.191  30.589 0.4000000060
136109  -52.021  13.254  30.449 0.5000000000
104473  -53.273  13.577  30.369 0.5000000000
104474  -55.056  13.337  30.233 0.5000000000
104475  -55.221  13.675  30.343 0.4000000060
104460  -55.421  14.191  30.796 0.4000000060
105387  -55.448  14.506  30.054 0.5000000000
106284  -55.566  15.243  29.924 0.5000000000
94095  -49.338  1.373  18.297 0.3000000119
92985  -48.716  0.967  19.147 0.3000000119
99547  -42.378  7.920  33.197 0.8000000119
94046  -45.713  1.447  22.956 0.6999999881
92924  -45.882  0.727  22.707 0.5000000000
92938  -46.460  0.624  21.517 0.5000000000
94006  -45.309  2.051  26.038 0.6999999881
94016  -45.321  1.844  25.180 0.6999999881
96953  -44.647  4.418  30.269 0.8000000119
96007  -45.157  3.108  28.911 0.8000000119
95061  -45.726  3.030  27.749 0.6999999881
151147  -43.581  8.587  38.299 0.8000000119
101215  -43.529  9.429  35.419 0.8000000119
100414  -43.528  8.735  33.317 0.8000000119
137052  -43.845  7.585  32.308 0.8000000119
149214  -44.042  8.379  40.150 0.6999999881
131004  -44.144  8.486  39.468 0.6999999881
100400  -44.075  9.113  36.759 0.8000000119
153473  -44.789  8.567  39.207 0.6999999881
100385  -45.164  8.705  38.586 0.8000000119
101192  -45.555  9.008  37.934 0.6999999881
100368  -45.421  8.630  39.355 0.6999999881
101176  -45.949  8.858  38.736 0.8000000119
101206  -46.691  9.945  37.405 0.6999999881
101179  -48.260  9.882  39.700 0.6999999881
101972  -49.319  10.141  40.261 0.6999999881
101993  -47.891  10.313  38.369 0.6000000238
102788  -49.181  11.139  38.236 0.6000000238
102790  -51.209  11.932  39.012 0.5000000000
103580  -51.845  12.607  38.633 0.5000000000
103613  -52.128  13.264  37.133 0.5000000000
105334  -53.148  14.931  33.752 0.3000000119
105348  -54.356  15.033  32.381 0.4000000060
106273  -54.346  15.465  31.799 0.4000000060
105347  -53.785  15.010  33.055 0.4000000060
104449  -54.818  14.272  31.751 0.4000000060
102895  -46.203  11.610  28.655 0.6000000238
102896  -47.071  11.946  28.850 0.5000000000
104450  -55.475  13.343  31.217 0.5000000000
105362  -54.936  14.950  31.340 0.4000000060
106304  -55.435  15.813  29.891 0.3000000119
103686  -48.595  12.873  29.155 0.5000000000
104471  -51.119  13.427  30.061 0.5000000000
104472  -52.209  13.771  30.164 0.4000000060
105385  -54.377  14.292  29.922 0.4000000060
147946  -55.230  14.303  29.888 0.5000000000
105386  -55.323  14.842  29.552 0.5000000000
95176  -51.700  2.758  17.378 0.3000000119
94096  -50.848  1.621  18.308 0.3000000119
92987  -50.133  1.347  18.460 0.3000000119
94116  -51.240  2.065  17.857 0.3000000119
94115  -50.476  1.843  17.694 0.3000000119
154200  -44.718  2.582  28.737 0.6000000238
92901  -44.911  1.025  24.874 0.6000000238
92925  -46.291  0.323  22.240 0.5000000000
92967  -48.376  0.651  19.666 0.3000000119
98722  -43.054  6.118  31.713 0.8000000119
96952  -43.828  4.402  30.626 0.8000000119
94015  -44.785  1.263  25.700 0.6999999881
147792  -47.373  0.473  20.524 0.5000000000
100391  -41.500  8.379  37.201 0.6000000238
100397  -41.718  8.461  36.192 0.8000000119
97872  -44.114  5.021  30.805 0.6999999881
94035  -45.531  1.501  23.669 0.6999999881
135041  -42.218  8.625  36.789 0.8000000119
100408  -42.443  8.741  34.415 0.8000000119
98723  -43.928  6.277  31.533 0.8000000119
93996  -45.325  2.237  26.876 0.6999999881
99548  -43.010  8.155  33.104 0.8000000119
100399  -43.340  9.088  36.472 0.8000000119
100405  -43.066  9.193  35.771 0.8000000119
97867  -44.412  5.718  31.088 0.8000000119
100367  -43.407  8.349  39.834 0.6999999881
100383  -43.482  8.504  39.033 0.6999999881
100409  -43.077  9.237  34.093 0.8000000119
99475  -43.631  7.900  41.310 0.6999999881
99458  -44.273  7.648  42.576 0.6999999881
100329  -44.948  7.910  42.078 0.6999999881
100344  -45.086  8.242  41.406 0.6999999881
100345  -45.853  8.521  41.222 0.6999999881
101166  -46.876  9.103  40.146 0.6999999881
101167  -47.697  9.485  40.233 0.6999999881
101168  -48.522  9.628  40.654 0.6999999881
100330  -45.762  8.204  42.078 0.6999999881
100331  -46.694  8.429  42.422 0.6000000238
100332  -47.769  8.672  42.674 0.6999999881
101159  -48.678  9.394  41.547 0.6999999881
101962  -50.540  10.455  41.758 0.5000000000
102757  -50.936  11.710  40.868 0.5000000000
143767  -51.932  12.849  39.150 0.4000000060
105286  -51.937  14.065  38.072 0.4000000060
104382  -52.220  13.573  37.605 0.4000000060
150881  -52.394  14.781  36.605 0.4000000060
105326  -52.902  14.887  34.778 0.3000000119
147899  -53.984  15.371  32.614 0.3000000119
107173  -54.828  16.229  30.324 0.3000000119
105412  -54.039  15.101  27.494 0.2000000030
105398  -55.404  15.440  29.335 0.4000000060
104488  -48.764  13.488  27.748 0.3000000119
104489  -49.500  13.790  28.002 0.3000000119
105420  -50.082  13.992  27.436 0.3000000119
105409  -50.863  14.130  27.829 0.3000000119
156622  -52.464  14.573  27.913 0.3000000119
131903  -53.203  14.740  28.111 0.4000000060
105405  -55.174  15.611  28.683 0.2000000030
104484  -49.853  13.721  28.726 0.4000000060
150651  -51.074  13.907  29.441 0.4000000060
138806  -51.407  14.277  28.405 0.4000000060
105395  -52.616  14.444  29.350 0.4000000060
105396  -54.089  14.608  29.333 0.3000000119
137293  -55.137  15.168  28.990 0.4000000060
100381  -41.763  8.301  38.083 0.6999999881
100398  -42.599  8.863  36.240 0.8000000119
100413  -42.705  8.555  33.649 0.8000000119
98641  -42.459  6.737  42.965 0.6999999881
100366  -42.632  8.304  39.427 0.6999999881
100392  -42.322  8.553  37.480 0.8000000119
99456  -42.425  7.256  42.127 0.6999999881
143528  -42.891  8.494  38.570 0.6999999881
151499  -43.805  5.889  45.036 0.4000000060
98631  -43.757  6.572  44.259 0.5000000000
98622  -44.497  6.414  45.061 0.5000000000
99442  -44.726  7.459  43.480 0.6000000238
99443  -45.604  7.707  43.803 0.6000000238
99444  -46.694  7.872  44.188 0.5000000000
100315  -48.102  8.468  43.697 0.5000000000
101143  -49.559  9.172  43.544 0.4000000060
101951  -50.586  10.368  42.552 0.3000000119
152687  -50.712  11.971  41.580 0.4000000060
151526  -51.557  13.532  39.176 0.4000000060
105300  -51.257  15.098  36.662 0.3000000119
101145  -50.451  10.317  43.242 0.3000000119
102732  -50.300  11.261  43.078 0.3000000119
105301  -52.155  15.004  36.754 0.3000000119
105314  -52.492  15.023  36.233 0.3000000119
106264  -52.943  15.232  33.432 0.3000000119
97752  -44.582  4.866  46.620 0.4000000060
131392  -44.995  5.776  46.090 0.4000000060
99429  -45.908  7.555  44.875 0.5000000000
99414  -46.217  7.271  45.764 0.4000000060
99417  -48.356  8.082  45.363 0.3000000119
100284  -49.078  8.502  45.535 0.3000000119
101922  -49.772  10.705  44.148 0.3000000119
103526  -50.229  11.734  42.737 0.4000000060
105252  -50.851  13.734  39.372 0.3000000119
137144  -50.648  14.835  37.242 0.3000000119
105299  -49.932  14.787  36.296 0.3000000119
137553  -45.057  4.954  47.889 0.4000000060
98581  -44.912  6.111  48.094 0.1000000015
97753  -45.240  5.388  46.840 0.4000000060
98598  -45.936  6.686  46.901 0.3000000119
100272  -47.913  8.272  47.167 0.1000000015
100265  -48.049  9.057  46.987 0.2000000030
98611  -46.319  7.162  46.392 0.3000000119
98612  -47.312  7.610  46.252 0.3000000119
100273  -48.424  8.477  46.536 0.3000000119
101902  -49.494  10.336  44.909 0.3000000119
103525  -49.991  12.070  42.763 0.3000000119
104369  -49.774  13.781  39.146 0.3000000119
105267  -49.264  14.216  37.971 0.3000000119
99383  -45.295  7.332  48.188 0.1000000015
100255  -46.306  8.627  48.173 0.2000000030
146370  -46.421  9.117  48.086 0.1000000015
101880  -47.783  10.218  46.331 0.2000000030
101899  -47.435  10.496  45.868 0.2000000030
99385  -46.769  7.974  47.844 0.1000000015
101105  -47.423  9.471  47.284 0.2000000030
101121  -47.990  9.776  46.710 0.2000000030
102699  -48.584  11.006  44.636 0.2000000030
101901  -48.993  10.605  45.215 0.3000000119
102731  -48.871  11.897  43.321 0.3000000119
103538  -48.914  12.621  41.735 0.3000000119
151045  -45.751  9.304  48.521 0.2000000030
101104  -46.615  9.563  47.426 0.2000000030
103612  -50.072  12.375  36.586 0.6000000238
103611  -49.219  12.253  36.129 0.6999999881
102851  -50.162  11.485  33.902 0.6000000238
98744  -49.884  6.099  28.233 0.8000000119
97903  -48.908  5.486  27.320 0.8000000119
97882  -49.042  5.764  28.499 0.8000000119
104397  -52.401  13.788  36.774 0.4000000060
100441  -51.103  8.375  30.608 0.6000000238
151611  -48.801  5.442  27.898 0.8000000119
96994  -48.158  5.216  27.235 0.8000000119
97056  -46.774  4.702  19.734 0.6999999881
97967  -48.070  6.479  19.690 0.6999999881
136170  -52.780  14.869  35.632 0.4000000060
102888  -48.459  11.360  29.738 0.6000000238
102887  -46.700  11.189  29.169 0.6000000238
102894  -45.415  11.437  28.425 0.6000000238
137659  -44.741  11.352  28.214 0.6999999881
104448  -54.222  14.464  32.726 0.4000000060
105287  -52.256  14.402  37.098 0.4000000060
103678  -51.381  12.625  30.487 0.5000000000
94138  -51.529  1.836  14.932 0.2000000030
150884  -41.604  -0.507  18.687 0.1000000015
91946  -41.761  -0.056  17.937 0.1000000015
94107  -41.842  1.799  15.923 0.3000000119
96143  -43.120  4.331  14.677 0.3000000119
97108  -44.105  5.412  14.234 0.3000000119
97109  -45.768  6.025  13.296 0.4000000060
97122  -46.669  6.032  13.094 0.4000000060
98037  -47.044  6.625  13.074 0.4000000060
96165  -52.755  5.604  14.290 0.3000000119
94123  -40.279  2.683  16.144 0.3000000119
93016  -40.836  1.909  16.121 0.3000000119
95200  -42.532  4.180  15.224 0.3000000119
95186  -41.845  3.804  15.522 0.3000000119
98028  -44.831  6.141  14.241 0.3000000119
98859  -46.383  7.147  13.850 0.5000000000
98029  -45.996  6.712  13.354 0.4000000060
98030  -46.774  6.944  13.286 0.4000000060
97999  -56.155  5.752  17.080 0.3000000119
141338  -46.380  3.640  19.615 0.6999999881
96098  -46.497  4.215  19.077 0.6999999881
96130  -47.062  4.111  16.738 0.5000000000
98019  -44.904  6.017  15.120 0.5000000000
136248  -47.685  5.929  14.425 0.4000000060
97073  -44.367  5.142  16.596 0.4000000060
98853  -46.548  7.309  15.702 0.6000000238
98865  -46.946  7.086  13.930 0.5000000000
98860  -46.740  7.431  14.796 0.6000000238
98021  -47.311  6.787  14.065 0.4000000060
97994  -44.896  5.540  17.514 0.6000000238
97995  -45.739  6.396  17.041 0.5000000000
98845  -46.521  7.103  16.680 0.6000000238
97983  -44.816  5.679  18.650 0.6000000238
97063  -44.403  4.849  18.185 0.6000000238
97997  -47.913  6.974  17.070 0.6000000238
151590  -47.519  7.025  16.204 0.6000000238
98854  -47.019  7.352  16.037 0.6000000238
96030  -46.698  3.956  27.084 0.6999999881
97879  -47.103  5.106  29.407 0.6999999881
96954  -46.411  4.938  29.662 0.8000000119
96979  -47.162  4.370  27.442 0.6999999881
97881  -48.444  5.577  29.034 0.6999999881
98733  -46.936  6.191  30.575 0.6999999881
98734  -47.736  6.320  30.398 0.6999999881
99578  -49.988  6.987  29.629 0.6999999881
98736  -49.208  6.729  29.863 0.6999999881
99573  -48.893  7.164  30.559 0.6999999881
92955  -52.227  0.546  20.421 0.3000000119
133042  -51.917  -0.438  21.660 0.3000000119
98727  -47.753  7.427  31.459 0.6999999881
100435  -48.138  8.120  31.829 0.6999999881
94098  -52.248  1.689  18.924 0.3000000119
95149  -53.073  2.074  18.955 0.3000000119
99562  -45.629  7.793  32.070 0.6999999881
101242  -47.234  9.271  32.821 0.6999999881
101243  -48.062  9.333  32.676 0.6999999881
92986  -49.401  1.069  18.911 0.3000000119
101224  -43.873  9.479  33.904 0.8000000119
138728  -45.051  9.615  33.567 0.6999999881
101216  -44.184  9.783  35.444 0.6999999881
101219  -43.649  9.515  34.715 0.8000000119
101211  -45.348  9.996  36.560 0.6999999881
101204  -44.895  9.277  37.205 0.8000000119
101209  -43.776  9.402  36.066 0.8000000119
100416  -45.481  9.157  33.030 0.6999999881
102020  -45.569  10.484  35.620 0.6999999881
101226  -45.808  9.868  33.668 0.6999999881
102023  -46.348  10.906  35.011 0.6000000238
101227  -46.766  9.881  33.403 0.6999999881
102016  -46.484  10.416  36.681 0.6999999881
101212  -46.090  10.008  36.856 0.6999999881
102021  -46.316  10.731  35.925 0.6999999881
102031  -48.007  10.558  33.626 0.6999999881
102842  -47.235  11.187  34.953 0.6000000238
102837  -47.792  11.556  35.551 0.6000000238
102006  -47.498  10.357  37.703 0.6000000238
102024  -47.603  10.957  34.280 0.6000000238
102017  -47.083  10.642  37.026 0.6999999881
102805  -47.845  11.012  37.224 0.6000000238
102007  -48.264  10.798  37.959 0.6000000238
102838  -48.556  11.934  35.710 0.6000000238
101995  -49.588  10.969  39.010 0.6000000238
101983  -49.999  10.777  39.879 0.6000000238
144540  -50.885  11.406  40.383 0.5000000000
154661  -49.130  10.201  33.230 0.6999999881
102025  -48.377  11.138  34.113 0.6999999881
137315  -48.831  10.606  33.578 0.6000000238
102844  -48.764  11.742  34.650 0.6000000238
101244  -50.586  9.351  32.034 0.6000000238
102032  -49.706  10.538  33.414 0.6000000238
102045  -50.379  9.997  32.733 0.6000000238
102889  -48.855  12.234  29.702 0.5000000000
103685  -48.001  12.098  29.312 0.5000000000
104485  -50.337  13.627  29.398 0.5000000000
104478  -49.495  13.306  29.270 0.4000000060
100412  -42.036  8.209  33.864 0.8000000119
98719  -43.436  6.884  31.993 0.8000000119
134438  -44.708  3.582  29.651 0.8000000119
95070  -45.272  2.461  27.619 0.6999999881
100384  -44.305  8.615  38.582 0.8000000119
153063  -43.535  8.862  37.081 0.8000000119
100393  -43.118  8.644  37.726 0.8000000119
100354  -44.368  8.244  40.833 0.6999999881
101193  -46.371  9.331  38.065 0.6999999881
100355  -45.280  8.484  40.659 0.6999999881
138132  -45.547  8.604  40.019 0.6999999881
100369  -46.131  8.782  39.604 0.8000000119
101177  -46.786  9.319  39.021 0.6000000238
101194  -47.174  9.797  38.204 0.6000000238
140662  -47.418  9.547  39.613 0.6999999881
101982  -49.004  10.432  39.380 0.6999999881
101160  -49.690  9.880  41.280 0.6999999881
102772  -51.331  11.904  39.752 0.3000000119
102791  -51.693  12.461  39.449 0.5000000000
106261  -52.798  15.072  34.383 0.3000000119
132521  -47.002  12.489  28.178 0.6000000238
104483  -49.030  13.425  28.609 0.4000000060
104482  -48.285  13.087  28.297 0.4000000060
104479  -51.879  14.070  29.752 0.4000000060
97866  -43.580  5.530  31.283 0.8000000119
100404  -42.289  8.702  35.366 0.8000000119
99491  -42.892  7.879  41.049 0.6999999881
99457  -43.255  7.308  42.610 0.6999999881
99476  -44.332  7.910  41.682 0.6999999881
99440  -43.127  6.681  43.582 0.6000000238
99441  -43.890  7.187  43.398 0.6999999881
99459  -45.239  7.803  42.818 0.6999999881
100356  -46.059  8.676  40.449 0.6999999881
101157  -46.634  8.781  41.044 0.6999999881
100346  -47.151  8.742  41.768 0.6999999881
101150  -47.985  8.983  41.870 0.6999999881
100313  -46.180  8.001  43.070 0.6000000238
100314  -47.149  8.237  43.354 0.6000000238
101151  -48.932  9.113  42.511 0.5000000000
138530  -50.131  9.728  42.879 0.4000000060
101974  -50.714  11.118  41.295 0.4000000060
101963  -50.637  10.919  42.099 0.3000000119
103552  -51.312  12.621  40.266 0.5000000000
104344  -51.575  13.002  39.891 0.4000000060
105270  -51.824  13.541  38.754 0.4000000060
105285  -51.143  14.537  38.017 0.4000000060
105404  -54.456  15.060  28.479 0.3000000119
105401  -50.718  14.023  28.750 0.4000000060
99489  -42.099  7.768  40.822 0.6000000238
97751  -43.975  4.408  46.310 0.5000000000
98620  -43.072  5.811  44.565 0.4000000060
98609  -44.296  5.341  45.742 0.4000000060
99428  -45.066  7.200  44.455 0.5000000000
99430  -47.504  7.916  44.954 0.5000000000
155536  -48.024  8.073  44.827 0.4000000060
100333  -48.706  8.745  43.272 0.4000000060
101144  -50.029  9.834  43.760 0.3000000119
100298  -49.208  8.504  44.931 0.3000000119
100317  -49.650  9.179  44.401 0.3000000119
103551  -50.761  12.429  40.980 0.4000000060
104343  -51.137  13.025  40.434 0.4000000060
106237  -51.980  15.244  36.141 0.3000000119
105268  -50.220  14.101  38.505 0.3000000119
101136  -49.788  9.898  44.488 0.3000000119
102716  -49.937  11.254  43.679 0.4000000060
97731  -44.478  4.805  47.573 0.3000000119
98610  -45.471  6.462  46.085 0.4000000060
99415  -47.266  7.667  45.717 0.3000000119
99402  -47.832  7.882  46.527 0.3000000119
101131  -49.233  9.152  45.605 0.3000000119
101921  -49.366  10.867  44.598 0.3000000119
104329  -50.467  12.640  41.171 0.4000000060
104342  -50.346  13.136  40.553 0.3000000119
157060  -49.677  14.467  36.994 0.2000000030
138208  -44.903  5.070  48.015 0.2000000030
141722  -45.164  5.533  47.807 0.2000000030
98597  -45.649  6.132  46.804 0.3000000119
98583  -46.135  7.198  47.592 0.1000000015
99395  -47.369  7.685  47.095 0.2000000030
100264  -47.517  8.833  47.536 0.1000000015
101122  -48.642  9.331  46.202 0.3000000119
103539  -49.906  12.490  41.990 0.3000000119
103524  -49.389  12.247  42.666 0.3000000119
102715  -49.705  11.583  43.756 0.3000000119
104341  -49.150  13.211  40.349 0.3000000119
101900  -48.319  10.446  45.662 0.3000000119
102700  -49.138  11.106  44.614 0.3000000119
94086  -59.818  1.052  20.063 0.2000000030
92973  -59.254  0.203  19.829 0.2000000030
94085  -59.407  0.779  19.776 0.2000000030
92993  -58.533  0.949  19.354 0.2000000030
152742  -57.974  0.504  19.258 0.2000000030
91957  -57.424  0.169  19.218 0.2000000030
94102  -59.454  1.982  19.707 0.2000000030
140779  -59.100  1.501  19.508 0.2000000030
92992  -57.473  0.940  18.945 0.2000000030
146317  -59.420  3.843  20.552 0.2000000030
95153  -59.759  2.651  19.947 0.2000000030
153972  -58.312  1.920  19.116 0.2000000030
92991  -56.471  0.632  18.844 0.2000000030
94099  -55.977  1.300  18.381 0.2000000030
92990  -55.477  0.700  18.577 0.2000000030
92989  -54.706  0.735  18.217 0.2000000030
136898  -54.213  -0.348  18.979 0.1000000015
93008  -54.669  1.263  17.632 0.2000000030
91953  -53.477  -0.523  18.767 0.2000000030
92988  -54.033  0.175  18.451 0.2000000030
90933  -52.699  -1.063  18.867 0.2000000030
91969  -53.167  0.107  17.969 0.2000000030
151698  -58.404  4.524  21.582 0.2000000030
96070  -57.890  4.629  22.189 0.2000000030
97058  -58.972  4.247  20.003 0.2000000030
142643  -59.148  4.396  20.886 0.2000000030
156862  -58.809  4.555  21.434 0.2000000030
96102  -59.328  3.605  19.947 0.2000000030
96111  -59.098  3.393  19.456 0.2000000030
95165  -58.606  2.597  19.089 0.2000000030
94101  -57.643  1.800  18.734 0.2000000030
94100  -56.772  1.562  18.433 0.2000000030
93009  -55.333  1.326  18.023 0.2000000030
90932  -51.702  -1.330  18.620 0.1000000015
134357  -53.972  0.705  17.792 0.2000000030
89900  -51.404  -2.196  18.940 0.1000000015
91952  -51.987  -0.685  18.287 0.1000000015
134736  -52.732  -0.471  18.320 0.2000000030
89911  -49.423  -3.014  17.660 0.1000000015
89912  -50.355  -2.510  18.343 0.1000000015
88865  -48.304  -3.526  16.936 0.1000000015
96069  -57.103  4.375  22.591 0.2000000030
97039  -58.628  4.555  20.904 0.2000000030
96080  -57.458  3.879  21.594 0.2000000030
96093  -58.182  4.362  20.001 0.2000000030
97069  -58.780  4.125  19.263 0.2000000030
97057  -58.357  4.533  19.190 0.2000000030
96110  -58.672  3.712  18.734 0.2000000030
95181  -57.511  3.366  17.725 0.2000000030
95180  -56.315  2.862  17.336 0.2000000030
94119  -56.002  2.029  17.862 0.2000000030
94118  -55.245  1.760  17.544 0.2000000030
94117  -53.961  1.282  17.229 0.2000000030
90931  -50.793  -1.744  18.112 0.1000000015
90937  -51.202  -1.002  17.926 0.1000000015
143161  -51.644  -0.540  17.691 0.1000000015
91968  -52.309  -0.255  17.761 0.2000000030
93007  -53.225  0.759  17.316 0.2000000030
89919  -48.499  -2.295  16.346 0.1000000015
89920  -48.875  -2.660  16.850 0.1000000015
89921  -49.870  -2.181  17.498 0.1000000015
141063  -50.392  -1.393  17.274 0.1000000015
148739  -48.095  -3.019  16.427 0.1000000015
95130  -56.580  3.095  21.996 0.2000000030
96092  -57.523  3.808  20.516 0.2000000030
96100  -57.328  4.218  19.523 0.2000000030
96101  -57.699  4.776  18.779 0.2000000030
97068  -57.668  5.026  18.163 0.2000000030
96124  -58.074  4.423  17.918 0.2000000030
96122  -56.934  3.731  17.082 0.2000000030
97078  -57.545  4.885  17.353 0.2000000030
96123  -57.542  4.300  17.315 0.2000000030
96137  -56.479  4.633  16.476 0.2000000030
94131  -54.651  1.865  17.147 0.2000000030
93022  -53.288  1.316  16.810 0.2000000030
90936  -49.417  -1.918  16.750 0.1000000015
91967  -51.064  -0.710  17.266 0.1000000015
93005  -51.732  -0.135  17.136 0.1000000015
156775  -47.325  -3.848  16.648 0.1000000015
89926  -47.846  -2.564  16.336 0.1000000015
134879  -47.628  -1.533  16.331 0.1000000015
90935  -47.447  -1.754  16.808 0.1000000015
91965  -47.405  -0.873  16.884 0.1000000015
91848  -53.229  -0.464  24.972 0.2000000030
142838  -52.508  -0.982  25.078 0.2000000030
90847  -52.054  -1.339  25.529 0.2000000030
94017  -54.790  1.721  25.417 0.2000000030
91783  -41.142  -1.155  31.045 0.2000000030
90862  -51.856  -1.337  24.667 0.2000000030
91860  -52.606  -0.875  24.386 0.2000000030
90780  -41.655  -1.544  30.516 0.2000000030
89778  -42.610  -2.330  29.634 0.2000000030
89779  -43.250  -2.713  29.219 0.2000000030
88757  -45.719  -3.435  27.518 0.2000000030
88769  -46.964  -3.169  26.827 0.2000000030
89828  -48.866  -2.444  25.769 0.2000000030
90844  -49.778  -2.127  25.097 0.2000000030
90861  -51.007  -1.689  24.587 0.2000000030
90874  -51.984  -1.149  23.694 0.2000000030
95106  -55.994  3.338  23.650 0.2000000030
90796  -42.414  -1.528  29.416 0.2000000030
89787  -42.871  -1.982  28.870 0.2000000030
89788  -43.502  -2.424  28.449 0.2000000030
88768  -46.087  -3.210  26.898 0.2000000030
89816  -47.329  -2.753  26.142 0.2000000030
89840  -49.005  -2.155  25.036 0.2000000030
90859  -49.476  -1.960  24.552 0.2000000030
156890  -51.355  -1.447  24.034 0.2000000030
139473  -52.349  -0.889  23.070 0.2000000030
95118  -56.022  2.605  22.762 0.2000000030
146053  -42.425  -0.642  29.416 0.2000000030
90804  -42.819  -1.074  28.777 0.2000000030
90805  -43.354  -1.544  28.219 0.2000000030
90816  -43.822  -1.432  27.523 0.2000000030
89815  -46.453  -2.728  26.245 0.2000000030
89827  -47.561  -2.494  25.554 0.2000000030
90872  -50.264  -1.508  23.529 0.2000000030
134390  -50.796  -1.603  23.958 0.2000000030
90873  -51.105  -1.331  23.306 0.2000000030
90817  -44.324  -1.550  26.862 0.2000000030
90830  -45.209  -1.898  26.025 0.2000000030
89826  -46.824  -2.406  25.581 0.2000000030
89838  -47.348  -2.152  24.897 0.2000000030
90871  -49.522  -1.711  23.880 0.2000000030
90884  -51.088  -1.063  22.547 0.2000000030
95142  -56.761  3.101  21.017 0.2000000030
90829  -44.683  -1.581  26.294 0.2000000030
90842  -45.569  -1.540  25.362 0.2000000030
154394  -48.267  -1.744  24.004 0.2000000030
90883  -50.447  -1.186  22.705 0.2000000030
90856  -46.734  -1.595  24.382 0.2000000030
90857  -47.556  -1.713  24.143 0.2000000030
94130  -53.844  1.930  16.637 0.2000000030
93006  -52.483  0.289  17.307 0.1000000015
90943  -49.852  -1.274  16.537 0.1000000015
91966  -50.497  -0.870  16.831 0.1000000015
93020  -51.570  0.425  16.412 0.1000000015
155935  -52.062  0.341  16.888 0.1000000015
93021  -52.486  0.889  16.687 0.1000000015
130699  -47.681  -2.141  16.350 0.1000000015
92984  -45.914  0.398  18.127 0.1000000015
94026  -54.812  1.653  24.716 0.2000000030
149619  -55.345  2.388  24.224 0.2000000030
91861  -53.208  -0.491  24.195 0.2000000030
94037  -55.460  2.063  23.373 0.2000000030
91782  -40.619  -0.393  31.313 0.2000000030
91788  -41.235  -0.362  30.669 0.2000000030
92913  -53.510  -0.292  23.543 0.2000000030
94998  -37.576  3.054  34.883 0.3000000119
95010  -37.718  2.809  34.113 0.3000000119
93939  -38.955  1.526  32.656 0.2000000030
93946  -39.441  1.406  31.960 0.2000000030
93947  -40.005  1.186  31.409 0.2000000030
152921  -41.514  0.309  30.452 0.2000000030
91875  -52.786  -0.734  23.647 0.2000000030
151802  -55.944  2.216  22.054 0.2000000030
95019  -38.592  2.368  32.894 0.2000000030
95964  -38.786  3.374  32.791 0.2000000030
95028  -39.252  2.188  32.145 0.2000000030
93955  -40.652  0.964  31.077 0.2000000030
93956  -41.465  1.127  30.672 0.2000000030
142409  -42.455  0.137  29.543 0.2000000030
91895  -52.953  -0.553  22.873 0.2000000030
95129  -56.057  2.351  21.363 0.2000000030
92834  -42.190  0.737  30.076 0.2000000030
91799  -43.111  -0.019  28.915 0.3000000119
91807  -43.333  -0.722  28.261 0.2000000030
154504  -43.521  -1.065  27.880 0.2000000030
91822  -44.104  -0.904  27.040 0.2000000030
95141  -56.006  2.613  20.548 0.2000000030
90841  -44.877  -1.226  25.694 0.2000000030
90881  -48.496  -1.222  22.780 0.2000000030
90870  -48.746  -1.571  23.545 0.2000000030
90868  -46.979  -1.255  23.701 0.2000000030
137950  -49.897  -0.964  22.095 0.2000000030
132988  -50.713  -0.434  21.272 0.2000000030
91920  -51.093  -0.080  20.802 0.2000000030
92971  -52.069  1.017  19.748 0.2000000030
91859  -46.262  -0.904  24.023 0.2000000030
90869  -47.827  -1.341  23.426 0.2000000030
91891  -49.033  -1.068  22.101 0.2000000030
91908  -50.100  -0.548  21.419 0.2000000030
91890  -47.647  -0.885  22.687 0.2000000030
144237  -47.466  -0.518  22.119 0.2000000030
91907  -49.380  -0.666  21.527 0.2000000030
91918  -49.451  -0.245  20.872 0.2000000030
141568  -49.826  0.214  20.145 0.2000000030
91906  -48.640  -0.606  21.526 0.2000000030
91917  -48.517  -0.175  20.903 0.2000000030
92952  -48.909  0.231  20.247 0.2000000030
92969  -50.216  0.773  19.367 0.2000000030
91905  -47.801  -0.327  21.458 0.2000000030
92968  -49.247  0.632  19.568 0.2000000030
92951  -48.069  0.292  20.310 0.3000000119
94129  -52.894  1.894  16.100 0.2000000030
90941  -48.298  -1.779  15.990 0.1000000015
90942  -49.046  -1.636  16.164 0.1000000015
91976  -50.217  -0.635  16.247 0.1000000015
93031  -51.135  0.897  15.522 0.1000000015
90940  -47.849  -1.610  15.969 0.1000000015
90948  -48.775  -1.258  15.823 0.1000000015
91975  -49.440  -0.999  15.929 0.1000000015
91929  -43.516  -0.428  19.232 0.1000000015
91973  -47.198  -0.062  16.744 0.1000000015
91949  -45.353  -0.071  18.939 0.1000000015
91950  -46.494  -0.362  18.461 0.1000000015
91964  -46.874  -0.155  17.602 0.1000000015
91823  -53.199  -0.560  27.325 0.2000000030
91836  -53.334  -0.349  26.470 0.2000000030
92892  -53.924  0.344  25.230 0.2000000030
143215  -53.481  -0.236  25.728 0.2000000030
92904  -54.308  0.851  24.495 0.2000000030
92903  -53.787  0.015  24.339 0.2000000030
94036  -54.900  1.379  23.924 0.2000000030
92914  -54.299  0.431  23.507 0.2000000030
140607  -55.499  1.720  22.488 0.2000000030
96902  -37.346  4.296  36.155 0.3000000119
96909  -37.481  4.436  35.385 0.3000000119
92926  -53.752  -0.080  22.530 0.2000000030
92927  -54.473  0.500  22.521 0.2000000030
95922  -37.427  3.548  36.380 0.3000000119
95928  -37.469  3.684  35.575 0.3000000119
95955  -37.736  3.697  34.120 0.3000000119
96933  -38.448  4.100  33.341 0.3000000119
92942  -54.166  0.509  21.723 0.2000000030
95971  -39.745  2.845  31.781 0.4000000060
95030  -41.207  2.534  31.117 0.3000000119
93957  -42.294  1.628  30.345 0.3000000119
95038  -42.456  2.428  30.477 0.5000000000
91911  -53.000  -0.376  22.125 0.2000000030
92941  -53.330  0.113  21.578 0.2000000030
92956  -53.583  0.814  20.822 0.2000000030
93966  -42.747  1.366  29.876 0.5000000000
92869  -43.939  0.351  27.698 0.2000000030
92870  -44.208  -0.063  26.904 0.2000000030
95152  -56.689  3.388  20.107 0.2000000030
91834  -44.426  -0.865  26.312 0.2000000030
91909  -51.299  -0.454  21.454 0.2000000030
139129  -44.431  -0.065  26.100 0.3000000119
91846  -45.183  -0.799  25.002 0.3000000119
91857  -44.909  0.079  24.675 0.3000000119
91858  -45.514  -0.498  24.305 0.2000000030
150032  -45.344  0.115  23.972 0.3000000119
91872  -46.541  -0.661  23.328 0.2000000030
92902  -45.237  0.807  24.117 0.4000000060
91888  -46.142  0.001  22.945 0.3000000119
158024  -47.791  0.061  20.851 0.2000000030
92939  -47.185  0.230  21.151 0.4000000060
94128  -51.953  1.375  15.866 0.1000000015
90947  -48.290  -1.099  15.725 0.1000000015
146977  -48.903  -0.603  15.418 0.1000000015
91974  -47.599  -0.877  16.142 0.1000000015
91981  -47.874  -0.735  15.626 0.1000000015
91982  -48.279  -0.478  15.353 0.1000000015
93017  -46.832  0.712  16.411 0.1000000015
93018  -47.451  -0.040  15.857 0.1000000015
93027  -47.875  0.176  15.093 0.1000000015
94111  -45.965  1.333  16.853 0.1000000015
93026  -47.243  0.872  15.544 0.1000000015
94135  -46.879  1.784  15.186 0.1000000015
143367  -53.672  -0.261  27.972 0.2000000030
151916  -54.475  0.707  27.328 0.2000000030
92871  -53.863  0.168  27.117 0.2000000030
92882  -54.415  0.847  26.612 0.2000000030
92881  -53.897  0.282  26.158 0.2000000030
139100  -54.329  1.009  25.786 0.2000000030
92893  -54.366  1.155  25.122 0.2000000030
94047  -54.970  1.138  23.004 0.2000000030
97840  -37.706  5.216  35.193 0.4000000060
97841  -38.274  5.376  34.451 0.4000000060
94058  -54.958  1.009  22.049 0.2000000030
94059  -55.469  1.683  21.661 0.2000000030
96920  -38.088  4.561  33.990 0.4000000060
96934  -39.240  4.756  33.102 0.4000000060
96941  -39.785  4.554  32.550 0.5000000000
94070  -55.439  1.909  20.851 0.2000000030
95965  -39.628  3.670  32.244 0.4000000060
95972  -40.428  3.488  31.678 0.4000000060
95973  -41.218  3.221  31.341 0.5000000000
95981  -41.894  2.873  30.910 0.5000000000
92957  -54.656  1.263  21.091 0.2000000030
153891  -54.786  1.764  20.338 0.2000000030
95140  -55.302  2.280  20.063 0.2000000030
93982  -43.910  1.405  28.681 0.5000000000
95046  -43.607  2.410  29.638 0.5000000000
92856  -44.223  1.168  27.940 0.5000000000
144938  -44.387  0.890  27.152 0.4000000060
93995  -44.818  1.691  27.420 0.5000000000
94005  -44.833  1.466  26.580 0.5000000000
96121  -54.284  4.511  17.513 0.2000000030
94136  -47.607  1.290  14.669 0.1000000015
94126  -46.441  1.517  16.042 0.1000000015
100403  -41.455  8.192  35.373 0.6999999881
99536  -40.807  7.853  35.443 0.6999999881
134573  -41.439  7.848  34.051 0.6999999881
98695  -40.170  6.799  33.902 0.6000000238
98705  -40.511  6.550  33.336 0.6000000238
99546  -41.637  7.622  33.397 0.6000000238
99559  -42.030  7.290  32.724 0.6999999881
98693  -38.723  6.296  34.658 0.6000000238
98704  -39.832  6.183  33.677 0.6000000238
97851  -40.199  5.781  33.097 0.6000000238
98716  -40.897  6.141  32.717 0.6000000238
97860  -41.390  5.654  32.207 0.6000000238
96948  -43.294  4.769  31.037 0.6000000238
97858  -39.830  5.192  32.882 0.5000000000
97859  -40.536  5.226  32.475 0.6000000238
96943  -41.200  4.891  31.884 0.5000000000
139522  -42.643  3.198  30.621 0.6000000238
95983  -43.911  3.824  30.260 0.6000000238
132977  -44.343  2.805  29.324 0.6000000238
95982  -43.302  3.366  30.350 0.6000000238
95988  -43.800  3.136  29.871 0.5000000000
95150  -53.790  2.553  18.981 0.2000000030
93983  -44.638  2.029  28.239 0.5000000000
93001  -43.057  1.161  16.797 0.1000000015
95188  -44.288  2.643  16.088 0.2000000030
94134  -45.791  2.486  15.592 0.2000000030
94122  -39.834  2.292  16.669 0.1000000015
92964  -40.643  0.824  19.539 0.1000000015
94064  -41.764  1.209  20.242 0.1000000015
94074  -40.258  1.122  18.597 0.1000000015
94075  -41.225  1.281  19.065 0.1000000015
94106  -39.697  2.148  17.110 0.2000000030
94090  -40.484  1.571  17.998 0.2000000030
95170  -40.179  2.673  16.683 0.2000000030
94076  -42.012  1.691  19.554 0.1000000015
94091  -41.665  1.863  18.409 0.1000000015
95158  -41.336  2.559  17.319 0.2000000030
96106  -41.983  3.076  17.224 0.2000000030
97004  -40.246  4.131  24.966 0.1000000015
96049  -41.092  3.717  24.543 0.1000000015
94055  -42.631  1.610  21.327 0.1000000015
94065  -42.652  1.916  20.320 0.1000000015
95146  -42.589  2.230  19.412 0.1000000015
136582  -42.451  2.603  18.297 0.1000000015
141670  -43.124  3.441  17.943 0.2000000030
97922  -39.261  5.183  25.648 0.1000000015
142594  -39.765  4.700  25.359 0.1000000015
97010  -40.915  4.591  24.676 0.1000000015
97011  -41.511  4.522  24.257 0.2000000030
95137  -43.164  2.523  20.156 0.1000000015
95147  -43.342  2.926  19.363 0.2000000030
98765  -38.926  6.616  26.347 0.2000000030
97923  -40.042  5.510  25.611 0.2000000030
97932  -40.479  5.065  25.098 0.2000000030
97933  -41.238  5.566  24.532 0.2000000030
142572  -43.534  3.965  20.628 0.3000000119
96090  -43.682  4.389  20.098 0.3000000119
96097  -43.741  3.789  19.291 0.2000000030
97054  -44.006  4.216  18.662 0.3000000119
102903  -44.295  11.635  27.742 0.6000000238
102902  -43.538  11.409  27.685 0.6000000238
136201  -42.612  11.042  27.664 0.6000000238
98782  -39.555  5.976  26.055 0.2000000030
98766  -39.887  6.826  26.390 0.2000000030
98783  -40.334  6.369  25.860 0.2000000030
97924  -40.705  5.941  25.254 0.2000000030
154166  -41.220  6.391  24.942 0.3000000119
97055  -44.289  5.028  19.175 0.5000000000
102904  -45.080  11.821  27.844 0.5000000000
103694  -43.770  11.916  27.070 0.5000000000
103695  -44.706  12.176  27.035 0.4000000060
102920  -42.892  11.614  27.187 0.6000000238
148333  -40.003  10.467  27.353 0.4000000060
99621  -39.349  7.465  26.693 0.2000000030
99600  -39.755  8.124  27.157 0.4000000060
99622  -40.189  7.517  26.833 0.2000000030
103698  -46.939  12.768  27.333 0.3000000119
103691  -46.456  12.135  28.347 0.5000000000
103716  -46.855  12.969  26.410 0.2000000030
103697  -46.296  12.457  27.777 0.3000000119
103715  -46.183  12.681  26.936 0.2000000030
103690  -45.808  12.017  28.129 0.4000000060
104515  -47.581  13.548  25.277 0.2000000030
103696  -45.567  12.302  27.411 0.3000000119
104496  -46.080  12.949  26.080 0.2000000030
104514  -46.786  13.249  25.511 0.2000000030
103731  -45.287  12.951  25.854 0.2000000030
135578  -45.891  13.275  25.317 0.2000000030
103713  -44.063  12.431  26.355 0.4000000060
140613  -44.785  12.616  26.302 0.2000000030
104513  -45.019  13.289  25.140 0.2000000030
104512  -44.129  13.297  25.076 0.4000000060
96099  -55.440  3.530  18.979 0.2000000030
97066  -56.502  5.408  17.659 0.2000000030
92970  -51.182  0.793  19.569 0.2000000030
94068  -53.335  1.325  20.117 0.2000000030
94080  -50.903  1.237  18.897 0.2000000030
149806  -55.800  3.056  19.759 0.2000000030
133680  -56.412  3.942  19.184 0.2000000030
94069  -53.998  1.579  20.296 0.2000000030
95162  -53.996  3.406  18.315 0.2000000030
95151  -55.118  2.734  19.458 0.2000000030
96108  -55.943  4.655  18.216 0.2000000030
96107  -54.903  3.928  18.257 0.2000000030
95160  -51.978  2.226  18.120 0.2000000030
141050  -44.772  0.632  18.295 0.1000000015
94125  -45.549  1.986  16.398 0.2000000030
91948  -44.135  0.169  18.861 0.1000000015
92983  -43.683  0.603  17.990 0.2000000030
93002  -44.239  1.091  17.639 0.1000000015
94110  -45.064  1.786  16.875 0.2000000030
93003  -45.238  1.143  17.554 0.1000000015
92923  -42.132  0.924  21.955 0.1000000015
102086  -39.157  10.349  27.299 0.3000000119
93035  -48.251  1.107  14.455 0.1000000015
93019  -50.662  0.091  15.972 0.1000000015
91983  -49.800  -0.261  15.621 0.1000000015
95213  -45.698  3.477  14.600 0.2000000030
153336  -45.361  4.467  13.907 0.2000000030
97067  -57.077  5.309  18.029 0.2000000030
95179  -55.454  2.517  17.171 0.2000000030
95185  -40.312  2.825  16.345 0.2000000030
157756  -42.027  3.410  16.637 0.3000000119
97065  -55.210  4.842  17.606 0.2000000030
91894  -52.267  -0.670  22.303 0.2000000030
94083  -53.560  1.862  19.595 0.2000000030
91904  -46.964  -0.075  21.807 0.2000000030
98718  -42.545  6.720  32.206 0.6000000238
100407  -41.782  8.229  34.628 0.6999999881
92880  -44.471  0.667  26.313 0.5000000000
92891  -44.615  0.422  25.510 0.4000000060
91956  -56.621  -0.400  19.313 0.2000000030
96083  -59.745  3.514  21.301 0.2000000030
95164  -57.833  2.655  18.481 0.2000000030
134949  -57.034  2.577  17.894 0.2000000030
146517  -58.251  4.564  18.459 0.2000000030
90846  -51.268  -1.653  25.325 0.2000000030
91789  -41.529  -0.894  30.392 0.2000000030
90781  -42.092  -1.902  30.054 0.2000000030
88750  -44.698  -3.436  28.500 0.2000000030
89789  -44.190  -2.828  27.967 0.2000000030
153701  -48.150  -2.633  25.999 0.2000000030
151054  -43.751  -2.126  27.853 0.2000000030
89799  -44.679  -2.672  27.382 0.2000000030
148791  -48.231  -2.379  25.285 0.2000000030
89813  -44.803  -2.220  26.740 0.2000000030
89825  -45.967  -2.192  25.756 0.2000000030
90858  -48.890  -1.868  24.288 0.2000000030
90843  -46.397  -1.879  25.093 0.2000000030
90882  -49.512  -1.350  22.939 0.2000000030
90855  -45.925  -1.224  24.679 0.2000000030
91892  -50.725  -0.808  21.928 0.2000000030
91977  -50.974  -0.334  16.658 0.1000000015
95939  -37.538  3.865  34.901 0.3000000119
95011  -38.074  2.192  33.793 0.2000000030
137157  -39.849  2.049  31.494 0.2000000030
137895  -39.180  2.895  32.348 0.2000000030
93948  -40.735  1.817  31.088 0.2000000030
143770  -43.567  -0.062  28.194 0.3000000119
91821  -43.752  -0.554  27.626 0.2000000030
92954  -51.553  0.436  20.273 0.2000000030
140460  -48.172  -0.809  22.092 0.2000000030
92953  -50.711  0.299  20.141 0.2000000030
93004  -46.407  0.620  17.287 0.1000000015
96919  -37.735  4.527  34.645 0.3000000119
95037  -41.694  2.080  30.746 0.4000000060
95045  -42.975  2.016  30.041 0.5000000000
92842  -43.433  0.868  29.014 0.5000000000
91845  -44.679  -0.427  25.521 0.3000000119
91871  -45.851  -0.246  23.620 0.3000000119
91889  -46.842  -0.459  22.575 0.2000000030
97850  -39.488  5.481  33.397 0.4000000060
96942  -40.455  4.349  32.024 0.5000000000
96945  -41.216  4.069  31.602 0.5000000000
95974  -42.085  3.765  31.160 0.5000000000
95039  -43.134  2.754  30.182 0.5000000000
94084  -54.412  2.224  19.649 0.2000000030
94097  -51.467  1.663  18.533 0.2000000030
99539  -40.204  7.223  34.443 0.6000000238
99545  -40.838  7.311  33.769 0.6999999881
98706  -41.216  6.986  32.971 0.6000000238
98717  -41.694  6.484  32.431 0.6000000238
96946  -41.897  4.644  31.468 0.6000000238
97865  -42.612  5.268  31.449 0.6000000238
96951  -43.090  3.958  30.776 0.5000000000
95163  -54.593  3.018  18.930 0.2000000030
94109  -44.160  1.776  16.975 0.1000000015
92949  -41.008  0.648  20.557 0.1000000015
94105  -39.494  1.725  16.995 0.2000000030
145871  -39.731  3.625  25.135 0.1000000015
154800  -43.570  3.641  19.960 0.2000000030
136144  -43.925  4.542  19.546 0.3000000119
100493  -38.883  8.222  26.919 0.3000000119
104529  -45.660  13.611  24.422 0.3000000119
96109  -56.941  4.855  18.523 0.2000000030
94081  -51.560  1.299  19.152 0.2000000030
92799  -38.824  0.859  34.018 0.2000000030
94980  -37.995  2.308  36.009 0.2000000030
93891  -38.307  1.788  35.300 0.2000000030
92750  -39.618  0.613  38.473 0.2000000030
153733  -39.040  -0.006  38.754 0.2000000030
93863  -39.155  1.362  38.137 0.2000000030
94953  -39.280  1.932  36.999 0.2000000030
93876  -38.708  1.885  36.250 0.2000000030
89691  -36.692  -2.990  37.756 0.2000000030
133402  -36.958  -2.398  38.283 0.2000000030
89678  -37.752  -2.219  38.205 0.2000000030
89679  -38.483  -1.985  37.989 0.2000000030
140981  -38.910  -1.537  38.388 0.2000000030
91692  -38.948  -0.899  38.847 0.2000000030
89668  -37.515  -2.078  38.993 0.2000000030
90679  -38.017  -1.914  39.689 0.2000000030
91690  -38.396  -1.128  39.450 0.2000000030
151963  -38.524  -0.136  39.200 0.2000000030
141615  -38.534  0.745  38.637 0.2000000030
151696  -38.417  1.512  38.238 0.2000000030
92749  -37.939  0.633  39.233 0.2000000030
93870  -38.672  1.839  37.572 0.2000000030
94965  -38.254  2.256  36.859 0.2000000030
93862  -37.863  1.389  38.673 0.2000000030
94944  -37.983  2.005  38.084 0.2000000030
94952  -37.780  2.728  37.216 0.2000000030
94964  -37.707  2.842  36.565 0.2000000030
86681  -34.813  -5.450  38.571 0.1000000015
88654  -33.803  -3.926  38.773 0.1000000015
157045  -34.376  -3.834  38.384 0.1000000015
89676  -34.513  -3.072  38.833 0.1000000015
135689  -35.402  -3.032  38.351 0.1000000015
89677  -36.146  -2.668  38.318 0.1000000015
133479  -35.525  -2.426  38.940 0.2000000030
89667  -36.540  -2.221  39.007 0.2000000030
152293  -37.288  -2.145  40.028 0.2000000030
91689  -38.049  -1.349  40.144 0.2000000030
92738  -38.135  -0.313  39.779 0.2000000030
131327  -37.735  0.538  39.919 0.2000000030
93850  -37.570  1.413  39.356 0.3000000119
94943  -37.548  2.171  38.771 0.3000000119
134561  -37.298  2.939  38.946 0.4000000060
95914  -37.478  3.332  37.159 0.2000000030
96889  -37.341  4.319  37.936 0.3000000119
153259  -37.578  5.536  36.309 0.3000000119
97835  -37.712  5.775  35.755 0.4000000060
97836  -38.104  5.997  35.153 0.3000000119
98691  -39.106  6.864  34.940 0.5000000000
94826  -34.823  2.874  50.517 0.1000000015
86577  -31.878  -5.172  43.748 0.1000000015
87618  -31.385  -4.633  44.258 0.1000000015
86603  -31.813  -5.289  42.054 0.1000000015
86640  -33.271  -5.513  40.179 0.1000000015
87676  -32.727  -4.371  39.861 0.1000000015
87677  -33.349  -4.517  39.291 0.1000000015
88645  -33.217  -3.712  39.527 0.1000000015
150650  -33.714  -3.250  39.345 0.1000000015
88646  -33.921  -2.604  39.893 0.1000000015
89666  -34.867  -2.301  39.867 0.2000000030
90678  -35.982  -2.156  39.856 0.2000000030
131873  -37.834  -1.966  40.439 0.2000000030
135922  -37.687  0.387  40.711 0.3000000119
93836  -37.416  1.346  40.133 0.3000000119
92730  -37.928  -0.548  40.485 0.3000000119
152286  -37.568  4.440  39.455 0.4000000060
95906  -37.310  3.656  38.450 0.4000000060
97824  -37.453  4.961  37.397 0.4000000060
97818  -37.654  5.154  38.260 0.4000000060
98686  -37.905  6.202  36.383 0.5000000000
99530  -38.977  7.111  36.587 0.5000000000
98690  -38.580  6.636  35.339 0.5000000000
152166  -34.748  4.197  50.567 0.1000000015
96774  -35.251  4.627  50.983 0.1000000015
97706  -36.323  5.497  51.823 0.1000000015
97686  -36.858  6.165  52.703 0.1000000015
94834  -33.693  2.952  49.458 0.1000000015
95801  -33.963  3.644  49.761 0.1000000015
96773  -34.438  4.696  50.757 0.1000000015
152396  -32.304  -0.257  48.536 0.1000000015
140026  -32.555  1.141  48.713 0.1000000015
91644  -31.416  -0.233  47.348 0.1000000015
91635  -31.851  0.019  48.009 0.1000000015
90640  -30.746  -1.382  46.140 0.1000000015
91650  -30.878  -0.063  46.602 0.1000000015
88597  -31.033  -3.941  44.724 0.1000000015
89612  -30.684  -2.550  45.487 0.1000000015
90647  -30.460  -1.846  45.482 0.1000000015
87625  -30.514  -4.305  42.958 0.1000000015
88596  -30.465  -3.387  44.303 0.1000000015
89621  -30.261  -2.487  44.762 0.1000000015
88614  -30.141  -3.633  42.573 0.1000000015
149343  -31.218  -4.357  41.343 0.1000000015
134104  -32.110  -4.172  40.498 0.1000000015
88638  -32.580  -3.491  40.196 0.1000000015
89656  -33.159  -2.932  39.983 0.1000000015
89658  -35.355  -2.000  40.831 0.2000000030
90675  -36.560  -2.125  40.865 0.2000000030
90676  -37.519  -2.075  41.002 0.2000000030
91684  -37.805  -1.591  41.064 0.3000000119
90666  -36.963  -1.879  41.655 0.2000000030
92721  -37.882  -0.733  41.486 0.3000000119
150440  -37.474  1.208  40.881 0.3000000119
95878  -37.364  3.075  40.153 0.4000000060
146247  -37.347  3.643  39.322 0.4000000060
94916  -37.318  2.058  40.554 0.4000000060
96866  -37.656  4.090  40.068 0.4000000060
97809  -37.704  5.084  39.165 0.5000000000
97819  -38.085  5.734  38.843 0.5000000000
98683  -38.150  6.211  37.287 0.5000000000
143499  -38.419  6.662  36.723 0.5000000000
97792  -37.912  4.923  39.904 0.4000000060
97810  -38.242  5.591  39.579 0.5000000000
98679  -38.496  6.355  38.651 0.5000000000
136650  -38.568  6.566  37.974 0.5000000000
99516  -39.070  7.116  37.972 0.5000000000
99531  -39.656  7.467  36.497 0.5000000000
99535  -40.306  7.739  36.028 0.5000000000
138571  -39.637  7.494  38.058 0.5000000000
99532  -40.196  7.817  36.900 0.5000000000
100396  -40.905  8.138  36.582 0.6000000238
97715  -34.165  5.105  51.109 0.1000000015
97704  -34.790  5.669  51.708 0.1000000015
97668  -35.733  6.641  53.241 0.1000000015
93779  -32.721  1.991  48.625 0.1000000015
94842  -33.134  2.896  48.854 0.1000000015
96772  -33.618  4.831  50.325 0.1000000015
97703  -34.041  5.339  51.560 0.1000000015
92687  -32.187  1.386  48.155 0.1000000015
95806  -32.825  3.662  48.582 0.1000000015
96790  -32.971  4.336  48.956 0.1000000015
96783  -33.562  4.325  49.586 0.1000000015
92694  -31.223  0.580  46.948 0.1000000015
92679  -31.710  0.786  47.627 0.1000000015
94846  -32.093  2.948  47.654 0.1000000015
91649  -30.661  -0.659  46.209 0.1000000015
92693  -30.745  0.871  46.251 0.1000000015
90652  -29.948  -1.513  44.828 0.1000000015
136678  -30.459  -0.039  45.921 0.1000000015
89630  -29.978  -2.815  43.825 0.1000000015
89620  -29.764  -2.009  44.077 0.1000000015
91654  -29.826  -0.599  44.802 0.1000000015
149807  -29.659  -2.355  43.404 0.1000000015
90651  -29.545  -1.139  44.123 0.1000000015
88613  -29.855  -2.857  42.160 0.1000000015
88605  -29.718  -2.986  42.987 0.1000000015
90657  -29.494  -1.656  43.394 0.1000000015
88625  -30.348  -3.685  41.890 0.1000000015
88624  -30.395  -2.954  41.476 0.1000000015
143705  -29.617  -1.908  42.052 0.1000000015
89655  -31.153  -3.216  41.107 0.1000000015
136649  -31.561  -2.527  40.888 0.1000000015
143119  -32.435  -2.565  40.625 0.1000000015
137213  -33.287  -2.167  40.598 0.1000000015
89657  -34.258  -1.979  40.769 0.2000000030
90674  -33.718  -1.454  41.113 0.2000000030
90664  -34.727  -1.392  41.510 0.2000000030
90665  -35.860  -1.769  41.626 0.2000000030
90660  -36.348  -1.443  42.323 0.2000000030
91674  -37.563  -1.744  41.609 0.2000000030
91667  -37.672  -0.958  43.069 0.3000000119
92716  -38.038  -0.502  42.698 0.3000000119
93829  -37.901  0.413  41.782 0.3000000119
95870  -37.652  2.729  41.177 0.4000000060
95879  -37.919  3.716  40.865 0.5000000000
96867  -38.238  4.611  40.608 0.5000000000
98676  -38.995  6.746  39.232 0.5000000000
95805  -32.229  3.648  48.110 0.1000000015
96789  -32.313  4.657  48.970 0.1000000015
93793  -31.394  1.520  46.914 0.1000000015
94856  -31.318  2.485  46.756 0.1000000015
95812  -31.655  3.564  47.635 0.1000000015
95804  -31.654  4.272  48.338 0.1000000015
93792  -30.865  1.923  46.213 0.1000000015
94844  -31.057  3.370  47.043 0.1000000015
96788  -30.709  4.288  48.162 0.1000000015
92697  -30.233  0.623  45.473 0.1000000015
93799  -30.315  1.483  45.625 0.1000000015
95822  -30.203  3.466  46.746 0.1000000015
95811  -30.455  3.979  47.425 0.1000000015
92702  -29.832  0.304  44.809 0.1000000015
93798  -29.846  1.831  45.133 0.1000000015
94866  -30.252  2.229  45.789 0.1000000015
94854  -29.873  2.858  46.143 0.1000000015
92701  -29.562  0.870  44.134 0.1000000015
94864  -28.826  2.546  45.140 0.1000000015
94865  -29.590  2.381  45.434 0.1000000015
91658  -29.342  -0.770  43.346 0.1000000015
135439  -29.318  1.486  44.065 0.1000000015
94876  -29.284  2.004  44.599 0.1000000015
91663  -29.319  -0.435  42.471 0.1000000015
92707  -29.334  0.241  43.272 0.1000000015
94886  -28.860  1.756  43.802 0.1000000015
89643  -29.942  -2.277  41.647 0.1000000015
136284  -29.462  -1.081  41.875 0.1000000015
92713  -29.224  0.510  42.318 0.1000000015
90663  -30.333  -2.066  41.183 0.1000000015
90662  -29.805  -1.492  41.401 0.1000000015
90671  -30.212  -1.410  40.886 0.1000000015
91680  -31.370  -1.020  40.409 0.1000000015
90673  -32.799  -1.693  40.752 0.1000000015
91681  -32.315  -1.037  40.543 0.2000000030
91683  -34.065  -0.907  41.529 0.2000000030
91664  -35.052  -0.348  42.493 0.2000000030
92714  -35.031  0.188  42.551 0.3000000119
156777  -35.683  0.638  43.194 0.3000000119
91660  -36.959  -0.490  43.645 0.3000000119
91668  -38.160  -0.238  43.571 0.5000000000
93813  -39.202  0.482  44.049 0.5000000000
94901  -39.319  2.345  43.315 0.5000000000
91666  -37.280  -1.460  42.304 0.2000000030
93822  -38.767  0.758  43.280 0.5000000000
95862  -38.740  2.899  42.562 0.6000000238
96849  -38.894  3.866  42.187 0.5000000000
93821  -38.355  0.289  42.791 0.4000000060
94899  -38.253  1.200  42.409 0.4000000060
94909  -38.117  2.340  42.102 0.5000000000
96858  -38.552  4.277  41.379 0.5000000000
97784  -38.815  5.134  41.058 0.5000000000
97794  -39.130  5.915  40.663 0.5000000000
99506  -39.744  7.360  39.425 0.5000000000
99487  -40.116  7.396  40.091 0.5000000000
99518  -40.221  7.740  38.633 0.5000000000
96796  -29.870  4.428  47.925 0.1000000015
95809  -28.856  4.078  46.901 0.1000000015
96795  -28.909  4.465  47.734 0.1000000015
95834  -29.071  2.899  45.926 0.1000000015
95820  -28.584  3.575  46.274 0.1000000015
155626  -28.344  4.491  47.233 0.1000000015
96786  -28.042  4.889  47.755 0.1000000015
95833  -28.323  3.121  45.606 0.1000000015
96806  -28.100  4.174  46.677 0.1000000015
97723  -27.573  5.319  48.395 0.1000000015
94875  -28.527  2.286  44.340 0.1000000015
95845  -28.030  2.784  44.905 0.1000000015
95819  -27.720  3.709  46.012 0.1000000015
96818  -27.020  4.051  46.012 0.1000000015
93810  -28.543  1.596  42.931 0.1000000015
131537  -29.212  1.169  43.231 0.1000000015
90670  -29.809  -0.747  40.860 0.1000000015
91670  -29.430  -0.239  41.494 0.1000000015
92726  -30.108  -0.198  40.240 0.2000000030
92725  -29.581  0.215  40.583 0.1000000015
154455  -29.890  0.275  40.093 0.2000000030
91679  -30.507  -0.911  40.496 0.1000000015
91687  -30.872  -0.287  39.997 0.1000000015
91688  -31.815  -0.278  40.040 0.2000000030
92727  -32.735  -0.171  40.311 0.2000000030
92728  -33.463  0.118  40.847 0.2000000030
153175  -33.668  0.881  40.585 0.2000000030
93818  -35.199  0.762  42.538 0.3000000119
93811  -36.104  0.872  43.625 0.3000000119
92711  -39.422  0.672  44.759 0.5000000000
93807  -39.977  0.918  45.203 0.5000000000
95856  -40.531  2.767  44.105 0.5000000000
97766  -40.821  4.922  43.363 0.6000000238
98629  -41.782  6.162  43.488 0.5000000000
92709  -36.794  0.332  44.069 0.4000000060
92705  -38.888  0.533  44.776 0.5000000000
150201  -39.812  2.808  43.579 0.5000000000
96843  -40.649  3.936  43.759 0.6000000238
97777  -41.057  5.902  43.005 0.6000000238
98640  -41.589  6.744  42.426 0.6000000238
95863  -39.355  3.343  42.929 0.5000000000
96850  -39.525  4.269  42.583 0.5000000000
97786  -40.078  5.973  41.786 0.6000000238
98639  -40.743  6.352  42.138 0.6000000238
96859  -39.142  4.751  41.801 0.5000000000
97775  -39.799  5.137  42.177 0.5000000000
98663  -40.255  6.971  40.650 0.5000000000
150511  -41.495  7.818  40.413 0.5000000000
98662  -39.514  6.748  40.159 0.5000000000
99488  -40.788  7.620  40.396 0.5000000000
99527  -40.910  8.161  37.991 0.5000000000
96794  -27.656  4.676  47.148 0.1000000015
97728  -27.203  5.148  47.695 0.1000000015
94885  -28.174  2.083  43.558 0.1000000015
96804  -26.618  4.545  46.314 0.1000000015
93816  -28.263  1.647  41.866 0.1000000015
94883  -26.539  2.663  43.026 0.1000000015
95853  -26.218  3.190  43.685 0.1000000015
143619  -29.154  1.145  40.501 0.1000000015
92733  -29.691  0.751  39.998 0.2000000030
92734  -30.365  0.458  39.761 0.2000000030
92735  -31.316  0.448  39.596 0.2000000030
92736  -32.269  0.518  39.741 0.2000000030
93805  -37.374  0.772  44.474 0.4000000060
92698  -38.822  0.751  45.247 0.4000000060
98630  -42.491  6.252  43.838 0.5000000000
92704  -38.149  0.502  44.731 0.4000000060
143519  -30.077  1.143  39.567 0.2000000030
100390  -40.730  8.090  37.282 0.5000000000
99519  -41.276  7.976  38.892 0.5000000000
99520  -41.882  8.067  39.378 0.5000000000
99473  -41.812  7.388  41.585 0.6000000238
149300  -41.320  7.540  40.989 0.6000000238
145459  -37.802  2.395  35.311 0.2000000030
94999  -37.868  2.233  34.612 0.2000000030
97831  -37.392  4.938  36.616 0.3000000119
94979  -37.625  2.941  35.780 0.2000000030
99538  -39.635  7.146  34.892 0.5000000000
89692  -37.320  -2.628  37.741 0.1000000015
130946  -37.978  -2.547  37.512 0.2000000030
90682  -38.355  -1.769  38.830 0.2000000030
153525  -38.014  2.308  37.511 0.2000000030
144102  -37.573  2.879  37.996 0.2000000030
86660  -33.675  -5.303  39.370 0.1000000015
87691  -33.804  -4.747  38.799 0.1000000015
94932  -37.294  2.279  39.603 0.3000000119
151211  -37.342  3.695  37.722 0.2000000030
150144  -37.782  5.577  37.593 0.4000000060
94827  -35.410  2.929  50.911 0.1000000015
94835  -34.201  2.907  50.040 0.1000000015
86620  -32.138  -5.252  41.303 0.1000000015
86621  -32.857  -5.655  40.958 0.1000000015
87634  -31.000  -4.858  42.368 0.1000000015
87646  -30.800  -4.355  41.766 0.1000000015
86638  -31.765  -4.667  40.996 0.1000000015
86659  -33.014  -5.033  39.731 0.1000000015
96784  -34.151  4.244  50.194 0.1000000015
97705  -35.454  5.415  51.467 0.1000000015
97685  -35.760  6.168  52.330 0.1000000015
98565  -36.515  6.686  53.491 0.1000000015
95800  -33.432  3.687  49.117 0.1000000015
92680  -32.213  0.581  48.358 0.1000000015
141207  -31.050  -0.901  46.745 0.1000000015
136960  -30.125  -0.118  45.313 0.1000000015
88606  -30.210  -3.580  43.413 0.1000000015
88626  -30.822  -3.816  41.403 0.1000000015
88637  -31.429  -3.988  40.967 0.1000000015
137041  -31.906  -3.323  40.764 0.1000000015
135113  -37.686  -1.254  42.026 0.3000000119
94908  -37.668  1.691  41.476 0.4000000060
97793  -38.533  5.400  40.307 0.5000000000
97702  -33.396  5.093  50.972 0.1000000015
94841  -32.562  2.891  48.263 0.1000000015
141726  -32.754  5.063  50.352 0.1000000015
94845  -31.648  2.961  47.199 0.1000000015
139714  -31.862  1.637  47.573 0.1000000015
89638  -29.549  -2.217  42.748 0.1000000015
148859  -30.857  -2.510  41.050 0.1000000015
90672  -31.895  -1.789  40.687 0.1000000015
91682  -33.302  -0.862  41.064 0.2000000030
91673  -35.346  -1.100  42.176 0.2000000030
91665  -35.818  -0.790  42.780 0.3000000119
153313  -36.762  -1.074  42.998 0.3000000119
95871  -38.269  3.353  41.741 0.5000000000
142145  -31.110  3.918  47.707 0.1000000015
94855  -30.633  2.753  46.400 0.1000000015
95810  -29.637  4.034  47.184 0.1000000015
93803  -29.595  1.495  44.561 0.1000000015
93817  -28.886  1.174  42.183 0.1000000015
89654  -30.935  -1.751  40.748 0.1000000015
91672  -34.565  -0.640  41.964 0.2000000030
91671  -34.003  -0.234  41.527 0.2000000030
92729  -34.074  0.628  41.306 0.2000000030
91659  -36.186  -0.508  43.297 0.3000000119
93828  -35.345  1.653  42.163 0.2000000030
91661  -37.726  -0.348  43.670 0.3000000119
92717  -38.476  0.136  43.530 0.4000000060
92710  -38.752  0.288  44.166 0.5000000000
91656  -38.156  0.111  44.149 0.4000000060
94900  -38.681  1.847  42.978 0.5000000000
94890  -40.048  1.785  44.102 0.5000000000
97785  -39.433  5.577  41.423 0.5000000000
96787  -28.370  4.920  48.484 0.1000000015
96793  -26.852  4.840  47.008 0.1000000015
97718  -27.239  5.812  49.032 0.1000000015
94874  -27.698  2.563  44.148 0.1000000015
96817  -26.450  4.221  45.575 0.1000000015
94896  -27.851  1.979  42.735 0.1000000015
92719  -29.150  0.694  41.342 0.1000000015
96851  -40.147  4.634  43.013 0.6000000238
97776  -40.414  5.525  42.571 0.6000000238
98649  -39.800  6.322  41.004 0.5000000000
98650  -40.447  6.651  41.355 0.5000000000
154757  -40.778  7.159  40.987 0.5000000000
97727  -26.500  5.507  47.436 0.1000000015
94873  -26.891  2.864  43.909 0.1000000015
91765  -47.629  -1.015  34.066 0.1000000015
91755  -46.306  -0.593  34.634 0.1000000015
91732  -45.056  0.040  35.298 0.1000000015
91754  -45.458  -0.574  34.727 0.1000000015
91764  -46.751  -1.115  34.138 0.1000000015
92804  -43.227  0.284  35.232 0.1000000015
91731  -44.131  0.148  35.333 0.1000000015
91753  -44.560  -0.528  34.769 0.1000000015
90736  -45.869  -1.174  34.230 0.1000000015
90749  -46.272  -1.647  33.598 0.1000000015
90751  -48.061  -1.302  33.357 0.1000000015
92803  -42.318  0.290  35.172 0.1000000015
91752  -43.632  -0.484  34.718 0.1000000015
90735  -44.969  -1.181  34.241 0.1000000015
90748  -45.389  -1.720  33.675 0.1000000015
90758  -46.677  -1.997  32.907 0.1000000015
93878  -41.052  2.034  36.743 0.1000000015
93893  -40.614  1.590  36.069 0.1000000015
92777  -41.897  1.017  35.648 0.1000000015
90733  -43.104  -1.168  34.171 0.1000000015
90746  -43.565  -1.786  33.643 0.1000000015
89740  -44.941  -2.318  33.186 0.1000000015
89741  -45.792  -2.181  33.055 0.1000000015
89751  -47.089  -2.357  32.213 0.1000000015
89758  -46.581  -2.863  31.659 0.1000000015
93877  -39.831  1.753  36.409 0.1000000015
92776  -40.939  1.018  35.527 0.1000000015
92802  -41.383  0.326  35.023 0.1000000015
91749  -40.911  -0.224  34.315 0.1000000015
90732  -42.162  -1.113  34.082 0.1000000015
90745  -42.587  -1.768  33.562 0.1000000015
89739  -44.075  -2.338  33.152 0.1000000015
89750  -46.193  -2.550  32.376 0.1000000015
89757  -45.722  -3.099  31.872 0.1000000015
89767  -46.951  -3.148  30.913 0.1000000015
92775  -39.847  1.151  35.364 0.1000000015
92801  -40.431  0.463  34.761 0.1000000015
91763  -41.299  -0.918  33.881 0.1000000015
90744  -41.662  -1.598  33.431 0.1000000015
144941  -43.803  -2.769  32.624 0.1000000015
88711  -44.880  -3.258  32.046 0.1000000015
88720  -46.096  -3.285  31.122 0.1000000015
93892  -39.031  1.493  35.645 0.1000000015
93923  -38.862  1.097  34.883 0.1000000015
92800  -39.505  0.587  34.441 0.1000000015
91748  -40.078  0.008  34.001 0.1000000015
91761  -39.931  -0.111  33.127 0.1000000015
90757  -41.310  -1.755  32.628 0.1000000015
89746  -42.524  -2.660  32.222 0.1000000015
88718  -44.385  -3.400  31.393 0.1000000015
88719  -45.246  -3.380  31.285 0.1000000015
88728  -46.402  -3.402  30.359 0.1000000015
88729  -47.232  -3.338  30.109 0.1000000015
88744  -48.299  -3.030  28.774 0.1000000015
92814  -38.985  0.860  33.161 0.1000000015
90756  -40.690  -1.237  32.314 0.1000000015
89745  -41.756  -2.199  32.023 0.1000000015
150741  -42.844  -3.055  31.649 0.1000000015
88717  -43.522  -3.290  31.516 0.1000000015
88726  -44.759  -3.478  30.596 0.1000000015
88742  -46.560  -3.531  29.571 0.1000000015
88743  -47.378  -3.395  29.202 0.1000000015
93934  -38.528  1.485  33.473 0.1000000015
92825  -39.657  0.549  31.918 0.1000000015
91781  -40.090  -0.050  31.738 0.1000000015
157286  -41.915  -2.155  30.677 0.1000000015
89766  -43.065  -2.988  30.060 0.1000000015
88739  -43.800  -3.229  29.654 0.1000000015
136105  -45.104  -3.765  28.979 0.1000000015
88752  -47.409  -3.426  28.235 0.1000000015
88760  -48.148  -3.089  27.781 0.1000000015
88751  -45.611  -3.677  28.299 0.1000000015
88758  -46.537  -3.567  27.646 0.1000000015
89801  -47.969  -2.920  26.847 0.1000000015
89802  -48.782  -2.857  27.323 0.1000000015
89817  -48.794  -2.676  26.508 0.1000000015
134006  -47.119  -0.521  34.531 0.1000000015
92780  -44.621  0.761  35.872 0.1000000015
91733  -45.955  -0.047  35.184 0.1000000015
91734  -46.674  -0.108  34.962 0.1000000015
91756  -47.969  -0.376  34.465 0.1000000015
92779  -43.680  0.913  35.888 0.1000000015
157381  -49.059  -0.399  33.684 0.1000000015
136475  -48.416  -0.703  33.842 0.1000000015
93879  -41.960  2.224  36.764 0.1000000015
93895  -42.354  1.716  36.228 0.1000000015
90760  -48.441  -1.579  32.559 0.1000000015
93894  -41.482  1.683  36.176 0.1000000015
90770  -47.996  -2.189  32.054 0.1000000015
89759  -47.466  -2.665  31.468 0.1000000015
89770  -49.332  -2.299  30.170 0.1000000015
89769  -48.601  -2.571  30.405 0.1000000015
139863  -49.279  -2.635  28.703 0.1000000015
131136  -49.397  -2.556  27.006 0.1000000015
133139  -49.361  -2.658  27.808 0.1000000015
89818  -49.431  -2.410  26.237 0.1000000015
92783  -47.671  0.722  35.422 0.1000000015
92805  -47.391  0.077  34.967 0.1000000015
92806  -48.304  0.293  34.856 0.1000000015
91758  -49.483  0.171  33.875 0.1000000015
92781  -45.585  0.646  35.719 0.1000000015
92782  -46.634  0.531  35.496 0.1000000015
94967  -42.391  2.374  37.320 0.1000000015
94968  -43.060  2.291  37.469 0.1000000015
93881  -43.462  2.047  37.037 0.1000000015
93897  -44.131  1.533  36.583 0.1000000015
139359  -49.637  -0.360  33.253 0.1000000015
91766  -48.931  -0.942  33.099 0.1000000015
94966  -41.676  2.306  37.330 0.1000000015
93880  -42.727  2.162  36.838 0.1000000015
93896  -43.187  1.630  36.375 0.1000000015
90761  -49.230  -1.348  32.281 0.1000000015
94954  -40.572  2.031  37.318 0.1000000015
90772  -49.531  -1.612  31.499 0.1000000015
93871  -39.748  1.769  37.636 0.1000000015
90782  -49.061  -2.083  30.953 0.1000000015
90783  -49.794  -1.856  30.707 0.1000000015
90797  -50.043  -2.133  29.935 0.1000000015
89791  -50.387  -2.227  28.072 0.1000000015
89803  -49.899  -2.344  27.511 0.1000000015
154656  -49.818  -2.430  28.227 0.1000000015
89830  -50.070  -2.165  25.869 0.1000000015
89819  -49.973  -2.244  26.721 0.1000000015
90845  -50.504  -1.948  25.177 0.1000000015
144136  -56.744  -4.292  18.460 0.1000000015
95021  -53.651  2.521  32.995 0.1000000015
139640  -47.994  1.409  35.802 0.1000000015
93902  -49.383  1.385  35.162 0.1000000015
93924  -49.986  1.323  34.542 0.1000000015
92807  -50.601  1.429  33.966 0.1000000015
93884  -46.588  1.885  36.659 0.1000000015
93900  -47.086  1.254  36.016 0.1000000015
92784  -48.598  0.950  35.276 0.1000000015
148664  -49.987  0.805  34.017 0.1000000015
93899  -46.115  1.266  36.158 0.1000000015
91767  -50.260  0.352  33.398 0.1000000015
94955  -42.737  2.317  37.841 0.1000000015
94969  -43.758  2.330  37.653 0.1000000015
93882  -44.792  1.999  37.026 0.1000000015
93883  -45.665  1.936  36.810 0.1000000015
93898  -45.143  1.360  36.371 0.1000000015
146626  -41.554  2.209  37.941 0.1000000015
139006  -50.395  -0.403  32.637 0.1000000015
91774  -50.009  -1.103  32.040 0.1000000015
90773  -50.296  -1.385  31.264 0.1000000015
93864  -40.157  1.428  38.153 0.1000000015
90784  -50.547  -1.652  30.495 0.1000000015
90798  -50.789  -1.889  29.678 0.1000000015
89792  -50.976  -2.041  27.796 0.1000000015
154432  -50.765  -1.895  25.808 0.1000000015
90832  -51.458  -1.650  26.183 0.1000000015
89913  -57.759  -3.129  18.830 0.1000000015
88857  -56.413  -3.660  18.840 0.1000000015
87872  -56.185  -4.826  18.457 0.1000000015
88848  -55.587  -3.474  19.175 0.1000000015
138151  -54.279  -11.757  34.619 0.1000000015
81096  -54.478  -11.127  34.620 0.1000000015
152710  -54.647  -10.521  34.549 0.1000000015
82001  -54.997  -10.015  34.550 0.1000000015
82958  -55.336  -9.336  34.610 0.1000000015
83878  -55.685  -8.634  34.697 0.1000000015
86732  -57.634  -4.757  35.547 0.1000000015
88706  -58.721  -2.929  35.364 0.1000000015
89734  -59.096  -2.452  35.276 0.1000000015
91740  -59.059  -0.842  36.050 0.1000000015
84788  -55.496  -8.074  34.641 0.1000000015
85686  -56.352  -6.148  35.088 0.1000000015
92792  -59.312  -0.899  35.230 0.1000000015
92811  -58.698  0.810  34.739 0.1000000015
93928  -57.862  1.776  34.352 0.1000000015
89682  -50.897  -1.363  39.718 0.1000000015
94988  -56.637  2.854  34.637 0.1000000015
142344  -51.518  -1.321  39.565 0.1000000015
135753  -48.511  3.824  37.868 0.1000000015
94961  -48.417  3.210  37.209 0.1000000015
95923  -49.320  3.589  37.075 0.1000000015
94974  -49.896  3.070  36.280 0.1000000015
94982  -50.401  2.763  35.479 0.1000000015
94973  -48.903  2.751  36.552 0.1000000015
95001  -51.619  3.125  34.508 0.1000000015
95002  -52.545  3.682  34.369 0.1000000015
94960  -47.524  3.250  37.700 0.1000000015
94981  -49.415  2.197  35.738 0.1000000015
93903  -50.133  1.944  35.051 0.1000000015
93926  -51.164  2.219  34.209 0.1000000015
92830  -54.194  0.809  31.286 0.1000000015
94972  -47.029  2.505  37.158 0.1000000015
92816  -51.695  1.137  32.981 0.1000000015
94958  -45.108  2.772  38.330 0.1000000015
138719  -45.769  2.878  37.817 0.1000000015
94959  -46.498  3.029  37.782 0.1000000015
92820  -51.038  0.376  32.847 0.1000000015
94956  -43.456  2.363  38.155 0.1000000015
94970  -45.304  2.472  37.472 0.1000000015
91775  -51.273  -0.210  32.230 0.1000000015
93865  -42.163  1.732  38.420 0.1000000015
94945  -42.419  2.202  38.181 0.1000000015
94946  -43.038  2.168  38.330 0.1000000015
91786  -52.178  -0.311  31.279 0.1000000015
96010  -57.430  4.378  27.820 0.1000000015
132715  -40.502  0.067  38.470 0.1000000015
93873  -41.160  1.556  38.331 0.1000000015
150982  -42.161  2.363  37.730 0.1000000015
91790  -51.750  -0.819  30.816 0.1000000015
147488  -40.514  0.957  38.473 0.1000000015
90785  -51.298  -1.372  30.308 0.1000000015
90786  -52.038  -1.101  30.107 0.1000000015
151716  -57.565  3.079  24.533 0.1000000015
94028  -57.533  1.517  24.148 0.1000000015
90799  -51.571  -1.579  29.506 0.1000000015
142095  -58.698  2.469  22.968 0.1000000015
149666  -59.845  0.407  22.751 0.1000000015
90807  -51.798  -1.796  27.896 0.1000000015
94039  -59.626  1.490  22.834 0.1000000015
94040  -60.029  0.939  22.629 0.1000000015
91835  -52.681  -0.933  26.701 0.1000000015
94060  -60.488  0.863  21.713 0.1000000015
91938  -59.139  -0.579  19.845 0.1000000015
90922  -57.814  -1.621  19.519 0.1000000015
157732  -56.927  -3.226  18.937 0.1000000015
88856  -55.896  -4.124  18.841 0.1000000015
81949  -57.942  -10.078  39.751 0.1000000015
81036  -58.040  -10.484  40.428 0.1000000015
81941  -59.797  -10.842  40.693 0.1000000015
81028  -59.982  -11.491  40.998 0.1000000015
79101  -58.534  -13.513  40.187 0.1000000015
79117  -56.644  -13.536  38.495 0.1000000015
82920  -57.656  -9.287  38.599 0.1000000015
83837  -57.176  -8.117  38.116 0.1000000015
79135  -54.442  -13.622  36.244 0.1000000015
132282  -56.649  -6.865  39.192 0.1000000015
80161  -54.641  -12.492  35.064 0.1000000015
80169  -54.327  -12.213  34.732 0.1000000015
81097  -55.094  -10.723  34.743 0.1000000015
86693  -53.590  -5.791  39.509 0.1000000015
86707  -53.213  -5.251  38.341 0.1000000015
150374  -52.441  -5.220  37.967 0.1000000015
87711  -51.999  -4.908  37.268 0.1000000015
84789  -56.064  -7.988  34.826 0.1000000015
87710  -51.246  -4.892  37.306 0.1000000015
88701  -58.786  -3.541  35.793 0.1000000015
89729  -59.080  -2.813  35.547 0.1000000015
93911  -58.470  0.418  35.483 0.1000000015
150209  -50.355  -4.015  37.238 0.1000000015
88673  -50.388  -3.196  37.445 0.1000000015
137207  -56.054  -7.197  34.881 0.1000000015
86722  -57.267  -5.741  35.461 0.1000000015
93910  -58.039  1.199  35.207 0.1000000015
94989  -57.287  1.982  34.766 0.1000000015
130477  -51.570  -1.483  39.018 0.1000000015
95945  -55.573  4.013  34.556 0.1000000015
95933  -56.003  3.460  34.613 0.1000000015
144047  -50.311  3.963  36.746 0.1000000015
131519  -55.150  4.283  35.079 0.1000000015
150001  -50.532  -1.120  39.325 0.1000000015
90697  -48.695  -1.402  38.237 0.1000000015
150131  -49.281  -0.726  38.536 0.1000000015
132535  -47.770  3.798  38.695 0.1000000015
95915  -45.998  3.107  38.405 0.1000000015
95916  -46.838  3.386  38.515 0.1000000015
94957  -44.189  2.550  38.234 0.1000000015
95908  -46.338  3.230  39.174 0.1000000015
93866  -42.980  1.828  38.609 0.1000000015
94947  -43.608  2.173  38.886 0.1000000015
94933  -44.152  2.394  39.134 0.1000000015
94949  -45.173  2.740  39.174 0.1000000015
92751  -41.140  0.779  38.524 0.1000000015
92752  -41.894  1.037  38.630 0.1000000015
92753  -42.864  1.216  38.817 0.1000000015
96045  -58.085  5.477  25.543 0.1000000015
90684  -40.137  -0.880  38.169 0.1000000015
91694  -41.554  0.062  38.434 0.1000000015
91809  -53.504  -0.556  28.671 0.1000000015
134095  -58.120  4.956  24.795 0.1000000015
95107  -58.192  3.744  23.290 0.1000000015
90683  -39.458  -1.170  38.294 0.1000000015
91808  -53.114  -0.848  28.163 0.1000000015
95109  -59.657  2.354  22.515 0.1000000015
94048  -60.121  1.577  22.456 0.1000000015
95120  -59.525  3.092  22.253 0.1000000015
145371  -60.279  1.575  22.180 0.1000000015
95121  -60.037  2.334  22.208 0.1000000015
95131  -60.436  1.631  21.386 0.1000000015
133654  -60.455  0.759  21.066 0.1000000015
92975  -60.095  0.569  20.577 0.1000000015
94071  -60.461  1.290  20.896 0.1000000015
92974  -59.728  0.399  20.205 0.1000000015
94087  -60.067  1.602  20.309 0.1000000015
154848  -58.426  -0.912  19.583 0.1000000015
92972  -58.396  -0.052  19.498 0.1000000015
91937  -57.588  -0.729  19.437 0.1000000015
89904  -57.073  -2.483  19.351 0.1000000015
88849  -56.197  -2.994  19.191 0.1000000015
139114  -53.102  -1.678  19.320 0.1000000015
90921  -56.064  -2.231  19.467 0.1000000015
91934  -54.854  -0.772  19.341 0.1000000015
90920  -55.256  -1.801  19.517 0.1000000015
143584  -55.363  -2.715  19.417 0.1000000015
81950  -59.204  -10.213  40.292 0.1000000015
80106  -59.205  -12.866  39.658 0.1000000015
80126  -59.730  -12.098  39.347 0.1000000015
81960  -58.536  -9.650  39.512 0.1000000015
82913  -59.518  -9.878  39.721 0.1000000015
80125  -58.650  -12.668  38.682 0.1000000015
83838  -57.749  -8.598  38.496 0.1000000015
79126  -56.403  -13.067  37.607 0.1000000015
80142  -56.997  -12.463  37.364 0.1000000015
82921  -58.864  -8.932  39.238 0.1000000015
149594  -55.416  -13.279  36.906 0.1000000015
84755  -57.546  -7.472  38.725 0.1000000015
152501  -58.315  -8.059  38.768 0.1000000015
79142  -55.008  -12.904  35.786 0.1000000015
80162  -55.322  -12.136  35.362 0.1000000015
84756  -58.690  -7.392  39.334 0.1000000015
139462  -57.858  -6.800  39.589 0.1000000015
81098  -55.738  -10.605  35.015 0.1000000015
82002  -55.675  -9.902  34.780 0.1000000015
84734  -56.185  -6.483  40.276 0.1000000015
85650  -56.086  -6.173  40.458 0.1000000015
86694  -54.517  -5.649  39.758 0.1000000015
82959  -55.950  -9.058  34.813 0.1000000015
83879  -56.284  -8.333  34.972 0.1000000015
136133  -52.912  -4.806  37.411 0.1000000015
152448  -57.384  -6.827  35.590 0.1000000015
86723  -58.045  -5.330  35.897 0.1000000015
89728  -58.920  -3.144  35.649 0.1000000015
91741  -59.250  -1.608  35.857 0.1000000015
146870  -58.586  -0.229  35.933 0.1000000015
87726  -51.475  -4.428  36.633 0.1000000015
88689  -50.470  -3.622  36.603 0.1000000015
137069  -50.366  -2.797  36.682 0.1000000015
92790  -58.022  0.304  35.892 0.1000000015
152544  -56.743  2.028  35.073 0.1000000015
89701  -50.703  -2.301  37.700 0.1000000015
89715  -50.456  -2.169  36.858 0.1000000015
142781  -51.010  -1.589  37.828 0.1000000015
93909  -57.417  1.246  35.407 0.1000000015
94987  -56.145  2.873  34.983 0.1000000015
90685  -51.426  -1.114  39.236 0.1000000015
95917  -49.512  4.301  37.819 0.1000000015
156937  -49.898  4.106  37.256 0.1000000015
95929  -51.855  4.464  35.618 0.1000000015
95941  -52.179  4.079  34.921 0.1000000015
95932  -55.581  3.728  34.968 0.1000000015
90698  -51.577  -1.017  38.842 0.1000000015
95918  -50.634  4.729  37.538 0.1000000015
96903  -51.723  5.770  37.538 0.1000000015
96910  -52.609  5.537  36.258 0.1000000015
91702  -50.634  -0.433  39.222 0.1000000015
91703  -51.416  -0.457  39.172 0.1000000015
95910  -48.934  4.381  38.874 0.1000000015
96896  -50.251  4.859  38.539 0.1000000015
91713  -48.091  -0.872  37.910 0.1000000015
90696  -47.560  -1.671  37.658 0.1000000015
96881  -51.101  4.938  40.276 0.1000000015
91710  -44.603  -0.481  38.183 0.1000000015
91698  -45.025  0.247  38.740 0.1000000015
91711  -45.578  -0.603  38.027 0.1000000015
91712  -46.773  -0.992  37.789 0.1000000015
91701  -48.670  -0.035  38.514 0.1000000015
154934  -50.965  -0.130  39.422 0.1000000015
96891  -50.088  4.725  39.592 0.1000000015
95909  -47.164  3.565  39.502 0.1000000015
132052  -48.117  3.962  39.780 0.1000000015
92739  -44.135  1.451  39.477 0.1000000015
94934  -44.698  2.364  39.468 0.1000000015
95894  -45.961  2.800  39.522 0.1000000015
95895  -46.731  3.129  40.152 0.1000000015
90690  -41.258  -1.483  37.449 0.1000000015
90691  -42.195  -1.395  37.436 0.1000000015
91696  -43.284  0.414  38.691 0.1000000015
92754  -43.683  1.023  39.239 0.1000000015
93851  -44.207  1.984  39.543 0.1000000015
96032  -57.697  5.171  25.934 0.1000000015
89693  -38.790  -2.394  37.284 0.1000000015
90689  -40.427  -1.501  37.586 0.1000000015
91705  -40.933  -0.768  38.067 0.1000000015
91695  -42.485  0.405  38.535 0.1000000015
92857  -54.599  0.425  28.658 0.1000000015
146263  -57.982  5.474  25.071 0.1000000015
149803  -57.809  3.931  23.913 0.1000000015
144733  -39.800  -1.498  37.800 0.1000000015
95108  -58.832  3.388  22.571 0.1000000015
96072  -59.640  3.335  21.950 0.1000000015
96073  -60.059  2.702  21.824 0.1000000015
91955  -55.659  -0.052  19.162 0.1000000015
91935  -55.839  -1.052  19.414 0.1000000015
81038  -60.356  -11.200  40.083 0.1000000015
80144  -59.186  -11.988  38.449 0.1000000015
81951  -60.091  -10.411  40.096 0.1000000015
81039  -60.218  -10.569  39.468 0.1000000015
80156  -57.524  -11.727  37.089 0.1000000015
82922  -59.424  -9.314  39.298 0.1000000015
83839  -59.161  -8.241  39.068 0.1000000015
79136  -56.182  -12.672  36.920 0.1000000015
80155  -56.538  -12.098  36.554 0.1000000015
81080  -57.904  -10.981  36.751 0.1000000015
80154  -55.745  -12.490  36.177 0.1000000015
81079  -56.913  -11.345  36.212 0.1000000015
81090  -57.255  -10.470  35.910 0.1000000015
81987  -57.963  -9.529  36.290 0.1000000015
85662  -57.963  -6.310  40.218 0.1000000015
85652  -58.063  -5.950  40.469 0.1000000015
81089  -56.295  -10.973  35.474 0.1000000015
81992  -56.375  -10.185  35.230 0.1000000015
81993  -57.079  -9.713  35.521 0.1000000015
85651  -57.110  -6.046  40.541 0.1000000015
86653  -56.760  -5.548  40.658 0.1000000015
82953  -57.301  -8.869  35.581 0.1000000015
83872  -57.812  -7.964  35.979 0.1000000015
153773  -57.151  -6.447  40.135 0.1000000015
86652  -55.943  -5.693  40.526 0.1000000015
87683  -55.511  -5.252  40.022 0.1000000015
82952  -56.426  -9.404  35.131 0.1000000015
145406  -56.527  -8.733  35.135 0.1000000015
84781  -57.525  -7.314  35.720 0.1000000015
137931  -57.930  -6.577  36.085 0.1000000015
87700  -55.780  -4.390  39.188 0.1000000015
87712  -53.874  -4.633  37.729 0.1000000015
83871  -57.010  -8.091  35.366 0.1000000015
84780  -56.736  -7.487  35.232 0.1000000015
85678  -57.672  -6.162  35.773 0.1000000015
86724  -58.557  -4.969  36.350 0.1000000015
87735  -59.094  -3.476  36.076 0.1000000015
87699  -54.137  -5.070  38.754 0.1000000015
87728  -53.471  -4.148  36.947 0.1000000015
88691  -51.940  -3.729  36.145 0.1000000015
87734  -58.858  -4.124  36.257 0.1000000015
130709  -59.213  -3.064  36.025 0.1000000015
139769  -58.309  -1.605  37.055 0.1000000015
92768  -57.758  -0.333  36.371 0.1000000015
87727  -52.473  -4.316  36.707 0.1000000015
88690  -51.016  -3.820  36.197 0.1000000015
88698  -50.685  -3.026  36.012 0.1000000015
89725  -51.040  -2.220  35.620 0.1000000015
89724  -50.492  -2.258  36.167 0.1000000015
90710  -50.532  -1.593  36.626 0.1000000015
150072  -56.756  1.214  35.459 0.1000000015
151257  -51.134  -0.981  37.782 0.1000000015
96899  -53.527  6.134  37.942 0.1000000015
94986  -55.123  3.932  35.337 0.1000000015
91714  -51.520  -0.510  38.771 0.1000000015
96897  -51.376  5.618  38.310 0.1000000015
97821  -52.406  6.100  38.802 0.1000000015
97827  -53.108  6.434  38.190 0.1000000015
96911  -53.107  5.967  36.255 0.1000000015
92765  -51.464  0.318  38.668 0.1000000015
96892  -51.130  5.461  39.248 0.1000000015
92744  -48.439  1.453  39.648 0.1000000015
92759  -48.269  0.779  38.994 0.1000000015
92760  -49.674  0.606  39.101 0.1000000015
97795  -51.761  5.177  40.180 0.1000000015
92757  -46.508  0.729  39.171 0.1000000015
92758  -47.514  0.574  38.823 0.1000000015
96880  -50.107  4.416  40.574 0.1000000015
96870  -51.388  4.561  40.741 0.1000000015
92756  -45.441  0.957  39.390 0.1000000015
95880  -47.490  3.026  40.831 0.1000000015
95881  -48.291  3.198  41.122 0.1000000015
96868  -49.624  3.925  41.135 0.1000000015
95896  -47.670  3.446  40.495 0.1000000015
96890  -49.174  4.248  40.173 0.1000000015
91697  -44.109  0.307  38.771 0.1000000015
92740  -44.759  1.494  39.655 0.1000000015
94935  -45.547  2.320  39.825 0.1000000015
94936  -46.241  2.600  40.102 0.1000000015
95082  -56.635  4.226  26.457 0.1000000015
95081  -55.986  3.100  26.850 0.1000000015
152424  -42.945  -0.189  38.323 0.1000000015
141799  -54.969  1.445  27.110 0.1000000015
96044  -57.286  5.279  24.998 0.1000000015
96031  -56.538  4.441  25.574 0.1000000015
132564  -55.852  3.320  26.057 0.1000000015
91706  -41.650  -0.810  37.935 0.1000000015
91707  -42.303  -0.468  38.140 0.1000000015
94007  -54.818  1.637  26.196 0.1000000015
96054  -57.815  4.933  24.120 0.1000000015
97014  -57.596  5.367  24.548 0.1000000015
97023  -57.672  5.074  23.637 0.1000000015
96053  -56.890  5.201  24.222 0.1000000015
96062  -58.235  4.514  23.021 0.1000000015
139946  -57.236  5.302  23.820 0.1000000015
97031  -58.106  4.802  22.729 0.1000000015
97022  -57.448  5.053  23.110 0.1000000015
81049  -59.936  -11.259  38.996 0.1000000015
82914  -59.859  -10.126  39.614 0.1000000015
81064  -58.979  -11.287  37.749 0.1000000015
81970  -59.500  -10.404  37.749 0.1000000015
83840  -59.342  -8.195  38.872 0.1000000015
81081  -58.705  -10.596  37.155 0.1000000015
155799  -58.115  -10.313  36.630 0.1000000015
84757  -59.069  -7.282  39.282 0.1000000015
83873  -58.685  -7.917  36.641 0.1000000015
84774  -58.964  -7.115  36.943 0.1000000015
86654  -57.567  -5.537  40.630 0.1000000015
85673  -59.088  -6.328  37.163 0.1000000015
86717  -58.765  -5.604  36.757 0.1000000015
146394  -57.059  -4.468  40.070 0.1000000015
87713  -54.997  -4.300  38.221 0.1000000015
85672  -58.566  -6.396  36.604 0.1000000015
87729  -58.966  -4.777  36.763 0.1000000015
153900  -59.282  -3.897  37.082 0.1000000015
88674  -54.434  -3.843  37.289 0.1000000015
88695  -59.231  -3.421  36.585 0.1000000015
90715  -58.986  -2.442  37.039 0.1000000015
88692  -53.030  -3.584  36.353 0.1000000015
88700  -52.549  -2.927  35.795 0.1000000015
158049  -58.759  -1.981  36.964 0.1000000015
92789  -57.296  0.450  35.895 0.1000000015
93908  -55.971  1.709  35.227 0.1000000015
90724  -51.275  -1.376  35.452 0.1000000015
145130  -54.806  2.988  35.376 0.1000000015
144666  -55.497  2.885  35.179 0.1000000015
91718  -50.736  0.021  37.290 0.1000000015
134016  -50.573  -0.786  36.405 0.1000000015
95925  -53.920  4.862  36.796 0.1000000015
94985  -54.593  4.061  35.702 0.1000000015
95920  -53.085  5.395  38.273 0.1000000015
97833  -53.513  6.272  36.935 0.1000000015
96906  -53.876  5.712  36.672 0.1000000015
150813  -50.644  1.490  39.880 0.1000000015
92746  -51.360  1.112  39.485 0.1000000015
92761  -51.503  0.116  39.190 0.1000000015
96882  -52.296  5.273  39.531 0.1000000015
92743  -47.190  1.285  39.732 0.1000000015
92745  -49.678  1.448  39.704 0.1000000015
134471  -51.046  0.455  39.471 0.1000000015
147903  -52.135  3.866  40.058 0.1000000015
96871  -51.899  4.927  40.302 0.1000000015
94921  -50.547  3.652  41.191 0.1000000015
95883  -50.052  3.814  41.235 0.1000000015
92742  -46.114  1.420  39.847 0.1000000015
93839  -47.568  2.371  40.614 0.1000000015
93840  -48.451  2.580  40.925 0.1000000015
94920  -49.561  3.456  41.167 0.1000000015
92741  -45.391  1.592  39.831 0.1000000015
93853  -45.782  1.894  40.095 0.1000000015
93838  -46.734  1.929  40.278 0.1000000015
92755  -44.490  0.922  39.337 0.1000000015
93997  -55.551  2.269  27.324 0.1000000015
94008  -55.366  2.347  26.534 0.1000000015
94018  -55.288  2.463  25.731 0.1000000015
95088  -55.743  3.455  25.263 0.1000000015
96043  -56.403  4.446  24.766 0.1000000015
96052  -56.352  4.286  24.131 0.1000000015
95098  -55.756  3.430  24.505 0.1000000015
96061  -56.729  4.719  23.486 0.1000000015
158001  -60.131  -10.428  39.020 0.1000000015
81961  -59.958  -10.220  39.128 0.1000000015
81050  -59.949  -10.649  38.634 0.1000000015
135457  -59.708  -9.560  38.543 0.1000000015
143570  -59.565  -8.811  38.529 0.1000000015
82933  -59.562  -9.650  37.773 0.1000000015
81988  -58.883  -9.908  37.070 0.1000000015
83867  -59.684  -7.977  38.132 0.1000000015
83866  -59.359  -7.947  37.369 0.1000000015
84747  -59.061  -6.556  39.673 0.1000000015
84758  -59.367  -6.937  39.125 0.1000000015
85665  -59.317  -6.223  39.358 0.1000000015
85667  -59.480  -6.319  38.621 0.1000000015
85669  -59.454  -6.334  37.833 0.1000000015
86718  -59.165  -5.527  37.297 0.1000000015
133309  -59.237  -4.973  38.172 0.1000000015
85653  -58.596  -5.923  40.306 0.1000000015
86677  -58.708  -5.521  39.981 0.1000000015
86678  -59.176  -5.637  39.438 0.1000000015
87714  -59.162  -4.210  37.706 0.1000000015
88677  -58.692  -3.302  37.806 0.1000000015
87674  -57.911  -5.099  40.399 0.1000000015
87685  -57.653  -4.544  39.895 0.1000000015
87686  -58.291  -4.824  39.672 0.1000000015
88652  -58.023  -4.035  39.049 0.1000000015
130972  -59.189  -4.669  37.364 0.1000000015
131085  -59.148  -3.460  37.321 0.1000000015
90701  -58.376  -2.508  37.635 0.1000000015
88662  -56.838  -3.980  39.142 0.1000000015
88661  -56.144  -3.680  38.447 0.1000000015
137906  -57.473  -3.380  38.541 0.1000000015
89684  -57.430  -2.859  38.069 0.1000000015
90700  -57.989  -2.169  37.721 0.1000000015
139296  -57.149  -1.177  36.929 0.1000000015
91720  -57.193  -0.335  36.391 0.1000000015
133388  -53.912  -3.479  36.696 0.1000000015
88694  -55.886  -2.652  37.366 0.1000000015
92788  -56.337  0.484  35.661 0.1000000015
89727  -53.206  -2.009  35.494 0.1000000015
89717  -54.232  -2.052  36.002 0.1000000015
90727  -54.296  -1.384  35.698 0.1000000015
90725  -52.269  -1.361  35.165 0.1000000015
90726  -53.414  -0.981  35.247 0.1000000015
90737  -51.633  -0.533  35.230 0.1000000015
91737  -52.710  -0.245  34.985 0.1000000015
138570  -53.465  5.100  37.462 0.1000000015
93907  -54.921  1.706  35.252 0.1000000015
92762  -51.519  0.917  39.295 0.1000000015
92766  -50.792  0.725  36.426 0.1000000015
95919  -52.448  4.213  37.871 0.1000000015
94977  -52.878  4.037  36.962 0.1000000015
146694  -51.266  2.097  37.833 0.1000000015
95911  -52.289  4.226  39.075 0.1000000015
93854  -47.728  1.974  40.394 0.1000000015
93855  -48.669  2.062  40.348 0.1000000015
93857  -50.943  2.090  40.339 0.1000000015
94950  -51.869  2.823  40.201 0.1000000015
155703  -51.933  3.138  39.609 0.1000000015
95912  -52.481  4.913  39.410 0.1000000015
93856  -49.640  2.311  40.546 0.1000000015
94937  -51.306  3.006  40.726 0.1000000015
95898  -51.794  3.713  40.659 0.1000000015
95885  -51.600  4.256  40.834 0.1000000015
93841  -49.233  2.949  41.173 0.1000000015
93845  -28.779  1.764  39.954 0.1000000015
94928  -30.115  1.864  39.245 0.1000000015
93859  -30.811  2.074  39.007 0.1000000015
93849  -32.672  1.334  39.620 0.1000000015
92737  -33.067  0.670  40.113 0.1000000015
93835  -34.183  1.575  40.831 0.1000000015
94929  -33.084  2.124  39.574 0.1000000015
94914  -33.858  2.273  40.104 0.1000000015
94915  -34.493  2.522  40.697 0.1000000015
155386  -34.699  3.228  40.580 0.2000000030
95867  -35.120  2.899  41.168 0.2000000030
95860  -36.038  2.958  42.400 0.2000000030
94887  -36.826  2.124  43.699 0.2000000030
93806  -37.973  1.036  45.017 0.3000000119
93800  -39.468  1.013  45.537 0.3000000119
94891  -40.645  1.806  44.705 0.4000000060
94898  -36.402  2.549  43.029 0.2000000030
94888  -37.406  2.587  44.145 0.2000000030
94878  -37.913  1.919  44.938 0.2000000030
93794  -40.494  1.342  45.807 0.3000000119
96834  -41.220  3.237  44.413 0.3000000119
97758  -41.959  4.447  44.659 0.4000000060
92963  -39.708  0.720  18.676 0.1000000015
92979  -39.647  1.335  17.654 0.1000000015
86695  -59.353  -5.662  38.765 0.1000000015
86708  -59.375  -5.569  38.002 0.1000000015
88664  -58.364  -3.570  38.332 0.1000000015
87687  -58.852  -5.026  39.209 0.1000000015
87701  -58.533  -4.322  38.753 0.1000000015
89686  -58.289  -3.004  37.967 0.1000000015
88663  -57.899  -3.299  38.446 0.1000000015
154915  -57.735  -3.020  38.227 0.1000000015
133433  -57.660  -2.394  37.798 0.1000000015
90699  -57.475  -1.899  37.493 0.1000000015
90713  -57.916  -1.680  37.380 0.1000000015
89702  -56.868  -2.338  37.609 0.1000000015
89719  -56.460  -1.750  37.058 0.1000000015
90712  -56.145  -1.153  36.529 0.1000000015
91719  -56.308  -0.478  36.177 0.1000000015
91739  -55.371  -0.031  35.538 0.1000000015
148925  -56.225  -2.187  37.233 0.1000000015
131661  -54.394  -0.529  35.414 0.1000000015
92787  -54.446  0.486  35.185 0.1000000015
91738  -53.666  -0.175  35.104 0.1000000015
92810  -54.067  1.245  35.134 0.1000000015
131320  -55.385  0.842  35.335 0.1000000015
91736  -51.119  0.266  35.597 0.1000000015
92785  -51.796  1.001  35.297 0.1000000015
92786  -52.455  1.548  35.304 0.1000000015
93905  -52.859  2.485  35.646 0.1000000015
154604  -54.256  2.055  35.336 0.1000000015
92767  -51.336  1.838  36.572 0.1000000015
94983  -52.348  2.796  36.332 0.1000000015
93906  -54.008  2.916  35.565 0.1000000015
94984  -53.776  3.901  36.214 0.1000000015
93868  -51.647  1.995  39.342 0.1000000015
94976  -51.824  3.019  37.228 0.1000000015
94962  -51.667  3.184  38.397 0.1000000015
94942  -32.686  2.767  39.110 0.1000000015
94869  -40.262  1.687  46.100 0.3000000119
94870  -41.002  1.513  45.855 0.3000000119
96835  -41.712  3.583  44.769 0.3000000119
97759  -42.869  4.506  45.252 0.4000000060
94871  -41.546  2.120  46.284 0.3000000119
95850  -42.381  3.384  45.483 0.3000000119
95838  -42.675  2.939  46.418 0.3000000119
95826  -43.110  3.265  46.736 0.3000000119
102901  -42.000  11.348  27.234 0.4000000060
102919  -41.405  11.577  26.825 0.4000000060
103711  -42.155  11.919  26.443 0.5000000000
102918  -40.547  11.483  26.768 0.4000000060
103710  -41.201  11.965  26.235 0.5000000000
103728  -42.601  12.526  25.756 0.5000000000
95012  -51.879  2.656  33.950 0.1000000015
93936  -52.108  2.079  33.367 0.1000000015
95940  -51.254  3.459  35.115 0.1000000015
95943  -54.322  4.524  34.638 0.1000000015
92829  -53.278  0.615  31.702 0.1000000015
92821  -51.673  0.414  32.444 0.1000000015
96922  -53.559  5.169  35.486 0.1000000015
96921  -52.828  5.030  35.475 0.1000000015
96912  -53.871  5.458  36.237 0.1000000015
93951  -55.388  1.867  31.415 0.1000000015
92836  -53.698  0.196  30.865 0.1000000015
95931  -54.653  4.514  35.394 0.1000000015
92843  -53.920  -0.078  30.158 0.1000000015
95063  -56.567  3.304  28.059 0.1000000015
91791  -52.465  -0.570  30.625 0.1000000015
95930  -54.348  5.041  36.015 0.1000000015
95062  -55.904  2.339  28.044 0.1000000015
96982  -58.138  5.225  26.599 0.1000000015
95073  -56.651  3.837  27.294 0.1000000015
133036  -55.345  1.566  27.932 0.1000000015
93940  -52.427  1.570  32.849 0.1000000015
93986  -56.420  2.505  28.779 0.1000000015
92858  -55.156  1.024  28.634 0.1000000015
137133  -52.776  -0.805  29.850 0.1000000015
93984  -54.798  0.890  27.914 0.1000000015
97750  -43.507  4.082  46.026 0.3000000119
95144  -60.273  2.069  20.732 0.1000000015
95143  -59.959  3.084  20.591 0.1000000015
91954  -54.797  0.134  18.850 0.1000000015
91933  -54.025  -0.827  19.390 0.1000000015
137373  -58.517  4.501  21.985 0.1000000015
95119  -56.498  3.618  22.878 0.1000000015
91847  -52.776  -0.791  25.805 0.1000000015
94027  -55.274  2.491  24.984 0.1000000015
90769  -41.128  -1.612  31.785 0.1000000015
89756  -42.226  -2.586  31.310 0.1000000015
92819  -39.474  0.402  32.728 0.1000000015
90820  -52.579  -1.229  27.568 0.1000000015
91800  -52.988  -0.936  29.032 0.1000000015
91810  -54.065  -0.174  28.691 0.1000000015
91824  -54.241  0.297  27.940 0.1000000015
92815  -39.418  0.388  33.584 0.1000000015
91693  -39.598  -0.356  38.462 0.1000000015
90688  -39.201  -1.780  37.817 0.1000000015
93819  -35.695  1.296  42.959 0.2000000030
93827  -34.703  1.164  41.727 0.1000000015
93815  -40.397  1.203  44.924 0.4000000060
97767  -41.454  5.273  43.867 0.4000000060
93846  -29.484  1.437  39.731 0.1000000015
93847  -30.834  1.296  39.297 0.1000000015
93848  -31.801  1.258  39.362 0.1000000015
94877  -37.321  1.591  44.417 0.2000000030
94907  -35.504  2.511  41.902 0.2000000030
94906  -34.885  2.069  41.427 0.2000000030
94897  -35.877  2.111  42.610 0.2000000030
92778  -42.799  1.060  35.694 0.1000000015
90759  -47.605  -1.844  32.793 0.1000000015
91751  -42.715  -0.427  34.631 0.1000000015
90734  -44.055  -1.179  34.241 0.1000000015
91750  -41.789  -0.388  34.539 0.1000000015
89748  -44.518  -2.808  32.638 0.1000000015
89768  -47.806  -2.932  30.679 0.1000000015
91762  -40.554  -0.575  33.563 0.1000000015
89738  -43.110  -2.441  32.959 0.1000000015
88710  -44.059  -3.216  32.126 0.1000000015
89780  -48.063  -3.043  29.803 0.1000000015
90743  -40.854  -1.279  33.160 0.1000000015
91772  -40.346  -0.662  32.710 0.1000000015
89781  -48.878  -2.679  29.560 0.1000000015
137339  -40.320  -0.608  31.947 0.1000000015
88716  -42.915  -3.108  30.933 0.1000000015
88725  -43.815  -3.346  30.594 0.1000000015
88741  -45.123  -3.629  29.760 0.1000000015
139620  -45.792  -3.679  29.179 0.1000000015
135430  -46.562  -3.655  28.667 0.1000000015
88759  -47.411  -3.289  27.448 0.1000000015
91757  -48.786  -0.101  34.274 0.1000000015
90771  -48.766  -1.857  31.757 0.1000000015
89783  -50.130  -2.261  28.977 0.1000000015
135638  -49.246  0.647  34.605 0.1000000015
91773  -49.634  -0.836  32.667 0.1000000015
93872  -40.653  1.940  37.909 0.1000000015
90806  -51.078  -1.994  28.692 0.1000000015
90819  -51.208  -1.845  27.085 0.1000000015
93941  -54.130  1.952  32.370 0.1000000015
95020  -52.827  2.322  33.138 0.1000000015
95014  -53.316  3.173  33.573 0.1000000015
95013  -52.591  2.950  33.744 0.1000000015
138245  -48.766  1.581  35.622 0.1000000015
93885  -47.508  1.910  36.462 0.1000000015
93901  -48.414  2.054  36.162 0.1000000015
93925  -50.569  1.863  34.503 0.1000000015
93935  -51.370  1.760  33.636 0.1000000015
133736  -50.861  1.027  33.388 0.1000000015
94971  -46.117  2.506  37.272 0.1000000015
146171  -44.512  2.437  37.675 0.1000000015
91784  -50.790  -0.820  31.805 0.1000000015
90774  -51.052  -1.109  31.038 0.1000000015
150814  -51.890  -1.689  28.772 0.1000000015
137381  -52.015  -1.506  26.915 0.1000000015
90833  -52.220  -1.274  26.193 0.1000000015
80170  -54.803  -11.678  34.819 0.1000000015
87733  -58.403  -4.379  35.908 0.1000000015
91723  -59.153  -2.146  36.413 0.1000000015
137266  -47.951  2.593  36.872 0.1000000015
94975  -50.803  3.763  35.887 0.1000000015
95000  -50.837  2.567  34.753 0.1000000015
149769  -53.146  3.701  34.096 0.1000000015
133379  -52.398  0.765  32.305 0.1000000015
93949  -53.900  1.226  31.951 0.1000000015
93958  -54.958  1.215  30.876 0.1000000015
94948  -44.493  2.637  38.843 0.1000000015
155809  -43.977  2.474  38.665 0.1000000015
92828  -52.528  0.197  31.660 0.1000000015
91785  -51.511  -0.536  31.504 0.1000000015
96983  -58.137  5.013  27.442 0.1000000015
96021  -57.543  4.873  26.945 0.1000000015
90800  -52.324  -1.311  29.319 0.1000000015
95089  -57.993  4.578  25.583 0.1000000015
94038  -58.329  1.448  23.396 0.1000000015
148743  -57.796  2.578  23.634 0.1000000015
90808  -52.482  -1.374  28.460 0.1000000015
94049  -60.338  1.054  22.233 0.1000000015
142634  -60.454  1.314  21.869 0.1000000015
81027  -59.526  -11.106  41.524 0.1000000015
79102  -59.428  -12.712  40.561 0.1000000015
80107  -59.968  -12.101  40.376 0.1000000015
79118  -57.962  -13.307  39.044 0.1000000015
157397  -56.207  -14.012  39.080 0.1000000015
80124  -57.459  -12.938  38.132 0.1000000015
84745  -55.480  -7.028  39.762 0.1000000015
84733  -55.279  -6.664  40.237 0.1000000015
81088  -55.505  -11.298  35.150 0.1000000015
86676  -54.984  -6.034  40.277 0.1000000015
132014  -59.241  -2.656  36.063 0.1000000015
85677  -56.946  -6.628  35.312 0.1000000015
96913  -54.252  4.834  35.408 0.1000000015
93867  -43.606  1.633  39.168 0.1000000015
96995  -58.104  5.310  25.982 0.1000000015
97007  -58.006  5.546  25.340 0.1000000015
91801  -53.578  -0.457  29.489 0.1000000015
96071  -58.824  3.997  22.235 0.1000000015
91939  -59.568  -0.191  20.260 0.1000000015
91936  -56.702  -1.495  19.530 0.1000000015
80143  -58.097  -12.198  37.893 0.1000000015
80163  -56.045  -11.751  35.757 0.1000000015
91722  -58.832  -1.557  36.586 0.1000000015
95924  -51.516  4.874  36.657 0.1000000015
135143  -52.967  4.602  34.895 0.1000000015
96898  -52.409  6.447  38.057 0.1000000015
96904  -52.494  6.201  37.102 0.1000000015
91709  -43.670  -0.460  38.188 0.1000000015
91699  -46.055  0.032  38.618 0.1000000015
89694  -39.725  -2.146  37.168 0.1000000015
92844  -54.331  0.056  29.459 0.1000000015
82923  -59.595  -9.461  39.077 0.1000000015
154970  -58.185  -8.603  36.293 0.1000000015
87672  -56.604  -5.061  40.596 0.1000000015
84782  -58.249  -7.161  36.349 0.1000000015
85679  -58.274  -5.817  36.271 0.1000000015
87730  -59.188  -3.998  36.635 0.1000000015
89720  -59.205  -2.972  36.726 0.1000000015
88699  -51.471  -3.042  35.756 0.1000000015
91721  -57.817  -1.059  36.870 0.1000000015
89726  -52.000  -2.271  35.402 0.1000000015
96905  -53.859  5.886  37.335 0.1000000015
93874  -50.925  1.050  37.500 0.1000000015
82948  -58.995  -8.891  37.022 0.1000000015
88675  -55.469  -3.408  37.647 0.1000000015
89703  -58.837  -2.890  37.437 0.1000000015
89716  -53.760  -2.765  36.221 0.1000000015
154944  -51.651  -1.848  35.374 0.1000000015
141818  -50.794  -0.673  35.735 0.1000000015
82949  -59.575  -8.796  37.891 0.1000000015
84770  -59.565  -7.130  38.407 0.1000000015
84775  -59.445  -7.126  37.636 0.1000000015
88651  -57.481  -3.964  39.146 0.1000000015
88676  -56.523  -3.010  37.927 0.1000000015
88693  -54.822  -2.990  36.873 0.1000000015
148360  -54.709  -2.360  36.440 0.1000000015
90711  -55.251  -1.687  36.362 0.1000000015
92747  -51.629  1.873  39.961 0.1000000015
148396  -51.308  1.157  35.803 0.1000000015
94940  -31.148  2.598  38.686 0.1000000015
93861  -32.262  2.021  39.221 0.1000000015
95854  -36.917  3.047  43.421 0.2000000030
94868  -39.328  1.717  45.773 0.3000000119
95848  -41.136  2.290  44.880 0.3000000119
95849  -41.718  2.778  45.170 0.4000000060
90728  -55.329  -0.888  35.915 0.1000000015
92809  -53.466  0.578  34.981 0.1000000015
93927  -53.358  1.640  35.216 0.1000000015
93904  -51.907  1.830  35.700 0.1000000015
95837  -42.088  2.521  45.994 0.3000000119
94858  -41.637  2.360  46.681 0.3000000119
92822  -53.210  1.547  32.473 0.1000000015
95942  -53.580  4.505  34.671 0.1000000015
95958  -54.659  4.234  34.112 0.1000000015
95959  -55.395  4.155  34.185 0.1000000015
93950  -54.581  1.526  31.691 0.1000000015
92837  -54.525  0.502  30.318 0.1000000015
91792  -53.261  -0.363  30.407 0.1000000015
93985  -55.730  1.672  28.688 0.1000000015
93969  -55.294  1.123  29.994 0.1000000015
92845  -54.936  0.657  29.401 0.1000000015
101305  -37.567  9.201  26.659 0.2000000030
101306  -38.379  9.830  27.052 0.2000000030
100472  -38.483  9.036  27.097 0.2000000030
100473  -39.346  8.890  27.348 0.2000000030
102099  -37.716  10.126  26.421 0.2000000030
101287  -38.984  9.587  27.408 0.2000000030
103692  -47.743  12.573  28.651 0.4000000060
104498  -49.327  13.739  27.109 0.2000000030
103712  -43.163  12.198  26.394 0.4000000060
156562  -42.855  13.010  25.241 0.3000000119
102100  -38.512  10.605  26.690 0.2000000030
102108  -38.057  10.843  25.895 0.2000000030
102917  -39.602  11.580  26.359 0.3000000119
102927  -39.110  11.720  25.755 0.2000000030
103709  -40.373  12.088  26.044 0.3000000119
154145  -48.166  13.170  27.483 0.2000000030
104497  -48.525  13.480  26.832 0.2000000030
103729  -43.506  12.851  25.664 0.3000000119
144603  -43.220  13.557  24.394 0.3000000119
103727  -41.736  12.417  25.718 0.4000000060
106282  -54.297  15.975  31.299 0.3000000119
104499  -50.001  13.996  26.513 0.2000000030
143497  -47.626  12.862  27.814 0.2000000030
100492  -37.920  8.290  26.756 0.2000000030
99620  -38.364  7.417  26.600 0.2000000030
132179  -49.132  13.824  26.207 0.2000000030
102107  -37.215  10.354  25.395 0.1000000015
100261  -41.606  8.564  47.568 0.1000000015
100253  -43.765  9.098  49.016 0.1000000015
99401  -41.662  7.738  46.719 0.1000000015
100263  -43.391  8.209  48.166 0.1000000015
100262  -42.523  8.370  47.862 0.1000000015
99382  -44.698  8.275  48.584 0.1000000015
100271  -41.073  8.502  46.908 0.1000000015
103725  -39.695  12.171  25.608 0.3000000119
100254  -44.604  9.435  49.169 0.1000000015
100268  -38.482  9.534  46.316 0.1000000015
100269  -39.416  9.242  46.592 0.1000000015
100260  -40.663  9.036  47.598 0.1000000015
102925  -37.789  11.082  24.957 0.1000000015
103738  -40.444  13.091  24.791 0.1000000015
104525  -41.827  13.410  24.570 0.1000000015
137682  -39.696  12.720  24.782 0.2000000030
139595  -42.253  13.703  24.129 0.1000000015
104524  -40.972  13.472  24.369 0.1000000015
103724  -39.085  12.000  25.012 0.2000000030
103737  -40.045  13.331  24.078 0.1000000015
102106  -36.696  9.686  25.259 0.1000000015
101304  -36.845  8.915  26.196 0.1000000015
101312  -37.005  9.618  26.008 0.1000000015
99619  -37.352  7.471  26.327 0.1000000015
100491  -37.028  8.323  26.410 0.1000000015
101119  -39.818  9.469  47.502 0.1000000015
101103  -41.123  9.289  48.490 0.1000000015
101089  -45.940  9.522  48.045 0.1000000015
102713  -48.363  11.384  43.953 0.1000000015
133027  -39.078  9.711  47.142 0.1000000015
101102  -40.226  9.668  48.420 0.1000000015
101084  -41.825  9.739  49.388 0.1000000015
101087  -44.583  10.109  49.268 0.1000000015
101859  -45.546  9.882  47.622 0.1000000015
101879  -46.941  10.165  46.500 0.1000000015
103523  -48.311  12.054  42.365 0.2000000030
132795  -40.978  12.431  25.717 0.3000000119
104526  -42.650  13.390  24.649 0.2000000030
104547  -43.460  13.802  23.916 0.1000000015
104548  -44.203  13.815  23.892 0.2000000030
147830  -44.642  14.079  23.330 0.1000000015
105456  -46.036  14.204  22.918 0.2000000030
105471  -47.319  14.212  22.216 0.2000000030
104562  -41.432  14.066  23.033 0.1000000015
104563  -42.272  14.049  23.460 0.1000000015
105454  -43.726  14.182  23.277 0.1000000015
105455  -45.172  14.251  22.702 0.1000000015
105470  -46.524  14.314  22.252 0.1000000015
150438  -48.641  14.077  21.647 0.1000000015
105468  -44.277  14.389  22.574 0.1000000015
152908  -46.862  14.430  21.659 0.1000000015
105485  -47.472  14.374  21.422 0.1000000015
103743  -38.665  12.535  22.990 0.1000000015
103736  -38.898  12.508  24.105 0.2000000030
156308  -39.490  12.926  24.164 0.2000000030
105483  -45.527  14.570  21.300 0.1000000015
105500  -48.373  14.363  20.314 0.1000000015
102933  -37.759  11.211  23.930 0.1000000015
137383  -38.366  11.713  24.527 0.1000000015
102926  -38.502  11.460  25.427 0.1000000015
105499  -47.530  14.484  20.538 0.1000000015
102698  -47.556  10.931  44.415 0.1000000015
101847  -45.287  10.028  48.322 0.1000000015
138101  -48.227  12.620  41.085 0.2000000030
104527  -43.827  13.559  24.445 0.2000000030
144602  -44.925  13.778  23.914 0.2000000030
105457  -47.000  14.070  23.077 0.2000000030
136197  -42.515  14.434  22.070 0.1000000015
105467  -43.331  14.448  22.445 0.1000000015
105472  -48.057  14.111  21.949 0.1000000015
156128  -43.179  14.257  23.048 0.1000000015
105465  -41.302  14.188  22.099 0.1000000015
105487  -48.965  14.170  21.013 0.1000000015
103751  -39.214  13.018  22.422 0.1000000015
104561  -40.578  13.945  22.491 0.1000000015
104355  -48.953  13.589  39.455 0.2000000030
106260  -52.429  15.235  34.885 0.1000000015
101877  -45.061  10.002  47.202 0.1000000015
101919  -46.822  10.709  45.049 0.1000000015
102730  -47.683  11.678  43.024 0.1000000015
105411  -52.797  14.561  27.247 0.1000000015
105422  -51.762  14.240  26.717 0.1000000015
105421  -50.805  14.073  26.950 0.1000000015
136932  -52.793  14.520  26.279 0.1000000015
104516  -48.950  13.978  25.480 0.1000000015
104517  -49.896  14.028  25.552 0.1000000015
104518  -50.897  14.077  25.993 0.1000000015
133352  -48.186  13.648  25.900 0.1000000015
105434  -51.996  14.237  25.718 0.1000000015
131472  -49.366  14.045  24.764 0.1000000015
104534  -50.454  14.105  24.791 0.1000000015
104519  -51.242  14.157  25.182 0.1000000015
132779  -48.365  13.901  25.049 0.1000000015
105444  -52.256  14.151  24.787 0.1000000015
148567  -50.007  14.009  24.201 0.1000000015
104535  -51.340  14.107  24.520 0.1000000015
104555  -52.911  13.978  23.390 0.1000000015
104528  -44.630  13.552  24.473 0.2000000030
131020  -52.242  13.717  22.932 0.1000000015
104550  -46.325  13.896  23.733 0.2000000030
104551  -47.562  13.907  23.427 0.1000000015
104564  -48.732  13.926  22.342 0.1000000015
131444  -49.996  13.819  21.874 0.1000000015
104578  -50.747  13.689  21.615 0.1000000015
105466  -42.019  14.275  22.599 0.1000000015
105481  -43.067  14.633  21.269 0.1000000015
134277  -43.921  14.586  21.814 0.1000000015
134276  -44.827  14.524  21.739 0.1000000015
151081  -49.965  13.917  21.004 0.1000000015
104577  -49.296  13.942  21.741 0.1000000015
104580  -52.610  13.294  21.371 0.1000000015
104595  -53.158  13.052  20.282 0.1000000015
104576  -40.539  13.823  21.340 0.1000000015
105479  -41.369  14.163  21.156 0.1000000015
105480  -42.138  14.389  21.171 0.1000000015
104593  -51.022  13.670  20.720 0.1000000015
104594  -52.043  13.334  20.522 0.1000000015
105498  -45.871  14.612  20.472 0.1000000015
105514  -48.558  14.447  19.386 0.1000000015
105501  -49.340  14.224  20.123 0.1000000015
132726  -51.530  13.499  19.911 0.1000000015
102729  -46.550  11.550  42.802 0.1000000015
102712  -47.082  11.308  43.632 0.1000000015
139898  -45.890  10.574  45.046 0.1000000015
103549  -48.811  12.895  40.993 0.2000000030
106333  -54.862  15.765  27.960 0.1000000015
106337  -54.771  15.661  27.231 0.1000000015
148679  -53.530  14.838  26.706 0.1000000015
105424  -54.501  15.423  25.902 0.1000000015
147264  -47.393  13.318  25.957 0.1000000015
105435  -53.019  14.495  25.438 0.1000000015
105445  -53.358  14.461  24.643 0.1000000015
104531  -47.810  13.759  24.540 0.1000000015
104537  -53.680  14.384  23.752 0.1000000015
104556  -54.178  14.363  22.886 0.1000000015
105473  -54.627  14.545  22.085 0.1000000015
104530  -46.428  13.446  24.884 0.1000000015
130551  -47.212  13.792  23.977 0.1000000015
150901  -47.950  13.956  22.869 0.1000000015
104552  -48.898  13.888  23.322 0.1000000015
104565  -49.567  13.851  22.524 0.1000000015
104591  -40.832  13.653  20.232 0.1000000015
105494  -41.606  14.065  20.208 0.1000000015
105495  -42.401  14.411  20.223 0.1000000015
105496  -43.277  14.603  20.053 0.1000000015
131206  -44.965  14.657  20.673 0.1000000015
106271  -53.072  15.597  32.419 0.2000000030
102697  -46.511  10.945  44.196 0.1000000015
138446  -48.070  13.300  38.861 0.1000000015
106262  -51.565  15.185  34.412 0.1000000015
106326  -55.311  16.145  29.314 0.2000000030
103522  -47.047  11.826  42.017 0.1000000015
106334  -54.996  16.138  28.154 0.1000000015
106338  -55.069  16.202  27.361 0.1000000015
106346  -54.950  15.915  26.592 0.1000000015
105436  -53.939  14.916  25.255 0.1000000015
105447  -54.545  15.332  24.316 0.1000000015
107298  -54.177  16.343  23.546 0.1000000015
105448  -54.636  15.413  23.684 0.1000000015
135102  -47.093  13.515  24.774 0.1000000015
104532  -48.626  13.961  24.257 0.1000000015
106380  -54.498  15.703  22.897 0.1000000015
131014  -48.016  13.861  23.755 0.1000000015
106263  -52.311  15.225  33.946 0.1000000015
104340  -48.183  12.780  40.453 0.1000000015
103548  -47.521  12.443  40.728 0.1000000015
151588  -54.712  16.548  29.677 0.1000000015
107235  -55.014  16.590  27.968 0.1000000015
108087  -54.488  17.248  27.713 0.1000000015
106339  -55.117  16.654  27.348 0.1000000015
108086  -53.438  17.252  28.026 0.1000000015
106355  -55.165  16.811  26.029 0.1000000015
145035  -54.900  17.211  26.954 0.1000000015
107267  -55.024  16.870  25.645 0.1000000015
106363  -54.894  15.955  24.616 0.1000000015
130940  -54.557  16.972  24.831 0.1000000015
107286  -54.703  16.242  23.979 0.1000000015
107264  -50.360  16.525  25.343 0.1000000015
107297  -53.045  16.344  23.847 0.1000000015
105312  -49.752  14.761  35.227 0.1000000015
105325  -50.667  15.039  34.830 0.1000000015
132951  -51.405  15.159  33.464 0.1000000015
106270  -52.221  15.345  32.975 0.1000000015
106281  -53.612  16.071  31.623 0.2000000030
104368  -48.879  13.973  38.591 0.2000000030
105298  -48.894  14.253  36.511 0.1000000015
140019  -46.926  12.007  41.026 0.1000000015
104367  -48.018  13.571  38.178 0.1000000015
105311  -48.851  14.276  35.594 0.1000000015
105324  -49.729  14.731  34.310 0.1000000015
105346  -50.449  14.956  33.006 0.1000000015
132028  -52.097  15.666  32.069 0.1000000015
107181  -54.084  16.570  30.327 0.1000000015
151006  -46.606  12.902  38.426 0.1000000015
104380  -47.517  13.567  37.495 0.1000000015
104396  -48.121  14.048  36.977 0.1000000015
106280  -52.785  16.076  31.592 0.1000000015
103562  -46.568  12.400  39.717 0.1000000015
105310  -47.917  14.054  35.052 0.1000000015
131534  -46.742  13.453  36.967 0.1000000015
104395  -47.400  13.736  36.732 0.1000000015
107203  -54.072  16.855  29.576 0.1000000015
103594  -45.926  12.827  38.092 0.1000000015
108078  -53.592  17.228  28.678 0.1000000015
103578  -45.314  12.429  38.429 0.1000000015
107221  -52.728  17.074  28.716 0.1000000015
133459  -52.797  17.071  27.469 0.1000000015
107250  -53.801  17.171  26.039 0.1000000015
108101  -46.178  17.202  25.786 0.1000000015
107260  -46.770  16.922  25.761 0.1000000015
148827  -47.425  16.738  25.668 0.1000000015
107284  -52.882  16.565  24.701 0.1000000015
107278  -47.038  17.007  25.070 0.1000000015
107281  -49.149  16.531  24.640 0.1000000015
151283  -49.055  16.558  25.837 0.1000000015
156560  -51.905  16.530  24.909 0.1000000015
143129  -49.112  14.466  33.850 0.1000000015
138080  -51.941  15.979  31.340 0.1000000015
107180  -53.028  16.730  30.152 0.1000000015
104394  -46.223  13.374  36.468 0.1000000015
104410  -47.057  13.753  35.364 0.1000000015
107169  -51.352  16.173  30.740 0.1000000015
151024  -51.992  16.534  30.293 0.1000000015
103593  -45.209  12.637  37.682 0.1000000015
107178  -50.544  16.187  30.273 0.1000000015
131956  -44.706  12.337  38.036 0.1000000015
107179  -51.265  16.499  30.114 0.1000000015
137421  -50.973  16.598  28.879 0.1000000015
107233  -51.273  16.670  28.110 0.1000000015
107220  -51.840  16.762  28.644 0.1000000015
141468  -51.795  16.739  27.440 0.1000000015
107242  -44.684  16.875  26.966 0.1000000015
147631  -45.717  16.424  27.597 0.1000000015
107246  -48.172  16.514  26.744 0.1000000015
107231  -49.638  16.551  27.410 0.1000000015
107247  -50.179  16.609  26.744 0.1000000015
107265  -52.558  16.677  25.622 0.1000000015
105332  -49.706  14.733  33.487 0.1000000015
106279  -51.028  15.611  31.530 0.1000000015
147660  -48.426  14.227  33.721 0.1000000015
106268  -49.216  15.094  31.919 0.1000000015
106278  -49.884  15.522  31.359 0.1000000015
104421  -47.204  13.909  34.546 0.1000000015
106277  -48.928  15.371  31.142 0.1000000015
103560  -44.544  11.812  39.483 0.1000000015
104433  -46.748  13.864  33.867 0.1000000015
105361  -48.277  14.916  31.728 0.1000000015
103591  -43.944  12.098  38.061 0.1000000015
103610  -45.013  12.776  36.889 0.1000000015
104409  -46.114  13.451  35.660 0.1000000015
106301  -48.670  15.594  30.335 0.1000000015
107177  -49.902  16.093  29.774 0.1000000015
106323  -48.522  15.790  29.576 0.1000000015
132081  -50.028  16.350  29.076 0.1000000015
143654  -46.934  16.481  26.979 0.1000000015
150090  -47.812  16.198  27.894 0.1000000015
155067  -47.947  15.968  28.483 0.1000000015
103592  -44.438  12.493  37.408 0.1000000015
104408  -45.300  13.193  35.662 0.1000000015
105343  -47.641  14.398  32.450 0.1000000015
106331  -46.174  15.827  28.742 0.1000000015
139065  -46.863  15.660  29.049 0.1000000015
107218  -49.262  16.316  28.620 0.1000000015
141139  -41.641  11.303  40.567 0.1000000015
102769  -43.234  11.754  39.354 0.1000000015
141892  -43.718  12.336  37.145 0.1000000015
104407  -44.665  13.084  35.336 0.1000000015
131533  -45.413  13.377  34.867 0.1000000015
153676  -46.159  13.807  33.368 0.1000000015
106276  -47.981  15.221  30.908 0.1000000015
106298  -46.031  15.363  30.037 0.1000000015
105383  -46.984  15.155  30.675 0.1000000015
106322  -47.677  15.725  29.143 0.1000000015
102804  -42.898  11.927  37.688 0.1000000015
103627  -44.034  12.813  35.833 0.1000000015
101957  -40.133  11.398  41.143 0.1000000015
102767  -41.261  11.421  39.546 0.1000000015
102753  -41.053  11.301  40.264 0.1000000015
102786  -42.362  11.764  38.478 0.1000000015
104447  -45.969  13.963  32.675 0.1000000015
105360  -47.311  14.749  31.512 0.1000000015
105330  -46.792  14.018  32.964 0.1000000015
130919  -44.155  13.268  34.043 0.1000000015
146063  -45.442  13.698  33.295 0.1000000015
102822  -42.055  12.083  36.935 0.1000000015
105359  -46.349  14.664  31.325 0.1000000015
103626  -43.248  12.667  35.551 0.1000000015
138860  -41.181  11.826  37.370 0.1000000015
103607  -42.657  12.363  36.130 0.1000000015
103637  -43.880  12.993  34.915 0.1000000015
102821  -41.039  12.010  36.655 0.1000000015
102831  -37.958  11.892  36.240 0.1000000015
102834  -39.809  11.888  35.745 0.1000000015
102819  -39.344  11.604  36.393 0.1000000015
141218  -40.384  11.660  37.218 0.1000000015
103606  -41.677  12.321  36.015 0.1000000015
102841  -38.529  11.995  34.951 0.1000000015
103623  -40.301  12.239  35.157 0.1000000015
104418  -43.313  13.105  34.168 0.1000000015
103625  -42.277  12.647  35.238 0.1000000015
134695  -41.587  12.824  34.533 0.1000000015
104430  -43.576  13.381  33.284 0.1000000015
104444  -42.679  13.556  32.705 0.1000000015
103648  -41.854  13.096  33.800 0.1000000015
130582  -51.948  13.926  23.868 0.1000000015
148253  -53.620  14.110  22.936 0.1000000015
104533  -49.382  13.997  24.000 0.1000000015
104554  -51.194  13.807  23.149 0.1000000015
107280  -48.385  16.667  24.321 0.1000000015
104553  -50.049  13.909  23.392 0.1000000015
107296  -51.206  16.335  23.752 0.1000000015
107312  -54.278  15.860  22.739 0.1000000015
104567  -51.624  13.570  22.195 0.1000000015
104569  -54.073  13.760  22.135 0.1000000015
104566  -50.514  13.771  22.472 0.1000000015
105313  -50.865  15.097  35.760 0.2000000030
104546  -42.817  13.761  24.007 0.1000000015
100252  -42.740  9.084  48.905 0.1000000015
101086  -43.812  9.952  49.521 0.1000000015
104544  -40.750  13.756  23.500 0.1000000015
104543  -39.874  13.573  22.998 0.1000000015
101878  -45.996  9.880  46.674 0.1000000015
103744  -39.315  13.066  23.475 0.2000000030
150532  -53.480  13.375  21.795 0.1000000015
149615  -54.211  13.185  20.736 0.1000000015
105437  -54.555  15.498  25.049 0.1000000015
106404  -54.534  14.651  21.406 0.1000000015
103563  -47.357  12.618  40.018 0.1000000015
108103  -54.754  17.213  26.242 0.1000000015
133849  -51.331  16.559  25.473 0.1000000015
107245  -47.356  16.611  26.399 0.1000000015
138946  -48.221  16.593  25.962 0.1000000015
107248  -51.241  16.644  26.778 0.1000000015
104434  -47.580  14.075  33.467 0.1000000015
103634  -39.902  12.384  34.576 0.1000000015
95836  -41.057  3.000  46.700 0.2000000030
96798  -43.903  4.354  47.322 0.2000000030
96808  -42.287  3.517  47.173 0.2000000030
97740  -42.385  4.588  47.215 0.2000000030
145234  -42.572  5.475  47.201 0.2000000030
97729  -43.219  4.659  47.421 0.2000000030
99413  -40.702  6.929  45.718 0.2000000030
97739  -41.593  4.629  46.776 0.2000000030
144128  -43.023  3.820  47.252 0.2000000030
96821  -40.581  4.000  46.355 0.2000000030
98595  -41.004  5.629  46.144 0.2000000030
95835  -39.731  2.539  46.069 0.2000000030
95824  -42.411  2.770  46.836 0.2000000030
97730  -44.119  4.871  47.572 0.2000000030
96810  -43.514  3.698  46.983 0.2000000030
137943  -40.163  3.283  46.302 0.2000000030
96807  -41.350  3.762  46.780 0.2000000030
98596  -41.879  5.627  46.687 0.2000000030
97738  -40.934  4.611  46.385 0.2000000030
95893  -34.503  3.835  40.145 0.1000000015
96839  -36.942  3.832  43.031 0.1000000015
94879  -38.467  2.151  45.373 0.1000000015
98675  -32.435  6.290  39.986 0.1000000015
96888  -33.300  4.511  39.251 0.1000000015
96878  -34.130  4.575  39.706 0.1000000015
97791  -34.850  5.720  40.473 0.1000000015
96864  -34.780  4.675  40.270 0.1000000015
96856  -35.836  4.293  41.453 0.1000000015
96841  -38.156  4.762  44.150 0.1000000015
96832  -38.703  4.525  44.728 0.1000000015
95846  -38.068  3.005  44.702 0.1000000015
95847  -38.838  2.810  45.471 0.1000000015
150843  -33.602  7.807  42.253 0.1000000015
99453  -35.281  8.211  42.989 0.1000000015
136206  -34.004  6.523  40.528 0.1000000015
98647  -35.576  6.653  41.394 0.1000000015
99454  -36.330  7.408  42.416 0.1000000015
99438  -37.894  7.244  43.284 0.1000000015
146922  -38.867  7.036  44.024 0.1000000015
99412  -39.931  7.171  45.194 0.1000000015
97773  -36.728  5.513  42.163 0.1000000015
97764  -37.555  5.244  43.270 0.1000000015
97756  -38.513  5.421  44.275 0.1000000015
97748  -39.709  5.234  45.459 0.1000000015
99437  -36.263  8.191  43.236 0.1000000015
98587  -43.300  5.913  47.511 0.1000000015
95868  -35.685  3.380  41.685 0.1000000015
95861  -36.526  3.269  42.841 0.1000000015
95869  -36.344  3.874  42.287 0.1000000015
98608  -41.459  6.724  46.281 0.1000000015
96820  -39.889  4.323  45.831 0.1000000015
98607  -40.194  5.968  45.583 0.1000000015
97757  -39.129  5.359  44.838 0.1000000015
96819  -39.303  3.697  45.500 0.1000000015
95855  -37.466  3.690  43.804 0.1000000015
96887  -32.470  5.004  39.049 0.1000000015
97808  -33.616  5.301  39.612 0.1000000015
95892  -33.871  3.729  39.542 0.1000000015
146579  -32.529  4.146  38.774 0.1000000015
97790  -34.184  5.561  39.964 0.1000000015
148687  -35.904  5.082  41.301 0.1000000015
97782  -35.549  5.791  40.961 0.1000000015
96857  -36.371  4.832  41.850 0.1000000015
96848  -37.278  4.521  43.241 0.1000000015
98627  -37.906  6.125  43.086 0.1000000015
96840  -37.717  4.587  43.767 0.1000000015
141489  -38.573  3.646  44.914 0.1000000015
99472  -35.493  7.464  42.036 0.1000000015
132537  -34.446  8.014  42.505 0.1000000015
99452  -33.520  8.233  42.992 0.1000000015
100311  -35.525  8.670  44.318 0.1000000015
98645  -32.995  7.113  41.000 0.1000000015
98648  -36.337  6.563  41.864 0.1000000015
97783  -36.182  5.726  41.511 0.1000000015
98637  -36.968  6.296  42.351 0.1000000015
99455  -37.246  7.112  42.716 0.1000000015
98628  -38.437  6.372  43.706 0.1000000015
98619  -39.558  6.163  45.004 0.1000000015
98618  -38.960  6.241  44.407 0.1000000015
99426  -38.654  7.937  44.361 0.1000000015
81037  -59.122  -10.655  41.000 0.1000000015
81971  -59.896  -10.191  38.532 0.1000000015
84746  -58.610  -6.699  39.735 0.1000000015
85661  -54.649  -6.811  40.254 0.1000000015
85663  -58.612  -6.229  40.127 0.1000000015
85664  -59.040  -6.061  39.972 0.1000000015
86592  -32.474  -5.525  43.201 0.1000000015
86639  -32.472  -5.072  40.425 0.1000000015
86655  -58.226  -5.585  40.408 0.1000000015
86680  -34.151  -5.241  38.774 0.1000000015
86706  -51.811  -5.264  38.017 0.1000000015
87617  -30.707  -4.184  43.849 0.1000000015
87633  -30.508  -4.214  42.272 0.1000000015
87647  -31.418  -4.842  41.627 0.1000000015
87673  -57.268  -4.968  40.611 0.1000000015
87684  -56.127  -5.175  40.460 0.1000000015
87702  -59.016  -4.577  38.454 0.1000000015
87725  -50.782  -4.354  36.815 0.1000000015
88589  -30.796  -3.182  45.139 0.1000000015
88665  -58.871  -3.859  38.057 0.1000000015
88727  -45.585  -3.466  30.504 0.1000000015
88740  -44.490  -3.500  29.278 0.1000000015
88749  -43.935  -3.105  28.805 0.2000000030
88756  -45.009  -3.235  27.775 0.2000000030
89685  -57.929  -2.697  37.987 0.1000000015
89718  -55.565  -2.270  36.852 0.1000000015
89737  -42.089  -2.217  32.893 0.1000000015
89747  -43.283  -3.022  32.225 0.1000000015
89749  -45.340  -2.754  32.555 0.1000000015
89760  -48.314  -2.402  31.241 0.1000000015
89765  -42.424  -2.556  30.424 0.1000000015
89782  -49.541  -2.410  29.475 0.1000000015
89790  -48.804  -2.889  28.077 0.1000000015
89798  -44.208  -2.180  27.351 0.2000000030
89800  -45.320  -2.883  27.126 0.2000000030
89814  -45.608  -2.546  26.438 0.2000000030
89829  -49.431  -2.285  25.599 0.2000000030
89839  -48.240  -2.052  24.587 0.2000000030
90641  -31.196  -1.770  46.717 0.1000000015
90659  -29.393  -1.367  42.624 0.1000000015
90714  -58.387  -2.070  37.405 0.1000000015
90723  -50.607  -1.497  35.900 0.1000000015
90729  -59.258  -2.116  35.695 0.1000000015
90747  -44.501  -1.750  33.693 0.1000000015
90750  -47.195  -1.515  33.519 0.1000000015
90768  -40.711  -1.047  31.656 0.1000000015
90795  -41.926  -1.133  29.905 0.2000000030
90818  -50.485  -2.107  27.269 0.1000000015
90831  -50.637  -1.984  26.485 0.1000000015
90860  -50.190  -1.844  24.392 0.2000000030
91653  -29.516  -0.174  44.098 0.1000000015
91655  -37.432  -0.097  44.013 0.4000000060
91700  -47.260  -0.135  38.338 0.1000000015
91735  -50.626  -0.091  36.208 0.1000000015
91771  -39.894  -0.097  32.285 0.1000000015
91798  -41.819  -0.251  29.984 0.2000000030
91873  -47.143  -0.935  23.133 0.2000000030
91874  -51.723  -1.049  22.820 0.2000000030
91919  -50.330  -0.170  20.763 0.2000000030
92699  -39.535  0.841  45.261 0.3000000119
92703  -37.578  0.282  44.298 0.4000000060
92708  -36.119  0.120  43.575 0.3000000119
92715  -35.518  0.017  42.974 0.3000000119
92720  -34.582  0.238  42.081 0.2000000030
92769  -58.352  -0.802  36.492 0.1000000015
92791  -58.975  -0.100  35.403 0.1000000015
92808  -52.613  0.767  35.013 0.1000000015
92826  -40.274  0.405  31.393 0.2000000030
92827  -51.935  0.047  31.896 0.1000000015
92833  -40.922  0.319  30.890 0.2000000030
92835  -52.920  -0.108  31.140 0.1000000015
92855  -43.676  0.634  28.407 0.5000000000
92912  -45.630  0.592  23.388 0.5000000000
92916  -60.094  0.591  22.407 0.1000000015
93015  -39.953  1.750  16.418 0.2000000030
93784  -31.787  2.297  47.296 0.1000000015
93785  -32.202  2.187  47.928 0.1000000015
93801  -40.024  1.073  45.510 0.4000000060
93804  -29.866  1.129  44.967 0.1000000015
93808  -40.441  1.219  45.492 0.3000000119
93812  -36.659  1.198  44.047 0.4000000060
93814  -39.804  0.932  44.509 0.5000000000
93820  -36.247  1.691  43.319 0.2000000030
93834  -33.447  1.472  40.090 0.1000000015
93837  -46.229  2.212  40.222 0.1000000015
93842  -50.158  3.009  40.947 0.1000000015
93852  -44.989  1.951  39.897 0.1000000015
93860  -31.443  2.000  39.069 0.1000000015
93922  -38.358  1.539  34.363 0.2000000030
93967  -43.392  1.570  29.415 0.5000000000
93968  -44.117  2.113  29.037 0.5000000000
94025  -45.385  1.642  24.386 0.6999999881
94857  -41.004  1.711  46.339 0.3000000119
94859  -42.212  2.649  46.673 0.3000000119
94867  -38.639  1.348  45.416 0.3000000119
94880  -40.878  1.555  45.299 0.3000000119
94881  -41.464  2.003  45.613 0.4000000060
94884  -27.400  2.389  43.343 0.1000000015
94889  -39.379  1.247  43.696 0.5000000000
94895  -27.433  2.041  41.955 0.1000000015
94917  -46.978  2.545  40.492 0.1000000015
94918  -47.936  2.810  41.006 0.1000000015
94919  -48.779  3.108  41.216 0.1000000015
94922  -51.318  3.808  41.110 0.1000000015
95029  -40.501  2.670  31.391 0.3000000119
95060  -45.253  2.792  28.242 0.6999999881
95072  -56.075  2.934  27.511 0.1000000015
95122  -60.286  1.942  21.880 0.1000000015
95138  -43.440  3.140  20.386 0.1000000015
95157  -40.576  2.177  17.382 0.2000000030
95166  -59.121  2.850  19.391 0.2000000030
95171  -40.851  3.272  16.389 0.2000000030
95182  -58.091  3.531  18.144 0.2000000030
95793  -34.528  3.605  50.308 0.1000000015
95821  -29.381  3.486  46.523 0.1000000015
95823  -40.697  2.280  46.513 0.2000000030
95825  -42.694  2.953  46.806 0.3000000119
95877  -35.220  3.841  40.817 0.1000000015
95882  -49.164  3.484  41.233 0.1000000015
95884  -50.961  4.097  41.278 0.1000000015
95886  -52.082  4.499  40.273 0.1000000015
95897  -48.643  3.673  40.820 0.1000000015
95907  -45.691  2.971  38.894 0.1000000015
95946  -56.326  3.406  34.210 0.1000000015
95956  -38.106  3.070  33.446 0.3000000119
96081  -58.113  4.333  21.164 0.2000000030
96082  -59.156  4.165  21.651 0.2000000030
96084  -60.226  2.478  21.335 0.1000000015
96142  -42.680  4.449  14.941 0.3000000119
96150  -52.663  4.816  14.102 0.3000000119
96158  -43.709  4.813  14.353 0.3000000119
96175  -50.752  5.344  13.237 0.2000000030
96797  -43.739  4.004  47.191 0.2000000030
96805  -27.317  4.320  46.539 0.1000000015
96809  -43.046  3.272  46.910 0.2000000030
96811  -44.032  4.200  46.931 0.2000000030
96822  -43.117  3.525  46.168 0.3000000119
96823  -43.533  3.758  46.582 0.2000000030
96831  -38.083  4.050  44.303 0.1000000015
96833  -39.342  4.643  45.255 0.1000000015
96842  -39.956  3.671  43.372 0.5000000000
96844  -41.279  4.231  44.132 0.3000000119
96847  -36.843  4.604  42.610 0.1000000015
96865  -35.447  4.857  40.797 0.1000000015
96869  -50.594  4.240  41.121 0.1000000015
96879  -37.429  4.391  38.771 0.4000000060
96893  -52.802  5.770  38.593 0.1000000015
96895  -37.249  4.152  37.048 0.3000000119
96940  -39.135  4.095  32.769 0.4000000060
96947  -42.586  4.473  31.184 0.5000000000
96956  -45.344  4.147  29.707 0.8000000119
96980  -47.690  4.740  27.702 0.8000000119
96981  -48.270  5.131  27.818 0.8000000119
97047  -58.712  4.351  20.184 0.2000000030
97079  -57.832  4.916  17.884 0.2000000030
97089  -54.405  5.906  16.058 0.3000000119
97092  -57.158  5.160  16.817 0.3000000119
97100  -53.947  5.502  14.786 0.3000000119
97103  -55.481  5.623  16.316 0.3000000119
97116  -53.205  5.918  14.605 0.3000000119
97667  -35.242  6.637  53.693 0.1000000015
97683  -34.437  5.805  52.099 0.1000000015
97716  -34.805  5.161  51.181 0.1000000015
97732  -45.239  5.477  47.657 0.2000000030
97733  -46.072  6.101  47.174 0.2000000030
97741  -44.684  4.754  47.412 0.3000000119
97742  -45.314  5.491  47.368 0.3000000119
97749  -40.348  4.958  45.969 0.2000000030
97765  -38.036  5.359  43.700 0.1000000015
97768  -42.201  5.486  44.323 0.4000000060
97774  -37.174  5.290  42.748 0.1000000015
97807  -32.881  5.574  39.557 0.1000000015
97811  -51.878  5.618  39.523 0.1000000015
97812  -52.104  5.534  39.533 0.1000000015
97820  -51.953  6.053  38.852 0.1000000015
97822  -52.495  5.905  38.844 0.1000000015
97825  -38.134  5.925  38.097 0.5000000000
97826  -53.151  6.502  37.396 0.1000000015
97828  -53.699  6.274  37.364 0.1000000015
97832  -53.122  6.253  36.793 0.1000000015
97837  -53.835  6.016  36.795 0.1000000015
97842  -39.062  5.877  33.990 0.4000000060
97849  -38.743  5.036  33.689 0.4000000060
97861  -42.164  5.954  31.899 0.6000000238
97864  -41.824  5.301  31.731 0.6000000238
97868  -45.180  5.864  30.932 0.8000000119
97880  -47.803  5.227  29.101 0.6999999881
97905  -50.379  6.147  26.822 0.8999999762
97987  -56.660  5.554  17.344 0.2000000030
97988  -57.099  5.427  17.555 0.2000000030
97989  -57.441  5.253  17.624 0.2000000030
97998  -55.239  5.901  16.363 0.3000000119
98013  -55.930  5.628  16.601 0.3000000119
98014  -56.546  5.517  16.783 0.3000000119
98022  -53.520  6.104  15.032 0.3000000119
98023  -54.149  5.932  15.211 0.3000000119
98024  -54.757  5.764  15.658 0.3000000119
98582  -45.549  6.613  47.831 0.1000000015
98588  -44.246  5.822  47.779 0.2000000030
98589  -45.530  6.221  47.530 0.2000000030
98590  -46.014  6.911  47.185 0.1000000015
98591  -46.656  7.269  46.997 0.2000000030
98599  -46.958  7.381  46.687 0.3000000119
98621  -43.608  4.987  45.480 0.4000000060
98623  -45.401  6.773  45.494 0.5000000000
98632  -44.378  7.001  44.073 0.5000000000
98638  -37.468  5.932  42.735 0.1000000015
98646  -34.785  6.647  40.948 0.1000000015
98651  -41.088  7.018  41.599 0.6000000238
98661  -38.802  6.125  39.885 0.5000000000
98682  -37.652  5.609  36.928 0.4000000060
98687  -38.472  6.766  36.054 0.5000000000
98689  -38.066  6.344  35.720 0.3000000119
98694  -39.519  6.651  34.337 0.6000000238
98735  -48.483  6.505  30.162 0.6999999881
98740  -49.537  6.389  29.045 0.6999999881
99384  -45.984  7.760  48.033 0.1000000015
99386  -47.358  8.129  47.571 0.1000000015
99391  -42.257  7.767  47.159 0.1000000015
99393  -44.706  6.714  48.063 0.1000000015
99394  -46.817  7.534  47.383 0.2000000030
99403  -48.525  8.161  45.986 0.3000000119
99416  -47.904  7.926  45.970 0.3000000119
99431  -47.655  8.109  44.269 0.4000000060
99439  -38.395  7.411  43.725 0.1000000015
99471  -34.661  7.374  41.661 0.1000000015
99474  -43.041  7.638  41.759 0.6999999881
99490  -42.749  8.083  40.292 0.6999999881
99507  -40.551  7.740  39.574 0.5000000000
99508  -41.330  7.880  39.792 0.5000000000
99509  -42.012  8.035  40.032 0.5000000000
99517  -39.379  7.265  38.651 0.5000000000
99524  -38.752  6.869  37.312 0.5000000000
99525  -39.479  7.402  37.292 0.5000000000
99526  -40.191  7.805  37.701 0.5000000000
99534  -39.328  7.209  35.671 0.5000000000
99540  -40.971  7.734  34.701 0.6999999881
99560  -42.960  7.524  32.603 0.8000000119
99565  -45.271  7.020  31.627 0.6999999881
99568  -48.584  7.611  31.245 0.6999999881
99569  -49.506  7.751  30.972 0.6999999881
99570  -50.242  8.233  31.111 0.6999999881
99576  -51.404  7.911  29.814 0.6000000238
99630  -52.878  7.814  26.226 1.0000000000
100251  -41.946  8.978  48.498 0.1000000015
100256  -47.007  8.678  47.931 0.1000000015
100270  -40.368  8.847  46.697 0.1000000015
100297  -48.468  8.275  44.581 0.4000000060
100299  -49.501  9.105  45.062 0.3000000119
100310  -34.704  8.630  44.180 0.1000000015
100316  -49.059  8.658  44.111 0.3000000119
100328  -34.085  8.419  43.453 0.1000000015
100353  -43.503  8.134  40.584 0.6999999881
100382  -42.145  8.241  38.752 0.6999999881
100394  -44.081  8.771  37.631 0.8000000119
100402  -41.035  8.121  35.916 0.6000000238
100427  -45.093  8.436  32.579 0.6999999881
100429  -46.870  8.535  32.482 0.6999999881
100450  -53.637  8.379  29.161 0.8999999762
100451  -54.317  8.676  28.892 0.8000000119
100452  -54.538  9.095  28.766 0.6999999881
101085  -42.884  9.863  49.644 0.1000000015
101088  -45.190  9.938  48.828 0.1000000015
101090  -46.870  9.245  47.745 0.1000000015
101123  -49.139  9.923  45.529 0.3000000119
101132  -49.530  9.686  45.165 0.3000000119
101158  -47.604  9.175  41.034 0.6999999881
101178  -47.603  9.899  38.959 0.6999999881
101191  -44.825  8.827  37.954 0.8000000119
101205  -45.858  9.544  37.337 0.6999999881
101214  -42.962  9.226  34.957 0.8000000119
101220  -44.329  9.839  34.491 0.6999999881
101228  -47.634  9.924  33.209 0.6999999881
101230  -49.391  9.769  32.821 0.6999999881
101249  -51.425  9.418  31.685 0.6000000238
101250  -52.399  9.450  31.384 0.8000000119
101252  -55.366  10.021  30.263 0.6999999881
101255  -53.976  9.075  30.310 0.8000000119
101256  -54.884  9.356  29.930 0.6999999881
101278  -54.478  9.321  28.713 0.6999999881
101295  -53.761  9.065  27.674 0.8000000119
101846  -44.654  10.456  48.960 0.1000000015
101848  -45.883  9.676  47.686 0.1000000015
101860  -46.382  9.732  47.105 0.1000000015
101861  -47.221  9.838  46.905 0.2000000030
101881  -48.512  10.139  45.976 0.2000000030
101898  -46.450  10.368  45.859 0.1000000015
101920  -47.967  10.637  45.171 0.2000000030
101936  -50.061  10.324  43.759 0.3000000119
101937  -50.238  10.722  43.430 0.3000000119
101952  -50.545  10.767  42.818 0.3000000119
101969  -40.475  11.337  40.665 0.1000000015
101971  -41.935  11.166  41.133 0.1000000015
101973  -50.303  10.599  40.836 0.6000000238
101981  -48.266  10.280  38.980 0.6999999881
101994  -48.665  10.663  38.633 0.6000000238
102019  -44.851  10.274  35.014 0.6999999881
102029  -46.412  10.470  34.124 0.6999999881
102033  -50.713  10.837  33.343 0.6000000238
102056  -55.857  10.953  30.870 0.6999999881
102063  -54.452  10.770  29.533 0.6999999881
102064  -55.550  10.753  30.218 0.6999999881
102075  -54.734  10.203  29.231 0.6999999881
102076  -55.166  10.194  29.479 0.6999999881
102101  -39.134  11.018  26.794 0.3000000119
102685  -48.756  10.736  45.111 0.3000000119
102701  -49.526  11.261  44.146 0.3000000119
102714  -49.310  11.538  44.030 0.3000000119
102745  -50.541  11.475  42.304 0.4000000060
102746  -50.978  12.099  40.888 0.5000000000
102766  -40.362  11.394  39.753 0.1000000015
102771  -50.619  11.389  39.449 0.3000000119
102773  -51.377  12.183  40.179 0.5000000000
102785  -41.511  11.604  38.759 0.1000000015
102787  -43.128  11.808  38.660 0.1000000015
102803  -41.781  11.816  37.897 0.1000000015
102808  -50.872  12.090  38.211 0.6000000238
102818  -38.167  11.831  36.871 0.1000000015
102820  -40.165  11.798  36.476 0.1000000015
102823  -47.395  11.236  36.376 0.6000000238
102832  -38.186  11.867  35.641 0.1000000015
102833  -38.941  11.719  35.652 0.1000000015
102835  -40.710  12.158  35.883 0.1000000015
102839  -49.225  12.224  35.346 0.6000000238
102864  -55.426  11.795  31.788 0.6999999881
102876  -55.674  11.929  30.531 0.6000000238
102879  -50.133  11.826  30.321 0.6999999881
102916  -38.772  11.273  26.209 0.2000000030
103507  -49.647  11.870  43.400 0.3000000119
103508  -49.972  11.681  43.303 0.4000000060
103537  -47.807  12.264  41.480 0.2000000030
103540  -50.396  12.140  41.989 0.4000000060
103550  -49.672  12.854  41.166 0.3000000119
103564  -51.704  12.722  39.668 0.4000000060
103576  -43.882  11.881  38.999 0.1000000015
103577  -44.630  12.059  38.654 0.1000000015
103579  -46.066  12.590  38.949 0.1000000015
103590  -43.012  12.172  36.818 0.1000000015
103596  -52.147  12.925  37.812 0.5000000000
103608  -43.524  12.499  36.351 0.1000000015
103609  -44.212  12.674  36.654 0.1000000015
103622  -39.408  11.997  35.003 0.1000000015
103624  -41.217  12.504  35.240 0.1000000015
103628  -50.101  12.571  35.981 0.8000000119
103635  -40.682  12.642  34.577 0.1000000015
103636  -43.043  12.847  34.844 0.1000000015
103641  -52.718  13.637  34.602 0.5000000000
103647  -40.975  13.000  33.921 0.1000000015
103669  -55.801  12.405  30.795 0.6000000238
103676  -49.647  12.393  30.034 0.5000000000
103677  -50.470  12.606  30.277 0.5000000000
103681  -55.377  12.670  30.393 0.5000000000
103682  -55.524  12.573  30.515 0.4000000060
103687  -49.310  12.797  29.616 0.5000000000
103714  -45.423  12.613  26.594 0.4000000060
103726  -40.384  12.621  25.376 0.3000000119
103730  -44.462  12.956  25.759 0.4000000060
104353  -47.167  12.795  39.114 0.1000000015
104354  -48.141  12.986  39.687 0.1000000015
104356  -51.418  13.296  39.735 0.4000000060
104357  -51.834  13.115  39.274 0.4000000060
104366  -47.339  13.164  38.275 0.1000000015
104370  -52.128  13.213  38.530 0.4000000060
104378  -45.887  13.076  37.172 0.1000000015
104379  -46.654  13.159  37.729 0.1000000015
104381  -48.414  14.008  37.754 0.1000000015
104392  -44.793  12.898  36.111 0.1000000015
104393  -45.543  13.156  36.332 0.1000000015
104398  -52.597  14.487  36.351 0.5000000000
104411  -52.510  13.834  35.979 0.4000000060
104417  -42.460  12.951  34.363 0.1000000015
104419  -45.002  13.432  34.007 0.1000000015
104420  -46.399  13.635  34.711 0.1000000015
104423  -52.969  14.402  35.027 0.5000000000
104424  -53.048  14.619  34.279 0.5000000000
104429  -42.658  13.236  33.591 0.1000000015
104432  -45.866  13.567  34.004 0.1000000015
104446  -45.157  13.857  32.512 0.1000000015
104487  -47.677  13.145  26.776 0.3000000119
104509  -41.215  12.966  25.147 0.1000000015
104510  -42.158  12.966  25.197 0.4000000060
104511  -43.356  13.295  24.914 0.3000000119
104536  -52.839  14.129  24.108 0.1000000015
104545  -41.605  13.790  23.871 0.1000000015
104549  -45.462  13.970  23.507 0.2000000030
104568  -53.169  13.726  22.570 0.1000000015
104570  -54.423  14.110  22.080 0.1000000015
104579  -51.569  13.500  21.317 0.1000000015
104581  -54.237  13.361  21.302 0.1000000015
105269  -51.404  14.000  38.707 0.4000000060
105283  -49.026  14.248  37.297 0.1000000015
105284  -49.996  14.454  37.693 0.3000000119
105297  -47.833  14.016  36.065 0.1000000015
105322  -47.880  14.028  34.225 0.1000000015
105323  -48.805  14.297  34.561 0.1000000015
105331  -48.943  14.471  33.202 0.1000000015
105333  -50.576  14.942  33.915 0.1000000015
105342  -46.633  14.270  32.092 0.1000000015
105344  -48.636  14.650  32.489 0.1000000015
105345  -49.517  14.818  32.681 0.1000000015
105363  -55.463  14.915  30.465 0.4000000060
105382  -46.116  15.016  30.672 0.1000000015
105384  -52.994  14.226  29.936 0.4000000060
105397  -55.215  15.351  29.066 0.4000000060
105402  -51.604  14.273  29.088 0.4000000060
105403  -53.301  14.679  28.841 0.3000000119
105408  -50.169  13.970  28.174 0.3000000119
105410  -51.792  14.383  27.702 0.3000000119
105423  -53.694  14.867  26.030 0.1000000015
105446  -54.171  14.852  24.481 0.1000000015
105453  -43.015  14.049  23.453 0.1000000015
105458  -54.390  14.816  23.701 0.1000000015
105459  -54.538  14.754  22.884 0.1000000015
105460  -54.648  15.272  23.002 0.1000000015
105469  -45.719  14.401  22.075 0.1000000015
105482  -44.074  14.663  20.919 0.1000000015
105484  -46.210  14.506  21.459 0.1000000015
105486  -48.182  14.260  21.160 0.1000000015
106248  -52.514  15.197  35.644 0.3000000119
106249  -52.729  15.076  35.153 0.3000000119
106259  -51.760  15.258  35.322 0.1000000015
106265  -53.512  15.271  32.935 0.3000000119
106269  -50.203  15.216  32.139 0.1000000015
106272  -53.839  15.694  32.197 0.3000000119
106283  -55.045  15.555  30.691 0.3000000119
106299  -46.896  15.502  29.814 0.1000000015
106300  -47.787  15.522  30.066 0.1000000015
106302  -49.663  15.769  30.491 0.1000000015
106303  -50.479  15.864  30.844 0.1000000015
106321  -46.343  15.597  29.397 0.1000000015
106324  -49.202  15.869  29.881 0.1000000015
106325  -55.191  15.738  28.787 0.2000000030
106332  -47.124  15.889  28.383 0.1000000015
106345  -54.277  15.275  26.671 0.1000000015
106347  -55.155  16.540  26.631 0.1000000015
106369  -54.786  15.919  23.692 0.1000000015
106378  -54.486  15.465  22.003 0.1000000015
106379  -54.527  15.592  22.599 0.1000000015
106391  -54.691  15.113  21.791 0.1000000015
106392  -54.748  15.090  22.084 0.1000000015
107170  -52.416  16.377  30.871 0.1000000015
107171  -53.384  16.435  30.978 0.1000000015
107172  -54.096  16.330  30.956 0.3000000119
107198  -48.525  16.033  28.889 0.1000000015
107199  -49.235  16.098  29.296 0.1000000015
107200  -50.747  16.464  29.639 0.1000000015
107201  -51.969  16.714  29.482 0.1000000015
107202  -53.289  17.050  29.283 0.1000000015
107216  -46.307  16.159  27.976 0.1000000015
107217  -48.543  16.265  28.231 0.1000000015
107219  -50.142  16.521  28.212 0.1000000015
107222  -55.077  16.333  28.558 0.1000000015
107228  -46.318  16.493  27.260 0.1000000015
107229  -47.645  16.415  27.195 0.1000000015
107230  -48.578  16.451  27.455 0.1000000015
107232  -50.689  16.621  27.449 0.1000000015
107234  -52.303  16.928  28.068 0.1000000015
107243  -45.521  16.775  26.879 0.1000000015
107244  -46.393  16.808  26.448 0.1000000015
107249  -52.541  16.842  26.678 0.1000000015
107251  -55.164  17.006  26.396 0.1000000015
107252  -55.197  16.874  26.673 0.1000000015
107261  -47.850  16.731  25.110 0.1000000015
107262  -48.684  16.584  25.209 0.1000000015
107263  -49.490  16.527  25.280 0.1000000015
107266  -54.605  17.088  25.610 0.1000000015
107268  -54.740  16.569  24.849 0.1000000015
107282  -50.977  16.461  24.569 0.1000000015
107283  -51.969  16.427  24.173 0.1000000015
107285  -54.583  16.410  24.193 0.1000000015
107299  -54.752  16.019  23.383 0.1000000015
107300  -54.777  15.969  23.277 0.1000000015
107311  -53.232  16.017  22.956 0.1000000015
108063  -54.219  17.116  28.894 0.1000000015
108064  -54.808  16.927  28.281 0.1000000015
108079  -54.193  17.233  28.361 0.1000000015
108088  -55.028  16.987  27.535 0.1000000015
108089  -55.172  17.004  26.977 0.1000000015
108099  -44.859  17.296  26.347 0.1000000015
108100  -45.650  17.244  26.087 0.1000000015
108102  -53.892  17.357  27.015 0.1000000015
108113  -46.344  17.367  25.196 0.1000000015
130631  -46.898  13.589  36.200 0.1000000015
130717  -42.889  0.790  29.479 0.5000000000
131013  -50.829  14.048  23.986 0.1000000015
131200  -49.924  16.455  24.579 0.1000000015
131978  -42.868  8.833  36.949 0.8000000119
132202  -53.854  16.922  25.217 0.1000000015
132421  -49.806  16.581  26.005 0.1000000015
132571  -53.947  16.676  24.400 0.1000000015
132741  -52.276  14.519  28.528 0.3000000119
132812  -51.652  16.632  26.158 0.1000000015
133102  -44.802  8.508  39.974 0.6999999881
133129  -50.738  16.586  26.100 0.1000000015
133346  -49.572  9.582  42.056 0.6999999881
133850  -46.779  14.579  20.906 0.1000000015
134252  -51.706  14.769  37.382 0.3000000119
135053  -45.576  4.818  30.068 0.8000000119
135194  -56.350  -4.702  40.013 0.1000000015
135219  -51.238  15.312  32.502 0.1000000015
135340  -45.885  -3.540  29.874 0.1000000015
135885  -41.831  2.894  46.961 0.2000000030
136323  -46.772  7.696  45.149 0.4000000060
136703  -41.739  11.406  40.035 0.1000000015
136860  -39.276  0.944  32.471 0.1000000015
137210  -53.815  13.093  20.961 0.1000000015
137222  -40.204  7.497  35.191 0.6000000238
137693  -59.180  -5.183  38.827 0.1000000015
138351  -43.492  8.095  32.738 0.8000000119
139170  -49.090  16.549  26.614 0.1000000015
139404  -41.562  -1.933  31.202 0.2000000030
139513  -39.335  7.160  44.538 0.1000000015
139705  -30.289  -0.890  45.543 0.1000000015
139731  -38.556  11.656  36.412 0.1000000015
139814  -48.749  9.369  32.591 0.6999999881
139837  -37.184  8.003  43.310 0.1000000015
139924  -46.946  10.776  34.458 0.6000000238
140516  -48.918  8.619  46.009 0.3000000119
140555  -48.256  14.297  33.050 0.1000000015
140802  -46.942  7.322  31.563 0.6999999881
141104  -50.014  13.510  39.855 0.3000000119
141765  -39.983  1.241  45.748 0.3000000119
141772  -49.009  -0.444  21.186 0.2000000030
142382  -56.770  5.566  17.202 0.3000000119
142402  -54.801  16.677  29.007 0.1000000015
142740  -54.914  16.604  25.257 0.1000000015
143390  -43.692  7.705  41.983 0.6999999881
144123  -50.321  9.931  42.120 0.4000000060
144555  -54.758  13.538  32.129 0.6000000238
145187  -50.729  11.545  41.523 0.5000000000
145227  -42.709  14.282  22.881 0.1000000015
145672  -49.207  16.453  27.994 0.1000000015
145948  -32.422  4.206  48.539 0.1000000015
145954  -54.348  13.650  21.501 0.1000000015
146139  -37.456  5.046  35.889 0.3000000119
146209  -60.540  1.119  21.406 0.1000000015
146529  -39.033  11.441  37.142 0.1000000015
146723  -42.446  8.457  38.129 0.6999999881
146837  -55.239  14.796  29.423 0.5000000000
146906  -46.396  8.547  41.701 0.6999999881
147191  -55.095  16.053  25.936 0.1000000015
147224  -46.034  5.354  30.238 0.8000000119
147399  -47.029  16.225  27.610 0.1000000015
147604  -48.416  11.818  35.200 0.6000000238
148835  -56.991  -3.319  38.473 0.1000000015
148929  -51.457  1.128  38.686 0.1000000015
150036  -55.673  11.410  30.476 0.6000000238
150162  -46.781  10.898  36.360 0.6999999881
150551  -38.487  6.152  39.248 0.5000000000
150922  -42.044  13.378  33.202 0.1000000015
151305  -48.979  11.342  44.392 0.3000000119
151673  -55.415  1.222  29.263 0.1000000015
152135  -38.880  6.834  38.502 0.5000000000
152433  -54.721  16.367  24.489 0.1000000015
152618  -44.111  2.081  37.229 0.1000000015
153051  -58.304  -5.288  40.186 0.1000000015
153448  -44.611  13.239  34.647 0.1000000015
153550  -41.882  14.316  21.852 0.1000000015
153897  -60.271  0.991  20.563 0.1000000015
154143  -55.956  -1.683  19.496 0.1000000015
154176  -55.523  15.096  29.671 0.5000000000
154416  -50.417  0.908  33.685 0.1000000015
154707  -29.609  -0.906  41.388 0.1000000015
154745  -46.885  12.290  40.353 0.1000000015
154759  -50.602  14.116  25.357 0.1000000015
154764  -46.246  3.079  21.829 0.6999999881
154878  -42.443  7.627  41.470 0.6999999881
155133  -46.168  10.782  44.608 0.1000000015
155135  -51.951  0.240  35.109 0.1000000015
155152  -45.142  9.604  49.052 0.2000000030
155368  -51.287  14.175  27.284 0.1000000015
155490  -52.629  13.493  22.218 0.1000000015
155564  -50.888  13.402  40.070 0.4000000060
155665  -35.430  8.475  43.694 0.1000000015
155863  -54.942  -4.888  39.192 0.1000000015
156510  -49.698  8.243  31.390 0.6999999881
156521  -45.445  8.693  48.656 0.1000000015
156547  -44.033  13.541  32.811 0.1000000015
156548  -37.257  2.974  39.485 0.4000000060
156865  -39.700  11.545  36.981 0.1000000015
156924  -53.942  6.049  37.039 0.1000000015
157099  -47.423  4.822  28.940 0.6999999881
157138  -47.337  13.973  34.029 0.1000000015
157326  -46.499  15.280  30.322 0.1000000015
157773  -43.065  11.250  27.636 0.6000000238
157784  -46.562  13.638  24.377 0.1000000015
157900  -44.402  -3.438  29.988 0.1000000015
