#!ascii label  , from subject sub001 vox2ras=TkReg
3377
33560  -7.590  -56.317  51.305 0.6250000000
34660  -7.795  -55.549  51.484 0.6250000000
35759  -7.954  -54.818  51.667 0.5000000000
34674  -8.087  -55.730  50.592 0.6250000000
35772  -8.227  -54.991  50.862 0.6250000000
154523  -8.416  -55.613  49.977 0.6250000000
35773  -8.557  -54.468  50.348 0.6250000000
36859  -8.549  -53.372  51.107 0.6250000000
36858  -8.069  -53.975  51.826 0.5000000000
145297  -8.876  -54.957  49.221 0.5000000000
38024  -8.588  -52.060  52.187 0.5000000000
36851  -7.863  -53.699  52.725 0.5000000000
38032  -8.784  -52.340  51.247 0.5000000000
39168  -9.270  -50.672  51.812 0.6250000000
40356  -9.100  -50.388  52.523 0.5000000000
41560  -9.008  -49.263  54.254 0.1250000000
41572  -9.087  -49.628  53.623 0.3750000000
139257  -9.728  -49.684  51.606 0.6250000000
42771  -9.033  -48.810  54.768 0.1250000000
41582  -9.712  -49.151  52.184 0.5000000000
42804  -10.056  -48.527  51.729 0.6250000000
41593  -10.482  -48.482  50.763 0.6250000000
41548  -8.760  -49.271  55.226 0.1250000000
53202  -29.418  -37.989  62.619 0.3750000000
41561  -9.222  -48.740  54.146 0.1250000000
51179  -28.877  -38.679  61.769 0.3750000000
52210  -29.150  -38.308  62.251 0.3750000000
54231  -30.045  -37.314  62.340 0.3750000000
42783  -9.465  -48.326  53.725 0.3750000000
41573  -9.390  -49.081  53.315 0.2500000000
51195  -28.736  -38.830  60.765 0.3750000000
53214  -29.549  -37.755  62.075 0.3750000000
54248  -30.640  -36.452  61.466 0.3750000000
43940  -10.137  -47.759  52.287 0.6250000000
52251  -28.800  -38.949  58.812 0.7500000000
52239  -28.834  -38.614  59.803 0.5000000000
135016  -29.148  -38.130  60.807 0.5000000000
54247  -30.030  -36.977  61.150 0.5000000000
55349  -31.616  -35.601  61.429 0.5000000000
57470  -33.135  -34.142  61.992 0.3750000000
42793  -10.445  -47.894  51.406 0.7500000000
52238  -28.994  -38.462  59.051 0.7500000000
54262  -29.848  -37.096  60.121 0.7500000000
54263  -30.573  -36.369  60.725 0.6250000000
55356  -31.263  -35.780  61.077 0.5000000000
56412  -32.166  -34.990  60.694 0.5000000000
57483  -32.951  -34.110  61.253 0.3750000000
58599  -33.848  -32.805  60.342 0.3750000000
58600  -34.602  -32.333  60.744 0.3750000000
43949  -11.351  -46.630  51.150 0.7500000000
51229  -28.476  -39.622  57.472 0.8750000000
52250  -29.012  -38.636  58.299 0.8750000000
54279  -29.403  -37.561  58.430 0.8750000000
55367  -30.339  -36.315  59.795 0.7500000000
56422  -31.582  -35.168  59.866 0.7500000000
56423  -32.114  -34.800  60.123 0.5000000000
57507  -32.683  -33.638  59.904 0.5000000000
59626  -35.405  -31.697  61.242 0.3750000000
53272  -29.239  -38.198  57.918 0.8750000000
55383  -29.508  -36.988  58.293 0.7500000000
56436  -30.517  -35.441  58.574 0.7500000000
57506  -32.310  -34.069  59.710 0.5000000000
57517  -32.742  -33.390  59.129 0.6250000000
57518  -33.262  -33.051  59.388 0.6250000000
58612  -33.903  -32.667  59.558 0.5000000000
58613  -34.644  -32.316  59.854 0.3750000000
55411  -29.674  -35.932  57.141 1.0000000000
151506  -30.935  -34.846  58.321 0.7500000000
135481  -32.515  -33.417  58.467 0.8750000000
153911  -33.326  -32.861  58.747 0.7500000000
58626  -33.930  -32.576  58.803 0.5000000000
58627  -34.803  -32.215  58.997 0.5000000000
140449  -29.516  -36.255  56.242 1.0000000000
155977  -31.288  -34.073  57.098 1.0000000000
150751  -31.651  -33.989  57.463 0.8750000000
58639  -33.077  -32.667  57.199 0.7500000000
58640  -33.726  -32.519  57.870 0.7500000000
58641  -34.530  -32.144  58.119 0.6250000000
56470  -30.100  -35.036  56.869 1.0000000000
157733  -31.153  -33.861  56.278 1.0000000000
57549  -31.552  -33.793  56.606 1.0000000000
57551  -32.524  -32.959  56.570 0.7500000000
146934  -34.281  -31.985  56.203 0.6250000000
59672  -35.101  -31.612  57.380 0.6250000000
55425  -29.322  -36.183  55.411 1.0000000000
144032  -30.283  -34.686  56.168 1.0000000000
57563  -31.427  -33.785  55.794 1.0000000000
58654  -33.109  -32.545  56.164 0.8750000000
58666  -33.834  -32.239  55.651 0.7500000000
57562  -30.720  -34.112  55.926 1.0000000000
57577  -32.276  -33.286  54.948 1.0000000000
57566  -33.267  -32.442  55.063 0.8750000000
57579  -33.871  -32.377  54.075 0.8750000000
132622  -30.907  -34.052  55.148 1.0000000000
132775  -32.511  -33.147  54.032 1.0000000000
57597  -34.504  -32.462  53.123 0.8750000000
57592  -29.987  -34.683  53.702 1.0000000000
57593  -30.653  -34.315  53.596 1.0000000000
131251  -32.415  -33.873  53.413 1.0000000000
131478  -33.376  -32.987  52.763 1.0000000000
57613  -35.075  -33.600  52.231 1.0000000000
57610  -29.988  -34.564  52.885 1.0000000000
57612  -31.848  -34.237  52.697 1.0000000000
131248  -33.512  -34.008  52.624 1.0000000000
57629  -34.856  -34.126  51.856 1.0000000000
57630  -35.713  -34.194  51.893 1.0000000000
49317  -19.789  -42.683  45.684 0.1250000000
50343  -20.309  -41.940  45.603 0.1250000000
151821  -31.092  -34.265  52.001 1.0000000000
57627  -33.125  -34.449  51.859 1.0000000000
57645  -34.145  -34.372  50.120 1.0000000000
138186  -29.401  -34.819  50.379 1.0000000000
57644  -30.982  -34.316  50.089 1.0000000000
57661  -33.794  -34.371  49.318 1.0000000000
57662  -34.624  -34.426  49.329 1.0000000000
49307  -22.316  -42.262  46.464 0.1250000000
49308  -23.195  -42.342  46.055 0.1250000000
48224  -24.307  -44.044  46.827 0.1250000000
47185  -24.833  -44.527  46.328 0.1250000000
56557  -29.129  -34.943  49.480 1.0000000000
57659  -30.961  -34.334  49.313 1.0000000000
58724  -32.175  -33.981  48.118 1.0000000000
143346  -28.373  -37.356  46.426 0.8750000000
56571  -28.909  -35.296  48.635 1.0000000000
58737  -30.707  -33.974  47.369 1.0000000000
131998  -31.998  -33.373  45.974 1.0000000000
47197  -26.720  -44.208  45.313 0.3750000000
133130  -28.154  -37.017  45.778 0.8750000000
152432  -29.375  -34.662  47.068 0.8750000000
154404  -30.168  -33.606  44.967 0.8750000000
58788  -31.935  -33.514  44.249 0.8750000000
138823  -27.849  -42.488  44.812 0.6250000000
138391  -28.481  -42.373  44.615 0.6250000000
43933  -9.792  -47.596  53.395 0.5000000000
156163  -9.565  -47.826  54.104 0.2500000000
49096  -27.553  -40.171  60.311 0.5000000000
50131  -27.830  -40.105  59.864 0.5000000000
50118  -28.186  -39.745  60.594 0.5000000000
137320  -10.289  -47.014  52.811 0.6250000000
49112  -27.225  -40.356  58.998 0.5000000000
50132  -28.023  -40.001  59.148 0.5000000000
43941  -10.724  -46.966  51.835 0.7500000000
49114  -27.737  -40.167  58.663 0.6250000000
50133  -28.173  -39.874  58.770 0.6250000000
58588  -33.978  -32.911  61.197 0.3750000000
137748  -11.599  -46.747  50.548 0.8750000000
50147  -28.019  -40.059  58.196 0.6250000000
50148  -28.184  -40.045  57.840 0.7500000000
134914  -35.349  -31.835  60.299 0.3750000000
45033  -12.552  -45.666  50.513 0.8750000000
153820  -27.701  -40.394  57.273 0.6250000000
49161  -27.700  -40.475  56.514 0.7500000000
50164  -28.260  -40.202  57.007 0.8750000000
52263  -28.849  -38.802  57.546 0.8750000000
54298  -29.363  -37.521  57.551 0.8750000000
59640  -35.462  -31.851  59.483 0.3750000000
45044  -12.711  -45.883  49.840 0.8750000000
49162  -27.869  -40.555  55.978 0.8750000000
51242  -28.467  -39.806  56.745 0.8750000000
134965  -29.006  -38.327  57.116 0.8750000000
55397  -29.566  -36.603  57.730 1.0000000000
59641  -36.430  -31.413  59.192 0.2500000000
134683  -35.683  -31.765  58.885 0.3750000000
46099  -13.446  -44.763  50.005 0.7500000000
49189  -28.554  -41.774  54.758 0.8750000000
50204  -28.489  -41.118  54.737 0.8750000000
52284  -28.738  -38.445  56.161 1.0000000000
54311  -29.315  -36.954  56.750 1.0000000000
59660  -36.365  -31.352  58.289 0.3750000000
150220  -35.863  -31.342  57.637 0.3750000000
47148  -13.876  -44.315  49.703 0.7500000000
155579  -28.606  -40.118  54.380 0.8750000000
53311  -28.663  -38.902  55.049 1.0000000000
54323  -28.984  -36.958  55.679 1.0000000000
58667  -34.660  -31.788  55.228 0.5000000000
59688  -35.089  -31.428  56.127 0.6250000000
59689  -35.969  -31.021  56.695 0.5000000000
47160  -14.964  -44.310  48.323 0.5000000000
53324  -28.769  -38.724  54.106 1.0000000000
149089  -28.678  -37.330  54.936 1.0000000000
56484  -30.179  -34.774  55.305 1.0000000000
58668  -35.737  -31.310  54.743 0.5000000000
48221  -16.769  -42.847  47.422 0.6250000000
55434  -29.148  -36.014  54.601 1.0000000000
57581  -35.891  -32.236  53.182 0.7500000000
49295  -17.078  -42.154  47.492 0.6250000000
55442  -29.038  -36.031  53.686 1.0000000000
150085  -29.653  -35.232  54.314 1.0000000000
57615  -37.190  -33.704  52.369 1.0000000000
49304  -18.265  -42.736  46.084 0.5000000000
54354  -28.747  -36.831  52.228 1.0000000000
149883  -29.150  -35.825  52.952 1.0000000000
131246  -36.932  -34.090  52.109 1.0000000000
57614  -36.107  -33.664  52.315 1.0000000000
49316  -19.100  -42.828  45.761 0.3750000000
51380  -19.776  -41.209  45.753 0.5000000000
55450  -29.007  -35.999  52.341 1.0000000000
57624  -29.758  -34.692  52.026 1.0000000000
156541  -30.369  -34.381  52.236 1.0000000000
57648  -36.794  -34.505  50.353 1.0000000000
57631  -36.429  -34.230  51.857 1.0000000000
50342  -19.457  -42.075  45.697 0.5000000000
157063  -29.429  -39.872  49.361 1.0000000000
139666  -29.079  -39.202  49.653 1.0000000000
145376  -28.536  -37.429  50.390 1.0000000000
56543  -29.103  -35.513  51.019 1.0000000000
57625  -30.309  -34.369  51.528 1.0000000000
57663  -35.518  -34.498  49.371 1.0000000000
57646  -35.011  -34.384  50.176 1.0000000000
142429  -21.010  -42.038  45.729 0.1250000000
50344  -21.800  -41.464  45.656 0.1250000000
148844  -28.914  -38.625  49.344 1.0000000000
134333  -28.538  -36.692  49.882 1.0000000000
132654  -28.827  -35.645  50.181 1.0000000000
57642  -29.600  -34.752  51.227 1.0000000000
137677  -35.049  -34.469  48.579 1.0000000000
49321  -23.458  -41.834  45.398 0.2500000000
132588  -24.980  -43.000  45.434 0.1250000000
47195  -25.235  -44.059  45.689 0.1250000000
48251  -25.973  -43.558  45.344 0.1250000000
53395  -28.865  -38.208  48.700 1.0000000000
154136  -28.882  -38.153  48.075 1.0000000000
55474  -28.675  -35.955  49.290 1.0000000000
57714  -35.132  -34.418  45.951 0.8750000000
58741  -34.036  -33.941  47.104 1.0000000000
54409  -28.622  -37.333  47.182 1.0000000000
55484  -28.681  -36.336  48.443 1.0000000000
58774  -34.544  -34.166  45.356 0.8750000000
155319  -33.544  -33.821  44.539 0.7500000000
49325  -27.188  -42.583  45.099 0.6250000000
51386  -28.566  -41.173  44.767 0.6250000000
52417  -28.667  -39.641  45.340 0.7500000000
53441  -28.696  -38.824  46.083 0.7500000000
57743  -34.179  -34.461  43.578 0.7500000000
57764  -33.662  -34.871  43.208 0.7500000000
50351  -28.186  -41.782  44.816 0.7500000000
43934  -10.255  -46.705  53.735 0.5000000000
45002  -10.902  -46.170  52.956 0.6250000000
136413  -27.130  -40.288  59.791 0.5000000000
131883  -26.837  -40.490  58.292 0.6250000000
49141  -25.469  -40.446  57.852 0.6250000000
136895  -24.859  -39.990  58.098 0.6250000000
45032  -11.958  -45.995  50.930 0.8750000000
157090  -26.103  -40.638  57.405 0.6250000000
151266  -25.762  -40.480  55.939 0.7500000000
153297  -12.437  -45.479  51.058 0.8750000000
49126  -27.178  -40.374  58.101 0.6250000000
49144  -26.721  -40.610  57.041 0.7500000000
48110  -26.494  -40.555  55.929 0.7500000000
45034  -13.017  -45.246  50.296 0.8750000000
48098  -26.868  -40.583  56.672 0.7500000000
48119  -26.808  -40.654  55.567 0.7500000000
49171  -26.087  -40.888  54.910 0.7500000000
46086  -13.331  -44.546  50.771 0.7500000000
48120  -27.002  -41.168  55.100 0.8750000000
49185  -26.012  -41.778  54.656 0.7500000000
47136  -13.736  -44.089  50.393 0.7500000000
132768  -27.625  -41.451  55.079 0.8750000000
134345  -27.737  -42.453  54.275 0.8750000000
60610  -37.715  -30.700  56.971 0.3750000000
60609  -36.710  -30.927  57.288 0.3750000000
47149  -14.442  -44.051  49.238 0.7500000000
141633  -29.056  -41.985  53.569 0.8750000000
49216  -29.069  -41.793  52.811 0.8750000000
59690  -37.131  -30.728  56.220 0.3750000000
146632  -15.498  -43.006  49.093 0.7500000000
157983  -15.951  -42.676  48.709 0.7500000000
50216  -28.775  -40.537  53.892 1.0000000000
51270  -28.694  -39.896  53.802 1.0000000000
58680  -37.483  -31.623  53.845 0.3750000000
58669  -36.983  -31.151  54.444 0.3750000000
59705  -36.401  -30.929  55.487 0.3750000000
48209  -15.922  -43.093  48.166 0.7500000000
49287  -16.496  -42.289  48.257 0.7500000000
136601  -28.672  -39.649  53.128 1.0000000000
53337  -28.720  -37.842  53.787 1.0000000000
58679  -36.512  -31.717  53.672 0.3750000000
133344  -17.148  -41.603  47.987 0.6250000000
53354  -28.706  -38.486  52.472 1.0000000000
54343  -28.737  -37.541  52.940 1.0000000000
131477  -37.720  -34.183  52.089 1.0000000000
57598  -36.476  -32.779  52.501 0.8750000000
50325  -18.035  -42.124  46.545 0.6250000000
51355  -18.443  -40.627  46.919 0.6250000000
52328  -28.772  -39.195  51.477 1.0000000000
53367  -28.672  -38.360  51.522 1.0000000000
53353  -28.680  -37.686  52.121 1.0000000000
50326  -18.238  -41.510  46.702 0.5000000000
51368  -19.275  -40.512  46.311 0.6250000000
152316  -28.867  -38.984  50.558 1.0000000000
57665  -38.040  -34.567  49.627 1.0000000000
57649  -37.667  -34.525  50.403 1.0000000000
51369  -20.045  -40.285  45.813 0.5000000000
52354  -29.581  -40.380  48.849 1.0000000000
53366  -28.618  -38.079  50.727 1.0000000000
139069  -37.432  -34.545  49.096 1.0000000000
52413  -20.840  -40.049  45.626 0.5000000000
51382  -21.431  -40.669  45.471 0.3750000000
57681  -35.982  -34.527  48.576 1.0000000000
50345  -22.685  -41.275  45.469 0.2500000000
49322  -24.357  -42.126  45.168 0.2500000000
53396  -29.286  -39.366  48.825 1.0000000000
53408  -29.092  -38.941  47.925 1.0000000000
57715  -35.756  -34.537  46.512 0.8750000000
131928  -35.458  -34.484  47.815 1.0000000000
133829  -25.747  -42.716  45.253 0.6250000000
52386  -29.321  -39.729  47.287 0.8750000000
57730  -35.261  -34.382  44.861 0.8750000000
49324  -26.463  -42.740  45.231 0.7500000000
131527  -28.453  -41.313  45.653 0.7500000000
132944  -28.818  -40.704  45.577 0.7500000000
52406  -29.100  -40.005  46.451 0.8750000000
57765  -34.719  -34.993  43.013 0.7500000000
146771  -10.790  -46.043  53.993 0.6250000000
45004  -11.640  -45.285  52.765 0.6250000000
53307  -20.212  -38.044  55.909 0.8750000000
46072  -12.631  -44.519  52.120 0.8750000000
133078  -20.605  -37.892  55.131 1.0000000000
136757  -21.593  -37.717  55.105 1.0000000000
52283  -23.392  -38.363  55.301 0.8750000000
51250  -24.258  -39.143  55.495 0.8750000000
50188  -25.278  -40.176  55.739 0.7500000000
149792  -18.588  -38.545  53.972 1.0000000000
53322  -22.430  -37.828  54.700 0.8750000000
144391  -23.904  -38.812  54.711 0.8750000000
51251  -24.831  -39.780  55.408 0.7500000000
50189  -25.709  -40.513  55.240 0.7500000000
153507  -36.006  -31.432  59.883 0.2500000000
52312  -17.667  -39.033  52.642 1.0000000000
53321  -20.048  -38.066  54.364 1.0000000000
52292  -22.330  -37.867  53.721 0.8750000000
50202  -25.279  -40.160  54.954 0.8750000000
50203  -25.699  -40.757  54.513 0.8750000000
143451  -14.711  -43.225  50.422 1.0000000000
53349  -18.519  -38.474  52.961 1.0000000000
53350  -19.510  -38.158  52.182 1.0000000000
52303  -23.170  -38.287  53.252 0.8750000000
51260  -24.585  -39.524  54.589 0.8750000000
50213  -25.064  -40.407  53.062 0.8750000000
134867  -25.760  -42.359  54.183 0.8750000000
59661  -37.259  -31.123  58.557 0.2500000000
47137  -14.194  -43.724  50.009 0.7500000000
49247  -15.197  -42.624  50.787 1.0000000000
53351  -20.439  -37.923  52.785 1.0000000000
52302  -22.294  -37.987  52.758 1.0000000000
51286  -24.626  -39.581  52.377 0.8750000000
50229  -24.975  -41.515  52.842 0.8750000000
49200  -26.350  -42.673  53.925 0.8750000000
48198  -14.874  -43.440  49.626 0.6250000000
137294  -15.776  -42.148  50.282 0.8750000000
52314  -23.155  -38.331  52.266 1.0000000000
51268  -23.963  -38.848  52.797 0.8750000000
50228  -24.845  -40.730  52.013 0.8750000000
49211  -25.150  -42.245  52.517 0.8750000000
49213  -26.769  -42.642  52.328 0.8750000000
49215  -28.464  -42.270  52.891 0.8750000000
60619  -38.208  -30.639  55.952 0.3750000000
50262  -16.427  -41.561  49.796 0.8750000000
50239  -24.797  -41.383  51.401 0.8750000000
49212  -25.848  -42.521  51.940 0.8750000000
49214  -27.521  -42.597  52.721 0.8750000000
58681  -38.271  -31.874  53.670 0.3750000000
58682  -39.210  -31.826  53.747 0.3750000000
50288  -17.450  -40.993  48.473 0.7500000000
51338  -17.779  -40.186  48.861 0.7500000000
49250  -27.587  -42.567  50.910 1.0000000000
49251  -28.465  -42.361  51.053 1.0000000000
51287  -28.943  -40.623  51.874 1.0000000000
57600  -38.270  -32.956  52.411 0.5000000000
57584  -38.660  -32.365  52.957 0.3750000000
137174  -18.055  -40.588  47.954 0.6250000000
52362  -18.365  -39.699  48.464 0.7500000000
50241  -29.070  -41.926  51.243 1.0000000000
52315  -28.705  -39.323  52.342 1.0000000000
57633  -38.734  -34.180  52.128 1.0000000000
150693  -38.671  -33.799  52.388 0.8750000000
50307  -18.023  -41.186  47.364 0.6250000000
52380  -18.592  -39.857  47.627 0.6250000000
50254  -29.012  -41.921  50.473 1.0000000000
51315  -28.953  -39.799  50.851 1.0000000000
132443  -38.170  -34.411  51.227 1.0000000000
136917  -39.155  -34.328  51.142 0.8750000000
52382  -20.021  -38.678  47.603 0.7500000000
131664  -20.203  -39.057  46.859 0.8750000000
50267  -28.853  -41.851  49.585 1.0000000000
50268  -29.538  -41.228  50.013 1.0000000000
57666  -39.022  -34.398  49.334 1.0000000000
53438  -21.025  -38.981  46.471 0.6250000000
50291  -27.908  -42.042  48.367 1.0000000000
50292  -28.743  -41.731  48.732 1.0000000000
51328  -29.574  -40.500  49.599 1.0000000000
57683  -37.709  -34.533  48.320 1.0000000000
145206  -38.174  -34.497  48.952 1.0000000000
152626  -21.142  -39.397  45.872 0.5000000000
51383  -22.800  -40.384  45.319 0.7500000000
50311  -28.605  -41.589  47.895 1.0000000000
51341  -29.327  -41.117  48.300 1.0000000000
57718  -37.940  -34.294  46.844 1.0000000000
156022  -37.124  -34.586  48.030 1.0000000000
135861  -22.154  -40.826  45.413 0.5000000000
51384  -23.719  -40.397  45.301 0.5000000000
50329  -27.647  -41.666  46.666 0.7500000000
52366  -29.523  -40.194  47.932 0.8750000000
57732  -36.753  -34.247  45.531 0.8750000000
57717  -37.329  -34.246  46.202 0.8750000000
57698  -35.781  -34.530  47.190 1.0000000000
50347  -24.693  -41.530  45.120 0.5000000000
50349  -26.168  -41.896  45.437 0.6250000000
50327  -26.161  -41.147  45.928 0.7500000000
50330  -28.437  -41.511  46.794 0.7500000000
149084  -29.378  -40.507  47.132 0.8750000000
149472  -26.890  -42.094  45.544 0.6250000000
50350  -27.665  -41.788  45.650 0.7500000000
46052  -12.537  -44.182  53.170 0.7500000000
53320  -19.539  -38.286  55.259 1.0000000000
46085  -12.841  -45.038  51.168 0.8750000000
47104  -13.651  -43.540  52.053 0.8750000000
48170  -14.182  -43.286  51.623 1.0000000000
46073  -13.185  -44.208  51.609 0.8750000000
49226  -15.211  -42.383  51.649 1.0000000000
136239  -17.783  -38.928  53.627 1.0000000000
150290  -19.270  -38.360  54.404 1.0000000000
47121  -13.693  -43.851  51.176 0.8750000000
153156  -16.098  -41.029  52.207 1.0000000000
49248  -15.632  -41.917  51.124 1.0000000000
51298  -17.069  -40.022  51.308 1.0000000000
51284  -17.647  -39.314  51.591 1.0000000000
50249  -16.635  -40.788  50.987 1.0000000000
53364  -20.603  -37.819  51.904 1.0000000000
52313  -22.312  -37.938  51.874 1.0000000000
138805  -16.666  -40.983  50.236 1.0000000000
51311  -17.678  -39.622  50.607 0.8750000000
52324  -18.237  -38.861  50.855 1.0000000000
132199  -20.029  -38.006  51.255 1.0000000000
53365  -21.538  -37.732  51.574 1.0000000000
52327  -23.196  -38.264  51.386 1.0000000000
51285  -24.027  -38.798  51.771 1.0000000000
51300  -24.637  -40.474  51.105 1.0000000000
51324  -17.077  -40.747  49.443 0.8750000000
51325  -17.698  -39.925  49.742 1.0000000000
52335  -18.799  -38.539  50.226 1.0000000000
53377  -19.626  -38.022  50.457 1.0000000000
52326  -22.411  -37.878  51.129 1.0000000000
157892  -24.392  -39.659  50.789 1.0000000000
51313  -24.657  -41.057  50.566 1.0000000000
49228  -25.844  -42.364  50.984 1.0000000000
60673  -40.851  -31.258  51.702 0.5000000000
59734  -40.212  -31.969  51.684 0.5000000000
58691  -39.942  -32.078  53.045 0.3750000000
52348  -18.252  -39.469  49.258 1.0000000000
53392  -19.334  -38.163  49.546 1.0000000000
137256  -20.246  -37.803  49.959 1.0000000000
52350  -22.214  -38.297  49.792 1.0000000000
52351  -23.048  -38.800  49.970 1.0000000000
51312  -24.313  -40.151  50.394 1.0000000000
50250  -25.068  -41.519  49.925 1.0000000000
50251  -25.760  -42.129  50.131 1.0000000000
59745  -39.787  -32.528  50.800 0.6250000000
57618  -39.654  -33.565  51.774 0.7500000000
52363  -18.841  -38.880  48.850 1.0000000000
53393  -20.506  -38.008  49.229 1.0000000000
53406  -21.562  -38.250  49.163 1.0000000000
52352  -23.812  -39.671  49.821 1.0000000000
51326  -24.465  -40.577  49.560 1.0000000000
49249  -26.783  -42.497  50.336 1.0000000000
134631  -39.863  -33.367  50.089 0.8750000000
57652  -39.938  -33.887  50.296 0.8750000000
134379  -19.598  -38.224  48.782 1.0000000000
157337  -20.920  -38.224  48.759 1.0000000000
136568  -21.278  -38.338  48.279 1.0000000000
134421  -23.283  -39.251  49.192 1.0000000000
142812  -23.866  -39.848  49.126 1.0000000000
50263  -25.207  -41.281  49.086 1.0000000000
150700  -27.244  -42.405  49.589 1.0000000000
59766  -39.978  -32.971  48.184 1.0000000000
57667  -39.882  -33.502  49.607 1.0000000000
57651  -39.492  -34.265  50.287 1.0000000000
53405  -20.370  -38.279  48.312 0.8750000000
53420  -20.889  -38.532  47.394 1.0000000000
53422  -22.594  -38.638  47.585 1.0000000000
52384  -23.920  -39.094  47.168 1.0000000000
51339  -24.933  -40.251  47.778 1.0000000000
51340  -25.496  -40.999  48.232 1.0000000000
50264  -26.138  -41.722  48.712 1.0000000000
50266  -27.969  -42.216  49.191 1.0000000000
59783  -39.418  -32.016  47.149 1.0000000000
58743  -39.617  -33.139  47.444 1.0000000000
57685  -39.262  -34.145  48.526 1.0000000000
143428  -22.302  -38.633  46.748 0.8750000000
149673  -24.288  -39.350  46.463 1.0000000000
50289  -26.281  -41.366  47.733 1.0000000000
58775  -38.409  -33.368  46.036 1.0000000000
151563  -39.376  -33.111  46.646 1.0000000000
57701  -39.048  -34.124  47.831 1.0000000000
52403  -22.783  -38.876  46.075 0.7500000000
52404  -23.633  -39.029  46.240 0.7500000000
51357  -25.239  -40.042  46.864 0.7500000000
51358  -25.673  -40.698  47.286 0.8750000000
153762  -38.130  -32.416  45.585 1.0000000000
58758  -38.542  -33.771  46.524 1.0000000000
58742  -38.741  -34.059  47.127 1.0000000000
52405  -24.167  -39.603  45.767 0.6250000000
51385  -24.710  -40.537  45.404 0.6250000000
51371  -25.555  -40.542  46.206 0.7500000000
50309  -27.028  -41.603  47.172 0.7500000000
133905  -38.009  -32.956  45.542 1.0000000000
150608  -37.993  -33.926  46.218 1.0000000000
50328  -26.875  -41.591  46.149 0.7500000000
137141  -12.167  -44.711  52.679 0.6250000000
46053  -13.105  -43.868  52.607 0.8750000000
48151  -14.138  -43.044  52.417 1.0000000000
48152  -14.731  -42.701  52.244 1.0000000000
61592  -40.590  -30.415  49.659 0.6250000000
60682  -40.257  -31.572  50.370 0.6250000000
149823  -39.804  -31.415  47.917 1.0000000000
59760  -40.174  -31.935  49.380 0.8750000000
60693  -40.354  -31.294  49.871 0.7500000000
60718  -39.407  -31.007  47.207 1.0000000000
59767  -40.147  -31.590  48.722 1.0000000000
58718  -40.029  -32.882  49.531 0.8750000000
60732  -38.917  -30.703  46.663 1.0000000000
59793  -39.063  -31.723  46.649 1.0000000000
59773  -39.679  -32.450  47.679 1.0000000000
60742  -38.226  -31.132  45.807 1.0000000000
59792  -38.925  -32.398  46.180 1.0000000000
59782  -39.271  -32.651  46.504 1.0000000000
59807  -38.332  -31.992  45.766 1.0000000000
61622  -40.248  -30.625  48.474 0.7500000000
143211  -40.417  -29.383  48.730 0.6250000000
61621  -39.893  -30.330  47.757 1.0000000000
62595  -40.291  -29.743  48.264 0.7500000000
62594  -40.196  -28.928  48.139 0.6250000000
61657  -38.430  -30.371  46.048 1.0000000000
61641  -39.403  -30.032  47.150 1.0000000000
133869  -39.867  -29.453  47.636 0.7500000000
61640  -38.901  -29.733  46.573 1.0000000000
60741  -37.828  -31.201  45.441 1.0000000000
61668  -38.006  -30.574  45.590 1.0000000000
61667  -37.506  -30.404  45.150 1.0000000000
61656  -37.968  -29.816  45.537 1.0000000000
62574  -40.302  -28.846  48.876 0.6250000000
150094  -39.998  -28.368  48.411 0.6250000000
63699  -39.682  -28.775  47.523 0.8750000000
62624  -38.426  -29.365  45.977 1.0000000000
156204  -39.268  -28.643  47.019 1.0000000000
62636  -37.492  -29.441  45.050 1.0000000000
63674  -40.107  -28.317  49.073 0.6250000000
64789  -39.786  -27.894  48.676 0.6250000000
64773  -39.910  -27.826  49.344 0.3750000000
63687  -39.603  -27.945  47.895 0.6250000000
63709  -38.914  -28.264  46.560 0.8750000000
63708  -38.391  -28.624  45.884 1.0000000000
63698  -39.439  -28.284  47.335 0.7500000000
62623  -37.926  -28.994  45.429 1.0000000000
63726  -37.841  -28.388  45.273 1.0000000000
63725  -37.448  -28.686  44.904 1.0000000000
63744  -36.601  -28.938  43.762 1.0000000000
64772  -39.540  -27.461  49.027 0.5000000000
64788  -39.442  -27.487  48.354 0.6250000000
65924  -39.728  -27.326  49.673 0.3750000000
64815  -39.196  -27.804  47.082 0.7500000000
64833  -38.308  -28.000  45.721 0.8750000000
64814  -38.720  -27.764  46.421 0.7500000000
65952  -39.198  -27.422  47.638 0.6250000000
152280  -39.138  -27.073  48.135 0.6250000000
65937  -39.198  -27.073  48.728 0.6250000000
65967  -38.681  -27.225  46.826 0.6250000000
137344  -37.389  -28.202  44.791 1.0000000000
65983  -38.317  -27.347  45.930 0.7500000000
152919  -37.074  -27.771  44.455 0.7500000000
64869  -36.403  -28.122  43.519 1.0000000000
157077  -36.602  -27.731  43.913 0.8750000000
64877  -36.058  -27.892  42.803 1.0000000000
64832  -37.919  -27.506  45.323 0.7500000000
67006  -38.244  -26.388  46.917 0.6250000000
65982  -37.807  -26.863  45.390 0.6250000000
147464  -37.808  -25.915  46.352 0.6250000000
134583  -37.365  -26.364  44.904 0.6250000000
66010  -36.253  -27.355  43.239 0.8750000000
149679  -36.674  -27.167  43.975 0.8750000000
132694  -36.404  -26.519  43.331 0.8750000000
64891  -35.769  -27.710  42.180 0.8750000000
154304  -35.973  -27.316  42.646 0.8750000000
67015  -37.557  -25.877  45.570 0.6250000000
67028  -37.217  -25.391  44.772 0.7500000000
67982  -37.986  -24.345  47.075 0.3750000000
67996  -37.507  -24.623  45.362 0.6250000000
67027  -37.073  -24.919  43.997 0.8750000000
68004  -37.429  -24.272  44.552 0.8750000000
148912  -36.379  -24.742  42.713 0.8750000000
148249  -37.874  -23.829  46.033 0.5000000000
68950  -37.815  -23.573  45.099 0.6250000000
150740  -38.888  -22.675  46.116 0.6250000000
70828  -44.316  -20.806  49.350 0.1250000000
150040  -37.293  -24.030  43.908 0.8750000000
69901  -38.202  -22.993  44.772 0.6250000000
69919  -38.807  -22.725  45.213 0.6250000000
68963  -37.760  -23.525  44.280 0.8750000000
69942  -38.131  -23.085  43.993 0.8750000000
145911  -38.728  -22.830  44.392 0.7500000000
156057  -40.513  -22.867  45.276 0.3750000000
133958  -41.881  -22.643  46.260 0.2500000000
68942  -42.526  -22.030  46.186 0.2500000000
69893  -43.171  -21.207  46.498 0.2500000000
68982  -37.524  -23.612  43.376 0.8750000000
68983  -38.223  -23.271  43.346 1.0000000000
69943  -38.806  -22.931  43.645 0.7500000000
69944  -39.633  -22.958  43.697 0.7500000000
69920  -41.057  -22.825  44.469 0.5000000000
138689  -42.019  -22.597  44.753 0.3750000000
68952  -42.790  -22.009  45.696 0.2500000000
69012  -36.711  -23.535  41.765 0.8750000000
155761  -38.000  -23.421  42.852 1.0000000000
155823  -39.495  -23.145  42.561 0.8750000000
68984  -40.205  -22.934  42.942 0.8750000000
69945  -41.089  -22.754  43.538 0.7500000000
69921  -41.694  -22.638  44.022 0.6250000000
130483  -39.124  -23.366  42.096 0.8750000000
137005  -39.865  -23.146  42.113 0.8750000000
68998  -40.604  -22.908  42.168 0.8750000000
69015  -39.454  -23.113  41.430 0.8750000000
152349  -39.599  -23.193  39.034 0.8750000000
69060  -39.477  -23.367  38.356 0.8750000000
70815  -44.928  -20.437  49.968 0.1250000000
143241  -45.573  -20.078  50.523 0.1250000000
70838  -44.259  -20.584  48.393 0.1250000000
70829  -44.866  -20.284  48.977 0.1250000000
146788  -43.507  -20.931  46.920 0.2500000000
69865  -43.691  -20.859  47.687 0.1250000000
68943  -42.895  -21.560  46.063 0.2500000000
69905  -43.174  -21.703  45.552 0.2500000000
69904  -42.803  -22.254  44.997 0.2500000000
69946  -41.728  -22.575  43.382 0.5000000000
131684  -42.943  -22.084  44.136 0.5000000000
69000  -41.921  -22.456  42.502 0.8750000000
69947  -42.282  -22.248  43.216 0.6250000000
154347  -40.866  -22.912  41.561 0.8750000000
69017  -41.330  -22.758  41.386 0.8750000000
69036  -39.804  -22.937  40.698 1.0000000000
69037  -40.669  -22.929  40.773 0.8750000000
68064  -39.313  -23.058  39.966 0.8750000000
68065  -40.014  -22.998  40.061 0.8750000000
146690  -40.497  -22.898  40.069 0.8750000000
71804  -45.553  -19.929  51.366 0.1250000000
71827  -45.589  -20.202  49.575 0.1250000000
71817  -46.214  -19.818  50.151 0.1250000000
70839  -44.883  -20.305  48.073 0.1250000000
69894  -43.745  -20.866  46.308 0.1250000000
69906  -43.710  -21.256  45.553 0.2500000000
70857  -44.073  -20.920  45.994 0.2500000000
69923  -43.436  -21.799  44.941 0.3750000000
69924  -43.952  -21.366  45.024 0.3750000000
70885  -43.574  -21.591  44.189 0.5000000000
69948  -42.947  -21.879  43.418 0.5000000000
154225  -42.464  -22.065  43.074 0.6250000000
69959  -42.797  -21.795  42.701 0.6250000000
68999  -41.353  -22.707  42.148 0.8750000000
69018  -41.876  -22.503  41.902 0.8750000000
69969  -42.317  -22.077  41.843 0.8750000000
69970  -42.773  -21.591  42.167 0.8750000000
69968  -41.723  -22.420  41.244 0.8750000000
70939  -41.739  -21.850  40.355 1.0000000000
69048  -40.077  -23.034  39.553 0.8750000000
69049  -40.988  -22.790  40.339 0.8750000000
69991  -41.224  -22.456  40.039 0.8750000000
70948  -41.328  -21.902  39.650 1.0000000000
146219  -41.692  -21.287  39.893 1.0000000000
69990  -40.635  -22.822  39.659 0.8750000000
69061  -40.116  -23.111  38.944 0.8750000000
71828  -46.214  -20.031  49.294 0.1250000000
71837  -45.522  -20.345  47.781 0.1250000000
140095  -45.543  -20.252  48.666 0.1250000000
70849  -44.877  -20.554  47.182 0.2500000000
144956  -44.844  -20.681  46.565 0.1250000000
69983  -42.008  -22.009  41.066 0.8750000000
71847  -45.390  -20.510  47.025 0.1250000000
70868  -44.240  -21.012  45.588 0.2500000000
70858  -44.627  -20.781  46.090 0.2500000000
70869  -44.670  -20.838  45.616 0.2500000000
70902  -43.430  -21.502  43.355 0.5000000000
149386  -43.811  -21.266  43.916 0.5000000000
143406  -44.385  -20.921  44.876 0.3750000000
70915  -43.281  -21.351  42.678 0.6250000000
70916  -43.812  -21.096  43.301 0.5000000000
70930  -42.995  -20.978  41.975 0.8750000000
70929  -42.498  -21.558  41.558 0.8750000000
71939  -43.169  -20.334  41.865 0.8750000000
70940  -42.231  -21.369  40.880 0.8750000000
71953  -42.392  -20.427  40.705 0.8750000000
71965  -42.059  -20.984  40.258 1.0000000000
71964  -41.769  -20.208  39.699 1.0000000000
72945  -41.270  -19.908  38.953 0.8750000000
72946  -41.834  -19.107  39.096 1.0000000000
71861  -45.132  -20.628  46.329 0.2500000000
71892  -44.792  -20.515  45.161 0.3750000000
71873  -45.088  -20.536  45.807 0.2500000000
70903  -44.073  -20.971  44.140 0.5000000000
71891  -44.395  -20.549  44.424 0.3750000000
72854  -45.259  -19.998  45.521 0.2500000000
71922  -43.521  -20.817  42.546 0.6250000000
151434  -43.873  -20.602  42.971 0.3750000000
72885  -44.390  -19.947  43.876 0.5000000000
71940  -43.624  -19.998  42.405 0.6250000000
72904  -44.057  -19.908  43.062 0.5000000000
73932  -44.441  -19.064  43.242 0.3750000000
71954  -42.646  -20.801  41.395 0.8750000000
73957  -44.125  -18.916  42.231 0.6250000000
72926  -42.854  -19.867  41.109 0.8750000000
72917  -43.480  -19.243  41.481 0.7500000000
73966  -44.136  -18.325  41.266 0.7500000000
145109  -42.166  -20.045  40.151 0.8750000000
72925  -42.552  -19.232  40.326 0.8750000000
73974  -43.125  -18.136  40.120 0.7500000000
72927  -43.709  -18.228  40.655 0.7500000000
73967  -44.689  -17.453  40.533 0.7500000000
72935  -42.193  -19.149  39.680 0.8750000000
72936  -42.616  -18.117  39.628 0.8750000000
133043  -43.402  -17.318  39.453 0.7500000000
73975  -43.969  -17.408  39.933 0.7500000000
73983  -42.207  -18.111  39.144 1.0000000000
73984  -42.945  -17.298  38.976 1.0000000000
130965  -42.504  -17.399  38.481 0.8750000000
72886  -44.799  -19.980  44.677 0.3750000000
73933  -44.736  -19.156  44.104 0.3750000000
73905  -45.109  -19.152  44.845 0.3750000000
73950  -44.943  -18.171  42.508 0.7500000000
73958  -44.888  -17.884  41.513 0.6250000000
74982  -45.705  -17.427  41.834 0.5000000000
147273  -45.787  -17.080  40.890 0.6250000000
150677  -44.183  -16.888  39.331 0.7500000000
73976  -44.779  -16.825  39.692 0.7500000000
73985  -43.907  -16.713  38.749 0.7500000000
73986  -44.680  -16.480  39.009 0.7500000000
73998  -43.334  -16.784  38.266 0.8750000000
75001  -45.528  -16.696  40.123 0.6250000000
75002  -46.309  -16.517  40.450 0.5000000000
75011  -45.351  -16.386  39.416 0.6250000000
75030  -43.716  -16.497  37.376 0.8750000000
73999  -44.552  -16.281  38.301 0.8750000000
75031  -44.478  -16.199  37.626 0.8750000000
75012  -46.128  -16.270  39.813 0.6250000000
75004  -47.332  -16.154  40.624 0.3750000000
75021  -45.975  -16.011  38.997 0.7500000000
75013  -46.874  -16.170  40.178 0.5000000000
75020  -45.167  -16.154  38.633 0.7500000000
75032  -45.079  -16.053  37.844 0.8750000000
75045  -43.797  -16.602  36.278 0.8750000000
75046  -44.447  -16.200  36.820 0.8750000000
137232  -45.078  -16.061  36.345 0.7500000000
75057  -45.767  -15.907  36.344 0.6250000000
76071  -45.532  -16.346  34.274 0.8750000000
76082  -49.648  -16.409  33.113 0.8750000000
151430  -50.291  -16.538  33.309 0.7500000000
132376  -50.733  -16.536  33.467 0.6250000000
77092  -51.413  -16.014  33.602 0.6250000000
75022  -46.882  -15.931  39.319 0.5000000000
75023  -47.722  -15.871  38.975 0.5000000000
76021  -48.088  -15.899  39.508 0.2500000000
75033  -45.874  -15.904  38.061 0.5000000000
75034  -46.965  -15.815  38.258 0.5000000000
155688  -47.429  -15.843  38.672 0.5000000000
75048  -45.831  -15.914  37.199 0.7500000000
75049  -46.805  -15.809  37.271 0.7500000000
135019  -46.713  -15.770  36.396 0.7500000000
75067  -45.577  -16.148  35.376 0.7500000000
75058  -46.640  -15.807  35.480 0.7500000000
132490  -47.700  -15.794  34.758 0.7500000000
75068  -46.593  -16.042  34.422 0.7500000000
75060  -48.603  -15.869  34.994 0.7500000000
76062  -49.307  -16.097  35.126 0.7500000000
75077  -47.722  -16.025  33.880 0.8750000000
149070  -49.271  -16.226  34.556 0.8750000000
136352  -49.822  -16.425  34.533 0.7500000000
76074  -50.810  -16.613  34.088 0.6250000000
76080  -47.517  -16.207  33.015 0.8750000000
136356  -49.612  -16.461  33.852 0.7500000000
76084  -51.183  -16.463  33.702 0.5000000000
77093  -52.052  -15.476  34.099 0.6250000000
75035  -47.852  -15.741  37.212 0.6250000000
134313  -48.102  -15.899  37.971 0.3750000000
76031  -49.437  -15.988  38.094 0.1250000000
144888  -49.057  -15.829  38.970 0.2500000000
154754  -47.730  -15.691  36.436 0.7500000000
76041  -48.822  -15.964  36.861 0.2500000000
76042  -49.076  -16.030  37.454 0.2500000000
75059  -47.693  -15.694  35.628 0.7500000000
75050  -48.532  -15.800  36.413 0.3750000000
148282  -48.597  -15.799  35.736 0.6250000000
76053  -49.313  -15.979  35.841 0.6250000000
132229  -50.026  -16.285  35.416 0.5000000000
76063  -49.794  -16.283  35.102 0.7500000000
149423  -50.817  -16.529  34.966 0.5000000000
76065  -51.179  -16.327  35.660 0.2500000000
76064  -50.280  -16.508  34.638 0.7500000000
76075  -51.477  -16.423  34.348 0.6250000000
77086  -52.923  -15.107  35.129 0.2500000000
77084  -51.731  -16.154  34.006 0.5000000000
149549  -49.927  -15.853  38.771 0.1250000000
136108  -49.644  -16.032  36.401 0.1250000000
76033  -51.192  -15.583  38.026 0.1250000000
77055  -51.792  -15.301  38.929 0.1250000000
132318  -50.193  -16.062  36.558 0.2500000000
76055  -50.972  -16.099  36.390 0.2500000000
76045  -51.697  -15.669  37.094 0.1250000000
138121  -52.766  -15.092  38.978 0.1250000000
146015  -53.548  -14.946  39.003 0.1250000000
76054  -50.385  -16.220  35.831 0.2500000000
77064  -52.505  -15.278  37.390 0.1250000000
154956  -52.626  -15.825  36.065 0.2500000000
146260  -52.972  -15.439  36.189 0.2500000000
77066  -53.664  -14.596  37.273 0.1250000000
79116  -55.617  -13.904  38.525 0.1250000000
77078  -52.634  -15.796  35.531 0.2500000000
77079  -53.151  -15.202  35.718 0.2500000000
149594  -55.416  -13.279  36.906 0.1250000000
79126  -56.403  -13.067  37.607 0.1250000000
80142  -56.997  -12.463  37.364 0.1250000000
79136  -56.182  -12.672  36.920 0.1250000000
33579  -8.391  -56.200  49.891 0.3750000000
35760  -8.384  -54.263  51.012 0.5000000000
34675  -8.517  -55.067  50.018 0.6250000000
36864  -8.850  -53.711  50.275 0.6250000000
36852  -8.315  -53.060  52.003 0.5000000000
34706  -9.400  -55.419  48.580 0.3750000000
35785  -8.939  -54.273  49.609 0.6250000000
38013  -8.438  -51.812  53.127 0.5000000000
39167  -8.813  -51.112  52.368 0.5000000000
39179  -9.117  -51.376  51.524 0.6250000000
40357  -9.517  -50.153  51.751 0.6250000000
40341  -9.354  -49.733  52.617 0.6250000000
132048  -9.703  -48.442  52.735 0.5000000000
43948  -11.029  -47.480  50.784 0.7500000000
42772  -9.378  -48.119  54.739 0.1250000000
51205  -28.348  -39.519  60.265 0.5000000000
54238  -30.066  -37.098  61.806 0.3750000000
53225  -29.576  -37.602  61.480 0.3750000000
146840  -29.552  -37.541  60.773 0.5000000000
56413  -32.487  -34.601  60.941 0.3750000000
53252  -29.218  -38.060  58.743 0.7500000000
55368  -31.069  -35.681  60.350 0.6250000000
55369  -31.738  -35.300  60.565 0.6250000000
56424  -32.388  -34.348  60.353 0.6250000000
57495  -32.754  -33.905  60.575 0.3750000000
57496  -33.364  -33.495  60.838 0.3750000000
57508  -33.235  -33.265  60.093 0.5000000000
45019  -11.421  -45.995  51.846 0.8750000000
55385  -30.782  -35.575  59.469 0.7500000000
56437  -31.295  -34.978  59.044 0.7500000000
57516  -32.253  -33.927  58.915 0.6250000000
55398  -29.926  -35.881  57.990 0.8750000000
56452  -30.286  -35.241  57.763 0.8750000000
56438  -31.944  -34.565  59.385 0.7500000000
57533  -30.911  -34.433  57.578 0.8750000000
56453  -31.637  -34.336  58.433 0.8750000000
57534  -32.146  -33.763  58.005 0.8750000000
58625  -32.981  -32.940  58.236 0.7500000000
57550  -32.059  -33.499  57.008 1.0000000000
58655  -33.718  -32.346  56.715 0.7500000000
58656  -34.356  -32.013  57.112 0.7500000000
133642  -29.623  -35.564  55.122 1.0000000000
57564  -32.044  -33.409  55.909 1.0000000000
132180  -31.784  -33.810  55.031 1.0000000000
57565  -32.587  -32.859  55.634 1.0000000000
57567  -34.239  -32.166  54.649 0.8750000000
157826  -32.627  -32.831  54.873 1.0000000000
58678  -35.253  -31.819  54.115 0.7500000000
57580  -34.842  -32.193  53.619 0.8750000000
134283  -31.264  -34.088  54.316 1.0000000000
131479  -32.120  -33.807  54.207 1.0000000000
57595  -32.981  -32.812  53.459 1.0000000000
57596  -33.576  -32.591  53.373 1.0000000000
133466  -35.475  -32.624  52.768 1.0000000000
132774  -34.218  -32.825  52.605 1.0000000000
57611  -30.904  -34.277  52.801 1.0000000000
57594  -31.602  -34.154  53.494 1.0000000000
131250  -32.814  -33.380  53.080 1.0000000000
131247  -34.221  -33.666  52.284 1.0000000000
56518  -29.380  -35.241  52.547 1.0000000000
131249  -32.746  -34.208  52.698 1.0000000000
132445  -35.378  -34.361  51.110 1.0000000000
57628  -33.988  -34.217  51.881 1.0000000000
132446  -34.497  -34.317  51.060 1.0000000000
49318  -20.359  -42.750  45.816 0.1250000000
51381  -20.577  -40.947  45.570 0.3750000000
57626  -32.100  -34.407  51.772 1.0000000000
135134  -31.206  -34.334  51.081 1.0000000000
132479  -33.610  -34.436  50.990 1.0000000000
154863  -31.959  -34.452  51.068 1.0000000000
156405  -32.658  -34.520  50.859 1.0000000000
143561  -33.302  -34.480  50.049 1.0000000000
57658  -30.064  -34.344  49.622 1.0000000000
57643  -30.202  -34.360  50.651 1.0000000000
153665  -31.875  -34.459  50.369 1.0000000000
57679  -33.381  -34.221  48.651 1.0000000000
57678  -32.496  -34.240  48.853 1.0000000000
132957  -34.190  -34.310  48.591 1.0000000000
57660  -32.546  -34.462  49.810 1.0000000000
49320  -22.545  -41.834  45.862 0.1250000000
150226  -23.688  -42.949  46.245 0.1250000000
48238  -24.411  -43.553  46.099 0.1250000000
57675  -29.648  -34.563  48.606 1.0000000000
57676  -30.528  -34.284  48.732 1.0000000000
57677  -31.476  -34.204  48.624 1.0000000000
147818  -31.741  -34.384  49.497 1.0000000000
57696  -30.882  -34.120  48.100 1.0000000000
58725  -32.911  -33.994  48.022 1.0000000000
58738  -31.526  -33.839  47.637 1.0000000000
58739  -32.392  -33.702  47.417 1.0000000000
55491  -28.708  -35.825  47.191 0.8750000000
152026  -28.807  -35.704  47.924 1.0000000000
138909  -28.642  -38.046  46.689 1.0000000000
154126  -28.902  -35.407  47.527 0.8750000000
154499  -29.705  -34.560  47.745 1.0000000000
157457  -31.165  -33.679  46.871 1.0000000000
57695  -30.232  -34.267  47.983 1.0000000000
150046  -29.992  -34.231  47.157 1.0000000000
58753  -30.472  -33.808  46.383 1.0000000000
58755  -32.624  -33.530  46.590 1.0000000000
58754  -31.265  -33.454  46.144 0.8750000000
58772  -32.788  -33.483  45.670 1.0000000000
148550  -31.442  -33.318  45.458 0.8750000000
48252  -26.906  -43.439  45.056 0.5000000000
151532  -27.577  -43.178  44.856 0.6250000000
57712  -28.948  -34.822  46.256 0.8750000000
57693  -28.928  -35.186  47.041 0.8750000000
58771  -32.042  -33.380  45.111 0.8750000000
58803  -32.502  -33.887  43.763 0.8750000000
48262  -28.405  -43.177  44.745 0.5000000000
43919  -9.735  -47.221  54.517 0.2500000000
49146  -27.946  -40.407  56.945 0.7500000000
50190  -28.103  -40.517  55.686 0.8750000000
52285  -28.545  -39.381  55.910 0.8750000000
53292  -29.125  -37.780  56.745 1.0000000000
50191  -28.290  -40.355  55.456 1.0000000000
46113  -13.709  -44.942  49.240 0.7500000000
49202  -28.554  -42.198  54.060 0.8750000000
50205  -28.490  -40.561  54.719 1.0000000000
131401  -28.961  -37.598  56.152 1.0000000000
51261  -28.499  -39.900  55.098 1.0000000000
53310  -28.669  -37.866  55.404 1.0000000000
48208  -15.204  -43.637  48.748 0.6250000000
47161  -15.681  -43.923  47.827 0.5000000000
53323  -28.638  -37.996  54.561 1.0000000000
52304  -28.751  -39.275  53.634 1.0000000000
157857  -28.828  -36.568  54.181 1.0000000000
131742  -28.736  -36.951  53.608 1.0000000000
134565  -36.766  -32.346  52.944 0.6250000000
50306  -17.668  -41.759  47.245 0.6250000000
131544  -28.879  -36.525  52.947 1.0000000000
57599  -37.460  -32.788  52.495 1.0000000000
57632  -37.133  -34.370  51.297 1.0000000000
152403  -18.910  -41.330  46.169 0.5000000000
56531  -29.260  -35.372  51.794 1.0000000000
55458  -28.855  -36.206  51.604 1.0000000000
153949  -28.619  -37.255  51.348 1.0000000000
132444  -36.234  -34.452  51.151 1.0000000000
57647  -35.912  -34.527  50.251 1.0000000000
57664  -36.538  -34.540  49.413 1.0000000000
148351  -37.283  -34.542  49.767 1.0000000000
133169  -28.633  -37.763  49.549 1.0000000000
55465  -28.674  -36.418  50.775 1.0000000000
148352  -21.023  -41.445  45.551 0.3750000000
54385  -28.634  -37.063  48.967 1.0000000000
57680  -34.555  -34.289  47.837 1.0000000000
48250  -24.031  -42.645  45.632 0.2500000000
47196  -25.982  -44.347  45.587 0.1250000000
138092  -28.870  -38.110  47.503 1.0000000000
54398  -28.754  -37.395  48.093 1.0000000000
57697  -34.979  -34.394  46.956 1.0000000000
58757  -34.298  -33.978  46.197 0.8750000000
58756  -33.458  -33.646  46.364 1.0000000000
58740  -33.208  -33.737  47.245 1.0000000000
58726  -33.722  -34.037  47.908 1.0000000000
58790  -34.222  -34.115  44.413 0.7500000000
58773  -33.696  -33.701  45.302 0.7500000000
58804  -33.411  -34.082  43.875 0.7500000000
58789  -32.854  -33.625  44.614 0.8750000000
53423  -28.996  -38.917  46.998 0.8750000000
57744  -34.958  -34.433  43.717 0.7500000000
130541  -34.206  -35.582  42.911 0.7500000000
49159  -25.940  -40.558  56.424 0.6250000000
149927  -25.813  -40.566  58.353 0.6250000000
45020  -12.133  -45.224  51.734 0.8750000000
49184  -25.639  -41.684  54.289 0.8750000000
49187  -27.284  -42.122  54.780 0.8750000000
48186  -14.162  -43.535  50.791 1.0000000000
151072  -27.699  -42.562  53.506 0.8750000000
50242  -29.114  -41.492  51.932 1.0000000000
49230  -27.799  -42.504  51.843 0.8750000000
50230  -28.869  -40.836  52.878 1.0000000000
59706  -37.614  -30.816  55.211 0.3750000000
48199  -15.358  -42.859  49.964 1.0000000000
58670  -38.047  -31.285  54.449 0.3750000000
57582  -37.440  -32.160  53.228 0.5000000000
49288  -16.736  -41.551  48.846 0.8750000000
53338  -28.750  -38.511  53.341 1.0000000000
140693  -17.700  -41.243  47.814 0.6250000000
52339  -29.180  -39.839  49.995 1.0000000000
52381  -19.348  -39.265  47.371 0.5000000000
57650  -38.614  -34.496  50.314 1.0000000000
57682  -36.875  -34.571  48.525 1.0000000000
52401  -20.419  -39.495  46.022 0.5000000000
139274  -22.079  -40.207  45.446 0.6250000000
157946  -36.489  -34.572  47.698 1.0000000000
50346  -23.327  -41.108  45.245 0.3750000000
132706  -23.999  -41.333  45.067 0.3750000000
57716  -36.515  -34.478  46.292 0.8750000000
133640  -36.300  -34.554  46.924 1.0000000000
49323  -25.200  -42.132  45.136 0.5000000000
57745  -36.167  -34.343  44.773 0.8750000000
57731  -35.931  -34.495  45.676 0.8750000000
56638  -35.662  -35.416  42.778 0.5000000000
132767  -21.219  -37.750  54.250 1.0000000000
52293  -23.234  -38.247  54.255 0.8750000000
50187  -24.724  -39.736  56.093 0.7500000000
53334  -19.540  -38.207  53.467 1.0000000000
51259  -23.937  -38.845  53.851 0.8750000000
136589  -25.210  -40.222  54.049 0.8750000000
53335  -20.461  -37.953  53.622 1.0000000000
50214  -25.403  -41.094  53.712 0.8750000000
48171  -14.655  -42.967  51.238 1.0000000000
53363  -18.410  -38.628  51.855 1.0000000000
53352  -21.399  -37.777  52.337 1.0000000000
53336  -21.323  -37.807  53.224 1.0000000000
51269  -24.615  -39.552  53.455 0.8750000000
49198  -25.222  -42.118  53.544 0.8750000000
49199  -25.923  -42.579  53.105 0.8750000000
52325  -19.077  -38.306  51.118 1.0000000000
141925  -24.564  -39.619  51.446 1.0000000000
50248  -16.233  -41.482  50.654 1.0000000000
50240  -25.128  -42.141  51.613 0.8750000000
49229  -26.764  -42.569  51.352 0.8750000000
51301  -29.077  -40.382  51.152 1.0000000000
57601  -38.867  -32.908  52.289 0.6250000000
151720  -18.833  -39.212  48.097 0.7500000000
52349  -18.649  -38.889  49.581 1.0000000000
50253  -28.020  -42.428  50.130 1.0000000000
50255  -29.402  -41.202  51.001 1.0000000000
57617  -39.236  -33.805  52.205 0.8750000000
53404  -19.426  -38.657  48.146 0.6250000000
149921  -40.009  -33.864  51.575 0.7500000000
58717  -39.686  -33.868  49.024 1.0000000000
150139  -39.702  -34.032  49.714 1.0000000000
53421  -21.814  -38.466  47.523 0.8750000000
52402  -21.851  -38.947  46.047 0.7500000000
57684  -38.621  -34.398  48.421 1.0000000000
52416  -23.285  -39.472  45.593 0.7500000000
50310  -27.837  -41.821  47.516 1.0000000000
57699  -37.433  -34.526  47.569 1.0000000000
131847  -37.009  -34.502  46.909 1.0000000000
57700  -38.282  -34.386  47.662 1.0000000000
51359  -29.151  -41.081  47.451 1.0000000000
57733  -37.580  -33.699  45.552 1.0000000000
50348  -25.462  -41.224  45.442 0.6250000000
50308  -26.280  -41.166  46.711 0.7500000000
51372  -29.094  -41.019  46.524 0.8750000000
49227  -15.640  -41.606  51.956 1.0000000000
51283  -16.988  -39.774  52.464 1.0000000000
50238  -16.519  -40.518  51.896 1.0000000000
50237  -16.145  -41.259  51.471 1.0000000000
51310  -17.118  -40.330  50.368 1.0000000000
146107  -20.858  -37.711  51.250 1.0000000000
53379  -21.539  -37.771  50.849 1.0000000000
52336  -22.353  -38.087  50.413 1.0000000000
51299  -24.012  -38.859  50.941 1.0000000000
52337  -23.194  -38.412  50.666 1.0000000000
52338  -23.852  -39.227  50.395 1.0000000000
131326  -25.134  -41.846  50.757 1.0000000000
58700  -40.261  -32.043  52.140 0.5000000000
58705  -39.809  -32.679  51.138 0.5000000000
53394  -21.309  -37.957  50.032 1.0000000000
53407  -22.526  -38.664  49.210 1.0000000000
50252  -26.417  -42.197  49.502 1.0000000000
58712  -39.823  -32.862  50.090 0.6250000000
154717  -39.757  -33.143  50.496 0.7500000000
52364  -22.907  -38.895  48.414 1.0000000000
52365  -23.704  -39.382  48.291 1.0000000000
52353  -24.320  -40.101  48.545 1.0000000000
52383  -23.259  -38.914  47.664 1.0000000000
51327  -24.832  -40.685  48.647 1.0000000000
50265  -27.096  -42.211  48.882 1.0000000000
130680  -39.633  -33.613  48.150 1.0000000000
58728  -40.083  -32.582  48.875 1.0000000000
138089  -24.324  -39.655  47.769 1.0000000000
50290  -27.039  -41.913  48.066 1.0000000000
149529  -39.288  -33.595  47.299 1.0000000000
51370  -24.875  -39.797  46.236 0.7500000000
58776  -38.772  -32.769  45.923 1.0000000000
134778  -39.068  -33.204  46.275 1.0000000000
156605  -39.035  -33.543  46.754 1.0000000000
60703  -40.420  -30.940  49.208 0.7500000000
61584  -40.659  -30.866  50.381 0.6250000000
61606  -40.556  -30.059  48.945 0.6250000000
60731  -38.566  -31.422  46.219 1.0000000000
137101  -40.557  -29.504  49.378 0.6250000000
62613  -39.325  -29.215  47.095 0.8750000000
62612  -38.863  -28.939  46.528 0.8750000000
61666  -37.078  -29.995  44.590 1.0000000000
62635  -37.083  -29.138  44.452 1.0000000000
63745  -36.944  -28.326  44.296 1.0000000000
64850  -37.648  -27.891  45.013 0.7500000000
65966  -38.108  -26.642  46.124 0.6250000000
65993  -37.335  -27.179  44.718 0.8750000000
66011  -36.829  -26.185  44.188 0.8750000000
66022  -36.021  -26.750  42.712 0.8750000000
67988  -37.557  -25.000  46.259 0.7500000000
67045  -36.614  -25.437  43.372 0.8750000000
68020  -36.903  -24.334  43.329 0.8750000000
68951  -38.308  -23.010  45.649 0.5000000000
154450  -39.714  -22.842  44.587 0.7500000000
69902  -39.601  -22.661  45.651 0.5000000000
69903  -41.493  -22.830  45.428 0.2500000000
69892  -42.339  -22.429  45.559 0.2500000000
68996  -38.733  -23.205  42.848 0.8750000000
68997  -39.352  -22.978  43.131 0.8750000000
130904  -40.417  -22.925  43.812 0.7500000000
137610  -38.191  -23.389  42.201 0.8750000000
68985  -41.129  -22.754  42.816 0.7500000000
69922  -42.292  -22.431  44.078 0.5000000000
69013  -37.545  -23.296  41.547 1.0000000000
68986  -41.703  -22.552  42.796 0.6250000000
69016  -40.217  -22.963  41.447 1.0000000000
68047  -38.987  -23.033  40.685 1.0000000000
68079  -39.481  -23.119  39.399 0.8750000000
136963  -38.948  -23.448  38.585 0.8750000000
68100  -38.902  -23.812  37.660 0.8750000000
69881  -44.078  -20.649  46.999 0.1250000000
155426  -43.736  -21.016  45.884 0.2500000000
69958  -42.283  -22.182  42.515 0.8750000000
69038  -41.290  -22.741  40.841 0.8750000000
69882  -44.454  -20.700  46.468 0.2500000000
69982  -41.489  -22.406  40.646 0.8750000000
71909  -44.087  -20.599  43.635 0.3750000000
156158  -43.082  -18.939  40.748 0.7500000000
135562  -46.529  -16.622  40.862 0.5000000000
152556  -44.031  -16.392  38.068 0.8750000000
75003  -46.883  -16.369  40.734 0.3750000000
134378  -47.354  -15.951  39.707 0.3750000000
75047  -45.067  -15.990  37.107 0.7500000000
76081  -48.676  -16.211  33.286 0.8750000000
77091  -50.845  -16.423  33.267 0.7500000000
76072  -48.654  -16.113  34.226 0.8750000000
76073  -50.340  -16.597  33.930 0.6250000000
76030  -48.567  -15.917  38.455 0.2500000000
76056  -52.002  -16.102  36.069 0.2500000000
76066  -51.798  -16.317  35.165 0.3750000000
77085  -52.258  -15.832  34.643 0.3750000000
76032  -50.278  -15.910  38.013 0.1250000000
76043  -49.818  -16.059  37.245 0.1250000000
76044  -50.639  -15.922  37.203 0.1250000000
76034  -52.149  -15.269  38.091 0.1250000000
77056  -52.983  -15.050  38.123 0.1250000000
77074  -52.536  -15.577  36.606 0.2500000000
77057  -53.678  -14.759  38.170 0.1250000000
77065  -53.105  -15.013  37.132 0.2500000000
78118  -53.473  -14.773  36.368 0.2500000000
78119  -53.995  -14.191  36.848 0.2500000000
78108  -54.262  -14.296  37.813 0.1250000000
78109  -55.070  -13.860  37.808 0.1250000000
78120  -54.617  -13.838  37.141 0.2500000000
42827  -11.712  -47.997  49.105 0.6250000000
43968  -12.072  -47.219  49.273 0.6250000000
43980  -12.339  -47.504  48.449 0.5000000000
142047  -12.927  -46.840  48.270 0.5000000000
45068  -13.547  -46.621  47.696 0.5000000000
46138  -14.597  -45.706  47.615 0.2500000000
46139  -15.339  -45.579  47.303 0.3750000000
58577  -34.263  -32.900  62.052 0.2500000000
138307  -11.916  -47.015  49.683 0.6250000000
43957  -11.568  -47.264  50.081 0.7500000000
58589  -34.687  -32.308  61.575 0.2500000000
43969  -12.386  -46.507  49.520 0.6250000000
45058  -13.264  -46.271  48.608 0.6250000000
45051  -13.512  -45.669  48.900 0.6250000000
45059  -13.941  -45.986  48.104 0.6250000000
46125  -14.080  -45.295  48.412 0.6250000000
46126  -14.723  -44.967  47.887 0.3750000000
145325  -16.325  -44.346  47.174 0.3750000000
149819  -17.906  -43.262  46.263 0.3750000000
43958  -12.125  -46.437  50.088 0.7500000000
45050  -12.940  -46.048  49.256 0.6250000000
45045  -13.201  -45.457  49.586 0.6250000000
46114  -14.286  -44.653  48.738 0.5000000000
48220  -16.497  -43.634  47.314 0.6250000000
50362  -29.542  -41.826  43.922 0.5000000000
132040  -32.592  -35.742  43.502 0.7500000000
132230  -32.787  -35.127  43.312 0.6250000000
55558  -34.894  -36.892  43.102 0.1250000000
55559  -35.627  -37.069  42.902 0.1250000000
59673  -37.249  -31.004  57.841 0.2500000000
130528  -37.996  -30.796  57.811 0.2500000000
49303  -17.532  -42.596  46.768 0.5000000000
50369  -29.183  -41.047  43.737 0.5000000000
52433  -28.793  -39.304  43.620 0.6250000000
53473  -28.701  -37.922  43.770 0.7500000000
56631  -28.792  -36.285  43.808 0.7500000000
56633  -30.295  -35.616  43.596 0.7500000000
55556  -31.649  -35.858  43.624 0.7500000000
56635  -31.966  -35.249  43.351 0.7500000000
153978  -35.034  -36.577  42.766 0.3750000000
55578  -35.641  -36.278  42.616 0.2500000000
57762  -31.418  -34.586  43.416 0.7500000000
57763  -32.214  -34.460  43.368 0.7500000000
139333  -32.916  -34.432  43.447 0.7500000000
56639  -36.462  -35.849  42.605 0.2500000000
55580  -37.225  -36.373  42.681 0.2500000000
47025  -15.112  -42.498  58.882 0.3750000000
47037  -14.514  -42.824  58.198 0.3750000000
139458  -15.357  -42.377  58.080 0.3750000000
47081  -13.736  -43.190  53.199 0.7500000000
47066  -14.306  -42.666  54.199 0.7500000000
135051  -14.448  -42.638  53.196 0.7500000000
49196  -15.083  -42.280  53.229 0.8750000000
58671  -38.959  -31.241  54.433 0.2500000000
49333  -29.126  -42.543  44.365 0.5000000000
50361  -28.794  -41.676  44.262 0.6250000000
51395  -28.751  -40.724  44.081 0.5000000000
51405  -29.073  -40.197  43.646 0.6250000000
139841  -28.649  -38.635  43.747 0.6250000000
56601  -28.360  -35.771  45.268 0.7500000000
58786  -29.784  -33.960  44.685 0.7500000000
134855  -31.293  -33.332  44.742 0.7500000000
57746  -36.270  -34.327  43.759 0.6250000000
57767  -36.480  -34.889  42.793 0.3750000000
58801  -30.909  -34.008  43.701 0.7500000000
57782  -37.270  -35.409  42.472 0.2500000000
56653  -38.037  -35.696  42.332 0.2500000000
155291  -13.755  -43.295  57.935 0.3750000000
138810  -14.178  -42.824  57.154 0.3750000000
47050  -14.281  -42.693  56.378 0.5000000000
47038  -15.123  -42.415  57.372 0.5000000000
47049  -13.588  -43.218  56.363 0.5000000000
150825  -14.053  -42.838  55.861 0.5000000000
47051  -14.909  -42.378  56.604 0.5000000000
48109  -15.692  -42.099  56.824 0.5000000000
48097  -15.901  -42.090  57.595 0.5000000000
46030  -13.134  -43.763  54.842 0.5000000000
47057  -13.610  -43.270  55.427 0.5000000000
47058  -14.650  -42.442  55.886 0.5000000000
48118  -15.352  -42.021  56.093 0.6250000000
136041  -13.149  -43.753  53.738 0.5000000000
48126  -14.951  -42.189  55.141 0.6250000000
47065  -13.680  -43.224  54.431 0.6250000000
135060  -14.960  -42.287  54.083 0.7500000000
48127  -15.472  -41.789  54.764 0.7500000000
48135  -15.373  -41.933  53.977 0.7500000000
49210  -15.327  -42.046  52.545 0.8750000000
49197  -15.564  -41.660  53.446 0.8750000000
50226  -15.827  -41.288  52.804 0.8750000000
58683  -39.868  -31.715  53.843 0.2500000000
54426  -28.274  -37.859  45.846 0.7500000000
54445  -28.101  -37.484  44.931 0.7500000000
136759  -36.690  -33.880  44.609 0.7500000000
57747  -37.126  -33.269  44.431 0.7500000000
135978  -28.623  -40.274  44.576 0.6250000000
149855  -28.709  -39.905  43.960 0.6250000000
53463  -28.393  -38.191  44.269 0.6250000000
54468  -28.352  -37.486  44.177 0.6250000000
131356  -36.989  -34.650  42.376 0.5000000000
57783  -37.816  -34.815  41.900 0.3750000000
49169  -16.071  -41.705  56.372 0.7500000000
130776  -15.732  -41.705  55.624 0.6250000000
49183  -15.828  -41.436  54.336 0.7500000000
50211  -16.125  -41.009  53.747 0.8750000000
50227  -16.428  -40.518  52.966 0.8750000000
59806  -37.649  -31.880  45.281 0.8750000000
59805  -37.120  -31.928  44.562 0.8750000000
136492  -36.657  -33.804  42.646 0.5000000000
57799  -37.385  -33.976  41.650 0.5000000000
49157  -16.624  -41.290  56.603 0.7500000000
136251  -16.968  -40.889  56.173 0.7500000000
150827  -16.091  -41.362  55.200 0.7500000000
50186  -16.628  -40.981  55.595 0.7500000000
50177  -25.139  -40.233  56.530 0.6250000000
141636  -16.885  -40.580  55.120 0.8750000000
50201  -16.388  -40.912  54.726 0.8750000000
50212  -16.682  -40.334  54.145 0.8750000000
51267  -17.041  -39.837  54.039 0.8750000000
145414  -40.843  -31.114  53.828 0.2500000000
62501  -41.342  -29.959  54.335 0.2500000000
60662  -40.968  -31.172  52.527 0.3750000000
60661  -41.105  -30.898  53.154 0.2500000000
61674  -36.736  -30.651  44.128 0.7500000000
60755  -35.923  -31.867  42.772 0.6250000000
60748  -36.859  -31.352  44.257 0.6250000000
60740  -37.311  -31.242  44.916 0.8750000000
60767  -35.793  -32.407  41.848 0.6250000000
60756  -36.310  -32.595  42.704 0.6250000000
50161  -24.517  -39.673  57.690 0.5000000000
51248  -17.285  -40.442  55.655 0.7500000000
50176  -24.588  -39.750  56.874 0.6250000000
135471  -24.973  -39.968  59.099 0.5000000000
51257  -17.301  -40.118  54.792 0.8750000000
52300  -17.233  -39.506  53.424 0.8750000000
137591  -40.726  -29.960  50.055 0.5000000000
142418  -41.159  -30.707  51.451 0.3750000000
62657  -35.732  -29.435  42.285 0.7500000000
61673  -36.402  -30.517  43.606 0.6250000000
61696  -35.161  -30.897  41.527 0.6250000000
61682  -35.618  -30.407  42.298 0.6250000000
61683  -35.975  -30.917  42.986 0.6250000000
61707  -34.610  -30.336  40.471 0.5000000000
61716  -34.579  -30.110  39.869 0.5000000000
61726  -34.872  -29.579  39.169 0.2500000000
51258  -17.858  -39.607  55.043 0.8750000000
51241  -24.198  -39.091  56.338 0.7500000000
52274  -23.313  -38.346  56.412 0.6250000000
144730  -17.952  -39.028  54.400 0.8750000000
63761  -36.159  -28.749  42.958 0.7500000000
62644  -36.182  -29.790  43.144 0.8750000000
142681  -35.397  -28.291  41.489 0.6250000000
138339  -35.280  -29.181  41.552 0.6250000000
63800  -34.413  -28.690  40.094 0.6250000000
62688  -34.456  -29.578  40.243 0.5000000000
64905  -34.477  -27.746  40.039 0.6250000000
62703  -34.510  -29.323  39.594 0.6250000000
52282  -18.947  -38.931  55.842 0.8750000000
52262  -23.310  -38.549  57.546 0.6250000000
53306  -19.498  -38.441  56.092 0.8750000000
53308  -21.312  -37.756  55.877 0.7500000000
53309  -22.445  -37.820  55.614 0.7500000000
149389  -35.417  -27.432  41.490 0.6250000000
64906  -34.940  -27.121  40.715 0.6250000000
66044  -34.610  -26.963  40.054 0.6250000000
63839  -34.790  -28.398  38.421 0.3750000000
64941  -34.616  -27.573  38.295 0.3750000000
63859  -35.297  -28.253  37.953 0.3750000000
145851  -35.252  -27.319  37.550 0.3750000000
63860  -36.005  -28.121  37.442 0.3750000000
64975  -37.418  -27.640  36.369 0.5000000000
64989  -37.958  -27.211  35.845 0.5000000000
66125  -38.664  -26.846  35.596 0.5000000000
64892  -35.715  -26.988  42.146 0.7500000000
66034  -35.333  -26.548  41.392 0.6250000000
66045  -34.813  -26.155  40.480 0.6250000000
66077  -34.570  -26.523  38.718 0.5000000000
66091  -34.990  -26.317  37.857 0.5000000000
64956  -36.091  -27.341  36.936 0.5000000000
66092  -35.677  -26.402  37.200 0.5000000000
66111  -36.423  -26.455  36.724 0.5000000000
66112  -37.297  -26.438  36.277 0.5000000000
156998  -38.097  -26.405  35.811 0.5000000000
67136  -38.797  -25.929  35.801 0.5000000000
142369  -39.828  -25.804  35.667 0.5000000000
67137  -39.904  -25.022  35.737 0.3750000000
65936  -38.799  -26.469  48.363 0.3750000000
66992  -38.334  -25.987  47.643 0.2500000000
66035  -35.655  -25.979  42.055 0.7500000000
67057  -36.155  -25.839  42.746 0.7500000000
156769  -35.898  -25.078  42.256 0.7500000000
67074  -35.651  -24.759  41.608 0.7500000000
67085  -35.093  -25.052  40.216 0.6250000000
67094  -35.358  -24.804  39.256 0.6250000000
67100  -35.783  -24.729  38.439 0.6250000000
67108  -35.655  -25.515  37.788 0.6250000000
67109  -36.237  -25.609  37.134 0.6250000000
139945  -37.996  -25.650  36.170 0.6250000000
67125  -38.576  -25.209  36.351 0.5000000000
72955  -41.457  -19.016  38.337 0.8750000000
67126  -39.249  -25.074  36.134 0.5000000000
68113  -39.271  -24.165  36.638 0.5000000000
69096  -39.735  -23.665  35.870 0.5000000000
72964  -40.223  -19.464  36.987 0.6250000000
73997  -42.115  -17.618  37.847 0.8750000000
74010  -42.772  -17.009  37.677 0.7500000000
68127  -39.664  -24.510  35.911 0.3750000000
141699  -39.635  -22.905  36.062 0.5000000000
144396  -39.599  -22.074  35.980 0.5000000000
72009  -39.637  -20.521  35.906 0.6250000000
74017  -40.888  -18.248  35.945 0.6250000000
75043  -41.723  -17.578  36.301 0.6250000000
75044  -42.807  -16.948  36.543 0.7500000000
68128  -40.287  -24.350  35.499 0.2500000000
69097  -40.414  -23.388  35.371 0.3750000000
136367  -40.040  -21.915  35.315 0.5000000000
72022  -40.583  -20.344  34.640 0.3750000000
74026  -41.316  -18.716  34.418 0.6250000000
150415  -42.282  -17.289  35.233 0.6250000000
68032  -36.147  -24.208  42.032 0.7500000000
68981  -36.769  -23.892  42.608 0.7500000000
68046  -35.525  -24.344  40.731 0.6250000000
146510  -36.077  -23.738  41.233 0.7500000000
68075  -35.694  -24.123  39.776 0.6250000000
68090  -36.610  -24.174  38.441 0.6250000000
67101  -36.446  -24.878  37.815 0.6250000000
67124  -37.421  -25.352  36.716 0.6250000000
67111  -38.094  -24.927  36.874 0.6250000000
68112  -38.690  -24.541  36.896 0.6250000000
145392  -40.182  -20.367  37.629 0.7500000000
72944  -40.724  -19.639  38.095 0.7500000000
70015  -39.576  -22.690  36.643 0.5000000000
139593  -39.612  -21.927  36.846 0.5000000000
70966  -39.801  -21.135  37.209 0.6250000000
74038  -42.283  -18.246  33.561 0.5000000000
74027  -41.833  -17.992  34.329 0.6250000000
72040  -43.381  -19.876  32.566 0.3750000000
72041  -43.887  -20.385  32.343 0.2500000000
71043  -45.595  -21.397  31.706 0.1250000000
69034  -36.866  -23.130  40.929 0.8750000000
68061  -36.275  -23.451  40.298 0.6250000000
68062  -37.340  -23.134  40.012 0.7500000000
69014  -38.591  -23.259  41.442 0.8750000000
68076  -36.713  -23.568  39.240 0.7500000000
68063  -38.451  -23.105  39.911 0.8750000000
74983  -46.388  -17.010  42.145 0.2500000000
147479  -46.723  -16.618  41.764 0.2500000000
156726  -37.409  -23.714  38.563 0.6250000000
74994  -46.422  -16.828  41.346 0.2500000000
67102  -37.400  -24.342  37.930 0.6250000000
68078  -38.779  -23.243  39.208 0.7500000000
142202  -36.981  -25.102  37.271 0.6250000000
68099  -38.252  -24.164  37.707 0.7500000000
70000  -40.915  -22.422  39.435 0.7500000000
67110  -37.639  -24.761  37.330 0.6250000000
69998  -39.951  -23.080  38.089 0.7500000000
70956  -40.700  -21.829  38.751 0.7500000000
71976  -41.246  -20.998  39.319 0.7500000000
69071  -39.360  -23.490  37.459 0.7500000000
70007  -40.305  -22.532  38.168 0.7500000000
136603  -39.614  -23.124  37.237 0.7500000000
133077  -43.172  -17.077  34.688 0.7500000000
149250  -43.198  -16.917  35.607 0.7500000000
74045  -42.745  -18.500  32.897 0.5000000000
140629  -43.574  -17.479  33.038 0.6250000000
73000  -43.982  -19.482  32.042 0.3750000000
152267  -44.426  -18.793  31.814 0.5000000000
72057  -45.296  -20.375  31.468 0.2500000000
72042  -44.451  -20.384  31.935 0.2500000000
152035  -45.031  -18.332  43.460 0.3750000000
74984  -47.020  -16.518  42.350 0.2500000000
74995  -46.934  -16.451  41.172 0.2500000000
75066  -44.727  -16.562  34.815 0.7500000000
75088  -44.038  -17.722  32.438 0.6250000000
74047  -43.912  -18.462  32.154 0.3750000000
73010  -44.756  -19.489  31.646 0.5000000000
73011  -45.480  -19.258  31.300 0.5000000000
73042  -50.604  -19.372  29.356 0.2500000000
74084  -51.498  -18.193  28.543 0.1250000000
76147  -52.106  -16.664  28.306 0.1250000000
77139  -51.501  -15.105  28.344 0.2500000000
77140  -52.416  -15.234  28.236 0.1250000000
157061  -51.224  -14.301  28.560 0.2500000000
76078  -45.376  -16.422  33.488 0.7500000000
76070  -44.654  -16.602  33.750 0.7500000000
152138  -45.238  -16.765  32.506 0.5000000000
75097  -44.556  -18.060  31.910 0.5000000000
73022  -46.124  -18.821  30.953 0.5000000000
74060  -46.640  -18.438  30.613 0.5000000000
73024  -47.528  -19.631  30.231 0.3750000000
74061  -47.366  -18.576  30.160 0.5000000000
73040  -48.960  -19.413  29.488 0.3750000000
73041  -49.779  -19.434  29.376 0.2500000000
74075  -51.006  -18.760  28.914 0.2500000000
74083  -50.492  -17.988  28.586 0.1250000000
75131  -51.122  -17.505  28.406 0.2500000000
76146  -51.272  -16.709  28.355 0.2500000000
144989  -51.034  -15.815  28.491 0.1250000000
77138  -50.715  -14.916  28.714 0.3750000000
79197  -51.358  -13.283  28.665 0.2500000000
76079  -46.097  -16.285  33.569 0.7500000000
76105  -45.631  -16.808  32.042 0.6250000000
74053  -46.136  -17.926  30.989 0.5000000000
73039  -48.114  -19.140  29.660 0.3750000000
74072  -48.171  -18.323  29.674 0.3750000000
146613  -48.687  -18.757  29.449 0.3750000000
74074  -49.666  -18.087  28.936 0.3750000000
75129  -49.904  -17.462  28.676 0.3750000000
75130  -50.456  -17.136  28.484 0.3750000000
76140  -50.474  -16.378  28.593 0.3750000000
148347  -50.470  -15.717  28.757 0.3750000000
78176  -50.133  -14.271  29.254 0.3750000000
157258  -49.167  -13.053  29.580 0.3750000000
138724  -48.692  -12.506  29.578 0.5000000000
81134  -48.893  -11.845  29.125 0.3750000000
78186  -50.652  -13.758  28.874 0.3750000000
80213  -49.407  -12.410  29.266 0.3750000000
80222  -49.676  -11.881  28.786 0.3750000000
81158  -48.702  -10.892  28.113 0.3750000000
132374  -49.832  -11.487  28.234 0.2500000000
81159  -49.280  -11.176  27.945 0.2500000000
81176  -49.509  -10.984  26.860 0.2500000000
81191  -50.252  -11.156  25.889 0.1250000000
149611  -46.905  -16.155  33.547 0.7500000000
76106  -46.462  -16.680  31.721 0.6250000000
76092  -46.462  -16.320  32.680 0.7500000000
75109  -47.378  -17.145  30.605 0.6250000000
75099  -46.624  -17.211  31.018 0.6250000000
75108  -46.935  -17.832  30.531 0.6250000000
75120  -47.687  -17.729  30.073 0.6250000000
85688  -51.988  -7.030  33.841 0.5000000000
86727  -52.739  -6.044  34.232 0.1250000000
86729  -53.987  -5.342  34.490 0.1250000000
131704  -54.735  -4.804  34.596 0.1250000000
88703  -54.702  -3.684  34.170 0.1250000000
75121  -48.506  -17.595  29.671 0.3750000000
74073  -48.950  -18.148  29.366 0.3750000000
75122  -49.348  -17.394  29.163 0.3750000000
85693  -50.904  -6.388  32.886 0.6250000000
86734  -51.574  -6.282  33.445 0.2500000000
149254  -52.096  -5.497  33.518 0.2500000000
87739  -52.984  -5.082  34.146 0.1250000000
87740  -53.832  -4.477  34.155 0.1250000000
157492  -53.205  -4.424  33.626 0.1250000000
76145  -49.871  -16.823  28.724 0.3750000000
148437  -50.048  -16.098  28.919 0.3750000000
77129  -50.197  -15.260  29.102 0.5000000000
84803  -49.150  -7.868  31.249 0.7500000000
85691  -49.875  -6.774  31.648 0.7500000000
85692  -50.322  -6.630  32.347 0.5000000000
87746  -52.542  -4.674  33.194 0.2500000000
87747  -53.100  -4.152  32.788 0.3750000000
136010  -49.398  -13.774  29.636 0.3750000000
80212  -48.257  -12.593  30.056 0.5000000000
80211  -47.844  -11.950  30.275 0.5000000000
81139  -47.855  -10.898  29.221 0.5000000000
83906  -48.544  -8.417  30.234 0.6250000000
84820  -49.586  -7.195  30.191 0.7500000000
85695  -50.353  -6.087  31.211 0.7500000000
86738  -51.904  -4.926  32.463 0.3750000000
86741  -51.472  -5.197  31.667 0.3750000000
82043  -48.134  -10.522  28.468 0.3750000000
83003  -48.175  -9.626  28.216 0.5000000000
83921  -48.529  -8.890  27.678 0.6250000000
84821  -50.008  -6.905  29.662 0.7500000000
82074  -48.764  -10.119  27.112 0.2500000000
83938  -48.673  -9.031  26.964 0.3750000000
83917  -48.836  -8.095  28.048 0.6250000000
78142  -53.027  -14.038  34.478 0.3750000000
79157  -52.966  -13.435  34.297 0.3750000000
79148  -53.551  -13.312  34.598 0.2500000000
78141  -52.366  -14.394  34.129 0.3750000000
79156  -52.264  -13.511  33.916 0.5000000000
81095  -53.929  -11.460  34.470 0.2500000000
144988  -53.675  -10.824  34.319 0.1250000000
144408  -47.124  -16.238  32.185 0.7500000000
77102  -50.851  -15.656  33.110 0.6250000000
78140  -51.597  -15.113  33.686 0.5000000000
81106  -52.678  -11.817  34.003 0.2500000000
81999  -53.962  -10.221  34.291 0.2500000000
75100  -47.326  -16.528  31.397 0.7500000000
77101  -50.503  -16.296  32.828 0.7500000000
79155  -51.380  -13.568  33.564 0.5000000000
143143  -52.980  -10.930  34.088 0.2500000000
82012  -53.296  -10.253  34.093 0.3750000000
82956  -54.180  -9.664  34.339 0.2500000000
83877  -55.015  -8.822  34.531 0.1250000000
91723  -59.153  -2.146  36.413 0.1250000000
76096  -50.011  -16.261  32.379 0.7500000000
78149  -50.396  -14.683  32.642 0.7500000000
79166  -50.494  -13.721  33.121 0.7500000000
81105  -51.604  -11.836  33.645 0.7500000000
140537  -52.116  -11.054  33.727 0.3750000000
82011  -52.428  -10.283  33.783 0.6250000000
83883  -53.617  -9.139  34.249 0.2500000000
144921  -54.028  -8.722  34.382 0.1250000000
141284  -55.139  -7.297  34.599 0.1250000000
88706  -58.721  -2.929  35.364 0.1250000000
89729  -59.080  -2.813  35.547 0.1250000000
89734  -59.096  -2.452  35.276 0.1250000000
75110  -48.070  -16.981  30.036 0.5000000000
77109  -50.137  -15.713  32.292 0.7500000000
80176  -50.849  -12.695  33.419 0.7500000000
81104  -50.652  -11.685  33.343 0.7500000000
82967  -51.698  -9.616  33.567 0.6250000000
144617  -52.669  -8.593  34.008 0.5000000000
83875  -53.394  -8.353  34.288 0.2500000000
146430  -54.428  -7.368  34.480 0.1250000000
85685  -55.433  -6.414  34.759 0.1250000000
86730  -55.619  -5.456  34.873 0.1250000000
87742  -56.880  -4.064  35.158 0.1250000000
154587  -58.098  -2.857  35.030 0.1250000000
141076  -58.523  -2.323  34.778 0.1250000000
89733  -58.953  -2.466  35.118 0.1250000000
91741  -59.250  -1.608  35.857 0.1250000000
76138  -48.940  -16.958  29.682 0.3750000000
79165  -49.591  -13.761  32.510 0.7500000000
80175  -50.003  -12.292  33.028 0.7500000000
157094  -49.311  -12.075  32.844 0.7500000000
82009  -50.433  -10.747  33.275 0.7500000000
153499  -51.801  -8.772  33.639 0.6250000000
84793  -52.621  -7.764  34.110 0.5000000000
85683  -53.568  -6.904  34.392 0.2500000000
86728  -53.478  -5.901  34.444 0.1250000000
152510  -54.819  -5.687  34.688 0.1250000000
87741  -55.735  -4.417  34.814 0.1250000000
88704  -56.025  -3.399  34.498 0.1250000000
88705  -57.229  -3.170  34.771 0.1250000000
89732  -57.614  -2.341  34.486 0.1250000000
90738  -58.892  -1.669  34.444 0.1250000000
76139  -49.577  -16.590  29.241 0.5000000000
80186  -49.341  -12.794  32.690 0.7500000000
81114  -49.002  -11.544  32.695 0.7500000000
82977  -49.369  -9.501  32.448 0.7500000000
83891  -50.191  -8.256  32.887 0.6250000000
85687  -51.301  -7.065  33.461 0.3750000000
88709  -55.318  -2.707  33.710 0.1250000000
77128  -49.801  -15.710  29.572 0.5000000000
78175  -49.789  -14.678  29.635 0.5000000000
78155  -48.907  -14.111  30.756 0.5000000000
80194  -48.196  -12.379  31.692 0.7500000000
81119  -48.082  -11.425  31.628 0.7500000000
83890  -48.956  -9.100  32.006 0.7500000000
84797  -49.961  -7.413  32.386 0.6250000000
87755  -52.733  -4.474  31.082 0.3750000000
88712  -53.608  -3.494  32.471 0.3750000000
78165  -49.114  -14.013  30.050 0.5000000000
79181  -48.533  -13.313  30.403 0.5000000000
80193  -47.764  -11.864  30.967 0.6250000000
82983  -48.035  -9.911  31.342 0.7500000000
82984  -48.403  -9.142  31.370 0.6250000000
86747  -52.017  -5.055  30.157 0.5000000000
86748  -52.375  -4.752  30.553 0.3750000000
87751  -52.517  -4.440  32.116 0.3750000000
135858  -50.165  -7.199  27.288 0.6250000000
84832  -50.057  -7.000  28.155 0.7500000000
85704  -51.337  -5.664  29.857 0.6250000000
86746  -51.127  -5.456  30.837 0.5000000000
84850  -49.582  -7.891  26.762 0.5000000000
141172  -49.432  -7.477  28.510 0.7500000000
83038  -50.120  -9.641  25.286 0.3750000000
83047  -50.695  -9.335  24.737 0.2500000000
78131  -52.690  -14.867  34.550 0.3750000000
76083  -50.510  -16.449  33.034 0.6250000000
76093  -48.000  -16.239  32.360 0.7500000000
135903  -48.248  -16.313  31.729 0.7500000000
76095  -49.983  -16.411  32.721 0.7500000000
76122  -48.032  -16.571  30.867 0.7500000000
76107  -48.869  -16.326  31.497 0.7500000000
154084  -49.519  -16.245  32.138 0.7500000000
76109  -49.738  -15.953  31.641 0.7500000000
76123  -48.804  -16.550  30.512 0.7500000000
76124  -49.319  -16.284  30.035 0.7500000000
78148  -49.732  -14.769  31.952 0.7500000000
90740  -59.259  -1.767  34.975 0.1250000000
78156  -49.685  -15.461  31.346 0.7500000000
89731  -56.489  -2.458  34.175 0.1250000000
137862  -57.066  -1.644  33.769 0.1250000000
90753  -58.557  -1.017  33.540 0.1250000000
90754  -58.980  -1.189  33.993 0.1250000000
90755  -59.117  -1.161  34.146 0.1250000000
150548  -49.410  -14.737  31.211 0.6250000000
79172  -49.004  -14.030  31.680 0.7500000000
79164  -48.738  -13.159  32.154 0.7500000000
88708  -54.272  -2.961  33.164 0.1250000000
89742  -55.979  -1.894  33.196 0.1250000000
90762  -56.750  -1.211  32.578 0.1250000000
90752  -57.738  -1.012  33.160 0.1250000000
78166  -49.572  -15.022  30.363 0.5000000000
88721  -53.804  -3.614  31.379 0.3750000000
84851  -50.317  -7.468  26.423 0.5000000000
83964  -50.872  -8.543  24.733 0.2500000000
76094  -49.060  -16.267  32.418 0.7500000000
84864  -50.552  -7.728  25.619 0.5000000000
85740  -50.855  -6.825  26.940 0.6250000000
83965  -51.385  -8.937  24.264 0.2500000000
84852  -51.078  -7.113  26.139 0.5000000000
143962  -28.273  -36.302  45.801 0.7500000000
58769  -29.930  -33.846  45.475 0.7500000000
58787  -30.553  -33.628  44.444 0.7500000000
58802  -31.698  -33.879  43.646 0.7500000000
47171  -15.668  -44.826  47.432 0.3750000000
56637  -34.871  -35.883  42.642 0.5000000000
59708  -39.405  -30.823  55.142 0.2500000000
52291  -18.592  -38.808  54.959 0.8750000000
134040  -16.825  -39.925  53.439 0.8750000000
61573  -40.990  -30.302  50.762 0.5000000000
157865  -40.576  -31.612  52.448 0.2500000000
58692  -40.430  -31.757  53.040 0.2500000000
150145  -37.065  -30.739  44.604 0.8750000000
63658  -40.408  -28.802  49.479 0.5000000000
62645  -36.700  -29.801  43.976 0.8750000000
65951  -38.765  -26.786  47.587 0.3750000000
63760  -35.784  -28.515  42.221 0.6250000000
69999  -40.459  -22.692  38.876 0.7500000000
71975  -40.704  -20.632  38.536 0.7500000000
72956  -41.888  -18.185  38.520 0.8750000000
75056  -44.613  -16.396  35.848 0.6250000000
134798  -28.632  -35.108  45.533 0.7500000000
57729  -29.185  -34.489  45.290 0.7500000000
53454  -28.384  -38.522  45.105 0.6250000000
56636  -33.532  -35.713  43.254 0.6250000000
157302  -35.714  -34.408  44.041 0.7500000000
57766  -35.673  -34.726  43.263 0.7500000000
62562  -40.615  -29.277  49.859 0.5000000000
68091  -38.161  -23.594  38.454 0.7500000000
42815  -11.610  -47.685  49.665 0.6250000000
43981  -12.604  -46.675  48.926 0.6250000000
48231  -17.060  -44.239  46.717 0.3750000000
48232  -17.264  -43.443  46.714 0.2500000000
49334  -29.871  -42.665  44.078 0.3750000000
52424  -28.504  -39.201  44.214 0.6250000000
53474  -29.049  -38.553  43.437 0.6250000000
154874  -28.467  -36.549  44.007 0.7500000000
54492  -29.129  -37.609  43.539 0.6250000000
57728  -28.688  -35.195  44.709 0.7500000000
56615  -29.340  -34.700  44.294 0.7500000000
56632  -29.475  -35.936  43.671 0.7500000000
57760  -29.725  -35.087  43.695 0.7500000000
57761  -30.591  -34.797  43.560 0.7500000000
55579  -36.320  -36.616  42.680 0.1250000000
55581  -38.118  -36.372  42.714 0.1250000000
57768  -36.521  -34.027  43.309 0.6250000000
52301  -17.487  -39.540  54.232 0.8750000000
61563  -41.192  -30.821  52.378 0.2500000000
60747  -36.395  -31.472  43.554 0.6250000000
60754  -35.548  -31.437  42.151 0.6250000000
136823  -24.057  -39.060  57.154 0.5000000000
61695  -34.814  -30.438  41.072 0.5000000000
62673  -35.132  -30.035  41.640 0.5000000000
60777  -34.816  -30.871  40.112 0.5000000000
60765  -34.890  -31.061  40.775 0.5000000000
62672  -34.724  -29.779  40.963 0.5000000000
63779  -34.801  -28.949  40.800 0.6250000000
61717  -34.961  -30.414  39.520 0.2500000000
62724  -34.568  -28.838  38.918 0.3750000000
63801  -34.931  -28.025  40.736 0.6250000000
63819  -34.330  -28.370  39.414 0.6250000000
63838  -34.416  -28.129  38.814 0.5000000000
66060  -34.543  -26.506  39.670 0.5000000000
62725  -35.294  -28.984  38.525 0.2500000000
154096  -34.666  -26.907  37.987 0.3750000000
63840  -36.654  -28.529  37.712 0.2500000000
66126  -39.366  -26.523  35.562 0.3750000000
67073  -35.286  -25.485  41.128 0.7500000000
66061  -34.788  -25.698  39.551 0.5000000000
140692  -35.155  -25.558  38.614 0.6250000000
64974  -36.782  -27.253  36.580 0.5000000000
68089  -35.927  -24.130  38.953 0.6250000000
157016  -36.794  -25.750  36.721 0.6250000000
69082  -39.498  -23.415  36.605 0.7500000000
73995  -40.938  -18.822  37.487 0.6250000000
71996  -39.752  -20.353  36.651 0.6250000000
73996  -41.591  -18.260  37.747 0.7500000000
151071  -41.811  -17.824  37.192 0.7500000000
74009  -42.243  -17.396  37.122 0.6250000000
70030  -39.917  -22.734  35.612 0.3750000000
70992  -39.779  -21.192  35.599 0.5000000000
70977  -39.552  -21.189  36.310 0.6250000000
72010  -39.964  -20.377  35.317 0.5000000000
72974  -39.861  -19.671  35.965 0.6250000000
74007  -40.577  -18.726  36.541 0.6250000000
74016  -40.360  -18.948  35.817 0.6250000000
74025  -40.769  -18.739  35.151 0.6250000000
74008  -41.243  -18.206  36.851 0.6250000000
146686  -40.568  -22.540  35.120 0.3750000000
70993  -40.290  -21.141  34.967 0.3750000000
70044  -40.633  -21.808  34.865 0.3750000000
72984  -40.310  -19.538  35.172 0.6250000000
74037  -41.785  -18.724  33.822 0.6250000000
72985  -40.921  -19.504  34.476 0.6250000000
75054  -41.335  -17.966  35.182 0.6250000000
70967  -40.061  -21.896  37.754 0.7500000000
75064  -42.539  -17.538  34.070 0.6250000000
72990  -42.252  -19.247  33.292 0.5000000000
72998  -42.852  -19.342  32.777 0.3750000000
72031  -42.753  -20.124  32.991 0.3750000000
72999  -43.328  -18.919  32.439 0.5000000000
69035  -37.967  -23.084  40.735 0.8750000000
68077  -37.881  -23.346  39.167 0.7500000000
70006  -39.828  -22.587  37.448 0.7500000000
138864  -40.286  -21.178  37.997 0.7500000000
131566  -43.296  -17.266  33.775 0.6250000000
75055  -43.904  -16.770  35.222 0.7500000000
75065  -43.918  -16.803  34.274 0.6250000000
74046  -43.310  -18.059  32.604 0.5000000000
74039  -42.856  -17.773  33.208 0.6250000000
75076  -44.299  -17.101  32.967 0.6250000000
153898  -43.927  -17.017  33.547 0.7500000000
72058  -46.167  -20.820  31.107 0.2500000000
75089  -44.835  -17.255  32.287 0.5000000000
74052  -45.010  -18.605  31.559 0.5000000000
149878  -45.607  -18.436  31.268 0.5000000000
73012  -46.113  -19.775  30.999 0.3750000000
146605  -51.360  -19.326  29.340 0.1250000000
75132  -52.016  -17.461  28.391 0.1250000000
141190  -51.816  -15.965  28.222 0.1250000000
75098  -45.353  -17.740  31.576 0.5000000000
73023  -46.745  -19.206  30.565 0.5000000000
72070  -47.741  -20.584  30.517 0.3750000000
142165  -49.364  -18.767  29.264 0.3750000000
137803  -50.132  -18.736  29.023 0.3750000000
79186  -49.913  -13.136  29.285 0.2500000000
157252  -50.053  -12.287  29.002 0.2500000000
137559  -45.993  -17.273  31.418 0.5000000000
79185  -48.770  -13.237  29.884 0.5000000000
81133  -48.095  -11.793  29.555 0.3750000000
140668  -47.699  -11.244  29.924 0.5000000000
81140  -48.403  -11.226  28.834 0.3750000000
134591  -49.114  -11.450  28.512 0.3750000000
82056  -48.495  -10.264  27.719 0.5000000000
130736  -49.688  -11.237  27.506 0.2500000000
82089  -49.714  -10.812  26.221 0.2500000000
82075  -49.225  -10.368  26.691 0.2500000000
82090  -50.096  -10.572  25.495 0.1250000000
83028  -49.492  -9.865  26.002 0.2500000000
147489  -52.161  -6.334  33.899 0.2500000000
156388  -51.161  -7.595  33.463 0.6250000000
84791  -50.630  -7.340  33.072 0.6250000000
86737  -51.378  -5.623  32.687 0.2500000000
87748  -53.706  -3.794  33.473 0.2500000000
83897  -49.093  -8.390  31.750 0.7500000000
82993  -48.197  -8.897  30.656 0.6250000000
84815  -49.437  -7.238  31.057 0.7500000000
86736  -50.730  -5.838  31.940 0.7500000000
80205  -48.065  -12.609  30.731 0.5000000000
82033  -47.640  -10.734  30.461 0.5000000000
82023  -47.737  -11.089  31.037 0.5000000000
83002  -47.773  -10.076  29.011 0.5000000000
82992  -47.810  -9.736  30.561 0.6250000000
82997  -47.765  -9.697  29.647 0.6250000000
83911  -48.019  -9.054  29.923 0.6250000000
84819  -49.008  -7.891  29.781 0.7500000000
82998  -47.933  -9.261  29.080 0.6250000000
84826  -48.843  -7.952  28.916 0.7500000000
85711  -50.209  -6.671  30.101 0.7500000000
85703  -50.600  -6.112  30.370 0.6250000000
86742  -52.103  -4.744  31.402 0.3750000000
83916  -48.389  -8.686  28.539 0.7500000000
83009  -48.545  -9.592  27.348 0.6250000000
138871  -49.489  -7.386  29.350 0.7500000000
85712  -50.620  -6.384  29.530 0.6250000000
83939  -49.215  -8.831  26.399 0.2500000000
83922  -48.994  -8.372  27.212 0.6250000000
151099  -53.404  -12.758  34.396 0.2500000000
151294  -51.758  -14.236  33.708 0.5000000000
80178  -52.849  -12.710  34.129 0.2500000000
81107  -53.394  -11.418  34.290 0.3750000000
80177  -51.980  -12.689  33.781 0.5000000000
78139  -51.055  -14.511  33.334 0.7500000000
82969  -53.618  -9.770  34.178 0.3750000000
83876  -54.384  -9.127  34.422 0.1250000000
84787  -54.790  -8.089  34.505 0.1250000000
80187  -50.015  -13.067  32.982 0.7500000000
144729  -51.246  -11.134  33.519 0.7500000000
82010  -51.435  -10.429  33.539 0.6250000000
82968  -52.766  -9.498  33.905 0.6250000000
84786  -54.017  -8.008  34.408 0.1250000000
87743  -58.040  -3.654  35.421 0.1250000000
81103  -49.811  -11.508  33.008 0.7500000000
82966  -50.719  -9.815  33.322 0.7500000000
84785  -53.245  -7.627  34.306 0.2500000000
85684  -54.401  -6.413  34.570 0.1250000000
80185  -48.743  -12.283  32.506 0.7500000000
82018  -49.482  -10.796  32.803 0.7500000000
134746  -50.912  -8.961  33.309 0.7500000000
84792  -51.764  -7.849  33.745 0.6250000000
82978  -50.094  -9.208  32.888 0.6250000000
89743  -58.124  -1.591  34.137 0.1250000000
81113  -48.477  -11.698  32.238 0.6250000000
82017  -48.669  -10.856  32.221 0.7500000000
137307  -49.544  -8.747  32.374 0.7500000000
143706  -49.828  -10.018  32.995 0.7500000000
82976  -48.609  -9.867  31.953 0.7500000000
141249  -49.168  -10.189  32.501 0.7500000000
145848  -49.587  -8.048  32.290 0.6250000000
79171  -48.427  -13.338  31.229 0.6250000000
82024  -48.092  -10.583  31.552 0.7500000000
87752  -53.145  -4.062  31.758 0.3750000000
83940  -49.881  -8.204  25.974 0.5000000000
85718  -50.582  -6.521  28.695 0.6250000000
83952  -49.754  -9.012  25.733 0.3750000000
83953  -50.325  -8.609  25.244 0.2500000000
76108  -49.392  -16.163  31.323 0.7500000000
77117  -49.605  -15.825  30.662 0.6250000000
92792  -59.312  -0.899  35.230 0.1250000000
92812  -59.248  -0.064  34.551 0.1250000000
144403  -5.519  -61.914  50.050 0.1250000000
28963  -5.711  -60.508  50.774 0.2500000000
27757  -5.597  -61.217  50.333 0.2500000000
28964  -6.158  -60.699  51.085 0.2500000000
27768  -5.457  -61.070  49.845 0.2500000000
139925  -5.666  -62.146  50.556 0.1250000000
27744  -5.915  -61.445  50.899 0.2500000000
27745  -6.056  -61.585  51.078 0.2500000000
141258  -5.510  -62.264  49.784 0.1250000000
27747  -7.103  -61.083  50.800 0.2500000000
26523  -5.714  -62.549  48.986 0.1250000000
30113  -5.782  -59.827  51.191 0.2500000000
28977  -5.421  -60.192  50.206 0.3750000000
30112  -5.503  -59.767  50.703 0.2500000000
154022  -5.497  -61.682  49.652 0.3750000000
28965  -6.291  -60.470  51.111 0.2500000000
28966  -6.580  -60.355  51.039 0.2500000000
141353  -5.815  -60.841  48.678 0.3750000000
31198  -5.481  -59.026  50.926 0.3750000000
30137  -5.307  -59.472  49.889 0.3750000000
30125  -5.315  -59.317  50.321 0.3750000000
31199  -5.889  -59.082  51.391 0.3750000000
30114  -6.124  -59.800  51.345 0.2500000000
31200  -6.212  -59.026  51.414 0.3750000000
28989  -5.487  -60.228  49.568 0.3750000000
30148  -5.508  -59.509  49.237 0.3750000000
30115  -6.402  -59.696  51.251 0.2500000000
30126  -6.839  -59.635  51.015 0.2500000000
30149  -5.739  -59.504  48.550 0.3750000000
30127  -7.503  -59.744  50.642 0.2500000000
31217  -7.880  -59.067  50.319 0.2500000000
31231  -9.200  -58.370  49.049 0.2500000000
156473  -8.768  -57.839  49.337 0.2500000000
31250  -9.907  -58.200  48.659 0.2500000000
32429  -9.310  -57.520  48.859 0.2500000000
142867  -10.101  -56.087  48.169 0.2500000000
34707  -11.109  -55.969  47.982 0.1250000000
38060  -13.611  -52.589  47.374 0.1250000000
31215  -5.173  -58.685  50.424 0.3750000000
32391  -5.582  -58.295  51.392 0.3750000000
150662  -5.151  -58.893  50.084 0.3750000000
31183  -5.958  -58.310  51.671 0.3750000000
133369  -5.216  -58.076  49.227 0.3750000000
152781  -4.935  -57.378  49.641 0.2500000000
31201  -6.596  -58.968  51.274 0.2500000000
144029  -7.529  -58.377  50.668 0.3750000000
32428  -8.415  -57.219  49.726 0.2500000000
33580  -8.949  -56.564  49.085 0.2500000000
147046  -9.390  -56.103  48.666 0.2500000000
35803  -10.099  -54.171  48.049 0.2500000000
36899  -11.740  -53.429  47.510 0.1250000000
38058  -12.277  -52.644  47.335 0.1250000000
38059  -12.983  -52.812  47.273 0.1250000000
39219  -12.944  -52.004  47.049 0.1250000000
135500  -5.173  -58.154  50.846 0.2500000000
144924  -4.914  -58.081  50.147 0.2500000000
32390  -5.267  -57.466  51.359 0.2500000000
32378  -5.969  -57.516  52.141 0.3750000000
31184  -6.344  -58.166  51.656 0.3750000000
144350  -4.849  -57.119  50.222 0.2500000000
32379  -6.331  -57.248  52.200 0.5000000000
32411  -7.164  -58.005  51.184 0.3750000000
32412  -7.677  -57.605  50.583 0.3750000000
36898  -10.927  -53.855  47.728 0.2500000000
36886  -10.869  -53.063  47.853 0.2500000000
38049  -11.256  -52.326  47.763 0.1250000000
39218  -11.993  -51.694  47.414 0.2500000000
141825  -12.568  -51.209  47.194 0.1250000000
40421  -13.381  -51.095  47.005 0.1250000000
40438  -12.582  -50.523  47.134 0.1250000000
40439  -13.922  -50.473  46.738 0.1250000000
40440  -14.521  -50.611  46.907 0.1250000000
41653  -15.822  -50.142  47.384 0.1250000000
41654  -16.274  -49.327  47.305 0.1250000000
42885  -13.786  -48.879  46.489 0.1250000000
40441  -15.119  -50.153  46.884 0.1250000000
42887  -15.517  -48.361  46.562 0.1250000000
44015  -15.817  -47.510  46.580 0.1250000000
33541  -5.080  -56.174  52.104 0.1250000000
33525  -5.302  -55.821  52.747 0.1250000000
33526  -5.787  -56.105  53.018 0.1250000000
33542  -5.585  -56.728  52.389 0.2500000000
33543  -6.029  -56.756  52.624 0.2500000000
33527  -6.261  -56.088  53.053 0.3750000000
53154  -20.058  -38.090  67.243 0.1250000000
54199  -20.724  -37.443  67.417 0.1250000000
54200  -21.712  -37.359  67.710 0.1250000000
33558  -5.016  -56.496  51.327 0.2500000000
151279  -5.240  -56.920  51.877 0.1250000000
141629  -6.419  -56.575  52.602 0.2500000000
33544  -6.810  -56.725  52.231 0.5000000000
53165  -20.921  -38.265  66.650 0.1250000000
34673  -4.715  -55.639  50.906 0.2500000000
32410  -5.006  -57.292  50.761 0.2500000000
32392  -6.816  -57.526  51.704 0.5000000000
33559  -7.183  -56.789  51.756 0.5000000000
32393  -7.365  -57.152  51.244 0.5000000000
33571  -7.873  -56.666  50.581 0.3750000000
36884  -9.507  -53.750  48.938 0.3750000000
38041  -10.051  -52.191  49.156 0.5000000000
36874  -9.666  -53.022  49.385 0.3750000000
36885  -10.187  -53.181  48.467 0.2500000000
38048  -10.545  -52.488  48.341 0.2500000000
39210  -11.150  -51.231  48.076 0.1250000000
152554  -13.246  -50.355  46.831 0.1250000000
42884  -12.786  -48.904  46.692 0.1250000000
139431  -14.083  -48.104  46.518 0.1250000000
42886  -14.717  -48.706  46.477 0.1250000000
44014  -14.831  -47.660  46.418 0.1250000000
46140  -16.127  -45.688  46.945 0.2500000000
52435  -30.256  -39.714  43.503 0.5000000000
34633  -5.539  -55.408  53.350 0.1250000000
55297  -20.654  -36.373  68.047 0.1250000000
53151  -23.906  -37.865  68.275 0.2500000000
54203  -24.594  -37.870  68.020 0.2500000000
33528  -6.928  -55.959  52.806 0.2500000000
138507  -18.788  -38.454  67.218 0.1250000000
54198  -19.388  -37.770  67.414 0.1250000000
55298  -21.410  -36.927  67.969 0.1250000000
54194  -22.779  -37.240  68.365 0.1250000000
53159  -25.128  -38.261  67.424 0.2500000000
52178  -18.680  -39.563  64.608 0.1250000000
153253  -19.630  -38.936  65.876 0.1250000000
53173  -20.451  -38.682  65.906 0.1250000000
53174  -21.319  -38.525  65.966 0.1250000000
53167  -23.240  -38.595  67.240 0.1250000000
52155  -24.363  -38.971  67.252 0.2500000000
52162  -24.848  -39.415  66.288 0.2500000000
50058  -26.121  -39.837  64.374 0.2500000000
50068  -27.095  -39.780  63.787 0.2500000000
33545  -7.405  -56.165  52.084 0.3750000000
53172  -19.206  -39.189  65.268 0.1250000000
53182  -20.127  -38.790  64.903 0.1250000000
138210  -20.901  -38.599  64.271 0.1250000000
53175  -22.191  -38.569  65.726 0.1250000000
53166  -22.686  -38.589  66.553 0.1250000000
134897  -24.175  -39.338  64.885 0.2500000000
51138  -24.961  -39.675  65.318 0.2500000000
50065  -25.455  -39.829  64.180 0.2500000000
50067  -26.399  -39.898  64.005 0.2500000000
50077  -27.389  -39.707  63.433 0.2500000000
53181  -19.456  -39.051  64.171 0.1250000000
53190  -20.259  -38.656  63.780 0.1250000000
53183  -21.300  -38.579  65.108 0.1250000000
147359  -22.628  -38.649  64.145 0.1250000000
52180  -23.965  -39.420  64.129 0.1250000000
51146  -24.814  -39.766  64.494 0.2500000000
50073  -25.478  -39.885  63.865 0.2500000000
50066  -26.162  -39.856  64.136 0.2500000000
138250  -26.739  -39.940  62.639 0.2500000000
50099  -27.295  -39.826  62.307 0.2500000000
50117  -27.939  -39.961  60.897 0.3750000000
153138  -19.592  -38.781  63.012 0.2500000000
53200  -21.088  -38.488  62.481 0.2500000000
134457  -21.855  -38.536  62.803 0.1250000000
52187  -23.184  -38.896  63.709 0.1250000000
51163  -24.454  -39.662  62.905 0.2500000000
50097  -25.061  -39.931  62.775 0.2500000000
50083  -25.606  -40.088  62.799 0.2500000000
49066  -26.416  -40.111  62.369 0.2500000000
49095  -27.120  -40.260  60.778 0.3750000000
38037  -9.125  -52.778  50.501 0.3750000000
53211  -20.434  -38.534  61.172 0.2500000000
143608  -20.974  -38.463  61.739 0.3750000000
52208  -22.969  -38.635  61.668 0.2500000000
52198  -23.742  -39.184  62.290 0.2500000000
51177  -24.549  -39.658  61.845 0.2500000000
138295  -25.450  -40.162  61.292 0.3750000000
49093  -26.252  -40.295  60.632 0.3750000000
49094  -26.712  -40.279  60.180 0.3750000000
36865  -9.348  -53.116  49.968 0.5000000000
38038  -9.577  -52.381  49.904 0.5000000000
39209  -10.591  -51.689  48.604 0.5000000000
40395  -10.770  -49.907  49.355 0.5000000000
40420  -11.779  -50.683  47.636 0.2500000000
41628  -11.462  -49.245  48.127 0.2500000000
41678  -12.593  -49.752  46.929 0.1250000000
43996  -12.445  -48.193  47.406 0.2500000000
42862  -13.252  -48.078  46.740 0.1250000000
44013  -13.898  -47.240  46.808 0.1250000000
45079  -14.635  -46.867  46.650 0.1250000000
45070  -15.067  -46.283  46.881 0.1250000000
46148  -15.773  -46.114  46.929 0.1250000000
54493  -29.820  -37.293  43.612 0.5000000000
53476  -30.345  -37.879  43.827 0.2500000000
34617  -5.320  -54.785  53.671 0.1250000000
34632  -5.024  -55.080  53.059 0.1250000000
34618  -5.775  -54.977  53.909 0.1250000000
34619  -6.258  -54.941  54.034 0.1250000000
34649  -4.871  -55.324  52.335 0.1250000000
34634  -6.019  -55.541  53.525 0.1250000000
34635  -6.592  -55.392  53.466 0.1250000000
51155  -17.405  -40.408  64.304 0.1250000000
51145  -17.301  -40.351  65.090 0.1250000000
52160  -18.082  -39.338  66.466 0.1250000000
53162  -17.790  -38.901  66.959 0.1250000000
56338  -23.275  -36.106  68.052 0.2500000000
152904  -24.647  -37.308  67.923 0.2500000000
54204  -25.084  -37.602  67.449 0.2500000000
52168  -17.606  -39.950  65.870 0.1250000000
52169  -18.437  -39.619  65.634 0.1250000000
54197  -18.376  -38.272  67.355 0.1250000000
55293  -22.951  -36.542  68.388 0.2500000000
54195  -23.480  -37.266  68.355 0.2500000000
53160  -25.761  -37.979  66.784 0.2500000000
51133  -26.675  -39.319  65.317 0.2500000000
140517  -7.239  -54.991  53.223 0.3750000000
35746  -7.670  -54.534  52.530 0.3750000000
133492  -17.473  -40.403  63.393 0.1250000000
52185  -18.038  -40.008  63.978 0.1250000000
138457  -18.880  -39.163  66.308 0.1250000000
52157  -25.639  -38.663  66.721 0.2500000000
52164  -26.208  -39.055  66.051 0.2500000000
51141  -27.185  -39.469  64.697 0.2500000000
34650  -7.532  -55.361  52.344 0.3750000000
50096  -17.249  -40.663  60.841 0.2500000000
51162  -17.540  -40.363  62.411 0.1250000000
52186  -18.808  -39.385  63.534 0.1250000000
50114  -17.384  -40.655  59.982 0.3750000000
52220  -18.225  -39.752  60.998 0.2500000000
52196  -18.825  -39.291  62.503 0.1250000000
51215  -17.922  -40.031  58.750 0.3750000000
52247  -18.425  -39.654  59.317 0.3750000000
52221  -19.027  -39.266  60.686 0.3750000000
53210  -19.616  -38.808  61.333 0.3750000000
40370  -9.797  -50.076  51.159 0.5000000000
150964  -18.518  -39.494  58.743 0.3750000000
53223  -20.617  -38.487  60.332 0.3750000000
53213  -22.220  -38.443  60.937 0.2500000000
52222  -23.109  -38.660  60.736 0.2500000000
147140  -23.977  -39.207  59.883 0.3750000000
50129  -24.931  -40.012  60.045 0.3750000000
49109  -25.890  -40.294  59.896 0.3750000000
132133  -26.070  -40.482  58.977 0.3750000000
131439  -26.467  -40.532  58.589 0.3750000000
134038  -9.838  -51.605  49.855 0.5000000000
40380  -10.024  -50.241  50.632 0.5000000000
51240  -17.823  -39.984  56.895 0.3750000000
52261  -19.076  -38.994  57.691 0.5000000000
53249  -20.570  -38.314  58.609 0.3750000000
140718  -21.469  -38.258  58.988 0.5000000000
53238  -22.415  -38.386  59.364 0.3750000000
52237  -23.818  -39.114  59.010 0.3750000000
157259  -25.767  -40.383  59.099 0.3750000000
40394  -10.393  -50.330  49.936 0.5000000000
157798  -10.284  -49.844  50.409 0.5000000000
53268  -19.774  -38.579  58.164 0.6250000000
53288  -19.779  -38.422  57.362 0.6250000000
53270  -21.468  -37.939  57.534 0.6250000000
53251  -22.394  -38.229  58.261 0.3750000000
39202  -10.257  -51.215  49.518 0.6250000000
39203  -10.689  -50.755  49.054 0.5000000000
40381  -10.572  -49.543  49.964 0.5000000000
40407  -11.045  -50.321  48.500 0.2500000000
41627  -11.106  -49.550  48.818 0.5000000000
42861  -11.967  -49.024  47.288 0.2500000000
42841  -11.808  -48.434  48.224 0.3750000000
43997  -13.045  -47.388  47.542 0.2500000000
54494  -30.430  -36.859  43.909 0.3750000000
54469  -30.829  -37.079  44.590 0.3750000000
54470  -31.752  -36.576  44.923 0.1250000000
35729  -5.561  -54.463  54.272 0.1250000000
35738  -4.865  -54.439  53.403 0.1250000000
154087  -7.267  -54.491  53.679 0.1250000000
51154  -16.928  -40.558  64.417 0.1250000000
52159  -17.313  -39.365  66.527 0.1250000000
35739  -7.522  -54.239  53.361 0.2500000000
50072  -16.473  -41.219  62.963 0.1250000000
152744  -16.688  -40.804  63.683 0.1250000000
50080  -16.642  -41.163  62.149 0.1250000000
50081  -17.117  -40.720  61.828 0.1250000000
50095  -16.829  -41.050  61.237 0.2500000000
50127  -17.009  -40.970  59.663 0.2500000000
50128  -17.416  -40.582  59.212 0.2500000000
50144  -16.945  -40.954  58.895 0.2500000000
50145  -17.415  -40.534  58.363 0.3750000000
41604  -9.998  -49.739  50.905 0.5000000000
51239  -17.371  -40.466  56.520 0.5000000000
52272  -18.370  -39.435  57.285 0.3750000000
145609  -10.319  -49.277  50.517 0.5000000000
155635  -17.591  -40.093  55.349 0.7500000000
52273  -19.129  -38.877  56.753 0.7500000000
144355  -19.916  -38.239  56.615 0.6250000000
53290  -21.460  -37.777  56.711 0.6250000000
53291  -22.244  -37.784  56.337 0.5000000000
42814  -11.149  -48.063  50.149 0.5000000000
55554  -30.002  -36.447  43.655 0.6250000000
55555  -30.789  -36.098  43.687 0.6250000000
35731  -6.530  -54.320  54.672 0.1250000000
35730  -5.937  -54.519  54.533 0.1250000000
35732  -7.356  -54.020  54.072 0.1250000000
36845  -7.725  -53.449  53.617 0.1250000000
50063  -16.645  -40.698  64.346 0.1250000000
52167  -16.899  -39.878  66.137 0.1250000000
53161  -17.196  -38.660  66.702 0.1250000000
36846  -8.134  -52.788  52.942 0.3750000000
49064  -16.185  -41.649  62.287 0.1250000000
50071  -16.416  -41.070  63.593 0.1250000000
49107  -16.280  -41.749  60.396 0.2500000000
49108  -16.504  -41.569  59.761 0.2500000000
143163  -16.741  -41.270  58.353 0.1250000000
49156  -16.328  -41.707  57.109 0.5000000000
41605  -10.754  -48.817  50.039 0.6250000000
155872  -16.947  -40.745  55.666 0.6250000000
54471  -33.136  -36.460  44.354 0.1250000000
35725  -6.500  -53.680  55.518 0.1250000000
36839  -7.580  -53.134  54.491 0.1250000000
38001  -7.817  -52.103  54.734 0.1250000000
48042  -15.312  -42.420  61.864 0.1250000000
49055  -16.096  -41.443  63.465 0.1250000000
51134  -16.030  -40.233  65.498 0.1250000000
52166  -16.387  -39.700  65.892 0.1250000000
38012  -7.984  -52.493  53.842 0.1250000000
38002  -8.314  -51.503  54.021 0.1250000000
45964  -14.314  -43.208  60.195 0.1250000000
47004  -15.374  -42.378  60.896 0.2500000000
49063  -15.710  -42.062  62.230 0.1250000000
53171  -16.721  -38.534  65.991 0.1250000000
47016  -15.123  -42.490  60.332 0.1250000000
47036  -13.329  -43.517  57.284 0.3750000000
41592  -10.005  -49.167  51.241 0.5000000000
55557  -33.437  -36.185  43.580 0.3750000000
54495  -34.289  -36.765  43.596 0.2500000000
131563  -34.345  -36.323  43.019 0.3750000000
55562  -38.356  -36.728  43.272 0.1250000000
56654  -38.597  -35.796  42.465 0.1250000000
37990  -7.546  -52.280  55.469 0.1250000000
39143  -8.299  -51.124  54.844 0.1250000000
47002  -13.971  -43.551  60.786 0.1250000000
39156  -8.688  -50.878  53.285 0.2500000000
45994  -13.759  -43.470  58.793 0.2500000000
156084  -12.773  -44.157  57.399 0.3750000000
135929  -12.230  -44.461  55.530 0.3750000000
46029  -12.689  -44.118  55.252 0.3750000000
45003  -11.334  -45.347  53.803 0.5000000000
46028  -11.658  -44.720  54.700 0.5000000000
46014  -12.992  -43.705  55.792 0.3750000000
151763  -12.642  -44.123  54.263 0.3750000000
57784  -38.782  -35.139  41.918 0.1250000000
57785  -39.609  -34.878  42.139 0.1250000000
57801  -39.281  -34.408  41.483 0.1250000000
58829  -39.051  -33.894  40.889 0.1250000000
149434  -39.371  -33.431  40.629 0.1250000000
57800  -38.478  -34.320  41.277 0.1250000000
58846  -38.776  -33.399  40.358 0.1250000000
59836  -39.285  -32.941  40.144 0.1250000000
59852  -38.504  -32.861  39.784 0.1250000000
137807  -39.774  -32.330  40.181 0.1250000000
144154  -36.852  -32.699  43.948 0.7500000000
58791  -37.476  -32.511  45.030 0.7500000000
59815  -36.618  -32.121  43.704 0.5000000000
58814  -36.843  -33.417  41.745 0.3750000000
58827  -37.042  -33.211  40.944 0.2500000000
58863  -37.912  -33.339  40.225 0.2500000000
59834  -36.366  -32.727  40.451 0.2500000000
60778  -35.178  -31.663  40.504 0.3750000000
150353  -37.682  -28.296  36.648 0.3750000000
64991  -39.443  -27.405  35.522 0.2500000000
66127  -40.116  -26.697  35.447 0.2500000000
66991  -37.865  -25.500  47.007 0.3750000000
67974  -38.124  -24.462  48.163 0.3750000000
148314  -38.363  -23.544  47.617 0.2500000000
68932  -38.476  -23.136  46.732 0.5000000000
69889  -39.139  -22.693  46.978 0.3750000000
75014  -47.456  -16.016  40.147 0.2500000000
144566  -54.676  -9.036  22.166 0.1250000000
83995  -55.204  -8.547  21.729 0.1250000000
83993  -53.895  -8.376  22.766 0.2500000000
84895  -54.224  -7.740  22.455 0.1250000000
84873  -50.784  -7.966  25.007 0.3750000000
85772  -51.980  -6.678  25.135 0.3750000000
141719  -51.285  -7.973  24.547 0.3750000000
85773  -52.357  -6.700  24.439 0.3750000000
85774  -52.826  -5.968  24.382 0.3750000000
83979  -52.649  -8.217  23.594 0.1250000000
85785  -53.295  -6.920  23.162 0.2500000000
135809  -54.518  -7.148  22.232 0.2500000000
85724  -50.842  -6.481  27.869 0.5000000000
85719  -51.708  -5.924  27.887 0.5000000000
85725  -51.357  -6.341  27.312 0.5000000000
85726  -51.838  -6.038  27.176 0.5000000000
85742  -52.105  -5.995  26.570 0.3750000000
143783  -52.437  -6.165  25.009 0.3750000000
86799  -52.781  -5.491  25.381 0.3750000000
86826  -53.435  -5.518  23.805 0.3750000000
86827  -54.170  -5.351  23.082 0.2500000000
85795  -54.376  -6.378  22.440 0.2500000000
155375  -54.398  -4.586  23.451 0.2500000000
86835  -54.983  -5.724  22.311 0.2500000000
86844  -56.450  -5.094  21.518 0.2500000000
86845  -57.242  -4.814  20.947 0.2500000000
86754  -52.077  -5.184  29.381 0.5000000000
85713  -51.364  -5.893  28.843 0.5000000000
86760  -53.083  -4.906  28.299 0.5000000000
135328  -52.799  -5.287  26.473 0.5000000000
87783  -53.935  -4.335  26.583 0.5000000000
86800  -53.434  -4.729  25.918 0.5000000000
87818  -53.967  -4.359  25.321 0.5000000000
86815  -53.303  -5.043  24.804 0.5000000000
86816  -54.051  -4.615  24.176 0.3750000000
88790  -55.386  -3.212  24.711 0.3750000000
87835  -54.784  -3.817  23.744 0.3750000000
88806  -55.659  -2.970  23.684 0.3750000000
87842  -54.778  -4.628  22.816 0.3750000000
88821  -56.198  -3.149  22.740 0.3750000000
86836  -55.642  -5.036  22.079 0.3750000000
87849  -56.951  -4.167  21.549 0.3750000000
87850  -57.662  -3.897  21.157 0.2500000000
88782  -55.887  -3.045  25.459 0.2500000000
88822  -57.012  -2.707  22.593 0.3750000000
152161  -56.734  -3.493  22.092 0.3750000000
88831  -57.384  -3.316  21.798 0.2500000000
34689  -8.782  -55.664  49.346 0.2500000000
39180  -9.651  -50.673  51.086 0.5000000000
40340  -8.929  -50.145  53.459 0.2500000000
48247  -18.654  -43.475  45.962 0.2500000000
50130  -25.431  -40.216  59.562 0.3750000000
53289  -20.599  -38.000  57.071 0.6250000000
46051  -11.948  -44.523  53.719 0.5000000000
69891  -40.638  -22.738  46.185 0.3750000000
36873  -9.262  -53.568  49.667 0.5000000000
35802  -9.400  -54.585  48.650 0.3750000000
38033  -9.444  -51.681  50.603 0.3750000000
42840  -11.308  -48.777  48.960 0.5000000000
45069  -14.261  -46.387  47.186 0.2500000000
55536  -32.252  -36.139  43.948 0.3750000000
50370  -29.928  -41.122  43.475 0.3750000000
53475  -29.914  -38.783  43.463 0.5000000000
56634  -31.141  -35.391  43.461 0.6250000000
48075  -15.937  -42.006  60.218 0.2500000000
48086  -15.953  -42.002  58.546 0.1250000000
138073  -14.860  -42.631  59.698 0.2500000000
47024  -14.388  -43.077  59.249 0.2500000000
56640  -38.819  -36.170  42.879 0.1250000000
156679  -16.497  -41.530  58.662 0.1250000000
49140  -16.730  -41.300  57.488 0.5000000000
135656  -36.501  -33.077  42.671 0.3750000000
50175  -17.024  -40.927  57.022 0.6250000000
50160  -17.391  -40.493  57.432 0.6250000000
157508  -36.472  -33.019  41.792 0.3750000000
51204  -24.462  -39.586  59.533 0.3750000000
51216  -23.916  -39.206  58.035 0.3750000000
51249  -17.809  -39.956  55.934 0.5000000000
60766  -35.204  -31.795  41.277 0.3750000000
52281  -18.349  -39.414  56.397 0.7500000000
52249  -23.332  -38.713  58.355 0.2500000000
64990  -38.642  -27.737  35.784 0.2500000000
142903  -40.549  -25.229  35.518 0.2500000000
85761  -51.715  -6.611  25.910 0.3750000000
85741  -51.508  -6.507  26.670 0.3750000000
42826  -11.241  -48.417  49.612 0.6250000000
60788  -35.308  -31.362  39.833 0.3750000000
26522  -5.539  -62.025  49.312 0.1250000000
27779  -5.550  -61.109  49.221 0.2500000000
28999  -5.693  -60.213  48.915 0.3750000000
31229  -5.235  -58.829  49.614 0.3750000000
31248  -5.505  -58.859  48.818 0.3750000000
31216  -7.113  -58.905  51.001 0.3750000000
31230  -8.861  -59.138  49.472 0.2500000000
139840  -8.230  -58.239  49.871 0.2500000000
32450  -10.299  -57.559  48.508 0.2500000000
33589  -9.810  -56.804  48.453 0.2500000000
33590  -10.709  -56.827  48.295 0.2500000000
36901  -13.384  -53.343  47.564 0.1250000000
154415  -6.781  -58.336  51.368 0.3750000000
156005  -10.232  -55.203  47.877 0.1250000000
35827  -11.022  -54.752  47.648 0.2500000000
39220  -13.816  -51.774  47.179 0.1250000000
32377  -5.630  -57.559  51.860 0.3750000000
34688  -4.581  -55.580  50.099 0.1250000000
41652  -11.922  -49.870  47.506 0.2500000000
41679  -13.492  -49.716  46.611 0.1250000000
39228  -14.064  -51.090  46.942 0.1250000000
41680  -14.473  -49.737  46.607 0.1250000000
41681  -15.464  -49.350  46.747 0.1250000000
40408  -15.579  -50.718  47.954 0.1250000000
41682  -16.029  -48.763  46.936 0.1250000000
140922  -15.223  -46.971  46.525 0.1250000000
53164  -19.529  -38.668  66.784 0.1250000000
133875  -21.900  -38.237  66.885 0.1250000000
53158  -24.242  -38.360  67.909 0.2500000000
53157  -23.672  -38.432  67.769 0.2500000000
55300  -24.369  -36.836  67.904 0.2500000000
53163  -18.455  -38.895  67.016 0.1250000000
55296  -19.507  -36.776  67.631 0.1250000000
56336  -22.302  -35.978  68.556 0.2500000000
54193  -22.158  -37.223  68.149 0.1250000000
53156  -22.496  -38.196  67.360 0.1250000000
52177  -17.992  -40.134  64.971 0.1250000000
52170  -23.311  -38.890  65.502 0.1250000000
52161  -23.649  -38.998  66.403 0.2500000000
134668  -24.433  -39.342  66.208 0.2500000000
51131  -25.150  -39.656  65.493 0.2500000000
50056  -25.122  -39.794  64.733 0.2500000000
50084  -26.307  -39.958  63.156 0.2500000000
53184  -22.471  -38.593  64.849 0.1250000000
138325  -21.779  -38.551  64.201 0.1250000000
52179  -23.340  -38.935  64.530 0.1250000000
150114  -24.914  -39.849  64.106 0.2500000000
136980  -25.960  -40.019  63.374 0.2500000000
53198  -19.419  -38.867  62.089 0.2500000000
145547  -20.451  -38.515  62.951 0.2500000000
53191  -21.203  -38.523  63.417 0.1250000000
52197  -22.855  -38.725  62.740 0.2500000000
52188  -23.784  -39.319  63.260 0.1250000000
51156  -24.546  -39.714  63.737 0.2500000000
49065  -26.072  -40.094  62.879 0.2500000000
53201  -21.882  -38.502  61.917 0.3750000000
52209  -23.773  -39.097  61.277 0.2500000000
50115  -25.014  -39.969  61.033 0.2500000000
50098  -25.707  -40.267  61.998 0.2500000000
53222  -19.813  -38.765  60.503 0.3750000000
53212  -21.258  -38.413  61.027 0.3750000000
53224  -22.540  -38.452  60.182 0.2500000000
52223  -23.736  -39.024  60.465 0.2500000000
51193  -24.392  -39.509  60.589 0.2500000000
157959  -11.343  -49.930  48.063 0.2500000000
34620  -6.921  -54.656  53.959 0.1250000000
51161  -16.968  -40.768  62.908 0.1250000000
51144  -16.861  -40.448  65.050 0.1250000000
155432  -17.417  -38.136  66.972 0.1250000000
57416  -22.170  -35.130  68.329 0.2500000000
52195  -18.047  -39.847  62.957 0.1250000000
51192  -17.720  -40.242  60.440 0.2500000000
51176  -17.612  -40.274  61.396 0.2500000000
51203  -17.835  -40.205  59.602 0.3750000000
52207  -18.873  -39.287  61.568 0.2500000000
52234  -18.359  -39.734  60.104 0.3750000000
51228  -17.848  -40.028  57.819 0.3750000000
52235  -19.223  -39.183  59.762 0.3750000000
39191  -9.954  -50.901  50.270 0.5000000000
52260  -18.400  -39.497  58.132 0.3750000000
141080  -19.017  -39.265  59.049 0.3750000000
53236  -20.649  -38.421  59.458 0.3750000000
53235  -20.013  -38.674  59.806 0.3750000000
53237  -21.580  -38.369  60.040 0.3750000000
52236  -23.288  -38.711  59.801 0.2500000000
53248  -19.743  -38.762  59.029 0.5000000000
53269  -20.558  -38.143  57.829 0.5000000000
41615  -10.908  -49.145  49.495 0.5000000000
55535  -31.186  -36.391  44.089 0.2500000000
156208  -7.019  -54.189  54.375 0.1250000000
49076  -16.413  -41.495  61.511 0.2500000000
49075  -15.905  -41.906  61.639 0.2500000000
50113  -16.966  -41.005  60.394 0.2500000000
49092  -16.663  -41.397  60.150 0.2500000000
49125  -16.652  -41.354  59.098 0.2500000000
50159  -17.042  -40.947  57.936 0.3750000000
51143  -16.420  -40.529  64.991 0.1250000000
54205  -17.116  -38.044  66.264 0.1250000000
49056  -16.141  -41.633  62.925 0.1250000000
48064  -15.763  -42.075  61.062 0.2500000000
36829  -7.374  -52.997  55.217 0.1250000000
46992  -14.679  -42.922  61.298 0.1250000000
48051  -14.872  -42.814  61.643 0.1250000000
48053  -15.442  -42.299  61.677 0.1250000000
49062  -15.825  -41.974  62.826 0.1250000000
48063  -15.178  -42.508  61.375 0.1250000000
50062  -16.281  -40.871  64.200 0.1250000000
52176  -15.938  -39.502  65.389 0.1250000000
54209  -16.506  -38.400  65.238 0.1250000000
47003  -14.736  -42.827  60.946 0.1250000000
45978  -13.789  -43.576  59.602 0.1250000000
54210  -16.954  -37.971  65.404 0.1250000000
39144  -8.615  -50.625  54.194 0.2500000000
46003  -12.858  -43.863  56.652 0.3750000000
56655  -39.226  -35.554  42.517 0.1250000000
45993  -13.023  -43.929  58.263 0.2500000000
45977  -13.163  -44.041  59.358 0.2500000000
46013  -12.584  -44.226  56.149 0.3750000000
156290  -12.310  -44.339  54.714 0.3750000000
58830  -39.683  -33.744  41.149 0.1250000000
135116  -38.481  -33.692  40.770 0.2500000000
58828  -37.802  -33.702  41.060 0.3750000000
59835  -37.086  -33.024  40.016 0.2500000000
59851  -37.617  -32.682  39.689 0.1250000000
60791  -38.249  -32.091  39.520 0.1250000000
59826  -36.217  -32.825  41.239 0.3750000000
59833  -35.587  -32.385  40.923 0.3750000000
63898  -39.839  -28.291  35.607 0.2500000000
156353  -39.498  -22.595  47.659 0.2500000000
144570  -54.171  -9.058  22.613 0.1250000000
83070  -54.498  -9.768  22.417 0.1250000000
84896  -54.877  -7.716  21.973 0.1250000000
85794  -53.853  -7.006  22.568 0.2500000000
84894  -53.582  -7.683  22.913 0.1250000000
85762  -52.294  -6.037  25.743 0.3750000000
85784  -52.792  -6.792  23.789 0.3750000000
84885  -52.388  -7.405  23.895 0.2500000000
157404  -53.174  -6.275  23.615 0.3750000000
153501  -53.668  -6.229  23.041 0.2500000000
85796  -55.182  -6.786  21.923 0.2500000000
86759  -52.270  -5.337  28.529 0.5000000000
86766  -52.477  -5.491  27.501 0.5000000000
142993  -55.674  -6.003  21.760 0.2500000000
87843  -55.415  -3.840  22.753 0.3750000000
87844  -56.196  -4.152  22.029 0.3750000000
86843  -56.241  -5.947  21.384 0.2500000000
86767  -53.293  -4.804  27.435 0.5000000000
88781  -55.285  -3.457  25.657 0.3750000000
139747  -56.486  -2.443  25.146 0.2500000000
136672  -56.298  -2.803  25.824 0.2500000000
88791  -56.192  -2.567  24.624 0.3750000000
143802  -27.678  -43.977  45.034 0.2500000000
48253  -28.718  -44.009  44.937 0.2500000000
49341  -30.881  -41.715  43.904 0.1250000000
50372  -31.078  -40.936  43.683 0.2500000000
51396  -31.388  -40.365  44.299 0.1250000000
53464  -30.858  -38.100  44.634 0.2500000000
51407  -30.524  -40.612  43.457 0.2500000000
52436  -30.690  -38.969  43.798 0.2500000000
61464  -38.415  -29.582  60.738 0.1250000000
62409  -37.736  -29.652  61.229 0.1250000000
60575  -37.631  -30.167  60.780 0.1250000000
61472  -38.541  -29.742  60.486 0.1250000000
60589  -39.707  -29.756  59.802 0.1250000000
61485  -40.124  -29.646  59.548 0.1250000000
59627  -36.123  -31.298  60.656 0.1250000000
59643  -37.962  -30.624  59.635 0.1250000000
59644  -39.264  -30.136  59.451 0.1250000000
59645  -39.784  -30.122  58.767 0.1250000000
59674  -38.745  -30.630  56.782 0.1250000000
59662  -39.184  -30.396  58.500 0.1250000000
140335  -36.541  -29.982  62.139 0.1250000000
61512  -41.112  -29.510  57.405 0.1250000000
60553  -35.905  -30.913  62.027 0.1250000000
142965  -40.837  -29.716  57.131 0.1250000000
59675  -39.394  -30.454  57.260 0.1250000000
59676  -40.005  -30.184  56.729 0.1250000000
59692  -39.546  -30.500  56.033 0.1250000000
59693  -39.907  -30.397  55.796 0.1250000000
60632  -40.567  -30.276  54.999 0.1250000000
132178  -39.836  -30.948  55.204 0.1250000000
58672  -39.839  -31.305  54.563 0.1250000000
59709  -40.340  -30.857  54.952 0.1250000000
64649  -35.115  -27.865  62.329 0.1250000000
153332  -34.646  -29.557  63.283 0.1250000000
62389  -35.276  -29.728  63.060 0.1250000000
61447  -33.999  -30.781  63.521 0.1250000000
61453  -35.539  -30.781  62.479 0.1250000000
145820  -33.179  -31.123  63.799 0.1250000000
60542  -34.360  -31.485  63.112 0.1250000000
57469  -32.536  -34.620  63.084 0.1250000000
134383  -33.132  -34.068  62.769 0.1250000000
58569  -33.383  -33.215  63.125 0.1250000000
61542  -41.093  -30.240  54.576 0.1250000000
139596  -31.450  -35.855  61.948 0.1250000000
60652  -41.056  -30.879  53.900 0.1250000000
60631  -40.630  -30.998  54.450 0.1250000000
59718  -40.393  -31.306  54.250 0.1250000000
63486  -34.098  -29.092  63.121 0.1250000000
140562  -33.863  -28.446  62.599 0.1250000000
62397  -33.198  -28.930  62.950 0.1250000000
138581  -33.046  -27.931  61.743 0.1250000000
61445  -32.490  -31.123  63.901 0.1250000000
58557  -32.172  -33.761  64.149 0.1250000000
60532  -31.629  -31.952  64.268 0.1250000000
59590  -31.222  -31.925  64.259 0.1250000000
61460  -31.078  -30.415  62.644 0.1250000000
62545  -41.114  -29.769  51.138 0.2500000000
63629  -40.815  -28.854  51.029 0.2500000000
63644  -40.233  -28.254  49.708 0.3750000000
64756  -40.395  -28.160  50.451 0.2500000000
63645  -40.547  -28.779  50.101 0.2500000000
153300  -44.238  -27.821  36.718 0.1250000000
65907  -39.514  -26.765  50.025 0.2500000000
65923  -39.339  -26.985  49.349 0.2500000000
62772  -41.968  -29.494  36.452 0.1250000000
62754  -42.345  -29.662  37.305 0.1250000000
64992  -40.364  -27.580  35.446 0.1250000000
63900  -41.427  -28.597  35.643 0.1250000000
63901  -42.167  -28.792  35.983 0.1250000000
64976  -43.586  -27.492  36.340 0.1250000000
66129  -43.099  -26.264  35.918 0.1250000000
66968  -39.041  -26.397  49.617 0.2500000000
66979  -38.713  -25.941  49.030 0.2500000000
133196  -38.323  -25.554  48.331 0.2500000000
139182  -40.936  -26.871  35.488 0.1250000000
142902  -41.620  -26.131  35.594 0.1250000000
68130  -42.229  -25.062  35.300 0.1250000000
66128  -42.310  -26.675  35.782 0.1250000000
67138  -43.213  -25.593  35.518 0.1250000000
143045  -37.979  -25.207  47.677 0.2500000000
148331  -40.729  -26.040  35.523 0.1250000000
68129  -41.156  -24.678  35.258 0.1250000000
136786  -41.794  -24.042  35.054 0.1250000000
69098  -40.957  -23.927  35.211 0.2500000000
71005  -41.172  -21.216  34.462 0.2500000000
72024  -42.143  -20.939  34.094 0.3750000000
71031  -44.240  -21.120  32.503 0.1250000000
72069  -47.126  -21.109  31.025 0.1250000000
72068  -46.890  -20.177  30.715 0.1250000000
71055  -47.986  -21.407  30.889 0.1250000000
89752  -55.007  -2.292  32.626 0.1250000000
88713  -54.255  -2.846  32.036 0.2500000000
89761  -55.146  -2.427  31.477 0.1250000000
89753  -55.819  -1.659  31.960 0.1250000000
88730  -54.097  -3.840  30.440 0.2500000000
157159  -52.512  -4.752  30.115 0.2500000000
87756  -53.375  -4.188  30.782 0.2500000000
86777  -53.484  -4.636  26.756 0.3750000000
88722  -54.612  -3.212  30.942 0.2500000000
88723  -55.462  -2.792  30.442 0.2500000000
86755  -52.644  -4.773  29.746 0.3750000000
87759  -53.590  -4.251  30.079 0.2500000000
87766  -53.418  -4.508  29.548 0.2500000000
88745  -55.174  -3.677  29.484 0.2500000000
86756  -52.875  -4.870  29.112 0.3750000000
140433  -53.656  -4.601  28.875 0.3750000000
139749  -53.943  -4.546  28.145 0.3750000000
87784  -54.598  -3.931  26.759 0.3750000000
87803  -54.623  -3.869  25.915 0.3750000000
87770  -54.494  -4.344  28.685 0.3750000000
135901  -54.909  -3.989  27.499 0.3750000000
138298  -54.140  -4.309  27.345 0.3750000000
87785  -55.383  -3.588  27.188 0.3750000000
154619  -56.847  -2.167  24.529 0.2500000000
63515  -32.632  -27.790  61.009 0.1250000000
134752  -31.921  -35.407  61.847 0.2500000000
55357  -31.802  -35.360  60.994 0.3750000000
57471  -33.635  -33.517  62.362 0.1250000000
153593  -32.757  -34.572  62.392 0.2500000000
56396  -32.547  -34.777  61.696 0.2500000000
57484  -33.578  -33.578  61.617 0.1250000000
150223  -35.774  -31.321  61.667 0.1250000000
137857  -36.879  -30.901  59.920 0.1250000000
131800  -38.173  -30.693  58.719 0.1250000000
59691  -39.015  -30.644  55.756 0.1250000000
59602  -35.000  -31.698  62.316 0.1250000000
59593  -34.560  -31.827  62.706 0.1250000000
58570  -33.997  -32.884  62.642 0.1250000000
48263  -29.348  -43.290  44.558 0.3750000000
149060  -38.726  -30.637  57.808 0.1250000000
49340  -30.267  -41.852  43.842 0.2500000000
62555  -40.801  -29.472  50.430 0.2500000000
72989  -41.575  -19.460  33.870 0.3750000000
72023  -41.357  -20.280  34.111 0.3750000000
72032  -43.547  -20.866  32.917 0.2500000000
49335  -30.545  -42.515  44.178 0.2500000000
72030  -42.092  -20.175  33.572 0.2500000000
71018  -42.863  -20.857  33.563 0.1250000000
51408  -30.932  -40.032  43.767 0.1250000000
52425  -31.219  -39.280  44.384 0.1250000000
87819  -54.605  -3.801  24.925 0.2500000000
87855  -57.965  -4.273  20.574 0.2500000000
50371  -30.622  -41.267  43.546 0.2500000000
63899  -40.628  -28.455  35.532 0.1250000000
47198  -28.156  -44.653  45.405 0.2500000000
48254  -29.590  -43.824  44.948 0.2500000000
48265  -30.854  -43.023  44.648 0.1250000000
50363  -31.374  -41.349  44.323 0.1250000000
52418  -31.658  -39.635  45.130 0.1250000000
61463  -37.740  -29.953  60.924 0.1250000000
134850  -36.442  -29.374  62.385 0.1250000000
60565  -36.667  -30.621  61.324 0.1250000000
59628  -36.845  -30.732  60.686 0.1250000000
59629  -37.804  -30.395  60.283 0.1250000000
61462  -36.970  -30.020  61.645 0.1250000000
157524  -39.252  -29.941  59.824 0.1250000000
61511  -40.834  -29.742  57.943 0.1250000000
59615  -36.172  -31.092  61.359 0.1250000000
132753  -38.678  -30.388  59.327 0.1250000000
59663  -39.910  -30.205  57.841 0.1250000000
61454  -36.253  -30.465  62.096 0.1250000000
62398  -35.729  -29.200  62.711 0.1250000000
59603  -35.590  -31.318  62.030 0.1250000000
64648  -34.338  -27.912  62.297 0.1250000000
63494  -34.631  -28.459  62.680 0.1250000000
138891  -34.014  -29.900  63.515 0.1250000000
63487  -34.999  -29.041  63.004 0.1250000000
145286  -34.869  -30.845  63.048 0.1250000000
60541  -33.583  -31.650  63.546 0.1250000000
60543  -34.898  -31.326  62.725 0.1250000000
62386  -32.745  -29.698  63.442 0.1250000000
60534  -32.792  -31.741  63.887 0.1250000000
59592  -33.966  -32.277  63.050 0.1250000000
56395  -32.249  -35.123  62.491 0.1250000000
57454  -32.110  -34.510  63.780 0.1250000000
58558  -32.692  -33.123  63.840 0.1250000000
59591  -33.152  -32.408  63.618 0.1250000000
56385  -31.886  -35.231  63.420 0.1250000000
63503  -33.283  -28.325  62.384 0.1250000000
153583  -33.675  -27.907  62.096 0.1250000000
60533  -32.148  -31.848  64.119 0.1250000000
140895  -31.968  -30.860  63.810 0.1250000000
59581  -32.449  -32.405  64.089 0.1250000000
59580  -31.858  -32.516  64.417 0.1250000000
58556  -31.582  -33.436  64.571 0.1250000000
59579  -31.199  -32.633  64.505 0.1250000000
59589  -30.728  -32.210  64.215 0.1250000000
60539  -30.985  -31.471  63.989 0.1250000000
61461  -31.387  -29.674  62.161 0.1250000000
61471  -30.935  -30.273  61.648 0.1250000000
60551  -30.691  -31.126  63.179 0.1250000000
60564  -30.531  -31.015  62.136 0.1250000000
66113  -43.682  -26.598  36.219 0.1250000000
62791  -40.855  -29.193  35.767 0.1250000000
62773  -42.913  -29.107  36.576 0.1250000000
64993  -41.190  -27.729  35.503 0.1250000000
64994  -42.109  -27.772  35.722 0.1250000000
63883  -42.908  -28.167  36.121 0.1250000000
155800  -43.512  -28.356  36.499 0.1250000000
64995  -42.950  -27.133  36.060 0.1250000000
141364  -42.476  -25.912  35.666 0.1250000000
155950  -41.619  -27.033  35.622 0.1250000000
149897  -41.260  -25.423  35.416 0.1250000000
69114  -41.354  -23.147  35.005 0.2500000000
69115  -42.343  -23.352  34.901 0.2500000000
69099  -42.868  -24.028  35.006 0.1250000000
70045  -41.333  -22.194  34.714 0.2500000000
131120  -42.199  -21.774  34.383 0.2500000000
90775  -56.742  -1.244  31.349 0.1250000000
89762  -56.016  -1.960  30.863 0.1250000000
88731  -54.926  -3.481  30.046 0.2500000000
87767  -54.170  -4.361  29.204 0.2500000000
88770  -55.168  -3.595  26.428 0.3750000000
87774  -54.793  -4.254  28.045 0.3750000000
59600  -30.355  -31.834  63.613 0.1250000000
156200  -11.100  -55.340  47.742 0.1250000000
34723  -11.753  -55.256  47.820 0.1250000000
151020  -12.352  -54.752  47.809 0.1250000000
43920  -10.367  -46.367  54.721 0.3750000000
45082  -17.716  -46.449  46.718 0.1250000000
133496  -16.904  -46.005  46.638 0.1250000000
46149  -17.599  -45.479  46.553 0.1250000000
47182  -18.407  -44.876  46.390 0.1250000000
47180  -16.711  -45.048  46.730 0.1250000000
47181  -17.546  -44.735  46.506 0.1250000000
47193  -18.813  -44.114  46.094 0.1250000000
138091  -38.299  -25.058  49.015 0.2500000000
68921  -38.458  -23.445  48.381 0.2500000000
69876  -38.828  -22.869  47.775 0.2500000000
69890  -39.597  -22.618  46.419 0.2500000000
155128  -45.170  -18.484  44.197 0.2500000000
48233  -17.966  -44.051  46.296 0.1250000000
35828  -11.782  -54.409  47.608 0.1250000000
54220  -30.216  -36.919  63.977 0.2500000000
54212  -28.007  -37.414  64.869 0.1250000000
55314  -28.613  -36.845  64.533 0.1250000000
54215  -29.828  -36.784  64.366 0.1250000000
55305  -24.983  -36.917  66.619 0.1250000000
54207  -25.565  -37.387  66.535 0.1250000000
54208  -26.634  -37.781  65.896 0.1250000000
53176  -28.019  -37.984  65.070 0.1250000000
53185  -29.213  -38.103  63.711 0.1250000000
53186  -29.849  -37.523  63.553 0.2500000000
55304  -24.456  -36.587  67.124 0.1250000000
53168  -26.445  -38.385  66.130 0.1250000000
52173  -28.071  -38.960  64.713 0.1250000000
53178  -28.945  -38.057  64.246 0.1250000000
53169  -27.279  -38.194  65.516 0.1250000000
52182  -28.829  -38.666  64.000 0.1250000000
52189  -28.971  -38.669  63.395 0.1250000000
51149  -27.844  -39.510  63.870 0.1250000000
52199  -28.923  -38.791  62.976 0.1250000000
50087  -28.404  -39.243  62.325 0.1250000000
52200  -29.043  -38.540  62.665 0.2500000000
56355  -29.226  -36.151  64.504 0.1250000000
55325  -30.397  -36.130  64.295 0.2500000000
55315  -29.275  -36.762  64.440 0.1250000000
138320  -27.170  -37.443  65.073 0.1250000000
133804  -30.386  -37.033  63.458 0.2500000000
55310  -24.611  -36.462  66.075 0.1250000000
55311  -25.404  -36.996  65.776 0.1250000000
54223  -30.116  -37.430  62.952 0.2500000000
56348  -23.796  -35.975  66.798 0.1250000000
57415  -21.543  -34.691  68.323 0.1250000000
57421  -22.062  -34.050  68.116 0.1250000000
57428  -23.166  -35.243  67.096 0.1250000000
142926  -23.245  -35.200  66.160 0.1250000000
59561  -22.078  -32.547  67.238 0.1250000000
147183  -31.071  -36.264  63.046 0.2500000000
56354  -23.928  -35.933  65.918 0.1250000000
147916  -30.498  -36.898  62.534 0.2500000000
55340  -30.994  -36.326  62.404 0.2500000000
55348  -31.112  -36.085  61.713 0.2500000000
141506  -22.378  -32.605  66.523 0.1250000000
57432  -22.752  -34.073  65.926 0.1250000000
59568  -22.155  -31.790  66.609 0.1250000000
135710  -32.518  -36.629  45.313 0.1250000000
141939  -41.305  -30.268  51.767 0.1250000000
62532  -41.311  -29.496  52.072 0.1250000000
63601  -41.355  -28.221  53.316 0.1250000000
63614  -41.072  -28.499  52.144 0.1250000000
64730  -40.968  -27.622  52.479 0.1250000000
64719  -41.337  -27.354  53.676 0.1250000000
65864  -41.117  -26.579  54.021 0.1250000000
64742  -40.635  -27.945  51.380 0.1250000000
66916  -40.876  -25.864  54.429 0.1250000000
67903  -41.398  -24.693  55.813 0.1250000000
65892  -40.548  -27.169  51.765 0.1250000000
65863  -40.351  -26.123  53.317 0.1250000000
64741  -40.276  -27.485  50.825 0.1250000000
65876  -40.259  -26.571  52.198 0.1250000000
66931  -39.867  -26.014  52.521 0.1250000000
137599  -41.835  -24.001  56.478 0.1250000000
65891  -40.117  -26.863  51.257 0.1250000000
66915  -40.219  -25.334  54.011 0.1250000000
66905  -40.748  -25.096  54.907 0.1250000000
66946  -39.710  -26.277  51.746 0.1250000000
66930  -39.738  -25.391  53.137 0.1250000000
66945  -39.111  -25.726  51.335 0.1250000000
135062  -39.391  -25.488  52.277 0.1250000000
68851  -41.668  -23.116  56.293 0.1250000000
68850  -41.126  -23.790  55.797 0.1250000000
69774  -41.081  -22.932  55.563 0.1250000000
67911  -40.546  -24.302  55.176 0.1250000000
67910  -39.970  -23.966  54.461 0.1250000000
67918  -39.740  -24.598  53.762 0.1250000000
68870  -40.052  -23.061  54.294 0.1250000000
66958  -39.106  -26.140  50.401 0.1250000000
67931  -39.325  -24.552  52.880 0.1250000000
69787  -40.623  -22.613  54.865 0.1250000000
69793  -39.956  -22.619  53.421 0.1250000000
68880  -39.292  -23.594  52.471 0.1250000000
69802  -39.567  -22.905  52.820 0.1250000000
68869  -39.555  -23.582  53.496 0.1250000000
67963  -38.409  -24.411  49.619 0.1250000000
66957  -38.728  -25.451  50.695 0.1250000000
66967  -38.599  -25.514  49.870 0.1250000000
70780  -41.136  -21.701  53.611 0.1250000000
70758  -41.068  -21.880  54.553 0.1250000000
148247  -40.151  -22.330  51.622 0.1250000000
69803  -40.216  -22.278  52.465 0.1250000000
69794  -40.511  -22.235  54.006 0.1250000000
69832  -39.625  -22.608  51.207 0.1250000000
69815  -39.589  -22.794  52.044 0.1250000000
68902  -39.107  -23.070  50.749 0.1250000000
68891  -38.711  -24.005  51.064 0.1250000000
68892  -39.165  -23.385  51.595 0.1250000000
140126  -38.717  -23.571  50.106 0.1250000000
67951  -38.529  -24.669  50.466 0.1250000000
70798  -41.101  -21.732  52.584 0.1250000000
69833  -40.483  -22.243  50.831 0.1250000000
154255  -39.142  -22.801  50.053 0.1250000000
139738  -39.694  -22.516  50.354 0.1250000000
69860  -38.864  -22.864  48.677 0.1250000000
154147  -39.328  -22.603  49.005 0.1250000000
70781  -41.921  -21.581  53.212 0.1250000000
70799  -42.016  -21.691  52.281 0.1250000000
155048  -41.472  -21.817  51.798 0.1250000000
69846  -40.496  -22.356  49.723 0.1250000000
69861  -39.421  -22.584  48.356 0.1250000000
149115  -39.988  -22.423  48.917 0.1250000000
69116  -43.317  -23.085  34.680 0.1250000000
142846  -42.292  -22.617  34.668 0.1250000000
70800  -42.997  -21.891  51.994 0.1250000000
151954  -42.193  -21.989  51.476 0.1250000000
69817  -41.433  -22.051  51.088 0.1250000000
69835  -42.354  -22.169  50.560 0.1250000000
69818  -43.053  -22.153  51.080 0.1250000000
69834  -41.483  -22.269  50.164 0.1250000000
139179  -41.013  -22.386  48.757 0.1250000000
69847  -41.546  -22.326  49.338 0.1250000000
69862  -40.379  -22.460  47.978 0.1250000000
76948  -48.746  -15.347  45.978 0.1250000000
69877  -40.042  -22.563  47.074 0.1250000000
69848  -42.639  -22.085  49.347 0.1250000000
69836  -43.270  -21.933  50.112 0.1250000000
138292  -42.126  -22.269  48.548 0.1250000000
131336  -41.660  -22.392  47.852 0.1250000000
69878  -41.191  -22.508  47.064 0.1250000000
76957  -48.162  -15.591  45.205 0.1250000000
76975  -48.788  -15.173  44.659 0.1250000000
76956  -47.958  -15.780  44.348 0.1250000000
76991  -48.883  -15.454  43.291 0.1250000000
74970  -47.212  -16.528  43.055 0.1250000000
134200  -47.690  -16.065  43.460 0.1250000000
142854  -48.226  -15.766  42.939 0.1250000000
75994  -47.421  -16.220  41.775 0.1250000000
75995  -47.992  -15.862  42.292 0.1250000000
76006  -47.342  -16.226  41.116 0.1250000000
140888  -43.221  -21.591  48.695 0.1250000000
156699  -42.423  -22.068  47.799 0.1250000000
69863  -42.817  -21.821  48.273 0.1250000000
69879  -42.843  -21.711  47.465 0.1250000000
68933  -42.265  -22.177  47.029 0.1250000000
75944  -48.015  -15.980  45.951 0.1250000000
75943  -47.465  -16.282  45.291 0.1250000000
74941  -46.142  -17.349  44.325 0.1250000000
75961  -47.323  -16.329  44.342 0.1250000000
74968  -45.649  -17.575  42.819 0.1250000000
74969  -46.448  -17.102  43.178 0.1250000000
76008  -48.343  -15.737  42.028 0.1250000000
76007  -47.796  -15.980  41.579 0.1250000000
76014  -48.914  -15.740  40.654 0.1250000000
155772  -47.840  -16.007  40.891 0.1250000000
76013  -48.000  -15.946  40.441 0.1250000000
68934  -42.812  -21.647  46.715 0.1250000000
75942  -46.701  -16.858  44.887 0.1250000000
74940  -45.616  -17.779  43.784 0.1250000000
74916  -46.913  -17.154  45.920 0.1250000000
73906  -45.528  -18.218  44.721 0.1250000000
74915  -46.095  -17.844  45.484 0.1250000000
151610  -49.589  -15.780  39.388 0.1250000000
73880  -45.536  -18.982  45.575 0.1250000000
78187  -51.913  -14.250  28.367 0.1250000000
144017  -56.492  -8.217  20.713 0.1250000000
84906  -55.628  -7.601  21.537 0.1250000000
87775  -55.431  -3.884  27.958 0.2500000000
88754  -56.239  -3.165  28.363 0.2500000000
88772  -56.150  -3.021  26.648 0.2500000000
88761  -55.844  -3.482  27.827 0.2500000000
135374  -55.850  -3.277  27.154 0.2500000000
84875  -51.842  -7.315  24.494 0.2500000000
85807  -55.967  -6.734  21.450 0.1250000000
84907  -56.354  -7.404  20.994 0.1250000000
87771  -55.284  -3.996  28.563 0.2500000000
137656  -56.470  -2.742  28.134 0.2500000000
154574  -56.552  -2.401  26.346 0.2500000000
88771  -55.796  -3.266  26.372 0.2500000000
89820  -56.451  -2.621  26.050 0.1250000000
89821  -56.917  -1.948  25.713 0.1250000000
148906  -56.015  -5.566  21.669 0.1250000000
85809  -56.752  -5.655  20.966 0.1250000000
85808  -56.509  -6.443  20.978 0.1250000000
84915  -56.871  -6.749  20.541 0.1250000000
84021  -57.460  -7.648  19.693 0.1250000000
89841  -57.128  -1.972  24.699 0.1250000000
151321  -56.930  -6.093  20.644 0.1250000000
138648  -57.278  -5.496  20.553 0.1250000000
84916  -57.401  -6.840  20.004 0.1250000000
89863  -57.533  -1.973  23.183 0.1250000000
85817  -57.365  -6.104  20.244 0.1250000000
85818  -57.791  -5.393  20.008 0.1250000000
85833  -57.894  -6.046  19.488 0.1250000000
51178  -28.688  -38.992  61.991 0.2500000000
64755  -40.077  -27.698  50.024 0.1250000000
65908  -39.942  -27.111  50.400 0.1250000000
133225  -47.657  -16.111  42.603 0.1250000000
51150  -28.565  -39.072  63.719 0.1250000000
56337  -22.699  -35.692  68.246 0.1250000000
56342  -22.972  -35.410  67.767 0.1250000000
150387  -23.430  -35.805  67.501 0.1250000000
86850  -57.694  -4.919  20.416 0.1250000000
89831  -56.721  -2.257  25.294 0.1250000000
150155  -56.671  -2.381  23.646 0.1250000000
89848  -57.336  -1.890  23.958 0.1250000000
88823  -57.815  -2.473  22.289 0.1250000000
57422  -22.479  -34.877  67.915 0.1250000000
65890  -39.610  -26.543  50.852 0.1250000000
144884  -38.281  -24.125  48.890 0.1250000000
68910  -38.551  -23.436  49.191 0.1250000000
149513  -27.460  -37.768  65.299 0.1250000000
54211  -26.236  -37.343  65.471 0.1250000000
52174  -28.558  -38.643  64.393 0.1250000000
58542  -22.411  -33.357  67.037 0.1250000000
57427  -22.718  -34.327  66.784 0.1250000000
59560  -21.431  -32.418  67.366 0.1250000000
146540  -22.541  -33.406  66.419 0.1250000000
65877  -40.803  -26.869  52.867 0.1250000000
68861  -40.478  -23.482  55.098 0.1250000000
67942  -38.971  -24.547  51.895 0.1250000000
67941  -38.672  -24.908  51.162 0.1250000000
151221  -40.550  -22.026  53.200 0.1250000000
69816  -40.782  -21.964  51.696 0.1250000000
150831  -38.966  -22.849  49.438 0.1250000000
69831  -39.569  -22.538  49.587 0.1250000000
75977  -48.474  -15.622  43.639 0.1250000000
75960  -46.886  -16.670  43.858 0.1250000000
75978  -48.554  -15.623  42.723 0.1250000000
131112  -48.202  -15.852  41.239 0.1250000000
83084  -56.397  -9.168  20.794 0.1250000000
88762  -56.122  -3.109  27.561 0.2500000000
89793  -56.715  -2.615  28.803 0.2500000000
89804  -56.360  -2.672  27.055 0.2500000000
84020  -56.888  -7.582  20.374 0.1250000000
88746  -55.780  -3.549  29.079 0.2500000000
90834  -57.346  -1.627  25.174 0.1250000000
89842  -57.738  -1.544  24.207 0.1250000000
89832  -57.279  -1.832  24.811 0.1250000000
31249  -5.786  -58.929  48.316 0.2500000000
156537  -6.138  -59.555  47.854 0.1250000000
31276  -6.790  -58.375  47.007 0.1250000000
149568  -5.951  -57.958  47.872 0.1250000000
32467  -5.984  -57.367  47.628 0.1250000000
32476  -6.471  -57.505  47.121 0.1250000000
32477  -7.305  -57.776  46.442 0.1250000000
137933  -7.025  -56.856  46.709 0.1250000000
32448  -5.213  -57.119  48.808 0.1250000000
32466  -5.710  -57.253  48.052 0.1250000000
144657  -4.805  -56.449  49.669 0.1250000000
33603  -5.466  -56.286  48.247 0.1250000000
40324  -8.787  -49.898  54.469 0.1250000000
46002  -12.601  -44.523  56.987 0.2500000000
44985  -11.029  -45.518  54.762 0.2500000000
59850  -36.676  -32.343  39.763 0.1250000000
142590  -36.025  -31.697  39.692 0.1250000000
61727  -35.565  -29.803  39.072 0.1250000000
62726  -36.287  -29.119  38.471 0.1250000000
147640  -37.244  -28.681  38.139 0.1250000000
62769  -39.580  -29.065  36.352 0.1250000000
155522  -37.630  -28.571  37.208 0.1250000000
146496  -38.088  -28.684  37.989 0.1250000000
63861  -38.480  -28.855  37.043 0.1250000000
62750  -39.120  -29.026  36.861 0.1250000000
63897  -38.736  -28.437  36.132 0.1250000000
61718  -35.928  -30.815  39.399 0.1250000000
63881  -38.083  -28.077  36.176 0.1250000000
63882  -38.283  -28.576  36.604 0.1250000000
63880  -36.886  -28.067  36.950 0.2500000000
29000  -5.846  -60.165  48.435 0.2500000000
32449  -5.642  -58.125  48.378 0.1250000000
30164  -5.884  -59.386  48.150 0.1250000000
31267  -6.106  -58.133  47.606 0.1250000000
31266  -5.948  -58.599  47.996 0.1250000000
33588  -5.107  -56.107  48.871 0.1250000000
34705  -4.792  -55.446  49.248 0.1250000000
62768  -38.929  -28.817  36.470 0.1250000000
63820  -38.722  -28.762  38.944 0.1250000000
26505  -8.746  -62.076  50.462 0.1250000000
27733  -7.011  -62.133  51.036 0.1250000000
27746  -6.397  -61.209  51.003 0.1250000000
156698  -8.659  -60.964  49.893 0.1250000000
27758  -7.671  -61.097  50.601 0.1250000000
28979  -8.109  -60.601  50.272 0.1250000000
28990  -8.897  -60.603  49.648 0.1250000000
30150  -9.905  -59.023  48.836 0.1250000000
28978  -7.175  -60.378  50.797 0.1250000000
30138  -8.425  -59.894  49.871 0.1250000000
30139  -9.484  -60.005  49.255 0.1250000000
31251  -10.548  -58.238  48.720 0.1250000000
30151  -10.707  -58.903  48.976 0.1250000000
31252  -11.192  -58.135  48.877 0.1250000000
33591  -11.423  -56.733  48.440 0.1250000000
46154  -27.953  -45.288  46.721 0.1250000000
47186  -27.626  -45.110  45.909 0.1250000000
47199  -29.016  -44.451  45.486 0.1250000000
45976  -12.764  -44.643  58.948 0.1250000000
154220  -12.613  -44.710  57.924 0.1250000000
47200  -29.854  -44.147  45.670 0.1250000000
44940  -12.242  -45.357  57.997 0.1250000000
44953  -11.821  -45.560  57.318 0.1250000000
44939  -11.197  -46.173  57.731 0.1250000000
44952  -10.957  -46.097  56.861 0.1250000000
44967  -11.409  -45.431  56.482 0.1250000000
44966  -10.709  -45.951  55.787 0.1250000000
46001  -12.173  -44.866  56.529 0.1250000000
46012  -11.478  -45.022  55.656 0.1250000000
147866  -48.449  -20.916  30.451 0.1250000000
72081  -48.469  -20.125  29.945 0.1250000000
72082  -49.440  -20.165  29.713 0.1250000000
135030  -53.861  -14.182  36.109 0.1250000000
78133  -53.786  -13.637  35.043 0.1250000000
78132  -53.302  -14.253  34.819 0.1250000000
79135  -54.442  -13.622  36.244 0.1250000000
79141  -54.326  -13.211  35.373 0.1250000000
79149  -54.104  -12.859  34.808 0.1250000000
80161  -54.641  -12.492  35.064 0.1250000000
80169  -54.327  -12.213  34.732 0.1250000000
80179  -53.413  -12.080  34.345 0.1250000000
138151  -54.279  -11.757  34.619 0.1250000000
80170  -54.803  -11.678  34.819 0.1250000000
81096  -54.478  -11.127  34.620 0.1250000000
153876  -50.546  -11.754  28.585 0.1250000000
81177  -50.135  -11.319  26.757 0.1250000000
83058  -51.708  -9.833  23.943 0.1250000000
83966  -51.899  -8.081  23.966 0.1250000000
83978  -52.195  -8.997  23.748 0.1250000000
89771  -56.289  -2.454  30.073 0.1250000000
89772  -56.966  -2.034  29.730 0.1250000000
88732  -55.730  -3.159  29.675 0.1250000000
89784  -56.875  -2.331  29.308 0.1250000000
87768  -54.909  -4.075  29.128 0.1250000000
88747  -56.392  -3.089  28.934 0.1250000000
89773  -57.487  -1.683  29.739 0.1250000000
89785  -57.273  -1.954  29.356 0.1250000000
89794  -56.993  -2.187  28.697 0.1250000000
150749  -56.651  -2.276  27.857 0.1250000000
90801  -57.920  -1.420  29.809 0.1250000000
90809  -57.611  -1.553  29.283 0.1250000000
91811  -57.890  -0.938  28.967 0.1250000000
146867  -57.142  -1.602  28.196 0.1250000000
89805  -56.710  -1.998  26.895 0.1250000000
134293  -57.219  -0.943  26.614 0.1250000000
92859  -57.986  -0.114  28.704 0.1250000000
90789  -58.459  -0.826  30.193 0.1250000000
91825  -57.395  -0.659  27.883 0.1250000000
143721  -57.081  -1.574  26.109 0.1250000000
151560  -27.347  -44.665  45.440 0.1250000000
78123  -53.534  -14.475  35.490 0.1250000000
72083  -50.270  -20.068  29.687 0.1250000000
81160  -50.562  -11.348  27.911 0.1250000000
48264  -30.141  -43.273  44.388 0.1250000000
132402  -6.279  -61.356  51.026 0.1250000000
142094  -52.951  -9.011  23.416 0.1250000000
32451  -11.003  -57.506  48.549 0.1250000000
47187  -28.493  -45.032  46.020 0.1250000000
55326  -30.897  -35.828  64.050 0.1250000000
88753  -55.881  -3.566  28.476 0.1250000000
90821  -57.038  -1.366  27.154 0.1250000000
88733  -56.384  -2.790  29.397 0.1250000000
27759  -8.498  -61.383  50.225 0.1250000000
27748  -7.818  -61.945  50.750 0.1250000000
45992  -12.388  -45.034  57.334 0.1250000000
72071  -49.173  -20.855  30.209 0.1250000000
72072  -50.016  -20.765  30.125 0.1250000000
78124  -53.951  -13.804  35.634 0.1250000000
90787  -57.644  -1.423  30.234 0.1250000000
27769  -9.146  -61.110  49.774 0.1250000000
30165  -6.248  -58.961  47.604 0.1250000000
33570  -4.823  -56.432  50.546 0.2500000000
48052  -15.121  -42.568  61.603 0.1250000000
48076  -16.305  -41.709  59.318 0.2500000000
48111  -26.758  -40.550  56.341 0.7500000000
48112  -26.982  -40.582  55.945 0.7500000000
49077  -25.814  -40.259  61.028 0.3750000000
49078  -26.125  -40.291  61.899 0.3750000000
49079  -26.932  -40.051  61.835 0.3750000000
49080  -27.493  -40.029  61.328 0.2500000000
49091  -16.281  -41.683  60.904 0.2500000000
49110  -26.364  -40.361  59.556 0.3750000000
49111  -26.781  -40.416  59.200 0.5000000000
49113  -27.511  -40.242  59.333 0.5000000000
49127  -27.535  -40.287  57.896 0.6250000000
49128  -27.834  -40.232  57.787 0.6250000000
49139  -16.447  -41.632  57.939 0.2500000000
49142  -25.876  -40.612  57.461 0.6250000000
49143  -26.431  -40.607  56.928 0.6250000000
49145  -26.957  -40.561  57.415 0.6250000000
49158  -25.566  -40.486  56.967 0.6250000000
49160  -27.206  -40.604  56.101 0.7500000000
49170  -16.337  -41.348  55.944 0.6250000000
49172  -26.500  -40.980  54.991 0.7500000000
49173  -27.152  -40.838  55.400 0.8750000000
49174  -27.731  -40.764  55.540 0.8750000000
49175  -28.086  -40.963  55.183 0.8750000000
49186  -26.477  -42.138  54.648 0.8750000000
49188  -28.092  -42.097  54.831 0.8750000000
49201  -27.012  -42.674  54.140 0.8750000000
49203  -28.971  -41.718  54.265 0.8750000000
49231  -28.764  -42.114  51.912 1.0000000000
49268  -16.065  -42.338  49.295 0.7500000000
50057  -25.452  -39.816  64.538 0.2500000000
50059  -26.557  -39.814  64.351 0.2500000000
50064  -24.979  -39.840  64.381 0.2500000000
50074  -25.900  -39.922  63.627 0.2500000000
50075  -26.111  -39.928  63.509 0.2500000000
50076  -26.610  -39.855  63.492 0.2500000000
50082  -25.169  -40.006  63.223 0.2500000000
50085  -27.022  -39.838  63.018 0.2500000000
50086  -27.858  -39.571  62.819 0.2500000000
50100  -27.874  -39.651  61.875 0.2500000000
50101  -28.270  -39.445  61.480 0.3750000000
50116  -25.429  -40.181  60.471 0.3750000000
50146  -25.428  -40.293  58.701 0.3750000000
50162  -25.001  -40.223  57.359 0.6250000000
50163  -28.032  -40.292  57.365 0.7500000000
50178  -28.102  -40.364  56.610 0.8750000000
50179  -28.279  -40.242  56.210 0.8750000000
50215  -28.833  -40.962  54.138 0.8750000000
51132  -25.780  -39.556  65.475 0.2500000000
51135  -16.623  -40.218  65.627 0.1250000000
51136  -17.057  -40.233  65.640 0.1250000000
51137  -24.841  -39.675  65.038 0.2500000000
51139  -25.556  -39.786  64.957 0.2500000000
51140  -26.240  -39.713  64.858 0.2500000000
51142  -27.811  -39.354  64.356 0.1250000000
51147  -24.971  -39.803  64.774 0.2500000000
51148  -27.153  -39.741  64.136 0.2500000000
51157  -28.222  -39.345  63.361 0.1250000000
51158  -28.735  -38.998  63.264 0.1250000000
51164  -28.594  -39.112  62.936 0.1250000000
51165  -28.838  -38.838  62.619 0.2500000000
51166  -28.948  -38.635  62.354 0.2500000000
51194  -28.503  -39.187  61.172 0.5000000000
51206  -28.519  -39.310  59.461 0.6250000000
51217  -24.468  -39.613  58.579 0.5000000000
51218  -28.462  -39.572  58.358 0.7500000000
51252  -28.452  -39.948  55.994 0.8750000000
51288  -28.703  -40.053  52.554 1.0000000000
51302  -28.800  -39.880  51.701 1.0000000000
51314  -29.380  -40.487  50.390 1.0000000000
51342  -29.472  -41.187  49.150 1.0000000000
51356  -19.005  -39.950  46.908 0.6250000000
51406  -29.776  -40.311  43.444 0.3750000000
52156  -25.020  -38.994  67.125 0.2500000000
52158  -16.743  -39.184  66.243 0.1250000000
52163  -25.398  -39.323  66.262 0.2500000000
52165  -27.047  -38.760  65.570 0.1250000000
52171  -24.300  -39.340  65.586 0.2500000000
52172  -27.791  -38.556  65.122 0.1250000000
52181  -28.360  -39.032  64.226 0.1250000000
52190  -29.112  -38.501  62.933 0.1250000000
52206  -18.169  -39.839  61.957 0.2500000000
52224  -29.154  -38.209  61.625 0.3750000000
52248  -19.086  -39.102  58.461 0.3750000000
52264  -28.715  -39.204  57.942 0.8750000000
52275  -28.618  -39.011  56.748 0.8750000000
52276  -28.569  -39.404  57.206 0.8750000000
52294  -28.683  -39.529  54.338 0.8750000000
52334  -18.215  -39.240  50.012 1.0000000000
52385  -24.673  -39.589  47.031 0.7500000000
52400  -19.658  -39.720  46.455 0.5000000000
52414  -21.616  -39.742  45.619 0.5000000000
52415  -22.409  -39.476  45.588 0.7500000000
52434  -29.387  -39.474  43.415 0.6250000000
53152  -17.798  -38.479  67.191 0.1250000000
53153  -18.179  -38.654  67.217 0.1250000000
53155  -21.497  -37.752  67.255 0.1250000000
53170  -16.308  -38.988  65.730 0.1250000000
53177  -28.417  -38.341  64.696 0.1250000000
53192  -22.261  -38.597  63.499 0.1250000000
53193  -29.387  -38.059  63.144 0.3750000000
53199  -20.220  -38.550  62.105 0.2500000000
53239  -29.218  -37.902  59.814 0.5000000000
53250  -21.275  -38.119  58.242 0.5000000000
53253  -29.432  -37.509  59.223 0.7500000000
53271  -22.446  -37.946  57.137 0.5000000000
53378  -20.586  -37.774  50.628 1.0000000000
53380  -28.736  -38.376  50.009 1.0000000000
53439  -21.599  -38.652  46.806 0.8750000000
53440  -23.101  -38.764  46.839 0.8750000000
54196  -24.159  -37.304  68.261 0.2500000000
54201  -22.458  -37.695  67.901 0.1250000000
54202  -23.211  -37.848  68.244 0.2500000000
54206  -17.969  -37.699  67.275 0.1250000000
54213  -28.652  -37.539  64.545 0.1250000000
54214  -29.264  -37.321  64.327 0.1250000000
54219  -29.570  -37.467  64.054 0.1250000000
54224  -30.716  -36.401  63.644 0.2500000000
54232  -30.686  -36.766  63.002 0.2500000000
54239  -30.574  -36.667  62.043 0.2500000000
54280  -29.723  -36.959  59.091 0.7500000000
54333  -28.873  -36.690  54.844 1.0000000000
54491  -28.642  -37.049  43.803 0.7500000000
55292  -22.258  -36.710  68.449 0.2500000000
55294  -23.724  -36.735  68.233 0.2500000000
55299  -23.880  -36.316  67.659 0.1250000000
55301  -24.873  -37.082  67.354 0.2500000000
55308  -17.427  -37.411  65.561 0.1250000000
55324  -28.457  -36.311  64.414 0.1250000000
55341  -31.582  -35.779  62.638 0.1250000000
55384  -30.027  -36.269  58.712 0.7500000000
55483  -28.661  -36.530  47.616 1.0000000000
55500  -28.444  -36.564  46.621 0.8750000000
55517  -28.086  -36.560  45.068 0.7500000000
55534  -28.253  -36.851  44.342 0.6250000000
55553  -29.276  -36.770  43.591 0.6250000000
56403  -32.103  -35.159  61.223 0.3750000000
56483  -29.865  -35.537  55.954 1.0000000000
56505  -29.466  -35.225  53.340 1.0000000000
56593  -28.549  -35.619  46.260 0.8750000000
56614  -28.967  -35.482  43.972 0.7500000000
57455  -32.722  -33.927  63.488 0.1250000000
57535  -32.519  -33.154  57.598 0.8750000000
57548  -30.802  -34.206  56.682 1.0000000000
57578  -33.069  -32.633  54.183 0.8750000000
57583  -38.016  -32.436  52.888 0.5000000000
57602  -39.422  -32.707  52.188 0.7500000000
57616  -38.061  -33.823  52.518 0.8750000000
57634  -39.646  -34.109  51.808 0.8750000000
57635  -39.898  -34.120  51.071 0.8750000000
57694  -29.142  -34.963  47.839 0.8750000000
57713  -29.634  -34.303  46.271 1.0000000000
57742  -30.088  -34.280  43.944 0.7500000000
58538  -22.182  -33.382  67.597 0.1250000000
58578  -34.738  -32.178  62.128 0.1250000000
58684  -40.306  -31.586  53.779 0.2500000000
58690  -39.349  -32.263  53.017 0.3750000000
58699  -39.954  -32.415  52.270 0.7500000000
58704  -39.750  -32.906  51.508 0.7500000000
58711  -39.922  -33.532  50.875 0.7500000000
58727  -39.973  -33.232  48.899 1.0000000000
58759  -39.471  -32.756  47.003 1.0000000000
58770  -30.690  -33.440  45.364 0.8750000000
58777  -39.276  -32.894  46.199 1.0000000000
59567  -21.564  -31.765  66.970 0.1250000000
59601  -34.445  -32.295  62.489 0.1250000000
59613  -35.241  -31.764  61.929 0.1250000000
59614  -36.083  -30.950  61.737 0.1250000000
59630  -38.612  -30.267  59.770 0.1250000000
59642  -37.308  -31.021  59.203 0.2500000000
59659  -35.372  -31.794  58.269 0.3750000000
59694  -40.413  -30.165  55.483 0.1250000000
59707  -38.635  -30.767  55.078 0.2500000000
59719  -40.585  -31.347  53.809 0.1250000000
59725  -40.685  -31.442  53.023 0.2500000000
59726  -40.897  -31.203  52.915 0.2500000000
59735  -40.647  -31.524  52.145 0.5000000000
59746  -40.252  -31.797  51.334 0.6250000000
59753  -40.036  -32.174  49.926 0.6250000000
59754  -39.933  -32.093  50.565 0.6250000000
59849  -35.765  -32.113  40.163 0.3750000000
60552  -35.416  -31.227  62.280 0.1250000000
60554  -36.490  -30.574  61.670 0.1250000000
60590  -39.912  -29.942  59.197 0.1250000000
60602  -40.338  -29.953  58.375 0.1250000000
60611  -40.482  -29.953  57.394 0.1250000000
60642  -40.856  -30.465  54.607 0.1250000000
60683  -40.464  -31.455  50.918 0.6250000000
61446  -33.164  -30.361  63.724 0.1250000000
61448  -35.323  -30.336  62.934 0.1250000000
61499  -40.548  -29.706  58.754 0.1250000000
61574  -40.958  -30.979  51.016 0.5000000000
62387  -33.417  -29.580  63.407 0.1250000000
62388  -34.729  -30.181  63.320 0.1250000000
62390  -35.924  -30.038  62.603 0.1250000000
62399  -37.071  -29.515  61.896 0.1250000000
62749  -35.902  -28.662  37.973 0.2500000000
62789  -39.382  -28.720  35.974 0.1250000000
62792  -41.516  -29.238  35.930 0.1250000000
63493  -32.739  -28.529  62.344 0.1250000000
64650  -35.937  -27.931  62.164 0.1250000000
64922  -34.324  -27.379  39.271 0.5000000000
66980  -38.994  -26.631  49.035 0.2500000000
67919  -40.201  -24.675  54.476 0.1250000000
68995  -37.377  -23.518  42.400 1.0000000000
70848  -44.324  -20.486  47.641 0.1250000000
70886  -44.061  -21.220  44.555 0.3750000000
76090  -44.954  -16.651  32.927 0.6250000000
76091  -45.606  -16.449  32.844 0.7500000000
80168  -53.883  -12.341  34.551 0.2500000000
81129  -47.689  -11.409  30.515 0.5000000000
82038  -47.659  -10.418  29.765 0.5000000000
82057  -49.051  -10.740  27.385 0.2500000000
83027  -48.927  -9.624  26.715 0.2500000000
83882  -51.013  -8.132  33.443 0.6250000000
83912  -48.397  -8.521  29.399 0.6250000000
83994  -54.515  -8.399  22.286 0.1250000000
84804  -49.477  -7.590  31.759 0.7500000000
84814  -49.087  -7.831  30.592 0.7500000000
84827  -50.015  -6.909  29.001 0.6250000000
84831  -49.453  -7.623  27.632 0.6250000000
84874  -51.317  -7.340  25.255 0.3750000000
85682  -52.692  -6.936  34.168 0.2500000000
85702  -49.973  -6.638  30.758 0.7500000000
87758  -52.923  -4.539  30.204 0.2500000000
87760  -54.320  -4.068  29.683 0.2500000000
87802  -54.111  -4.254  26.115 0.3750000000
90729  -59.258  -2.116  35.695 0.1250000000
90739  -59.100  -1.810  34.706 0.1250000000
130549  -22.424  -34.103  67.522 0.1250000000
130700  -26.002  -40.125  63.138 0.2500000000
131317  -26.554  -40.603  57.676 0.6250000000
131481  -26.851  -42.775  53.271 0.8750000000
131852  -15.602  -42.211  59.518 0.3750000000
132029  -43.354  -21.201  45.926 0.2500000000
132260  -26.019  -40.653  55.516 0.7500000000
132945  -22.122  -38.477  48.391 1.0000000000
133407  -29.011  -41.373  53.650 0.8750000000
134364  -31.835  -33.535  46.790 1.0000000000
134535  -26.358  -39.880  63.681 0.2500000000
135361  -18.287  -39.337  55.644 0.8750000000
135400  -23.017  -38.205  67.822 0.1250000000
135678  -25.677  -41.807  49.463 1.0000000000
135797  -26.058  -40.689  57.923 0.6250000000
135857  -28.526  -39.525  56.517 0.8750000000
135867  -28.678  -37.226  54.288 1.0000000000
136374  -25.143  -39.773  64.989 0.2500000000
136690  -14.215  -42.765  55.175 0.5000000000
136723  -20.677  -37.914  56.423 0.6250000000
137023  -18.608  -42.091  46.034 0.3750000000
137142  -24.831  -41.712  52.102 0.8750000000
137333  -27.365  -40.484  57.167 0.6250000000
137506  -20.315  -37.087  67.643 0.1250000000
137617  -22.733  -34.792  67.428 0.1250000000
138539  -28.700  -40.172  53.284 1.0000000000
139120  -48.681  -8.381  31.012 0.6250000000
139289  -30.743  -35.412  64.428 0.1250000000
139895  -24.666  -38.507  67.656 0.2500000000
140577  -31.261  -33.575  44.067 0.7500000000
140694  -44.306  -21.105  45.157 0.3750000000
140817  -54.484  -8.631  34.452 0.1250000000
140854  -28.211  -39.806  59.544 0.5000000000
141377  -21.821  -38.421  66.379 0.1250000000
141873  -23.070  -38.612  58.949 0.2500000000
142878  -28.426  -36.065  44.388 0.7500000000
143505  -14.037  -44.479  49.257 0.7500000000
144571  -54.211  -10.699  34.460 0.1250000000
144706  -32.202  -33.031  64.387 0.1250000000
145508  -27.980  -41.470  54.991 0.8750000000
146585  -30.384  -34.431  54.403 1.0000000000
146818  -25.979  -40.152  62.849 0.2500000000
147654  -33.112  -34.352  49.320 1.0000000000
149364  -38.530  -30.044  60.183 0.1250000000
150276  -17.046  -40.608  63.761 0.1250000000
150586  -31.932  -31.450  64.053 0.1250000000
151025  -37.089  -30.274  61.247 0.1250000000
151527  -16.646  -41.332  60.801 0.2500000000
151976  -23.835  -38.729  55.892 0.7500000000
152041  -25.253  -40.057  61.978 0.2500000000
152480  -28.201  -40.708  55.141 0.8750000000
152840  -23.842  -38.984  67.078 0.2500000000
153536  -26.606  -40.248  61.292 0.2500000000
153873  -28.131  -39.917  59.904 0.5000000000
154156  -39.159  -22.828  44.084 0.7500000000
154645  -28.699  -38.846  51.952 1.0000000000
154702  -16.678  -41.130  56.096 0.7500000000
154811  -34.695  -29.897  39.517 0.5000000000
154872  -29.469  -40.677  43.549 0.3750000000
155031  -39.825  -28.430  47.856 0.6250000000
155369  -50.271  -6.275  31.791 0.7500000000
155924  -29.784  -35.739  56.538 1.0000000000
156098  -28.747  -39.080  53.008 1.0000000000
156354  -27.449  -40.282  58.551 0.6250000000
156413  -29.655  -38.039  43.524 0.5000000000
156484  -51.987  -10.542  23.893 0.1250000000
156507  -24.942  -39.883  63.413 0.2500000000
156671  -27.466  -39.048  65.134 0.1250000000
156741  -41.197  -30.582  53.884 0.1250000000
156787  -7.550  -52.707  54.971 0.1250000000
156807  -16.749  -41.264  59.493 0.2500000000
156928  -35.051  -32.860  52.499 1.0000000000
157071  -51.838  -5.003  30.842 0.3750000000
157176  -39.904  -32.209  48.320 1.0000000000
157517  -34.091  -27.526  61.824 0.1250000000
157568  -47.764  -10.400  31.026 0.5000000000
157576  -41.187  -30.277  51.227 0.3750000000
157801  -24.746  -39.551  65.501 0.2500000000
158078  -40.214  -19.161  36.294 0.6250000000
