#!ascii label  , from subject sub001 vox2ras=TkReg
2557
152392  -37.058  -46.775  -17.208 0.5000000000
141484  -37.225  -46.903  -18.010 0.5000000000
45811  -37.699  -46.397  -17.304 0.4000000060
138115  -38.725  -45.886  -18.419 0.5000000000
46898  -39.158  -45.226  -17.833 0.5000000000
49002  -39.887  -43.921  -18.870 0.5000000000
71641  -31.646  -21.350  -20.724 0.5000000000
72610  -31.931  -20.477  -20.676 0.4000000060
153314  -32.684  -18.572  -21.102 0.4000000060
73612  -32.543  -18.614  -20.990 0.4000000060
74682  -32.977  -17.776  -21.358 0.6000000238
74672  -32.924  -18.608  -20.635 0.5000000000
75736  -33.012  -17.002  -21.686 0.5000000000
74673  -33.656  -18.018  -20.262 0.5000000000
75737  -33.171  -16.761  -21.032 0.4000000060
76698  -33.669  -15.899  -21.348 0.4000000060
75726  -34.118  -17.003  -20.296 0.5000000000
77717  -33.849  -14.995  -22.099 0.4000000060
45826  -35.758  -47.275  -18.273 0.5000000000
45827  -36.529  -47.116  -18.815 0.4000000060
45829  -38.156  -46.479  -19.160 0.5000000000
46918  -39.448  -45.430  -19.749 0.5000000000
49003  -40.335  -44.007  -19.505 0.5000000000
137046  -40.871  -43.254  -19.569 0.5000000000
136596  -31.302  -22.768  -20.168 0.5000000000
69667  -31.661  -23.412  -20.327 0.5000000000
70636  -31.344  -22.004  -20.561 0.5000000000
70647  -31.919  -21.575  -21.074 0.5000000000
72619  -32.140  -20.105  -21.007 0.5000000000
75735  -33.038  -16.985  -21.844 0.6000000238
142822  -37.761  -12.568  -20.777 0.3000000119
76721  -33.094  -15.731  -22.184 0.4000000060
79742  -36.748  -12.740  -21.133 0.3000000119
77719  -35.523  -14.052  -21.256 0.4000000060
77728  -34.444  -14.196  -22.582 0.3000000119
78757  -35.633  -13.354  -21.699 0.4000000060
45810  -36.447  -47.079  -17.716 0.5000000000
46910  -39.316  -45.298  -18.798 0.5000000000
46909  -38.838  -45.954  -19.419 0.5000000000
48993  -40.192  -43.088  -18.939 0.5000000000
73618  -32.592  -19.130  -21.163 0.6000000238
80782  -36.048  -12.230  -20.643 0.3000000119
79741  -35.933  -12.889  -21.185 0.3000000119
27541  -43.206  -62.629  -17.904 0.3000000119
27547  -41.557  -62.457  -18.128 0.4000000060
27539  -41.541  -62.203  -17.231 0.4000000060
27546  -40.659  -62.640  -18.084 0.4000000060
27538  -40.308  -62.411  -17.427 0.4000000060
27545  -39.903  -62.760  -17.963 0.4000000060
27536  -38.546  -62.839  -17.299 0.4000000060
27524  -37.979  -62.659  -16.727 0.4000000060
132635  -43.992  -63.138  -17.180 0.3000000119
27529  -43.016  -62.679  -16.887 0.3000000119
27528  -42.199  -62.357  -16.636 0.4000000060
27540  -42.353  -62.395  -17.542 0.4000000060
135636  -40.800  -62.076  -16.965 0.4000000060
27526  -40.060  -62.147  -16.739 0.4000000060
27537  -39.463  -62.570  -17.200 0.4000000060
27525  -38.815  -62.475  -16.637 0.4000000060
28741  -37.002  -61.736  -15.723 0.4000000060
28765  -37.514  -62.297  -16.209 0.4000000060
28719  -44.316  -61.856  -14.739 0.3000000119
27489  -43.528  -62.077  -14.836 0.3000000119
28718  -42.947  -61.558  -14.446 0.3000000119
27507  -42.109  -62.290  -15.889 0.4000000060
149504  -41.012  -61.743  -15.676 0.4000000060
27527  -41.404  -62.018  -16.326 0.4000000060
28768  -40.557  -61.857  -16.219 0.4000000060
28742  -39.296  -61.541  -15.346 0.4000000060
146106  -38.332  -62.285  -16.223 0.4000000060
134087  -37.955  -60.470  -14.413 0.4000000060
29925  -37.535  -61.109  -15.091 0.4000000060
30979  -36.979  -58.938  -13.882 0.4000000060
31004  -37.431  -59.762  -14.029 0.4000000060
29899  -36.992  -60.394  -14.599 0.4000000060
28746  -45.552  -62.061  -15.029 0.3000000119
27509  -45.057  -62.830  -15.451 0.3000000119
133955  -43.942  -61.189  -14.311 0.3000000119
29903  -41.563  -61.140  -14.205 0.3000000119
28743  -40.313  -61.536  -15.370 0.3000000119
28715  -39.288  -61.029  -14.713 0.4000000060
31005  -38.300  -59.806  -13.857 0.4000000060
29900  -38.945  -60.406  -14.259 0.4000000060
28714  -38.546  -61.110  -14.881 0.4000000060
32158  -37.704  -58.268  -13.539 0.4000000060
33323  -37.631  -57.551  -13.592 0.4000000060
28720  -44.987  -61.297  -14.622 0.3000000119
29906  -44.623  -60.346  -14.335 0.3000000119
153554  -43.188  -60.893  -13.965 0.3000000119
29887  -42.724  -60.290  -13.622 0.3000000119
29886  -41.985  -60.648  -13.691 0.4000000060
29902  -40.603  -61.018  -14.460 0.4000000060
29884  -40.454  -60.225  -13.895 0.4000000060
28716  -39.852  -61.160  -14.856 0.4000000060
33314  -40.002  -57.474  -13.118 0.3000000119
32160  -39.197  -58.609  -13.199 0.4000000060
29883  -39.678  -59.951  -13.893 0.4000000060
33312  -38.884  -57.214  -12.948 0.3000000119
32159  -38.428  -58.425  -13.281 0.4000000060
29882  -39.021  -59.726  -13.769 0.4000000060
33324  -38.279  -57.511  -13.187 0.4000000060
31038  -47.701  -59.047  -16.137 0.3000000119
31025  -46.590  -59.597  -15.323 0.3000000119
144495  -48.098  -58.528  -16.643 0.3000000119
29907  -45.481  -60.384  -14.715 0.3000000119
31008  -45.872  -59.612  -14.968 0.3000000119
31006  -44.262  -59.340  -14.285 0.3000000119
29905  -43.716  -60.264  -13.932 0.3000000119
30986  -43.274  -59.451  -13.804 0.3000000119
32163  -41.894  -58.614  -13.404 0.3000000119
145210  -42.380  -59.437  -13.507 0.3000000119
143849  -41.181  -58.181  -13.261 0.3000000119
30984  -41.123  -59.746  -13.462 0.3000000119
140168  -40.459  -58.169  -13.174 0.3000000119
32162  -40.987  -58.915  -13.210 0.4000000060
34454  -39.478  -56.793  -13.045 0.3000000119
34438  -38.679  -56.737  -13.103 0.4000000060
35567  -38.765  -55.618  -13.773 0.4000000060
36656  -38.835  -54.953  -14.224 0.4000000060
32214  -46.920  -58.853  -15.707 0.3000000119
31024  -46.109  -58.890  -15.368 0.3000000119
32236  -46.210  -58.062  -15.921 0.3000000119
31007  -45.145  -59.572  -14.641 0.3000000119
32186  -44.965  -58.765  -14.833 0.3000000119
33328  -43.163  -57.825  -14.053 0.3000000119
32184  -43.629  -58.593  -14.153 0.3000000119
34456  -41.857  -56.771  -13.555 0.3000000119
140639  -42.425  -58.014  -13.673 0.3000000119
32164  -42.791  -58.673  -13.771 0.3000000119
34455  -41.288  -56.093  -13.356 0.3000000119
33325  -40.797  -57.538  -13.225 0.3000000119
136101  -40.273  -56.120  -13.152 0.3000000119
36644  -40.298  -54.636  -13.532 0.3000000119
36643  -39.480  -54.881  -13.672 0.3000000119
37748  -39.796  -53.479  -14.366 0.3000000119
36664  -38.835  -54.520  -14.901 0.4000000060
32237  -47.255  -58.143  -16.376 0.3000000119
32250  -47.849  -57.740  -16.982 0.3000000119
32213  -45.499  -58.385  -15.363 0.3000000119
33367  -45.313  -57.671  -15.763 0.3000000119
33421  -47.703  -56.777  -18.324 0.3000000119
34516  -46.882  -56.655  -18.210 0.3000000119
32212  -44.868  -58.009  -15.160 0.3000000119
33387  -44.938  -57.006  -16.170 0.3000000119
34525  -47.122  -56.491  -19.239 0.3000000119
35589  -43.294  -55.809  -14.694 0.3000000119
34473  -43.181  -56.511  -14.410 0.3000000119
33346  -43.666  -57.209  -14.565 0.3000000119
35588  -42.551  -55.809  -14.080 0.3000000119
34472  -42.563  -56.617  -13.923 0.3000000119
36646  -42.107  -54.906  -13.958 0.3000000119
36645  -41.212  -54.685  -13.581 0.3000000119
37737  -39.959  -54.002  -13.884 0.3000000119
142057  -39.367  -54.212  -14.185 0.4000000060
38890  -39.516  -53.138  -15.117 0.4000000060
38898  -39.324  -53.654  -16.973 0.5000000000
33389  -46.517  -57.416  -16.664 0.3000000119
138227  -46.671  -56.976  -17.413 0.3000000119
33388  -45.692  -57.262  -16.416 0.3000000119
34515  -46.078  -56.578  -18.020 0.3000000119
33366  -44.634  -57.329  -15.482 0.3000000119
34500  -44.651  -56.345  -16.546 0.3000000119
34534  -46.576  -56.204  -19.561 0.3000000119
34545  -47.528  -56.232  -20.548 0.3000000119
35601  -43.751  -55.819  -15.425 0.3000000119
34487  -43.783  -56.483  -14.963 0.3000000119
35641  -47.017  -55.925  -20.341 0.3000000119
134859  -42.777  -55.191  -14.462 0.3000000119
35650  -47.652  -56.055  -20.914 0.3000000119
38884  -41.839  -52.928  -14.550 0.3000000119
37751  -42.010  -53.591  -14.321 0.3000000119
137402  -48.850  -54.112  -20.436 0.3000000119
37738  -40.762  -53.969  -13.828 0.3000000119
38883  -41.041  -52.696  -14.485 0.3000000119
38882  -40.272  -52.729  -14.624 0.3000000119
38891  -40.012  -52.116  -15.109 0.3000000119
40093  -39.598  -51.554  -16.392 0.4000000060
133046  -39.404  -52.609  -17.041 0.5000000000
34501  -45.218  -56.665  -16.912 0.3000000119
34514  -45.378  -56.402  -17.732 0.3000000119
34524  -46.326  -56.363  -18.832 0.3000000119
35602  -44.135  -55.819  -16.208 0.3000000119
145516  -44.497  -55.771  -16.833 0.3000000119
35622  -44.999  -55.887  -18.072 0.3000000119
35631  -45.457  -55.571  -18.635 0.3000000119
36659  -43.324  -55.043  -14.990 0.3000000119
35640  -46.480  -55.692  -19.692 0.3000000119
37755  -42.550  -53.448  -14.847 0.3000000119
36709  -46.904  -54.995  -19.931 0.3000000119
37802  -47.343  -53.931  -19.466 0.3000000119
37803  -48.205  -53.555  -19.659 0.3000000119
41387  -48.180  -50.716  -18.474 0.3000000119
38928  -48.020  -52.226  -18.933 0.3000000119
38892  -41.651  -52.175  -14.895 0.3000000119
40083  -41.407  -51.458  -15.344 0.3000000119
40082  -40.574  -51.456  -15.409 0.3000000119
150356  -39.887  -51.624  -15.682 0.3000000119
35613  -44.241  -55.093  -16.579 0.3000000119
36687  -44.730  -54.552  -17.646 0.3000000119
36666  -43.248  -54.141  -15.374 0.3000000119
36675  -43.814  -54.174  -16.239 0.3000000119
35612  -43.766  -55.032  -15.808 0.3000000119
36676  -44.374  -54.383  -17.030 0.3000000119
37770  -44.684  -53.670  -17.506 0.3000000119
37783  -45.612  -53.749  -18.519 0.3000000119
36699  -45.463  -54.719  -18.640 0.3000000119
38893  -42.419  -52.617  -15.138 0.3000000119
38894  -43.033  -52.524  -15.943 0.3000000119
38899  -43.687  -52.596  -16.690 0.3000000119
38900  -44.354  -52.762  -17.235 0.3000000119
145017  -44.651  -52.237  -17.502 0.3000000119
38912  -45.487  -52.917  -18.153 0.3000000119
37784  -46.156  -53.699  -18.885 0.3000000119
40084  -42.331  -51.700  -15.645 0.3000000119
41371  -46.922  -50.480  -17.609 0.3000000119
40129  -46.920  -51.663  -18.282 0.3000000119
42601  -47.221  -49.706  -17.338 0.3000000119
41386  -47.329  -50.936  -18.142 0.3000000119
38927  -47.263  -52.332  -18.684 0.3000000119
43715  -47.835  -48.439  -17.269 0.3000000119
42620  -47.678  -50.156  -17.887 0.3000000119
41350  -41.525  -50.163  -16.332 0.4000000060
43716  -48.437  -48.495  -17.791 0.3000000119
41349  -40.660  -50.242  -16.501 0.4000000060
45833  -49.567  -46.773  -18.309 0.3000000119
41348  -39.839  -50.727  -16.750 0.3000000119
41367  -39.714  -50.586  -17.601 0.4000000060
46915  -50.505  -45.709  -18.991 0.3000000119
42618  -39.732  -50.407  -18.418 0.5000000000
41384  -39.566  -51.162  -18.230 0.5000000000
40085  -43.176  -51.771  -16.523 0.3000000119
40096  -43.485  -51.172  -16.919 0.3000000119
135248  -44.708  -50.244  -16.871 0.3000000119
41369  -45.129  -50.870  -17.267 0.3000000119
42591  -46.812  -49.256  -16.788 0.3000000119
41351  -42.343  -50.098  -16.476 0.4000000060
43703  -47.190  -48.420  -16.652 0.3000000119
44757  -47.742  -47.852  -16.878 0.3000000119
43699  -41.652  -48.769  -16.562 0.4000000060
43698  -41.035  -48.917  -16.932 0.5000000000
44758  -48.363  -47.664  -17.385 0.3000000119
45816  -49.271  -46.246  -17.661 0.4000000060
46901  -49.626  -45.498  -17.823 0.4000000060
43713  -40.746  -48.731  -17.462 0.5000000000
42600  -40.066  -49.847  -17.736 0.6000000238
151958  -50.246  -45.056  -18.270 0.3000000119
42619  -40.139  -49.544  -18.583 0.6000000238
42631  -40.250  -49.755  -19.575 0.6000000238
40095  -42.810  -50.838  -16.464 0.3000000119
42588  -44.237  -49.604  -16.386 0.3000000119
150310  -45.460  -48.174  -15.542 0.3000000119
137198  -43.293  -49.922  -16.550 0.3000000119
42589  -45.146  -49.621  -16.392 0.3000000119
43685  -46.025  -48.293  -15.794 0.3000000119
43702  -46.388  -48.731  -16.269 0.3000000119
45797  -47.477  -46.745  -16.103 0.4000000060
149853  -41.861  -49.551  -16.489 0.4000000060
44748  -47.319  -47.566  -16.340 0.4000000060
44745  -41.743  -47.806  -16.519 0.5000000000
45798  -48.210  -46.207  -16.529 0.4000000060
46890  -48.773  -44.780  -16.438 0.4000000060
47954  -49.326  -44.351  -16.828 0.4000000060
43714  -41.087  -48.203  -17.018 0.5000000000
44755  -40.857  -47.968  -17.763 0.6000000238
45815  -48.586  -46.730  -17.215 0.4000000060
149553  -49.118  -44.969  -16.969 0.4000000060
47955  -49.897  -43.963  -17.261 0.4000000060
48976  -50.174  -43.246  -17.092 0.4000000060
43734  -40.873  -48.007  -18.667 0.6000000238
47966  -50.326  -44.250  -17.850 0.3000000119
48987  -50.767  -43.048  -17.587 0.4000000060
43743  -40.565  -48.871  -19.164 0.6000000238
43744  -41.209  -48.367  -19.609 0.6000000238
43750  -41.682  -48.832  -20.413 0.6999999881
42570  -44.177  -48.947  -15.852 0.3000000119
43684  -44.696  -48.426  -15.509 0.3000000119
45776  -46.271  -46.759  -15.114 0.3000000119
142749  -42.563  -49.201  -16.334 0.3000000119
43701  -42.976  -48.568  -15.997 0.3000000119
44736  -46.815  -47.208  -15.697 0.3000000119
153066  -46.484  -46.052  -14.916 0.4000000060
43700  -42.326  -48.329  -16.174 0.5000000000
45778  -47.601  -45.905  -15.798 0.4000000060
47945  -48.301  -44.518  -15.805 0.4000000060
44731  -42.672  -47.250  -15.701 0.5000000000
47946  -48.905  -44.016  -16.219 0.4000000060
44746  -42.178  -47.150  -16.248 0.5000000000
45813  -41.882  -46.948  -17.422 0.6000000238
49982  -49.856  -42.732  -16.428 0.4000000060
49983  -50.947  -41.863  -16.836 0.4000000060
44773  -42.183  -46.969  -18.802 0.6000000238
49993  -51.210  -42.366  -17.440 0.4000000060
51067  -51.685  -41.626  -17.156 0.4000000060
43745  -42.084  -48.030  -19.964 0.6999999881
43752  -43.481  -48.235  -20.997 0.6999999881
42641  -42.327  -49.338  -21.036 0.6999999881
44718  -43.955  -47.005  -14.882 0.4000000060
44720  -45.473  -46.956  -14.828 0.4000000060
45758  -45.818  -46.159  -14.600 0.4000000060
47932  -46.493  -44.448  -14.253 0.4000000060
44732  -43.373  -47.362  -15.262 0.4000000060
45756  -44.144  -46.360  -14.628 0.4000000060
46856  -47.108  -44.785  -14.781 0.4000000060
146578  -43.578  -45.739  -14.833 0.4000000060
46876  -47.694  -45.068  -15.426 0.4000000060
48953  -47.823  -43.267  -14.839 0.4000000060
48965  -48.415  -43.679  -15.575 0.4000000060
49968  -48.620  -42.865  -15.380 0.4000000060
48966  -49.117  -43.225  -15.996 0.4000000060
51054  -49.325  -41.701  -15.446 0.4000000060
46899  -42.708  -45.864  -17.175 0.6000000238
49970  -49.928  -41.948  -15.971 0.4000000060
157160  -51.073  -40.894  -16.179 0.4000000060
46911  -42.936  -45.912  -18.053 0.6000000238
45831  -42.644  -46.465  -18.451 0.6999999881
45840  -42.890  -46.659  -19.230 0.6999999881
52083  -52.262  -39.902  -16.631 0.4000000060
44783  -43.245  -46.979  -19.978 0.6999999881
43758  -43.203  -49.075  -21.287 0.6999999881
47931  -45.721  -44.715  -13.991 0.4000000060
45775  -43.004  -45.995  -15.513 0.4000000060
46841  -44.914  -44.748  -13.851 0.4000000060
48952  -47.164  -43.982  -14.507 0.4000000060
46888  -42.724  -45.930  -16.332 0.6000000238
46874  -43.272  -45.196  -15.374 0.5000000000
49959  -48.262  -42.358  -14.809 0.4000000060
46900  -43.195  -45.258  -17.634 0.6999999881
51053  -48.680  -41.550  -14.832 0.4000000060
51044  -49.308  -40.900  -15.105 0.4000000060
46912  -43.478  -45.423  -18.541 0.6999999881
52078  -51.131  -39.836  -15.903 0.4000000060
53081  -50.558  -39.646  -15.531 0.4000000060
45850  -43.916  -46.693  -20.288 0.6999999881
54122  -52.224  -38.973  -16.640 0.4000000060
44790  -43.732  -47.422  -20.661 0.6999999881
43759  -44.065  -48.868  -21.697 0.6999999881
54130  -52.556  -38.428  -17.384 0.4000000060
55229  -52.992  -37.801  -19.522 0.4000000060
47929  -43.706  -44.006  -14.656 0.4000000060
47912  -44.714  -43.927  -13.715 0.4000000060
48931  -45.435  -43.425  -13.558 0.4000000060
47913  -46.000  -44.018  -13.776 0.4000000060
47953  -43.197  -44.770  -16.095 0.6999999881
48964  -43.461  -43.567  -15.316 0.5000000000
49958  -47.473  -42.463  -14.318 0.4000000060
47964  -43.456  -44.491  -17.130 0.6999999881
51043  -47.944  -41.702  -14.409 0.4000000060
52069  -48.606  -40.649  -14.515 0.4000000060
47970  -43.695  -44.711  -18.212 0.6999999881
52068  -47.850  -40.974  -14.136 0.4000000060
53073  -49.171  -39.233  -14.683 0.4000000060
46920  -44.364  -45.227  -19.813 0.6999999881
53080  -49.878  -39.408  -15.095 0.4000000060
46919  -43.775  -45.662  -19.341 0.6999999881
54112  -50.395  -38.740  -15.484 0.4000000060
54121  -51.557  -38.577  -16.379 0.4000000060
55202  -51.374  -37.832  -16.763 0.4000000060
45851  -44.406  -46.346  -20.623 0.6999999881
55212  -51.842  -37.787  -17.530 0.4000000060
44791  -44.361  -47.005  -21.048 0.6999999881
135108  -52.055  -37.662  -19.753 0.4000000060
55254  -52.208  -37.537  -21.749 0.4000000060
48930  -44.597  -43.062  -13.660 0.4000000060
49943  -45.253  -42.515  -13.502 0.4000000060
49945  -46.662  -42.569  -13.802 0.4000000060
157886  -43.521  -42.844  -15.244 0.6000000238
49957  -44.040  -42.672  -14.100 0.5000000000
51028  -45.124  -41.659  -13.514 0.5000000000
51029  -46.050  -41.907  -13.520 0.4000000060
51089  -41.027  -41.151  -20.280 0.4000000060
152568  -41.529  -41.563  -20.552 0.5000000000
137432  -43.485  -42.992  -16.116 0.6000000238
52056  -47.169  -40.640  -13.704 0.4000000060
48986  -44.077  -43.272  -18.089 0.6000000238
53072  -48.405  -39.160  -14.334 0.4000000060
149383  -44.245  -43.676  -18.590 0.6000000238
54104  -48.829  -38.460  -14.737 0.4000000060
47979  -44.647  -44.400  -19.578 0.6999999881
54111  -49.623  -38.538  -15.090 0.4000000060
47990  -44.868  -44.824  -20.246 0.6999999881
55201  -50.520  -37.543  -16.692 0.4000000060
45863  -44.883  -46.362  -21.351 0.6999999881
55226  -50.568  -37.492  -18.744 0.4000000060
148831  -50.318  -37.506  -19.820 0.4000000060
55252  -50.976  -37.210  -22.035 0.4000000060
57379  -51.531  -35.488  -21.800 0.4000000060
51027  -44.484  -41.464  -13.774 0.5000000000
49967  -43.553  -42.231  -15.657 0.6000000238
51042  -44.030  -41.778  -14.129 0.5000000000
52054  -45.502  -40.170  -13.557 0.5000000000
52108  -40.322  -40.663  -19.896 0.3000000119
52115  -40.680  -40.475  -20.999 0.4000000060
52125  -41.197  -40.655  -21.716 0.5000000000
50001  -44.128  -42.757  -18.303 0.6000000238
49981  -43.610  -42.262  -16.419 0.6000000238
52055  -46.366  -40.346  -13.524 0.4000000060
48994  -44.427  -43.138  -18.832 0.6000000238
53060  -47.066  -39.725  -13.612 0.5000000000
50018  -45.292  -42.926  -20.564 0.6999999881
47980  -45.036  -43.671  -19.765 0.6000000238
54103  -48.030  -38.383  -14.392 0.4000000060
49024  -45.808  -43.247  -21.332 0.8000000119
47991  -45.208  -44.195  -20.312 0.6999999881
55180  -49.169  -37.878  -15.284 0.4000000060
55191  -50.015  -37.826  -15.740 0.4000000060
55210  -49.868  -37.399  -17.800 0.4000000060
55238  -49.843  -37.342  -20.304 0.4000000060
55251  -50.292  -37.151  -21.272 0.4000000060
56306  -50.964  -36.258  -22.357 0.4000000060
58501  -51.444  -34.069  -21.851 0.4000000060
51058  -43.494  -41.551  -16.195 0.6000000238
52076  -43.437  -40.902  -15.460 0.6000000238
51041  -43.677  -41.247  -14.657 0.5000000000
52067  -44.123  -40.778  -14.089 0.5000000000
52123  -40.016  -39.898  -21.416 0.4000000060
52124  -40.719  -40.242  -21.972 0.4000000060
51073  -44.198  -42.439  -18.845 0.6000000238
151680  -43.404  -41.348  -16.955 0.6000000238
53058  -45.272  -39.378  -13.693 0.5000000000
52132  -40.964  -40.088  -22.698 0.5000000000
50026  -44.789  -42.235  -20.881 0.6999999881
49006  -45.135  -43.036  -19.897 0.6999999881
53059  -46.167  -39.406  -13.546 0.5000000000
52133  -41.629  -40.487  -22.941 0.5000000000
51101  -45.127  -41.979  -21.662 0.6999999881
135309  -45.348  -42.634  -21.182 0.6999999881
54089  -46.323  -38.669  -13.657 0.5000000000
54180  -42.190  -38.618  -23.746 0.6999999881
53136  -41.750  -39.538  -23.501 0.6000000238
51109  -45.734  -41.590  -22.554 0.6999999881
50027  -46.018  -42.538  -22.085 0.6999999881
55177  -46.707  -37.818  -14.192 0.5000000000
137098  -42.884  -37.843  -24.226 0.6999999881
53137  -42.526  -39.544  -23.994 0.6999999881
50036  -46.890  -42.848  -22.929 0.6999999881
141229  -47.960  -37.460  -15.395 0.4000000060
51110  -46.657  -42.045  -23.156 0.6999999881
55199  -48.754  -37.301  -16.508 0.4000000060
144400  -48.898  -37.319  -17.474 0.4000000060
55225  -49.544  -37.445  -19.160 0.4000000060
56276  -49.623  -36.707  -20.694 0.4000000060
56305  -50.678  -35.623  -22.259 0.4000000060
59539  -51.165  -33.624  -22.319 0.4000000060
52081  -43.148  -40.672  -16.354 0.6000000238
157806  -43.161  -40.216  -15.575 0.6000000238
52066  -43.505  -40.233  -14.786 0.6000000238
53070  -44.024  -39.769  -14.244 0.5000000000
53122  -39.603  -39.379  -21.545 0.4000000060
53130  -40.132  -39.021  -22.090 0.4000000060
53131  -40.622  -39.528  -22.554 0.6999999881
142194  -43.173  -41.030  -19.218 0.6999999881
51072  -43.711  -41.698  -18.802 0.6000000238
52088  -43.009  -40.888  -17.350 0.6000000238
53069  -43.515  -39.247  -14.733 0.5000000000
53135  -41.073  -39.581  -23.051 0.6999999881
52128  -44.119  -40.718  -21.671 0.6999999881
51099  -43.726  -40.899  -21.055 0.6999999881
51091  -43.759  -41.251  -20.466 0.6999999881
51085  -44.317  -42.077  -19.517 0.6999999881
156902  -44.043  -39.009  -14.348 0.5000000000
54087  -45.080  -38.751  -13.894 0.5000000000
54179  -41.372  -38.739  -23.207 0.6999999881
51100  -44.323  -41.496  -21.193 0.6999999881
136001  -46.045  -37.584  -14.286 0.5000000000
156338  -41.748  -38.194  -23.436 0.6999999881
144737  -45.069  -39.081  -22.951 0.6999999881
52136  -44.659  -40.450  -22.264 0.6999999881
55188  -46.533  -37.190  -14.942 0.4000000060
55276  -42.079  -37.562  -23.683 0.6999999881
53139  -46.118  -39.438  -23.758 0.6999999881
51117  -46.551  -41.139  -23.493 0.6999999881
55277  -46.275  -37.492  -24.224 0.6000000238
54181  -47.269  -38.374  -25.018 0.6000000238
53140  -47.625  -39.465  -25.253 0.6999999881
55198  -47.917  -37.179  -16.271 0.4000000060
135021  -48.050  -37.357  -17.380 0.4000000060
56326  -43.175  -36.319  -24.346 0.6999999881
152116  -47.483  -37.391  -25.516 0.6000000238
55209  -48.201  -37.433  -18.213 0.4000000060
54188  -47.789  -37.757  -26.092 0.6000000238
56275  -48.541  -36.718  -19.653 0.4000000060
147427  -49.277  -36.055  -20.500 0.4000000060
137195  -49.979  -35.596  -21.632 0.4000000060
57390  -50.705  -34.574  -22.345 0.4000000060
59538  -50.981  -33.174  -22.132 0.4000000060
52075  -42.663  -39.813  -16.061 0.6000000238
54166  -39.258  -38.735  -21.598 0.6000000238
148521  -39.876  -38.296  -21.883 0.6000000238
153227  -40.411  -38.281  -22.395 0.6999999881
52117  -42.676  -39.956  -20.556 0.6000000238
52109  -42.683  -40.424  -19.734 0.6999999881
52096  -42.475  -40.505  -18.803 0.6999999881
52087  -42.376  -40.401  -17.877 0.6000000238
52135  -44.054  -39.984  -22.066 0.6000000238
52127  -43.387  -40.164  -21.302 0.6000000238
52118  -43.263  -40.608  -20.503 0.6999999881
54173  -40.935  -38.271  -22.814 0.6999999881
54100  -45.351  -37.993  -14.091 0.5000000000
56318  -41.527  -36.831  -23.152 0.6999999881
149588  -40.905  -36.630  -22.641 0.6999999881
147121  -45.029  -37.898  -23.287 0.6000000238
53138  -45.680  -38.472  -23.622 0.6000000238
55187  -45.446  -37.154  -14.815 0.4000000060
55282  -42.718  -37.067  -24.172 0.6999999881
56319  -42.310  -36.538  -23.813 0.6999999881
58520  -42.335  -34.856  -23.595 0.6999999881
56227  -46.624  -36.710  -15.973 0.4000000060
141374  -47.375  -37.078  -17.289 0.4000000060
55278  -47.288  -36.586  -25.294 0.6000000238
56246  -47.020  -36.798  -17.917 0.4000000060
56261  -47.621  -36.914  -19.021 0.4000000060
57409  -43.830  -35.370  -24.640 0.6999999881
136679  -45.315  -35.167  -25.419 0.6999999881
56333  -46.499  -35.558  -26.121 0.6999999881
56330  -47.471  -36.280  -26.410 0.6000000238
57361  -48.803  -35.599  -19.837 0.4000000060
58481  -49.159  -34.203  -20.047 0.4000000060
57378  -50.164  -34.141  -21.772 0.4000000060
58499  -49.912  -32.848  -21.674 0.4000000060
59537  -50.288  -32.312  -21.602 0.4000000060
60491  -49.795  -31.517  -21.218 0.3000000119
52080  -42.493  -40.137  -16.948 0.6000000238
55260  -38.549  -37.361  -21.311 0.5000000000
54167  -42.762  -38.140  -21.700 0.6000000238
52126  -42.767  -39.413  -21.207 0.6000000238
53109  -42.135  -39.663  -19.850 0.6000000238
53090  -42.015  -39.596  -17.540 0.6000000238
53084  -42.186  -39.319  -16.657 0.6000000238
53078  -42.399  -39.030  -15.818 0.6000000238
55261  -39.270  -37.728  -21.606 0.6000000238
55271  -40.088  -37.600  -22.100 0.5000000000
55272  -44.201  -37.831  -22.654 0.6000000238
130619  -44.214  -39.230  -22.409 0.6000000238
53125  -43.416  -39.399  -21.868 0.6000000238
54119  -42.170  -38.535  -16.548 0.5000000000
54110  -43.015  -38.693  -15.248 0.4000000060
54098  -43.754  -38.282  -14.683 0.5000000000
56314  -40.802  -37.471  -22.645 0.6999999881
54109  -42.601  -38.211  -15.893 0.5000000000
137439  -43.906  -37.443  -15.023 0.4000000060
55186  -44.521  -37.002  -15.216 0.4000000060
55273  -44.902  -37.129  -23.268 0.6000000238
56225  -45.175  -36.678  -15.754 0.4000000060
56234  -45.831  -36.527  -16.655 0.4000000060
57402  -41.917  -35.817  -23.416 0.6999999881
56320  -46.143  -36.471  -24.140 0.6000000238
134353  -45.996  -35.535  -24.116 0.6000000238
56245  -46.331  -36.382  -17.619 0.4000000060
57403  -42.751  -35.605  -23.995 0.6999999881
56321  -47.046  -35.678  -25.174 0.6000000238
56259  -46.859  -36.399  -18.134 0.4000000060
57348  -47.889  -36.168  -19.242 0.4000000060
58521  -43.289  -34.549  -24.304 0.6999999881
58527  -44.655  -34.238  -24.985 0.6999999881
58529  -46.538  -34.463  -25.362 0.6999999881
139777  -47.704  -35.231  -18.569 0.4000000060
58469  -48.421  -34.804  -19.221 0.4000000060
58468  -48.035  -34.048  -18.695 0.4000000060
59510  -48.115  -32.131  -19.852 0.3000000119
59512  -49.162  -32.768  -20.900 0.4000000060
61381  -48.355  -31.098  -19.492 0.4000000060
60476  -49.209  -31.315  -20.655 0.3000000119
54158  -41.880  -38.468  -20.377 0.6000000238
54150  -41.604  -38.377  -19.594 0.6000000238
54139  -41.510  -38.295  -18.740 0.6000000238
54127  -41.605  -38.159  -17.889 0.5000000000
130504  -39.141  -36.653  -21.450 0.6000000238
56302  -39.970  -36.291  -21.833 0.6000000238
151391  -43.336  -37.636  -22.233 0.6000000238
55263  -42.668  -37.234  -21.703 0.6000000238
55196  -42.386  -37.762  -16.620 0.5000000000
56313  -40.323  -36.839  -22.286 0.6999999881
157247  -43.933  -37.188  -22.631 0.6000000238
56231  -43.318  -36.644  -16.634 0.5000000000
55197  -42.998  -37.370  -16.167 0.4000000060
56223  -43.738  -36.937  -15.724 0.4000000060
57398  -41.253  -35.945  -22.812 0.6999999881
57387  -40.335  -35.461  -21.767 0.6999999881
151063  -45.173  -36.279  -23.425 0.6000000238
141344  -44.897  -35.565  -23.173 0.6000000238
56232  -44.074  -36.363  -16.515 0.5000000000
56233  -44.912  -36.393  -16.660 0.5000000000
59543  -41.346  -34.335  -22.570 0.8000000119
58514  -40.935  -35.223  -22.412 0.8000000119
56243  -44.563  -36.037  -17.212 0.4000000060
152457  -41.995  -34.151  -23.167 0.8000000119
57404  -45.830  -34.449  -23.985 0.6000000238
56244  -45.436  -36.166  -17.396 0.4000000060
137721  -46.495  -33.918  -24.930 0.6999999881
62285  -44.924  -30.139  -15.553 0.5000000000
152552  -45.328  -31.330  -16.369 0.5000000000
136693  -45.935  -32.925  -17.458 0.5000000000
58446  -45.404  -35.015  -17.779 0.4000000060
57327  -47.047  -35.541  -18.042 0.4000000060
140215  -42.801  -33.783  -23.858 0.6999999881
58522  -44.067  -33.184  -24.736 0.6999999881
58528  -45.915  -34.120  -25.511 0.6999999881
59555  -46.225  -33.500  -25.357 0.6999999881
63394  -45.220  -29.297  -15.391 0.5000000000
61365  -45.574  -31.814  -16.975 0.5000000000
60453  -46.128  -32.055  -17.579 0.4000000060
59483  -46.781  -33.399  -17.635 0.4000000060
58448  -47.440  -34.059  -18.039 0.4000000060
64554  -45.446  -28.427  -15.348 0.4000000060
62298  -45.584  -30.703  -15.982 0.5000000000
62299  -46.529  -30.390  -16.262 0.4000000060
61366  -46.582  -31.338  -17.389 0.4000000060
60454  -47.510  -31.391  -18.697 0.4000000060
59499  -47.792  -32.874  -18.991 0.4000000060
64555  -46.285  -28.184  -15.521 0.4000000060
63395  -46.093  -29.039  -15.597 0.4000000060
62310  -47.101  -30.669  -17.047 0.4000000060
139642  -47.582  -30.731  -18.104 0.4000000060
60467  -47.755  -31.778  -19.397 0.4000000060
55249  -41.793  -37.061  -20.516 0.6000000238
55236  -41.455  -37.559  -19.329 0.6000000238
57385  -38.535  -35.836  -20.970 0.5000000000
55264  -43.351  -36.769  -22.280 0.6000000238
56303  -42.742  -36.180  -21.605 0.6000000238
56291  -41.943  -36.200  -20.550 0.6000000238
56273  -41.513  -36.769  -19.121 0.5000000000
56257  -41.758  -36.740  -18.282 0.5000000000
55207  -41.766  -37.429  -17.731 0.5000000000
57376  -39.155  -34.893  -20.819 0.6000000238
133813  -39.952  -34.942  -21.322 0.6999999881
57399  -44.524  -34.680  -22.702 0.6000000238
56304  -43.771  -35.822  -22.419 0.6000000238
57343  -42.443  -35.562  -18.712 0.5000000000
57322  -42.829  -36.204  -17.421 0.5000000000
58505  -39.929  -34.209  -21.064 0.6000000238
57323  -43.386  -35.532  -17.793 0.5000000000
58506  -40.672  -34.451  -21.767 0.8000000119
60451  -44.400  -32.777  -17.394 0.5000000000
58466  -44.247  -34.503  -18.056 0.5000000000
57324  -44.181  -35.501  -17.558 0.5000000000
56242  -43.686  -36.035  -17.188 0.5000000000
151454  -41.254  -33.426  -22.255 0.8000000119
58523  -46.191  -33.242  -24.612 0.6000000238
63392  -43.437  -29.508  -15.628 0.5000000000
144627  -42.752  -30.541  -16.177 0.5000000000
61349  -44.659  -31.743  -16.611 0.5000000000
59482  -44.930  -33.438  -17.656 0.5000000000
58467  -44.863  -34.322  -17.834 0.5000000000
133286  -45.748  -33.999  -17.639 0.4000000060
156001  -41.734  -33.575  -22.850 0.8000000119
58524  -46.378  -33.204  -25.127 0.6999999881
62296  -43.454  -30.867  -16.013 0.5000000000
62297  -44.521  -30.998  -15.977 0.5000000000
60452  -45.278  -32.558  -17.349 0.5000000000
59547  -42.321  -33.157  -23.464 0.8000000119
59552  -45.171  -32.050  -25.168 0.6999999881
60511  -45.454  -31.688  -25.028 0.6999999881
65677  -43.925  -28.080  -15.644 0.5000000000
65678  -44.819  -27.802  -15.459 0.4000000060
64553  -44.605  -28.662  -15.371 0.4000000060
131977  -41.472  -36.846  -19.920 0.5000000000
58495  -37.381  -34.599  -20.545 0.5000000000
57389  -43.402  -35.130  -21.796 0.6000000238
58507  -43.286  -34.512  -21.132 0.6000000238
57359  -42.166  -35.528  -19.449 0.5000000000
58496  -38.410  -34.296  -20.545 0.5000000000
57360  -42.732  -35.015  -19.232 0.5000000000
59523  -36.767  -33.787  -20.514 0.5000000000
59524  -37.747  -33.657  -20.407 0.5000000000
58515  -44.422  -33.785  -22.552 0.6000000238
60449  -42.935  -32.495  -17.857 0.5000000000
58465  -43.623  -34.320  -18.521 0.5000000000
57344  -43.167  -35.093  -18.555 0.5000000000
58516  -45.372  -33.628  -23.556 0.6000000238
60499  -43.593  -32.358  -22.358 0.6000000238
146255  -42.303  -30.683  -16.622 0.5000000000
60450  -43.622  -32.683  -17.534 0.5000000000
59498  -44.198  -33.947  -18.062 0.5000000000
145037  -40.234  -32.613  -21.065 0.6999999881
60505  -45.468  -31.875  -24.565 0.6000000238
61348  -43.711  -31.576  -16.512 0.5000000000
59481  -43.962  -33.355  -17.755 0.5000000000
151871  -40.868  -32.496  -21.753 0.6999999881
60512  -45.787  -31.899  -25.037 0.6999999881
62283  -42.719  -29.855  -15.955 0.5000000000
59534  -41.337  -32.502  -22.400 0.6999999881
65692  -44.286  -27.249  -15.873 0.4000000060
145481  -41.840  -32.724  -22.984 0.8000000119
60508  -43.714  -31.183  -24.709 0.6999999881
66751  -44.518  -26.511  -16.368 0.5000000000
59548  -43.208  -32.548  -24.300 0.8000000119
66738  -45.089  -26.966  -15.683 0.4000000060
66739  -45.887  -26.851  -15.701 0.5000000000
68732  -46.730  -25.547  -20.391 0.4000000060
68733  -47.943  -25.358  -20.692 0.5000000000
67804  -47.452  -26.099  -21.784 0.5000000000
68721  -49.705  -23.932  -18.471 0.5000000000
68747  -48.493  -26.394  -22.119 0.5000000000
57388  -42.671  -35.339  -20.903 0.6000000238
57377  -42.187  -35.447  -20.128 0.5000000000
135982  -43.677  -33.831  -21.609 0.6000000238
58498  -43.268  -33.932  -20.537 0.6000000238
58479  -42.957  -34.336  -19.649 0.5000000000
59509  -43.117  -33.758  -19.090 0.5000000000
58480  -43.070  -34.483  -18.997 0.5000000000
60487  -37.115  -32.937  -20.373 0.5000000000
143272  -38.156  -32.808  -20.280 0.5000000000
59525  -38.741  -33.502  -20.492 0.6999999881
59544  -44.076  -33.137  -22.444 0.6000000238
59536  -43.369  -33.277  -21.454 0.6000000238
59535  -42.905  -33.268  -20.575 0.6000000238
62309  -42.026  -30.997  -17.112 0.5000000000
59496  -42.978  -32.940  -18.707 0.5000000000
60486  -36.404  -32.275  -20.440 0.5000000000
60488  -38.746  -31.962  -20.280 0.6000000238
60504  -44.430  -32.061  -23.447 0.6000000238
61362  -42.406  -31.684  -17.585 0.5000000000
145198  -39.262  -32.708  -20.542 0.6999999881
61410  -43.263  -31.492  -22.168 0.6000000238
63406  -42.218  -29.526  -16.228 0.5000000000
60489  -39.887  -31.863  -20.759 0.6999999881
142765  -43.867  -31.280  -23.317 0.6000000238
64566  -43.143  -27.985  -15.954 0.5000000000
65691  -43.509  -27.409  -16.104 0.6000000238
65690  -42.597  -27.519  -16.399 0.4000000060
66770  -43.710  -26.291  -16.695 0.5000000000
61422  -44.300  -30.789  -24.728 0.6999999881
61421  -45.017  -31.263  -24.891 0.6999999881
60510  -44.789  -31.259  -24.936 0.6999999881
138802  -43.865  -26.857  -16.323 0.5000000000
68730  -45.645  -25.342  -19.788 0.4000000060
69672  -46.353  -24.694  -20.770 0.4000000060
155045  -43.791  -30.655  -24.630 0.6999999881
68746  -46.560  -25.530  -20.973 0.4000000060
62355  -41.796  -30.109  -23.774 0.6999999881
67792  -46.755  -25.700  -21.126 0.4000000060
61409  -40.667  -31.082  -22.260 0.6999999881
68734  -49.130  -25.257  -20.931 0.5000000000
131364  -50.113  -25.167  -21.192 0.5000000000
68748  -49.341  -26.534  -22.434 0.5000000000
151111  -42.723  -33.218  -20.080 0.5000000000
59508  -42.738  -33.129  -19.562 0.5000000000
60498  -43.001  -32.500  -21.320 0.6000000238
61404  -42.191  -31.777  -20.212 0.5000000000
150262  -42.017  -31.509  -18.373 0.5000000000
61400  -36.596  -31.506  -20.251 0.6000000238
141325  -37.491  -31.955  -20.038 0.6000000238
131824  -42.644  -31.721  -21.172 0.6000000238
61361  -41.719  -31.052  -17.869 0.5000000000
61402  -38.326  -31.156  -20.085 0.6000000238
148765  -42.902  -30.912  -21.983 0.5000000000
62342  -42.213  -30.879  -21.156 0.5000000000
63405  -41.763  -29.653  -16.656 0.5000000000
154993  -41.466  -28.544  -16.782 0.5000000000
62350  -42.744  -30.205  -22.392 0.6000000238
64565  -42.527  -28.374  -16.127 0.5000000000
65689  -41.717  -27.360  -16.899 0.6000000238
66769  -42.866  -26.074  -16.842 0.5000000000
61403  -39.430  -31.108  -20.549 0.6999999881
62357  -43.529  -30.166  -24.050 0.6999999881
69654  -44.769  -23.940  -18.756 0.5000000000
60496  -40.571  -31.796  -21.540 0.6999999881
144011  -43.746  -30.481  -24.430 0.6999999881
62361  -42.873  -29.933  -23.977 0.6999999881
67759  -43.461  -25.592  -17.231 0.5000000000
67781  -44.745  -25.335  -18.248 0.5000000000
68716  -44.546  -24.760  -18.474 0.4000000060
69655  -45.270  -24.034  -19.382 0.4000000060
69663  -45.715  -24.508  -20.144 0.4000000060
61420  -42.970  -30.722  -24.378 0.6999999881
70630  -46.450  -23.447  -20.299 0.4000000060
69673  -47.074  -23.757  -21.083 0.4000000060
62348  -40.275  -30.394  -22.033 0.6999999881
63462  -40.888  -29.307  -23.627 0.6999999881
69674  -47.846  -23.577  -21.559 0.4000000060
63455  -40.250  -29.812  -22.816 0.6999999881
69683  -46.878  -25.144  -21.593 0.4000000060
69684  -47.434  -24.727  -22.112 0.4000000060
69685  -48.199  -24.849  -22.598 0.4000000060
68769  -49.021  -26.677  -23.232 0.5000000000
61390  -41.679  -31.086  -20.010 0.5000000000
61379  -41.522  -30.914  -18.903 0.5000000000
62330  -41.312  -30.483  -19.741 0.5000000000
62322  -40.954  -30.130  -19.085 0.5000000000
63419  -40.999  -29.556  -17.720 0.5000000000
138523  -41.252  -29.085  -17.069 0.5000000000
139183  -36.782  -30.001  -19.994 0.6000000238
61401  -37.306  -30.846  -19.949 0.6000000238
62341  -41.547  -30.325  -20.655 0.5000000000
146088  -41.408  -29.927  -17.287 0.5000000000
62339  -38.187  -30.452  -20.036 0.6999999881
62349  -42.120  -29.906  -21.711 0.5000000000
64579  -41.080  -28.104  -17.272 0.6000000238
66749  -42.342  -26.710  -16.788 0.5000000000
63456  -42.011  -29.241  -22.285 0.6000000238
63457  -42.529  -29.506  -22.843 0.6999999881
70618  -45.051  -22.719  -18.708 0.4000000060
141389  -38.644  -29.776  -20.359 0.6999999881
63464  -42.491  -29.373  -23.695 0.8000000119
68695  -43.812  -24.882  -17.922 0.5000000000
131420  -44.036  -23.719  -18.371 0.5000000000
70629  -45.964  -23.087  -19.606 0.4000000060
132190  -46.888  -22.370  -19.552 0.4000000060
131698  -47.645  -22.333  -19.917 0.4000000060
62347  -39.856  -30.306  -21.076 0.6999999881
65753  -42.138  -27.055  -24.410 0.6000000238
70642  -47.713  -22.716  -20.721 0.4000000060
143061  -42.097  -29.285  -23.930 0.6999999881
150562  -41.702  -29.037  -23.931 0.6999999881
156377  -42.117  -26.944  -24.617 0.6000000238
66821  -41.639  -26.093  -23.917 0.6000000238
64615  -39.367  -28.762  -22.187 0.6999999881
63461  -39.963  -29.118  -23.057 0.6000000238
63467  -40.887  -28.353  -23.835 0.6999999881
65751  -40.899  -26.593  -24.120 0.6000000238
66820  -41.607  -26.188  -24.166 0.6000000238
63454  -39.686  -29.639  -21.865 0.6999999881
66819  -40.454  -25.771  -23.704 0.6000000238
137875  -41.084  -25.358  -23.513 0.6000000238
69698  -48.830  -25.808  -23.278 0.5000000000
67823  -40.353  -24.654  -23.536 0.6000000238
67828  -40.658  -24.010  -23.272 0.6000000238
68760  -49.325  -26.841  -23.013 0.5000000000
68770  -50.350  -26.319  -22.945 0.5000000000
64578  -40.756  -28.885  -17.830 0.6000000238
132441  -35.409  -29.171  -20.410 0.5000000000
63439  -41.020  -29.854  -20.057 0.5000000000
64592  -40.599  -28.792  -18.669 0.6000000238
65706  -40.722  -27.579  -17.874 0.6000000238
139963  -37.741  -29.905  -19.958 0.6000000238
63448  -40.761  -29.103  -20.325 0.6000000238
64598  -40.569  -28.587  -19.543 0.6000000238
66768  -41.695  -26.707  -17.232 0.5000000000
67757  -41.733  -25.336  -17.635 0.5000000000
67758  -42.550  -25.400  -17.298 0.5000000000
147796  -36.406  -29.193  -20.173 0.6000000238
64605  -37.064  -28.395  -20.097 0.6000000238
64609  -40.986  -28.732  -21.255 0.6000000238
65740  -40.537  -27.455  -21.031 0.6000000238
68693  -42.245  -24.729  -17.636 0.5000000000
69653  -43.709  -22.332  -18.615 0.5000000000
143157  -45.587  -22.360  -19.022 0.4000000060
64607  -38.392  -28.446  -20.812 0.6999999881
65738  -37.774  -27.781  -20.622 0.6000000238
64617  -41.606  -28.569  -22.464 0.6999999881
64616  -40.964  -28.000  -21.838 0.6000000238
68694  -42.892  -24.702  -17.601 0.5000000000
68715  -43.222  -23.678  -18.115 0.5000000000
140851  -44.447  -22.476  -18.550 0.5000000000
70619  -46.386  -22.117  -18.853 0.4000000060
139676  -47.708  -22.294  -18.876 0.4000000060
64625  -42.145  -28.599  -23.938 0.6999999881
64623  -41.658  -27.534  -23.334 0.6999999881
144076  -40.751  -25.013  -22.412 0.6999999881
68713  -41.565  -24.361  -18.194 0.5000000000
68714  -42.453  -23.867  -18.021 0.5000000000
70620  -48.358  -22.312  -19.285 0.4000000060
65739  -38.457  -27.817  -21.460 0.6000000238
68757  -40.756  -24.025  -22.095 0.6999999881
70631  -48.483  -22.342  -20.188 0.4000000060
64614  -38.836  -28.418  -21.571 0.6999999881
65750  -39.616  -26.838  -23.271 0.6000000238
143552  -40.041  -27.388  -23.493 0.6000000238
152586  -41.180  -25.393  -23.383 0.6000000238
68744  -40.644  -23.264  -21.210 0.6000000238
70644  -49.197  -22.467  -20.691 0.4000000060
69697  -40.918  -22.376  -23.135 0.6000000238
70641  -41.226  -20.907  -21.984 0.6000000238
156636  -48.823  -22.767  -21.239 0.4000000060
68776  -40.529  -22.953  -23.325 0.6000000238
70654  -41.028  -20.970  -22.461 0.6000000238
69687  -50.014  -24.621  -22.717 0.5000000000
69686  -49.091  -24.683  -22.640 0.4000000060
69700  -50.694  -25.702  -23.295 0.5000000000
69701  -51.586  -25.312  -23.263 0.5000000000
153388  -40.508  -28.170  -18.884 0.6000000238
65727  -40.455  -27.688  -19.654 0.6000000238
66767  -40.679  -26.919  -18.146 0.6000000238
66790  -41.235  -26.231  -17.757 0.5000000000
132438  -36.026  -28.384  -20.242 0.6000000238
66801  -40.282  -26.154  -19.388 0.6000000238
67780  -40.958  -25.293  -18.300 0.5000000000
147877  -44.633  -21.464  -18.392 0.5000000000
71626  -45.931  -22.099  -18.182 0.4000000060
65737  -36.693  -27.467  -20.220 0.6000000238
66812  -37.535  -26.727  -20.781 0.6000000238
143914  -40.338  -26.668  -20.237 0.6000000238
152190  -40.146  -25.728  -20.114 0.6000000238
68712  -40.789  -24.433  -18.864 0.5000000000
150443  -42.382  -21.318  -19.334 0.5000000000
69651  -41.967  -23.019  -18.713 0.5000000000
69652  -42.894  -22.482  -18.673 0.5000000000
70604  -46.796  -22.274  -17.868 0.4000000060
70605  -47.627  -22.250  -17.881 0.4000000060
146704  -40.603  -26.643  -21.574 0.6999999881
67803  -40.273  -24.662  -20.787 0.5000000000
150510  -48.986  -22.136  -18.670 0.4000000060
66816  -38.132  -26.516  -21.773 0.6000000238
70627  -41.626  -20.887  -20.487 0.6000000238
70621  -49.037  -22.274  -19.354 0.4000000060
67813  -38.208  -25.741  -22.430 0.6000000238
68756  -38.328  -24.868  -22.691 0.6000000238
71645  -41.212  -20.837  -21.271 0.6000000238
70632  -49.476  -22.195  -19.747 0.4000000060
63447  -39.363  -29.783  -20.870 0.6999999881
68765  -39.321  -24.202  -23.283 0.6000000238
70656  -49.442  -23.332  -21.571 0.4000000060
70633  -50.163  -22.177  -20.014 0.4000000060
68766  -40.058  -23.552  -23.540 0.6000000238
69706  -40.552  -22.175  -23.346 0.6000000238
69688  -50.975  -24.419  -22.667 0.5000000000
70657  -50.465  -23.398  -21.632 0.4000000060
69689  -52.011  -23.987  -22.365 0.5000000000
132813  -40.421  -26.875  -19.040 0.6000000238
71607  -43.789  -20.720  -18.247 0.5000000000
71608  -44.435  -21.054  -17.806 0.5000000000
151069  -44.632  -21.214  -18.219 0.5000000000
71610  -46.229  -22.110  -17.179 0.4000000060
67802  -37.111  -25.973  -20.741 0.6000000238
67811  -37.093  -25.180  -21.121 0.6000000238
67779  -40.293  -25.142  -19.294 0.6000000238
71622  -42.675  -20.978  -19.134 0.5000000000
71623  -43.541  -20.884  -18.702 0.5000000000
71624  -44.115  -20.862  -18.461 0.5000000000
70596  -47.104  -22.166  -17.113 0.4000000060
71611  -47.798  -21.846  -17.115 0.4000000060
71612  -48.360  -21.773  -17.504 0.4000000060
146481  -41.576  -22.288  -19.554 0.5000000000
70606  -48.403  -22.188  -18.315 0.4000000060
140927  -37.695  -25.287  -21.927 0.6000000238
68764  -38.375  -23.860  -22.703 0.6000000238
71637  -41.384  -20.804  -20.232 0.6000000238
71628  -50.287  -21.530  -19.233 0.4000000060
70652  -39.318  -21.457  -22.767 0.6000000238
71636  -40.128  -21.580  -20.198 0.6000000238
148839  -50.106  -22.522  -20.838 0.4000000060
70664  -39.996  -21.668  -23.259 0.6000000238
70639  -39.743  -21.121  -21.864 0.6000000238
71655  -40.899  -20.510  -22.046 0.6000000238
136338  -50.996  -22.488  -20.878 0.4000000060
70645  -51.924  -22.323  -20.858 0.4000000060
71646  -52.405  -21.429  -20.582 0.3000000119
70658  -51.445  -23.197  -21.579 0.5000000000
70659  -52.390  -22.879  -21.502 0.4000000060
70660  -53.173  -22.329  -21.626 0.3000000119
71594  -44.355  -21.490  -16.536 0.5000000000
71595  -45.076  -21.601  -16.616 0.5000000000
71580  -46.400  -21.151  -15.550 0.5000000000
71581  -47.123  -21.166  -15.913 0.5000000000
71606  -43.042  -20.863  -18.493 0.5000000000
71592  -42.906  -21.341  -17.208 0.6000000238
146177  -46.735  -21.733  -16.357 0.4000000060
72580  -47.811  -20.645  -16.050 0.5000000000
71597  -48.292  -21.236  -16.744 0.4000000060
68755  -37.550  -24.554  -22.077 0.6000000238
69693  -37.547  -22.780  -22.364 0.6000000238
71605  -42.155  -21.115  -18.590 0.6000000238
140170  -48.797  -21.233  -17.257 0.4000000060
71613  -49.113  -21.624  -17.906 0.4000000060
149421  -38.250  -22.227  -22.344 0.6000000238
70628  -41.943  -20.717  -20.069 0.6999999881
72599  -50.292  -20.881  -18.458 0.3000000119
70638  -38.435  -21.802  -21.890 0.6000000238
72587  -40.531  -21.142  -17.573 0.6000000238
72607  -50.899  -20.602  -18.957 0.3000000119
70663  -39.087  -22.119  -23.270 0.6000000238
71644  -38.405  -21.909  -20.682 0.6000000238
71603  -40.245  -21.377  -18.217 0.6000000238
71638  -51.051  -21.430  -19.645 0.4000000060
70626  -39.385  -21.723  -20.567 0.6000000238
72597  -39.327  -21.075  -18.198 0.6000000238
71639  -51.498  -21.790  -20.325 0.3000000119
72614  -52.526  -20.503  -20.463 0.3000000119
72615  -52.954  -20.870  -20.842 0.3000000119
72625  -53.366  -20.793  -21.402 0.3000000119
71576  -43.041  -21.268  -16.024 0.6000000238
71577  -43.880  -21.364  -15.770 0.5000000000
144593  -45.858  -20.839  -15.038 0.5000000000
71591  -42.074  -21.377  -17.356 0.6000000238
73573  -48.307  -19.831  -16.143 0.4000000060
73585  -48.943  -19.862  -16.757 0.4000000060
69680  -36.782  -23.202  -22.120 0.6000000238
71654  -37.176  -21.899  -21.967 0.6000000238
71590  -41.227  -21.324  -17.415 0.6000000238
72589  -49.358  -20.682  -17.362 0.3000000119
73595  -49.994  -20.263  -17.912 0.3000000119
71643  -37.304  -21.774  -21.122 0.6000000238
72596  -38.077  -20.664  -19.015 0.6000000238
72586  -39.845  -20.560  -17.585 0.6000000238
71634  -37.646  -21.591  -19.993 0.6000000238
71635  -38.785  -21.720  -19.680 0.6000000238
71619  -38.698  -21.281  -18.828 0.6000000238
72608  -51.513  -20.270  -19.466 0.3000000119
73616  -52.539  -19.738  -20.588 0.3000000119
73622  -52.858  -19.509  -21.329 0.3000000119
72562  -43.448  -20.668  -15.192 0.6000000238
72563  -44.331  -20.826  -14.986 0.6000000238
72564  -45.190  -20.858  -14.932 0.5000000000
73534  -46.194  -19.643  -14.679 0.5000000000
73554  -46.881  -19.658  -15.185 0.4000000060
72560  -41.735  -20.304  -15.736 0.6000000238
72561  -42.564  -20.501  -15.445 0.6000000238
146228  -48.042  -19.197  -15.839 0.4000000060
138336  -48.515  -19.055  -16.402 0.4000000060
73571  -41.121  -20.034  -16.145 0.6000000238
74656  -49.099  -18.793  -17.018 0.4000000060
73586  -49.576  -19.541  -17.433 0.3000000119
71642  -36.362  -21.370  -21.516 0.6000000238
74657  -49.662  -18.492  -17.744 0.3000000119
72605  -37.305  -20.746  -19.661 0.6000000238
73570  -40.645  -19.182  -16.331 0.6000000238
74668  -50.235  -18.218  -18.536 0.3000000119
144157  -39.110  -20.208  -17.942 0.6000000238
73606  -51.033  -19.454  -19.089 0.3000000119
154263  -38.242  -19.826  -18.808 0.6000000238
142789  -38.630  -20.423  -18.429 0.6000000238
152530  -51.642  -18.507  -20.229 0.3000000119
74687  -52.342  -18.951  -20.819 0.3000000119
73531  -43.714  -19.190  -14.491 0.6000000238
73532  -44.630  -19.377  -14.341 0.5000000000
74599  -45.945  -18.974  -14.506 0.5000000000
74620  -46.617  -18.870  -14.865 0.4000000060
74621  -47.410  -18.845  -15.454 0.4000000060
149746  -42.749  -18.859  -14.685 0.6000000238
75673  -47.541  -17.916  -15.758 0.4000000060
75689  -47.995  -17.683  -16.372 0.4000000060
144952  -42.025  -18.931  -15.074 0.6000000238
74639  -48.506  -18.185  -16.705 0.4000000060
72612  -36.744  -21.127  -20.533 0.6000000238
75718  -49.134  -16.994  -18.096 0.3000000119
73604  -36.921  -19.637  -19.747 0.6000000238
75730  -50.003  -17.040  -19.453 0.3000000119
74655  -40.135  -18.567  -16.853 0.6000000238
72595  -37.704  -19.841  -19.293 0.6000000238
74666  -38.572  -18.292  -18.622 0.6000000238
74667  -39.109  -18.453  -18.032 0.6000000238
74596  -43.548  -18.382  -14.487 0.6000000238
143275  -45.361  -17.799  -14.371 0.4000000060
75651  -46.099  -18.096  -14.605 0.4000000060
145585  -46.586  -17.231  -14.920 0.4000000060
75672  -46.935  -18.026  -15.149 0.4000000060
74619  -42.235  -18.199  -15.082 0.5000000000
75690  -48.409  -17.431  -16.927 0.4000000060
74618  -41.715  -18.533  -15.425 0.5000000000
76678  -48.566  -16.736  -17.513 0.3000000119
74637  -41.211  -18.355  -15.952 0.5000000000
76693  -48.906  -16.253  -18.388 0.3000000119
74675  -36.824  -18.542  -19.960 0.6000000238
75704  -40.039  -17.716  -17.168 0.5000000000
155440  -37.472  -18.992  -19.522 0.6000000238
73605  -38.081  -18.889  -19.054 0.6000000238
75703  -39.474  -17.553  -17.878 0.6000000238
74677  -38.180  -17.997  -19.177 0.6000000238
75717  -38.948  -17.707  -18.381 0.6000000238
75729  -38.001  -17.254  -19.563 0.5000000000
76692  -39.104  -16.848  -18.561 0.5000000000
76624  -43.627  -16.144  -14.390 0.4000000060
76625  -44.612  -16.216  -14.275 0.3000000119
76626  -45.496  -16.334  -14.413 0.4000000060
76645  -46.920  -16.510  -15.333 0.3000000119
75671  -42.263  -17.291  -15.228 0.5000000000
75647  -42.975  -17.710  -14.654 0.4000000060
77644  -47.234  -15.845  -15.825 0.3000000119
76661  -47.990  -16.836  -16.643 0.3000000119
75688  -41.238  -17.411  -16.262 0.5000000000
149944  -47.512  -14.824  -17.081 0.3000000119
77661  -47.676  -16.007  -16.556 0.3000000119
75687  -40.655  -16.930  -16.948 0.5000000000
77678  -48.417  -15.787  -17.872 0.3000000119
77722  -48.694  -14.930  -20.241 0.3000000119
76676  -39.958  -16.863  -17.622 0.5000000000
155078  -39.548  -16.838  -18.050 0.5000000000
77627  -44.297  -15.403  -14.306 0.3000000119
77628  -45.196  -15.515  -14.346 0.3000000119
77629  -46.011  -15.620  -14.596 0.3000000119
77642  -42.339  -15.793  -15.246 0.3000000119
76623  -42.774  -16.603  -14.763 0.4000000060
77643  -46.622  -15.736  -15.194 0.3000000119
78684  -46.937  -15.063  -15.718 0.3000000119
77641  -41.803  -15.344  -15.958 0.3000000119
78699  -47.196  -14.375  -16.427 0.3000000119
76660  -41.328  -16.515  -16.460 0.4000000060
157202  -47.762  -14.773  -17.702 0.3000000119
77694  -48.139  -15.042  -18.143 0.3000000119
76659  -40.994  -15.976  -17.036 0.5000000000
78748  -48.396  -14.209  -19.989 0.3000000119
138344  -40.417  -16.085  -17.598 0.5000000000
76703  -39.044  -15.685  -19.211 0.4000000060
76675  -39.757  -16.115  -18.290 0.5000000000
78669  -44.019  -14.604  -14.369 0.3000000119
78670  -44.894  -14.715  -14.339 0.3000000119
78667  -42.465  -14.269  -15.038 0.3000000119
138188  -42.913  -15.772  -14.647 0.3000000119
78671  -45.708  -14.825  -14.547 0.3000000119
78683  -46.381  -14.939  -15.003 0.3000000119
78682  -41.843  -14.432  -15.957 0.3000000119
79678  -47.243  -13.546  -16.948 0.3000000119
151135  -41.484  -14.935  -16.655 0.3000000119
79696  -47.512  -13.605  -17.909 0.3000000119
138681  -47.831  -14.334  -18.338 0.3000000119
77676  -41.194  -14.591  -17.457 0.3000000119
77675  -40.780  -15.305  -17.541 0.4000000060
135840  -47.530  -12.906  -18.362 0.3000000119
135171  -47.833  -12.926  -19.296 0.3000000119
77693  -40.269  -15.319  -18.141 0.4000000060
79734  -48.320  -13.630  -20.469 0.3000000119
79745  -48.376  -13.594  -21.185 0.3000000119
79751  -48.419  -13.455  -21.853 0.3000000119
152273  -43.050  -13.852  -14.670 0.3000000119
78668  -43.185  -14.486  -14.570 0.3000000119
141975  -43.751  -13.861  -14.471 0.3000000119
132417  -45.086  -13.394  -14.506 0.3000000119
79665  -45.793  -13.307  -14.844 0.3000000119
157918  -46.356  -13.625  -15.279 0.3000000119
79645  -42.656  -13.429  -14.934 0.3000000119
79666  -46.277  -12.994  -15.506 0.3000000119
155460  -46.532  -12.890  -16.014 0.3000000119
80740  -46.833  -12.749  -16.569 0.3000000119
78697  -41.556  -14.147  -16.887 0.3000000119
79663  -41.771  -13.681  -16.332 0.3000000119
80741  -47.291  -12.846  -17.450 0.3000000119
80773  -47.539  -12.086  -18.706 0.3000000119
131891  -40.656  -14.625  -18.097 0.4000000060
81719  -48.032  -12.211  -19.800 0.3000000119
78731  -40.004  -14.346  -19.263 0.4000000060
80797  -48.298  -12.619  -20.769 0.3000000119
81724  -48.430  -11.416  -21.224 0.3000000119
80802  -48.379  -12.858  -22.134 0.3000000119
135906  -48.417  -11.363  -23.546 0.3000000119
80705  -43.639  -12.418  -14.583 0.3000000119
79647  -44.312  -13.082  -14.460 0.3000000119
80707  -45.153  -12.673  -14.633 0.3000000119
80727  -45.804  -12.408  -15.137 0.3000000119
80704  -42.889  -12.683  -14.858 0.3000000119
81620  -45.208  -11.819  -14.799 0.3000000119
81645  -45.850  -11.449  -15.451 0.3000000119
79676  -41.515  -13.282  -17.088 0.3000000119
80725  -41.878  -12.856  -16.049 0.3000000119
81664  -46.497  -11.459  -16.343 0.3000000119
155554  -46.652  -12.135  -16.486 0.3000000119
151215  -47.323  -12.285  -17.897 0.3000000119
82588  -47.117  -10.786  -17.950 0.3000000119
81695  -47.433  -11.286  -18.452 0.3000000119
78714  -40.954  -13.906  -18.151 0.4000000060
81709  -47.773  -11.369  -19.129 0.3000000119
78732  -40.461  -14.024  -18.750 0.4000000060
81710  -48.201  -11.362  -19.859 0.3000000119
78746  -40.126  -13.556  -19.495 0.4000000060
136288  -48.367  -11.600  -22.131 0.3000000119
78745  -39.639  -13.947  -20.067 0.4000000060
151104  -48.358  -11.691  -22.845 0.3000000119
82640  -48.307  -10.691  -23.598 0.3000000119
81618  -43.849  -11.572  -14.624 0.3000000119
81619  -44.587  -11.426  -14.686 0.3000000119
81617  -43.047  -11.859  -14.803 0.3000000119
82555  -46.096  -10.787  -15.934 0.3000000119
80726  -42.366  -12.259  -15.318 0.3000000119
81677  -46.812  -11.104  -17.208 0.3000000119
140620  -41.281  -12.709  -17.657 0.3000000119
83542  -47.533  -9.877  -18.842 0.3000000119
82616  -47.931  -10.620  -19.277 0.3000000119
82617  -48.321  -10.597  -19.954 0.3000000119
82629  -48.555  -10.455  -20.768 0.3000000119
82634  -48.487  -10.717  -21.749 0.3000000119
133398  -48.599  -9.986  -22.270 0.3000000119
79744  -38.860  -12.953  -20.745 0.3000000119
82637  -48.327  -10.913  -22.783 0.3000000119
83572  -48.130  -10.041  -24.140 0.3000000119
83575  -48.066  -9.547  -24.900 0.3000000119
142814  -42.454  -11.360  -15.266 0.3000000119
82528  -44.197  -10.706  -14.823 0.3000000119
82553  -44.844  -10.215  -15.254 0.3000000119
83508  -45.419  -9.285  -16.278 0.3000000119
82574  -46.355  -10.567  -16.615 0.3000000119
81642  -41.775  -11.823  -15.920 0.3000000119
82550  -41.837  -10.841  -15.841 0.3000000119
83529  -46.404  -9.580  -17.546 0.3000000119
82604  -46.996  -9.885  -18.148 0.3000000119
84423  -46.434  -8.937  -18.081 0.3000000119
84440  -47.474  -9.109  -19.130 0.3000000119
84453  -47.954  -9.060  -19.765 0.3000000119
84454  -48.391  -9.057  -20.334 0.3000000119
84471  -48.737  -8.963  -21.918 0.3000000119
149834  -48.597  -9.285  -22.705 0.3000000119
85386  -48.730  -8.308  -22.690 0.3000000119
137043  -48.424  -9.215  -23.481 0.3000000119
140762  -48.465  -8.428  -23.654 0.3000000119
84479  -47.868  -8.665  -25.234 0.3000000119
84485  -48.004  -8.200  -25.759 0.3000000119
82551  -42.653  -10.437  -15.308 0.3000000119
83486  -42.918  -9.589  -15.462 0.3000000119
137624  -44.207  -9.931  -15.155 0.3000000119
83489  -45.314  -9.850  -15.682 0.3000000119
82571  -41.407  -10.226  -16.583 0.3000000119
84383  -43.207  -8.854  -15.732 0.3000000119
83507  -44.739  -8.787  -16.122 0.3000000119
83528  -45.817  -9.070  -17.243 0.3000000119
156599  -41.099  -10.721  -17.158 0.3000000119
138699  -47.079  -9.245  -18.587 0.3000000119
82585  -40.375  -10.296  -18.391 0.3000000119
84463  -48.121  -8.354  -20.214 0.3000000119
84464  -48.651  -8.715  -20.942 0.3000000119
85383  -48.723  -7.950  -21.652 0.3000000119
85389  -48.713  -7.377  -23.382 0.3000000119
132889  -48.341  -7.181  -24.491 0.3000000119
84398  -41.795  -8.527  -16.564 0.3000000119
83527  -41.065  -9.306  -17.038 0.3000000119
156579  -40.652  -8.951  -17.520 0.3000000119
82586  -40.792  -10.200  -17.456 0.3000000119
83505  -41.771  -9.376  -16.339 0.3000000119
83526  -40.394  -9.434  -17.977 0.3000000119
69650  -41.181  -23.610  -18.963 0.5000000000
157734  -41.082  -22.254  -20.882 0.6000000238
65745  -38.142  -27.184  -21.275 0.6000000238
60507  -42.602  -31.961  -23.919 0.6999999881
26279  -44.818  -62.920  -19.176 0.3000000119
27542  -44.021  -62.824  -18.487 0.3000000119
27549  -43.331  -62.686  -18.831 0.3000000119
27548  -42.527  -62.530  -18.421 0.3000000119
26278  -41.962  -62.750  -18.959 0.4000000060
138795  -40.247  -62.969  -18.513 0.4000000060
26276  -39.593  -63.180  -18.565 0.4000000060
26275  -38.758  -63.364  -18.698 0.4000000060
26257  -38.183  -63.189  -18.056 0.4000000060
27535  -37.569  -62.984  -17.427 0.4000000060
135587  -36.592  -62.161  -16.428 0.4000000060
136887  -36.508  -60.933  -15.334 0.4000000060
28740  -36.007  -61.386  -16.161 0.4000000060
155168  -36.692  -59.663  -14.322 0.4000000060
35600  -38.375  -55.231  -15.075 0.4000000060
33407  -48.259  -57.280  -17.626 0.3000000119
34527  -48.729  -56.747  -19.465 0.3000000119
34536  -47.828  -56.506  -20.119 0.3000000119
36673  -38.521  -54.794  -15.890 0.5000000000
35658  -48.948  -56.312  -21.930 0.3000000119
143456  -49.024  -54.947  -21.187 0.3000000119
37769  -39.433  -54.448  -17.888 0.5000000000
140199  -39.558  -52.802  -17.903 0.5000000000
47973  -51.569  -44.115  -19.377 0.3000000119
150400  -51.147  -44.070  -18.766 0.3000000119
49007  -52.264  -43.483  -19.497 0.3000000119
42639  -40.627  -50.229  -20.259 0.6000000238
49994  -52.003  -42.204  -17.820 0.4000000060
42640  -41.517  -49.929  -20.738 0.6000000238
51068  -52.531  -41.329  -17.481 0.4000000060
51069  -53.373  -40.959  -17.844 0.4000000060
53091  -52.800  -39.359  -17.112 0.4000000060
54131  -53.171  -38.847  -17.621 0.4000000060
139103  -53.747  -38.105  -19.638 0.4000000060
50008  -40.780  -42.420  -19.424 0.4000000060
51083  -41.311  -41.916  -19.913 0.5000000000
50015  -41.877  -42.168  -20.493 0.5000000000
141196  -45.173  -48.149  -22.286 0.6999999881
55267  -52.564  -37.590  -21.746 0.4000000060
44802  -46.048  -47.262  -22.800 0.6999999881
57380  -52.114  -36.323  -21.540 0.4000000060
130755  -41.399  -40.583  -22.408 0.5000000000
51106  -42.183  -41.145  -22.758 0.5000000000
52140  -42.137  -40.182  -23.714 0.6000000238
52134  -42.096  -40.616  -23.339 0.6000000238
52148  -42.886  -40.229  -24.144 0.8000000119
140202  -46.098  -44.844  -22.126 0.8000000119
46938  -45.423  -45.624  -21.617 0.6999999881
49031  -46.989  -43.568  -22.865 0.8000000119
45875  -46.582  -46.699  -23.193 0.6999999881
57363  -52.137  -35.601  -20.680 0.4000000060
49025  -46.413  -43.205  -22.195 0.8000000119
54185  -43.190  -38.751  -24.297 0.8000000119
51118  -47.403  -41.576  -24.140 0.8000000119
49040  -47.632  -43.266  -23.739 0.8000000119
58483  -51.206  -33.308  -21.479 0.4000000060
55283  -43.633  -37.071  -24.569 0.6999999881
51126  -47.967  -41.114  -25.115 0.8000000119
56327  -44.341  -36.177  -24.955 0.6999999881
55289  -46.493  -37.247  -26.131 0.6999999881
53148  -47.932  -39.820  -26.041 0.8000000119
54192  -47.510  -38.185  -26.209 0.6000000238
137839  -49.671  -31.402  -20.050 0.3000000119
63407  -46.773  -29.586  -16.034 0.4000000060
61367  -48.274  -30.816  -18.794 0.4000000060
61392  -48.831  -30.962  -20.046 0.4000000060
61383  -49.256  -30.974  -20.115 0.3000000119
65693  -47.071  -27.838  -15.918 0.4000000060
63408  -47.539  -29.202  -16.538 0.4000000060
62311  -47.885  -30.012  -17.675 0.4000000060
145054  -46.722  -26.966  -15.889 0.4000000060
66755  -48.557  -25.832  -16.766 0.4000000060
68697  -48.186  -24.595  -17.344 0.5000000000
67746  -45.756  -25.781  -16.768 0.5000000000
132691  -46.054  -25.554  -19.631 0.4000000060
133952  -47.589  -24.606  -19.222 0.5000000000
68698  -49.283  -24.517  -17.667 0.5000000000
67764  -49.977  -25.351  -17.584 0.4000000060
69657  -49.969  -23.974  -19.619 0.5000000000
67761  -45.146  -25.658  -17.612 0.5000000000
68735  -50.807  -24.261  -19.970 0.5000000000
135229  -50.101  -26.311  -22.576 0.5000000000
67817  -51.625  -26.316  -23.226 0.5000000000
68772  -52.234  -25.889  -23.528 0.5000000000
63445  -34.797  -29.904  -20.525 0.5000000000
69702  -52.586  -24.775  -23.070 0.5000000000
69690  -53.124  -23.518  -22.313 0.4000000060
65735  -34.622  -27.630  -20.460 0.6000000238
65736  -35.572  -27.644  -20.309 0.6000000238
150752  -35.962  -26.969  -20.271 0.6000000238
66811  -36.583  -26.509  -20.404 0.6000000238
70666  -53.994  -22.520  -22.581 0.3000000119
67801  -36.394  -25.660  -20.535 0.6000000238
68743  -36.246  -24.733  -20.755 0.6000000238
68754  -36.859  -24.206  -21.584 0.6000000238
71658  -53.640  -21.529  -21.908 0.3000000119
73629  -53.846  -19.953  -22.864 0.3000000119
70651  -36.856  -22.176  -22.210 0.6000000238
72611  -35.812  -20.767  -21.035 0.6000000238
73614  -36.071  -19.111  -20.342 0.6000000238
74686  -36.895  -17.658  -20.235 0.6000000238
74676  -37.607  -18.054  -19.663 0.6000000238
74685  -35.960  -17.822  -20.654 0.6000000238
76691  -38.461  -16.559  -19.374 0.5000000000
77709  -39.392  -14.702  -19.630 0.4000000060
78759  -38.905  -13.632  -20.764 0.4000000060
86277  -48.705  -6.476  -21.928 0.3000000119
143777  -48.856  -7.171  -22.244 0.3000000119
86292  -48.394  -6.267  -24.696 0.3000000119
87359  -47.896  -6.156  -25.571 0.3000000119
85404  -47.585  -7.207  -27.009 0.3000000119
83540  -39.297  -9.231  -19.276 0.3000000119
55241  -52.587  -37.793  -20.953 0.4000000060
68722  -50.790  -24.246  -18.852 0.5000000000
26258  -39.105  -63.006  -17.938 0.4000000060
27490  -44.152  -62.587  -15.330 0.3000000119
27508  -43.307  -62.535  -15.478 0.3000000119
28744  -42.587  -62.216  -15.185 0.3000000119
28767  -39.784  -61.883  -16.048 0.4000000060
29904  -42.414  -61.095  -13.996 0.3000000119
28717  -42.036  -61.652  -14.652 0.3000000119
137193  -37.921  -56.806  -13.480 0.4000000060
31026  -47.352  -59.665  -15.648 0.3000000119
30982  -39.488  -59.291  -13.452 0.4000000060
32185  -44.350  -58.361  -14.588 0.3000000119
134667  -39.226  -53.622  -16.119 0.4000000060
36720  -47.450  -55.461  -20.489 0.3000000119
36708  -46.333  -54.922  -19.439 0.3000000119
38925  -46.030  -53.027  -18.566 0.3000000119
42621  -48.366  -49.797  -18.246 0.3000000119
44775  -49.359  -47.428  -18.289 0.3000000119
38911  -44.936  -52.856  -17.709 0.3000000119
38910  -43.970  -51.839  -17.209 0.3000000119
40113  -45.325  -52.153  -17.798 0.3000000119
41370  -46.064  -50.842  -17.460 0.3000000119
46921  -51.118  -45.544  -19.694 0.3000000119
147434  -43.965  -50.240  -16.855 0.3000000119
42590  -46.004  -49.477  -16.525 0.3000000119
44772  -41.485  -47.328  -18.166 0.6000000238
48996  -51.559  -43.489  -18.779 0.4000000060
44781  -41.633  -47.572  -19.160 0.6000000238
43751  -42.603  -48.510  -20.668 0.6999999881
43683  -43.661  -48.315  -15.554 0.3000000119
52089  -52.925  -40.296  -17.248 0.4000000060
45757  -44.990  -46.295  -14.437 0.4000000060
140983  -43.683  -44.876  -14.705 0.4000000060
51055  -49.978  -41.141  -15.640 0.4000000060
48974  -43.406  -43.950  -16.179 0.6000000238
46913  -44.023  -44.931  -19.063 0.6999999881
44801  -45.164  -47.302  -21.969 0.6999999881
51030  -47.112  -41.633  -13.857 0.4000000060
48985  -43.685  -43.442  -17.151 0.6000000238
55227  -51.512  -37.580  -18.582 0.4000000060
46927  -44.748  -45.585  -20.649 0.6999999881
55240  -51.694  -37.651  -21.001 0.4000000060
55265  -51.638  -37.344  -21.931 0.4000000060
51082  -40.616  -41.515  -19.524 0.3000000119
49991  -43.885  -42.707  -17.621 0.6000000238
46928  -45.337  -44.810  -20.979 0.6999999881
45864  -45.655  -46.490  -22.194 0.6999999881
50000  -43.863  -42.204  -18.117 0.6000000238
54102  -47.276  -38.310  -14.018 0.5000000000
133223  -45.711  -44.036  -21.158 0.6999999881
51092  -44.365  -41.827  -20.274 0.6999999881
48003  -46.337  -43.835  -22.073 0.6999999881
52137  -45.582  -40.554  -22.962 0.6999999881
55237  -49.006  -37.163  -19.680 0.4000000060
53132  -44.928  -39.779  -22.647 0.6000000238
135268  -47.398  -40.859  -24.398 0.6999999881
54189  -47.835  -38.754  -26.074 0.6999999881
53150  -47.732  -39.099  -26.163 0.8000000119
55285  -47.719  -36.817  -26.153 0.6000000238
59513  -50.775  -32.788  -20.770 0.4000000060
60478  -50.233  -31.756  -20.958 0.3000000119
53117  -42.236  -39.212  -20.509 0.6000000238
53097  -41.708  -39.205  -19.126 0.6000000238
53089  -41.685  -38.988  -18.147 0.6999999881
56328  -45.545  -36.053  -25.603 0.6999999881
57413  -46.377  -34.871  -25.724 0.6999999881
57414  -46.949  -35.325  -26.199 0.6999999881
149268  -47.173  -37.437  -26.402 0.8000000119
57410  -47.209  -35.246  -25.798 0.6999999881
54128  -41.840  -38.759  -17.287 0.4000000060
59500  -48.530  -33.202  -19.672 0.3000000119
59511  -48.613  -31.937  -20.635 0.3000000119
55222  -41.527  -37.481  -18.492 0.5000000000
131578  -42.156  -37.403  -17.177 0.5000000000
57325  -45.044  -35.632  -17.576 0.4000000060
58447  -46.444  -34.746  -17.710 0.4000000060
63393  -44.343  -29.477  -15.392 0.5000000000
134423  -46.702  -32.197  -18.008 0.4000000060
59484  -47.284  -32.584  -18.439 0.4000000060
62300  -47.404  -29.947  -16.743 0.4000000060
152969  -42.750  -35.665  -18.069 0.5000000000
59532  -39.698  -33.422  -20.811 0.6999999881
61363  -43.147  -32.061  -17.136 0.5000000000
60503  -41.869  -31.622  -23.317 0.8000000119
60509  -44.781  -30.790  -24.229 0.6999999881
66752  -45.419  -26.361  -16.234 0.5000000000
61414  -41.339  -30.967  -23.159 0.6999999881
67816  -48.384  -26.635  -23.048 0.5000000000
68758  -47.375  -25.751  -22.410 0.4000000060
68720  -48.502  -24.191  -18.208 0.5000000000
61399  -35.581  -31.600  -20.581 0.5000000000
61391  -42.014  -31.673  -19.220 0.5000000000
67760  -44.341  -25.625  -17.478 0.5000000000
61417  -44.113  -30.419  -24.033 0.6999999881
67782  -45.464  -25.411  -18.378 0.4000000060
68745  -45.965  -25.356  -20.443 0.4000000060
68717  -45.216  -25.004  -18.939 0.4000000060
63470  -42.352  -29.289  -23.722 0.8000000119
62338  -36.207  -30.783  -20.306 0.5000000000
63469  -42.111  -28.504  -23.999 0.6000000238
65754  -42.139  -26.687  -24.605 0.6000000238
70655  -48.597  -23.560  -21.716 0.4000000060
69699  -49.623  -25.886  -23.325 0.5000000000
132285  -38.250  -29.108  -20.294 0.6999999881
64624  -42.062  -28.035  -23.886 0.6999999881
66818  -41.186  -25.998  -22.899 0.6999999881
64621  -39.139  -27.862  -22.507 0.6000000238
68767  -40.890  -24.276  -23.084 0.6000000238
67822  -39.318  -25.253  -23.167 0.6000000238
68771  -51.662  -26.235  -23.336 0.5000000000
132439  -35.016  -28.398  -20.433 0.5000000000
71625  -45.307  -21.774  -18.377 0.4000000060
65747  -41.088  -27.041  -22.470 0.6999999881
66813  -40.426  -25.823  -21.306 0.6999999881
65746  -38.520  -27.172  -22.301 0.6000000238
135325  -40.888  -22.892  -22.614 0.6000000238
135966  -41.378  -21.050  -21.231 0.6000000238
71609  -45.212  -21.580  -17.729 0.4000000060
68729  -40.635  -23.453  -19.870 0.5000000000
71627  -49.607  -21.681  -18.762 0.4000000060
71620  -41.258  -21.068  -19.306 0.6000000238
71593  -43.705  -21.398  -16.945 0.6000000238
157316  -45.593  -21.847  -16.943 0.4000000060
70615  -42.199  -20.937  -19.739 0.6999999881
69661  -41.500  -21.496  -20.431 0.6000000238
151302  -39.887  -21.653  -19.068 0.6000000238
154293  -52.616  -22.072  -21.057 0.3000000119
71578  -44.729  -21.353  -15.604 0.5000000000
71579  -45.565  -21.339  -15.530 0.5000000000
73572  -47.653  -19.774  -15.604 0.4000000060
71604  -41.172  -21.335  -18.324 0.6000000238
143115  -50.158  -19.231  -18.078 0.3000000119
147267  -50.572  -19.052  -18.646 0.3000000119
72577  -40.619  -20.457  -16.866 0.6000000238
73584  -39.994  -19.483  -17.060 0.6000000238
72613  -51.870  -20.884  -20.038 0.3000000119
73623  -53.375  -20.086  -21.785 0.3000000119
72579  -42.176  -21.162  -16.227 0.6000000238
72578  -41.382  -20.926  -16.489 0.6000000238
72606  -38.037  -21.275  -19.349 0.6000000238
73607  -51.653  -19.320  -19.695 0.3000000119
72609  -52.151  -19.965  -19.962 0.3000000119
73533  -45.456  -19.541  -14.418 0.6000000238
73551  -41.455  -19.294  -15.593 0.6000000238
75705  -49.000  -17.741  -17.459 0.4000000060
74669  -50.702  -18.468  -19.164 0.3000000119
74654  -39.655  -18.515  -17.416 0.6000000238
75731  -50.854  -17.847  -19.833 0.3000000119
74597  -44.336  -18.546  -14.313 0.5000000000
74598  -45.251  -18.625  -14.274 0.5000000000
76646  -47.488  -16.609  -15.944 0.4000000060
135384  -40.619  -18.009  -16.550 0.5000000000
75649  -44.888  -17.121  -14.302 0.4000000060
75648  -44.008  -17.637  -14.335 0.4000000060
75650  -45.818  -17.154  -14.516 0.4000000060
76677  -48.162  -16.109  -17.153 0.3000000119
142034  -41.733  -17.779  -15.634 0.5000000000
77710  -48.838  -15.297  -19.507 0.3000000119
77695  -48.577  -15.391  -18.772 0.3000000119
76644  -42.183  -16.553  -15.397 0.4000000060
79677  -46.731  -13.491  -16.036 0.3000000119
136147  -41.441  -15.717  -16.548 0.3000000119
77660  -41.220  -15.319  -17.078 0.3000000119
78747  -48.135  -14.212  -19.218 0.3000000119
80787  -48.192  -13.027  -20.166 0.3000000119
80805  -48.476  -12.733  -22.782 0.3000000119
139962  -44.594  -13.943  -14.397 0.3000000119
79664  -42.133  -13.606  -15.585 0.3000000119
78715  -41.318  -13.849  -17.563 0.3000000119
141292  -48.351  -12.280  -21.573 0.3000000119
154188  -40.276  -14.701  -18.636 0.4000000060
157405  -42.360  -12.965  -15.330 0.3000000119
80757  -46.938  -12.025  -17.127 0.3000000119
81720  -48.291  -11.897  -20.631 0.3000000119
152871  -48.341  -10.734  -24.060 0.3000000119
82554  -45.535  -10.544  -15.527 0.3000000119
80739  -41.490  -12.332  -16.866 0.3000000119
81643  -43.243  -10.976  -14.833 0.3000000119
83509  -46.097  -9.789  -16.848 0.3000000119
81663  -41.361  -11.298  -16.823 0.3000000119
142373  -48.211  -8.150  -24.434 0.3000000119
83487  -43.763  -9.411  -15.416 0.3000000119
84402  -45.062  -8.475  -16.875 0.3000000119
81676  -40.763  -11.108  -17.835 0.3000000119
84452  -47.396  -8.206  -19.515 0.3000000119
85375  -48.375  -7.721  -20.819 0.3000000119
85393  -47.811  -7.858  -25.305 0.3000000119
84494  -47.461  -7.283  -27.286 0.3000000119
83506  -42.409  -9.062  -15.943 0.3000000119
84384  -44.061  -8.766  -15.812 0.3000000119
84400  -43.535  -8.283  -16.227 0.3000000119
156965  -40.045  -10.361  -19.153 0.3000000119
82602  -39.481  -10.063  -19.475 0.3000000119
143601  -48.632  -5.511  -24.213 0.3000000119
83541  -40.021  -8.956  -18.792 0.3000000119
27522  -36.401  -62.285  -17.104 0.4000000060
46946  -46.188  -45.863  -22.466 0.6999999881
51119  -48.025  -41.928  -24.894 0.8000000119
53149  -46.940  -39.191  -26.244 0.8000000119
75728  -37.362  -17.010  -20.234 0.5000000000
67747  -46.849  -25.544  -16.676 0.4000000060
67748  -47.909  -25.020  -16.696 0.4000000060
66775  -53.202  -26.946  -18.130 0.3000000119
67793  -53.469  -26.309  -19.214 0.4000000060
67786  -53.864  -25.962  -18.593 0.3000000119
134698  -51.797  -24.540  -19.761 0.4000000060
68749  -51.089  -24.956  -21.304 0.4000000060
145030  -54.376  -26.077  -19.554 0.3000000119
133574  -53.522  -25.792  -21.688 0.4000000060
67808  -54.097  -26.116  -20.588 0.3000000119
68718  -46.139  -25.221  -18.419 0.3000000119
68750  -52.101  -25.052  -21.239 0.4000000060
151077  -52.954  -25.369  -21.126 0.4000000060
66822  -53.327  -26.423  -23.557 0.3000000119
145570  -53.012  -26.318  -22.848 0.4000000060
67832  -55.001  -25.577  -23.241 0.3000000119
67827  -54.409  -26.391  -23.264 0.3000000119
66824  -52.854  -26.358  -23.524 0.4000000060
134602  -52.361  -26.346  -23.384 0.4000000060
68780  -55.255  -24.755  -23.163 0.3000000119
69704  -54.687  -24.378  -23.232 0.3000000119
69703  -53.639  -24.492  -23.158 0.3000000119
66810  -35.730  -26.292  -20.361 0.5000000000
140803  -54.072  -23.595  -22.933 0.3000000119
136463  -34.265  -26.843  -20.567 0.5000000000
68741  -33.437  -24.515  -20.612 0.5000000000
138007  -34.337  -24.934  -20.618 0.5000000000
68742  -35.355  -24.337  -20.625 0.5000000000
145581  -54.797  -22.165  -23.159 0.3000000119
69670  -35.220  -23.356  -20.996 0.5000000000
70650  -35.853  -21.900  -22.106 0.5000000000
135125  -33.835  -21.557  -21.440 0.5000000000
132689  -34.396  -19.812  -21.691 0.5000000000
71651  -34.389  -20.998  -21.696 0.5000000000
134786  -34.758  -20.549  -21.662 0.4000000060
141956  -33.650  -19.572  -21.685 0.5000000000
71650  -33.016  -20.969  -21.439 0.5000000000
72622  -35.097  -20.467  -21.565 0.5000000000
73620  -33.886  -18.986  -21.825 0.4000000060
74684  -35.249  -18.550  -21.174 0.5000000000
73619  -33.240  -18.943  -21.543 0.4000000060
149234  -33.926  -17.501  -22.308 0.4000000060
74692  -34.504  -17.978  -21.864 0.4000000060
75751  -32.988  -16.502  -22.092 0.4000000060
75747  -34.532  -16.881  -22.434 0.5000000000
75752  -33.618  -16.649  -22.454 0.4000000060
75739  -35.605  -16.582  -21.784 0.4000000060
76732  -33.970  -15.011  -23.430 0.5000000000
76731  -33.483  -15.698  -22.584 0.3000000119
153197  -35.699  -15.032  -22.503 0.4000000060
76715  -37.717  -15.519  -20.753 0.4000000060
76713  -36.405  -15.913  -21.699 0.3000000119
78765  -34.476  -14.225  -22.901 0.3000000119
77738  -35.230  -14.025  -23.060 0.3000000119
77720  -37.274  -14.864  -21.631 0.3000000119
77721  -37.990  -14.816  -20.933 0.3000000119
76723  -36.662  -15.106  -22.018 0.3000000119
78766  -34.793  -13.774  -22.818 0.3000000119
78767  -35.231  -13.739  -22.604 0.3000000119
77708  -38.704  -14.887  -20.173 0.3000000119
77729  -36.211  -14.165  -22.362 0.3000000119
78768  -37.316  -14.019  -21.532 0.3000000119
78758  -38.412  -14.178  -20.937 0.3000000119
78744  -39.098  -14.258  -20.400 0.3000000119
79750  -36.221  -13.415  -21.825 0.3000000119
78769  -37.245  -13.420  -21.356 0.3000000119
140395  -38.017  -13.704  -21.166 0.3000000119
67798  -32.152  -24.998  -20.300 0.5000000000
65682  -51.366  -27.152  -16.053 0.3000000119
68723  -51.976  -25.218  -18.774 0.4000000060
68739  -31.388  -24.286  -19.947 0.4000000060
69668  -32.549  -23.265  -20.634 0.5000000000
70637  -31.893  -22.495  -20.758 0.4000000060
72620  -32.764  -19.921  -21.403 0.5000000000
74697  -33.229  -17.423  -22.062 0.5000000000
138514  -47.303  -24.454  -18.090 0.4000000060
71653  -36.174  -21.589  -22.026 0.5000000000
143354  -47.749  -25.888  -16.502 0.4000000060
67762  -46.023  -25.429  -17.466 0.3000000119
68699  -50.369  -24.564  -18.053 0.4000000060
68761  -51.251  -26.166  -22.707 0.4000000060
68773  -53.208  -25.538  -23.512 0.3000000119
66809  -34.917  -26.281  -20.465 0.5000000000
67800  -35.341  -25.417  -20.445 0.5000000000
68753  -36.079  -23.768  -21.315 0.5000000000
69679  -36.023  -22.776  -21.898 0.5000000000
72623  -35.714  -21.187  -21.734 0.5000000000
73613  -35.413  -19.782  -20.954 0.5000000000
75740  -36.531  -16.833  -20.840 0.4000000060
76701  -37.813  -16.327  -20.138 0.3000000119
67750  -52.982  -26.355  -17.591 0.3000000119
66792  -53.422  -26.609  -18.528 0.4000000060
66793  -53.795  -26.548  -18.878 0.3000000119
68736  -52.860  -25.177  -20.036 0.4000000060
68724  -52.592  -25.500  -19.250 0.4000000060
67785  -52.907  -26.506  -18.586 0.4000000060
67794  -53.884  -26.420  -19.570 0.3000000119
67765  -51.157  -26.075  -17.970 0.4000000060
67819  -53.919  -26.259  -22.405 0.3000000119
134810  -54.443  -26.050  -20.250 0.3000000119
68779  -54.670  -25.497  -23.401 0.3000000119
68778  -54.014  -26.020  -23.693 0.3000000119
70667  -54.840  -23.095  -23.177 0.3000000119
137127  -33.119  -26.693  -20.509 0.5000000000
139978  -32.568  -25.883  -20.439 0.5000000000
67799  -33.335  -25.271  -20.549 0.5000000000
69669  -33.609  -23.578  -20.747 0.5000000000
140005  -34.452  -24.038  -20.697 0.5000000000
157916  -34.481  -23.453  -20.814 0.5000000000
70649  -34.815  -21.818  -21.631 0.5000000000
138192  -35.329  -22.500  -21.590 0.5000000000
71652  -35.406  -21.188  -21.786 0.5000000000
139690  -33.867  -22.164  -21.227 0.5000000000
69677  -33.205  -22.713  -20.899 0.5000000000
73621  -34.578  -19.144  -21.644 0.4000000060
75738  -35.157  -17.580  -21.558 0.5000000000
76714  -37.092  -15.904  -20.984 0.3000000119
77737  -34.517  -14.357  -23.091 0.3000000119
51123  -44.107  -41.094  -24.498 0.6999999881
51130  -47.995  -41.304  -25.866 0.6999999881
134685  -47.617  -39.916  -26.160 0.6999999881
53147  -46.568  -40.286  -26.024 0.6999999881
51125  -46.237  -41.302  -25.732 0.6999999881
151626  -44.535  -39.528  -24.939 0.6999999881
52149  -44.031  -40.292  -24.694 0.6999999881
53146  -45.472  -39.825  -25.472 0.6999999881
53144  -43.510  -39.564  -24.458 0.6999999881
62312  -48.375  -29.770  -17.622 0.3000000119
132504  -48.218  -30.267  -17.998 0.3000000119
63420  -48.185  -29.434  -17.370 0.3000000119
62313  -48.867  -29.483  -17.504 0.3000000119
64580  -49.267  -28.631  -17.493 0.3000000119
63421  -48.741  -29.025  -17.482 0.3000000119
54191  -46.673  -38.154  -26.145 0.6999999881
144873  -45.535  -38.956  -25.593 0.6999999881
63409  -48.129  -28.904  -17.003 0.3000000119
65695  -48.785  -27.804  -17.270 0.3000000119
65708  -49.885  -28.095  -17.361 0.3000000119
64570  -50.022  -29.227  -16.921 0.3000000119
63411  -49.903  -29.422  -16.201 0.3000000119
54187  -45.334  -38.056  -25.485 0.6000000238
54186  -44.047  -37.948  -24.689 0.6999999881
65694  -47.907  -27.757  -16.536 0.3000000119
66772  -50.797  -26.864  -17.655 0.3000000119
146301  -51.416  -27.996  -17.355 0.3000000119
65709  -51.815  -28.120  -17.195 0.3000000119
143786  -49.581  -26.173  -17.342 0.3000000119
66774  -52.547  -27.375  -17.740 0.3000000119
66754  -47.233  -26.416  -16.299 0.3000000119
66773  -51.969  -27.565  -17.634 0.3000000119
68696  -47.080  -24.793  -17.245 0.3000000119
50045  -48.130  -42.871  -24.730 0.6999999881
48017  -47.762  -44.678  -24.049 0.6999999881
49050  -48.130  -43.441  -25.238 0.6999999881
50035  -44.164  -42.791  -23.124 0.6999999881
50052  -48.073  -42.270  -25.452 0.6999999881
50055  -47.663  -42.042  -25.836 0.6999999881
50050  -46.754  -42.183  -25.739 0.6999999881
51124  -45.098  -41.371  -24.825 0.6999999881
51115  -43.410  -41.418  -23.827 0.6999999881
51129  -47.760  -41.224  -26.101 0.6999999881
52142  -43.153  -40.841  -24.116 0.6999999881
61368  -48.455  -30.768  -18.519 0.3000000119
61351  -48.823  -29.957  -17.399 0.3000000119
63410  -49.467  -29.659  -16.927 0.3000000119
62301  -49.233  -30.377  -16.389 0.3000000119
63396  -49.555  -29.942  -15.782 0.3000000119
65696  -51.302  -28.348  -16.820 0.3000000119
138063  -50.714  -28.562  -16.013 0.3000000119
141452  -52.257  -27.672  -17.376 0.3000000119
61382  -48.754  -30.930  -19.464 0.3000000119
143357  -50.371  -27.550  -17.463 0.3000000119
64581  -50.178  -28.898  -17.180 0.3000000119
36684  -38.065  -54.568  -17.281 0.4000000060
36696  -38.698  -54.618  -18.131 0.4000000060
36685  -38.886  -54.761  -17.671 0.4000000060
35610  -37.167  -55.337  -15.704 0.4000000060
37781  -39.106  -54.477  -18.665 0.4000000060
40144  -39.758  -51.312  -19.083 0.5000000000
157213  -39.745  -53.675  -18.771 0.4000000060
36698  -39.308  -54.607  -18.342 0.4000000060
36697  -39.226  -54.690  -18.241 0.4000000060
133241  -38.363  -54.744  -16.666 0.4000000060
147051  -40.024  -52.857  -19.409 0.5000000000
37799  -39.616  -54.124  -18.996 0.4000000060
37798  -39.566  -53.997  -19.107 0.4000000060
40128  -39.640  -52.232  -18.485 0.4000000060
40145  -40.256  -51.958  -19.936 0.5000000000
38941  -40.501  -53.267  -20.258 0.5000000000
132826  -40.102  -53.746  -19.826 0.5000000000
41410  -40.595  -51.219  -20.267 0.5000000000
40160  -40.940  -52.386  -20.699 0.5000000000
37820  -40.504  -53.555  -20.764 0.5000000000
37832  -40.410  -53.656  -21.834 0.5000000000
146134  -41.053  -53.683  -22.288 0.5000000000
40161  -41.598  -52.096  -21.429 0.5000000000
41419  -41.932  -50.980  -21.387 0.6000000238
37833  -41.081  -53.609  -21.583 0.5000000000
40173  -42.514  -52.044  -22.254 0.5000000000
38969  -41.972  -53.122  -21.992 0.5000000000
37860  -42.200  -53.231  -23.385 0.6000000238
37848  -42.205  -53.382  -22.809 0.5000000000
40193  -43.368  -52.609  -24.119 0.5000000000
42645  -42.267  -50.145  -21.326 0.6000000238
41420  -42.798  -50.857  -21.875 0.6000000238
42646  -42.965  -49.900  -21.624 0.6000000238
38970  -42.653  -52.966  -22.821 0.5000000000
37849  -42.973  -53.026  -23.538 0.6000000238
38995  -43.570  -52.761  -23.987 0.6000000238
41440  -43.454  -51.898  -24.264 0.5000000000
43773  -41.996  -49.008  -23.533 0.5000000000
42661  -42.740  -49.866  -23.888 0.5000000000
42662  -43.766  -49.741  -24.259 0.5000000000
43774  -42.940  -48.972  -23.772 0.5000000000
48000  -42.058  -45.054  -21.071 0.4000000060
41421  -43.632  -50.605  -22.292 0.6000000238
48001  -42.621  -44.443  -21.128 0.5000000000
41429  -43.533  -51.626  -22.688 0.5000000000
46936  -42.826  -45.471  -21.472 0.5000000000
42655  -44.513  -50.482  -22.775 0.6000000238
41431  -44.856  -51.221  -23.630 0.6000000238
40183  -44.706  -51.610  -24.072 0.6000000238
157711  -45.299  -50.343  -24.498 0.6000000238
40195  -44.434  -51.782  -24.165 0.5000000000
44810  -42.545  -47.705  -22.984 0.5000000000
42666  -44.734  -50.434  -24.513 0.5000000000
43775  -43.809  -48.973  -24.102 0.5000000000
43781  -44.722  -49.469  -24.506 0.5000000000
46925  -40.459  -45.447  -20.703 0.4000000060
47988  -41.745  -44.320  -20.604 0.5000000000
138617  -39.672  -45.740  -20.548 0.4000000060
49022  -43.059  -42.931  -21.632 0.5000000000
42647  -43.814  -49.709  -21.994 0.6000000238
48002  -43.351  -44.555  -21.639 0.5000000000
42648  -44.701  -49.593  -22.480 0.6000000238
48008  -44.028  -44.509  -22.318 0.5000000000
42663  -45.771  -50.109  -24.344 0.6000000238
41439  -45.618  -50.100  -24.472 0.6000000238
42664  -45.987  -49.634  -24.505 0.6000000238
44811  -43.544  -47.482  -23.337 0.5000000000
42667  -45.486  -49.826  -24.608 0.6000000238
44821  -44.157  -47.923  -23.970 0.5000000000
44822  -44.997  -48.075  -24.627 0.5000000000
45883  -44.492  -47.236  -23.957 0.5000000000
47989  -42.503  -43.424  -20.887 0.5000000000
47978  -40.148  -44.910  -20.004 0.4000000060
50025  -43.368  -42.726  -22.247 0.5000000000
50034  -43.430  -42.370  -22.841 0.5000000000
151507  -43.816  -42.939  -22.527 0.5000000000
49030  -44.221  -43.596  -22.722 0.5000000000
43767  -45.674  -48.783  -23.077 0.6000000238
48009  -44.707  -44.515  -23.089 0.5000000000
46937  -43.709  -45.390  -22.070 0.5000000000
44813  -46.788  -47.743  -23.955 0.6000000238
43778  -46.605  -48.331  -24.857 0.6000000238
44827  -46.108  -48.300  -25.040 0.5000000000
45873  -43.865  -46.668  -22.962 0.5000000000
45874  -44.655  -46.240  -23.521 0.5000000000
157485  -44.979  -46.854  -24.257 0.5000000000
50033  -42.847  -42.078  -22.281 0.5000000000
50043  -44.626  -42.571  -23.994 0.6000000238
49038  -44.801  -43.570  -23.663 0.5000000000
46947  -47.173  -45.690  -23.576 0.6000000238
44823  -46.860  -48.197  -24.765 0.6000000238
48015  -45.285  -44.485  -23.835 0.5000000000
46945  -44.425  -45.374  -22.797 0.5000000000
143467  -47.596  -47.218  -24.993 0.6000000238
46953  -45.281  -45.421  -23.859 0.5000000000
45893  -47.067  -47.209  -25.270 0.5000000000
139228  -45.627  -46.577  -24.587 0.5000000000
46954  -46.277  -45.906  -24.922 0.5000000000
49015  -41.720  -43.442  -20.264 0.4000000060
51107  -42.952  -41.702  -23.186 0.4000000060
155456  -40.565  -44.364  -19.969 0.4000000060
142699  -45.521  -42.179  -24.959 0.6000000238
49047  -45.444  -43.180  -24.591 0.6000000238
45886  -47.741  -45.803  -25.134 0.6000000238
49039  -45.517  -43.978  -24.350 0.5000000000
46961  -47.498  -45.720  -25.309 0.6000000238
50016  -42.470  -42.332  -21.226 0.5000000000
51114  -42.632  -41.089  -23.542 0.5000000000
51098  -42.289  -41.606  -21.880 0.4000000060
136272  -46.372  -43.029  -25.281 0.6000000238
49048  -46.166  -43.887  -24.988 0.5000000000
49049  -46.960  -43.823  -25.421 0.5000000000
45861  -42.400  -46.409  -21.867 0.5000000000
45862  -43.383  -46.211  -22.113 0.5000000000
45872  -42.913  -46.950  -22.611 0.5000000000
157198  -41.314  -43.342  -19.889 0.4000000060
36674  -38.809  -54.598  -16.978 0.4000000060
41411  -41.183  -51.099  -20.761 0.6000000238
43760  -44.893  -48.784  -22.253 0.6000000238
150930  -47.019  -44.389  -23.002 0.6000000238
48018  -48.097  -44.756  -24.811 0.6000000238
48025  -48.094  -44.480  -25.157 0.6000000238
46955  -47.855  -45.426  -24.693 0.6000000238
49051  -47.553  -43.750  -25.499 0.6000000238
50051  -47.279  -42.988  -25.637 0.6000000238
38955  -41.049  -53.486  -20.992 0.5000000000
38968  -41.377  -53.476  -21.607 0.5000000000
37847  -41.592  -53.542  -22.832 0.5000000000
38983  -43.723  -52.676  -23.829 0.6000000238
40182  -44.198  -52.048  -23.620 0.6000000238
49023  -43.590  -43.550  -22.026 0.5000000000
42656  -45.374  -50.280  -23.573 0.6000000238
43782  -45.496  -48.963  -24.675 0.5000000000
43768  -46.438  -48.675  -24.031 0.6000000238
136665  -45.416  -47.438  -24.710 0.5000000000
45876  -47.374  -47.031  -24.392 0.6000000238
44824  -47.264  -47.646  -25.027 0.6000000238
45897  -47.621  -45.874  -25.246 0.6000000238
46960  -47.070  -46.310  -25.351 0.6000000238
48023  -46.910  -45.369  -25.346 0.5000000000
51074  -52.875  -41.948  -18.314 0.3000000119
50002  -52.145  -42.786  -18.631 0.3000000119
50003  -53.482  -42.147  -18.846 0.3000000119
51075  -53.772  -41.449  -18.476 0.3000000119
50012  -54.322  -42.240  -19.795 0.3000000119
51086  -54.739  -41.541  -19.458 0.3000000119
52111  -55.716  -40.618  -19.755 0.3000000119
53092  -53.412  -39.474  -17.645 0.3000000119
52098  -54.111  -40.429  -18.327 0.3000000119
52099  -54.707  -40.297  -18.778 0.3000000119
54153  -55.371  -38.584  -20.606 0.3000000119
54142  -54.454  -38.579  -19.264 0.3000000119
53110  -55.128  -38.937  -19.446 0.3000000119
57351  -53.505  -35.865  -18.802 0.3000000119
57350  -52.660  -35.716  -19.083 0.3000000119
57329  -52.969  -35.533  -17.955 0.3000000119
58484  -51.587  -34.419  -20.635 0.3000000119
58450  -51.431  -35.111  -18.308 0.3000000119
57349  -51.846  -35.316  -19.259 0.3000000119
58471  -50.656  -33.736  -19.344 0.3000000119
37797  -38.534  -53.340  -19.648 0.4000000060
50010  -52.918  -42.723  -19.101 0.3000000119
50020  -54.575  -42.554  -20.549 0.3000000119
37818  -39.177  -53.310  -20.716 0.4000000060
51094  -55.685  -41.709  -20.363 0.3000000119
52112  -56.212  -40.186  -20.187 0.3000000119
54151  -53.908  -38.106  -21.266 0.3000000119
55255  -53.142  -37.600  -21.742 0.3000000119
56277  -52.784  -36.635  -21.303 0.3000000119
56278  -53.503  -36.841  -21.257 0.3000000119
56263  -53.965  -36.367  -19.774 0.3000000119
57352  -54.299  -35.766  -18.683 0.3000000119
58452  -53.330  -34.913  -17.319 0.3000000119
58432  -51.867  -34.556  -16.725 0.3000000119
51087  -55.405  -41.300  -19.816 0.3000000119
153858  -56.118  -39.246  -20.300 0.3000000119
36725  -29.747  -54.191  -21.761 0.4000000060
37824  -30.279  -53.429  -21.433 0.3000000119
38962  -32.001  -52.863  -21.095 0.3000000119
38940  -32.956  -52.296  -20.130 0.3000000119
42654  -40.331  -49.434  -22.987 0.4000000060
42659  -40.912  -49.644  -23.304 0.4000000060
41427  -39.606  -50.680  -22.943 0.4000000060
40180  -39.399  -51.671  -23.223 0.4000000060
144266  -40.471  -48.306  -22.764 0.4000000060
44819  -42.213  -48.320  -23.340 0.4000000060
43772  -41.288  -49.087  -23.348 0.4000000060
42660  -41.766  -49.840  -23.550 0.4000000060
40190  -41.557  -51.743  -23.785 0.4000000060
40191  -42.623  -52.355  -24.029 0.4000000060
40188  -39.850  -52.082  -23.435 0.4000000060
40189  -40.639  -52.156  -23.639 0.4000000060
45847  -37.626  -46.830  -20.609 0.3000000119
44809  -41.532  -47.744  -22.854 0.4000000060
42665  -43.600  -50.782  -24.357 0.4000000060
45849  -39.083  -46.307  -21.171 0.3000000119
46917  -38.934  -46.078  -20.367 0.3000000119
38993  -41.728  -52.824  -23.745 0.4000000060
41437  -42.442  -51.046  -23.949 0.4000000060
45860  -41.333  -46.508  -21.851 0.4000000060
41426  -39.030  -51.244  -22.610 0.4000000060
43765  -40.692  -48.893  -23.043 0.4000000060
41428  -40.318  -50.320  -23.295 0.4000000060
137909  -40.701  -51.184  -23.591 0.4000000060
139921  -37.206  -63.105  -18.314 0.3000000119
27534  -36.562  -62.587  -17.754 0.3000000119
28763  -35.654  -61.063  -16.997 0.3000000119
29924  -35.841  -60.549  -15.738 0.3000000119
31002  -35.517  -59.056  -15.021 0.3000000119
32234  -34.623  -58.054  -16.414 0.3000000119
33385  -34.650  -57.006  -16.335 0.3000000119
34512  -34.149  -56.558  -17.109 0.3000000119
34498  -34.657  -55.976  -16.628 0.3000000119
35620  -34.152  -55.550  -17.425 0.3000000119
35608  -35.384  -55.540  -16.270 0.3000000119
36670  -34.866  -55.051  -16.857 0.3000000119
36682  -35.516  -54.291  -17.212 0.3000000119
36683  -36.766  -54.228  -17.158 0.3000000119
37767  -36.102  -53.686  -18.062 0.3000000119
31023  -36.054  -59.977  -14.961 0.3000000119
37780  -37.989  -53.559  -18.822 0.3000000119
37768  -37.453  -53.874  -17.961 0.3000000119
29947  -35.546  -60.482  -16.541 0.3000000119
27523  -37.023  -62.724  -16.827 0.4000000060
28745  -44.833  -62.125  -14.965 0.3000000119
28764  -35.970  -61.735  -17.003 0.4000000060
28766  -39.004  -62.139  -15.998 0.4000000060
29885  -41.273  -60.485  -13.794 0.4000000060
29901  -39.806  -60.593  -14.398 0.4000000060
30980  -37.860  -59.100  -13.549 0.4000000060
30981  -38.692  -59.175  -13.445 0.4000000060
30983  -40.309  -59.479  -13.475 0.4000000060
30985  -41.890  -60.041  -13.399 0.3000000119
31022  -35.377  -59.652  -15.912 0.3000000119
32141  -38.939  -57.857  -13.048 0.3000000119
32142  -39.657  -58.058  -13.095 0.4000000060
32157  -37.066  -58.004  -13.897 0.4000000060
32161  -40.030  -58.765  -13.204 0.3000000119
33313  -39.358  -57.446  -13.015 0.3000000119
33326  -41.679  -57.616  -13.434 0.3000000119
33327  -42.478  -57.329  -13.793 0.3000000119
33345  -43.037  -57.104  -14.153 0.3000000119
33347  -44.298  -57.626  -14.850 0.3000000119
33365  -44.162  -57.031  -15.114 0.3000000119
33404  -34.171  -57.518  -17.053 0.3000000119
33405  -45.906  -56.851  -17.195 0.3000000119
33406  -47.448  -57.080  -17.523 0.3000000119
33422  -48.577  -56.906  -18.440 0.3000000119
34452  -38.548  -56.255  -13.454 0.4000000060
34453  -39.296  -55.942  -13.316 0.4000000060
34471  -38.108  -56.143  -13.940 0.4000000060
34488  -44.273  -56.569  -15.732 0.3000000119
34513  -44.845  -56.122  -17.311 0.3000000119
34523  -45.633  -56.198  -18.472 0.3000000119
34526  -47.933  -56.696  -19.144 0.3000000119
34535  -47.060  -56.268  -20.048 0.3000000119
34537  -48.823  -56.820  -20.656 0.3000000119
35568  -39.969  -55.320  -13.342 0.3000000119
35569  -40.757  -55.345  -13.342 0.3000000119
35586  -37.705  -56.004  -14.516 0.4000000060
35587  -38.276  -55.635  -14.430 0.4000000060
35611  -38.009  -55.221  -15.805 0.4000000060
35621  -44.638  -55.315  -17.408 0.3000000119
35630  -44.971  -55.112  -18.147 0.3000000119
35632  -45.983  -55.971  -19.145 0.3000000119
35639  -45.903  -55.249  -19.144 0.3000000119
35651  -48.341  -56.205  -21.420 0.3000000119
36657  -41.670  -54.097  -13.967 0.3000000119
36658  -42.558  -54.329  -14.519 0.3000000119
36665  -38.979  -54.194  -15.790 0.4000000060
36671  -35.598  -54.870  -16.518 0.3000000119
36672  -36.233  -54.621  -16.560 0.3000000119
36686  -39.181  -54.723  -17.891 0.4000000060
36688  -45.116  -54.214  -18.067 0.3000000119
36700  -45.946  -54.401  -19.056 0.3000000119
36707  -39.333  -54.481  -18.574 0.4000000060
36710  -47.832  -54.586  -20.125 0.3000000119
36721  -48.212  -55.346  -20.914 0.3000000119
36729  -48.727  -55.703  -21.545 0.3000000119
37749  -40.461  -53.339  -14.219 0.3000000119
37750  -41.275  -53.397  -14.183 0.3000000119
37756  -43.054  -53.277  -15.528 0.3000000119
37760  -39.144  -54.345  -17.021 0.5000000000
37761  -43.528  -53.295  -16.179 0.3000000119
37762  -44.114  -53.475  -16.797 0.3000000119
37771  -45.182  -53.469  -17.982 0.3000000119
37782  -39.478  -54.384  -18.488 0.4000000060
37800  -39.927  -53.681  -19.741 0.5000000000
37801  -46.582  -54.207  -19.249 0.3000000119
37819  -40.104  -53.686  -21.012 0.5000000000
37831  -39.414  -53.493  -22.001 0.5000000000
37834  -41.555  -53.556  -22.161 0.5000000000
38909  -39.600  -53.782  -17.882 0.5000000000
38913  -45.868  -52.410  -18.220 0.3000000119
38926  -46.488  -52.379  -18.434 0.3000000119
38956  -41.404  -53.069  -21.299 0.5000000000
38992  -40.829  -52.990  -23.616 0.4000000060
40075  -40.833  -52.026  -14.864 0.3000000119
40081  -39.468  -52.532  -15.970 0.4000000060
40094  -40.219  -50.968  -15.986 0.3000000119
40097  -44.156  -50.903  -17.214 0.3000000119
40111  -39.453  -51.580  -17.450 0.5000000000
40112  -44.775  -51.570  -17.456 0.3000000119
40114  -46.104  -51.696  -17.984 0.3000000119
40130  -47.688  -51.556  -18.558 0.3000000119
40181  -43.363  -52.552  -23.228 0.5000000000
40192  -44.137  -52.321  -24.025 0.6000000238
40194  -43.940  -52.290  -24.182 0.6000000238
41334  -41.054  -50.785  -15.797 0.4000000060
41335  -41.917  -50.815  -15.931 0.4000000060
41352  -43.520  -50.578  -16.829 0.3000000119
41353  -45.597  -50.200  -16.908 0.3000000119
41354  -46.461  -50.017  -17.069 0.3000000119
41368  -40.184  -50.155  -17.115 0.3000000119
41385  -46.672  -51.128  -17.892 0.3000000119
41399  -40.155  -50.731  -19.725 0.6000000238
41430  -44.252  -51.273  -22.990 0.6000000238
41435  -40.012  -51.294  -23.466 0.4000000060
41436  -41.264  -50.596  -23.576 0.4000000060
41438  -45.301  -50.774  -24.201 0.6000000238
41441  -44.278  -51.455  -24.370 0.5000000000
41442  -44.996  -50.968  -24.358 0.6000000238
42571  -44.758  -49.126  -15.966 0.3000000119
42586  -40.629  -49.508  -17.124 0.5000000000
42587  -41.220  -49.512  -16.681 0.4000000060
42602  -47.938  -49.249  -17.670 0.3000000119
42630  -39.854  -50.304  -19.129 0.6000000238
42632  -40.830  -49.238  -20.072 0.6000000238
42653  -39.759  -49.678  -22.756 0.4000000060
42657  -46.079  -49.595  -24.042 0.6000000238
42668  -46.053  -49.218  -24.676 0.6000000238
43682  -42.865  -47.918  -15.729 0.5000000000
43733  -40.545  -48.683  -18.221 0.6000000238
43766  -41.224  -48.379  -23.163 0.4000000060
43776  -44.427  -48.595  -24.302 0.5000000000
43777  -46.302  -48.978  -24.628 0.6000000238
44719  -44.654  -47.025  -14.757 0.4000000060
44733  -44.238  -47.663  -15.092 0.3000000119
44734  -45.090  -47.682  -15.101 0.3000000119
44735  -45.982  -47.597  -15.415 0.3000000119
44747  -46.655  -47.990  -15.993 0.3000000119
44749  -47.980  -47.146  -16.716 0.4000000060
44756  -41.420  -47.542  -17.247 0.6000000238
44759  -49.037  -47.129  -17.787 0.3000000119
44774  -48.944  -47.888  -18.014 0.3000000119
44782  -42.487  -47.290  -19.587 0.6999999881
44789  -42.893  -47.674  -20.372 0.6999999881
44800  -44.399  -47.964  -21.489 0.6999999881
44812  -45.916  -48.009  -22.995 0.6000000238
44814  -47.350  -47.660  -24.837 0.6000000238
44820  -43.347  -48.278  -23.626 0.5000000000
44828  -46.797  -47.873  -25.137 0.6000000238
45755  -43.462  -46.536  -15.022 0.4000000060
45774  -42.572  -46.583  -15.945 0.5000000000
45777  -46.960  -46.402  -15.444 0.4000000060
45795  -41.849  -47.183  -16.803 0.5000000000
45796  -42.284  -46.564  -16.764 0.6000000238
45799  -49.196  -45.500  -17.292 0.4000000060
45814  -42.422  -46.428  -17.644 0.6000000238
45830  -42.133  -46.828  -18.084 0.6000000238
45832  -43.240  -46.095  -18.868 0.6999999881
45839  -38.226  -46.459  -20.094 0.3000000119
45841  -43.556  -46.357  -19.607 0.6999999881
45842  -44.150  -46.007  -20.011 0.6999999881
45848  -38.310  -46.577  -20.965 0.3000000119
45884  -46.525  -46.742  -25.182 0.6000000238
45885  -47.649  -46.395  -24.822 0.6000000238
45892  -46.317  -47.433  -25.147 0.5000000000
46853  -44.369  -45.441  -14.307 0.4000000060
46854  -45.351  -45.478  -14.186 0.4000000060
46855  -46.311  -45.332  -14.484 0.4000000060
46875  -47.043  -45.594  -15.113 0.4000000060
46877  -48.223  -45.331  -16.112 0.4000000060
46889  -42.989  -45.261  -16.707 0.6999999881
46891  -49.655  -44.786  -17.487 0.4000000060
46914  -49.848  -45.953  -18.360 0.3000000119
46926  -41.289  -45.213  -20.874 0.4000000060
46962  -48.044  -45.171  -25.123 0.6000000238
46968  -47.826  -45.195  -25.308 0.6000000238
47930  -44.217  -44.432  -14.177 0.4000000060
47933  -47.750  -44.213  -15.158 0.4000000060
47944  -43.377  -44.397  -15.337 0.5000000000
47965  -43.873  -43.973  -18.012 0.6000000238
47971  -44.181  -44.233  -18.791 0.6000000238
47972  -50.720  -44.363  -18.421 0.3000000119
47977  -39.748  -44.638  -19.244 0.5000000000
47981  -51.012  -44.817  -19.025 0.3000000119
47982  -51.560  -44.831  -19.853 0.3000000119
47987  -40.852  -44.678  -20.364 0.4000000060
48016  -46.009  -44.832  -24.698 0.5000000000
48024  -47.441  -44.683  -25.426 0.6000000238
48029  -47.904  -44.123  -25.414 0.6999999881
48932  -46.296  -43.330  -13.755 0.4000000060
48933  -47.033  -43.256  -14.170 0.4000000060
48950  -43.718  -43.154  -14.641 0.5000000000
48951  -44.116  -43.546  -14.116 0.4000000060
48975  -49.544  -43.583  -16.645 0.4000000060
48988  -51.410  -42.917  -18.099 0.4000000060
48995  -50.890  -43.658  -18.183 0.4000000060
49004  -41.502  -42.761  -19.906 0.4000000060
49005  -44.812  -43.261  -19.411 0.6000000238
49008  -53.105  -43.216  -19.921 0.3000000119
49014  -41.037  -43.901  -20.016 0.4000000060
49016  -45.360  -43.498  -20.473 0.6999999881
49041  -48.086  -43.927  -24.566 0.6000000238
49052  -47.860  -43.081  -25.528 0.6000000238
49942  -44.525  -42.202  -13.710 0.4000000060
49944  -45.939  -42.763  -13.550 0.4000000060
49956  -43.676  -42.221  -14.743 0.5000000000
49969  -49.288  -42.455  -15.745 0.4000000060
49992  -50.545  -42.551  -17.005 0.4000000060
50009  -44.671  -42.723  -19.423 0.6000000238
50011  -53.610  -42.515  -19.501 0.3000000119
50017  -44.903  -42.454  -20.114 0.6999999881
50042  -43.789  -42.084  -23.502 0.6999999881
50044  -47.525  -42.425  -23.915 0.8000000119
51052  -43.543  -41.616  -15.306 0.6000000238
51059  -50.631  -41.390  -16.207 0.4000000060
51060  -51.344  -41.174  -16.546 0.4000000060
51061  -52.098  -40.798  -16.810 0.4000000060
51066  -43.694  -42.003  -17.159 0.6000000238
51076  -54.476  -41.092  -18.813 0.3000000119
51084  -43.780  -41.485  -19.703 0.6999999881
51090  -41.913  -41.612  -21.207 0.5000000000
51093  -55.025  -41.957  -20.114 0.3000000119
51097  -41.712  -41.112  -21.918 0.5000000000
51108  -44.847  -41.164  -22.073 0.6999999881
51116  -44.389  -41.774  -24.219 0.6999999881
51127  -48.078  -41.420  -25.532 0.8000000119
51128  -47.193  -41.520  -26.073 0.6999999881
52053  -44.665  -40.034  -13.779 0.5000000000
52070  -49.316  -40.057  -14.804 0.4000000060
52077  -49.955  -40.284  -15.336 0.4000000060
52082  -50.718  -40.535  -15.806 0.4000000060
52090  -53.604  -40.135  -17.796 0.3000000119
52097  -43.045  -41.039  -18.312 0.6000000238
52110  -55.143  -40.639  -19.255 0.3000000119
52116  -41.419  -41.014  -21.106 0.5000000000
52119  -56.081  -41.095  -20.257 0.3000000119
52141  -42.528  -40.630  -23.768 0.5000000000
52143  -46.845  -40.274  -24.146 0.6999999881
52144  -47.812  -40.352  -25.289 0.8000000119
52150  -45.260  -40.669  -25.122 0.6999999881
52151  -48.067  -40.731  -25.834 0.6999999881
52153  -47.311  -40.793  -26.164 0.6999999881
52154  -47.951  -40.583  -26.060 0.8000000119
53057  -44.575  -39.242  -13.996 0.5000000000
53071  -47.639  -39.068  -13.918 0.5000000000
53079  -42.993  -39.528  -15.334 0.5000000000
53085  -51.638  -39.469  -16.263 0.4000000060
53098  -41.920  -39.854  -18.438 0.6999999881
53099  -54.057  -39.462  -18.228 0.3000000119
53100  -54.653  -39.518  -18.729 0.3000000119
53108  -41.797  -39.017  -19.910 0.6000000238
53111  -55.640  -39.672  -19.642 0.3000000119
53118  -56.056  -38.666  -21.194 0.3000000119
53123  -40.327  -39.724  -22.073 0.4000000060
53124  -42.909  -38.866  -21.667 0.6000000238
53145  -44.305  -38.835  -24.864 0.6999999881
54088  -45.723  -38.686  -13.703 0.5000000000
54090  -46.884  -38.899  -13.648 0.5000000000
54099  -44.550  -38.480  -14.248 0.5000000000
54101  -46.678  -38.334  -13.817 0.5000000000
54113  -51.084  -39.058  -15.858 0.4000000060
54120  -50.901  -38.177  -16.052 0.4000000060
54129  -51.977  -38.237  -16.855 0.4000000060
54140  -53.101  -38.207  -18.224 0.4000000060
54141  -53.720  -38.657  -18.331 0.4000000060
54159  -42.394  -38.665  -21.096 0.6000000238
54172  -40.708  -38.949  -22.728 0.6999999881
54174  -43.563  -38.544  -22.217 0.6000000238
54175  -44.595  -38.516  -22.776 0.6000000238
55169  -46.137  -38.103  -13.840 0.5000000000
55176  -44.567  -37.669  -14.607 0.5000000000
55178  -47.484  -37.697  -14.710 0.5000000000
55179  -48.377  -37.872  -14.980 0.4000000060
55185  -43.286  -37.786  -15.394 0.5000000000
55189  -47.315  -37.130  -15.561 0.4000000060
55190  -48.610  -37.480  -15.666 0.4000000060
55200  -49.592  -37.366  -16.636 0.4000000060
55208  -41.898  -38.018  -17.179 0.5000000000
55211  -50.994  -37.497  -17.607 0.4000000060
55223  -47.562  -37.204  -18.316 0.4000000060
55224  -48.177  -37.300  -19.066 0.4000000060
55228  -52.373  -37.760  -18.434 0.4000000060
55239  -50.769  -37.499  -20.963 0.4000000060
55242  -53.221  -37.994  -20.979 0.4000000060
55250  -42.113  -37.747  -20.968 0.6000000238
55253  -51.491  -37.445  -21.716 0.4000000060
55262  -42.213  -36.877  -21.062 0.6000000238
55266  -52.005  -37.354  -21.858 0.4000000060
55275  -41.421  -37.847  -23.129 0.6999999881
55284  -45.088  -37.007  -25.377 0.6000000238
55286  -47.483  -37.161  -26.303 0.6000000238
55290  -47.147  -36.679  -26.543 0.6000000238
56224  -44.442  -36.591  -15.894 0.4000000060
56226  -45.957  -36.752  -15.590 0.4000000060
56230  -42.627  -36.983  -16.877 0.5000000000
56235  -46.701  -36.720  -17.061 0.4000000060
56241  -42.197  -36.789  -17.566 0.5000000000
56258  -41.850  -36.084  -18.884 0.5000000000
56260  -47.242  -36.803  -18.488 0.4000000060
56262  -53.180  -36.229  -20.097 0.3000000119
56274  -41.715  -36.107  -19.708 0.5000000000
56292  -50.462  -36.530  -21.830 0.4000000060
56293  -52.335  -37.056  -21.850 0.4000000060
56307  -51.360  -36.898  -22.163 0.4000000060
56329  -47.693  -35.918  -26.071 0.6000000238
56334  -47.147  -35.907  -26.560 0.6999999881
57326  -45.991  -35.875  -17.941 0.4000000060
57328  -52.078  -35.436  -18.127 0.3000000119
57330  -53.823  -35.362  -17.936 0.3000000119
57345  -43.886  -34.981  -18.071 0.5000000000
57346  -44.609  -35.007  -17.809 0.5000000000
57347  -47.303  -36.348  -18.654 0.4000000060
57362  -49.493  -34.961  -20.796 0.4000000060
57386  -39.507  -35.674  -21.374 0.6000000238
57391  -50.962  -35.026  -22.442 0.4000000060
57392  -51.075  -35.812  -22.339 0.4000000060
57393  -51.681  -36.668  -21.952 0.4000000060
57397  -40.617  -36.069  -22.300 0.8000000119
57405  -46.722  -34.868  -24.966 0.6000000238
57411  -47.375  -35.624  -26.301 0.6999999881
58449  -50.746  -34.565  -17.981 0.3000000119
58482  -49.646  -33.744  -21.031 0.4000000060
58497  -42.795  -34.724  -20.317 0.6000000238
58500  -51.107  -33.238  -22.079 0.4000000060
58508  -50.663  -33.409  -22.184 0.4000000060
58509  -51.047  -33.918  -22.536 0.4000000060
58510  -51.111  -34.449  -22.451 0.4000000060
58530  -47.010  -35.166  -25.896 0.6999999881
58531  -46.213  -34.250  -25.552 0.6999999881
58532  -46.506  -34.724  -25.611 0.6999999881
59497  -43.524  -33.593  -18.385 0.5000000000
59501  -49.445  -32.556  -18.638 0.3000000119
59526  -42.912  -33.656  -19.867 0.5000000000
59527  -49.433  -31.918  -21.298 0.4000000060
59528  -50.622  -32.547  -21.636 0.4000000060
59533  -40.609  -33.384  -21.446 0.6999999881
59545  -44.927  -32.891  -23.497 0.6000000238
59549  -45.811  -32.714  -24.351 0.6000000238
59550  -46.152  -32.410  -24.935 0.6999999881
59551  -44.128  -32.169  -24.872 0.6999999881
59553  -45.861  -32.281  -25.200 0.6999999881
59554  -46.125  -32.502  -25.108 0.6999999881
60439  -43.995  -32.230  -16.999 0.5000000000
60474  -42.443  -32.420  -19.401 0.5000000000
60475  -48.437  -31.401  -20.096 0.3000000119
60477  -49.730  -31.275  -20.851 0.3000000119
60490  -42.592  -32.615  -20.323 0.6000000238
60492  -50.108  -31.705  -21.315 0.3000000119
60497  -41.070  -31.773  -22.378 0.6999999881
61347  -42.734  -31.298  -16.635 0.5000000000
61350  -46.170  -31.131  -16.577 0.4000000060
61364  -44.775  -32.245  -17.056 0.5000000000
61380  -42.455  -32.157  -18.475 0.5000000000
61408  -40.318  -31.022  -21.245 0.6999999881
61415  -42.194  -30.613  -23.797 0.6999999881
61416  -43.444  -30.447  -23.130 0.6000000238
62284  -43.968  -30.258  -15.548 0.5000000000
62286  -45.878  -29.904  -15.693 0.5000000000
62294  -41.840  -30.348  -16.880 0.5000000000
62295  -42.254  -30.106  -16.404 0.5000000000
62308  -41.599  -30.551  -17.429 0.5000000000
62323  -41.213  -30.276  -18.094 0.5000000000
62340  -39.008  -30.424  -20.441 0.6999999881
62354  -40.799  -30.281  -23.198 0.6999999881
62356  -43.043  -29.875  -23.466 0.6999999881
62360  -41.455  -29.632  -23.762 0.6999999881
62362  -44.259  -30.651  -24.536 0.6999999881
63422  -49.469  -29.187  -17.316 0.3000000119
63433  -40.780  -29.527  -18.441 0.6000000238
63438  -40.699  -29.365  -19.338 0.6000000238
63446  -35.791  -29.975  -20.319 0.5000000000
63449  -41.395  -29.424  -21.224 0.5000000000
63453  -39.018  -29.088  -21.051 0.6999999881
63463  -42.178  -28.885  -23.327 0.8000000119
63468  -41.699  -28.432  -24.056 0.6999999881
64551  -42.624  -29.136  -15.936 0.5000000000
64552  -43.267  -28.651  -15.765 0.5000000000
64556  -50.256  -28.944  -15.527 0.3000000119
64564  -41.849  -28.910  -16.347 0.5000000000
64567  -46.937  -28.741  -15.922 0.4000000060
64568  -47.666  -28.483  -16.445 0.4000000060
64569  -48.400  -28.426  -17.118 0.3000000119
64571  -50.566  -28.869  -16.642 0.3000000119
64582  -51.046  -28.526  -17.112 0.3000000119
64606  -37.811  -28.559  -20.309 0.6000000238
64608  -40.628  -28.309  -20.576 0.6000000238
64622  -39.936  -28.206  -23.256 0.6000000238
64626  -40.991  -27.421  -24.116 0.6000000238
64627  -42.007  -27.402  -24.366 0.6000000238
64628  -42.044  -27.773  -24.130 0.6000000238
65679  -45.636  -27.584  -15.440 0.4000000060
65680  -46.326  -27.464  -15.604 0.4000000060
65697  -51.852  -27.949  -16.846 0.3000000119
65707  -41.159  -27.160  -17.527 0.5000000000
65722  -40.540  -27.571  -18.581 0.6000000238
65752  -41.891  -26.566  -23.834 0.6999999881
65755  -42.150  -26.643  -24.604 0.6000000238
66750  -43.163  -26.788  -16.501 0.5000000000
66753  -46.301  -26.247  -16.188 0.5000000000
66757  -52.735  -27.284  -17.670 0.3000000119
66771  -49.183  -26.997  -17.246 0.3000000119
66776  -53.475  -26.598  -18.506 0.3000000119
66789  -40.561  -26.118  -18.561 0.5000000000
66791  -52.943  -27.122  -18.093 0.4000000060
66794  -54.025  -26.446  -19.462 0.3000000119
66802  -53.792  -26.550  -19.068 0.3000000119
66808  -34.016  -25.909  -20.525 0.5000000000
66817  -38.951  -26.236  -22.917 0.6000000238
66823  -53.871  -26.457  -23.519 0.3000000119
67745  -44.897  -25.975  -16.876 0.5000000000
67763  -48.871  -25.046  -17.057 0.5000000000
67766  -53.344  -26.090  -17.963 0.3000000119
67783  -51.306  -25.156  -18.386 0.4000000060
67784  -52.299  -26.800  -18.207 0.3000000119
67787  -54.191  -26.243  -19.036 0.3000000119
67805  -48.256  -26.578  -22.699 0.5000000000
67806  -48.865  -26.916  -22.999 0.5000000000
67807  -53.694  -26.008  -20.237 0.4000000060
67812  -37.624  -25.912  -21.372 0.6000000238
67814  -46.943  -25.987  -21.848 0.4000000060
67815  -47.737  -26.274  -22.553 0.4000000060
67818  -52.392  -25.845  -22.512 0.4000000060
67820  -54.546  -26.310  -22.701 0.3000000119
67821  -55.009  -25.998  -23.014 0.3000000119
67824  -47.886  -26.193  -22.935 0.5000000000
67825  -52.996  -26.394  -23.373 0.3000000119
67826  -53.892  -26.520  -23.309 0.3000000119
67829  -52.388  -26.320  -23.431 0.4000000060
67830  -53.296  -26.426  -23.559 0.3000000119
67831  -54.544  -26.147  -23.398 0.3000000119
68719  -46.584  -24.977  -19.155 0.4000000060
68731  -46.270  -25.547  -20.389 0.4000000060
68740  -32.471  -24.031  -20.448 0.5000000000
68759  -47.790  -25.604  -22.738 0.4000000060
68768  -48.300  -26.123  -23.194 0.5000000000
68774  -54.091  -25.276  -23.506 0.3000000119
68775  -55.390  -25.042  -23.009 0.3000000119
68777  -52.922  -26.276  -23.600 0.4000000060
69656  -48.883  -24.219  -19.370 0.5000000000
69662  -42.065  -20.840  -20.139 0.6999999881
69666  -31.275  -23.659  -19.646 0.5000000000
69671  -41.254  -21.815  -21.854 0.6000000238
69678  -34.424  -22.812  -21.081 0.5000000000
69681  -37.518  -23.587  -22.342 0.6000000238
69682  -41.090  -21.608  -22.583 0.6000000238
69694  -38.302  -22.849  -22.807 0.6000000238
69695  -39.125  -23.060  -23.427 0.6000000238
69696  -39.902  -22.550  -23.496 0.6000000238
70616  -43.241  -21.150  -18.933 0.5000000000
70617  -43.980  -21.146  -18.693 0.5000000000
70640  -40.471  -20.894  -21.401 0.6000000238
70643  -48.387  -22.700  -21.051 0.4000000060
70648  -32.866  -21.912  -21.189 0.5000000000
70653  -40.390  -21.072  -22.639 0.6000000238
70665  -40.821  -21.561  -23.009 0.6000000238
71596  -47.510  -21.519  -16.492 0.4000000060
71621  -42.072  -20.796  -19.442 0.6000000238
71649  -32.054  -20.751  -21.133 0.5000000000
71656  -53.081  -21.476  -21.146 0.3000000119
72542  -44.015  -20.037  -14.630 0.6000000238
72543  -44.898  -20.185  -14.560 0.6000000238
72544  -45.681  -20.275  -14.677 0.5000000000
72565  -46.356  -20.377  -15.028 0.5000000000
72566  -47.041  -20.491  -15.510 0.5000000000
72581  -48.466  -20.465  -16.487 0.4000000060
72588  -48.788  -20.709  -16.891 0.4000000060
72598  -49.752  -21.092  -18.000 0.4000000060
72604  -36.374  -20.228  -20.329 0.6000000238
72618  -31.833  -20.768  -20.819 0.5000000000
72621  -33.860  -20.287  -21.692 0.5000000000
72624  -53.002  -20.236  -21.007 0.3000000119
73552  -42.230  -19.606  -15.182 0.6000000238
73553  -43.057  -19.825  -14.801 0.6000000238
73594  -38.701  -19.350  -18.317 0.6000000238
73596  -50.550  -19.946  -18.465 0.3000000119
73611  -32.326  -19.549  -20.881 0.4000000060
73615  -52.116  -19.277  -20.195 0.3000000119
73627  -33.386  -18.249  -21.809 0.4000000060
73628  -53.216  -19.299  -22.222 0.3000000119
74638  -48.019  -18.464  -16.069 0.4000000060
74678  -51.216  -18.674  -19.544 0.3000000119
74683  -32.825  -18.132  -20.857 0.5000000000
74690  -32.977  -18.192  -21.704 0.6000000238
74691  -33.876  -18.231  -22.022 0.4000000060
74693  -51.914  -18.115  -21.155 0.3000000119
74696  -33.150  -16.867  -22.074 0.5000000000
75670  -41.737  -16.933  -15.836 0.5000000000
75716  -38.526  -17.446  -18.913 0.5000000000
75719  -49.612  -17.600  -18.231 0.3000000119
75746  -32.832  -16.352  -21.994 0.5000000000
75753  -34.071  -15.878  -22.671 0.5000000000
76627  -46.286  -16.424  -14.751 0.4000000060
76643  -41.788  -16.143  -15.931 0.4000000060
76702  -38.279  -15.644  -20.054 0.3000000119
76711  -32.842  -16.387  -21.827 0.5000000000
76722  -34.721  -15.604  -22.786 0.5000000000
76730  -33.009  -15.918  -22.216 0.4000000060
76733  -34.807  -14.728  -23.031 0.5000000000
77625  -42.696  -15.092  -14.794 0.3000000119
77626  -43.417  -15.247  -14.462 0.3000000119
77677  -47.834  -15.396  -17.292 0.3000000119
77692  -39.840  -15.158  -18.874 0.4000000060
77726  -33.488  -15.438  -22.453 0.4000000060
77727  -33.793  -14.876  -22.652 0.3000000119
77736  -33.898  -14.919  -23.177 0.3000000119
78698  -46.656  -14.265  -15.507 0.3000000119
78716  -47.501  -14.256  -17.417 0.3000000119
78733  -48.228  -14.721  -18.819 0.3000000119
78734  -48.466  -14.770  -19.438 0.3000000119
78756  -34.965  -13.641  -22.351 0.3000000119
78770  -48.484  -14.127  -21.534 0.3000000119
78774  -34.842  -13.847  -23.009 0.3000000119
79646  -43.371  -13.219  -14.621 0.3000000119
79648  -46.129  -14.143  -14.837 0.3000000119
79715  -47.778  -13.630  -18.848 0.3000000119
79733  -48.130  -13.603  -19.687 0.3000000119
80706  -44.479  -12.148  -14.544 0.3000000119
80728  -46.392  -12.287  -15.890 0.3000000119
80798  -48.344  -13.009  -21.436 0.3000000119
81644  -45.100  -10.975  -14.948 0.3000000119
81678  -47.215  -11.584  -17.885 0.3000000119
82552  -43.491  -10.141  -15.085 0.3000000119
82572  -42.128  -9.888  -15.826 0.3000000119
82573  -45.831  -10.106  -16.113 0.3000000119
82587  -46.630  -10.277  -17.398 0.3000000119
82605  -47.500  -10.622  -18.627 0.3000000119
83488  -44.660  -9.406  -15.607 0.3000000119
83553  -47.968  -9.854  -19.472 0.3000000119
83554  -48.364  -9.789  -20.135 0.3000000119
83561  -48.566  -9.557  -20.686 0.3000000119
83566  -48.684  -9.748  -21.357 0.3000000119
83569  -48.386  -10.064  -23.203 0.3000000119
84475  -48.145  -9.089  -24.385 0.3000000119
84478  -47.792  -8.009  -25.747 0.3000000119
84484  -47.797  -7.590  -26.370 0.3000000119
84504  -47.010  -7.557  -28.047 0.3000000119
84505  -47.741  -7.710  -27.821 0.3000000119
85374  -47.669  -7.562  -20.216 0.3000000119
85399  -47.617  -7.510  -26.063 0.3000000119
85400  -47.812  -7.036  -25.439 0.3000000119
86267  -48.526  -7.081  -21.469 0.3000000119
86281  -48.859  -6.262  -22.707 0.3000000119
86284  -48.742  -6.317  -23.776 0.3000000119
87351  -48.382  -5.589  -24.930 0.3000000119
130825  -42.530  -35.008  -19.794 0.5000000000
130849  -54.091  -41.862  -19.102 0.3000000119
131817  -44.604  -43.738  -19.151 0.6000000238
132160  -42.773  -62.598  -15.997 0.3000000119
132411  -37.360  -29.181  -20.028 0.6000000238
132447  -51.124  -37.605  -19.828 0.4000000060
132480  -40.407  -49.240  -17.797 0.6000000238
132494  -42.215  -36.094  -18.084 0.5000000000
132650  -42.050  -26.042  -17.177 0.5000000000
132676  -47.524  -46.599  -25.180 0.6000000238
133306  -41.610  -37.671  -20.123 0.6000000238
133781  -45.543  -33.064  -25.372 0.6999999881
133967  -43.495  -16.976  -14.482 0.4000000060
134078  -51.265  -34.591  -19.230 0.3000000119
134234  -44.259  -36.489  -22.830 0.6000000238
134375  -43.486  -41.558  -17.788 0.6000000238
134434  -43.062  -43.773  -21.424 0.5000000000
135156  -41.679  -55.478  -13.589 0.3000000119
135603  -46.497  -41.112  -13.563 0.4000000060
135743  -40.039  -9.684  -19.018 0.3000000119
135949  -45.359  -49.414  -23.068 0.6000000238
135965  -42.099  -42.821  -20.493 0.4000000060
136065  -44.125  -16.811  -14.313 0.3000000119
136462  -35.169  -26.954  -20.439 0.5000000000
136604  -47.974  -40.016  -13.966 0.4000000060
136878  -48.153  -26.825  -16.614 0.4000000060
136998  -46.484  -36.369  -26.257 0.6999999881
137017  -39.280  -53.860  -14.752 0.4000000060
137091  -43.869  -57.902  -14.408 0.3000000119
137678  -40.618  -28.182  -18.137 0.6000000238
138087  -38.222  -35.035  -20.660 0.5000000000
138508  -45.942  -21.745  -16.277 0.5000000000
138663  -41.537  -40.142  -23.262 0.5000000000
139205  -47.660  -17.256  -16.025 0.4000000060
139439  -45.730  -41.008  -13.473 0.5000000000
139452  -48.701  -39.826  -14.450 0.4000000060
139775  -48.841  -37.420  -18.522 0.4000000060
139850  -42.073  -39.997  -19.202 0.6000000238
140106  -38.202  -61.760  -15.632 0.4000000060
140247  -45.512  -48.873  -15.940 0.3000000119
140666  -45.537  -59.015  -15.001 0.3000000119
140793  -49.273  -37.491  -15.901 0.4000000060
140929  -44.770  -17.951  -14.270 0.5000000000
141219  -48.528  -49.101  -18.147 0.3000000119
141391  -45.409  -14.041  -14.512 0.3000000119
141512  -47.609  -43.951  -23.585 0.6999999881
141988  -45.730  -25.272  -19.113 0.4000000060
142004  -43.911  -28.875  -15.473 0.5000000000
142280  -51.162  -33.749  -20.361 0.4000000060
143266  -42.227  -14.995  -15.384 0.3000000119
143478  -51.513  -35.020  -17.459 0.3000000119
143575  -46.728  -56.092  -19.996 0.3000000119
144168  -41.696  -61.949  -15.419 0.4000000060
144251  -37.977  -46.410  -18.188 0.5000000000
145001  -47.395  -15.252  -16.469 0.3000000119
145640  -40.304  -56.930  -13.179 0.3000000119
145642  -43.493  -49.097  -16.122 0.3000000119
145652  -41.044  -56.832  -13.281 0.3000000119
146148  -48.386  -12.257  -22.469 0.3000000119
146289  -47.223  -17.248  -15.481 0.4000000060
146520  -48.483  -12.132  -23.166 0.3000000119
146619  -50.375  -42.098  -16.507 0.4000000060
146960  -39.367  -19.450  -17.660 0.6000000238
147318  -44.881  -40.850  -13.609 0.5000000000
147444  -42.024  -56.146  -13.638 0.3000000119
147566  -39.424  -62.255  -16.516 0.4000000060
148320  -42.962  -46.736  -15.427 0.5000000000
148473  -42.353  -47.692  -16.051 0.5000000000
148618  -43.419  -33.036  -18.057 0.5000000000
149197  -45.480  -51.425  -17.592 0.3000000119
149231  -47.430  -27.181  -16.216 0.4000000060
149273  -43.353  -40.948  -19.913 0.6999999881
149535  -41.609  -35.069  -22.984 0.8000000119
149841  -48.720  -45.473  -16.735 0.4000000060
150091  -40.770  -23.241  -23.101 0.6000000238
150221  -50.426  -43.631  -17.588 0.4000000060
150264  -45.336  -44.188  -13.694 0.4000000060
150287  -41.677  -59.354  -13.359 0.3000000119
150569  -46.876  -31.495  -18.037 0.4000000060
150769  -55.092  -39.780  -19.073 0.3000000119
150812  -47.404  -49.013  -17.143 0.3000000119
151476  -40.969  -62.316  -17.588 0.4000000060
151649  -48.933  -30.771  -16.702 0.3000000119
151805  -41.177  -61.564  -14.910 0.3000000119
152191  -43.422  -53.723  -15.831 0.3000000119
152212  -43.789  -34.345  -21.954 0.6000000238
152228  -43.246  -30.232  -15.782 0.5000000000
152511  -48.391  -11.203  -20.472 0.3000000119
152607  -47.178  -57.453  -16.951 0.3000000119
152663  -47.192  -36.860  -16.367 0.4000000060
152867  -44.073  -45.996  -22.551 0.5000000000
153247  -48.317  -13.174  -20.839 0.3000000119
153264  -44.199  -25.974  -16.908 0.5000000000
153306  -43.684  -42.667  -16.902 0.6000000238
153517  -45.081  -42.599  -20.660 0.6999999881
153540  -41.800  -28.116  -16.551 0.5000000000
153746  -39.194  -34.073  -20.690 0.6000000238
154152  -41.981  -27.945  -24.181 0.6000000238
154459  -50.752  -22.127  -20.265 0.4000000060
154935  -48.833  -42.187  -15.258 0.4000000060
155095  -53.448  -38.139  -18.811 0.4000000060
155341  -41.082  -32.956  -21.930 0.6999999881
155353  -48.295  -41.215  -14.457 0.4000000060
155467  -46.738  -44.535  -25.272 0.5000000000
155792  -47.153  -22.289  -18.551 0.4000000060
155855  -49.958  -17.457  -18.890 0.3000000119
155857  -48.809  -37.364  -19.145 0.4000000060
155934  -48.805  -46.038  -17.077 0.4000000060
156221  -39.745  -37.016  -21.889 0.5000000000
156446  -42.966  -45.405  -15.978 0.6000000238
156454  -47.144  -22.741  -20.348 0.4000000060
156609  -46.608  -43.818  -14.067 0.4000000060
157464  -42.835  -29.797  -23.888 0.6999999881
157514  -51.482  -40.388  -16.291 0.4000000060
