#!ascii label  , from subject sub001 vox2ras=TkReg
4429
2655  -9.006  -87.497  -19.294 0.6999999881
2640  -7.036  -87.978  -17.724 0.6999999881
154102  -6.071  -88.464  -15.776 0.6000000238
1723  -8.274  -89.144  -12.208 0.8000000119
2653  -6.401  -88.372  -18.973 0.5000000000
2200  -5.893  -88.815  -16.461 0.5000000000
1744  -6.479  -89.096  -13.030 0.8000000119
145733  -7.294  -89.862  -14.418 0.8000000119
1359  -6.054  -89.349  -17.533 0.6000000238
3770  -10.706  -85.530  -17.494 0.6999999881
2630  -10.252  -87.067  -16.602 0.8999999762
148891  -10.328  -86.396  -18.682 0.6999999881
1252  -11.226  -90.560  -7.493 0.6999999881
1282  -8.352  -90.868  -10.956 0.8000000119
1320  -7.331  -89.695  -13.543 0.8000000119
956  -7.932  -91.034  -17.215 0.6000000238
931  -8.219  -90.481  -14.124 0.6999999881
415  -7.965  -92.999  -21.140 0.5000000000
2091  -12.738  -88.507  -3.486 0.5000000000
1647  -13.834  -89.508  -1.632 0.5000000000
134096  -13.139  -88.646  -4.067 0.5000000000
1676  -13.301  -89.403  -5.286 0.6000000238
1237  -13.101  -90.068  -5.497 0.5000000000
2089  -10.270  -88.975  -3.744 0.5000000000
2127  -12.912  -88.826  -6.389 0.6999999881
2101  -9.516  -89.075  -4.675 0.6000000238
1690  -12.244  -89.112  -7.958 0.6999999881
2656  -9.620  -87.324  -18.881 0.6999999881
2642  -9.374  -87.519  -17.757 0.6999999881
147853  -6.588  -88.013  -12.469 0.8000000119
1703  -11.006  -89.282  -10.276 0.8000000119
1253  -12.189  -89.933  -7.546 0.6999999881
870  -9.931  -91.045  -7.163 0.6000000238
147093  -6.392  -88.172  -15.939 0.6999999881
139407  -8.390  -87.786  -18.398 0.6000000238
877  -8.163  -91.696  -7.999 0.6000000238
543  -7.692  -92.483  -8.355 0.6999999881
1338  -7.377  -89.986  -15.409 0.6000000238
132861  -8.304  -91.743  -11.453 0.8000000119
884  -7.372  -91.831  -9.375 0.8000000119
142044  -8.370  -91.856  -12.447 0.8000000119
579  -8.340  -92.011  -11.669 0.8000000119
231  -10.851  -92.906  -19.966 0.6999999881
417  -9.665  -93.126  -21.594 0.5000000000
420  -13.364  -93.110  -21.274 0.6000000238
421  -14.300  -93.081  -21.207 0.6000000238
4207  -9.447  -84.787  2.262 0.4000000060
2974  -9.665  -85.885  1.589 0.4000000060
4224  -8.090  -85.164  1.638 0.6000000238
3567  -8.680  -85.770  1.308 0.6000000238
2973  -9.004  -86.467  1.241 0.6000000238
2469  -8.218  -87.801  0.492 0.6000000238
1196  -11.141  -91.066  0.459 0.3000000119
3581  -6.897  -85.180  -0.402 0.6000000238
2971  -7.047  -85.715  0.275 0.6000000238
2474  -7.837  -87.640  -0.118 0.6000000238
1644  -9.636  -89.796  -1.465 0.5000000000
1646  -12.827  -89.172  -1.304 0.4000000060
1661  -9.531  -89.352  -3.122 0.5000000000
1653  -9.073  -89.485  -2.499 0.6000000238
3596  -7.386  -85.834  -1.009 0.6000000238
3011  -8.125  -87.143  -2.341 0.6000000238
5713  -8.701  -82.919  -3.654 0.8999999762
2110  -6.989  -88.967  -5.302 0.6999999881
2541  -11.120  -87.925  -9.803 0.6999999881
2144  -11.772  -88.570  -8.470 0.6999999881
2643  -10.239  -87.078  -17.481 0.8000000119
154034  -7.197  -87.841  -16.260 0.6999999881
2166  -9.692  -87.959  -11.339 0.8000000119
2149  -11.386  -88.420  -9.635 0.6999999881
290  -9.068  -92.889  -6.154 0.6000000238
1724  -9.981  -88.650  -11.591 0.8000000119
1269  -10.375  -90.111  -9.685 0.6999999881
146992  -10.698  -90.581  -7.982 0.6999999881
2641  -7.999  -87.863  -17.133 0.6999999881
2608  -6.470  -88.207  -14.145 0.6999999881
1745  -6.985  -89.150  -12.689 0.8000000119
544  -8.229  -92.617  -7.387 0.6000000238
2654  -8.059  -87.770  -19.267 0.6000000238
2190  -6.187  -88.540  -14.176 0.6999999881
1267  -7.981  -90.993  -9.945 0.8000000119
143183  -8.049  -92.933  -7.715 0.6000000238
1337  -6.267  -89.601  -15.734 0.6000000238
1360  -6.191  -89.822  -17.311 0.5000000000
955  -7.446  -91.521  -17.903 0.6000000238
432  -8.522  -92.085  -21.297 0.5000000000
433  -9.240  -92.946  -21.985 0.5000000000
243  -12.791  -93.200  -20.811 0.6000000238
423  -16.268  -92.153  -21.020 0.6999999881
440  -15.833  -92.129  -21.747 0.6000000238
151418  -18.190  -92.554  -21.976 0.6000000238
148913  -10.643  -83.704  3.856 0.3000000119
4882  -9.883  -84.084  3.663 0.4000000060
4208  -11.033  -84.571  2.959 0.3000000119
144528  -6.368  -84.426  2.822 0.5000000000
2962  -9.761  -86.733  1.683 0.4000000060
4206  -8.024  -84.660  2.404 0.4000000060
4881  -5.558  -83.642  2.930 0.5000000000
150142  -6.896  -84.692  1.920 0.5000000000
5637  -6.041  -82.781  2.374 0.6000000238
4894  -5.583  -83.191  2.237 0.5000000000
3574  -6.082  -84.394  0.115 0.6000000238
5665  -7.829  -82.822  0.956 0.6000000238
1636  -10.038  -90.190  -0.744 0.4000000060
3582  -7.293  -85.133  -0.822 0.6000000238
146096  -8.354  -88.791  -1.496 0.6000000238
4918  -10.930  -82.922  0.010 0.6999999881
4924  -9.135  -83.615  -0.287 0.6000000238
2078  -8.339  -88.872  -3.044 0.6000000238
1655  -13.766  -89.347  -2.510 0.5000000000
2086  -7.946  -88.487  -4.065 0.6000000238
2088  -8.955  -89.349  -3.941 0.6000000238
1247  -12.889  -90.029  -6.235 0.6000000238
2112  -8.495  -89.082  -5.727 0.6999999881
2619  -9.405  -87.347  -15.363 0.8000000119
1245  -10.382  -91.072  -6.594 0.6000000238
283  -9.554  -92.788  -5.536 0.6000000238
134100  -8.962  -87.624  -16.835 0.6999999881
2609  -7.510  -87.626  -14.147 0.8000000119
3100  -7.506  -87.321  -12.196 0.8000000119
885  -7.929  -91.173  -8.983 0.6999999881
1296  -8.500  -90.420  -11.900 0.8000000119
301  -8.757  -92.946  -7.035 0.6000000238
905  -8.116  -91.746  -10.580 0.8000000119
137636  -7.312  -92.518  -8.970 0.6999999881
2611  -18.505  -87.263  -15.006 0.3000000119
2660  -20.441  -87.632  -18.414 0.4000000060
937  -8.546  -90.934  -15.536 0.6000000238
584  -8.262  -91.990  -14.070 0.6000000238
338  -8.233  -92.172  -10.774 0.8000000119
144524  -19.600  -88.820  -18.908 0.5000000000
2226  -21.276  -88.595  -19.270 0.6000000238
383  -7.671  -92.536  -18.330 0.5000000000
627  -7.165  -91.876  -18.435 0.5000000000
229  -9.050  -92.933  -19.871 0.6000000238
1376  -20.397  -89.904  -19.924 0.6000000238
242  -11.182  -93.074  -20.870 0.5000000000
1801  -21.419  -89.363  -20.378 0.6000000238
439  -14.936  -92.782  -21.806 0.6999999881
405  -17.759  -92.463  -20.388 0.8999999762
441  -16.734  -92.009  -21.769 0.6000000238
450  -19.757  -92.052  -22.670 0.6999999881
686  -19.322  -92.143  -23.329 0.6000000238
4863  -9.903  -83.339  5.227 0.3000000119
4874  -11.573  -83.238  4.021 0.3000000119
134484  -9.458  -90.120  2.980 0.4000000060
6489  -8.220  -82.187  -2.995 1.0000000000
2451  -9.535  -88.099  2.822 0.5000000000
4906  -5.539  -83.476  0.986 0.6000000238
1614  -9.303  -89.598  2.270 0.4000000060
4915  -5.723  -83.672  0.382 0.6000000238
1181  -9.623  -90.454  2.262 0.4000000060
140798  -8.573  -89.209  -0.586 0.5000000000
818  -11.649  -91.601  1.086 0.3000000119
150480  -11.136  -81.734  0.935 0.6999999881
5667  -10.681  -82.366  0.713 0.6999999881
2997  -7.559  -86.604  -1.157 0.6000000238
4969  -6.632  -83.618  -3.709 1.0000000000
3598  -8.799  -85.565  -1.695 0.6000000238
1659  -8.045  -89.169  -4.131 0.6000000238
2102  -11.267  -88.535  -4.491 0.6999999881
2126  -12.147  -88.507  -6.739 0.6999999881
140823  -10.578  -88.418  -6.983 0.6999999881
2125  -11.285  -88.324  -7.929 0.6999999881
1691  -12.558  -89.411  -7.247 0.6999999881
1236  -12.459  -90.623  -5.559 0.5000000000
2620  -10.160  -87.124  -15.770 0.8999999762
3119  -9.250  -86.459  -13.291 0.8999999762
141950  -9.644  -87.517  -10.436 0.8000000119
1716  -11.047  -88.300  -10.395 0.6999999881
3111  -8.154  -86.482  -12.151 0.8000000119
147365  -9.497  -93.171  -6.450 0.5000000000
345  -8.343  -92.144  -13.090 0.8000000119
561  -7.452  -92.216  -9.832 0.8000000119
601  -8.521  -91.597  -15.544 0.6000000238
144085  -8.172  -92.665  -16.018 0.6000000238
199  -11.922  -94.380  -17.110 0.6000000238
2658  -19.171  -87.638  -18.147 0.4000000060
148357  -19.468  -87.071  -17.805 0.4000000060
207  -9.010  -93.157  -18.476 0.6000000238
151287  -10.470  -93.238  -18.476 0.6000000238
212  -13.864  -94.067  -18.621 0.6999999881
2218  -18.791  -88.511  -18.557 0.5000000000
206  -8.176  -93.086  -18.214 0.5000000000
219  -8.577  -93.052  -19.151 0.6000000238
969  -18.970  -91.234  -19.405 0.6000000238
1796  -20.938  -89.073  -19.689 0.6000000238
138158  -12.094  -93.136  -20.816 0.6000000238
233  -12.822  -93.411  -20.074 0.6999999881
135956  -13.299  -93.292  -20.489 0.6000000238
983  -22.486  -90.278  -21.289 0.5000000000
639  -22.845  -92.428  -20.287 0.5000000000
144724  -22.772  -92.046  -21.769 0.6999999881
430  -23.044  -92.466  -21.070 0.6999999881
700  -19.759  -92.006  -24.066 0.6000000238
704  -22.925  -91.487  -23.339 0.6999999881
702  -21.547  -91.840  -24.069 0.6999999881
689  -21.911  -91.640  -23.378 0.6000000238
2899  -6.868  -87.071  7.471 0.3000000119
3496  -7.960  -86.895  7.225 0.3000000119
2911  -6.685  -87.223  6.929 0.4000000060
3511  -7.314  -86.769  6.358 0.5000000000
4174  -8.494  -85.054  5.468 0.4000000060
136092  -8.320  -84.845  4.503 0.4000000060
147485  -5.868  -85.606  4.991 0.5000000000
3529  -7.110  -84.978  3.825 0.5000000000
4183  -5.853  -84.961  3.878 0.5000000000
153905  -10.391  -84.822  2.559 0.4000000060
135052  -10.879  -86.343  2.725 0.4000000060
7264  -7.842  -80.915  -1.739 0.8999999762
5623  -6.351  -83.027  3.340 0.5000000000
4222  -5.554  -84.255  0.792 0.6000000238
148706  -9.165  -88.215  1.642 0.5000000000
2053  -9.139  -88.783  1.590 0.4000000060
8121  -5.051  -79.799  -3.413 0.8999999762
7262  -5.038  -80.602  -2.269 0.8999999762
6400  -10.375  -81.090  2.307 0.6000000238
2052  -8.719  -88.595  0.807 0.5000000000
5710  -5.022  -82.727  -3.519 0.8999999762
6488  -6.934  -82.302  -2.858 1.0000000000
5638  -8.797  -82.151  2.645 0.6000000238
5666  -9.554  -82.503  1.093 0.6000000238
133583  -6.885  -83.349  0.220 0.6000000238
2492  -7.765  -87.435  -1.366 0.6000000238
3614  -8.304  -86.341  -1.996 0.6000000238
1203  -11.780  -90.364  -0.164 0.3000000119
4978  -5.971  -84.113  -4.016 0.8000000119
138569  -10.648  -89.749  -1.209 0.3000000119
5723  -5.056  -83.027  -4.129 0.8999999762
3021  -8.186  -87.656  -3.366 0.6999999881
1645  -11.622  -89.134  -1.597 0.3000000119
4298  -5.433  -84.692  -5.932 0.6999999881
135302  -8.774  -88.701  -6.817 0.6999999881
3133  -10.743  -86.711  -14.593 1.0000000000
2142  -9.428  -88.018  -8.711 0.6999999881
152023  -9.701  -84.917  -17.758 0.5000000000
4419  -10.103  -84.550  -16.416 0.6000000238
3766  -11.195  -85.396  -15.861 0.8999999762
151201  -8.796  -85.891  -10.396 0.8999999762
2551  -9.009  -87.140  -10.025 0.8000000119
4402  -10.363  -84.240  -14.881 0.6999999881
3102  -8.682  -85.922  -11.738 0.8999999762
3090  -8.696  -86.130  -10.645 0.8000000119
312  -8.911  -93.219  -8.111 0.6000000238
351  -8.224  -92.399  -13.967 0.8000000119
329  -7.800  -92.461  -10.007 0.6999999881
321  -8.570  -93.111  -8.903 0.6999999881
166  -8.353  -93.162  -13.514 0.8000000119
141135  -8.009  -92.971  -15.021 0.8000000119
2197  -19.046  -87.290  -16.751 0.3000000119
179  -8.102  -92.952  -15.632 0.6999999881
198  -10.954  -93.944  -17.154 0.6999999881
370  -8.222  -92.573  -17.056 0.5000000000
195  -8.497  -93.273  -17.037 0.6000000238
196  -9.057  -93.421  -17.013 0.6999999881
139164  -9.466  -93.316  -17.802 0.6000000238
221  -10.442  -93.062  -19.072 0.6000000238
141340  -11.058  -93.365  -18.488 0.6999999881
232  -11.830  -93.048  -20.003 0.6999999881
223  -12.411  -93.578  -19.293 0.8000000119
235  -14.330  -93.710  -20.002 0.8000000119
148843  -15.591  -93.317  -19.766 0.6999999881
629  -18.860  -91.879  -19.514 0.6000000238
406  -18.426  -92.435  -20.067 0.8999999762
970  -23.226  -90.788  -19.204 0.5000000000
234  -13.639  -93.789  -20.006 0.8000000119
237  -16.342  -93.089  -19.629 0.8999999762
408  -20.245  -91.400  -21.743 0.6999999881
144294  -20.759  -91.173  -22.275 0.8000000119
409  -21.390  -90.692  -22.118 0.8000000119
140339  -17.963  -92.356  -22.533 0.5000000000
1015  -19.211  -91.415  -24.523 0.6000000238
1017  -21.162  -91.267  -24.697 0.5000000000
1018  -22.194  -91.199  -24.599 0.6000000238
1019  -23.327  -91.064  -24.483 0.6999999881
130205  -21.999  -89.536  -25.866 0.6000000238
1422  -22.169  -89.929  -25.872 0.6000000238
1032  -22.823  -90.463  -25.315 0.6000000238
130207  -23.330  -88.498  -25.550 0.6000000238
3486  -6.749  -86.091  7.780 0.3000000119
4159  -8.207  -85.985  6.361 0.3000000119
4158  -6.256  -85.967  6.437 0.5000000000
146860  -7.615  -86.039  5.660 0.5000000000
4184  -8.955  -84.495  3.888 0.4000000060
4873  -9.952  -83.731  4.343 0.4000000060
2948  -11.303  -85.932  3.336 0.3000000119
4846  -6.416  -84.268  6.257 0.6000000238
4872  -6.275  -83.953  4.778 0.5000000000
4190  -7.918  -84.661  3.081 0.5000000000
5614  -5.916  -83.607  3.627 0.5000000000
2452  -9.939  -87.890  3.553 0.4000000060
2465  -9.541  -87.725  1.986 0.5000000000
1604  -9.377  -89.533  3.324 0.4000000060
6387  -8.826  -81.317  4.430 0.6000000238
132814  -7.492  -82.592  3.037 0.6000000238
139096  -10.187  -83.433  -0.304 0.6999999881
3599  -9.947  -85.366  -1.906 0.6999999881
4916  -8.491  -83.137  0.270 0.6000000238
6467  -8.951  -81.495  -2.553 0.8999999762
7267  -10.756  -80.721  -2.405 0.8999999762
3012  -8.683  -86.873  -2.774 0.6999999881
6490  -9.305  -82.126  -3.117 0.8999999762
137106  -11.489  -81.485  -3.703 0.8999999762
4970  -7.751  -83.501  -3.875 1.0000000000
2523  -6.807  -88.635  -5.955 0.6999999881
4299  -5.949  -84.765  -5.461 0.8000000119
4300  -6.887  -84.604  -5.198 0.8000000119
4987  -8.124  -84.150  -5.162 0.8999999762
4981  -9.390  -83.640  -4.852 1.0000000000
5735  -10.714  -83.248  -5.337 0.8000000119
134559  -11.452  -85.082  -15.122 1.0000000000
2134  -8.189  -88.224  -8.027 0.6999999881
151838  -8.858  -83.879  -6.800 0.8000000119
5759  -10.091  -83.151  -7.873 0.8999999762
136030  -7.351  -88.224  -7.392 0.8000000119
155273  -9.595  -82.658  -9.517 0.8999999762
4410  -9.881  -84.278  -15.548 0.6000000238
3751  -11.667  -85.532  -14.544 1.0000000000
3723  -11.506  -85.575  -12.698 1.0000000000
136357  -10.910  -85.451  -11.258 0.8999999762
2538  -8.444  -87.151  -9.209 0.6999999881
3713  -9.334  -85.668  -11.394 0.8999999762
844  -10.859  -91.891  -4.060 0.5000000000
5110  -10.857  -84.099  -14.143 0.8999999762
5102  -11.997  -84.002  -13.196 1.0000000000
3120  -10.420  -86.554  -13.715 0.8999999762
136644  -8.856  -93.062  -11.397 0.6999999881
156  -8.718  -93.089  -12.408 0.6999999881
339  -8.385  -92.503  -10.764 0.6999999881
144610  -8.523  -93.350  -14.721 0.8000000119
142522  -9.687  -93.621  -16.549 0.6999999881
189  -10.472  -94.010  -16.386 0.6999999881
200  -12.431  -94.130  -17.735 0.6999999881
146516  -8.466  -93.374  -16.032 0.6999999881
182  -9.548  -93.678  -15.457 0.8000000119
1795  -20.029  -89.417  -19.289 0.6000000238
210  -11.965  -93.680  -18.512 0.6000000238
628  -18.218  -92.131  -18.866 0.6000000238
378  -18.009  -92.846  -18.614 0.6000000238
1377  -22.911  -89.733  -20.067 0.5000000000
225  -14.154  -94.028  -19.483 0.6999999881
227  -16.956  -93.778  -18.921 0.6999999881
238  -17.182  -92.843  -19.461 0.6999999881
981  -20.560  -90.464  -21.068 0.5000000000
1383  -21.798  -89.548  -21.016 0.5000000000
211  -12.946  -93.947  -18.490 0.6999999881
91  -13.861  -94.147  -17.747 0.6999999881
218  -17.828  -92.787  -18.973 0.6999999881
426  -19.249  -92.216  -21.384 0.8999999762
645  -22.526  -90.848  -21.666 0.5000000000
668  -21.554  -91.778  -22.961 0.8000000119
446  -20.669  -91.529  -22.568 0.8000000119
149822  -21.085  -90.451  -25.367 0.6000000238
653  -24.184  -92.215  -21.433 0.6999999881
149782  -21.518  -89.825  -25.984 0.5000000000
1000  -25.084  -91.015  -23.815 0.6000000238
1001  -25.985  -90.505  -23.346 0.6000000238
148002  -22.576  -88.231  -25.229 0.6000000238
155032  -23.895  -87.378  -25.362 0.6000000238
129901  -21.905  -87.677  -24.376 0.6000000238
130467  -23.753  -87.017  -25.118 0.6000000238
148226  -22.554  -86.430  -24.198 0.6000000238
130245  -25.899  -84.762  -24.095 0.6000000238
149999  -7.738  -77.340  0.347 0.8000000119
140176  -7.620  -77.339  -0.221 0.8000000119
5602  -7.082  -82.620  6.449 0.6000000238
5615  -7.250  -82.960  5.552 0.6000000238
5677  -11.642  -82.531  -0.292 0.6999999881
7303  -5.273  -81.313  -4.471 0.8999999762
7188  -10.160  -80.569  2.520 0.6000000238
4252  -11.294  -84.385  -1.681 0.6999999881
7230  -10.121  -80.160  -0.742 0.6999999881
6443  -11.980  -81.605  -0.280 0.6999999881
3616  -10.466  -85.792  -2.566 0.6999999881
7232  -12.249  -81.066  -0.824 0.6999999881
4952  -12.725  -83.581  -2.193 0.6999999881
4272  -10.922  -85.033  -2.118 0.6999999881
6507  -4.993  -81.969  -3.940 0.8999999762
5695  -13.310  -82.580  -3.115 0.8999999762
3618  -12.248  -84.832  -2.953 0.6999999881
3013  -9.714  -86.468  -3.218 0.6999999881
133432  -9.154  -86.875  -4.070 0.6999999881
6519  -5.671  -82.756  -5.269 0.6000000238
5725  -10.926  -82.792  -4.673 0.8000000119
6509  -11.979  -81.764  -4.336 0.8999999762
3024  -11.455  -86.017  -4.001 0.6999999881
3033  -9.615  -86.537  -4.909 0.6999999881
3039  -9.423  -86.432  -5.962 0.6999999881
4988  -9.970  -83.512  -5.674 0.8000000119
3046  -7.805  -87.392  -7.960 0.8000000119
4997  -8.544  -84.077  -6.074 0.8000000119
5013  -10.119  -83.415  -6.711 0.8000000119
5761  -11.621  -82.800  -6.982 0.8999999762
3038  -7.958  -87.239  -6.846 0.8000000119
152459  -8.634  -86.340  -8.135 0.8000000119
3065  -8.334  -86.277  -8.828 0.8000000119
4301  -7.548  -84.536  -5.947 0.8000000119
5831  -10.213  -83.080  -12.037 0.8999999762
4392  -12.029  -84.701  -13.617 1.0000000000
157229  -11.604  -85.704  -13.337 1.0000000000
3704  -10.389  -85.415  -10.646 0.8999999762
132166  -9.485  -85.572  -9.498 0.8999999762
5796  -9.227  -82.536  -10.750 0.8999999762
3724  -12.160  -85.045  -12.375 1.0000000000
3705  -11.604  -85.242  -10.826 1.0000000000
5815  -10.515  -82.753  -11.302 1.0000000000
141140  -12.536  -84.378  -11.994 1.0000000000
59  -11.062  -93.967  -12.589 0.6999999881
5832  -11.113  -83.077  -11.866 1.0000000000
183  -10.366  -94.009  -15.553 0.8000000119
88  -12.912  -95.028  -16.979 0.6999999881
201  -13.247  -94.295  -17.674 0.6999999881
1368  -17.741  -90.078  -18.798 0.6000000238
85  -14.152  -94.811  -16.639 0.6999999881
149860  -15.438  -94.044  -18.925 0.6000000238
228  -17.517  -93.442  -18.753 0.6999999881
385  -17.881  -92.934  -18.786 0.6000000238
193  -16.197  -93.781  -16.970 0.6000000238
202  -15.040  -93.853  -17.500 0.6999999881
156982  -24.703  -92.318  -20.391 0.6999999881
1419  -19.707  -90.241  -25.783 0.6000000238
690  -23.917  -91.720  -23.084 0.6999999881
148007  -24.113  -88.785  -25.336 0.6000000238
148140  -21.639  -85.391  -22.710 0.5000000000
148200  -25.156  -84.486  -22.811 0.6000000238
144113  -6.440  -83.892  8.904 0.4000000060
4144  -6.420  -85.446  7.356 0.5000000000
9908  -11.619  -77.661  1.768 0.8000000119
7177  -9.417  -80.273  3.665 0.6000000238
4926  -11.695  -83.100  -0.761 0.6999999881
8043  -9.332  -79.768  2.657 0.6000000238
8076  -8.566  -79.696  1.042 0.6000000238
150904  -11.970  -80.659  -0.852 0.6999999881
5678  -12.138  -82.365  -0.875 0.6999999881
8110  -7.855  -80.000  -0.706 0.6999999881
6469  -12.508  -81.353  -2.723 0.8999999762
4274  -12.601  -84.250  -2.484 0.6999999881
7263  -5.540  -81.171  -2.058 1.0000000000
6466  -7.723  -81.517  -2.325 1.0000000000
6510  -12.687  -81.771  -4.106 0.8999999762
153582  -13.394  -84.591  -3.688 0.6999999881
3023  -10.402  -86.389  -3.989 0.6999999881
3634  -12.708  -85.366  -4.464 0.6999999881
3633  -11.961  -85.839  -4.687 0.6999999881
5746  -10.938  -83.232  -6.254 0.8000000119
5736  -11.389  -82.863  -5.520 0.8000000119
3040  -10.547  -86.272  -5.473 0.6999999881
143095  -10.157  -85.759  -8.042 0.8000000119
4996  -8.039  -84.250  -6.780 0.8000000119
5784  -11.130  -82.519  -9.838 1.0000000000
5067  -11.958  -83.234  -11.775 1.0000000000
3687  -10.769  -85.357  -9.878 0.8000000119
3706  -12.478  -84.854  -10.657 1.0000000000
142698  -16.501  -93.601  -16.865 0.6000000238
12461  -7.464  -75.571  -28.684 0.6000000238
11361  -7.467  -76.556  -28.861 0.5000000000
146421  -8.316  -75.594  -29.430 0.6999999881
10305  -7.896  -77.258  -29.366 0.5000000000
1436  -20.791  -89.701  -25.911 0.6000000238
1406  -24.722  -88.822  -24.482 0.6000000238
148060  -23.832  -86.253  -24.613 0.5000000000
148128  -21.773  -84.352  -21.420 0.5000000000
148220  -21.394  -83.111  -22.205 0.5000000000
148212  -23.088  -84.090  -23.210 0.5000000000
148127  -23.351  -82.086  -22.053 0.5000000000
4837  -6.247  -83.253  7.631 0.5000000000
6362  -5.741  -81.685  7.094 0.6000000238
9892  -11.009  -77.736  2.495 0.8000000119
9930  -8.585  -77.324  -0.130 0.8000000119
9906  -7.941  -77.322  1.712 0.8000000119
151095  -5.915  -81.091  6.357 0.6000000238
9964  -7.780  -77.403  -1.577 0.8000000119
9929  -6.556  -77.377  0.308 0.8000000119
7172  -7.101  -80.015  5.040 0.6000000238
7154  -5.507  -80.234  6.976 0.6000000238
149943  -6.846  -77.582  -1.643 0.8000000119
8028  -8.406  -79.644  3.736 0.6000000238
8010  -5.662  -79.401  5.381 0.6000000238
133502  -6.029  -78.560  -3.545 0.8000000119
9963  -5.830  -77.684  -1.333 0.8000000119
151678  -5.438  -77.504  0.278 0.8000000119
140119  -6.080  -79.277  1.081 0.8000000119
157494  -6.778  -79.379  4.039 0.6000000238
4953  -13.142  -83.171  -2.612 0.6999999881
8973  -5.079  -79.225  -2.745 1.0000000000
8946  -4.809  -78.259  -0.423 0.8999999762
8075  -6.402  -79.512  0.469 0.8000000119
137323  -7.622  -79.636  0.277 0.6999999881
155310  -5.043  -79.378  -1.359 1.0000000000
8095  -5.629  -79.683  -0.166 0.8000000119
4275  -13.253  -83.905  -2.790 0.6999999881
5738  -13.352  -82.437  -5.208 0.8999999762
5728  -13.695  -82.659  -4.419 0.8999999762
4982  -13.864  -83.180  -4.021 0.8000000119
140137  -13.816  -84.356  -4.147 0.8000000119
131987  -13.332  -85.215  -4.970 0.6999999881
4983  -14.098  -83.374  -4.651 0.8999999762
3049  -10.770  -86.195  -6.290 0.8000000119
130987  -12.340  -82.580  -6.645 0.8999999762
156147  -12.766  -82.506  -6.352 0.8000000119
3654  -13.688  -85.328  -6.336 0.8000000119
148390  -12.193  -82.579  -8.287 0.8999999762
5748  -13.827  -82.873  -6.748 0.8999999762
5015  -14.385  -83.971  -7.788 0.8999999762
3690  -13.384  -85.028  -8.820 0.8999999762
3653  -12.544  -85.733  -6.278 0.8000000119
136599  -11.639  -85.992  -6.852 0.8000000119
3652  -10.561  -86.039  -7.176 0.8000000119
3673  -11.275  -85.579  -8.438 0.8000000119
154396  -12.335  -82.584  -8.873 0.8999999762
5801  -13.026  -83.042  -9.960 0.8999999762
144928  -12.010  -85.150  -9.984 0.8999999762
3672  -10.417  -85.518  -8.943 0.8000000119
5816  -11.432  -82.785  -11.179 1.0000000000
5800  -12.487  -82.820  -10.179 1.0000000000
5068  -12.620  -83.614  -11.439 1.0000000000
4369  -13.032  -83.867  -10.680 1.0000000000
3688  -11.637  -85.393  -9.161 0.8000000119
616  -16.440  -92.367  -17.230 0.6000000238
17949  -5.877  -70.725  -26.936 0.6000000238
17950  -6.907  -70.169  -27.220 0.6000000238
192  -15.027  -93.500  -16.889 0.6000000238
19081  -6.707  -69.634  -26.281 0.6999999881
13562  -8.210  -74.030  -28.966 0.6000000238
14687  -6.420  -73.820  -27.376 0.6000000238
20222  -8.220  -68.214  -26.391 0.6999999881
14722  -9.308  -73.605  -29.554 0.6999999881
12462  -8.281  -74.824  -29.241 0.6999999881
14724  -10.159  -73.373  -29.570 0.6999999881
21393  -8.064  -66.933  -25.959 0.6999999881
144242  -8.855  -70.049  -26.399 0.6999999881
146548  -9.054  -75.550  -30.071 0.8000000119
133749  -11.050  -75.337  -29.568 0.6999999881
22612  -8.663  -66.690  -25.474 0.6999999881
11374  -9.315  -76.076  -30.339 0.8000000119
149456  -9.225  -78.726  -30.569 0.5000000000
130209  -25.656  -86.856  -19.997 0.5000000000
133180  -24.439  -87.133  -20.395 0.5000000000
21376  -10.004  -67.177  -25.103 0.6000000238
10316  -9.525  -76.651  -30.547 0.8000000119
152521  -27.717  -87.841  -25.544 0.5000000000
1826  -27.360  -86.102  -23.585 0.5000000000
1825  -26.539  -84.908  -22.763 0.6000000238
129897  -24.518  -87.026  -23.066 0.6000000238
143382  -9.096  -78.218  -30.227 0.6000000238
147013  -25.777  -87.737  -26.520 0.5000000000
155231  -26.078  -86.693  -25.809 0.5000000000
1840  -24.494  -86.115  -24.192 0.6000000238
129900  -24.827  -86.667  -25.793 0.6000000238
16779  -7.807  -71.112  -21.770 0.6000000238
7557  -8.106  -81.168  -30.968 0.5000000000
6767  -8.110  -81.326  -32.378 0.6000000238
2711  -24.856  -87.969  -27.169 0.5000000000
16755  -9.257  -71.943  -21.426 0.6000000238
8391  -9.664  -79.061  -31.286 0.6000000238
148178  -26.090  -84.592  -23.876 0.6000000238
148221  -22.458  -81.351  -22.893 0.5000000000
148162  -24.234  -83.372  -22.252 0.5000000000
148222  -25.506  -82.246  -22.547 0.6000000238
147966  -26.430  -82.867  -23.892 0.6000000238
148059  -23.901  -81.371  -26.822 0.6999999881
4114  -7.141  -84.410  10.100 0.3000000119
4817  -6.784  -83.697  9.660 0.4000000060
5571  -6.045  -82.565  8.211 0.4000000060
6335  -5.759  -81.675  8.072 0.6000000238
7144  -5.538  -80.226  7.539 0.6000000238
8026  -5.816  -78.843  3.880 0.6999999881
149564  -5.371  -78.795  4.669 0.6000000238
8958  -4.975  -78.330  -1.191 0.8999999762
8093  -5.025  -78.725  0.308 0.8000000119
8108  -5.192  -79.716  -1.071 0.8999999762
8073  -5.248  -78.986  0.703 0.8000000119
152512  -13.737  -82.695  -5.617 0.8999999762
5000  -14.354  -83.456  -6.479 0.8999999762
3643  -12.568  -85.626  -5.271 0.6999999881
3664  -14.288  -84.915  -6.748 0.8999999762
3674  -13.493  -85.352  -7.869 0.8999999762
4335  -13.967  -84.809  -8.398 0.8999999762
141233  -12.415  -85.488  -8.409 0.8000000119
5042  -13.878  -83.668  -8.931 0.8999999762
4349  -13.291  -84.516  -9.664 0.8999999762
16878  -7.232  -70.862  -28.423 0.6000000238
17966  -7.751  -70.348  -28.086 0.6000000238
14688  -6.929  -73.345  -27.923 0.6000000238
14704  -8.717  -73.068  -29.103 0.6000000238
11349  -10.664  -75.705  -28.464 0.6999999881
145651  -10.671  -76.532  -28.434 0.6000000238
12463  -10.844  -74.629  -29.051 0.6999999881
9260  -10.320  -77.936  -27.488 0.6000000238
12495  -10.459  -75.263  -30.273 0.6999999881
138317  -11.218  -76.285  -29.213 0.6999999881
22585  -9.277  -66.553  -24.609 0.6999999881
21361  -10.071  -67.233  -24.045 0.6000000238
10330  -10.883  -76.812  -31.107 0.6999999881
9318  -11.154  -78.479  -31.675 0.8000000119
1407  -25.897  -85.038  -21.677 0.5000000000
10345  -10.539  -77.428  -31.283 0.8000000119
140148  -27.001  -87.024  -25.447 0.5000000000
9317  -10.458  -78.156  -31.499 0.8000000119
7559  -8.768  -80.300  -32.288 0.8000000119
136508  -11.090  -82.379  -34.260 0.6000000238
2726  -24.821  -87.604  -27.657 0.6000000238
2269  -25.586  -87.606  -26.498 0.5000000000
2256  -25.383  -85.899  -24.994 0.5000000000
154389  -25.869  -86.042  -25.609 0.6000000238
6778  -8.616  -81.264  -33.082 0.8000000119
130324  -24.147  -86.948  -27.710 0.5000000000
129904  -24.845  -87.129  -27.127 0.5000000000
129902  -25.195  -85.346  -26.244 0.5000000000
130190  -23.515  -83.978  -29.020 0.6000000238
6024  -11.210  -83.088  -33.757 0.5000000000
6036  -13.160  -82.682  -34.450 0.5000000000
148202  -21.253  -80.479  -27.407 0.6000000238
148141  -22.526  -81.029  -27.459 0.6000000238
9878  -12.189  -77.490  3.614 0.8000000119
133658  -7.274  -84.553  11.020 0.3000000119
5557  -6.912  -82.227  9.754 0.4000000060
5544  -6.978  -83.021  10.166 0.4000000060
5556  -6.409  -82.939  9.121 0.5000000000
150640  -6.469  -80.183  8.235 0.6000000238
9907  -10.527  -77.569  1.604 0.8000000119
134165  -9.213  -77.405  1.584 0.8000000119
8869  -5.721  -78.528  6.449 0.6000000238
8881  -5.370  -78.038  5.460 0.6000000238
145510  -5.707  -79.038  5.731 0.6000000238
141113  -6.265  -77.332  1.252 0.8000000119
9905  -5.556  -77.422  1.839 0.8000000119
8017  -5.178  -78.088  4.203 0.8000000119
9927  -5.018  -77.841  0.648 0.8000000119
149639  -5.301  -78.543  1.460 0.8000000119
8897  -5.053  -77.730  3.735 0.8000000119
8918  -5.014  -78.098  1.207 0.8000000119
148375  -7.284  -72.570  -28.171 0.6000000238
17931  -7.435  -69.854  -26.606 0.6000000238
14690  -10.258  -72.968  -28.944 0.6999999881
147821  -8.764  -70.219  -26.780 0.6999999881
14705  -9.610  -72.925  -29.398 0.6999999881
153930  -10.643  -74.135  -28.556 0.6999999881
12423  -8.522  -75.222  -25.782 0.6000000238
150996  -9.327  -68.986  -26.379 0.6000000238
21394  -8.885  -66.852  -26.010 0.6999999881
21362  -10.642  -67.927  -24.503 0.6999999881
8379  -11.198  -79.252  -28.070 0.6000000238
20186  -10.531  -68.812  -23.866 0.6999999881
11363  -11.348  -75.908  -29.948 0.6999999881
9276  -11.795  -78.487  -29.088 0.6999999881
8392  -11.991  -80.220  -31.273 0.8000000119
6746  -11.988  -81.921  -30.907 0.6999999881
20172  -9.665  -68.877  -23.046 0.6999999881
6768  -12.517  -81.488  -32.367 0.6999999881
6769  -13.033  -81.581  -32.466 0.6999999881
8409  -11.157  -80.360  -32.791 0.6999999881
7571  -11.872  -80.888  -33.178 0.6999999881
137164  -9.125  -80.574  -33.364 0.8000000119
134849  -9.818  -80.580  -33.405 0.8000000119
3217  -24.056  -86.980  -29.004 0.6000000238
6032  -9.886  -81.333  -34.151 0.8000000119
6034  -11.652  -82.094  -34.893 0.6000000238
147283  -13.806  -82.397  -34.889 0.6000000238
134466  -23.950  -86.467  -29.586 0.5000000000
148170  -25.210  -84.165  -26.283 0.5000000000
6788  -11.022  -81.728  -34.701 0.6000000238
144361  -12.804  -81.302  -35.385 0.6000000238
148001  -22.858  -83.296  -29.391 0.5000000000
147967  -24.612  -83.288  -27.356 0.6999999881
130184  -23.201  -81.926  -28.630 0.6000000238
6821  -16.816  -80.624  -35.621 0.4000000060
148227  -21.891  -81.019  -28.587 0.5000000000
148129  -20.196  -80.063  -29.650 0.5000000000
13121  -12.495  -75.514  5.256 0.8000000119
5518  -7.518  -82.766  12.618 0.5000000000
5533  -7.251  -83.299  11.150 0.4000000060
6312  -7.506  -81.966  10.235 0.5000000000
6323  -8.328  -81.542  10.180 0.5000000000
9933  -11.328  -77.509  0.774 0.8000000119
149618  -10.366  -77.552  3.117 0.8000000119
7124  -7.364  -80.706  8.733 0.6000000238
132120  -10.405  -77.338  -0.852 0.8000000119
7132  -7.744  -80.165  8.159 0.6000000238
132810  -9.311  -77.332  -0.979 0.8000000119
9890  -8.536  -77.316  2.422 0.8000000119
9875  -7.910  -77.184  3.996 0.8000000119
9827  -7.159  -77.700  6.258 0.6999999881
8870  -6.641  -78.258  6.817 0.6000000238
135476  -6.599  -77.245  2.022 0.8000000119
9841  -6.281  -77.314  5.597 0.6999999881
9826  -5.867  -77.820  6.230 0.6000000238
9887  -5.056  -77.707  2.369 0.8000000119
14674  -9.093  -72.556  -26.279 0.6999999881
16866  -9.906  -71.328  -27.828 0.6999999881
16896  -9.503  -71.870  -28.707 0.6999999881
144087  -8.939  -73.230  -26.326 0.6999999881
12404  -8.386  -75.312  -24.889 0.6000000238
17932  -9.795  -70.783  -25.989 0.6999999881
16846  -9.757  -71.344  -26.002 0.6999999881
10284  -8.722  -77.049  -25.952 0.6000000238
19083  -10.706  -69.970  -25.135 0.6999999881
134088  -9.237  -76.767  -26.781 0.6000000238
9259  -9.420  -77.711  -26.607 0.6000000238
9247  -10.070  -78.611  -26.677 0.6000000238
20204  -10.572  -67.945  -25.575 0.6999999881
16824  -10.046  -71.393  -25.526 0.6999999881
7541  -11.440  -80.707  -28.898 0.6999999881
6732  -11.677  -81.341  -29.007 0.6000000238
7546  -11.567  -81.117  -29.795 0.6000000238
6739  -11.798  -81.763  -30.027 0.6000000238
10331  -11.513  -77.105  -30.952 0.8000000119
6006  -12.981  -82.296  -31.323 0.6999999881
141214  -13.691  -81.216  -32.252 0.6999999881
7586  -12.601  -80.525  -33.665 0.6999999881
144774  -13.808  -78.031  -34.042 0.6999999881
7585  -11.937  -80.687  -33.881 0.6999999881
146073  -25.455  -86.666  -29.383 0.4000000060
7597  -10.567  -80.851  -34.439 0.6999999881
131601  -13.586  -78.030  -34.544 0.6999999881
136931  -23.410  -85.830  -31.030 0.5000000000
129908  -23.384  -86.130  -30.157 0.5000000000
148196  -22.871  -85.272  -29.929 0.5000000000
147981  -23.917  -84.973  -28.590 0.6000000238
7620  -13.146  -79.585  -36.486 0.6999999881
6820  -15.900  -80.624  -35.879 0.4000000060
140834  -17.972  -79.733  -34.982 0.4000000060
147980  -22.168  -83.734  -30.653 0.5000000000
148168  -23.920  -82.549  -27.965 0.6999999881
147968  -21.201  -80.685  -29.828 0.4000000060
148173  -22.205  -82.759  -29.834 0.5000000000
148167  -22.302  -81.670  -29.220 0.5000000000
148146  -21.323  -80.305  -30.703 0.4000000060
5502  -7.748  -82.190  13.435 0.4000000060
10911  -12.663  -76.952  2.750 0.8000000119
9860  -12.629  -77.118  4.355 0.8000000119
5535  -8.156  -82.517  11.859 0.5000000000
6274  -8.308  -81.482  13.149 0.4000000060
5519  -8.465  -82.070  12.682 0.4000000060
6301  -9.496  -81.122  11.538 0.4000000060
7113  -9.830  -80.737  10.797 0.5000000000
152051  -11.398  -77.400  5.033 0.8000000119
9793  -11.698  -77.385  8.055 0.6000000238
9877  -11.328  -77.720  3.340 0.8000000119
132343  -10.604  -77.395  4.799 0.8000000119
154041  -8.715  -80.085  8.048 0.6000000238
146697  -9.991  -77.552  5.277 0.8000000119
8871  -8.033  -78.311  6.792 0.6999999881
7995  -8.155  -79.595  7.718 0.6000000238
9856  -8.338  -77.260  4.759 0.8000000119
9842  -7.693  -77.365  5.501 0.6999999881
139394  -5.740  -77.011  4.351 0.8000000119
13539  -8.466  -74.117  -25.384 0.6000000238
11299  -10.222  -76.174  -24.235 0.5000000000
14656  -8.787  -72.553  -25.442 0.6999999881
145906  -8.565  -73.192  -25.424 0.6999999881
133935  -9.001  -75.984  -24.151 0.6000000238
13552  -10.214  -74.160  -27.700 0.6999999881
10244  -8.630  -77.019  -24.451 0.6000000238
15749  -10.141  -71.863  -25.431 0.6999999881
17933  -10.244  -70.909  -25.000 0.6999999881
6733  -12.111  -81.546  -28.579 0.5000000000
17915  -10.441  -70.613  -24.309 0.6999999881
7533  -11.400  -80.620  -27.581 0.5000000000
5987  -12.627  -82.304  -29.841 0.6000000238
7548  -14.389  -80.016  -29.858 0.4000000060
9292  -12.264  -78.760  -30.053 0.6999999881
8380  -11.556  -79.686  -28.927 0.6999999881
19039  -9.539  -69.783  -22.880 0.6999999881
152195  -9.269  -71.220  -22.692 0.6000000238
8386  -11.885  -80.017  -29.877 0.6999999881
154032  -12.048  -80.335  -30.623 0.8000000119
7562  -14.300  -80.499  -31.647 0.6000000238
10348  -14.918  -77.913  -31.714 0.6000000238
141478  -8.660  -67.460  -22.640 0.6999999881
9319  -11.816  -79.114  -31.415 0.8000000119
7573  -14.110  -80.209  -32.597 0.6999999881
8399  -11.091  -79.611  -32.060 0.8000000119
7572  -12.559  -81.002  -33.013 0.6999999881
8410  -13.815  -79.561  -33.286 0.6999999881
9328  -14.159  -78.394  -33.290 0.6999999881
12513  -15.593  -75.298  -33.228 0.5000000000
7583  -10.369  -80.724  -34.128 0.6999999881
8419  -13.007  -79.698  -33.796 0.6999999881
11416  -14.765  -76.913  -33.743 0.6999999881
13617  -16.372  -74.616  -33.755 0.5000000000
8434  -11.309  -80.022  -35.238 0.6999999881
9350  -11.750  -79.388  -35.222 0.6999999881
9351  -12.623  -78.740  -35.454 0.6999999881
11432  -14.924  -76.878  -34.292 0.6999999881
11427  -15.122  -76.121  -34.012 0.6999999881
7608  -11.881  -80.331  -35.701 0.5000000000
9360  -13.794  -78.710  -35.807 0.6999999881
13636  -19.544  -74.450  -34.544 0.6000000238
151936  -20.366  -74.770  -34.524 0.6000000238
130233  -21.856  -84.706  -31.222 0.5000000000
7621  -14.189  -79.913  -36.351 0.5000000000
140909  -15.891  -79.791  -36.381 0.6000000238
8420  -18.258  -79.276  -33.314 0.5000000000
11417  -20.196  -76.427  -33.338 0.5000000000
10362  -21.042  -77.885  -32.534 0.4000000060
129909  -20.786  -83.595  -32.528 0.5000000000
148043  -21.376  -83.950  -31.751 0.4000000060
9321  -18.887  -78.505  -32.026 0.4000000060
8404  -20.519  -78.866  -31.217 0.4000000060
6771  -21.327  -81.334  -32.308 0.5000000000
147979  -21.684  -82.218  -30.478 0.5000000000
7575  -21.543  -80.245  -32.490 0.5000000000
7599  -17.974  -80.479  -34.572 0.6000000238
13120  -11.983  -74.976  5.420 0.8000000119
13089  -11.218  -74.841  7.041 0.6999999881
5489  -6.547  -81.606  14.885 0.3000000119
10900  -12.977  -76.605  4.167 0.8000000119
11945  -12.773  -75.964  5.539 0.8000000119
7071  -7.629  -80.680  13.515 0.4000000060
144112  -12.394  -77.202  1.222 0.8000000119
7082  -8.709  -80.833  12.749 0.4000000060
7933  -5.394  -79.415  13.552 0.4000000060
149686  -11.539  -77.290  0.038 0.8000000119
9859  -12.122  -77.384  4.691 0.8000000119
8831  -10.128  -78.261  9.622 0.4000000060
149328  -9.877  -80.478  11.312 0.4000000060
7950  -9.438  -79.779  11.652 0.4000000060
138328  -8.598  -79.440  11.809 0.4000000060
9977  -9.916  -77.520  -2.678 0.6999999881
9844  -10.791  -77.515  5.549 0.8000000119
7987  -10.478  -79.346  8.963 0.6999999881
7976  -10.394  -79.519  10.244 0.4000000060
8860  -10.179  -78.736  7.382 0.6999999881
149360  -9.034  -77.517  5.393 0.6999999881
13510  -8.806  -74.048  -24.639 0.6000000238
12386  -8.978  -74.980  -24.363 0.6000000238
140078  -9.093  -72.617  -25.000 0.6999999881
12387  -9.900  -75.082  -24.724 0.5000000000
12405  -10.800  -74.874  -25.829 0.5000000000
12425  -12.072  -75.610  -27.040 0.5000000000
149176  -9.589  -77.168  -23.821 0.5000000000
153182  -9.512  -78.504  -25.773 0.6000000238
19054  -10.529  -69.763  -24.049 0.6999999881
16826  -10.645  -71.957  -25.097 0.6999999881
15731  -11.151  -72.700  -25.456 0.6000000238
15785  -13.553  -73.027  -27.794 0.6000000238
13565  -12.882  -74.896  -29.961 0.4000000060
8366  -10.576  -79.432  -26.629 0.6000000238
8340  -9.748  -78.694  -24.845 0.5000000000
16806  -10.497  -71.636  -23.807 0.6000000238
140935  -13.486  -82.092  -29.910 0.6000000238
9304  -14.844  -78.630  -30.708 0.5000000000
10361  -15.098  -76.970  -32.576 0.5000000000
7560  -12.043  -81.294  -31.596 0.6999999881
7570  -10.750  -80.569  -33.477 0.6999999881
8418  -12.187  -79.865  -34.375 0.6999999881
12523  -15.335  -75.133  -33.785 0.5000000000
3885  -23.677  -85.188  -31.863 0.5000000000
9367  -11.942  -78.794  -36.694 0.6999999881
9368  -13.016  -78.714  -36.893 0.6999999881
134387  -14.491  -77.690  -35.064 0.6999999881
12530  -15.545  -75.199  -33.759 0.5000000000
148091  -21.279  -84.225  -32.788 0.4000000060
129911  -22.794  -85.328  -31.407 0.5000000000
9369  -14.371  -78.985  -36.446 0.6999999881
10387  -16.886  -77.334  -35.348 0.6999999881
11434  -16.496  -76.515  -34.720 0.6000000238
12534  -21.023  -75.473  -34.489 0.6000000238
6791  -20.559  -81.688  -33.983 0.5000000000
130396  -20.893  -84.093  -32.569 0.4000000060
137108  -15.940  -79.165  -36.576 0.6999999881
9352  -18.425  -77.776  -33.988 0.4000000060
9353  -21.256  -78.001  -34.156 0.5000000000
7588  -20.902  -80.641  -34.049 0.5000000000
8446  -16.615  -79.631  -36.415 0.5000000000
8448  -17.957  -79.552  -35.913 0.5000000000
9339  -18.982  -77.089  -33.100 0.4000000060
10372  -19.812  -76.957  -32.807 0.4000000060
10373  -20.468  -77.310  -32.765 0.4000000060
8413  -21.726  -79.147  -32.508 0.4000000060
134887  -18.514  -78.261  -33.406 0.4000000060
9341  -21.200  -77.703  -33.176 0.4000000060
130482  -21.590  -79.494  -31.806 0.4000000060
9323  -21.195  -78.765  -31.714 0.4000000060
13088  -10.248  -74.693  7.263 0.6999999881
13130  -12.313  -75.371  4.510 0.8000000119
11956  -12.742  -76.355  3.289 0.8000000119
149880  -11.829  -76.178  7.728 0.6000000238
7914  -5.215  -79.371  14.588 0.3000000119
8766  -5.384  -78.928  14.726 0.3000000119
10933  -12.239  -76.868  0.597 0.8000000119
9830  -12.249  -77.235  6.285 0.8000000119
10864  -12.435  -76.709  6.727 0.6999999881
10863  -12.144  -76.888  7.537 0.6000000238
9792  -11.112  -77.249  8.514 0.5000000000
7948  -5.887  -79.121  12.655 0.4000000060
9720  -5.531  -78.437  14.146 0.3000000119
8874  -11.646  -77.782  6.938 0.6999999881
8862  -11.484  -77.962  7.836 0.6999999881
8798  -5.226  -78.304  12.254 0.4000000060
8832  -10.587  -78.829  9.464 0.6000000238
8801  -9.207  -79.037  11.260 0.4000000060
8800  -7.911  -78.885  11.387 0.4000000060
8873  -10.635  -78.230  6.824 0.6999999881
154327  -10.686  -78.796  7.915 0.6999999881
8817  -9.710  -78.691  10.502 0.4000000060
8815  -6.915  -78.383  10.734 0.4000000060
13511  -9.299  -74.047  -24.785 0.5000000000
14640  -10.026  -73.282  -25.518 0.6000000238
13524  -11.256  -74.060  -26.392 0.5000000000
11351  -13.160  -76.047  -28.366 0.4000000060
14658  -10.742  -72.898  -25.815 0.6000000238
149863  -10.801  -73.416  -26.008 0.6000000238
13541  -12.017  -74.603  -27.044 0.5000000000
9209  -9.975  -77.748  -23.810 0.5000000000
15730  -11.012  -72.341  -24.489 0.6000000238
14677  -13.515  -73.456  -26.993 0.6000000238
15801  -13.135  -71.955  -29.317 0.5000000000
9210  -10.766  -78.101  -23.705 0.5000000000
8365  -10.111  -79.054  -26.076 0.6000000238
21360  -9.267  -66.702  -23.557 0.6999999881
16782  -10.185  -72.415  -22.759 0.6000000238
15750  -14.304  -72.747  -25.862 0.6000000238
16881  -13.152  -71.057  -27.852 0.6000000238
133274  -8.411  -68.595  -22.558 0.6999999881
16827  -14.212  -72.184  -25.010 0.6000000238
17883  -7.847  -70.541  -22.257 0.6999999881
15683  -9.157  -72.191  -21.920 0.6000000238
15685  -10.721  -72.799  -21.894 0.6000000238
16783  -11.559  -72.601  -22.007 0.6000000238
134540  -14.646  -77.539  -32.896 0.6999999881
4556  -23.218  -84.692  -32.362 0.4000000060
149651  -15.207  -77.173  -34.940 0.6999999881
13628  -18.068  -73.985  -34.211 0.5000000000
6043  -22.229  -82.687  -34.600 0.4000000060
10393  -14.888  -78.447  -35.842 0.6999999881
11429  -19.806  -75.666  -33.759 0.6000000238
5298  -20.400  -83.016  -33.938 0.4000000060
6054  -21.071  -81.702  -35.077 0.4000000060
9371  -16.515  -78.739  -36.293 0.6999999881
10396  -17.152  -78.022  -35.848 0.6999999881
11437  -18.980  -75.530  -34.138 0.5000000000
11438  -20.895  -76.018  -34.151 0.5000000000
8421  -21.079  -79.619  -34.058 0.5000000000
10380  -19.473  -76.339  -33.355 0.5000000000
10381  -21.022  -76.977  -33.749 0.5000000000
8429  -21.399  -78.589  -33.778 0.5000000000
13101  -8.283  -74.507  6.787 0.5000000000
135863  -11.264  -74.905  4.740 0.8000000119
13073  -8.879  -75.020  8.073 0.5000000000
11920  -10.813  -75.169  7.744 0.5000000000
134481  -12.346  -75.804  2.724 0.8000000119
11921  -11.614  -75.505  7.455 0.6999999881
11909  -10.409  -75.565  8.358 0.5000000000
10842  -7.657  -76.423  9.544 0.4000000060
11974  -11.977  -75.882  0.851 0.6999999881
156721  -11.505  -76.185  -1.301 0.6000000238
10843  -8.988  -76.486  9.273 0.5000000000
9776  -8.252  -77.277  9.663 0.4000000060
9777  -9.343  -77.486  9.450 0.4000000060
9731  -5.925  -77.862  13.582 0.3000000119
10971  -10.750  -76.439  -2.576 0.5000000000
9766  -8.912  -78.037  9.914 0.4000000060
138979  -7.587  -77.882  10.167 0.4000000060
9742  -4.817  -77.935  13.045 0.3000000119
13554  -12.547  -75.037  -28.317 0.5000000000
14676  -12.117  -73.965  -26.762 0.6000000238
14708  -12.887  -74.235  -29.508 0.4000000060
138175  -13.195  -73.766  -26.452 0.6000000238
22574  -8.515  -65.285  -22.964 0.6999999881
14641  -12.034  -73.367  -25.133 0.6000000238
21347  -8.008  -67.455  -22.052 0.8000000119
20171  -7.516  -68.508  -22.120 0.6999999881
14628  -11.312  -73.193  -23.441 0.6000000238
14615  -11.567  -73.317  -22.879 0.6000000238
15715  -13.219  -72.595  -23.085 0.6000000238
4568  -23.595  -84.250  -33.080 0.4000000060
16738  -10.762  -70.964  -21.154 0.6000000238
12537  -17.532  -75.734  -34.486 0.6000000238
6042  -21.178  -82.476  -34.518 0.4000000060
155546  -15.736  -78.307  -36.130 0.6999999881
11435  -17.439  -76.667  -34.943 0.6000000238
150106  -20.715  -81.165  -35.184 0.4000000060
134424  -21.211  -78.130  -35.075 0.5000000000
155749  -20.551  -80.688  -34.998 0.5000000000
13087  -9.171  -74.752  7.412 0.5000000000
13072  -7.709  -75.028  8.183 0.5000000000
13139  -11.500  -75.038  3.806 0.8000000119
11908  -9.510  -75.411  8.480 0.4000000060
13148  -11.529  -75.243  2.763 0.8000000119
13162  -10.722  -74.853  1.014 0.6000000238
10830  -6.121  -76.754  10.622 0.4000000060
14326  -9.639  -73.984  -1.871 0.6999999881
150369  -6.398  -77.712  10.528 0.4000000060
8814  -5.783  -78.019  11.280 0.4000000060
9744  -6.421  -77.353  13.025 0.3000000119
14660  -12.591  -73.682  -25.813 0.6000000238
14691  -12.620  -74.180  -27.585 0.6000000238
149333  -13.060  -73.564  -27.881 0.6000000238
146286  -12.983  -73.169  -29.737 0.5000000000
25061  -8.164  -64.120  -22.150 0.6999999881
22573  -8.506  -66.227  -22.099 0.8000000119
14642  -12.819  -73.573  -24.552 0.6000000238
21334  -7.760  -67.353  -21.365 0.8000000119
19010  -6.724  -69.228  -20.987 0.6999999881
17863  -7.209  -70.215  -21.722 0.6999999881
17838  -7.212  -70.534  -21.111 0.6999999881
16784  -12.332  -71.789  -22.264 0.6000000238
13100  -6.751  -74.334  6.966 0.5000000000
136896  -6.837  -74.673  7.750 0.5000000000
154498  -10.212  -74.383  5.668 0.5000000000
13129  -10.461  -74.755  4.128 0.8000000119
13128  -9.598  -74.389  4.392 0.6999999881
13138  -10.558  -74.872  3.269 0.6999999881
11906  -7.286  -75.395  8.772 0.4000000060
149506  -5.962  -75.574  9.883 0.4000000060
10841  -6.477  -76.278  9.929 0.4000000060
13220  -11.319  -75.279  -1.058 0.6000000238
152559  -10.091  -74.384  0.674 0.6000000238
11863  -5.788  -76.075  10.935 0.4000000060
11851  -6.017  -76.252  12.018 0.4000000060
9745  -8.004  -77.293  12.927 0.3000000119
9763  -5.759  -76.752  11.383 0.4000000060
10807  -5.694  -77.143  12.434 0.3000000119
9754  -5.179  -77.520  11.942 0.3000000119
26308  -7.364  -63.200  -20.566 0.5000000000
14661  -13.441  -73.563  -25.323 0.6000000238
23767  -8.909  -64.458  -20.735 0.6999999881
22561  -8.873  -65.258  -21.058 0.8000000119
133703  -13.942  -73.147  -25.043 0.6000000238
16848  -14.310  -71.737  -25.903 0.6000000238
140130  -7.888  -67.132  -20.483 0.8000000119
134582  -13.786  -71.210  -24.325 0.6000000238
16736  -8.541  -71.268  -20.884 0.6000000238
13116  -7.642  -74.230  6.267 0.5000000000
13085  -5.435  -74.353  7.591 0.5000000000
13117  -8.671  -74.347  5.930 0.6000000238
14205  -8.537  -74.186  5.227 0.6999999881
14154  -4.832  -74.088  9.083 0.4000000060
14127  -9.398  -73.057  11.459 0.3000000119
134635  -8.899  -74.276  3.832 0.8000000119
13071  -6.300  -74.899  8.325 0.4000000060
13056  -5.435  -74.402  9.512 0.4000000060
13034  -7.855  -74.060  11.665 0.3000000119
13161  -9.537  -74.366  1.337 0.6000000238
11905  -5.865  -75.078  9.209 0.4000000060
13045  -5.876  -74.789  10.286 0.4000000060
13033  -6.889  -74.441  11.394 0.3000000119
11866  -7.594  -75.029  11.761 0.3000000119
150296  -9.401  -74.157  0.572 0.6000000238
11865  -6.543  -75.419  11.496 0.3000000119
11853  -8.657  -75.644  11.874 0.3000000119
10808  -6.936  -76.764  12.449 0.3000000119
18926  -7.386  -69.352  -15.847 0.6999999881
17934  -14.172  -70.721  -25.472 0.6000000238
18940  -8.112  -69.710  -17.063 0.6999999881
25046  -8.214  -63.694  -21.455 0.6000000238
25019  -8.614  -63.725  -20.345 0.6000000238
18955  -8.900  -69.367  -17.714 0.6000000238
19067  -14.121  -69.788  -25.599 0.6000000238
139243  -7.344  -67.959  -20.829 0.8000000119
18977  -9.488  -69.133  -18.467 0.6000000238
16807  -13.437  -71.459  -23.436 0.6000000238
19011  -7.070  -69.606  -20.575 0.6999999881
18995  -9.495  -69.021  -19.405 0.6000000238
17916  -14.098  -70.272  -24.743 0.6000000238
18994  -8.867  -68.993  -19.812 0.6000000238
19013  -9.582  -69.459  -20.034 0.6000000238
135477  -13.544  -70.469  -23.117 0.6000000238
17903  -14.342  -69.929  -24.105 0.6000000238
17841  -10.685  -70.216  -20.549 0.6000000238
17842  -11.493  -70.018  -20.761 0.6000000238
16758  -11.747  -71.551  -21.827 0.6000000238
17886  -12.973  -70.488  -22.347 0.6000000238
131498  -13.655  -70.270  -22.398 0.6000000238
17865  -12.337  -70.507  -21.824 0.6000000238
17844  -13.575  -69.907  -20.628 0.6000000238
14180  -4.950  -73.890  6.994 0.5000000000
14170  -4.058  -73.889  8.392 0.5000000000
14212  -8.009  -74.091  4.849 0.6999999881
147554  -8.145  -74.239  3.361 0.6999999881
14126  -8.181  -73.170  11.420 0.4000000060
13145  -8.786  -74.322  2.003 0.6000000238
131056  -9.797  -69.239  -13.959 0.6999999881
20096  -6.942  -69.056  -16.807 0.8000000119
26309  -8.081  -62.875  -20.419 0.5000000000
22544  -8.417  -66.102  -20.320 0.8000000119
137826  -8.029  -67.570  -19.226 0.8000000119
157955  -7.923  -67.299  -19.815 0.8000000119
20133  -8.677  -68.611  -19.404 0.6999999881
18997  -11.019  -69.653  -19.567 0.6000000238
17840  -8.949  -70.381  -20.413 0.6000000238
17843  -12.494  -69.838  -20.954 0.6000000238
14179  -4.143  -73.797  7.873 0.5000000000
14190  -5.704  -73.125  6.499 0.6000000238
134578  -5.870  -72.816  9.648 0.5000000000
14155  -5.627  -73.616  9.777 0.4000000060
14204  -7.400  -73.591  5.286 0.6999999881
14211  -7.562  -73.612  4.480 0.6000000238
138001  -6.115  -73.745  10.568 0.4000000060
154224  -7.395  -72.788  10.796 0.4000000060
14285  -7.934  -73.785  0.183 0.6999999881
18906  -9.016  -68.931  -13.888 0.6999999881
18907  -10.264  -69.111  -13.411 0.6999999881
18915  -7.499  -68.991  -15.046 0.8000000119
157803  -7.492  -62.669  -18.949 0.5000000000
23749  -8.414  -64.688  -18.986 0.6000000238
138127  -7.819  -67.958  -18.445 0.8000000119
26267  -7.687  -63.306  -18.389 0.5000000000
22531  -8.382  -65.641  -19.452 0.6999999881
18976  -8.826  -68.916  -18.411 0.6999999881
17887  -14.582  -70.116  -22.991 0.6000000238
17819  -11.325  -69.653  -20.075 0.6000000238
154448  -14.903  -70.147  -21.489 0.6000000238
133581  -14.483  -70.202  -20.261 0.6000000238
15334  -4.713  -73.300  7.196 0.5000000000
15320  -5.219  -72.690  8.698 0.5000000000
16378  -6.942  -72.340  9.592 0.5000000000
14128  -10.639  -72.976  11.729 0.3000000119
15356  -6.500  -72.082  5.613 0.6999999881
15283  -8.738  -72.344  10.729 0.3000000119
15365  -6.583  -72.053  4.584 0.6000000238
14220  -7.481  -73.834  3.706 0.6999999881
15268  -9.950  -72.493  11.189 0.3000000119
14219  -6.662  -73.573  3.375 0.6000000238
14284  -6.931  -73.826  0.337 0.6999999881
22492  -6.972  -66.406  -17.426 0.8000000119
22493  -7.619  -65.917  -18.085 0.6000000238
21279  -7.371  -67.143  -18.087 0.6999999881
18941  -9.208  -69.732  -16.981 0.6000000238
21296  -7.818  -67.173  -18.794 0.8000000119
18957  -10.439  -69.694  -17.887 0.6000000238
18978  -10.973  -69.735  -18.738 0.6000000238
140136  -12.604  -69.795  -19.359 0.6000000238
17821  -13.026  -69.735  -19.972 0.6000000238
148701  -15.616  -70.041  -21.432 0.5000000000
15344  -5.388  -72.457  6.842 0.5000000000
16395  -5.082  -72.377  8.133 0.5000000000
16436  -5.464  -71.616  7.330 0.6000000238
157175  -8.219  -72.204  9.145 0.5000000000
15373  -6.385  -72.695  3.810 0.6999999881
16359  -9.849  -72.164  10.334 0.3000000119
15284  -9.506  -72.294  10.740 0.3000000119
15286  -10.923  -72.441  11.127 0.3000000119
15364  -6.070  -71.842  4.111 0.6999999881
14218  -5.590  -73.529  3.173 0.6999999881
16360  -10.475  -72.206  10.392 0.3000000119
16382  -11.482  -72.006  9.570 0.3000000119
143252  -7.499  -68.631  -14.235 0.8000000119
136584  -6.149  -67.365  -15.014 0.8000000119
132926  -6.221  -67.227  -15.861 0.8000000119
23722  -7.412  -65.137  -17.490 0.6000000238
20076  -6.810  -68.993  -15.604 0.8000000119
18917  -9.190  -69.263  -14.634 0.6999999881
136851  -7.256  -64.249  -16.857 0.6000000238
21254  -6.445  -67.888  -16.426 0.8000000119
18929  -10.410  -69.683  -15.467 0.6000000238
23735  -8.017  -64.800  -18.182 0.6000000238
149199  -10.821  -69.882  -17.160 0.6000000238
17779  -12.413  -69.963  -16.794 0.6000000238
18958  -11.249  -70.018  -17.760 0.6000000238
17786  -12.927  -70.086  -17.483 0.6000000238
151902  -11.742  -70.013  -18.339 0.6000000238
150245  -13.624  -70.169  -18.350 0.6000000238
17803  -14.145  -70.160  -18.965 0.6000000238
16419  -5.520  -71.335  8.108 0.5000000000
16397  -6.957  -71.890  8.971 0.5000000000
16437  -6.166  -71.146  6.321 0.6000000238
16398  -7.981  -71.676  8.453 0.5000000000
138693  -5.200  -70.450  4.593 0.6999999881
17449  -6.638  -71.098  8.420 0.5000000000
16379  -9.501  -72.013  9.472 0.5000000000
14235  -6.156  -73.904  2.671 0.6999999881
16381  -10.907  -71.846  9.681 0.3000000119
141599  -6.427  -73.902  1.147 0.6999999881
22412  -5.925  -66.139  -12.790 0.5000000000
21226  -6.972  -67.925  -13.066 0.8000000119
23666  -6.109  -65.504  -14.376 0.6000000238
22447  -6.229  -65.599  -15.302 0.6000000238
156826  -6.120  -66.630  -15.389 0.6999999881
26251  -6.889  -63.590  -16.759 0.5000000000
24977  -6.765  -63.940  -16.160 0.5000000000
138278  -6.549  -64.988  -16.145 0.6000000238
144748  -11.824  -69.537  -14.434 0.6000000238
22471  -6.467  -66.844  -16.677 0.6999999881
18931  -11.957  -69.683  -15.165 0.6000000238
130527  -11.866  -69.800  -16.041 0.6000000238
18944  -12.795  -69.768  -16.062 0.6000000238
17787  -13.824  -70.257  -17.525 0.6000000238
143116  -5.660  -71.015  7.581 0.6000000238
17491  -5.945  -70.278  5.809 0.6000000238
17467  -5.923  -70.271  7.222 0.6000000238
17470  -7.834  -70.840  8.038 0.5000000000
16420  -8.437  -71.378  8.010 0.5000000000
17452  -11.453  -70.729  8.414 0.5000000000
17450  -9.802  -71.222  7.724 0.5000000000
150828  -10.895  -71.257  9.026 0.4000000060
14234  -5.074  -74.048  2.595 0.5000000000
22413  -6.108  -66.736  -12.251 0.8000000119
21203  -7.552  -67.395  -11.490 0.8000000119
20028  -9.886  -68.153  -11.869 0.6999999881
21219  -7.201  -67.706  -12.293 0.8000000119
21204  -8.501  -67.528  -11.316 0.8000000119
23648  -6.103  -65.186  -13.455 0.5000000000
21218  -6.430  -67.471  -12.587 0.6999999881
23649  -6.329  -64.399  -14.275 0.6000000238
136226  -12.864  -69.606  -15.326 0.6000000238
17468  -6.107  -70.434  7.750 0.6000000238
17532  -4.509  -70.227  4.455 0.6999999881
18600  -5.810  -69.652  6.665 0.5000000000
18576  -6.148  -69.702  7.203 0.6000000238
146618  -7.970  -69.869  7.541 0.5000000000
17472  -10.384  -70.590  7.389 0.5000000000
15388  -4.137  -73.283  2.586 0.6000000238
22386  -7.086  -65.711  -10.850 0.8000000119
22388  -8.519  -66.302  -10.221 0.8000000119
22368  -9.685  -66.279  -9.431 0.6999999881
144974  -6.660  -64.323  -11.463 0.5000000000
21180  -8.909  -67.018  -10.642 0.8000000119
22390  -10.189  -66.576  -10.022 0.6999999881
22391  -10.933  -66.951  -9.735 0.6000000238
23634  -6.342  -65.188  -11.954 0.5000000000
153431  -6.332  -64.479  -12.947 0.5000000000
24906  -6.398  -63.861  -13.587 0.5000000000
22417  -6.001  -66.331  -13.717 0.6000000238
143476  -6.337  -63.879  -14.956 0.5000000000
18602  -8.673  -69.366  7.115 0.5000000000
17512  -4.901  -69.848  5.298 0.6999999881
145488  -5.251  -69.017  6.279 0.6000000238
17531  -4.056  -70.023  4.279 0.6999999881
18601  -5.888  -69.001  6.728 0.6000000238
19780  -7.333  -69.162  7.315 0.5000000000
18578  -9.091  -70.012  7.280 0.5000000000
16472  -4.222  -71.633  3.175 0.6000000238
18603  -9.393  -69.385  6.785 0.5000000000
18581  -11.679  -69.699  7.312 0.5000000000
15322  -13.658  -73.232  8.530 0.3000000119
23587  -6.918  -65.069  -8.542 0.6999999881
155506  -7.733  -65.612  -8.593 0.8000000119
22350  -9.995  -66.432  -8.563 0.8000000119
143884  -7.156  -64.308  -10.046 0.6999999881
23609  -7.171  -64.550  -9.366 0.6000000238
22367  -8.840  -66.103  -9.568 0.8000000119
23628  -7.100  -64.698  -10.753 0.6000000238
139819  -10.433  -66.784  -7.599 0.6000000238
22387  -7.715  -66.099  -10.403 0.8000000119
24944  -6.289  -63.302  -14.309 0.6000000238
153883  -4.020  -69.336  5.607 0.6000000238
18626  -4.559  -69.267  5.937 0.6999999881
19794  -5.390  -68.311  6.415 0.6000000238
19796  -7.286  -68.446  6.932 0.5000000000
17474  -12.894  -70.505  7.858 0.4000000060
17553  -3.987  -70.580  2.896 0.6000000238
17475  -13.911  -70.997  7.275 0.4000000060
24875  -5.874  -63.295  -9.146 0.5000000000
26123  -6.288  -63.096  -9.881 0.6000000238
145794  -11.492  -66.708  -8.636 0.6000000238
138004  -4.137  -67.474  5.673 0.6000000238
19797  -8.797  -68.769  6.719 0.5000000000
18625  -3.654  -68.949  5.269 0.6000000238
155360  -3.857  -68.894  5.884 0.6999999881
140783  -6.831  -67.717  6.579 0.6000000238
20951  -4.904  -67.602  6.197 0.8000000119
133730  -8.802  -67.987  6.331 0.5000000000
19799  -10.527  -68.826  6.279 0.5000000000
150469  -13.457  -69.965  7.248 0.5000000000
23533  -5.211  -64.650  -5.547 0.5000000000
23532  -4.605  -64.389  -4.988 0.5000000000
22288  -7.228  -66.563  -5.086 0.6999999881
22287  -6.326  -66.134  -5.544 0.6000000238
22310  -8.154  -66.748  -6.492 0.6999999881
155642  -9.200  -66.607  -5.372 0.6999999881
23568  -5.667  -64.518  -7.169 0.5000000000
22332  -6.753  -66.004  -7.068 0.6000000238
22311  -9.957  -66.615  -5.753 0.5000000000
24836  -6.066  -64.378  -7.999 0.6000000238
23569  -6.454  -65.251  -7.605 0.6999999881
138056  -8.252  -66.369  -8.135 0.8000000119
134408  -9.013  -66.778  -6.185 0.6999999881
149757  -9.824  -66.911  -6.775 0.6000000238
140652  -9.329  -66.772  -7.895 0.8000000119
23570  -7.310  -65.818  -7.867 0.8000000119
22335  -10.996  -66.717  -6.597 0.6000000238
22337  -12.626  -66.267  -7.035 0.6000000238
22352  -12.422  -66.655  -7.711 0.6000000238
138515  -3.467  -68.485  4.119 0.6999999881
20937  -7.804  -67.748  6.526 0.5000000000
19825  -3.396  -67.560  3.967 0.6000000238
22136  -4.281  -66.410  5.305 0.6999999881
20952  -5.591  -66.828  6.044 0.8000000119
148665  -11.642  -68.897  6.516 0.5000000000
22127  -8.376  -67.000  6.172 0.6000000238
20939  -10.427  -68.119  5.972 0.5000000000
19801  -12.096  -68.522  6.352 0.5000000000
22242  -6.561  -66.250  -3.258 0.6000000238
22269  -8.103  -66.423  -3.989 0.6999999881
140513  -8.846  -66.471  -4.647 0.6999999881
23549  -5.465  -64.690  -6.293 0.5000000000
22289  -8.253  -66.728  -5.490 0.6999999881
23517  -9.990  -66.068  -4.739 0.6999999881
22333  -7.695  -66.498  -7.191 0.6999999881
22334  -8.660  -66.866  -7.162 0.8000000119
24804  -10.938  -65.218  -5.599 0.6000000238
22312  -10.810  -66.417  -5.835 0.6000000238
22314  -12.256  -65.993  -6.509 0.6000000238
23571  -12.945  -65.731  -6.953 0.6000000238
20968  -3.750  -66.664  4.799 0.6000000238
22125  -6.452  -67.133  6.312 0.6000000238
22154  -3.663  -65.737  4.541 0.6999999881
22137  -4.924  -66.080  5.636 0.8000000119
20953  -9.935  -67.283  5.662 0.5000000000
20940  -11.439  -67.987  5.880 0.5000000000
22168  -2.865  -65.741  3.135 0.6000000238
22140  -8.497  -66.070  5.784 0.6000000238
22128  -9.203  -66.678  5.807 0.5000000000
19802  -13.516  -68.330  6.501 0.5000000000
19803  -14.253  -68.749  6.140 0.5000000000
22286  -5.636  -65.262  -4.893 0.6000000238
22309  -7.204  -66.464  -6.194 0.6999999881
24786  -10.016  -65.612  -4.838 0.5000000000
23534  -10.502  -65.857  -5.161 0.6000000238
154242  -11.039  -64.676  -6.059 0.6000000238
24821  -11.739  -64.863  -6.237 0.6000000238
22138  -6.625  -66.447  6.034 0.6000000238
20941  -12.353  -67.794  5.934 0.5000000000
23393  -4.322  -64.478  4.512 0.6999999881
23371  -5.102  -65.157  5.197 0.6999999881
137382  -7.734  -65.370  5.650 0.6999999881
132200  -9.309  -65.895  5.598 0.6000000238
22141  -10.641  -66.652  5.425 0.6000000238
19814  -14.034  -67.775  6.130 0.5000000000
133246  -4.476  -63.648  3.995 0.8000000119
23374  -8.650  -65.193  5.580 0.6999999881
134266  -10.082  -65.823  5.418 0.6000000238
20955  -11.643  -67.185  5.517 0.5000000000
24670  -4.840  -63.517  3.451 0.8000000119
22227  -6.028  -65.760  -2.746 0.5000000000
22229  -7.664  -66.064  -3.099 0.6999999881
22244  -8.173  -66.131  -3.543 0.6999999881
25989  -6.707  -64.256  -2.722 0.4000000060
24759  -7.827  -64.929  -3.299 0.6999999881
24802  -9.236  -64.515  -5.154 0.6999999881
23516  -9.390  -65.885  -4.350 0.6999999881
26056  -9.457  -64.200  -5.823 0.6000000238
24820  -10.399  -64.446  -5.966 0.6000000238
20957  -13.913  -66.969  5.857 0.5000000000
24629  -6.079  -64.177  5.056 0.8000000119
23373  -6.881  -64.698  5.422 0.8000000119
19815  -14.666  -68.253  5.684 0.5000000000
24630  -8.938  -64.341  5.443 0.6999999881
22142  -11.434  -66.418  5.308 0.6000000238
22143  -12.199  -66.550  5.323 0.5000000000
136626  -15.368  -68.245  5.155 0.5000000000
25894  -5.095  -63.077  3.826 0.6999999881
23424  -6.351  -64.383  2.532 0.6000000238
25914  -5.419  -62.832  3.334 0.8000000119
24687  -6.860  -63.809  2.228 0.6000000238
24760  -8.457  -65.138  -3.768 0.6999999881
24783  -7.919  -64.436  -4.053 0.6000000238
26039  -7.954  -64.113  -4.827 0.6000000238
26055  -8.497  -64.014  -5.487 0.5000000000
26066  -9.701  -64.005  -6.754 0.6000000238
28610  -6.635  -61.500  -6.625 0.5000000000
19826  -16.067  -68.153  4.674 0.4000000060
24649  -5.611  -63.386  4.447 0.6999999881
24632  -10.345  -65.029  5.256 0.6000000238
23377  -11.733  -65.785  5.116 0.6000000238
22146  -15.077  -66.738  5.238 0.5000000000
20971  -17.504  -67.672  4.002 0.4000000060
144140  -6.714  -63.760  5.091 0.8000000119
134085  -7.826  -64.327  5.417 0.8000000119
22145  -14.441  -66.498  5.491 0.5000000000
20970  -16.486  -67.444  4.290 0.5000000000
27199  -6.146  -61.978  2.575 0.6000000238
27212  -7.420  -61.781  1.450 0.6000000238
26012  -6.604  -63.612  -3.049 0.4000000060
27325  -6.041  -62.550  -4.055 0.5000000000
154806  -7.284  -62.903  -5.781 0.6000000238
150778  -5.912  -62.196  -4.822 0.5000000000
28589  -5.544  -60.939  -5.504 0.5000000000
27363  -7.499  -62.431  -6.511 0.6000000238
23396  -13.849  -65.134  5.106 0.5000000000
25896  -6.629  -62.892  4.474 0.8000000119
24633  -11.222  -64.905  5.070 0.6000000238
131927  -15.812  -65.828  4.809 0.5000000000
25878  -7.454  -63.458  5.044 0.8000000119
24651  -12.608  -64.472  4.585 0.6000000238
149336  -17.224  -66.924  3.757 0.4000000060
25897  -7.747  -62.814  4.680 0.8000000119
25898  -8.856  -62.893  4.764 0.8000000119
25881  -10.304  -63.576  5.134 0.6999999881
24650  -11.166  -63.966  5.013 0.6000000238
24652  -13.423  -64.497  4.629 0.6000000238
28415  -8.071  -61.390  2.793 0.8000000119
27174  -5.945  -62.294  3.271 0.6999999881
28435  -7.121  -61.380  1.929 0.6000000238
28436  -7.677  -60.986  1.985 0.6999999881
27324  -5.306  -61.889  -4.381 0.4000000060
26037  -6.732  -63.252  -3.816 0.6000000238
28567  -5.602  -61.565  -5.123 0.5000000000
28608  -5.732  -60.452  -6.263 0.5000000000
28609  -5.941  -60.583  -6.897 0.6000000238
143538  -9.613  -62.529  4.496 0.8000000119
25899  -11.103  -63.153  4.784 0.6999999881
27153  -11.784  -62.629  4.486 0.6999999881
27149  -7.100  -62.133  4.096 0.6999999881
27177  -8.545  -61.831  3.645 0.8000000119
28394  -10.830  -61.801  4.064 0.8000000119
28395  -11.543  -61.876  4.162 0.6999999881
27213  -8.672  -61.893  0.646 0.6999999881
29625  -8.972  -60.352  1.472 0.6000000238
28473  -9.597  -61.036  -0.005 0.6999999881
29772  -5.532  -60.320  -5.457 0.5000000000
27178  -9.451  -61.902  3.939 0.8000000119
27156  -14.783  -62.570  4.520 0.6000000238
28418  -11.158  -61.341  3.533 0.8000000119
28396  -12.386  -62.054  4.144 0.6999999881
28416  -9.082  -61.427  3.030 0.8000000119
28417  -10.156  -61.490  3.414 0.8000000119
28438  -9.561  -60.897  2.329 0.8000000119
28474  -10.129  -61.075  -0.289 0.6999999881
30756  -10.621  -59.429  -0.173 0.6000000238
27233  -10.556  -61.804  0.405 0.6000000238
29684  -11.015  -60.037  -1.195 0.6999999881
30744  -22.083  -58.586  1.558 0.6000000238
29653  -24.604  -60.738  0.649 0.5000000000
30840  -5.364  -59.496  -4.828 0.5000000000
130675  -6.560  -60.965  -7.617 0.6000000238
146935  -5.642  -59.618  -5.822 0.4000000060
154489  -5.737  -59.216  -6.581 0.4000000060
29604  -10.606  -60.756  2.693 0.8000000119
28420  -13.072  -61.522  3.665 0.6000000238
29605  -11.585  -60.605  3.098 0.8000000119
29606  -12.536  -60.599  3.277 0.8000000119
28397  -14.021  -61.441  3.691 0.6000000238
29628  -12.057  -59.898  2.632 0.8000000119
29629  -12.998  -59.759  3.008 0.8000000119
28441  -19.226  -60.872  2.657 0.5000000000
30774  -10.756  -59.655  -0.895 0.6999999881
29685  -11.862  -60.125  -1.442 0.6999999881
28476  -11.835  -61.322  -0.125 0.6000000238
31882  -21.254  -58.328  1.697 0.6000000238
31861  -21.459  -58.530  2.132 0.6000000238
29702  -13.500  -60.415  -2.610 0.6000000238
31883  -21.891  -58.276  1.240 0.6000000238
30807  -16.061  -59.572  -4.164 0.6000000238
30829  -18.204  -59.622  -4.537 0.6000000238
29738  -18.507  -60.100  -4.988 0.6000000238
29719  -21.779  -60.437  -3.146 0.6000000238
30811  -22.284  -60.085  -2.313 0.6000000238
30824  -4.905  -59.417  -3.751 0.4000000060
33188  -5.933  -58.142  -5.988 0.4000000060
32014  -5.580  -58.791  -5.417 0.5000000000
30709  -20.990  -59.477  3.448 0.5000000000
30757  -11.316  -59.169  -0.609 0.6999999881
30775  -11.470  -59.667  -1.165 0.6999999881
29701  -13.071  -59.696  -2.421 0.6999999881
33062  -20.919  -58.300  1.166 0.6000000238
30791  -13.574  -59.541  -2.921 0.6999999881
31958  -14.980  -58.463  -3.282 0.6000000238
31984  -17.324  -58.897  -3.753 0.6000000238
30810  -21.401  -59.861  -2.496 0.6000000238
30813  -24.355  -60.105  -2.801 0.6000000238
30833  -25.116  -58.925  -3.537 0.5000000000
31998  -5.117  -58.322  -4.124 0.5000000000
30759  -12.664  -58.774  -0.021 0.8000000119
31874  -13.690  -58.431  0.895 0.6999999881
31898  -15.325  -57.747  0.797 0.6000000238
31877  -16.286  -58.107  1.311 0.6000000238
31879  -18.089  -58.302  1.299 0.6000000238
33060  -18.465  -58.239  0.957 0.6000000238
30758  -11.907  -59.068  -1.068 0.6999999881
31896  -13.493  -58.663  -0.226 0.6999999881
31914  -14.185  -58.482  -0.538 0.6999999881
33101  -16.348  -57.429  -0.061 0.6000000238
33079  -17.868  -58.057  0.517 0.6000000238
33064  -22.320  -57.781  0.294 0.5000000000
30776  -12.659  -59.000  -1.316 0.6999999881
31929  -13.221  -58.823  -1.511 0.6999999881
33100  -15.623  -57.702  0.137 0.6000000238
33125  -18.147  -57.750  -0.854 0.5000000000
33104  -19.534  -58.313  -0.245 0.5000000000
33129  -22.179  -57.677  -1.062 0.5000000000
33083  -23.288  -57.714  0.161 0.5000000000
31931  -14.884  -58.238  -2.338 0.8000000119
33123  -16.557  -57.713  -1.017 0.6000000238
142788  -18.933  -58.158  -0.841 0.5000000000
33128  -21.602  -57.759  -1.275 0.5000000000
33131  -24.320  -57.690  -0.351 0.5000000000
31902  -25.907  -58.045  0.010 0.5000000000
31885  -27.689  -58.471  1.442 0.4000000060
135395  -27.642  -58.168  -0.291 0.3000000119
31932  -15.846  -57.929  -2.421 0.6000000238
31934  -17.906  -57.834  -1.846 0.6000000238
33126  -19.831  -58.001  -1.431 0.5000000000
31937  -21.023  -57.817  -1.826 0.6000000238
33110  -25.070  -57.723  -0.296 0.5000000000
31918  -27.006  -58.406  -0.689 0.5000000000
156776  -28.969  -57.289  0.139 0.3000000119
147773  -18.634  -57.998  -2.191 0.6000000238
30808  -19.631  -58.951  -3.201 0.6000000238
31965  -21.935  -59.207  -1.952 0.6000000238
152406  -24.684  -58.933  -1.445 0.5000000000
151085  -27.621  -58.233  -1.088 0.5000000000
157737  -28.966  -56.570  -0.887 0.3000000119
30793  -23.878  -59.205  -1.642 0.6000000238
145007  -24.027  -60.095  -2.280 0.6000000238
30814  -25.688  -59.161  -2.406 0.6000000238
33133  -28.353  -57.359  -1.553 0.5000000000
34236  -28.571  -56.423  -1.611 0.5000000000
31967  -27.018  -58.194  -2.617 0.6000000238
33173  -5.033  -56.835  -3.861 0.4000000060
33105  -20.603  -58.197  -0.539 0.5000000000
31915  -14.906  -58.219  -0.863 0.6999999881
147050  -22.727  -57.816  -0.878 0.5000000000
34226  -29.562  -56.171  0.563 0.3000000119
33086  -28.315  -57.745  0.089 0.3000000119
33088  -29.268  -56.916  0.691 0.3000000119
34246  -29.051  -55.836  -1.003 0.4000000060
136302  -6.116  -55.755  -5.295 0.4000000060
35440  -7.499  -54.270  -6.009 0.4000000060
143077  -7.187  -56.054  -6.394 0.6000000238
141459  -8.922  -55.765  -6.366 0.6000000238
39882  -31.259  -52.047  -0.290 0.4000000060
39859  -28.583  -51.350  -1.366 0.4000000060
137723  -29.757  -51.061  -1.373 0.4000000060
38680  -32.625  -52.681  -0.355 0.4000000060
39836  -29.278  -52.102  1.850 0.4000000060
41069  -28.882  -51.403  1.847 0.4000000060
39858  -28.303  -51.594  -0.470 0.4000000060
38709  -33.559  -52.718  -2.477 0.4000000060
38721  -33.241  -52.526  -3.678 0.5000000000
43400  -26.228  -49.238  3.143 0.3000000119
42283  -27.534  -49.768  2.922 0.3000000119
41068  -28.024  -50.367  2.461 0.3000000119
39880  -28.349  -50.934  -1.287 0.4000000060
39862  -32.729  -51.446  0.291 0.4000000060
39884  -33.576  -51.477  -0.800 0.4000000060
144094  -28.399  -50.925  1.878 0.4000000060
145898  -33.381  -52.049  -2.946 0.4000000060
42281  -26.159  -49.524  2.142 0.3000000119
38734  -33.230  -52.561  -5.189 0.5000000000
42297  -26.616  -50.174  1.375 0.3000000119
41104  -27.544  -50.839  -0.166 0.5000000000
42379  -32.908  -50.378  -2.839 0.4000000060
41202  -32.245  -51.693  -4.884 0.5000000000
41174  -33.006  -51.756  -4.532 0.5000000000
42400  -32.193  -50.088  -3.880 0.5000000000
145330  -30.618  -50.312  -5.023 0.5000000000
41172  -31.175  -50.176  -4.648 0.5000000000
44554  -31.396  -48.237  -2.892 0.4000000060
43497  -30.770  -48.850  -4.198 0.5000000000
42399  -31.466  -49.642  -4.109 0.5000000000
152454  -28.623  -49.091  -5.076 0.5000000000
43515  -29.169  -49.041  -4.905 0.5000000000
44561  -30.410  -47.392  -3.882 0.5000000000
43482  -30.876  -48.094  -3.692 0.5000000000
43495  -29.422  -48.221  -4.675 0.5000000000
43514  -28.530  -48.487  -4.969 0.5000000000
44560  -29.731  -47.438  -4.428 0.5000000000
44576  -27.924  -47.833  -5.009 0.5000000000
44559  -28.777  -47.483  -4.740 0.5000000000
45630  -27.668  -46.370  -4.874 0.4000000060
138917  -28.650  -46.510  -4.587 0.5000000000
141921  -27.141  -47.157  -4.859 0.5000000000
44570  -22.513  -47.112  -5.388 0.3000000119
46762  -26.221  -45.995  -5.238 0.4000000060
44572  -24.440  -46.853  -5.238 0.3000000119
46728  -29.773  -45.633  -3.469 0.3000000119
45602  -28.365  -45.850  -4.588 0.4000000060
45628  -23.841  -46.268  -5.379 0.3000000119
46761  -25.010  -45.447  -5.529 0.3000000119
151699  -6.982  -90.248  -17.156 0.6000000238
2581  -8.473  -87.370  -11.495 0.8000000119
1743  -6.210  -88.603  -13.303 0.8000000119
391  -8.043  -93.149  -18.843 0.5000000000
2539  -9.161  -87.641  -9.416 0.6999999881
139303  -11.472  -93.813  -17.821 0.6000000238
154624  -10.569  -81.440  1.819 0.6999999881
66  -9.618  -93.558  -13.642 0.6999999881
7174  -8.856  -79.916  4.195 0.6000000238
8060  -8.446  -79.601  2.050 0.6000000238
8109  -6.838  -80.166  -0.928 0.8000000119
7245  -6.056  -80.512  -1.356 1.0000000000
374  -17.800  -93.289  -17.309 0.6000000238
215  -16.870  -94.113  -18.171 0.6999999881
8041  -7.291  -79.334  2.436 0.6000000238
8137  -5.235  -79.746  -4.118 0.8999999762
155424  -11.696  -86.077  -6.246 0.6999999881
5027  -13.527  -82.959  -8.710 0.8999999762
7551  -8.542  -80.546  -30.771 0.6000000238
8990  -5.898  -78.981  -4.307 0.8999999762
4302  -14.306  -84.470  -5.455 0.8999999762
153592  -24.403  -85.491  -27.715 0.5000000000
16880  -9.421  -71.309  -28.379 0.6999999881
7552  -11.894  -81.265  -30.721 0.6999999881
7561  -13.957  -81.497  -31.348 0.6999999881
9329  -14.511  -78.456  -32.313 0.6999999881
6314  -9.220  -81.524  10.917 0.5000000000
9966  -9.554  -77.387  -1.837 0.6000000238
7532  -11.197  -80.272  -27.965 0.6000000238
8393  -14.510  -79.508  -30.812 0.5000000000
11403  -15.139  -76.016  -32.852 0.6000000238
10370  -14.330  -77.449  -33.892 0.6999999881
7625  -17.872  -79.962  -36.059 0.5000000000
9967  -10.813  -77.157  -1.433 0.8000000119
12512  -15.019  -75.714  -33.504 0.6000000238
9330  -19.990  -77.527  -32.349 0.4000000060
139720  -10.825  -78.064  8.980 0.6000000238
12406  -11.440  -75.711  -26.113 0.5000000000
6041  -20.592  -81.968  -34.409 0.4000000060
13178  -11.422  -75.315  0.445 0.6000000238
13031  -6.064  -75.681  10.670 0.4000000060
14630  -13.215  -73.137  -23.411 0.6000000238
15695  -12.231  -73.005  -22.441 0.6000000238
15267  -9.001  -72.562  11.067 0.3000000119
138722  -6.827  -68.523  -14.828 0.8000000119
18918  -10.094  -69.496  -14.683 0.6000000238
20068  -6.753  -68.095  -13.939 0.8000000119
16473  -4.519  -71.672  3.555 0.6999999881
16474  -5.031  -71.881  3.809 0.6999999881
17451  -10.733  -70.892  8.208 0.5000000000
23610  -7.616  -65.061  -10.058 0.6999999881
22366  -8.138  -65.723  -9.724 0.8000000119
17473  -11.239  -70.307  7.747 0.5000000000
136662  -3.839  -69.954  3.543 0.6000000238
18580  -10.810  -69.934  7.051 0.5000000000
23392  -3.589  -64.822  4.213 0.6000000238
20954  -10.788  -67.476  5.608 0.5000000000
22241  -5.765  -65.753  -3.206 0.4000000060
20942  -13.282  -67.523  6.092 0.5000000000
25933  -5.771  -62.583  2.808 0.6999999881
27148  -6.335  -62.289  3.820 0.6999999881
143985  -8.091  -62.105  1.076 0.6000000238
27350  -6.699  -62.191  -5.852 0.6000000238
22171  -17.144  -65.978  3.741 0.5000000000
28543  -4.574  -61.425  -3.681 0.4000000060
28590  -5.936  -61.289  -5.903 0.5000000000
28566  -5.206  -61.053  -4.636 0.4000000060
144186  -5.626  -59.993  -6.566 0.4000000060
31899  -22.679  -58.092  0.775 0.5000000000
30761  -24.016  -58.729  0.524 0.5000000000
31900  -23.647  -58.010  0.497 0.5000000000
30722  -12.527  -59.322  1.952 0.8000000119
137178  -19.183  -59.427  2.302 0.6000000238
30728  -20.914  -58.985  3.007 0.5000000000
30762  -24.877  -58.887  0.324 0.5000000000
31901  -24.482  -57.931  0.335 0.5000000000
33127  -20.894  -57.908  -1.488 0.5000000000
139809  -5.527  -57.700  -4.955 0.5000000000
30741  -11.274  -59.319  0.405 0.6000000238
30721  -11.632  -59.512  1.505 0.8000000119
30743  -13.035  -58.749  1.323 0.8000000119
152204  -26.090  -58.838  -1.719 0.6000000238
30794  -24.592  -59.589  -2.108 0.6000000238
33149  -27.929  -56.820  -2.365 0.5000000000
151394  -5.532  -56.966  -4.716 0.5000000000
34215  -29.080  -56.233  2.218 0.3000000119
36428  -29.688  -54.704  1.382 0.3000000119
41122  -28.016  -50.660  -0.910 0.5000000000
41173  -32.475  -50.867  -4.078 0.5000000000
42360  -32.404  -49.279  -2.459 0.4000000060
44550  -31.484  -47.855  -2.096 0.4000000060
45599  -30.395  -46.796  -3.258 0.4000000060
853  -10.123  -91.671  -5.188 0.5000000000
525  -9.835  -92.480  -4.946 0.5000000000
1228  -13.346  -90.323  -4.020 0.5000000000
1227  -12.765  -90.723  -4.660 0.5000000000
845  -11.808  -91.465  -3.984 0.5000000000
284  -9.933  -92.893  -4.914 0.5000000000
291  -9.637  -93.039  -5.632 0.5000000000
2443  -10.388  -87.712  4.465 0.4000000060
1208  -14.327  -90.405  -1.190 0.5000000000
512  -10.973  -92.930  -3.235 0.5000000000
126  -10.411  -93.653  -8.614 0.6000000238
118  -10.016  -93.530  -7.524 0.6000000238
143  -8.655  -93.077  -10.277 0.6999999881
136  -9.649  -93.463  -9.155 0.6000000238
2942  -10.861  -86.932  3.555 0.3000000119
49  -10.737  -93.786  -11.737 0.6999999881
58  -10.108  -93.571  -12.374 0.6999999881
135744  -10.300  -93.649  -13.170 0.6999999881
3149  -19.145  -86.489  -16.301 0.3000000119
157218  -11.721  -94.882  -16.083 0.6999999881
2221  -21.522  -88.272  -18.851 0.5000000000
2227  -22.051  -88.585  -19.239 0.6000000238
155532  -8.937  -83.253  -12.463 0.6999999881
84  -13.549  -95.119  -16.273 0.6999999881
692  -26.077  -91.243  -22.492 0.6999999881
8385  -8.618  -79.035  -29.706 0.5000000000
8384  -7.849  -79.587  -29.127 0.5000000000
148206  -21.647  -84.148  -24.784 0.5000000000
147964  -21.626  -80.800  -23.599 0.5000000000
185  -14.583  -93.682  -16.575 0.6000000238
131355  -15.923  -92.936  -16.930 0.6000000238
17930  -5.791  -70.235  -26.259 0.5000000000
130569  -24.325  -88.027  -21.040 0.6000000238
991  -26.345  -90.054  -22.766 0.6999999881
1819  -27.140  -86.304  -22.347 0.5000000000
7550  -8.058  -81.143  -30.182 0.5000000000
130178  -24.391  -81.100  -24.630 0.6000000238
148203  -21.544  -79.979  -24.018 0.5000000000
9975  -7.383  -77.606  -2.312 0.8000000119
15766  -5.718  -71.650  -27.421 0.6999999881
8398  -9.481  -79.854  -32.044 0.8000000119
148177  -25.017  -81.812  -26.121 0.6000000238
148225  -22.882  -80.858  -25.394 0.6999999881
148213  -19.979  -79.687  -25.875 0.5000000000
22611  -7.886  -66.941  -25.496 0.6999999881
8408  -10.239  -80.194  -32.541 0.8000000119
2727  -25.642  -87.970  -27.792 0.4000000060
2740  -25.509  -87.218  -28.648 0.4000000060
8402  -18.375  -79.180  -31.483 0.5000000000
8405  -21.121  -79.453  -31.047 0.4000000060
146696  -14.110  -81.201  -29.780 0.5000000000
9322  -19.590  -78.624  -31.379 0.4000000060
9340  -19.237  -77.731  -32.504 0.4000000060
7059  -6.259  -80.620  15.173 0.3000000119
22584  -8.667  -65.830  -23.894 0.6999999881
129910  -23.993  -86.126  -30.600 0.4000000060
10948  -11.668  -76.550  -0.748 0.6999999881
10961  -10.809  -76.769  -1.969 0.6000000238
9978  -10.416  -77.122  -2.899 0.6000000238
139349  -7.537  -64.948  -22.889 0.6999999881
7547  -13.574  -81.361  -29.047 0.5000000000
12029  -10.896  -75.722  -2.310 0.6000000238
23825  -8.266  -65.187  -23.317 0.6999999881
14261  -7.832  -74.154  1.916 0.6999999881
14307  -8.384  -73.836  -0.708 0.6000000238
14236  -7.299  -74.107  2.827 0.6000000238
135751  -7.429  -73.850  1.079 0.6999999881
14259  -5.743  -74.037  1.926 0.6999999881
15372  -5.277  -72.746  3.564 0.6999999881
16491  -4.432  -72.586  3.268 0.6999999881
15306  -12.114  -72.800  10.299 0.3000000119
20047  -8.549  -68.327  -12.607 0.8000000119
135175  -8.849  -68.621  -13.222 0.8000000119
20050  -11.290  -68.704  -12.493 0.6000000238
18896  -10.937  -69.168  -13.244 0.6000000238
18920  -12.549  -69.484  -14.559 0.6000000238
18909  -12.202  -69.355  -13.843 0.6000000238
131722  -3.998  -71.225  2.287 0.5000000000
16401  -11.447  -71.286  8.960 0.4000000060
132932  -12.171  -72.380  9.272 0.3000000119
14171  -13.559  -73.398  9.206 0.3000000119
21205  -9.425  -67.589  -11.243 0.6999999881
21182  -10.683  -67.238  -10.444 0.6000000238
16421  -13.439  -71.641  7.785 0.3000000119
16422  -14.296  -72.031  7.269 0.3000000119
18659  -3.441  -68.893  2.978 0.6000000238
19798  -9.663  -68.659  6.319 0.5000000000
16438  -15.488  -71.958  7.034 0.3000000119
139355  -15.133  -70.847  6.182 0.4000000060
130810  -12.892  -68.821  6.930 0.5000000000
18607  -13.775  -69.300  6.770 0.5000000000
18608  -14.818  -69.981  6.003 0.4000000060
17514  -15.778  -70.396  5.768 0.4000000060
26067  -11.785  -64.325  -6.969 0.6000000238
18627  -15.314  -69.230  5.469 0.5000000000
143167  -6.904  -62.368  1.571 0.5000000000
24740  -6.718  -65.013  -2.601 0.6999999881
23397  -14.667  -65.111  5.208 0.6000000238
25901  -12.995  -63.746  4.391 0.6000000238
24654  -15.043  -64.375  5.008 0.6000000238
23399  -16.319  -65.237  4.425 0.5000000000
25902  -13.838  -63.774  4.605 0.6000000238
27157  -15.562  -62.764  4.603 0.6000000238
30710  -21.315  -59.565  3.267 0.5000000000
28495  -12.581  -60.562  -1.231 0.6000000238
153102  -23.569  -59.564  0.584 0.5000000000
29700  -12.426  -59.562  -1.649 0.6999999881
29686  -12.840  -60.278  -1.938 0.6000000238
152854  -14.065  -61.027  -2.443 0.6000000238
30806  -15.309  -59.628  -3.792 0.6000000238
29718  -20.961  -60.035  -3.463 0.6000000238
29720  -22.672  -60.578  -3.073 0.6000000238
30832  -24.535  -59.519  -3.733 0.5000000000
28399  -15.268  -61.994  4.371 0.6000000238
27179  -16.075  -62.056  4.298 0.6000000238
155114  -19.369  -61.757  2.932 0.5000000000
29608  -14.506  -60.832  3.516 0.6999999881
29611  -20.647  -59.838  3.509 0.5000000000
145939  -20.413  -59.230  2.827 0.5000000000
30729  -21.162  -58.961  2.885 0.5000000000
29670  -25.173  -59.850  0.565 0.4000000060
30745  -26.037  -59.686  0.801 0.3000000119
30805  -14.458  -59.611  -3.371 0.6000000238
31959  -15.868  -58.509  -3.573 0.6999999881
31990  -26.466  -57.484  -3.242 0.6000000238
34261  -26.998  -55.788  -3.157 0.5000000000
29630  -14.050  -59.883  3.020 0.8000000119
145761  -13.453  -59.287  2.273 0.8000000119
149454  -18.487  -60.331  2.514 0.6000000238
31875  -14.582  -58.139  1.176 0.6999999881
31854  -14.981  -58.665  1.791 0.8000000119
30726  -17.048  -59.395  2.304 0.6000000238
30763  -25.688  -58.840  0.354 0.5000000000
30764  -26.537  -58.795  0.470 0.5000000000
154055  -6.008  -56.510  -6.023 0.5000000000
138046  -6.114  -57.386  -6.424 0.5000000000
31897  -14.406  -58.171  0.628 0.6999999881
34322  -6.424  -56.326  -6.152 0.5000000000
133177  -29.713  -53.990  0.926 0.4000000060
42344  -28.858  -50.474  -0.852 0.5000000000
155606  -31.221  -51.123  0.505 0.4000000060
136137  -27.401  -50.256  -0.678 0.4000000060
42354  -33.266  -50.068  -1.091 0.4000000060
42361  -32.759  -49.490  -1.680 0.4000000060
43469  -32.013  -48.295  -1.432 0.4000000060
44553  -30.927  -47.407  -2.897 0.4000000060
137852  -29.327  -46.871  -4.431 0.5000000000
154566  -30.117  -46.237  -3.590 0.3000000119
46725  -30.145  -45.914  -2.235 0.3000000119
45604  -30.030  -46.758  -4.076 0.5000000000
28493  -10.619  -60.502  -0.753 0.6999999881
846  -12.672  -91.291  -3.558 0.5000000000
292  -10.392  -93.197  -5.098 0.5000000000
513  -11.536  -92.827  -2.759 0.5000000000
32  -10.828  -93.732  -10.294 0.6999999881
145  -10.093  -93.549  -10.062 0.6999999881
148159  -23.043  -80.493  -23.486 0.6000000238
2712  -27.780  -87.412  -27.478 0.3000000119
9305  -19.835  -79.179  -30.690 0.4000000060
148211  -20.429  -79.517  -30.512 0.4000000060
23824  -8.021  -65.051  -23.574 0.6999999881
14308  -9.349  -73.901  -0.886 0.6000000238
138730  -8.815  -73.858  -1.430 0.6000000238
14286  -8.930  -73.928  0.006 0.6999999881
20048  -9.375  -68.478  -12.594 0.6999999881
20029  -10.798  -68.289  -11.771 0.6000000238
14158  -14.735  -73.235  9.045 0.3000000119
15336  -14.600  -72.627  7.496 0.3000000119
25916  -18.104  -63.849  3.351 0.5000000000
29715  -15.024  -60.780  -3.224 0.6000000238
155804  -16.130  -62.762  4.433 0.6000000238
141517  -16.714  -61.967  3.818 0.6000000238
28422  -18.188  -61.980  2.897 0.6000000238
148880  -15.486  -61.257  3.809 0.6000000238
140634  -16.441  -61.400  3.689 0.6000000238
29609  -16.035  -60.635  3.246 0.6000000238
28439  -17.665  -60.866  2.790 0.6000000238
28440  -18.364  -61.278  2.719 0.6000000238
30723  -14.030  -58.765  1.768 0.8000000119
29631  -15.703  -59.813  2.772 0.6999999881
29633  -17.404  -60.206  2.563 0.6000000238
140187  -32.040  -48.319  -0.451 0.4000000060
45575  -30.405  -46.339  -0.158 0.4000000060
27181  -17.467  -62.431  3.346 0.5000000000
29632  -16.542  -60.056  2.716 0.6000000238
2639  -6.272  -88.341  -17.297 0.5000000000
146547  -6.653  -87.999  -16.773 0.6999999881
135694  -7.205  -87.881  -19.213 0.5000000000
2627  -6.097  -88.448  -16.397 0.6999999881
1761  -5.878  -89.090  -15.233 0.5000000000
1734  -6.378  -88.449  -12.747 0.8000000119
1735  -6.978  -88.582  -12.422 0.8000000119
150783  -9.282  -89.087  -11.886 0.8000000119
1297  -8.850  -89.959  -11.659 0.8000000119
2208  -5.980  -88.866  -17.205 0.5000000000
1346  -5.944  -89.257  -16.757 0.5000000000
152576  -6.306  -89.449  -14.806 0.6999999881
3765  -11.091  -85.829  -16.544 0.8999999762
3157  -10.571  -86.413  -17.977 0.8000000119
4442  -10.165  -85.162  -18.049 0.6999999881
143261  -9.670  -87.376  -16.966 0.6999999881
3141  -11.161  -86.404  -15.309 0.8999999762
1260  -10.604  -90.351  -8.738 0.6999999881
1246  -11.642  -90.653  -6.700 0.6000000238
1254  -12.591  -90.009  -6.879 0.6999999881
137413  -8.272  -91.268  -11.019 0.8000000119
1268  -9.043  -90.557  -9.782 0.8000000119
1308  -8.183  -89.965  -12.686 0.8000000119
924  -8.267  -90.441  -13.196 0.8000000119
607  -8.467  -91.940  -16.489 0.6000000238
147145  -6.842  -90.633  -17.752 0.6000000238
135497  -8.443  -91.302  -13.799 0.6000000238
402  -9.335  -93.136  -20.799 0.5000000000
400  -7.259  -93.058  -20.218 0.5000000000
156419  -8.526  -93.008  -19.814 0.5000000000
2090  -11.721  -88.530  -3.394 0.5000000000
2069  -12.437  -88.738  -2.014 0.5000000000
2103  -12.464  -88.406  -4.936 0.5000000000
2070  -13.199  -88.860  -2.190 0.5000000000
1662  -13.559  -89.238  -3.345 0.5000000000
1204  -13.184  -90.412  -0.055 0.3000000119
2115  -12.776  -88.607  -5.771 0.6000000238
1669  -13.417  -89.372  -4.336 0.5000000000
2080  -11.596  -88.749  -2.432 0.4000000060
2136  -12.159  -88.623  -7.686 0.6999999881
1668  -8.095  -89.228  -4.664 0.6999999881
2113  -9.818  -88.686  -6.211 0.6999999881
1270  -11.261  -89.589  -9.377 0.6999999881
2579  -7.125  -87.745  -12.267 0.8000000119
2599  -6.567  -88.066  -12.574 0.8000000119
2183  -6.362  -88.337  -13.182 0.8000000119
1284  -10.149  -89.817  -10.646 0.8000000119
531  -9.152  -92.422  -6.093 0.6000000238
859  -9.761  -91.680  -5.898 0.6000000238
878  -9.476  -90.938  -7.838 0.6999999881
2617  -7.100  -87.910  -15.296 0.8000000119
403  -10.253  -93.098  -20.857 0.6000000238
418  -11.459  -93.072  -21.653 0.5000000000
437  -12.812  -92.593  -22.193 0.5000000000
422  -15.746  -92.795  -20.413 0.8000000119
142351  -15.487  -92.601  -21.202 0.6999999881
2964  -10.879  -85.421  2.620 0.4000000060
3565  -6.216  -84.782  0.495 0.6000000238
2470  -9.102  -87.384  1.387 0.5000000000
2980  -7.589  -86.842  0.221 0.6000000238
2063  -7.937  -88.098  -0.805 0.6000000238
1195  -10.326  -90.850  0.498 0.3000000119
142738  -10.905  -90.145  -0.624 0.3000000119
2986  -7.300  -86.056  -0.687 0.6000000238
1642  -8.767  -89.459  -1.397 0.5000000000
1635  -9.327  -89.862  -0.882 0.5000000000
2500  -8.080  -87.857  -3.121 0.6000000238
5724  -9.509  -83.229  -4.225 0.8999999762
3032  -8.190  -87.127  -5.690 0.6999999881
3022  -8.036  -87.754  -4.379 0.6999999881
2143  -11.094  -87.980  -8.923 0.6999999881
2618  -8.438  -87.562  -15.298 0.8000000119
2165  -8.952  -88.333  -11.794 0.8000000119
2565  -9.073  -87.223  -10.763 0.8000000119
614  -7.971  -92.085  -17.775 0.5000000000
424  -17.253  -92.269  -21.157 0.6999999881
425  -18.620  -92.449  -20.956 0.8999999762
444  -19.383  -92.033  -21.956 0.8000000119
4204  -5.533  -83.692  1.529 0.5000000000
4182  -5.829  -85.096  4.353 0.5000000000
5650  -7.166  -82.788  1.879 0.6000000238
4237  -7.320  -84.446  -0.679 0.6000000238
1194  -9.825  -90.368  0.599 0.4000000060
4250  -9.330  -84.826  -1.295 0.6000000238
4251  -10.418  -84.648  -1.497 0.6999999881
1220  -13.647  -89.879  -3.484 0.5000000000
2610  -8.905  -87.267  -14.590 0.8999999762
3139  -9.987  -87.106  -14.961 0.8999999762
2601  -8.313  -86.927  -13.526 0.8000000119
2600  -7.199  -87.524  -13.071 0.8000000119
3101  -8.409  -86.538  -11.588 0.8000000119
2219  -19.793  -88.035  -18.587 0.5000000000
367  -7.997  -92.816  -15.295 0.6000000238
155  -8.425  -92.621  -12.837 0.8000000119
1797  -21.822  -88.872  -19.897 0.6000000238
137075  -19.696  -90.746  -19.809 0.6000000238
1382  -20.910  -89.848  -20.792 0.5000000000
688  -21.115  -92.052  -23.508 0.8000000119
687  -20.230  -92.094  -23.435 0.6000000238
6465  -6.299  -81.763  -2.391 1.0000000000
2037  -9.378  -88.813  3.568 0.4000000060
148936  -9.380  -89.741  0.765 0.5000000000
7214  -11.826  -80.824  -0.050 0.6999999881
6416  -10.977  -81.117  1.408 0.6999999881
5711  -5.198  -83.050  -3.318 0.8999999762
3615  -9.343  -86.109  -2.359 0.6999999881
154239  -12.174  -88.399  -5.749 0.6000000238
2135  -9.426  -88.359  -7.798 0.6999999881
854  -11.694  -91.228  -4.773 0.5000000000
3113  -10.031  -86.193  -12.915 0.8999999762
146743  -8.881  -86.092  -12.464 0.8999999762
138334  -8.616  -93.239  -17.860 0.6000000238
131434  -14.739  -94.069  -18.841 0.6999999881
982  -21.566  -90.114  -21.797 0.5000000000
977  -22.956  -90.567  -20.448 0.5000000000
410  -22.918  -92.350  -20.942 0.6000000238
652  -22.965  -92.155  -22.041 0.6999999881
428  -21.532  -91.063  -22.581 0.8000000119
431  -23.698  -92.595  -20.754 0.6999999881
669  -23.923  -92.144  -22.194 0.6999999881
701  -20.727  -92.023  -24.073 0.6000000238
7248  -9.382  -80.411  -1.496 0.8000000119
135024  -7.127  -82.915  4.549 0.5000000000
6486  -4.947  -81.676  -3.273 0.8999999762
8974  -5.310  -79.152  -3.485 0.8999999762
6464  -5.268  -81.904  -2.617 1.0000000000
6398  -8.895  -81.810  3.610 0.6000000238
4986  -5.489  -84.119  -4.957 0.8000000119
5744  -5.247  -84.041  -5.628 0.6999999881
3064  -7.991  -87.153  -8.637 0.8000000119
134294  -9.154  -84.456  -16.064 0.6000000238
157565  -11.370  -84.449  -14.275 1.0000000000
3685  -8.599  -86.101  -9.821 0.8000000119
5109  -9.878  -83.833  -14.265 0.6999999881
158061  -19.919  -91.018  -20.489 0.5000000000
393  -18.504  -92.384  -19.667 0.5000000000
240  -18.858  -92.343  -20.240 0.6999999881
1370  -23.010  -89.669  -19.022 0.5000000000
644  -20.545  -90.870  -21.454 0.5000000000
1029  -19.495  -90.899  -25.188 0.6000000238
1033  -24.041  -90.045  -25.327 0.6999999881
130382  -22.986  -89.596  -25.997 0.6000000238
130202  -22.448  -89.156  -25.807 0.5000000000
3467  -7.277  -85.330  9.725 0.3000000119
152713  -6.421  -84.798  8.287 0.4000000060
3530  -11.730  -85.468  4.134 0.3000000119
136617  -6.440  -83.573  7.103 0.6000000238
6381  -8.492  -80.893  4.902 0.6000000238
5616  -8.098  -82.016  5.123 0.6000000238
5624  -7.921  -82.313  4.108 0.6000000238
6468  -9.908  -81.398  -2.794 0.8999999762
7266  -9.676  -80.847  -2.163 0.8999999762
7268  -11.658  -80.672  -2.205 0.8000000119
7249  -10.434  -80.390  -1.526 0.8000000119
7281  -12.113  -81.170  -3.204 0.8999999762
5715  -10.629  -82.126  -3.906 0.8999999762
145154  -9.065  -83.837  -5.481 0.8999999762
5025  -8.275  -83.548  -8.338 0.8000000119
5026  -9.268  -83.291  -8.148 0.8999999762
5772  -10.801  -82.754  -8.260 0.8999999762
5771  -9.993  -82.782  -8.789 1.0000000000
140906  -9.779  -82.508  -10.186 0.8999999762
4379  -12.256  -84.533  -12.847 1.0000000000
518  -10.596  -92.607  -3.908 0.5000000000
5088  -12.288  -83.808  -12.384 1.0000000000
618  -17.954  -92.836  -17.885 0.6000000238
204  -18.244  -93.693  -18.006 0.6999999881
691  -24.979  -91.574  -22.814 0.6999999881
670  -25.187  -92.007  -21.979 0.6999999881
1021  -25.353  -89.542  -23.785 0.6000000238
130242  -24.279  -87.198  -24.976 0.6000000238
148133  -23.050  -85.211  -23.896 0.5000000000
148058  -26.058  -85.174  -24.916 0.6000000238
148145  -24.807  -85.323  -24.077 0.6000000238
6372  -7.143  -81.630  6.326 0.6000000238
5590  -6.368  -82.450  7.023 0.6000000238
8139  -6.048  -79.713  -4.942 0.8999999762
7205  -11.019  -80.464  1.215 0.6999999881
8062  -10.456  -80.047  1.574 0.6999999881
8077  -9.690  -79.831  0.881 0.6999999881
8099  -10.731  -79.976  -0.003 0.6999999881
8097  -8.782  -79.791  0.073 0.6999999881
138621  -12.635  -81.679  -2.231 0.8000000119
5737  -12.380  -82.442  -5.763 0.8000000119
3048  -9.454  -86.273  -6.814 0.8000000119
5814  -9.622  -82.716  -11.387 0.8999999762
153133  -16.166  -94.081  -17.522 0.6999999881
154036  -16.740  -94.043  -17.110 0.6000000238
147113  -24.511  -92.205  -19.186 0.6000000238
147955  -26.448  -83.900  -22.592 0.6000000238
145793  -6.246  -79.127  1.836 0.6999999881
5785  -11.900  -82.573  -9.506 0.8999999762
12443  -6.717  -75.277  -27.965 0.6000000238
12422  -6.132  -75.361  -27.037 0.6000000238
9274  -7.641  -78.048  -29.057 0.5000000000
9290  -8.447  -77.982  -29.642 0.6000000238
129893  -25.564  -89.400  -23.193 0.6000000238
130267  -24.455  -86.455  -23.349 0.6000000238
147951  -22.536  -84.036  -22.662 0.5000000000
148138  -21.092  -82.855  -23.050 0.5000000000
148209  -24.282  -81.132  -22.902 0.6000000238
6361  -5.510  -80.895  7.296 0.6000000238
9891  -9.816  -77.470  2.425 0.8000000119
139161  -9.906  -77.411  0.654 0.8000000119
7165  -5.602  -80.125  6.258 0.6000000238
7167  -7.828  -80.569  5.346 0.6000000238
7993  -5.813  -79.714  7.617 0.6000000238
8959  -5.341  -78.140  -1.798 0.8999999762
8025  -4.925  -78.094  3.305 0.8000000119
5762  -12.487  -82.581  -7.552 0.8999999762
13538  -6.009  -74.434  -26.574 0.6000000238
143098  -6.370  -72.723  -27.413 0.6000000238
12483  -10.123  -74.425  -30.239 0.6999999881
20223  -10.556  -68.935  -25.916 0.6999999881
11375  -10.270  -76.092  -30.650 0.8000000119
7545  -8.193  -80.222  -29.763 0.5000000000
129890  -25.216  -85.813  -20.518 0.5000000000
129889  -24.242  -86.838  -21.108 0.5000000000
129892  -24.468  -85.647  -21.938 0.6999999881
130576  -24.574  -84.905  -23.035 0.6000000238
129891  -24.532  -88.095  -22.153 0.6999999881
2285  -25.957  -88.184  -27.071 0.4000000060
138319  -10.353  -79.213  -31.766 0.8000000119
148169  -26.307  -84.135  -24.361 0.6000000238
6021  -8.934  -81.857  -33.260 0.5000000000
147971  -25.794  -82.416  -25.438 0.6000000238
6336  -6.228  -80.996  8.448 0.6000000238
16879  -8.668  -71.417  -28.557 0.6999999881
12424  -9.281  -75.105  -26.947 0.6999999881
10317  -11.880  -77.103  -30.371 0.6999999881
156082  -12.267  -78.404  -31.098 0.8000000119
6033  -10.343  -81.901  -34.271 0.5000000000
129898  -25.715  -86.391  -25.979 0.5000000000
2738  -23.859  -86.971  -28.571 0.6000000238
148057  -24.206  -86.473  -27.735 0.5000000000
6035  -12.363  -82.401  -34.675 0.6000000238
147956  -21.158  -80.811  -28.774 0.6000000238
148132  -21.367  -79.968  -25.518 0.6000000238
4790  -7.070  -83.928  11.576 0.3000000119
6322  -7.134  -81.403  9.432 0.5000000000
7994  -6.849  -79.448  7.895 0.6000000238
9839  -5.299  -77.556  4.963 0.6999999881
9889  -6.499  -77.064  2.993 0.8000000119
14675  -10.047  -72.522  -27.420 0.6999999881
11333  -8.709  -76.115  -26.365 0.6000000238
20205  -10.839  -68.845  -24.857 0.6999999881
17901  -10.286  -70.675  -23.753 0.6999999881
6801  -12.179  -81.011  -35.410 0.5000000000
6803  -14.701  -81.485  -35.360 0.5000000000
157190  -14.246  -80.917  -35.884 0.5000000000
148199  -21.695  -81.257  -29.650 0.5000000000
148161  -20.235  -80.160  -27.771 0.5000000000
7125  -8.378  -80.978  9.342 0.6000000238
139191  -9.058  -77.222  4.165 0.8000000119
136923  -6.752  -76.986  4.758 0.6999999881
9224  -8.982  -77.929  -24.807 0.6000000238
9338  -12.911  -78.884  -34.585 0.6999999881
8417  -11.387  -79.967  -34.762 0.6999999881
10378  -14.381  -77.383  -34.177 0.6999999881
147988  -22.764  -85.725  -30.488 0.5000000000
7619  -12.393  -79.431  -36.506 0.6999999881
6819  -14.981  -80.779  -35.986 0.5000000000
154939  -18.387  -79.023  -33.909 0.5000000000
8435  -17.935  -78.839  -35.439 0.5000000000
147985  -21.678  -83.192  -30.858 0.5000000000
130201  -21.426  -81.012  -31.335 0.5000000000
6273  -7.368  -81.561  13.972 0.3000000119
11963  -12.556  -76.449  2.305 0.8000000119
7135  -10.226  -79.993  9.120 0.5000000000
149898  -8.955  -79.107  7.262 0.6999999881
11393  -15.606  -76.500  -32.201 0.5000000000
12532  -17.037  -74.911  -34.094 0.5000000000
9366  -11.773  -79.327  -36.406 0.6999999881
11433  -15.569  -76.642  -34.512 0.6999999881
145060  -18.258  -75.397  -34.355 0.5000000000
129915  -22.418  -85.068  -32.061 0.4000000060
8445  -15.221  -79.219  -36.462 0.6999999881
129924  -20.804  -82.112  -33.274 0.5000000000
148193  -21.359  -81.898  -31.510 0.5000000000
7589  -21.370  -80.006  -33.315 0.5000000000
13103  -10.549  -74.509  6.396 0.5000000000
7924  -6.248  -79.911  14.142 0.3000000119
7935  -8.540  -80.068  12.573 0.4000000060
7922  -4.833  -78.726  13.296 0.3000000119
130792  -21.338  -83.270  -34.026 0.4000000060
10390  -21.406  -77.229  -34.987 0.4000000060
136004  -18.485  -76.920  -33.983 0.5000000000
10389  -18.159  -77.106  -34.918 0.5000000000
11985  -11.901  -75.875  0.044 0.6000000238
11436  -18.177  -76.199  -34.514 0.6000000238
9362  -20.736  -79.196  -35.869 0.5000000000
138361  -8.501  -65.251  -21.972 0.6999999881
13177  -10.744  -74.743  0.138 0.6000000238
13146  -9.637  -74.542  2.217 0.6000000238
13176  -9.984  -74.131  -0.184 0.6000000238
13219  -10.898  -74.798  -1.461 0.6000000238
13137  -9.713  -74.566  3.578 0.6999999881
22545  -8.908  -65.226  -20.293 0.6999999881
14191  -6.676  -73.813  6.137 0.6000000238
13136  -9.028  -74.387  2.931 0.6000000238
14125  -6.369  -73.928  11.107 0.4000000060
13160  -8.548  -74.029  1.015 0.6000000238
18928  -9.454  -69.557  -15.442 0.6000000238
18975  -8.078  -68.992  -17.908 0.6999999881
26286  -8.074  -62.940  -19.198 0.6000000238
20148  -7.908  -68.637  -20.019 0.6999999881
20097  -7.202  -68.446  -17.574 0.8000000119
15303  -7.727  -72.466  10.321 0.4000000060
14203  -7.124  -72.809  4.942 0.6000000238
15304  -9.011  -72.145  10.277 0.3000000119
16465  -6.353  -71.100  5.182 0.6000000238
17802  -13.337  -69.956  -19.114 0.6000000238
17513  -5.742  -70.470  5.046 0.6999999881
15305  -11.120  -72.300  10.470 0.3000000119
16399  -9.004  -71.783  8.235 0.5000000000
136532  -5.464  -69.656  6.019 0.6999999881
17781  -14.301  -70.068  -16.669 0.6000000238
133485  -12.677  -71.254  8.296 0.4000000060
18579  -9.937  -70.055  6.961 0.5000000000
22351  -10.797  -66.685  -8.313 0.6000000238
24893  -6.723  -63.656  -10.445 0.5000000000
18606  -12.046  -69.095  6.933 0.5000000000
145025  -11.433  -66.759  -7.510 0.6000000238
17492  -14.368  -70.459  6.677 0.4000000060
22126  -7.302  -67.036  6.305 0.6000000238
22266  -4.959  -64.761  -3.911 0.4000000060
20967  -3.303  -66.682  3.939 0.6000000238
20981  -2.999  -66.619  2.791 0.6000000238
139748  -6.820  -65.599  5.712 0.8000000119
23372  -6.021  -64.962  5.327 0.8000000119
24685  -5.196  -63.826  2.869 0.6000000238
26013  -7.218  -64.128  -3.478 0.6000000238
20958  -14.678  -67.385  5.537 0.5000000000
22144  -13.174  -66.645  5.530 0.5000000000
152679  -10.569  -64.319  5.234 0.6000000238
25880  -9.351  -63.623  5.211 0.6999999881
26054  -7.607  -63.513  -5.311 0.6000000238
27351  -7.956  -63.334  -6.114 0.6000000238
27364  -8.324  -63.009  -6.828 0.6000000238
23379  -13.481  -65.861  5.216 0.5000000000
23381  -15.084  -65.939  5.188 0.5000000000
27175  -6.603  -61.813  3.235 0.8000000119
29648  -8.159  -60.756  0.888 0.6999999881
27326  -6.755  -62.784  -4.926 0.6000000238
23398  -15.458  -65.125  4.943 0.5000000000
25900  -12.023  -63.586  4.687 0.6000000238
27150  -8.134  -62.258  4.205 0.8000000119
24653  -14.239  -64.430  4.963 0.6000000238
28437  -8.502  -60.857  2.119 0.6999999881
141894  -10.973  -62.398  4.429 0.8000000119
146054  -12.646  -62.899  4.327 0.6000000238
29649  -8.771  -60.374  0.763 0.6000000238
29626  -9.959  -60.059  1.537 0.6000000238
28492  -9.922  -60.372  -0.381 0.6999999881
29650  -9.929  -59.693  0.389 0.6999999881
29751  -5.165  -60.264  -4.311 0.4000000060
27155  -14.009  -62.539  4.210 0.6000000238
157065  -14.957  -63.143  4.743 0.6000000238
28419  -12.052  -61.313  3.686 0.6999999881
29627  -11.145  -60.155  2.086 0.8000000119
29651  -10.800  -59.720  0.943 0.6999999881
28494  -11.327  -60.581  -0.961 0.6000000238
29667  -22.275  -59.292  1.625 0.5000000000
30886  -5.516  -59.766  -7.434 0.5000000000
29607  -13.526  -60.677  3.352 0.6000000238
148973  -14.778  -61.489  3.968 0.6000000238
33061  -20.136  -58.458  1.253 0.6000000238
33081  -20.307  -58.349  0.514 0.6000000238
31860  -21.037  -58.516  2.436 0.6000000238
33082  -21.201  -58.188  0.240 0.5000000000
153441  -16.518  -58.239  -2.897 0.6999999881
31986  -18.757  -59.127  -3.845 0.5000000000
31962  -18.906  -58.500  -2.826 0.6000000238
31985  -18.086  -59.044  -3.691 0.5000000000
30828  -17.421  -59.629  -4.393 0.6000000238
143867  -20.661  -59.908  -4.782 0.6000000238
29740  -22.153  -60.393  -4.233 0.6000000238
29741  -23.053  -60.419  -4.274 0.6000000238
31980  -4.398  -58.318  -3.013 0.4000000060
147277  -19.722  -58.782  2.064 0.5000000000
31961  -18.025  -58.472  -2.769 0.6000000238
31964  -21.270  -58.329  -2.091 0.6000000238
30809  -20.584  -59.267  -2.889 0.6000000238
140836  -25.003  -59.594  -2.640 0.6000000238
30815  -25.916  -58.880  -3.086 0.6000000238
31989  -26.245  -58.240  -3.191 0.6000000238
30742  -12.024  -58.999  0.597 0.8000000119
33077  -16.161  -57.520  0.551 0.6000000238
31876  -15.436  -58.079  1.273 0.6000000238
31878  -17.162  -58.175  1.245 0.6000000238
31856  -16.698  -58.670  1.902 0.6000000238
31855  -15.853  -58.671  1.838 0.6000000238
30727  -18.018  -59.462  2.233 0.6000000238
147831  -19.071  -58.484  1.452 0.6000000238
33059  -17.490  -58.026  0.776 0.6000000238
33080  -19.118  -58.349  0.683 0.6000000238
31880  -20.027  -58.587  1.661 0.6000000238
139546  -16.876  -57.405  -0.209 0.6000000238
147787  -17.120  -57.741  0.478 0.6000000238
31916  -15.730  -57.948  -1.020 0.6000000238
33103  -18.457  -58.152  -0.069 0.6000000238
142428  -21.453  -57.888  -0.654 0.5000000000
33106  -22.070  -57.605  -0.532 0.5000000000
147777  -18.817  -57.922  -1.589 0.6000000238
33124  -17.320  -57.575  -0.930 0.5000000000
33108  -23.818  -57.580  -0.175 0.5000000000
145879  -21.640  -57.790  -1.600 0.5000000000
31933  -16.912  -57.933  -1.924 0.6000000238
149275  -24.724  -57.579  0.072 0.5000000000
142394  -25.196  -57.884  0.181 0.5000000000
33130  -23.465  -57.782  -0.536 0.5000000000
31940  -24.091  -58.214  -0.891 0.5000000000
31917  -25.898  -58.055  -0.309 0.5000000000
31884  -27.211  -58.611  0.734 0.5000000000
31903  -26.892  -58.385  0.026 0.5000000000
31904  -27.698  -58.221  0.488 0.4000000060
31886  -28.333  -57.876  1.613 0.3000000119
145779  -19.702  -58.188  -2.387 0.6000000238
31941  -25.690  -58.146  -0.909 0.5000000000
31942  -26.497  -58.444  -1.198 0.5000000000
33087  -28.740  -57.521  0.932 0.3000000119
33111  -28.170  -57.856  -0.958 0.4000000060
31939  -23.177  -58.233  -1.107 0.5000000000
33132  -27.806  -57.904  -1.954 0.6000000238
31943  -27.168  -58.411  -1.671 0.6000000238
148931  -29.407  -56.351  1.408 0.3000000119
33163  -25.453  -56.851  -3.709 0.6000000238
33065  -28.726  -57.416  1.610 0.3000000119
35339  -29.730  -55.487  0.967 0.4000000060
35337  -29.480  -55.476  1.804 0.3000000119
37511  -29.674  -53.858  1.595 0.4000000060
38647  -29.255  -53.095  2.508 0.3000000119
131408  -29.259  -52.510  0.916 0.4000000060
38662  -32.259  -52.182  0.027 0.4000000060
154112  -30.968  -52.164  -0.828 0.4000000060
39860  -30.693  -51.521  -0.198 0.4000000060
39893  -29.647  -51.514  -2.020 0.4000000060
137729  -28.720  -50.887  -1.553 0.4000000060
41123  -28.589  -50.769  -1.289 0.4000000060
41124  -29.119  -50.757  -1.250 0.4000000060
37522  -32.561  -53.279  -0.722 0.4000000060
38681  -33.218  -52.806  -0.770 0.4000000060
39861  -31.765  -51.602  0.368 0.4000000060
38661  -28.908  -52.271  -0.501 0.4000000060
130951  -28.711  -52.095  -0.169 0.4000000060
41105  -28.143  -51.391  0.612 0.4000000060
41083  -27.717  -50.802  1.235 0.3000000119
39857  -27.981  -51.153  -0.561 0.4000000060
132339  -33.597  -52.779  -1.541 0.4000000060
145678  -33.637  -51.778  -1.943 0.4000000060
39921  -32.994  -51.854  -3.823 0.4000000060
37579  -33.335  -52.746  -5.389 0.5000000000
42282  -26.905  -49.488  2.563 0.3000000119
136730  -32.164  -50.736  0.621 0.4000000060
39883  -33.188  -52.068  -0.238 0.4000000060
41126  -33.421  -50.738  -0.432 0.4000000060
39863  -33.284  -51.324  -0.014 0.4000000060
41067  -27.393  -50.083  1.942 0.4000000060
41146  -33.270  -50.903  -2.469 0.4000000060
41132  -33.507  -50.826  -1.459 0.4000000060
41163  -32.858  -51.026  -3.482 0.5000000000
41082  -27.052  -50.588  0.583 0.4000000060
43470  -32.460  -48.883  -0.753 0.4000000060
42362  -33.116  -50.203  -2.060 0.4000000060
134699  -32.711  -49.796  -2.655 0.4000000060
137987  -32.524  -51.605  -4.653 0.5000000000
41201  -31.385  -50.827  -4.978 0.5000000000
42428  -29.781  -49.772  -5.101 0.5000000000
43483  -31.393  -48.874  -3.489 0.5000000000
42377  -32.193  -49.468  -3.323 0.5000000000
42398  -30.634  -49.598  -4.645 0.5000000000
157875  -31.831  -48.402  -2.246 0.5000000000
43496  -30.235  -48.102  -4.331 0.5000000000
45597  -30.507  -46.640  -2.280 0.5000000000
44575  -27.021  -48.020  -5.017 0.4000000060
45631  -27.947  -47.114  -4.935 0.5000000000
44574  -26.314  -47.329  -4.983 0.5000000000
44571  -23.504  -47.137  -5.214 0.3000000119
44573  -25.252  -47.465  -5.192 0.3000000119
142341  -25.125  -46.634  -5.300 0.4000000060
44569  -21.697  -47.075  -5.738 0.3000000119
46738  -27.851  -45.471  -4.815 0.4000000060
133470  -26.697  -46.587  -5.012 0.4000000060
46763  -27.065  -45.830  -5.148 0.3000000119
140306  -25.432  -46.044  -5.330 0.4000000060
140141  -24.665  -46.128  -5.389 0.3000000119
45603  -29.528  -46.242  -4.133 0.4000000060
46760  -24.170  -45.528  -5.542 0.3000000119
138222  -25.838  -45.378  -5.402 0.3000000119
36424  -29.464  -54.642  2.071 0.3000000119
35345  -29.510  -55.393  -0.137 0.4000000060
45594  -30.612  -46.636  -1.217 0.4000000060
46729  -30.254  -46.059  -2.913 0.4000000060
24656  -16.440  -64.194  4.247 0.6000000238
25915  -17.245  -63.202  3.591 0.5000000000
30725  -16.220  -59.303  2.334 0.6000000238
30746  -26.867  -59.306  1.338 0.4000000060
37515  -29.457  -53.146  0.716 0.4000000060
38648  -29.572  -52.950  1.845 0.3000000119
149353  -30.193  -50.946  -0.087 0.4000000060
655  -26.881  -91.218  -21.084 0.6000000238
672  -25.770  -89.570  -20.814 0.6000000238
654  -26.216  -91.497  -21.561 0.5000000000
647  -26.682  -91.345  -20.252 0.5000000000
395  -22.899  -92.970  -19.805 0.5000000000
412  -25.048  -92.132  -19.708 0.5000000000
5781  -7.901  -82.838  -10.228 0.6999999881
5010  -7.595  -84.288  -7.626 0.6000000238
5041  -7.904  -83.249  -9.287 0.6000000238
151381  -6.874  -83.772  -9.184 0.5000000000
5782  -8.847  -82.632  -9.943 0.8000000119
149147  -8.483  -82.592  -10.682 0.6999999881
144165  -5.997  -85.271  -7.050 0.6000000238
4323  -5.439  -85.169  -7.623 0.6000000238
4324  -6.404  -85.032  -7.846 0.6000000238
6520  -6.645  -81.997  -5.590 0.6000000238
8975  -7.013  -78.387  -3.996 0.6999999881
154582  -6.656  -80.200  -5.416 0.6000000238
9984  -7.974  -77.721  -3.073 0.6999999881
133609  -7.776  -78.341  -4.692 0.6999999881
8992  -8.951  -78.161  -4.825 0.6000000238
8993  -9.783  -78.155  -5.213 0.6000000238
9998  -10.126  -77.857  -4.467 0.5000000000
8140  -7.284  -79.605  -5.659 0.6000000238
8999  -7.950  -78.668  -5.533 0.6000000238
9000  -9.942  -78.255  -5.942 0.5000000000
8141  -8.541  -79.325  -6.272 0.6000000238
9004  -9.302  -78.748  -6.368 0.5000000000
9985  -9.225  -77.744  -3.275 0.6999999881
9986  -10.123  -77.669  -3.559 0.6999999881
9999  -10.587  -77.286  -4.858 0.5000000000
8991  -6.914  -78.925  -4.921 0.6999999881
129887  -25.611  -88.775  -19.763 0.5000000000
129886  -26.557  -90.660  -20.266 0.5000000000
108  -11.259  -93.458  -4.522 0.3000000119
104  -11.939  -93.625  -4.013 0.3000000119
109  -12.292  -93.885  -4.823 0.3000000119
99  -11.309  -93.336  -3.355 0.4000000060
105  -12.756  -93.995  -4.190 0.3000000119
133343  -11.955  -93.796  -5.374 0.3000000119
112  -10.569  -93.476  -6.301 0.3000000119
120  -11.755  -93.824  -6.836 0.3000000119
119  -11.106  -93.745  -7.363 0.4000000060
837  -13.638  -90.810  -3.013 0.4000000060
836  -12.567  -92.143  -2.618 0.4000000060
509  -12.268  -92.985  -2.298 0.4000000060
272  -12.396  -93.538  -2.359 0.4000000060
101  -13.004  -94.208  -3.446 0.3000000119
15  -14.823  -94.521  -4.701 0.3000000119
22  -12.098  -93.814  -7.839 0.4000000060
127  -11.338  -93.740  -8.230 0.4000000060
137  -10.786  -93.700  -9.516 0.5000000000
138  -11.502  -93.681  -9.028 0.4000000060
151421  -11.465  -93.648  -9.758 0.4000000060
603  -13.101  -92.135  -15.820 0.5000000000
369  -14.229  -93.723  -16.139 0.5000000000
371  -14.102  -92.455  -16.262 0.5000000000
946  -14.312  -91.141  -16.434 0.5000000000
1349  -14.569  -89.945  -16.289 0.5000000000
184  -14.182  -94.500  -16.042 0.5000000000
608  -14.971  -92.133  -16.718 0.5000000000
134972  -15.575  -93.521  -16.869 0.5000000000
1209  -14.498  -90.953  -1.522 0.4000000060
510  -13.497  -92.495  -1.824 0.4000000060
268  -13.504  -94.462  -1.134 0.4000000060
1  -13.937  -95.169  -1.745 0.3000000119
142977  -11.666  -93.759  -10.821 0.4000000060
53  -12.117  -93.594  -11.042 0.3000000119
340  -12.218  -92.925  -11.419 0.3000000119
139341  -12.544  -94.181  -12.594 0.6000000238
348  -12.480  -93.714  -12.154 0.4000000060
136193  -11.750  -92.262  -11.982 0.3000000119
67  -11.101  -94.215  -13.439 0.6000000238
130983  -13.112  -94.040  -13.890 0.6000000238
354  -12.915  -93.796  -13.058 0.5000000000
154867  -11.705  -92.260  -13.496 0.5000000000
176  -9.585  -93.623  -14.190 0.6000000238
73  -11.699  -95.046  -14.078 0.6000000238
75  -12.873  -94.775  -14.219 0.6000000238
362  -12.620  -93.398  -14.214 0.5000000000
939  -12.168  -90.649  -15.061 0.5000000000
74  -12.446  -95.085  -14.711 0.6000000238
139206  -13.275  -94.998  -15.042 0.6000000238
1339  -13.066  -90.098  -15.575 0.5000000000
142120  -13.450  -89.448  -14.871 0.4000000060
77  -10.880  -94.363  -15.019 0.6000000238
80  -13.795  -94.813  -15.601 0.6000000238
941  -13.416  -91.142  -16.130 0.5000000000
138565  -13.805  -90.225  -16.118 0.5000000000
957  -15.535  -90.600  -17.130 0.5000000000
958  -16.208  -91.137  -17.609 0.4000000060
617  -17.160  -92.276  -17.667 0.5000000000
960  -17.643  -91.753  -18.418 0.5000000000
3205  -32.612  -85.288  -25.295 0.3000000119
3843  -32.111  -84.709  -25.958 0.3000000119
4521  -31.815  -84.759  -27.806 0.3000000119
5237  -30.754  -83.540  -26.869 0.3000000119
148171  -19.686  -80.175  -28.591 0.4000000060
5085  -9.568  -83.396  -12.747 0.6000000238
5108  -8.867  -83.885  -14.414 0.5000000000
1331  -12.692  -89.768  -14.658 0.4000000060
1755  -15.019  -88.968  -15.080 0.3000000119
1763  -15.639  -89.041  -15.462 0.3000000119
1772  -15.990  -89.213  -16.279 0.3000000119
1780  -16.610  -89.373  -17.165 0.3000000119
1361  -16.497  -90.013  -17.878 0.4000000060
1781  -16.988  -89.287  -17.919 0.3000000119
1787  -17.504  -89.296  -18.412 0.4000000060
3190  -32.809  -85.479  -24.784 0.3000000119
14673  -6.027  -73.430  -26.666 0.5000000000
5976  -30.247  -82.700  -27.432 0.3000000119
5829  -8.402  -83.069  -12.146 0.6000000238
2210  -17.627  -88.775  -17.931 0.3000000119
2217  -17.969  -88.724  -18.345 0.4000000060
139121  -23.032  -89.673  -17.770 0.4000000060
148732  -23.293  -90.393  -18.246 0.4000000060
132914  -23.070  -91.897  -19.794 0.4000000060
961  -23.919  -91.450  -17.670 0.4000000060
379  -24.331  -91.709  -17.916 0.4000000060
3189  -32.480  -85.815  -24.264 0.3000000119
16845  -4.624  -70.816  -26.660 0.4000000060
2644  -19.028  -87.451  -17.606 0.3000000119
2646  -20.719  -87.092  -17.923 0.3000000119
2647  -21.620  -87.290  -17.587 0.4000000060
138622  -22.350  -87.862  -16.950 0.5000000000
2212  -22.576  -88.631  -17.625 0.5000000000
1352  -23.526  -90.169  -16.744 0.5000000000
1363  -23.896  -90.948  -17.196 0.4000000060
623  -25.877  -91.548  -17.204 0.4000000060
612  -26.101  -91.518  -16.943 0.4000000060
398  -26.035  -91.597  -18.782 0.4000000060
143240  -26.571  -91.598  -17.212 0.4000000060
22582  -6.371  -66.346  -23.744 0.4000000060
640  -26.637  -91.285  -19.284 0.4000000060
632  -27.506  -91.516  -17.839 0.4000000060
978  -27.172  -89.749  -18.838 0.4000000060
3181  -32.328  -86.209  -22.414 0.3000000119
22594  -6.742  -66.876  -24.542 0.5000000000
16877  -6.042  -70.906  -28.192 0.5000000000
2689  -32.001  -86.734  -23.225 0.3000000119
21392  -7.050  -67.088  -26.086 0.5000000000
143826  -6.387  -68.846  -26.076 0.5000000000
2257  -27.474  -88.162  -26.471 0.4000000060
6790  -17.958  -81.221  -34.524 0.4000000060
150363  -24.357  -90.204  -16.317 0.5000000000
1354  -24.934  -90.756  -16.495 0.4000000060
1355  -25.838  -91.009  -16.574 0.4000000060
23804  -6.621  -65.121  -22.477 0.5000000000
25060  -7.555  -64.458  -22.210 0.5000000000
1356  -26.916  -90.813  -16.564 0.4000000060
23823  -7.019  -65.543  -23.286 0.6000000238
962  -27.968  -91.473  -16.852 0.4000000060
633  -28.307  -91.273  -17.778 0.4000000060
22583  -7.575  -66.050  -24.107 0.6000000238
634  -28.163  -90.377  -18.318 0.4000000060
2684  -31.699  -87.079  -22.479 0.3000000119
1827  -28.704  -87.727  -24.568 0.3000000119
6806  -17.327  -81.171  -35.207 0.4000000060
136683  -18.029  -80.159  -33.737 0.4000000060
1778  -27.694  -90.120  -16.638 0.4000000060
136681  -28.016  -88.385  -16.804 0.4000000060
1364  -29.285  -90.523  -17.522 0.4000000060
2207  -28.821  -88.572  -17.079 0.3000000119
3173  -30.547  -86.762  -20.241 0.3000000119
148008  -26.446  -87.887  -19.503 0.4000000060
984  -27.588  -89.204  -18.844 0.4000000060
1372  -30.192  -89.816  -18.080 0.3000000119
2232  -31.114  -87.683  -21.227 0.3000000119
3174  -31.166  -87.176  -20.826 0.3000000119
148024  -27.611  -87.599  -20.203 0.4000000060
1385  -28.223  -88.609  -19.398 0.4000000060
1809  -29.030  -88.052  -22.594 0.3000000119
1813  -28.650  -87.821  -23.217 0.4000000060
8403  -19.043  -79.214  -30.919 0.5000000000
2213  -29.517  -88.248  -17.396 0.3000000119
2662  -30.408  -88.208  -18.413 0.3000000119
3170  -30.272  -87.075  -19.374 0.3000000119
157432  -10.654  -76.947  -4.196 0.5000000000
12044  -10.523  -75.864  -3.102 0.5000000000
21207  -11.217  -67.781  -11.047 0.5000000000
20051  -12.192  -68.620  -12.455 0.5000000000
20062  -12.667  -68.998  -13.154 0.5000000000
21208  -12.125  -67.776  -11.045 0.5000000000
21183  -11.652  -67.249  -10.264 0.5000000000
22392  -12.426  -66.921  -9.704 0.5000000000
154153  -10.738  -64.247  -6.963 0.5000000000
23421  -3.713  -64.572  2.643 0.6000000238
23420  -3.175  -65.001  2.525 0.5000000000
19842  -3.137  -68.080  1.808 0.5000000000
155844  -7.955  -62.444  -7.186 0.5000000000
24647  -3.278  -64.573  3.443 0.5000000000
31988  -24.831  -57.752  -4.159 0.4000000060
27372  -7.352  -61.790  -7.301 0.5000000000
28617  -7.145  -61.496  -8.190 0.4000000060
33162  -24.978  -56.886  -4.089 0.4000000060
34300  -25.744  -55.590  -4.723 0.5000000000
34278  -25.290  -55.978  -3.951 0.5000000000
29793  -5.562  -60.193  -7.285 0.5000000000
29807  -5.378  -60.096  -8.254 0.5000000000
146711  -26.323  -55.104  -3.740 0.4000000060
141729  -26.650  -55.067  -5.155 0.4000000060
137602  -25.924  -56.018  -3.472 0.5000000000
30887  -5.554  -59.524  -8.153 0.5000000000
35396  -26.892  -54.383  -4.079 0.4000000060
35353  -28.490  -55.139  -1.948 0.4000000060
30889  -6.416  -58.911  -8.925 0.5000000000
36499  -28.389  -53.247  -4.561 0.3000000119
36461  -27.753  -53.281  -3.113 0.4000000060
35373  -27.730  -54.326  -2.850 0.4000000060
32054  -5.912  -58.943  -7.730 0.5000000000
32030  -6.310  -58.290  -7.139 0.4000000060
32055  -6.353  -58.821  -7.974 0.4000000060
138789  -29.193  -51.923  -3.011 0.3000000119
37549  -28.041  -52.388  -3.485 0.3000000119
36444  -28.688  -53.363  -1.654 0.3000000119
36431  -29.657  -54.588  0.471 0.3000000119
36443  -28.240  -53.863  -2.241 0.4000000060
33200  -6.680  -57.302  -6.680 0.4000000060
32031  -7.055  -58.329  -7.351 0.4000000060
38708  -29.723  -51.918  -2.937 0.3000000119
37521  -28.943  -52.507  -0.808 0.3000000119
38690  -28.628  -51.953  -2.994 0.3000000119
148583  -28.925  -52.823  -1.194 0.3000000119
36435  -29.342  -54.115  -0.580 0.3000000119
33201  -7.635  -57.427  -6.816 0.4000000060
33202  -8.789  -57.702  -6.697 0.4000000060
38692  -30.085  -51.689  -2.309 0.3000000119
38678  -30.333  -51.579  -1.345 0.3000000119
146427  -28.892  -51.618  -1.553 0.3000000119
38691  -29.367  -51.785  -2.629 0.3000000119
38693  -30.745  -52.236  -1.405 0.3000000119
38679  -31.710  -52.769  -0.522 0.3000000119
37537  -33.162  -53.524  -1.177 0.3000000119
37567  -33.465  -53.520  -3.129 0.4000000060
34323  -8.233  -56.496  -6.621 0.4000000060
34324  -9.686  -56.563  -6.387 0.4000000060
35442  -9.298  -54.761  -6.301 0.4000000060
35443  -10.071  -54.961  -5.982 0.3000000119
41108  -31.973  -49.701  0.767 0.3000000119
42330  -32.514  -49.870  0.491 0.3000000119
42343  -28.322  -50.472  -0.755 0.4000000060
41106  -29.659  -50.390  0.202 0.3000000119
147638  -29.619  -49.704  0.773 0.3000000119
42328  -30.570  -49.616  1.156 0.3000000119
42329  -31.976  -48.844  0.811 0.3000000119
42346  -32.571  -49.393  0.259 0.3000000119
42301  -31.185  -48.605  1.298 0.3000000119
42302  -31.956  -48.542  1.286 0.3000000119
43417  -31.479  -48.493  1.314 0.3000000119
44496  -31.047  -47.963  1.738 0.3000000119
42345  -32.118  -48.780  0.564 0.3000000119
43416  -30.902  -48.165  2.066 0.3000000119
44512  -31.057  -48.289  0.867 0.3000000119
44529  -31.548  -48.052  0.137 0.3000000119
44547  -31.532  -47.794  -1.032 0.3000000119
147222  -29.094  -47.700  1.713 0.3000000119
44494  -29.838  -47.644  1.503 0.3000000119
44510  -30.214  -47.175  1.077 0.3000000119
44527  -30.385  -46.629  0.243 0.3000000119
45552  -29.527  -46.844  1.498 0.3000000119
45574  -30.707  -45.892  0.265 0.3000000119
45593  -30.332  -46.089  -0.765 0.3000000119
1215  -14.276  -90.738  -2.232 0.4000000060
1788  -18.172  -89.287  -18.778 0.4000000060
2211  -18.407  -88.170  -17.968 0.3000000119
630  -23.410  -91.956  -18.720 0.4000000060
60  -11.697  -94.433  -12.506 0.6000000238
50  -11.377  -94.074  -11.899 0.5000000000
72  -11.083  -94.608  -14.222 0.6000000238
79  -12.960  -95.093  -15.566 0.6000000238
959  -16.907  -90.982  -18.211 0.4000000060
948  -15.647  -91.750  -17.116 0.5000000000
22595  -8.401  -66.471  -24.781 0.6000000238
142470  -25.161  -87.697  -19.841 0.4000000060
150743  -26.774  -86.637  -20.725 0.4000000060
129888  -24.690  -87.947  -20.226 0.4000000060
2258  -28.167  -88.196  -25.897 0.3000000119
147970  -19.642  -79.729  -30.006 0.4000000060
7587  -17.622  -80.955  -33.694 0.4000000060
14340  -8.710  -73.888  -2.219 0.5000000000
28616  -6.013  -61.051  -8.856 0.5000000000
34262  -27.835  -55.536  -2.594 0.4000000060
37551  -33.512  -53.575  -1.959 0.3000000119
36501  -33.332  -53.945  -4.102 0.4000000060
38752  -32.240  -52.414  -5.421 0.4000000060
39929  -33.153  -52.458  -5.229 0.4000000060
276  -11.582  -93.181  -2.769 0.4000000060
2222  -22.080  -88.291  -18.504 0.5000000000
5098  -8.360  -83.702  -13.722 0.6000000238
20219  -5.738  -68.607  -25.747 0.4000000060
152705  -25.765  -55.458  -3.997 0.4000000060
134402  -29.368  -53.580  0.032 0.3000000119
41102  -25.944  -50.417  -0.650 0.4000000060
41125  -33.002  -50.048  -0.159 0.3000000119
46721  -30.274  -46.177  -1.719 0.3000000119
44546  -30.904  -47.194  -0.541 0.3000000119
152140  -24.971  -91.832  -18.662 0.4000000060
387  -23.880  -92.000  -18.611 0.4000000060
38677  -29.056  -51.631  -2.024 0.3000000119
41107  -31.098  -50.359  0.936 0.3000000119
35354  -29.032  -54.667  -1.253 0.4000000060
130473  -26.541  -89.744  -19.189 0.4000000060
100  -11.987  -93.652  -2.808 0.3000000119
18  -13.312  -94.136  -5.253 0.3000000119
828  -14.302  -91.489  -1.818 0.4000000060
10  -13.103  -94.701  -2.759 0.3000000119
12  -14.622  -94.865  -3.058 0.3000000119
25  -12.143  -93.701  -8.561 0.3000000119
595  -12.743  -92.939  -15.265 0.5000000000
602  -12.364  -91.801  -15.336 0.5000000000
363  -13.327  -93.933  -14.870 0.5000000000
1340  -14.125  -89.375  -15.498 0.4000000060
1762  -15.128  -89.236  -15.746 0.3000000119
62  -12.306  -93.939  -11.917 0.5000000000
70  -12.653  -94.426  -13.384 0.6000000238
915  -11.585  -91.023  -12.605 0.3000000119
156568  -11.810  -90.429  -13.649 0.5000000000
594  -11.848  -91.627  -14.673 0.5000000000
1332  -14.206  -89.388  -14.650 0.4000000060
1351  -15.980  -89.782  -17.158 0.3000000119
153006  -30.874  -84.405  -26.199 0.3000000119
3817  -32.826  -85.495  -23.583 0.3000000119
148511  -18.711  -87.931  -17.325 0.3000000119
1362  -23.490  -90.516  -17.504 0.4000000060
610  -24.766  -91.239  -17.041 0.4000000060
156078  -25.523  -91.567  -17.868 0.4000000060
149667  -32.588  -86.066  -22.874 0.3000000119
2203  -22.868  -88.798  -16.374 0.5000000000
1353  -24.195  -90.694  -16.678 0.5000000000
140704  -24.695  -91.121  -16.825 0.4000000060
148516  -26.185  -91.584  -18.131 0.4000000060
613  -27.102  -91.542  -16.926 0.4000000060
631  -26.704  -91.452  -18.348 0.4000000060
3175  -31.565  -87.087  -21.663 0.3000000119
139131  -25.724  -90.293  -16.386 0.4000000060
1357  -28.108  -91.086  -16.668 0.4000000060
971  -28.702  -91.206  -17.292 0.4000000060
1378  -29.307  -90.069  -18.283 0.4000000060
2235  -31.287  -87.562  -21.915 0.3000000119
1779  -28.469  -90.460  -16.840 0.4000000060
135506  -29.368  -89.251  -17.346 0.3000000119
1365  -29.955  -90.061  -17.874 0.4000000060
3171  -30.677  -87.555  -19.836 0.3000000119
137250  -29.264  -89.372  -18.930 0.3000000119
1386  -29.942  -88.883  -19.752 0.3000000119
2668  -30.482  -87.689  -19.038 0.3000000119
30915  -5.516  -59.840  -9.142 0.5000000000
35414  -27.135  -54.567  -4.858 0.4000000060
35372  -27.104  -54.714  -3.398 0.4000000060
36460  -27.427  -53.822  -3.623 0.4000000060
36480  -27.782  -53.009  -3.986 0.4000000060
37533  -28.192  -52.742  -2.620 0.4000000060
37534  -28.702  -52.197  -2.237 0.3000000119
35424  -11.559  -54.952  -5.692 0.4000000060
41084  -31.644  -49.071  0.998 0.3000000119
42342  -27.616  -50.233  -0.698 0.4000000060
45567  -30.444  -46.119  1.125 0.3000000119
9976  -8.671  -77.481  -2.329 0.6000000238
1775  -23.400  -89.385  -16.153 0.4000000060
1769  -23.654  -89.040  -15.725 0.4000000060
2192  -23.387  -88.182  -15.070 0.4000000060
1770  -24.158  -89.500  -15.961 0.4000000060
135738  -24.770  -89.939  -16.165 0.4000000060
3745  -22.499  -86.141  -13.114 0.3000000119
3145  -23.742  -87.210  -14.379 0.3000000119
141727  -24.014  -87.540  -14.981 0.3000000119
138015  -24.951  -88.543  -16.268 0.4000000060
2205  -25.476  -89.244  -16.402 0.4000000060
4403  -22.547  -85.409  -13.346 0.3000000119
3763  -23.519  -85.951  -14.564 0.3000000119
3146  -24.107  -86.868  -15.295 0.3000000119
2634  -25.068  -87.705  -16.443 0.3000000119
2635  -25.726  -88.193  -16.613 0.4000000060
2206  -27.411  -89.061  -16.625 0.4000000060
4404  -23.053  -85.204  -14.348 0.3000000119
3764  -23.934  -85.847  -15.748 0.3000000119
137209  -22.745  -88.273  -15.868 0.4000000060
2624  -22.822  -87.970  -14.985 0.3000000119
3137  -22.800  -87.138  -13.627 0.3000000119
2612  -22.488  -87.374  -14.259 0.3000000119
2623  -22.210  -87.311  -15.200 0.3000000119
3744  -22.004  -86.006  -12.813 0.3000000119
3136  -22.125  -86.735  -13.693 0.3000000119
2633  -22.329  -87.502  -16.048 0.4000000060
151546  -12.602  -89.814  -13.919 0.3000000119
3144  -21.667  -86.531  -15.052 0.3000000119
145876  -21.904  -87.091  -16.862 0.3000000119
3756  -21.225  -85.833  -14.250 0.3000000119
3767  -20.091  -85.524  -16.021 0.3000000119
27130  -21.503  -62.746  5.248 0.4000000060
25906  -22.037  -62.776  4.882 0.4000000060
138754  -22.464  -63.542  4.131 0.3000000119
25937  -23.723  -63.346  2.773 0.3000000119
27185  -22.420  -62.900  3.759 0.4000000060
24671  -17.166  -64.029  3.688 0.4000000060
23412  -19.356  -64.902  3.796 0.3000000119
24657  -19.772  -64.324  4.381 0.3000000119
24658  -20.316  -63.575  5.253 0.3000000119
25882  -21.033  -63.173  5.727 0.3000000119
25904  -20.017  -63.604  4.302 0.3000000119
25905  -20.525  -62.793  4.852 0.4000000060
25883  -21.682  -63.278  5.756 0.3000000119
27158  -20.893  -61.961  4.755 0.4000000060
28384  -21.579  -62.387  4.880 0.4000000060
25938  -24.516  -63.256  2.821 0.3000000119
28401  -21.314  -61.684  4.361 0.4000000060
28402  -21.501  -61.940  4.475 0.4000000060
152385  -22.336  -62.213  3.119 0.4000000060
154679  -19.997  -62.079  3.437 0.4000000060
28424  -20.909  -60.561  3.903 0.4000000060
27202  -24.090  -62.736  2.203 0.3000000119
27222  -23.580  -62.119  1.623 0.4000000060
29593  -21.082  -60.815  3.916 0.4000000060
29614  -21.437  -60.452  3.561 0.4000000060
28442  -22.019  -61.140  2.871 0.4000000060
27221  -22.646  -61.882  1.975 0.4000000060
28460  -24.040  -61.491  0.969 0.3000000119
29612  -20.985  -59.975  3.735 0.4000000060
29635  -21.832  -60.091  2.416 0.4000000060
29652  -22.559  -60.448  1.247 0.4000000060
29636  -25.679  -60.965  1.811 0.3000000119
42327  -28.844  -50.067  -0.058 0.3000000119
41103  -26.779  -50.440  -0.461 0.3000000119
41121  -26.660  -50.009  -0.919 0.3000000119
24674  -19.589  -64.078  3.668 0.4000000060
27184  -20.294  -62.344  3.960 0.4000000060
28482  -23.536  -60.584  0.635 0.4000000060
28461  -24.969  -61.364  1.194 0.4000000060
150960  -20.563  -61.445  3.849 0.4000000060
41081  -26.154  -50.636  0.152 0.3000000119
29655  -26.187  -60.202  1.526 0.3000000119
140579  -7.557  -81.134  -29.451 0.4000000060
23400  -17.132  -64.964  3.775 0.4000000060
27183  -19.576  -62.619  3.339 0.4000000060
24672  -18.030  -64.719  3.460 0.4000000060
24673  -18.985  -64.453  3.376 0.4000000060
25917  -19.116  -63.484  3.272 0.4000000060
25918  -19.899  -63.202  3.794 0.4000000060
2636  -26.608  -87.814  -16.762 0.3000000119
42326  -28.176  -49.826  -0.347 0.3000000119
2613  -23.096  -87.669  -14.210 0.3000000119
2625  -23.595  -87.746  -14.671 0.3000000119
2626  -24.237  -88.218  -15.548 0.4000000060
3153  -24.488  -86.320  -16.275 0.3000000119
2632  -21.792  -86.713  -16.204 0.3000000119
27132  -21.871  -62.591  4.915 0.4000000060
25920  -23.724  -64.058  3.203 0.3000000119
27201  -23.222  -62.655  2.317 0.4000000060
141540  -21.654  -61.459  3.798 0.4000000060
28459  -23.013  -61.414  1.169 0.4000000060
42325  -27.365  -49.847  -0.602 0.3000000119
18646  -17.193  -69.014  4.881 0.3000000119
19816  -16.087  -68.878  4.888 0.3000000119
18628  -16.263  -69.656  5.256 0.3000000119
17496  -16.855  -70.282  6.062 0.3000000119
17476  -16.675  -70.482  6.719 0.3000000119
19828  -17.622  -68.379  4.550 0.3000000119
13239  -10.495  -75.174  -2.614 0.4000000060
20986  -18.151  -67.152  3.901 0.3000000119
22157  -17.914  -66.513  3.617 0.3000000119
17495  -16.327  -70.651  6.227 0.3000000119
23411  -18.767  -65.284  3.562 0.3000000119
28443  -24.503  -62.055  1.699 0.3000000119
18629  -16.910  -69.656  5.246 0.3000000119
17516  -17.100  -69.957  5.749 0.3000000119
2030  -9.549  -89.679  4.464 0.3000000119
1161  -9.879  -90.457  4.730 0.3000000119
1171  -9.925  -90.711  3.048 0.3000000119
1182  -10.165  -91.059  2.296 0.3000000119
96  -14.418  -95.080  -0.900 0.3000000119
505  -13.878  -93.481  -1.187 0.3000000119
1205  -14.181  -90.736  -0.314 0.3000000119
1206  -14.523  -91.334  -0.762 0.3000000119
502  -14.741  -92.437  -0.505 0.3000000119
825  -14.414  -92.170  -1.197 0.3000000119
32053  -5.711  -59.232  -7.424 0.3000000119
32029  -5.998  -58.561  -6.918 0.3000000119
5  -13.509  -94.986  -2.051 0.3000000119
6  -13.729  -95.044  -2.384 0.3000000119
11  -13.743  -94.695  -3.348 0.3000000119
14  -13.779  -94.352  -4.313 0.3000000119
17  -12.634  -93.926  -5.608 0.3000000119
41  -10.450  -93.720  -10.901 0.6999999881
42  -11.730  -93.577  -9.985 0.4000000060
51  -11.714  -94.113  -11.640 0.5000000000
52  -11.857  -94.202  -11.390 0.5000000000
57  -9.236  -93.436  -12.991 0.6999999881
61  -12.141  -94.270  -12.155 0.5000000000
68  -11.666  -94.782  -13.344 0.6000000238
69  -12.197  -94.559  -12.938 0.6000000238
71  -10.379  -93.762  -13.909 0.6999999881
76  -10.193  -93.822  -14.736 0.6000000238
78  -12.246  -95.059  -15.584 0.6999999881
81  -14.158  -94.983  -16.041 0.5000000000
82  -11.212  -94.543  -15.705 0.6000000238
83  -12.808  -95.098  -16.140 0.6000000238
86  -14.612  -93.852  -17.026 0.6000000238
87  -12.134  -94.921  -16.473 0.6999999881
89  -13.770  -94.942  -17.114 0.6999999881
90  -14.278  -94.142  -17.261 0.6999999881
94  -13.170  -94.293  -1.869 0.4000000060
95  -13.883  -95.006  -1.294 0.3000000119
97  -12.842  -94.094  -2.523 0.4000000060
113  -12.320  -93.854  -6.220 0.3000000119
135  -9.006  -93.169  -9.733 0.6999999881
144  -9.442  -93.362  -10.682 0.6999999881
149  -8.509  -92.539  -11.751 0.6999999881
150  -9.807  -93.533  -11.558 0.6999999881
151  -12.277  -93.646  -11.681 0.3000000119
157  -9.272  -93.363  -12.154 0.6999999881
158  -12.563  -93.953  -12.291 0.6000000238
165  -8.164  -92.700  -14.073 0.8000000119
167  -8.779  -93.412  -13.940 0.6999999881
168  -12.925  -94.037  -12.975 0.6000000238
174  -8.179  -92.486  -14.547 0.8000000119
175  -8.150  -93.105  -14.413 0.8000000119
177  -13.251  -94.475  -14.774 0.6000000238
178  -13.814  -94.263  -15.618 0.5000000000
180  -8.333  -93.317  -15.027 0.8000000119
181  -8.723  -93.480  -15.516 0.6999999881
186  -8.154  -93.130  -16.561 0.6000000238
187  -8.584  -93.382  -16.419 0.6999999881
188  -9.152  -93.575  -16.182 0.6999999881
190  -11.420  -94.386  -16.480 0.6000000238
191  -14.238  -94.105  -16.538 0.5000000000
194  -8.066  -93.089  -17.312 0.5000000000
197  -10.011  -93.551  -17.125 0.6000000238
203  -17.248  -94.091  -17.594 0.6000000238
205  -7.998  -92.955  -17.955 0.5000000000
208  -9.876  -93.170  -18.466 0.6000000238
209  -10.481  -93.433  -17.895 0.6000000238
213  -14.532  -94.021  -18.019 0.6999999881
214  -16.130  -94.071  -18.519 0.6999999881
216  -17.667  -93.980  -18.411 0.6999999881
217  -17.930  -93.339  -18.519 0.6000000238
220  -9.455  -92.968  -19.140 0.6000000238
222  -11.439  -93.242  -19.204 0.6999999881
224  -13.306  -93.927  -19.404 0.8000000119
226  -15.915  -93.819  -19.226 0.6999999881
230  -9.912  -92.748  -19.923 0.6000000238
236  -15.019  -93.247  -20.160 0.8000000119
239  -17.692  -92.639  -19.334 0.6999999881
241  -10.550  -93.124  -21.681 0.5000000000
244  -13.896  -93.252  -20.531 0.6000000238
245  -14.511  -93.164  -20.527 0.6000000238
269  -14.083  -94.540  -0.654 0.3000000119
273  -13.106  -93.575  -1.798 0.4000000060
279  -10.211  -92.707  -4.490 0.5000000000
280  -10.523  -93.002  -4.096 0.5000000000
300  -8.773  -92.681  -6.718 0.6000000238
311  -7.871  -92.874  -8.472 0.6000000238
320  -7.934  -92.734  -9.294 0.6999999881
341  -12.430  -93.193  -11.285 0.3000000119
346  -8.434  -92.186  -12.302 0.8000000119
347  -12.135  -93.192  -12.414 0.4000000060
352  -8.338  -92.344  -13.408 0.8000000119
353  -12.129  -93.001  -13.365 0.5000000000
361  -8.220  -92.330  -14.598 0.6000000238
368  -13.650  -93.371  -15.731 0.5000000000
372  -14.877  -93.111  -16.588 0.6000000238
373  -17.127  -93.744  -17.030 0.6000000238
375  -8.034  -92.629  -17.656 0.5000000000
376  -17.880  -93.617  -17.446 0.6999999881
377  -18.141  -93.280  -17.901 0.6000000238
380  -25.025  -91.647  -18.050 0.4000000060
381  -26.017  -91.576  -17.685 0.4000000060
382  -26.735  -91.611  -17.683 0.4000000060
384  -18.094  -93.322  -18.396 0.6999999881
386  -23.250  -92.061  -19.166 0.4000000060
388  -24.374  -91.936  -18.602 0.4000000060
389  -25.588  -91.638  -18.336 0.4000000060
392  -7.999  -93.064  -19.747 0.5000000000
394  -19.468  -91.978  -20.729 0.6999999881
396  -23.757  -93.014  -19.881 0.6000000238
397  -25.310  -91.842  -19.030 0.4000000060
401  -8.443  -93.132  -20.615 0.5000000000
404  -16.754  -92.473  -20.286 0.8999999762
407  -19.361  -92.212  -21.193 0.8999999762
411  -23.113  -92.973  -20.341 0.6000000238
413  -25.991  -91.691  -19.616 0.5000000000
416  -8.879  -93.086  -21.349 0.5000000000
419  -12.383  -93.069  -21.535 0.6000000238
427  -19.761  -91.866  -21.968 0.8000000119
429  -22.365  -91.021  -22.225 0.6999999881
442  -17.671  -92.438  -21.907 0.5000000000
443  -18.750  -92.358  -21.659 0.8999999762
445  -20.017  -91.902  -22.424 0.8000000119
449  -18.859  -92.204  -22.442 0.6000000238
517  -10.262  -92.187  -4.491 0.5000000000
532  -9.612  -92.256  -5.481 0.6000000238
550  -7.112  -92.268  -9.392 0.8000000119
551  -7.118  -92.247  -8.905 0.8000000119
570  -8.071  -92.006  -10.406 0.8000000119
580  -11.597  -91.726  -12.472 0.3000000119
581  -11.725  -92.400  -12.817 0.3000000119
585  -8.340  -91.919  -13.383 0.8000000119
586  -11.542  -91.681  -13.130 0.5000000000
592  -8.381  -91.818  -14.488 0.6000000238
593  -11.595  -91.638  -13.889 0.5000000000
600  -8.234  -92.408  -15.434 0.6000000238
606  -8.226  -92.487  -16.764 0.6000000238
609  -17.102  -93.169  -17.000 0.6000000238
611  -25.261  -91.352  -16.975 0.4000000060
615  -8.107  -91.811  -17.432 0.5000000000
619  -23.531  -91.096  -17.961 0.4000000060
620  -23.830  -91.696  -18.191 0.4000000060
621  -24.362  -91.336  -17.346 0.4000000060
622  -24.819  -91.407  -17.368 0.4000000060
624  -27.384  -91.622  -17.189 0.4000000060
625  -28.162  -91.478  -17.164 0.4000000060
637  -19.164  -92.117  -19.943 0.5000000000
638  -19.798  -91.377  -20.642 0.5000000000
641  -27.239  -90.925  -18.791 0.4000000060
642  -27.812  -90.831  -18.359 0.4000000060
646  -26.036  -91.731  -20.545 0.5000000000
651  -22.388  -91.556  -22.552 0.8000000119
667  -20.571  -92.011  -22.914 0.6999999881
671  -26.790  -90.730  -22.043 0.6000000238
699  -18.837  -92.078  -24.041 0.6000000238
703  -22.357  -91.462  -23.917 0.6000000238
817  -10.730  -91.433  1.100 0.3000000119
823  -14.390  -91.700  0.105 0.3000000119
827  -13.863  -91.493  -2.330 0.4000000060
835  -11.336  -92.305  -3.293 0.5000000000
860  -11.386  -91.044  -5.619 0.6000000238
869  -8.805  -91.903  -6.948 0.6000000238
876  -7.469  -91.911  -8.702 0.8000000119
894  -7.448  -91.972  -9.815 0.8000000119
895  -7.844  -91.601  -10.169 0.8000000119
914  -8.432  -91.140  -12.380 0.8000000119
923  -8.424  -91.443  -12.995 0.8000000119
925  -11.549  -90.968  -13.417 0.5000000000
930  -8.556  -91.151  -14.801 0.6000000238
932  -11.699  -90.822  -14.218 0.5000000000
938  -8.241  -90.499  -15.056 0.6999999881
940  -12.694  -91.095  -15.724 0.5000000000
944  -8.447  -91.039  -16.237 0.6000000238
945  -8.227  -90.523  -15.786 0.6000000238
947  -15.007  -90.901  -16.770 0.5000000000
949  -24.322  -91.094  -17.030 0.4000000060
950  -24.777  -91.176  -16.924 0.4000000060
951  -25.372  -91.296  -16.810 0.4000000060
952  -26.510  -91.408  -16.783 0.4000000060
953  -27.618  -91.395  -16.772 0.4000000060
954  -28.274  -91.279  -16.783 0.4000000060
963  -28.659  -91.136  -16.935 0.4000000060
964  -29.068  -90.804  -17.404 0.4000000060
967  -17.464  -90.767  -18.605 0.4000000060
968  -18.065  -91.072  -18.987 0.5000000000
972  -28.895  -90.829  -17.790 0.4000000060
975  -19.530  -91.449  -19.963 0.5000000000
976  -20.113  -90.593  -20.314 0.5000000000
987  -21.394  -89.863  -21.336 0.5000000000
988  -22.025  -89.774  -21.424 0.5000000000
999  -23.926  -91.264  -23.831 0.6999999881
1016  -20.116  -91.344  -24.573 0.6000000238
1020  -24.595  -90.442  -24.411 0.6000000238
1030  -20.366  -90.658  -25.259 0.6000000238
1031  -21.851  -90.590  -25.250 0.5000000000
1170  -9.651  -90.210  3.796 0.4000000060
1190  -10.103  -90.878  1.416 0.3000000119
1197  -12.360  -91.039  0.539 0.3000000119
1201  -9.886  -90.380  -0.180 0.4000000060
1202  -10.559  -90.593  -0.138 0.3000000119
1214  -14.002  -89.937  -2.754 0.5000000000
1259  -9.178  -90.710  -8.756 0.8000000119
1261  -11.600  -89.882  -8.382 0.6999999881
1283  -9.000  -90.352  -10.791 0.8000000119
1295  -8.416  -90.941  -11.788 0.8000000119
1309  -11.841  -90.523  -12.948 0.3000000119
1321  -12.227  -90.141  -13.451 0.3000000119
1322  -12.784  -90.027  -13.316 0.3000000119
1330  -12.092  -90.104  -14.185 0.5000000000
1347  -6.203  -89.738  -16.555 0.5000000000
1348  -7.526  -90.215  -16.419 0.6000000238
1350  -15.350  -89.785  -16.537 0.3000000119
1358  -28.762  -91.020  -16.861 0.4000000060
1366  -6.239  -90.118  -18.049 0.5000000000
1367  -17.059  -90.001  -18.430 0.4000000060
1369  -18.573  -90.227  -19.127 0.6000000238
1371  -29.666  -90.247  -17.784 0.4000000060
1375  -19.501  -90.218  -19.428 0.6000000238
1379  -30.234  -89.437  -18.527 0.3000000119
1384  -22.486  -89.781  -20.893 0.5000000000
1392  -28.304  -87.619  -21.438 0.3000000119
1397  -27.382  -86.791  -21.779 0.4000000060
1420  -20.528  -89.771  -25.859 0.6000000238
1421  -21.443  -90.053  -25.854 0.5000000000
1438  -21.920  -89.752  -25.964 0.6000000238
1623  -9.168  -89.324  1.282 0.5000000000
1624  -9.542  -90.083  1.459 0.4000000060
1630  -8.803  -89.221  0.424 0.5000000000
1631  -9.332  -89.822  0.010 0.5000000000
1637  -11.771  -89.598  -0.848 0.3000000119
1638  -12.711  -89.786  -0.586 0.3000000119
1639  -13.690  -89.911  -0.797 0.5000000000
1643  -9.063  -89.621  -1.671 0.5000000000
1648  -14.248  -90.133  -1.971 0.5000000000
1652  -8.463  -89.182  -3.297 0.6000000238
1654  -10.285  -89.409  -2.138 0.3000000119
1660  -8.639  -89.298  -3.544 0.6000000238
1683  -12.877  -89.381  -6.706 0.6000000238
1684  -13.152  -89.388  -6.037 0.6000000238
1697  -11.705  -88.915  -9.008 0.6999999881
1704  -11.380  -88.849  -9.787 0.6999999881
1714  -9.795  -89.450  -11.436 0.8000000119
1715  -10.601  -88.928  -11.066 0.8000000119
1733  -6.395  -88.286  -12.733 0.8000000119
1753  -6.014  -88.908  -14.365 0.6999999881
1754  -6.390  -89.217  -13.850 0.8000000119
1756  -15.831  -89.075  -15.037 0.3000000119
1764  -16.352  -89.120  -15.725 0.3000000119
1768  -23.201  -88.660  -15.590 0.4000000060
1771  -5.861  -89.180  -16.050 0.5000000000
1776  -23.886  -89.883  -16.244 0.4000000060
1777  -26.615  -89.712  -16.501 0.4000000060
1782  -23.048  -89.400  -16.807 0.5000000000
1783  -28.976  -89.998  -17.363 0.3000000119
1784  -29.849  -89.958  -17.725 0.4000000060
1789  -19.080  -89.402  -19.058 0.4000000060
1790  -22.594  -88.893  -18.732 0.6000000238
1798  -22.511  -89.082  -19.673 0.6000000238
1802  -22.274  -89.266  -20.458 0.5000000000
1818  -26.218  -84.884  -22.420 0.5000000000
1839  -21.428  -89.352  -25.460 0.6000000238
1841  -25.801  -85.541  -24.960 0.5000000000
1842  -26.234  -85.215  -23.996 0.5000000000
1843  -27.238  -86.131  -24.350 0.5000000000
2031  -9.703  -88.650  4.440 0.4000000060
2048  -9.296  -88.736  2.501 0.5000000000
2057  -8.299  -88.435  0.043 0.6000000238
2067  -8.057  -88.084  -1.651 0.6000000238
2068  -8.257  -88.514  -2.335 0.6000000238
2077  -8.115  -88.387  -3.165 0.6000000238
2079  -10.681  -88.922  -2.937 0.4000000060
2081  -12.557  -88.611  -2.751 0.5000000000
2087  -8.127  -88.873  -3.789 0.6000000238
2092  -13.243  -88.792  -3.071 0.5000000000
2099  -7.466  -88.764  -4.820 0.6000000238
2100  -7.455  -89.035  -4.865 0.6999999881
2104  -13.192  -88.715  -5.051 0.5000000000
2111  -7.208  -89.055  -5.503 0.6999999881
2114  -11.189  -88.458  -6.066 0.6000000238
2116  -13.187  -88.864  -5.755 0.6000000238
2123  -7.356  -88.639  -6.549 0.8000000119
2124  -8.059  -88.435  -7.336 0.8000000119
2137  -12.605  -88.907  -7.152 0.6999999881
2156  -10.440  -88.343  -11.085 0.8000000119
2164  -7.639  -88.034  -11.814 0.8000000119
2196  -5.922  -88.655  -15.695 0.6000000238
2199  -23.880  -88.645  -15.413 0.4000000060
2201  -18.117  -88.459  -17.399 0.3000000119
2204  -24.457  -89.134  -15.897 0.4000000060
2209  -6.055  -88.636  -17.002 0.5000000000
2216  -6.145  -88.620  -17.914 0.5000000000
2220  -20.782  -88.167  -18.777 0.5000000000
2225  -20.409  -88.703  -19.072 0.6000000238
2239  -31.758  -87.020  -22.757 0.3000000119
2248  -28.212  -87.609  -24.957 0.5000000000
2255  -20.708  -89.232  -24.587 0.6000000238
2270  -26.413  -87.864  -26.388 0.4000000060
2284  -25.211  -88.075  -27.085 0.5000000000
2286  -26.816  -88.146  -27.020 0.4000000060
2466  -10.279  -87.158  2.497 0.4000000060
2473  -7.498  -86.950  -0.594 0.6000000238
2508  -7.801  -88.208  -4.229 0.6000000238
2515  -7.259  -88.491  -5.078 0.6999999881
2516  -7.396  -87.968  -5.448 0.6999999881
2527  -6.866  -88.288  -6.930 0.8000000119
2533  -7.738  -87.883  -7.972 0.8000000119
2540  -10.331  -87.764  -9.480 0.6999999881
2550  -8.719  -86.437  -10.279 0.8000000119
2552  -10.213  -87.671  -10.140 0.8000000119
2564  -8.491  -86.620  -11.163 0.8000000119
2566  -10.308  -87.856  -10.711 0.8000000119
2567  -10.865  -87.897  -10.288 0.6999999881
2580  -7.809  -87.212  -11.903 0.8000000119
2592  -6.879  -87.889  -12.406 0.8000000119
2616  -6.118  -88.360  -15.141 0.6000000238
2621  -18.787  -86.815  -15.752 0.3000000119
2628  -8.204  -87.701  -16.168 0.6999999881
2629  -9.343  -87.450  -16.148 0.6999999881
2631  -19.389  -86.806  -17.139 0.3000000119
2645  -20.099  -86.564  -17.465 0.3000000119
2648  -22.048  -87.901  -17.872 0.5000000000
2652  -30.145  -88.433  -17.814 0.3000000119
2657  -10.200  -87.027  -18.418 0.6999999881
2659  -19.859  -87.220  -18.163 0.4000000060
2661  -21.323  -87.755  -18.337 0.5000000000
2665  -7.776  -87.689  -20.056 0.6000000238
2669  -30.725  -88.019  -19.244 0.3000000119
2679  -31.647  -87.048  -21.923 0.3000000119
2680  -32.056  -86.617  -22.483 0.3000000119
2685  -32.200  -86.644  -22.987 0.3000000119
2695  -31.795  -86.726  -23.392 0.3000000119
2696  -32.175  -86.260  -23.885 0.3000000119
2701  -32.333  -85.787  -24.457 0.3000000119
2725  -24.247  -87.372  -28.007 0.5000000000
2728  -26.735  -87.609  -27.803 0.4000000060
2739  -24.624  -87.137  -28.846 0.6000000238
2925  -7.124  -87.432  6.993 0.3000000119
2943  -11.331  -86.278  4.131 0.3000000119
2963  -10.400  -86.117  2.034 0.4000000060
2972  -7.911  -86.309  0.809 0.6000000238
2979  -7.144  -85.883  -0.229 0.6000000238
2998  -7.765  -86.448  -1.569 0.6000000238
3010  -7.936  -87.185  -1.903 0.6000000238
3034  -11.002  -86.231  -4.741 0.6999999881
3047  -8.576  -86.586  -7.437 0.8000000119
3057  -9.476  -86.053  -7.472 0.8000000119
3075  -8.225  -86.478  -9.222 0.8000000119
3076  -8.578  -85.923  -9.343 0.8000000119
3110  -7.657  -86.964  -12.606 0.8000000119
3112  -9.555  -85.779  -12.129 0.8999999762
3121  -11.609  -85.833  -13.884 1.0000000000
3123  -21.873  -86.246  -13.169 0.3000000119
3124  -22.430  -86.521  -13.274 0.3000000119
3125  -22.981  -86.756  -13.433 0.3000000119
3132  -9.676  -86.948  -14.107 0.8999999762
3134  -11.391  -86.198  -14.598 1.0000000000
3138  -23.317  -87.264  -13.881 0.3000000119
3140  -10.657  -86.810  -15.366 0.8999999762
3147  -10.845  -86.547  -16.085 0.8999999762
3148  -11.299  -86.085  -15.838 0.8999999762
3152  -21.242  -86.154  -16.263 0.3000000119
3158  -21.185  -86.534  -17.095 0.3000000119
3163  -10.075  -86.705  -19.161 0.6999999881
3179  -31.929  -86.606  -22.125 0.3000000119
3183  -33.033  -85.518  -23.969 0.3000000119
3195  -32.615  -85.488  -24.964 0.3000000119
3196  -33.015  -85.210  -25.051 0.3000000119
3204  -32.365  -85.269  -25.380 0.3000000119
3228  -24.764  -86.397  -29.936 0.4000000060
3495  -6.445  -86.627  7.021 0.3000000119
3509  -6.357  -86.648  6.370 0.4000000060
3510  -6.603  -86.905  6.422 0.5000000000
3521  -5.886  -85.949  5.135 0.5000000000
3522  -6.559  -86.340  5.513 0.5000000000
3528  -6.122  -85.581  4.605 0.5000000000
3534  -11.469  -85.042  3.293 0.3000000119
3551  -9.337  -85.351  1.716 0.4000000060
3552  -10.092  -85.335  2.037 0.4000000060
3564  -5.634  -84.237  0.386 0.6000000238
3566  -7.282  -85.583  0.897 0.6000000238
3575  -6.415  -84.863  0.101 0.6000000238
3597  -7.831  -85.717  -1.399 0.6000000238
3617  -11.395  -85.309  -2.753 0.6999999881
3624  -10.972  -86.033  -3.273 0.6999999881
3625  -11.817  -85.405  -3.453 0.6999999881
3626  -12.725  -85.024  -3.677 0.6999999881
3627  -13.407  -84.909  -4.252 0.6999999881
3642  -11.637  -86.096  -5.573 0.6999999881
3644  -13.890  -85.086  -5.519 0.8000000119
3645  -14.220  -84.901  -6.042 0.8999999762
3661  -11.471  -85.761  -7.709 0.8000000119
3662  -12.504  -85.673  -7.359 0.8000000119
3663  -13.876  -85.272  -7.148 0.8999999762
3671  -9.122  -85.788  -8.769 0.8000000119
3686  -8.976  -85.779  -9.973 0.8999999762
3689  -12.634  -85.119  -9.372 0.8999999762
3702  -8.766  -85.876  -11.011 0.8999999762
3703  -9.306  -85.620  -10.663 0.8999999762
3714  -10.545  -85.585  -11.862 0.8999999762
3715  -11.657  -85.324  -11.792 1.0000000000
3716  -12.331  -84.904  -11.497 1.0000000000
3722  -10.613  -85.881  -12.584 0.8999999762
3738  -11.119  -86.122  -13.319 0.8999999762
3739  -11.928  -85.256  -13.289 1.0000000000
3752  -11.869  -85.267  -13.942 1.0000000000
3757  -23.102  -86.133  -13.574 0.3000000119
3758  -11.471  -85.823  -15.241 1.0000000000
3762  -20.856  -85.731  -15.708 0.3000000119
3777  -10.336  -85.719  -18.478 0.6999999881
3786  -29.963  -86.491  -19.793 0.3000000119
3801  -32.131  -85.950  -22.085 0.3000000119
3809  -32.517  -85.764  -22.546 0.3000000119
3826  -33.102  -85.110  -24.256 0.3000000119
3827  -33.093  -85.244  -24.846 0.3000000119
3844  -32.301  -84.860  -25.693 0.3000000119
3851  -31.889  -84.407  -26.765 0.3000000119
3873  -24.198  -85.514  -31.312 0.5000000000
4126  -6.747  -84.594  9.244 0.4000000060
4173  -6.029  -86.137  5.640 0.5000000000
4175  -9.215  -84.175  4.847 0.3000000119
4189  -5.651  -84.251  3.481 0.5000000000
4191  -9.182  -84.514  3.034 0.4000000060
4192  -10.315  -84.313  3.099 0.4000000060
4193  -11.502  -84.423  3.445 0.3000000119
4205  -5.901  -84.170  1.728 0.5000000000
4221  -5.409  -83.953  0.690 0.6000000238
4223  -6.363  -84.850  1.131 0.6000000238
4230  -5.517  -84.128  0.229 0.6000000238
4238  -8.588  -84.296  -0.752 0.6000000238
4239  -9.956  -84.107  -0.801 0.6999999881
4249  -8.161  -85.012  -1.111 0.6000000238
4253  -12.113  -83.997  -1.835 0.6999999881
4273  -11.784  -84.641  -2.296 0.6999999881
4283  -13.060  -84.471  -3.115 0.6999999881
4284  -13.617  -84.116  -3.450 0.6999999881
4285  -13.935  -83.759  -4.049 0.8000000119
4291  -6.163  -84.373  -4.811 0.8000000119
4292  -13.945  -84.714  -4.814 0.6999999881
4293  -14.237  -84.071  -4.729 0.8000000119
4309  -5.334  -85.065  -6.770 0.6000000238
4310  -5.931  -85.172  -6.218 0.6000000238
4311  -6.887  -84.970  -6.777 0.8000000119
4312  -14.455  -84.294  -6.206 0.8999999762
4322  -4.899  -85.015  -7.403 0.6000000238
4325  -14.249  -84.763  -7.679 0.8999999762
4336  -14.190  -84.174  -8.375 0.8999999762
4350  -13.843  -84.359  -9.004 0.8999999762
4361  -13.013  -84.358  -10.423 1.0000000000
4362  -13.311  -84.025  -10.124 1.0000000000
4368  -12.781  -84.328  -11.164 1.0000000000
4401  -9.592  -84.058  -14.875 0.6000000238
4411  -10.747  -84.695  -15.631 0.6999999881
4418  -9.301  -84.695  -17.016 0.5000000000
4420  -10.753  -85.012  -16.605 0.8999999762
4429  -10.206  -84.827  -17.289 0.6000000238
4494  -33.020  -84.936  -23.670 0.3000000119
4776  -6.805  -84.021  12.559 0.3000000119
4803  -7.127  -83.731  10.592 0.4000000060
4830  -6.254  -83.585  8.271 0.4000000060
4847  -6.582  -83.263  6.827 0.6000000238
4861  -6.087  -84.769  4.939 0.5000000000
4862  -6.646  -83.704  5.941 0.6000000238
4871  -5.625  -84.281  3.840 0.5000000000
4905  -5.533  -83.432  1.577 0.6000000238
4917  -9.873  -82.987  0.238 0.6999999881
4922  -6.309  -84.035  -0.166 0.6000000238
4923  -7.682  -83.751  -0.347 0.6000000238
4925  -10.952  -83.536  -0.628 0.6999999881
4932  -10.858  -84.129  -1.142 0.6999999881
4933  -11.538  -83.720  -1.244 0.6999999881
4934  -12.317  -83.162  -1.434 0.6999999881
4968  -5.644  -83.496  -3.649 0.8999999762
4971  -13.594  -83.396  -3.354 0.8000000119
4977  -5.218  -83.444  -3.997 0.8999999762
4979  -7.146  -84.107  -4.392 1.0000000000
4980  -8.551  -83.691  -4.403 1.0000000000
4989  -14.354  -83.609  -5.509 0.8999999762
4998  -9.366  -83.704  -6.342 0.8000000119
4999  -14.208  -83.339  -7.358 0.8999999762
5011  -8.623  -83.784  -7.502 0.8000000119
5012  -9.522  -83.524  -7.262 0.8000000119
5014  -14.069  -83.428  -8.190 0.8999999762
5023  -6.194  -84.511  -8.740 0.6000000238
5024  -7.214  -84.059  -8.494 0.5000000000
5052  -12.824  -83.274  -10.601 1.0000000000
5053  -13.221  -83.584  -10.092 1.0000000000
5084  -8.483  -83.465  -12.922 0.6000000238
5086  -10.638  -83.441  -12.751 0.8999999762
5087  -11.542  -83.505  -12.556 1.0000000000
5099  -9.247  -83.636  -13.591 0.6000000238
5100  -10.255  -83.657  -13.500 0.6999999881
5101  -11.248  -83.800  -13.373 0.8999999762
5290  -11.781  -82.754  -34.213 0.5000000000
5299  -22.583  -83.334  -34.111 0.4000000060
5534  -7.451  -82.974  11.733 0.4000000060
5545  -7.441  -82.609  10.853 0.5000000000
5580  -5.870  -82.245  7.719 0.6000000238
5589  -6.125  -82.502  7.383 0.6000000238
5603  -7.633  -82.094  5.877 0.6000000238
5622  -5.575  -83.347  2.585 0.5000000000
5636  -5.472  -83.243  2.164 0.5000000000
5649  -5.702  -83.232  1.645 0.6000000238
5651  -8.764  -82.428  1.757 0.6000000238
5652  -10.638  -81.844  1.418 0.6999999881
5664  -6.260  -83.085  0.876 0.6000000238
5668  -11.433  -82.106  0.349 0.6999999881
5685  -12.535  -82.207  -1.628 0.8000000119
5693  -5.645  -82.514  -2.832 1.0000000000
5694  -12.916  -82.401  -2.412 0.8000000119
5712  -6.172  -83.061  -3.226 0.8999999762
5714  -9.751  -82.537  -3.740 0.8999999762
5716  -13.602  -82.747  -3.725 0.8000000119
5726  -11.767  -82.305  -4.928 0.8000000119
5727  -12.564  -82.091  -4.838 0.8999999762
5733  -5.182  -83.225  -5.075 0.6999999881
5734  -10.152  -83.278  -4.772 0.8000000119
5739  -14.010  -82.895  -5.218 0.8999999762
5747  -11.714  -82.754  -6.245 0.8000000119
5749  -14.056  -82.944  -5.944 0.8999999762
5760  -10.746  -83.072  -7.323 0.8999999762
5763  -13.519  -82.798  -7.715 0.8999999762
5770  -9.000  -83.011  -9.019 0.8999999762
5773  -11.607  -82.566  -8.647 0.8999999762
5774  -12.898  -82.623  -8.450 0.8999999762
5783  -10.342  -82.522  -9.642 1.0000000000
5786  -12.868  -82.743  -9.343 0.8999999762
5787  -13.430  -83.266  -9.467 0.8999999762
5795  -7.747  -82.682  -10.969 0.6999999881
5797  -9.970  -82.584  -10.822 0.8999999762
5798  -10.703  -82.569  -10.489 1.0000000000
5799  -11.711  -82.644  -10.407 1.0000000000
5813  -8.620  -82.688  -11.387 0.6999999881
5817  -12.259  -82.937  -10.996 1.0000000000
5830  -9.221  -82.993  -12.012 0.6999999881
5982  -29.650  -82.050  -28.025 0.3000000119
5986  -12.123  -82.189  -30.336 0.6000000238
5995  -12.867  -82.419  -30.567 0.6999999881
6005  -12.429  -82.190  -31.150 0.6999999881
6022  -9.681  -82.118  -33.636 0.5000000000
6023  -10.543  -82.682  -33.712 0.6000000238
6048  -12.199  -81.759  -35.220 0.5000000000
6049  -12.943  -82.050  -35.123 0.6000000238
6050  -14.480  -82.120  -35.108 0.6000000238
6055  -21.936  -81.997  -35.141 0.4000000060
6287  -9.037  -81.333  12.401 0.4000000060
6300  -8.885  -81.837  11.770 0.5000000000
6313  -8.353  -82.115  11.003 0.5000000000
6321  -6.317  -81.922  8.847 0.5000000000
6349  -5.618  -80.879  7.807 0.6000000238
6350  -5.643  -81.605  7.518 0.6000000238
6363  -6.201  -81.753  6.723 0.6000000238
6373  -7.823  -81.332  5.660 0.6000000238
6382  -9.056  -80.502  4.288 0.6000000238
6388  -9.438  -80.904  3.764 0.6000000238
6389  -9.826  -80.701  3.032 0.6000000238
6399  -9.694  -81.319  2.983 0.6000000238
6415  -10.041  -81.863  2.163 0.6999999881
6417  -11.344  -80.811  0.723 0.6999999881
6433  -11.482  -81.321  0.529 0.6999999881
6444  -12.299  -81.651  -1.019 0.6999999881
6453  -12.402  -81.373  -1.554 0.6999999881
6463  -5.098  -81.230  -2.639 0.8999999762
6470  -12.944  -81.895  -2.933 0.8999999762
6487  -4.998  -82.515  -3.028 0.8999999762
6491  -10.707  -81.352  -3.219 0.8999999762
6492  -12.643  -81.583  -3.415 0.8999999762
6493  -13.257  -82.098  -3.734 0.8999999762
6508  -11.345  -82.073  -4.322 0.8999999762
6518  -5.273  -82.487  -4.459 0.8999999762
6740  -12.059  -81.918  -29.523 0.5000000000
6747  -13.527  -82.151  -30.890 0.6999999881
6754  -7.785  -81.602  -31.624 0.5000000000
6755  -12.347  -81.768  -31.687 0.6999999881
6756  -12.771  -81.976  -31.837 0.6999999881
6757  -13.321  -81.912  -31.762 0.6999999881
6779  -9.260  -81.313  -33.611 0.8000000119
6781  -21.079  -81.050  -33.289 0.5000000000
6787  -10.462  -81.292  -34.414 0.6999999881
6799  -10.875  -80.935  -35.016 0.6999999881
6800  -11.680  -81.233  -35.155 0.5000000000
6802  -13.740  -81.519  -35.354 0.6000000238
6804  -15.554  -81.408  -35.363 0.4000000060
6807  -17.814  -80.927  -35.118 0.4000000060
6808  -21.720  -81.211  -35.456 0.4000000060
6817  -12.697  -80.489  -35.959 0.5000000000
6818  -13.541  -80.603  -36.031 0.6999999881
6822  -17.513  -80.344  -35.495 0.5000000000
7083  -9.384  -80.506  11.944 0.4000000060
7099  -9.962  -80.054  11.355 0.4000000060
7114  -10.235  -80.072  10.845 0.4000000060
7126  -9.356  -80.975  10.078 0.5000000000
7127  -10.221  -80.243  10.020 0.5000000000
7133  -8.611  -80.493  8.549 0.6000000238
7134  -9.577  -80.056  8.419 0.6000000238
7155  -5.649  -80.962  6.755 0.6000000238
7166  -6.746  -80.636  5.864 0.6000000238
7173  -8.237  -80.193  4.733 0.6000000238
7187  -9.764  -80.159  2.992 0.6000000238
7213  -11.253  -80.351  0.405 0.6999999881
7228  -5.375  -79.923  -0.908 0.8000000119
7229  -6.030  -80.023  -0.752 0.8000000119
7231  -11.255  -80.290  -0.563 0.6999999881
7243  -5.045  -79.943  -1.827 1.0000000000
7244  -5.276  -80.357  -1.636 1.0000000000
7246  -7.338  -80.484  -1.372 0.8000000119
7247  -8.384  -80.407  -1.402 0.8999999762
7250  -11.457  -80.468  -1.526 0.8000000119
7251  -12.162  -80.832  -1.607 0.6999999881
7265  -8.684  -80.923  -1.954 0.8999999762
7269  -12.115  -80.927  -2.467 0.8000000119
7279  -5.002  -80.561  -3.106 0.8999999762
7280  -11.515  -80.928  -2.911 0.8999999762
7297  -4.988  -80.665  -3.918 0.8999999762
7298  -5.331  -80.351  -4.542 0.8999999762
7304  -6.128  -80.928  -5.189 0.6000000238
7305  -7.396  -81.077  -5.806 0.6000000238
7553  -13.985  -81.668  -30.503 0.6000000238
7554  -14.339  -80.803  -30.663 0.5000000000
7558  -8.143  -80.724  -31.940 0.8000000119
7568  -8.486  -80.648  -32.899 0.8000000119
7569  -9.186  -80.312  -32.855 0.8000000119
7581  -8.941  -80.829  -33.443 0.8000000119
7582  -9.612  -80.805  -33.925 0.8000000119
7584  -11.201  -80.639  -34.083 0.6999999881
7596  -10.070  -80.933  -34.292 0.8000000119
7598  -10.950  -80.538  -34.595 0.6999999881
7600  -20.701  -80.215  -34.852 0.5000000000
7607  -11.525  -80.389  -35.332 0.6999999881
7609  -18.002  -79.853  -35.698 0.5000000000
7610  -20.667  -80.276  -35.362 0.5000000000
7622  -15.123  -79.910  -36.359 0.5000000000
7623  -16.558  -80.198  -36.164 0.4000000060
7624  -17.203  -80.115  -36.132 0.5000000000
7903  -5.646  -79.324  15.095 0.3000000119
7923  -4.961  -79.370  14.132 0.3000000119
7934  -6.878  -79.892  13.133 0.4000000060
7949  -7.417  -79.430  12.161 0.4000000060
7964  -10.065  -79.471  10.917 0.4000000060
7986  -5.769  -80.327  7.938 0.6000000238
7996  -9.142  -79.725  7.786 0.6999999881
7997  -10.076  -79.277  8.100 0.6999999881
8002  -5.699  -79.518  6.596 0.6000000238
8003  -5.786  -79.294  6.786 0.6000000238
8009  -5.344  -78.539  4.860 0.6000000238
8018  -6.289  -79.344  4.565 0.6000000238
8027  -7.227  -79.369  3.475 0.6000000238
8029  -9.176  -79.784  3.472 0.6000000238
8039  -5.060  -78.244  2.366 0.8000000119
8040  -5.866  -78.899  2.814 0.8000000119
8042  -8.418  -79.530  3.007 0.6000000238
8044  -10.127  -80.118  2.327 0.6000000238
8057  -5.048  -78.101  1.756 0.8000000119
8058  -5.554  -79.010  1.207 0.8000000119
8059  -7.261  -79.426  1.315 0.6999999881
8061  -9.518  -79.815  1.786 0.6999999881
8072  -5.121  -78.452  0.979 0.8000000119
8074  -5.507  -79.314  0.532 0.8000000119
8078  -10.650  -79.983  0.740 0.6999999881
8094  -5.256  -79.349  -0.136 0.8000000119
8096  -6.740  -79.806  -0.313 0.8000000119
8098  -9.857  -79.918  0.016 0.6999999881
8111  -9.055  -80.054  -0.797 0.8000000119
8116  -4.982  -79.827  -2.627 1.0000000000
8330  -11.216  -78.874  -23.761 0.5000000000
8357  -10.042  -79.070  -25.469 0.6000000238
8358  -10.475  -79.518  -25.786 0.6000000238
8372  -10.709  -78.863  -27.365 0.6000000238
8390  -8.884  -79.574  -30.607 0.6000000238
8397  -8.912  -80.012  -31.519 0.6000000238
8400  -11.606  -80.546  -32.178 0.6999999881
8401  -14.486  -79.429  -31.931 0.6999999881
8411  -14.277  -79.238  -32.730 0.6999999881
8412  -18.210  -79.230  -32.397 0.5000000000
8422  -21.640  -79.106  -33.302 0.5000000000
8428  -18.194  -78.837  -34.588 0.5000000000
8436  -20.603  -79.755  -35.563 0.5000000000
8441  -11.558  -79.629  -36.046 0.6999999881
8442  -11.963  -79.176  -36.707 0.6999999881
8443  -12.603  -79.093  -37.059 0.6999999881
8444  -13.571  -79.151  -36.983 0.6999999881
8447  -17.376  -79.519  -36.239 0.5000000000
8755  -6.146  -79.015  15.203 0.3000000119
8780  -4.844  -78.296  13.298 0.3000000119
8781  -4.813  -78.820  14.005 0.3000000119
8797  -4.810  -78.037  12.756 0.3000000119
8799  -6.389  -78.758  11.634 0.4000000060
8816  -8.424  -78.439  10.670 0.4000000060
8818  -10.348  -78.955  10.246 0.6000000238
8858  -6.253  -79.013  7.169 0.6000000238
8859  -7.440  -78.838  7.406 0.6000000238
8861  -11.047  -78.427  7.593 0.6999999881
8868  -5.705  -78.600  6.235 0.6000000238
8872  -9.430  -78.401  6.661 0.6999999881
8882  -5.434  -78.084  6.022 0.6000000238
8889  -5.235  -77.771  4.538 0.8000000119
8907  -4.963  -77.933  1.768 0.8000000119
8908  -4.868  -77.861  2.724 0.8000000119
8933  -4.938  -78.225  0.600 0.8000000119
8945  -4.841  -78.317  0.058 0.8000000119
8957  -4.985  -78.839  -1.316 1.0000000000
8966  -5.089  -78.730  -1.965 1.0000000000
8967  -5.539  -78.485  -2.707 0.8999999762
8968  -6.794  -78.029  -3.048 0.8000000119
8976  -8.275  -77.927  -3.948 0.6999999881
9225  -9.629  -78.123  -24.260 0.5000000000
9226  -10.363  -78.631  -24.138 0.5000000000
9275  -11.146  -78.182  -28.237 0.6000000238
9291  -9.268  -77.409  -30.408 0.8000000119
9302  -9.819  -77.931  -30.961 0.8000000119
9303  -12.327  -77.949  -30.845 0.8000000119
9320  -14.656  -78.705  -31.434 0.5000000000
9331  -20.495  -78.074  -31.962 0.4000000060
9332  -21.313  -78.365  -32.255 0.4000000060
9342  -21.544  -78.397  -32.896 0.4000000060
9349  -11.419  -79.459  -35.677 0.6999999881
9358  -11.622  -79.237  -35.902 0.6999999881
9359  -12.671  -78.677  -36.185 0.6999999881
9361  -18.217  -77.941  -34.900 0.4000000060
9370  -15.458  -78.829  -36.351 0.6999999881
9372  -17.493  -78.832  -35.899 0.5000000000
9730  -4.950  -78.146  13.527 0.3000000119
9743  -5.186  -77.638  13.045 0.3000000119
9764  -5.685  -77.195  11.193 0.4000000060
9765  -7.026  -77.103  9.969 0.4000000060
9778  -10.161  -77.165  8.938 0.5000000000
9810  -11.917  -77.512  7.494 0.6000000238
9811  -12.203  -77.310  7.022 0.6000000238
9828  -8.568  -77.828  6.114 0.6999999881
9829  -9.936  -77.813  6.018 0.6999999881
9840  -5.394  -77.648  5.546 0.6000000238
9843  -9.565  -77.304  4.717 0.8000000119
9845  -11.769  -77.413  5.783 0.8000000119
9846  -12.413  -77.116  5.309 0.8000000119
9855  -5.516  -77.164  4.974 0.6999999881
9857  -10.259  -77.260  3.972 0.8000000119
9858  -11.481  -77.574  4.233 0.8000000119
9872  -5.074  -77.616  3.375 0.8000000119
9873  -5.596  -77.142  3.660 0.8000000119
9874  -6.608  -76.960  3.836 0.8000000119
9876  -9.104  -77.278  3.319 0.8000000119
9879  -12.677  -77.079  3.505 0.8000000119
9888  -5.567  -77.297  2.763 0.8000000119
9893  -11.904  -77.700  2.640 0.8000000119
9894  -12.396  -77.309  2.716 0.8000000119
9903  -4.948  -78.034  0.982 0.8000000119
9904  -5.092  -77.774  1.471 0.8000000119
9909  -12.231  -77.466  1.910 0.8000000119
9926  -4.746  -78.090  0.272 0.8000000119
9928  -5.544  -77.480  0.982 0.8000000119
9931  -9.699  -77.366  -0.204 0.8000000119
9932  -10.781  -77.426  -0.095 0.8000000119
9934  -12.064  -77.230  0.527 0.8000000119
9946  -4.934  -77.813  -0.087 0.8000000119
9947  -5.717  -77.505  -0.436 0.8000000119
9948  -6.945  -77.442  -0.820 0.8000000119
9949  -8.150  -77.319  -0.863 0.8000000119
9950  -11.836  -76.960  -0.120 0.8000000119
9951  -12.088  -76.932  0.235 0.8000000119
9962  -5.058  -77.863  -0.847 0.8999999762
9965  -8.687  -77.360  -1.516 0.8000000119
9968  -11.312  -77.159  -0.718 0.8000000119
9974  -6.238  -77.877  -2.158 0.8000000119
9987  -10.490  -77.301  -3.928 0.6000000238
9997  -9.510  -77.934  -3.994 0.6999999881
10007  -10.237  -77.818  -5.238 0.5000000000
10226  -10.185  -77.431  -23.791 0.5000000000
10245  -9.258  -77.442  -24.090 0.5000000000
10266  -8.565  -77.290  -25.154 0.6000000238
10295  -10.810  -77.208  -28.393 0.6000000238
10306  -11.613  -77.335  -29.368 0.6999999881
10315  -8.779  -76.951  -30.000 0.6000000238
10329  -10.122  -76.984  -30.922 0.8000000119
10346  -11.107  -77.566  -31.393 0.8000000119
10347  -11.864  -77.998  -31.261 0.8000000119
10360  -14.369  -77.577  -33.559 0.6999999881
10371  -14.762  -77.004  -33.482 0.6999999881
10379  -18.627  -76.075  -34.007 0.5000000000
10385  -13.480  -78.207  -35.072 0.6999999881
10386  -15.994  -77.236  -35.195 0.6999999881
10388  -17.818  -78.059  -35.456 0.6999999881
10394  -15.425  -77.755  -35.562 0.6999999881
10395  -16.319  -77.852  -35.935 0.6999999881
10806  -5.101  -77.615  12.520 0.3000000119
10820  -5.657  -76.889  11.806 0.4000000060
10829  -5.750  -76.454  11.111 0.4000000060
10840  -5.881  -75.817  10.625 0.4000000060
10853  -9.877  -76.041  8.827 0.5000000000
10854  -10.778  -76.371  8.521 0.6000000238
10855  -11.547  -76.643  8.138 0.6000000238
10880  -12.626  -76.627  5.869 0.6999999881
10891  -12.797  -76.615  4.966 0.8000000119
10920  -12.604  -77.097  2.001 0.8000000119
10949  -11.953  -76.498  -0.024 0.6000000238
10962  -11.312  -76.686  -1.360 0.6999999881
10972  -11.176  -76.231  -1.855 0.6000000238
10983  -10.565  -76.764  -3.438 0.5000000000
11012  -10.676  -76.802  -5.620 0.5000000000
11297  -8.650  -76.163  -24.449 0.6000000238
11298  -9.043  -76.733  -24.006 0.5000000000
11300  -11.095  -76.671  -24.499 0.5000000000
11332  -8.388  -76.344  -25.192 0.6000000238
11348  -9.580  -75.921  -27.381 0.6000000238
11350  -13.070  -76.429  -27.736 0.4000000060
11362  -8.452  -76.339  -29.658 0.8000000119
11364  -11.597  -76.500  -29.931 0.6999999881
11376  -10.949  -75.565  -30.161 0.6999999881
11377  -11.355  -76.358  -30.373 0.6999999881
11384  -10.963  -76.138  -30.671 0.6999999881
11394  -16.321  -76.417  -31.649 0.5000000000
11402  -14.910  -76.460  -33.260 0.6000000238
11404  -15.902  -75.811  -32.460 0.5000000000
11426  -14.907  -76.377  -33.892 0.6999999881
11428  -15.782  -75.926  -34.204 0.5000000000
11852  -7.301  -75.940  12.056 0.3000000119
11864  -6.069  -76.012  11.230 0.4000000060
11879  -5.949  -75.259  10.398 0.4000000060
11890  -5.590  -75.017  9.886 0.4000000060
11891  -6.929  -75.736  9.395 0.4000000060
11892  -8.172  -75.806  9.106 0.4000000060
11893  -9.095  -75.741  8.913 0.4000000060
11907  -8.542  -75.395  8.583 0.4000000060
11910  -11.248  -75.840  8.097 0.6000000238
11919  -9.899  -75.015  7.951 0.5000000000
11922  -12.216  -76.061  7.142 0.6999999881
11934  -12.025  -75.327  6.719 0.6999999881
11935  -12.537  -75.946  6.344 0.8000000119
11952  -12.894  -75.985  4.744 0.8000000119
11955  -12.332  -75.567  3.516 0.8000000119
11962  -12.027  -75.737  1.823 0.6999999881
11975  -12.396  -76.558  1.293 0.8000000119
11986  -12.119  -76.368  0.532 0.6999999881
12001  -11.678  -75.900  -0.781 0.6000000238
12016  -11.257  -75.611  -1.586 0.6000000238
12385  -8.656  -74.548  -24.747 0.6000000238
12388  -10.822  -75.833  -25.070 0.5000000000
12444  -10.405  -74.873  -27.953 0.6999999881
12445  -12.673  -75.803  -27.869 0.5000000000
12464  -12.850  -75.494  -28.625 0.5000000000
12465  -13.250  -75.548  -29.226 0.4000000060
12482  -9.317  -74.738  -29.999 0.6999999881
12484  -10.535  -74.625  -29.923 0.6999999881
12522  -15.103  -75.645  -33.657 0.6000000238
12531  -16.483  -75.516  -34.222 0.6000000238
12533  -19.908  -75.151  -34.203 0.6000000238
12538  -18.880  -75.225  -34.303 0.6000000238
13032  -6.181  -74.939  10.846 0.3000000119
13057  -5.185  -74.287  9.288 0.4000000060
13069  -4.195  -73.958  8.734 0.4000000060
13070  -4.956  -74.296  8.520 0.4000000060
13083  -3.909  -73.958  8.227 0.5000000000
13084  -4.260  -73.991  7.740 0.5000000000
13086  -7.979  -74.709  7.571 0.5000000000
13102  -9.463  -74.517  6.643 0.5000000000
13104  -11.624  -74.832  6.224 0.8000000119
13105  -12.386  -75.329  5.951 0.6999999881
13118  -9.407  -74.274  5.254 0.6999999881
13119  -10.319  -74.559  4.961 0.5000000000
13127  -8.766  -74.196  4.604 0.8000000119
13147  -10.468  -74.848  2.453 0.6999999881
13163  -11.463  -75.358  1.197 0.6000000238
13198  -10.815  -74.687  -0.706 0.6000000238
13199  -11.405  -75.315  -0.385 0.6000000238
13218  -10.407  -74.380  -1.840 0.6999999881
13238  -10.177  -74.481  -2.440 0.4000000060
13253  -9.994  -74.891  -3.143 0.4000000060
13522  -8.630  -73.601  -24.925 0.6000000238
13523  -10.295  -74.026  -25.583 0.5000000000
13540  -9.008  -74.167  -26.561 0.6000000238
13542  -12.317  -75.065  -27.655 0.5000000000
13550  -6.412  -74.638  -27.455 0.6000000238
13551  -7.030  -74.193  -28.171 0.6000000238
13553  -10.440  -73.598  -28.674 0.6999999881
13563  -9.047  -74.212  -29.605 0.6999999881
13564  -12.732  -75.002  -29.173 0.5000000000
13578  -9.889  -73.849  -30.127 0.6999999881
13579  -10.109  -73.810  -30.044 0.6999999881
13608  -15.941  -74.826  -33.619 0.5000000000
13625  -15.792  -74.928  -33.728 0.5000000000
13626  -16.379  -74.654  -33.787 0.5000000000
13627  -17.175  -74.079  -33.982 0.5000000000
13634  -17.786  -74.783  -34.254 0.5000000000
13635  -18.621  -74.612  -34.384 0.5000000000
14140  -5.627  -74.178  9.920 0.4000000060
14141  -7.064  -73.188  11.064 0.4000000060
14157  -13.986  -73.374  9.621 0.3000000119
14172  -14.124  -73.414  8.823 0.3000000119
14210  -7.011  -73.049  4.122 0.6999999881
14221  -8.118  -74.106  4.133 0.6999999881
14237  -8.200  -74.295  2.620 0.6000000238
14258  -4.775  -74.197  1.807 0.5000000000
14260  -6.814  -73.989  1.941 0.6999999881
14309  -10.234  -74.180  -1.169 0.6000000238
14614  -10.721  -72.957  -22.433 0.6000000238
14616  -12.191  -73.342  -22.864 0.6000000238
14629  -12.773  -73.343  -23.496 0.6000000238
14638  -8.923  -73.187  -24.838 0.6999999881
14639  -9.756  -72.708  -25.424 0.6000000238
14643  -13.312  -73.310  -24.253 0.6000000238
14657  -10.430  -72.334  -25.478 0.6000000238
14659  -11.457  -73.421  -26.082 0.6000000238
14689  -10.238  -72.619  -28.382 0.6999999881
14703  -7.701  -73.310  -28.500 0.6000000238
14706  -10.005  -72.976  -29.505 0.6999999881
14707  -12.780  -74.272  -28.577 0.4000000060
14723  -9.968  -73.363  -29.869 0.6999999881
15282  -6.611  -73.063  10.422 0.4000000060
15285  -10.206  -72.327  10.874 0.3000000119
15302  -4.987  -73.546  8.794 0.5000000000
15319  -4.476  -73.286  8.113 0.5000000000
15321  -12.868  -73.204  9.288 0.3000000119
15323  -14.557  -73.132  8.136 0.3000000119
15333  -4.923  -72.906  7.762 0.5000000000
15335  -13.910  -72.704  7.797 0.3000000119
15345  -14.926  -72.261  7.109 0.3000000119
15389  -4.679  -73.531  2.991 0.6999999881
15684  -9.884  -72.633  -21.854 0.6000000238
15694  -11.479  -73.102  -22.410 0.6000000238
15696  -12.759  -72.609  -22.660 0.6000000238
15713  -10.779  -72.741  -23.300 0.6000000238
15714  -12.813  -73.184  -22.882 0.6000000238
15729  -9.633  -72.267  -25.449 0.6999999881
15732  -13.634  -72.591  -23.998 0.6000000238
15748  -9.494  -71.895  -26.193 0.6999999881
15767  -10.188  -71.762  -27.259 0.6999999881
15768  -10.084  -71.918  -28.264 0.6999999881
15769  -14.118  -72.970  -26.770 0.6000000238
15784  -6.691  -71.546  -28.131 0.5000000000
15798  -8.191  -72.588  -28.584 0.6000000238
15799  -9.092  -72.215  -28.952 0.6999999881
15800  -9.898  -72.444  -29.037 0.6999999881
16377  -6.005  -72.205  9.251 0.5000000000
16380  -10.337  -71.909  9.643 0.3000000119
16396  -5.692  -71.821  8.686 0.5000000000
16400  -10.141  -71.581  8.718 0.5000000000
16402  -12.096  -71.547  8.844 0.4000000060
16403  -12.907  -72.352  8.467 0.3000000119
16418  -5.230  -71.862  7.846 0.5000000000
16463  -4.913  -70.963  3.957 0.6999999881
16464  -5.804  -71.058  4.442 0.6999999881
16490  -4.057  -72.336  2.617 0.6000000238
16735  -7.813  -71.164  -21.135 0.6000000238
16737  -9.722  -71.065  -20.842 0.6000000238
16754  -8.480  -71.588  -21.563 0.6000000238
16756  -10.143  -72.152  -21.427 0.6000000238
16757  -11.014  -71.954  -21.626 0.6000000238
16780  -8.569  -71.715  -21.976 0.6000000238
16781  -9.207  -72.038  -22.299 0.6000000238
16785  -13.012  -71.536  -22.769 0.6000000238
16805  -9.946  -71.418  -23.141 0.6000000238
16825  -10.500  -71.364  -24.634 0.6999999881
16847  -10.218  -71.403  -25.136 0.6999999881
16864  -5.182  -70.911  -27.297 0.6999999881
16865  -10.162  -70.962  -27.120 0.6999999881
16867  -14.175  -72.047  -26.748 0.6000000238
17453  -12.088  -70.814  8.410 0.5000000000
17469  -6.997  -70.280  7.949 0.6000000238
17471  -8.841  -71.002  7.540 0.5000000000
17490  -5.863  -70.396  6.810 0.6000000238
17493  -14.846  -71.526  6.708 0.3000000119
17515  -16.614  -70.192  5.641 0.3000000119
17541  -4.319  -70.744  3.694 0.6999999881
17780  -13.302  -70.012  -16.757 0.6000000238
17785  -12.080  -70.082  -17.600 0.6000000238
17800  -11.794  -69.735  -19.231 0.6000000238
17801  -12.676  -70.028  -18.420 0.6000000238
17818  -10.549  -69.693  -20.091 0.6000000238
17820  -12.147  -69.595  -20.083 0.6000000238
17822  -13.861  -70.049  -19.734 0.6000000238
17837  -6.797  -69.821  -21.106 0.6999999881
17839  -7.823  -70.551  -20.645 0.6999999881
17845  -14.257  -70.069  -21.139 0.6000000238
17846  -15.161  -70.219  -20.775 0.5000000000
17864  -11.598  -70.651  -21.461 0.6000000238
17866  -13.273  -69.999  -21.643 0.6000000238
17867  -14.248  -70.135  -21.998 0.6000000238
17884  -8.948  -70.528  -22.592 0.6999999881
17885  -9.908  -70.397  -23.198 0.6999999881
17902  -13.727  -70.596  -23.887 0.6000000238
17914  -10.145  -70.738  -25.484 0.6999999881
17951  -13.880  -70.770  -26.694 0.6000000238
17965  -6.340  -70.793  -28.072 0.6000000238
17967  -9.238  -70.688  -27.940 0.6999999881
18577  -6.776  -69.692  7.569 0.6000000238
18604  -10.266  -69.436  6.560 0.5000000000
18605  -11.187  -69.276  6.623 0.5000000000
18609  -17.147  -69.605  6.558 0.3000000119
18630  -17.391  -69.219  5.596 0.3000000119
18644  -3.673  -69.406  4.313 0.6000000238
18645  -4.016  -69.674  4.989 0.6000000238
18908  -11.392  -69.424  -13.873 0.6000000238
18910  -13.080  -69.196  -13.908 0.6000000238
18916  -8.320  -68.946  -14.491 0.6999999881
18919  -11.068  -69.606  -14.718 0.6000000238
18925  -6.909  -69.228  -16.221 0.8000000119
18927  -8.375  -69.344  -15.415 0.6999999881
18930  -11.224  -69.709  -15.524 0.6000000238
18939  -7.392  -69.460  -16.587 0.8000000119
18942  -10.117  -69.793  -17.012 0.6000000238
18943  -11.537  -69.942  -16.923 0.6000000238
18945  -13.601  -69.785  -16.113 0.6000000238
18954  -7.465  -69.321  -17.217 0.6999999881
18956  -9.700  -69.518  -17.663 0.6000000238
18996  -10.327  -69.376  -19.573 0.6000000238
19012  -8.321  -69.564  -20.192 0.6000000238
19037  -7.510  -69.516  -22.233 0.6999999881
19038  -8.658  -69.665  -22.561 0.6999999881
19053  -10.099  -69.507  -23.399 0.6999999881
19080  -5.874  -69.520  -25.915 0.5000000000
19082  -7.901  -69.340  -26.476 0.6000000238
19779  -6.568  -69.054  7.147 0.6000000238
19781  -8.062  -68.944  7.126 0.5000000000
19795  -6.278  -68.350  6.742 0.6000000238
19800  -11.209  -68.628  6.214 0.5000000000
19811  -3.509  -68.220  4.994 0.6999999881
19812  -3.739  -68.311  5.683 0.6000000238
19813  -4.351  -68.416  6.118 0.6999999881
19817  -16.670  -69.165  4.917 0.3000000119
19827  -16.815  -68.450  4.497 0.3000000119
19833  -3.168  -67.690  2.757 0.6000000238
20027  -8.972  -68.100  -11.919 0.8000000119
20030  -11.705  -68.266  -11.710 0.6000000238
20031  -12.614  -68.129  -11.744 0.5000000000
20046  -7.746  -68.164  -12.767 0.8000000119
20049  -10.327  -68.678  -12.662 0.6999999881
20058  -7.536  -68.384  -13.466 0.8000000119
20059  -8.240  -68.671  -13.737 0.8000000119
20060  -9.618  -68.836  -13.300 0.6999999881
20061  -11.775  -69.134  -13.161 0.5000000000
20083  -6.614  -68.752  -16.250 0.8000000119
20117  -8.475  -68.296  -18.834 0.6999999881
20132  -8.088  -68.071  -19.470 0.6999999881
20147  -7.056  -68.651  -20.666 0.8000000119
20159  -7.154  -68.470  -21.355 0.6999999881
20185  -9.446  -67.746  -23.177 0.6999999881
20220  -6.442  -67.784  -26.102 0.5000000000
20221  -7.171  -68.557  -26.291 0.5000000000
20238  -7.480  -67.472  -26.246 0.6999999881
20239  -9.166  -67.664  -26.313 0.6999999881
20936  -5.879  -67.652  6.438 0.8000000119
20938  -9.200  -67.372  6.035 0.5000000000
20950  -3.665  -67.541  4.988 0.6000000238
20956  -12.563  -67.149  5.658 0.5000000000
20969  -15.540  -67.432  4.940 0.5000000000
21179  -8.025  -66.884  -10.812 0.8000000119
21181  -9.856  -66.942  -10.659 0.6999999881
21184  -12.684  -67.353  -10.460 0.5000000000
21202  -6.672  -67.171  -11.800 0.8000000119
21206  -10.333  -67.659  -11.181 0.5000000000
21220  -8.116  -67.845  -12.068 0.8000000119
21225  -6.378  -67.642  -13.302 0.6999999881
21238  -6.416  -68.180  -15.510 0.8000000119
21278  -6.743  -67.573  -17.233 0.8000000119
21310  -8.041  -66.751  -19.515 0.8000000119
21323  -7.748  -67.857  -20.140 0.8000000119
21348  -8.698  -66.261  -22.966 0.6999999881
21375  -6.211  -67.469  -25.664 0.5000000000
21395  -9.737  -67.261  -25.935 0.6999999881
21404  -8.357  -67.268  -26.218 0.6999999881
22139  -7.592  -66.247  5.976 0.6000000238
22153  -3.186  -65.976  3.997 0.6000000238
22155  -15.733  -66.598  4.832 0.5000000000
22156  -16.447  -66.356  4.246 0.5000000000
22177  -3.046  -65.736  2.307 0.5000000000
22228  -6.959  -66.117  -2.893 0.6999999881
22243  -7.458  -66.291  -3.400 0.6999999881
22245  -8.821  -66.178  -4.086 0.6999999881
22267  -6.103  -65.978  -3.899 0.4000000060
22268  -7.132  -66.527  -4.056 0.6000000238
22270  -9.421  -66.165  -4.512 0.6999999881
22290  -9.745  -66.348  -4.923 0.6999999881
22291  -10.405  -66.208  -5.253 0.6000000238
22292  -11.054  -65.968  -5.587 0.6000000238
22307  -5.784  -65.319  -5.741 0.5000000000
22308  -6.173  -65.861  -6.362 0.6000000238
22313  -11.541  -66.244  -6.138 0.6000000238
22336  -11.962  -66.523  -6.808 0.6000000238
22348  -8.341  -65.762  -9.010 0.8000000119
22349  -9.068  -66.233  -8.811 0.8000000119
22353  -13.176  -66.597  -8.406 0.6000000238
22389  -9.365  -66.442  -10.127 0.6999999881
22404  -6.086  -65.922  -12.036 0.5000000000
22405  -6.436  -66.332  -11.522 0.8000000119
22406  -7.182  -66.656  -11.110 0.8000000119
22418  -6.064  -67.020  -13.081 0.6999999881
22424  -6.045  -66.513  -14.642 0.6000000238
22425  -6.175  -67.328  -14.044 0.8000000119
22514  -7.879  -66.385  -18.744 0.6999999881
22560  -8.379  -66.270  -21.238 0.8000000119
22596  -8.781  -66.242  -24.814 0.6000000238
22610  -6.907  -67.159  -25.391 0.5000000000
22613  -9.125  -66.667  -25.473 0.6999999881
23370  -4.290  -65.430  4.984 0.6999999881
23375  -9.525  -65.103  5.441 0.6000000238
23376  -10.889  -65.767  5.250 0.6000000238
23378  -12.641  -65.916  5.084 0.6000000238
23380  -14.243  -65.783  5.381 0.5000000000
23391  -3.027  -65.233  3.625 0.6000000238
23394  -12.164  -65.141  4.850 0.6000000238
23395  -13.032  -65.257  4.672 0.6000000238
23408  -2.873  -65.030  2.849 0.5000000000
23409  -3.268  -64.657  2.904 0.6000000238
23410  -17.932  -65.612  3.524 0.3000000119
23476  -7.402  -65.513  -2.857 0.6999999881
23492  -8.106  -65.671  -3.299 0.6999999881
23493  -8.681  -65.799  -3.833 0.6999999881
23550  -6.082  -65.396  -6.912 0.6000000238
23551  -11.711  -65.636  -6.049 0.6000000238
23588  -7.723  -65.221  -9.225 0.8000000119
23635  -6.548  -65.438  -11.455 0.5000000000
23639  -6.144  -65.289  -12.551 0.5000000000
23750  -8.818  -64.558  -19.875 0.6000000238
23786  -8.539  -64.368  -21.629 0.6999999881
23805  -8.051  -64.696  -22.822 0.6999999881
23806  -8.259  -64.697  -22.559 0.6999999881
23837  -8.400  -65.884  -23.987 0.6000000238
24628  -5.239  -64.262  4.739 0.8000000119
24631  -9.846  -64.297  5.380 0.6000000238
24648  -3.720  -64.094  3.922 0.5000000000
24655  -15.780  -64.312  4.727 0.6000000238
24669  -3.825  -64.092  3.354 0.6000000238
24684  -4.243  -63.921  2.984 0.8000000119
24686  -5.826  -63.210  2.601 0.6999999881
24784  -8.690  -64.603  -4.553 0.6999999881
24785  -9.411  -65.146  -4.707 0.6999999881
24803  -10.011  -64.853  -5.303 0.5000000000
24822  -12.444  -65.313  -6.530 0.6000000238
24856  -6.465  -64.057  -8.783 0.6000000238
24876  -6.686  -63.750  -9.559 0.6000000238
24907  -6.429  -64.410  -12.279 0.5000000000
24966  -6.367  -63.592  -15.638 0.5000000000
24991  -7.825  -64.058  -17.730 0.6000000238
25007  -8.198  -63.770  -18.586 0.6000000238
25018  -8.447  -63.687  -19.478 0.6000000238
25030  -6.513  -63.878  -20.753 0.5000000000
25031  -8.616  -63.838  -21.029 0.6000000238
25045  -7.196  -63.953  -21.404 0.5000000000
25879  -8.374  -63.574  5.161 0.8000000119
25884  -21.901  -63.401  5.887 0.3000000119
25895  -5.712  -62.677  3.849 0.6999999881
25903  -15.980  -63.445  4.586 0.6000000238
25919  -23.047  -63.604  3.264 0.3000000119
25934  -6.362  -62.646  2.131 0.6000000238
25936  -22.968  -63.002  2.958 0.3000000119
25939  -25.121  -63.194  3.121 0.3000000119
26038  -7.363  -63.700  -4.438 0.6000000238
26065  -8.836  -63.653  -6.379 0.6000000238
26265  -6.791  -62.772  -19.098 0.5000000000
26285  -7.635  -62.653  -19.714 0.5000000000
26287  -8.284  -62.938  -19.973 0.5000000000
26310  -8.263  -63.303  -20.750 0.6000000238
26324  -7.987  -63.310  -21.117 0.6000000238
27131  -21.890  -62.976  5.260 0.4000000060
27151  -8.937  -62.321  4.222 0.8000000119
27152  -10.239  -62.104  4.268 0.8000000119
27154  -13.496  -63.089  4.315 0.6000000238
27159  -22.071  -62.241  4.204 0.4000000060
27176  -7.574  -61.739  3.483 0.8000000119
27180  -16.587  -62.555  3.995 0.5000000000
27182  -18.626  -62.603  3.064 0.4000000060
27200  -6.575  -61.866  1.866 0.6000000238
27349  -6.104  -62.074  -5.366 0.6000000238
27373  -8.564  -62.722  -7.536 0.5000000000
28383  -21.009  -62.135  5.007 0.4000000060
28398  -14.459  -61.998  4.130 0.6000000238
28400  -21.009  -61.416  4.388 0.4000000060
28413  -6.645  -61.671  2.414 0.6000000238
28414  -7.224  -61.475  2.622 0.8000000119
28421  -17.355  -61.547  3.197 0.6000000238
28423  -20.186  -60.729  3.148 0.4000000060
28456  -7.729  -61.045  1.355 0.6999999881
28457  -8.125  -61.268  0.834 0.6999999881
28458  -22.358  -61.086  1.794 0.4000000060
28472  -8.885  -61.194  0.376 0.6999999881
28475  -10.945  -61.199  -0.320 0.6000000238
29594  -21.240  -61.083  3.967 0.4000000060
29610  -16.896  -60.809  3.120 0.6000000238
29613  -21.121  -60.170  3.723 0.4000000060
29624  -8.189  -60.617  1.371 0.6000000238
29634  -19.717  -60.036  2.752 0.5000000000
29664  -8.594  -60.864  0.607 0.6000000238
29665  -9.225  -60.616  0.249 0.6999999881
29666  -10.100  -59.764  -0.427 0.6999999881
29668  -22.921  -59.764  0.820 0.4000000060
29669  -24.325  -59.825  0.473 0.5000000000
29683  -10.492  -60.017  -0.817 0.6999999881
29714  -14.096  -60.586  -3.012 0.6000000238
29721  -23.638  -60.495  -2.956 0.6000000238
29739  -21.415  -60.161  -4.341 0.6000000238
29742  -23.990  -60.208  -3.959 0.6000000238
29808  -5.596  -60.531  -8.074 0.5000000000
30724  -15.513  -59.203  2.262 0.8000000119
30730  -21.645  -59.039  2.456 0.6000000238
30760  -22.959  -58.729  0.809 0.5000000000
30790  -12.912  -59.115  -2.295 0.6999999881
30792  -22.801  -59.154  -1.714 0.6000000238
30795  -25.351  -59.077  -1.741 0.6000000238
30812  -23.269  -60.095  -2.225 0.6000000238
30831  -20.097  -59.561  -4.074 0.6000000238
30888  -5.818  -59.230  -8.671 0.5000000000
31857  -17.597  -58.727  1.858 0.6000000238
31858  -18.619  -58.806  1.863 0.6000000238
31859  -20.606  -58.647  2.375 0.6000000238
31864  -28.468  -57.528  2.140 0.3000000119
31881  -20.732  -58.367  1.868 0.6000000238
31905  -28.192  -57.973  0.944 0.3000000119
31930  -13.964  -58.800  -2.021 0.6999999881
31935  -19.392  -57.894  -2.084 0.5000000000
31936  -20.234  -57.741  -1.990 0.5000000000
31938  -22.232  -58.042  -1.536 0.5000000000
31957  -14.205  -58.735  -3.050 0.8000000119
31960  -17.243  -58.402  -2.755 0.6999999881
31963  -20.373  -58.293  -2.343 0.6000000238
31966  -26.494  -58.779  -2.312 0.6000000238
31983  -16.598  -58.792  -3.718 0.6000000238
33057  -15.966  -57.659  0.878 0.6000000238
33058  -16.682  -57.681  0.730 0.6000000238
33063  -21.581  -58.135  0.793 0.6000000238
33078  -16.743  -57.474  0.309 0.6000000238
33084  -24.163  -57.616  0.110 0.5000000000
33085  -25.154  -57.676  -0.058 0.5000000000
33102  -17.403  -57.645  -0.019 0.6000000238
33107  -22.844  -57.672  -0.395 0.5000000000
33109  -24.567  -57.539  -0.070 0.5000000000
33112  -28.761  -57.217  -0.733 0.5000000000
33148  -27.160  -57.148  -2.900 0.6000000238
33174  -5.553  -56.276  -4.467 0.5000000000
33189  -5.778  -56.925  -5.528 0.5000000000
34237  -29.271  -56.569  -0.211 0.3000000119
34299  -25.214  -56.249  -4.383 0.5000000000
34315  -26.075  -56.368  -5.434 0.5000000000
35395  -26.295  -54.988  -4.414 0.4000000060
36436  -32.061  -53.578  -0.833 0.3000000119
37580  -33.111  -53.010  -4.466 0.5000000000
38707  -29.038  -52.207  -3.512 0.3000000119
38753  -32.947  -52.457  -5.324 0.4000000060
39843  -28.836  -51.944  0.840 0.4000000060
39881  -29.130  -51.080  -1.680 0.4000000060
39909  -33.264  -51.487  -2.933 0.4000000060
41109  -32.943  -50.757  0.270 0.4000000060
42300  -30.176  -48.914  1.317 0.3000000119
42353  -32.892  -49.530  -0.697 0.4000000060
42378  -32.609  -50.170  -3.437 0.4000000060
42397  -30.019  -48.915  -4.669 0.5000000000
42427  -28.753  -49.613  -5.302 0.5000000000
43440  -32.058  -48.546  1.328 0.3000000119
43475  -31.911  -48.853  -2.715 0.5000000000
43476  -32.308  -48.813  -1.901 0.4000000060
44495  -30.407  -47.956  1.326 0.3000000119
44511  -30.555  -47.611  0.877 0.3000000119
44528  -30.828  -47.443  0.106 0.3000000119
44549  -31.090  -47.177  -1.692 0.4000000060
45629  -25.825  -46.677  -5.161 0.4000000060
129894  -24.527  -87.436  -22.678 0.6000000238
129895  -25.850  -85.831  -25.369 0.6000000238
129896  -24.520  -85.108  -22.315 0.6999999881
129899  -24.687  -86.246  -25.213 0.6000000238
129919  -21.820  -83.850  -33.453 0.4000000060
130193  -22.274  -85.272  -30.805 0.5000000000
130281  -21.554  -84.628  -32.079 0.4000000060
130289  -26.206  -88.616  -19.423 0.4000000060
130290  -20.559  -83.151  -33.226 0.4000000060
130344  -21.555  -80.231  -31.557 0.4000000060
130377  -22.388  -84.402  -32.812 0.4000000060
130390  -25.441  -85.396  -20.916 0.5000000000
130419  -25.193  -86.243  -26.453 0.5000000000
130627  -25.532  -87.063  -26.458 0.5000000000
130649  -6.393  -84.603  6.917 0.5000000000
130662  -10.353  -77.216  -2.044 0.6999999881
131084  -9.147  -93.577  -14.750 0.8000000119
131106  -11.151  -84.576  -14.761 1.0000000000
131302  -9.792  -69.769  -16.235 0.6000000238
131304  -10.822  -69.786  -16.318 0.6000000238
131487  -8.792  -69.668  -16.272 0.6000000238
131602  -9.760  -72.596  -22.112 0.6000000238
131686  -6.287  -66.179  -16.070 0.6999999881
131699  -10.985  -77.719  6.258 0.8000000119
131714  -33.578  -52.190  -1.030 0.4000000060
131838  -6.487  -64.406  -15.492 0.5000000000
131901  -24.362  -86.287  -21.590 0.5000000000
132218  -12.910  -68.196  6.420 0.5000000000
132337  -25.931  -89.688  -22.135 0.6000000238
132507  -11.250  -93.870  -11.094 0.5000000000
132678  -25.211  -57.747  -3.735 0.4000000060
132937  -11.732  -84.837  -14.343 1.0000000000
133000  -14.570  -69.362  -25.237 0.6000000238
133071  -12.335  -79.116  -30.865 0.8000000119
133150  -15.017  -93.889  -19.538 0.6999999881
133157  -11.552  -82.683  -7.833 0.8999999762
133170  -32.268  -86.346  -23.637 0.3000000119
133201  -12.980  -94.299  -13.846 0.6000000238
133456  -7.677  -79.690  4.275 0.6000000238
133556  -30.476  -52.473  -2.307 0.3000000119
133696  -7.150  -83.430  12.081 0.4000000060
134075  -27.284  -86.110  -22.984 0.5000000000
134079  -9.444  -91.598  -6.443 0.6000000238
134176  -11.314  -83.058  -0.393 0.6999999881
134215  -10.611  -80.596  1.950 0.6000000238
134317  -10.165  -69.283  -18.793 0.6000000238
134355  -13.269  -85.505  -7.006 0.8999999762
134447  -12.163  -81.346  -32.280 0.6999999881
134542  -14.473  -84.146  -7.063 0.8999999762
134609  -5.863  -65.845  5.699 0.8000000119
134749  -8.081  -65.526  -18.658 0.6000000238
134852  -8.352  -87.191  0.877 0.5000000000
135022  -6.318  -84.294  7.705 0.4000000060
135065  -10.590  -69.400  -13.973 0.6999999881
135212  -31.913  -50.636  -4.479 0.5000000000
135274  -8.650  -89.221  -2.285 0.5000000000
135306  -8.358  -87.781  -8.645 0.8000000119
135366  -6.499  -88.265  -18.253 0.6999999881
135373  -10.793  -74.978  -2.089 0.6000000238
135455  -4.970  -78.872  -0.576 0.8999999762
135605  -9.075  -78.497  -5.733 0.5000000000
135679  -10.484  -73.924  -29.443 0.6999999881
135812  -13.095  -82.586  -6.868 0.8000000119
135852  -10.481  -77.506  -5.907 0.5000000000
135969  -5.250  -77.454  4.287 0.6999999881
135980  -7.966  -69.603  -16.249 0.6999999881
136058  -6.222  -85.327  5.735 0.5000000000
136085  -11.359  -93.629  -5.731 0.3000000119
136091  -13.188  -82.139  -4.443 0.8999999762
136202  -10.177  -73.310  -27.718 0.6999999881
136259  -10.417  -66.679  -6.223 0.6000000238
136353  -13.826  -72.354  -27.463 0.6000000238
136480  -10.056  -81.903  -3.347 0.8999999762
136894  -5.396  -84.010  2.509 0.5000000000
137050  -13.937  -73.400  -26.027 0.6000000238
137201  -13.031  -73.516  -28.706 0.6000000238
137217  -6.957  -85.646  8.745 0.3000000119
137269  -13.515  -78.811  -33.859 0.6999999881
137460  -11.443  -80.875  -28.272 0.5000000000
137562  -23.481  -86.775  -13.907 0.3000000119
137671  -9.703  -85.470  -10.127 0.8999999762
137747  -10.338  -62.795  4.733 0.8000000119
137781  -7.436  -82.932  -3.384 1.0000000000
137805  -20.623  -81.104  -34.618 0.5000000000
137896  -13.223  -85.423  -5.655 0.6999999881
137985  -6.615  -84.949  -5.861 0.8000000119
138028  -6.133  -67.343  -25.103 0.5000000000
138198  -9.621  -72.338  -25.348 0.6999999881
138377  -4.724  -66.916  5.810 0.8000000119
138399  -7.833  -74.099  5.586 0.6999999881
138558  -7.934  -66.614  -4.611 0.6999999881
138573  -6.818  -81.053  -1.878 1.0000000000
138605  -8.964  -84.219  -15.243 0.6000000238
138685  -14.499  -94.580  -3.899 0.3000000119
138741  -9.058  -68.729  -18.966 0.6999999881
138950  -8.020  -89.629  -12.555 0.8000000119
138995  -12.300  -94.910  -13.744 0.6000000238
139162  -8.545  -77.369  0.773 0.8000000119
139168  -7.288  -77.382  1.072 0.8000000119
139225  -6.758  -73.052  5.642 0.6999999881
139408  -26.138  -85.884  -25.382 0.5000000000
139416  -14.964  -58.055  0.264 0.6999999881
139498  -12.165  -77.862  -30.046 0.6999999881
139583  -6.637  -65.633  -2.661 0.5000000000
139608  -10.942  -82.521  -9.100 0.8999999762
139625  -11.631  -95.032  -14.858 0.6000000238
139658  -12.793  -81.891  -29.122 0.5000000000
139756  -12.143  -93.795  -3.321 0.3000000119
139787  -23.490  -92.279  -21.434 0.6999999881
139810  -8.187  -68.463  -13.153 0.8000000119
139821  -10.327  -88.712  -5.414 0.6999999881
139894  -9.500  -80.519  9.209 0.6000000238
139917  -12.387  -81.152  -2.114 0.8999999762
139949  -12.099  -73.450  -23.716 0.6000000238
139993  -13.213  -72.032  -28.399 0.5000000000
140381  -13.609  -83.908  -9.607 0.8999999762
140430  -12.856  -75.947  4.051 0.8000000119
140443  -29.960  -89.587  -19.107 0.3000000119
140465  -7.316  -63.605  -17.535 0.5000000000
140739  -15.040  -93.035  -20.942 0.6000000238
140808  -10.743  -86.470  -17.059 0.8000000119
140864  -23.708  -92.417  -19.171 0.4000000060
141093  -5.257  -63.010  2.962 0.8000000119
141116  -10.223  -82.858  -4.228 0.8999999762
141223  -5.856  -82.005  -4.924 0.8999999762
141259  -32.558  -86.044  -23.610 0.3000000119
141274  -10.431  -79.604  9.597 0.4000000060
141312  -15.355  -94.056  -18.218 0.6999999881
141370  -10.255  -74.668  1.678 0.6000000238
141390  -7.186  -77.713  13.568 0.3000000119
141509  -5.279  -83.601  -4.673 0.8000000119
141544  -6.667  -84.631  -0.376 0.6000000238
141608  -8.086  -87.839  -2.272 0.6000000238
142005  -24.960  -58.125  -0.856 0.5000000000
142088  -6.514  -63.439  -12.024 0.5000000000
142292  -16.773  -89.181  -16.500 0.3000000119
142440  -8.060  -92.910  -16.151 0.6999999881
142457  -24.404  -87.271  -16.001 0.3000000119
142573  -13.874  -66.342  5.587 0.5000000000
142674  -23.797  -86.613  -14.680 0.3000000119
142810  -9.706  -63.049  4.974 0.8000000119
142826  -9.873  -75.230  -30.391 0.8000000119
143216  -7.230  -73.681  11.353 0.4000000060
143326  -14.491  -79.278  -36.362 0.6999999881
143397  -25.014  -92.113  -21.085 0.6999999881
143420  -18.377  -92.372  -19.355 0.6000000238
143471  -15.368  -63.614  4.790 0.6000000238
143893  -8.607  -93.139  -13.182 0.8000000119
144264  -8.456  -71.349  -22.226 0.6999999881
144448  -7.484  -92.848  -19.189 0.5000000000
144525  -11.918  -92.440  -14.128 0.5000000000
144600  -17.624  -77.420  -35.278 0.6000000238
144612  -12.344  -93.341  -10.751 0.3000000119
144744  -12.063  -70.109  8.043 0.4000000060
144832  -13.354  -82.573  -6.087 0.8000000119
144843  -9.401  -59.974  0.097 0.6999999881
144883  -9.631  -70.653  7.249 0.5000000000
144903  -10.139  -77.339  -1.451 0.6000000238
145055  -6.729  -65.652  -16.798 0.6000000238
145226  -9.980  -70.101  -20.386 0.6000000238
145283  -12.357  -66.661  -8.882 0.6000000238
145468  -7.831  -55.293  -6.361 0.6000000238
145600  -8.694  -87.125  -3.500 0.6999999881
145620  -5.926  -88.651  -14.927 0.6999999881
145646  -26.483  -88.689  -16.618 0.4000000060
145701  -12.432  -88.398  -4.075 0.5000000000
145795  -10.590  -66.561  -9.168 0.6000000238
145867  -14.900  -76.309  -33.596 0.6000000238
146047  -19.080  -92.336  -20.816 0.8999999762
146070  -10.047  -85.496  -11.157 0.8999999762
146153  -7.489  -74.801  -28.609 0.6000000238
146258  -14.471  -70.296  -18.211 0.6000000238
146465  -30.069  -89.946  -18.261 0.3000000119
146554  -12.765  -82.922  -2.020 0.6999999881
146594  -11.567  -88.413  -5.316 0.6000000238
146608  -11.176  -83.965  3.461 0.3000000119
146645  -28.427  -89.409  -16.884 0.4000000060
146893  -27.214  -88.257  -16.710 0.3000000119
146958  -7.256  -64.766  -2.922 0.6999999881
146966  -6.857  -87.545  -12.599 0.8000000119
147061  -9.629  -76.642  -23.887 0.5000000000
147082  -9.850  -74.685  2.897 0.6000000238
147124  -7.757  -93.102  -20.592 0.5000000000
147176  -28.465  -87.683  -23.828 0.3000000119
147313  -11.647  -66.792  -9.442 0.5000000000
147323  -13.221  -62.366  4.032 0.6000000238
147347  -25.405  -91.495  -17.460 0.4000000060
147354  -15.407  -93.679  -17.150 0.6000000238
147426  -11.093  -75.086  1.822 0.6000000238
147466  -14.286  -63.146  4.545 0.6000000238
147565  -15.099  -60.299  3.197 0.6000000238
147583  -10.059  -68.089  -26.210 0.6999999881
147608  -21.046  -81.055  -35.424 0.4000000060
147628  -20.431  -82.498  -33.823 0.5000000000
147713  -14.780  -59.467  2.458 0.6999999881
147761  -19.686  -77.991  -31.949 0.4000000060
147894  -18.041  -92.555  -21.493 0.8999999762
147897  -13.301  -80.693  -33.085 0.6999999881
147987  -23.180  -85.825  -29.729 0.5000000000
148000  -20.962  -82.569  -32.486 0.5000000000
148012  -24.538  -85.333  -23.451 0.6000000238
148023  -25.013  -85.989  -25.296 0.6000000238
148042  -22.016  -85.138  -31.517 0.5000000000
148055  -24.053  -87.487  -25.366 0.6000000238
148070  -25.651  -86.369  -25.469 0.5000000000
148122  -24.473  -86.701  -24.177 0.6000000238
148130  -21.454  -83.810  -24.882 0.5000000000
148142  -25.718  -81.583  -24.069 0.6000000238
148143  -20.962  -83.313  -20.981 0.5000000000
148144  -21.664  -83.698  -24.968 0.5000000000
148163  -21.801  -84.073  -23.909 0.5000000000
148174  -21.476  -82.908  -31.706 0.5000000000
148175  -19.379  -80.125  -29.268 0.4000000060
148187  -22.501  -84.513  -30.240 0.5000000000
148188  -21.483  -81.236  -30.594 0.5000000000
148197  -23.767  -86.170  -29.003 0.5000000000
148201  -21.612  -86.599  -23.346 0.6000000238
148205  -21.070  -82.200  -23.638 0.5000000000
148207  -22.169  -84.261  -22.686 0.5000000000
148208  -22.955  -83.117  -22.144 0.5000000000
148215  -21.608  -83.934  -24.422 0.5000000000
148217  -20.574  -80.482  -29.180 0.5000000000
148223  -21.351  -83.389  -24.944 0.5000000000
148237  -21.504  -83.461  -22.913 0.5000000000
148238  -20.822  -80.067  -30.221 0.4000000060
148239  -21.811  -83.592  -21.255 0.5000000000
148350  -5.734  -79.813  14.744 0.3000000119
148356  -10.893  -78.553  8.510 0.6999999881
148457  -21.759  -83.413  -22.112 0.5000000000
148472  -20.828  -83.643  -33.220 0.4000000060
148508  -8.015  -72.571  11.034 0.4000000060
148627  -9.980  -69.373  -18.215 0.6000000238
148638  -8.446  -70.857  -28.406 0.6999999881
148670  -7.873  -93.015  -18.470 0.5000000000
148807  -6.376  -64.774  -14.874 0.6000000238
148822  -10.250  -68.075  -23.666 0.6999999881
148842  -13.144  -72.764  -28.851 0.5000000000
148924  -14.580  -70.257  -19.534 0.6000000238
148962  -20.969  -79.094  -34.847 0.5000000000
149011  -11.584  -84.314  -13.829 1.0000000000
149013  -14.631  -63.742  4.815 0.6000000238
149057  -14.896  -77.065  -33.041 0.6999999881
149088  -20.894  -59.438  3.425 0.5000000000
149377  -7.943  -71.861  -28.350 0.6000000238
149433  -5.991  -74.319  10.519 0.4000000060
149447  -16.511  -63.312  4.117 0.6000000238
149554  -6.997  -87.918  -6.270 0.6999999881
149646  -7.312  -92.430  -9.432 0.6999999881
149700  -7.770  -88.915  -4.456 0.6000000238
149711  -11.179  -86.395  -14.018 1.0000000000
149902  -9.593  -67.900  6.041 0.5000000000
149928  -12.613  -69.609  7.387 0.5000000000
150022  -9.132  -56.841  -6.531 0.4000000060
150061  -14.176  -95.115  -1.310 0.3000000119
150086  -8.377  -86.474  -12.780 0.8000000119
150187  -13.600  -95.028  -15.698 0.6000000238
150308  -8.875  -77.788  -25.664 0.6000000238
150373  -8.731  -88.049  1.092 0.5000000000
150537  -18.549  -78.536  -32.681 0.4000000060
150575  -17.850  -80.219  -35.165 0.6000000238
150641  -8.400  -93.128  -18.491 0.6000000238
150643  -6.514  -70.178  -26.605 0.6999999881
150887  -7.673  -77.185  3.158 0.8000000119
150959  -7.348  -85.559  4.802 0.5000000000
151027  -10.921  -79.678  -27.341 0.6000000238
151065  -6.597  -87.987  -13.275 0.8000000119
151134  -7.436  -77.224  2.442 0.8000000119
151141  -31.191  -87.601  -22.044 0.3000000119
151359  -22.863  -91.282  -20.812 0.5000000000
151433  -11.022  -74.658  5.606 0.8000000119
151460  -24.406  -87.548  -22.456 0.6999999881
151509  -9.688  -74.318  5.992 0.5000000000
151547  -5.012  -79.309  -1.997 1.0000000000
151578  -9.849  -93.737  -16.028 0.6999999881
151668  -20.967  -62.527  5.188 0.4000000060
151671  -12.061  -77.508  1.208 0.8000000119
151782  -11.466  -74.925  -26.592 0.5000000000
151869  -6.996  -69.334  -21.591 0.6999999881
151886  -21.858  -62.954  5.383 0.4000000060
151999  -9.827  -66.475  5.550 0.6000000238
152080  -5.172  -77.941  -1.339 0.8999999762
152084  -6.700  -68.414  -16.882 0.8000000119
152093  -8.970  -65.353  -4.209 0.6999999881
152124  -12.177  -60.816  -0.763 0.6000000238
152213  -21.771  -57.760  0.019 0.5000000000
152247  -9.471  -75.808  -24.212 0.6000000238
152323  -8.163  -68.360  6.737 0.5000000000
152371  -8.739  -80.334  4.526 0.6000000238
152466  -8.394  -87.178  -4.842 0.6999999881
152475  -18.009  -79.450  -35.517 0.4000000060
152551  -23.181  -92.023  -22.666 0.6999999881
152732  -6.401  -67.926  -14.676 0.8000000119
152783  -12.597  -94.038  -2.946 0.3000000119
152823  -8.359  -93.167  -17.727 0.5000000000
152831  -5.614  -79.773  7.187 0.6000000238
152837  -22.501  -91.646  -22.757 0.8000000119
152937  -19.369  -58.430  1.200 0.6000000238
152952  -11.819  -64.398  4.848 0.6000000238
152955  -7.995  -63.736  -21.768 0.5000000000
152966  -10.180  -69.951  -26.111 0.6999999881
152988  -26.845  -91.014  -19.666 0.4000000060
153046  -13.291  -90.004  -4.824 0.5000000000
153203  -12.708  -84.806  -10.023 0.8999999762
153226  -10.082  -76.842  -27.630 0.6000000238
153325  -7.565  -66.798  -24.807 0.6999999881
153495  -22.959  -92.619  -19.496 0.4000000060
153515  -7.311  -87.992  -18.553 0.6000000238
153537  -10.758  -91.596  -4.766 0.5000000000
153578  -18.156  -79.598  -34.201 0.4000000060
153588  -13.202  -81.000  -35.645 0.6000000238
153651  -7.393  -89.545  -13.004 0.8000000119
153853  -28.194  -87.530  -24.225 0.5000000000
153869  -11.466  -88.348  -9.182 0.6999999881
153938  -7.389  -85.179  10.509 0.3000000119
154141  -10.181  -79.710  8.638 0.6999999881
154180  -23.054  -85.144  -31.984 0.4000000060
154190  -10.310  -93.506  -6.931 0.5000000000
154197  -13.266  -70.148  -17.936 0.6000000238
154230  -17.697  -92.937  -17.324 0.6000000238
154237  -6.800  -72.733  10.007 0.4000000060
154273  -14.093  -59.363  2.408 0.8000000119
154297  -8.333  -89.276  -4.059 0.6000000238
154314  -6.524  -80.720  14.485 0.4000000060
154350  -7.200  -88.001  -7.594 0.8000000119
154375  -11.443  -94.443  -12.964 0.6000000238
154391  -17.017  -76.125  -34.656 0.6000000238
154599  -10.405  -88.126  -8.392 0.6999999881
154658  -12.307  -90.482  -6.262 0.5000000000
154728  -26.558  -45.381  -5.296 0.3000000119
154768  -10.400  -65.402  -5.203 0.6000000238
154827  -11.429  -93.712  -10.404 0.4000000060
154942  -11.315  -94.899  -13.760 0.6000000238
154953  -18.081  -63.125  3.247 0.4000000060
155145  -10.157  -74.518  1.180 0.6000000238
155167  -6.197  -86.403  5.855 0.5000000000
155203  -17.714  -67.102  3.769 0.3000000119
155390  -11.568  -73.094  -24.543 0.6000000238
155770  -10.884  -83.258  -12.303 1.0000000000
155813  -13.247  -69.667  -15.741 0.6000000238
155856  -13.183  -69.361  7.163 0.5000000000
155869  -8.693  -73.072  -24.984 0.6999999881
155980  -8.829  -83.879  -4.938 0.8999999762
156073  -20.664  -83.638  -32.841 0.4000000060
156081  -4.528  -60.167  -3.627 0.4000000060
156090  -12.359  -69.705  -15.641 0.6000000238
156105  -6.568  -78.055  14.122 0.3000000119
156111  -10.637  -91.203  -5.992 0.5000000000
156129  -12.171  -81.481  -3.791 0.8999999762
156144  -7.521  -77.986  -3.498 0.6999999881
156228  -17.932  -76.931  -35.018 0.6000000238
156368  -6.617  -83.488  4.678 0.5000000000
156382  -11.911  -58.930  -0.415 0.8000000119
156453  -5.692  -78.855  2.164 0.8000000119
156596  -8.730  -75.430  -24.505 0.6000000238
156614  -10.138  -83.310  -7.307 0.8999999762
156677  -11.132  -66.793  -9.253 0.6000000238
156727  -13.476  -94.050  -18.101 0.6999999881
156747  -9.371  -60.011  0.887 0.6999999881
156912  -11.294  -77.871  8.403 0.6000000238
156949  -8.515  -86.592  -9.640 0.8000000119
157136  -32.169  -84.541  -26.799 0.3000000119
157187  -10.789  -78.481  9.031 0.6000000238
157269  -6.450  -66.264  -4.688 0.6999999881
157407  -12.236  -92.458  -14.796 0.5000000000
157563  -3.629  -69.684  2.577 0.6000000238
157606  -12.138  -85.491  -4.050 0.6999999881
157626  -6.288  -71.437  4.595 0.6999999881
157680  -13.753  -61.986  3.901 0.6000000238
157755  -10.059  -85.368  -18.526 0.6999999881
157786  -4.907  -78.540  -0.857 0.8999999762
157808  -8.458  -74.646  11.785 0.3000000119
157893  -9.153  -77.374  0.264 0.8000000119
157932  -5.935  -76.391  11.084 0.4000000060
