#!ascii label  , from subject sub001 vox2ras=TkReg
11507
136817  -6.202  -89.212  -25.500 0.4000000060
1409  -6.884  -90.102  -25.033 0.5000000000
1399  -6.425  -90.459  -24.137 0.5000000000
1002  -7.293  -91.137  -23.590 0.8000000119
1401  -8.408  -90.396  -23.805 0.6999999881
995  -8.486  -90.042  -20.729 0.8000000119
676  -8.832  -90.870  -20.231 0.8000000119
1005  -9.373  -89.177  -21.344 0.8000000119
155051  -11.007  -89.869  -19.656 0.8000000119
448  -17.129  -92.181  -22.526 0.8000000119
683  -16.705  -92.095  -23.300 0.8000000119
684  -17.563  -92.172  -23.276 0.8000000119
1013  -17.557  -91.426  -24.380 0.8000000119
698  -17.999  -92.086  -24.015 0.6999999881
700  -19.759  -92.006  -24.066 0.6999999881
1014  -18.356  -91.459  -24.473 0.5000000000
1015  -19.211  -91.415  -24.523 0.5000000000
2251  -5.695  -88.274  -25.877 0.3000000119
1408  -5.931  -89.661  -24.813 0.6000000238
993  -7.137  -91.557  -22.754 0.8000000119
674  -7.473  -91.235  -21.990 0.8000000119
1004  -8.255  -89.853  -22.082 0.8000000119
675  -7.762  -90.722  -21.010 0.8000000119
659  -8.554  -92.060  -21.465 0.8000000119
435  -10.764  -92.581  -22.175 0.8000000119
677  -10.368  -91.113  -20.060 0.8000000119
434  -9.905  -92.931  -22.125 0.8000000119
418  -11.459  -93.072  -21.653 0.6999999881
661  -10.462  -92.376  -22.224 0.8000000119
436  -11.741  -92.613  -22.144 0.8000000119
437  -12.812  -92.593  -22.193 0.8000000119
405  -17.759  -92.463  -20.388 0.8999999762
238  -17.182  -92.843  -19.461 0.8999999762
424  -17.253  -92.269  -21.157 0.8000000119
140339  -17.963  -92.356  -22.533 0.8000000119
425  -18.620  -92.449  -20.956 0.8000000119
686  -19.322  -92.143  -23.329 0.8000000119
151418  -18.190  -92.554  -21.976 0.8000000119
701  -20.727  -92.023  -24.073 0.6999999881
1029  -19.495  -90.899  -25.188 0.5000000000
149822  -21.085  -90.451  -25.367 0.6000000238
1436  -20.791  -89.701  -25.911 0.4000000060
1419  -19.707  -90.241  -25.783 0.4000000060
3184  -6.285  -86.439  -25.278 0.3000000119
2691  -5.750  -87.116  -25.582 0.2000000030
3829  -5.239  -85.564  -25.865 0.2000000030
150248  -5.505  -86.614  -26.221 0.3000000119
2690  -4.986  -87.811  -25.049 0.4000000060
2247  -5.000  -88.107  -25.166 0.6000000238
1817  -5.308  -89.230  -24.580 0.5000000000
1395  -5.618  -90.431  -23.450 0.8000000119
1396  -6.363  -91.127  -23.389 0.8000000119
3197  -5.648  -86.381  -27.037 0.3000000119
2702  -5.839  -87.317  -26.501 0.3000000119
433  -9.240  -92.946  -21.985 0.8000000119
417  -9.665  -93.126  -21.594 0.8999999762
242  -11.182  -93.074  -20.870 0.8000000119
138158  -12.094  -93.136  -20.816 0.8000000119
243  -12.791  -93.200  -20.811 0.6999999881
237  -16.342  -93.089  -19.629 0.8999999762
423  -16.268  -92.153  -21.020 0.8000000119
441  -16.734  -92.009  -21.769 0.8000000119
426  -19.249  -92.216  -21.384 0.8000000119
450  -19.757  -92.052  -22.670 0.6999999881
444  -19.383  -92.033  -21.956 0.8000000119
666  -15.382  -92.254  -22.518 0.8000000119
668  -21.554  -91.778  -22.961 0.8000000119
446  -20.669  -91.529  -22.568 0.8000000119
688  -21.115  -92.052  -23.508 0.8000000119
1018  -22.194  -91.199  -24.599 0.8000000119
702  -21.547  -91.840  -24.069 0.6999999881
1422  -22.169  -89.929  -25.872 0.6999999881
1032  -22.823  -90.463  -25.315 0.6999999881
1856  -20.537  -89.258  -24.860 0.4000000060
1437  -20.772  -89.443  -25.103 0.4000000060
130205  -21.999  -89.536  -25.866 0.5000000000
130202  -22.448  -89.156  -25.807 0.5000000000
130455  -20.136  -88.699  -24.611 0.4000000060
148231  -20.548  -88.756  -23.676 0.4000000060
129903  -20.614  -88.828  -24.084 0.5000000000
148164  -20.815  -88.086  -23.249 0.5000000000
3185  -7.319  -86.482  -24.686 0.4000000060
2692  -6.702  -87.134  -25.000 0.4000000060
141276  -5.226  -87.539  -24.948 0.6000000238
136562  -4.705  -88.578  -23.942 0.8000000119
141987  -4.630  -89.668  -22.732 0.8000000119
1391  -4.946  -90.558  -22.611 0.8000000119
3811  -7.137  -85.588  -24.040 0.3000000119
3819  -6.442  -85.808  -24.818 0.3000000119
137203  -4.811  -87.911  -24.245 0.6000000238
990  -5.991  -91.619  -22.388 0.8000000119
656  -5.842  -92.063  -21.760 0.8000000119
3810  -5.345  -84.829  -24.381 0.1000000015
1394  -4.904  -89.805  -23.435 0.8000000119
3818  -5.098  -84.998  -25.233 0.2000000030
673  -6.595  -91.673  -22.514 0.8000000119
414  -7.257  -92.992  -21.016 0.8000000119
154771  -7.147  -92.068  -22.320 0.8000000119
415  -7.965  -92.999  -21.140 0.8000000119
229  -9.050  -92.933  -19.871 0.8999999762
221  -10.442  -93.062  -19.072 0.8999999762
402  -9.335  -93.136  -20.799 0.8999999762
432  -8.522  -92.085  -21.297 0.8000000119
403  -10.253  -93.098  -20.857 0.8999999762
231  -10.851  -92.906  -19.966 0.8999999762
232  -11.830  -93.048  -20.003 0.8000000119
233  -12.822  -93.411  -20.074 0.8000000119
135956  -13.299  -93.292  -20.489 0.8999999762
420  -13.364  -93.110  -21.274 0.8000000119
438  -13.967  -92.902  -22.037 0.8000000119
665  -14.500  -92.382  -22.594 0.8000000119
440  -15.833  -92.129  -21.747 0.8000000119
408  -20.245  -91.400  -21.743 1.0000000000
428  -21.532  -91.063  -22.581 0.8000000119
144294  -20.759  -91.173  -22.275 0.8000000119
652  -22.965  -92.155  -22.041 0.8000000119
704  -22.925  -91.487  -23.339 0.8000000119
689  -21.911  -91.640  -23.378 0.8000000119
130267  -24.455  -86.455  -23.349 0.6999999881
130242  -24.279  -87.198  -24.976 0.6000000238
129900  -24.827  -86.667  -25.793 0.5000000000
1019  -23.327  -91.064  -24.483 0.8000000119
1033  -24.041  -90.045  -25.327 0.8000000119
130207  -23.330  -88.498  -25.550 0.8000000119
148007  -24.113  -88.785  -25.336 0.6999999881
148002  -22.576  -88.231  -25.229 0.6000000238
130467  -23.753  -87.017  -25.118 0.6999999881
155032  -23.895  -87.378  -25.362 0.6999999881
148060  -23.832  -86.253  -24.613 0.6000000238
130245  -25.899  -84.762  -24.095 0.5000000000
148226  -22.554  -86.430  -24.198 0.5000000000
148145  -24.807  -85.323  -24.077 0.5000000000
147957  -18.612  -87.922  -22.699 0.3000000119
148229  -19.446  -87.275  -21.688 0.4000000060
1808  -4.318  -88.849  -22.568 0.8000000119
2240  -4.566  -88.346  -23.300 0.8999999762
2681  -5.025  -87.992  -23.295 0.8000000119
985  -4.796  -91.046  -21.698 0.8000000119
3802  -5.965  -85.052  -23.372 0.3000000119
4468  -5.458  -84.412  -22.569 0.2000000030
649  -6.608  -92.427  -21.336 0.6999999881
399  -6.778  -92.865  -20.601 0.8000000119
136471  -4.974  -84.205  -23.362 0.2000000030
151583  -4.838  -83.685  -22.764 0.2000000030
156419  -8.526  -93.008  -19.814 0.8999999762
210  -11.965  -93.680  -18.512 0.6999999881
223  -12.411  -93.578  -19.293 0.6999999881
91  -13.861  -94.147  -17.747 0.6999999881
234  -13.639  -93.789  -20.006 0.8000000119
212  -13.864  -94.067  -18.621 0.8000000119
131434  -14.739  -94.069  -18.841 0.8000000119
225  -14.154  -94.028  -19.483 0.8000000119
235  -14.330  -93.710  -20.002 0.8999999762
148843  -15.591  -93.317  -19.766 0.8000000119
421  -14.300  -93.081  -21.207 0.8000000119
439  -14.936  -92.782  -21.806 0.8000000119
142351  -15.487  -92.601  -21.202 0.8000000119
422  -15.746  -92.795  -20.413 0.8000000119
645  -22.526  -90.848  -21.666 0.6999999881
144724  -22.772  -92.046  -21.769 0.6999999881
409  -21.390  -90.692  -22.118 0.8000000119
430  -23.044  -92.466  -21.070 0.6999999881
669  -23.923  -92.144  -22.194 0.6999999881
690  -23.917  -91.720  -23.084 0.6999999881
1406  -24.722  -88.822  -24.482 0.6999999881
1840  -24.494  -86.115  -24.192 0.6000000238
154389  -25.869  -86.042  -25.609 0.5000000000
148178  -26.090  -84.592  -23.876 0.5000000000
147955  -26.448  -83.900  -22.592 0.5000000000
148222  -25.506  -82.246  -22.547 0.4000000060
148209  -24.282  -81.132  -22.902 0.4000000060
2233  -4.963  -88.344  -21.894 0.8999999762
2678  -8.578  -86.648  -22.418 0.8999999762
2688  -7.887  -86.718  -24.258 0.8000000119
2687  -7.128  -87.322  -24.237 0.8000000119
980  -5.332  -91.741  -20.402 0.8000000119
3803  -8.176  -85.881  -23.489 0.6999999881
643  -6.275  -92.163  -20.399 0.6999999881
134761  -7.609  -85.495  -23.194 0.5000000000
4466  -5.514  -83.743  -21.191 0.2000000030
400  -7.259  -93.058  -20.218 0.8999999762
219  -8.577  -93.052  -19.151 0.8999999762
639  -22.845  -92.428  -20.287 0.5000000000
983  -22.486  -90.278  -21.289 0.6000000238
982  -21.566  -90.114  -21.797 0.8999999762
410  -22.918  -92.350  -20.942 0.6999999881
431  -23.698  -92.595  -20.754 0.6999999881
156982  -24.703  -92.318  -20.391 0.6000000238
653  -24.184  -92.215  -21.433 0.6999999881
691  -24.979  -91.574  -22.814 0.6999999881
670  -25.187  -92.007  -21.979 0.6999999881
692  -26.077  -91.243  -22.492 0.6999999881
1021  -25.353  -89.542  -23.785 0.6999999881
991  -26.345  -90.054  -22.766 0.6999999881
129897  -24.518  -87.026  -23.066 0.6999999881
1000  -25.084  -91.015  -23.815 0.6999999881
672  -25.770  -89.570  -20.814 0.6999999881
129891  -24.532  -88.095  -22.153 0.6999999881
129892  -24.468  -85.647  -21.938 0.6000000238
130576  -24.574  -84.905  -23.035 0.6000000238
129902  -25.195  -85.346  -26.244 0.6000000238
129898  -25.715  -86.391  -25.979 0.5000000000
148169  -26.307  -84.135  -24.361 0.6000000238
147966  -26.430  -82.867  -23.892 0.5000000000
147971  -25.794  -82.416  -25.438 0.5000000000
130178  -24.391  -81.100  -24.630 0.5000000000
148225  -22.882  -80.858  -25.394 0.6000000238
148132  -21.367  -79.968  -25.518 0.5000000000
2682  -6.200  -87.882  -23.102 0.8000000119
141998  -8.119  -87.131  -22.836 0.8000000119
151225  -8.541  -86.063  -22.943 0.8000000119
3795  -7.847  -85.407  -22.195 0.5000000000
3796  -8.543  -85.710  -21.775 0.6000000238
3794  -6.513  -85.098  -22.386 0.5000000000
4447  -5.668  -83.646  -20.435 0.1000000015
5114  -4.884  -84.036  -15.080 0.5000000000
5841  -5.010  -83.458  -15.641 0.2000000030
141677  -4.888  -82.136  -16.062 0.1000000015
1383  -21.798  -89.548  -21.016 0.6999999881
395  -22.899  -92.970  -19.805 0.6999999881
981  -20.560  -90.464  -21.068 0.8000000119
387  -23.880  -92.000  -18.611 0.5000000000
147113  -24.511  -92.205  -19.186 0.6000000238
412  -25.048  -92.132  -19.708 0.6000000238
647  -26.682  -91.345  -20.252 0.6000000238
654  -26.216  -91.497  -21.561 0.6999999881
655  -26.881  -91.218  -21.084 0.6999999881
129889  -24.242  -86.838  -21.108 0.6999999881
129886  -26.557  -90.660  -20.266 0.6999999881
130569  -24.325  -88.027  -21.040 0.6999999881
1825  -26.539  -84.908  -22.763 0.6000000238
10345  -10.539  -77.428  -31.283 0.6999999881
129904  -24.845  -87.129  -27.127 0.6000000238
9318  -11.154  -78.479  -31.675 0.6999999881
148170  -25.210  -84.165  -26.283 0.6999999881
9319  -11.816  -79.114  -31.415 0.6999999881
8398  -9.481  -79.854  -32.044 0.6999999881
148177  -25.017  -81.812  -26.121 0.5000000000
7559  -8.768  -80.300  -32.288 0.4000000060
6767  -8.110  -81.326  -32.378 0.4000000060
148227  -21.891  -81.019  -28.587 0.5000000000
130184  -23.201  -81.926  -28.630 0.3000000119
148059  -23.901  -81.371  -26.822 0.5000000000
6778  -8.616  -81.264  -33.082 0.3000000119
148202  -21.253  -80.479  -27.407 0.5000000000
148141  -22.526  -81.029  -27.459 0.5000000000
3172  -8.839  -86.555  -21.501 0.8000000119
3775  -8.256  -85.171  -19.272 0.8000000119
3788  -8.076  -85.309  -21.171 0.6000000238
4449  -6.525  -84.587  -19.582 0.3000000119
143244  -5.887  -84.407  -21.542 0.4000000060
4428  -8.872  -84.995  -17.820 0.8999999762
138545  -7.744  -85.073  -17.848 0.8999999762
4450  -7.343  -84.968  -19.459 0.6000000238
4448  -6.085  -84.032  -19.843 0.2000000030
149395  -8.424  -84.707  -16.465 0.8000000119
4438  -6.574  -84.749  -18.679 0.5000000000
4437  -6.314  -84.324  -18.862 0.3000000119
5148  -6.021  -83.798  -19.178 0.1000000015
5159  -5.283  -83.171  -20.796 0.1000000015
4417  -7.430  -84.913  -16.459 0.8000000119
4399  -7.264  -84.444  -14.975 0.8000000119
4426  -6.265  -84.878  -17.150 0.8000000119
4408  -6.770  -84.768  -15.774 0.6999999881
4407  -5.780  -84.790  -15.811 0.6000000238
4397  -5.302  -84.798  -14.903 0.4000000060
4415  -5.697  -84.538  -16.156 0.4000000060
155525  -5.634  -83.669  -17.292 0.2000000030
5861  -5.007  -82.738  -17.735 0.1000000015
148966  -4.859  -84.577  -14.105 0.5000000000
970  -23.226  -90.788  -19.204 0.6000000238
977  -22.956  -90.567  -20.448 0.6999999881
132914  -23.070  -91.897  -19.794 0.6000000238
152140  -24.971  -91.832  -18.662 0.5000000000
156078  -25.523  -91.567  -17.868 0.6000000238
623  -25.877  -91.548  -17.204 0.6999999881
398  -26.035  -91.597  -18.782 0.5000000000
148516  -26.185  -91.584  -18.131 0.6999999881
640  -26.637  -91.285  -19.284 0.5000000000
631  -26.704  -91.452  -18.348 0.6000000238
130473  -26.541  -89.744  -19.189 0.6999999881
129887  -25.611  -88.775  -19.763 0.6999999881
129888  -24.690  -87.947  -20.226 0.6999999881
10331  -11.513  -77.105  -30.952 0.8000000119
156082  -12.267  -78.404  -31.098 0.6999999881
154032  -12.048  -80.335  -30.623 0.6999999881
8392  -11.991  -80.220  -31.273 0.6000000238
8408  -10.239  -80.194  -32.541 0.5000000000
137164  -9.125  -80.574  -33.364 0.5000000000
134849  -9.818  -80.580  -33.405 0.5000000000
6021  -8.934  -81.857  -33.260 0.4000000060
148199  -21.695  -81.257  -29.650 0.6000000238
6032  -9.886  -81.333  -34.151 0.5000000000
139209  -8.403  -87.081  -21.527 0.8999999762
3790  -9.291  -86.000  -20.372 0.8999999762
2672  -8.577  -87.141  -20.796 1.0000000000
3789  -8.804  -85.674  -20.847 0.8000000119
3776  -9.908  -85.585  -18.969 0.8999999762
138768  -9.144  -85.648  -20.110 0.6999999881
4440  -8.567  -85.133  -18.598 1.0000000000
4441  -9.592  -85.213  -18.464 1.0000000000
142462  -6.747  -84.946  -17.865 0.6999999881
133831  -5.553  -83.330  -18.984 0.1000000015
131045  -6.027  -84.546  -16.911 0.5000000000
4400  -8.188  -84.156  -14.924 0.8000000119
4425  -6.003  -84.100  -17.502 0.2000000030
5126  -5.575  -83.455  -18.122 0.1000000015
5135  -4.916  -82.714  -18.752 0.1000000015
5066  -7.513  -83.393  -12.470 0.8999999762
5106  -6.730  -84.322  -14.203 0.6999999881
4391  -5.512  -84.686  -14.057 0.6000000238
5083  -6.457  -83.965  -12.759 0.8000000119
140470  -5.478  -84.304  -12.158 0.8000000119
156025  -4.998  -84.891  -13.600 0.6000000238
630  -23.410  -91.956  -18.720 0.6999999881
610  -24.766  -91.239  -17.041 0.6999999881
379  -24.331  -91.709  -17.916 0.6000000238
140704  -24.695  -91.121  -16.825 0.6999999881
143240  -26.571  -91.598  -17.212 0.6000000238
10317  -11.880  -77.103  -30.371 0.8000000119
613  -27.102  -91.542  -16.926 0.6000000238
632  -27.506  -91.516  -17.839 0.6000000238
9292  -12.264  -78.760  -30.053 0.8999999762
8380  -11.556  -79.686  -28.927 0.8999999762
8386  -11.885  -80.017  -29.877 0.8000000119
7541  -11.440  -80.707  -28.898 0.8999999762
7546  -11.567  -81.117  -29.795 0.8999999762
7552  -11.894  -81.265  -30.721 0.6999999881
7570  -10.750  -80.569  -33.477 0.5000000000
130482  -21.590  -79.494  -31.806 0.6000000238
7583  -10.369  -80.724  -34.128 0.6000000238
10373  -20.468  -77.310  -32.765 0.8000000119
10380  -19.473  -76.339  -33.355 0.6999999881
2671  -7.591  -87.480  -20.882 0.8999999762
2677  -7.821  -87.317  -21.877 0.8000000119
3167  -9.684  -86.304  -19.712 1.0000000000
4442  -10.165  -85.162  -18.049 1.0000000000
148891  -10.328  -86.396  -18.682 1.0000000000
3770  -10.706  -85.530  -17.494 1.0000000000
152023  -9.701  -84.917  -17.758 1.0000000000
134294  -9.154  -84.456  -16.064 0.8999999762
4410  -9.881  -84.278  -15.548 0.8999999762
4419  -10.103  -84.550  -16.416 1.0000000000
3766  -11.195  -85.396  -15.861 1.0000000000
4402  -10.363  -84.240  -14.881 0.8999999762
157565  -11.370  -84.449  -14.275 1.0000000000
5108  -8.867  -83.885  -14.414 0.8000000119
5109  -9.878  -83.833  -14.265 0.8999999762
5110  -10.857  -84.099  -14.143 1.0000000000
5088  -12.288  -83.808  -12.384 0.8999999762
5829  -8.402  -83.069  -12.146 0.8000000119
5098  -8.360  -83.702  -13.722 0.8000000119
5085  -9.568  -83.396  -12.747 1.0000000000
5102  -11.997  -84.002  -13.196 1.0000000000
5831  -10.213  -83.080  -12.037 1.0000000000
5832  -11.113  -83.077  -11.866 1.0000000000
5051  -5.633  -83.783  -11.187 0.8999999762
5812  -7.645  -82.984  -11.653 0.8999999762
155532  -8.937  -83.253  -12.463 1.0000000000
148732  -23.293  -90.393  -18.246 0.6999999881
961  -23.919  -91.450  -17.670 0.6999999881
1354  -24.934  -90.756  -16.495 0.5000000000
612  -26.101  -91.518  -16.943 0.6000000238
1355  -25.838  -91.009  -16.574 0.5000000000
139131  -25.724  -90.293  -16.386 0.5000000000
1356  -26.916  -90.813  -16.564 0.5000000000
9276  -11.795  -78.487  -29.088 0.8999999762
6732  -11.677  -81.341  -29.007 0.8999999762
7560  -12.043  -81.294  -31.596 0.6999999881
7571  -11.872  -80.888  -33.178 0.6000000238
6033  -10.343  -81.901  -34.271 0.4000000060
8413  -21.726  -79.147  -32.508 0.6999999881
7589  -21.370  -80.006  -33.315 0.8999999762
7597  -10.567  -80.851  -34.439 0.6000000238
136508  -11.090  -82.379  -34.260 0.3000000119
10381  -21.022  -76.977  -33.749 0.8999999762
9341  -21.200  -77.703  -33.176 0.8999999762
11417  -20.196  -76.427  -33.338 0.6999999881
11429  -19.806  -75.666  -33.759 0.8000000119
11439  -21.616  -76.482  -35.073 0.8999999762
136004  -18.485  -76.920  -33.983 0.6999999881
11437  -18.980  -75.530  -34.138 0.6999999881
13636  -19.544  -74.450  -34.544 0.8999999762
2654  -8.059  -87.770  -19.267 0.8999999762
2666  -8.823  -87.281  -19.986 1.0000000000
2655  -9.006  -87.497  -19.294 1.0000000000
2656  -9.620  -87.324  -18.881 1.0000000000
2643  -10.239  -87.078  -17.481 1.0000000000
3157  -10.571  -86.413  -17.977 0.8999999762
2620  -10.160  -87.124  -15.770 0.8000000119
146743  -8.881  -86.092  -12.464 0.8000000119
3765  -11.091  -85.829  -16.544 0.8999999762
3141  -11.161  -86.404  -15.309 0.8000000119
3120  -10.420  -86.554  -13.715 0.8000000119
3119  -9.250  -86.459  -13.291 0.8000000119
5010  -7.595  -84.288  -7.626 0.8999999762
5041  -7.904  -83.249  -9.287 0.8999999762
134559  -11.452  -85.082  -15.122 0.8999999762
157229  -11.604  -85.704  -13.337 0.8999999762
3724  -12.160  -85.045  -12.375 0.8000000119
151381  -6.874  -83.772  -9.184 1.0000000000
4379  -12.256  -84.533  -12.847 0.8999999762
141140  -12.536  -84.378  -11.994 0.8000000119
5781  -7.901  -82.838  -10.228 0.8999999762
5780  -6.313  -83.407  -10.436 0.8999999762
5796  -9.227  -82.536  -10.750 1.0000000000
5067  -11.958  -83.234  -11.775 0.8999999762
5038  -5.004  -84.361  -9.557 0.8999999762
149147  -8.483  -82.592  -10.682 1.0000000000
1363  -23.896  -90.948  -17.196 0.6999999881
1353  -24.195  -90.694  -16.678 0.6000000238
2205  -25.476  -89.244  -16.402 0.5000000000
138317  -11.218  -76.285  -29.213 0.8999999762
8379  -11.198  -79.252  -28.070 0.8999999762
7532  -11.197  -80.272  -27.965 0.8999999762
7526  -11.346  -80.402  -26.713 0.8999999762
133749  -11.050  -75.337  -29.568 0.8999999762
7533  -11.400  -80.620  -27.581 0.8999999762
12495  -10.459  -75.263  -30.273 0.8000000119
6728  -12.170  -81.176  -27.651 0.8999999762
12462  -8.281  -74.824  -29.241 0.8000000119
12483  -10.123  -74.425  -30.239 0.8000000119
6746  -11.988  -81.921  -30.907 0.6999999881
6739  -11.798  -81.763  -30.027 0.8000000119
7585  -11.937  -80.687  -33.881 0.6999999881
8417  -11.387  -79.967  -34.762 0.6000000238
6788  -11.022  -81.728  -34.701 0.3000000119
151936  -20.366  -74.770  -34.524 0.8999999762
11438  -20.895  -76.018  -34.151 0.8999999762
10390  -21.406  -77.229  -34.987 0.8999999762
12534  -21.023  -75.473  -34.489 0.8999999762
4301  -7.548  -84.536  -5.947 0.8999999762
4996  -8.039  -84.250  -6.780 0.8999999762
144165  -5.997  -85.271  -7.050 1.0000000000
3723  -11.506  -85.575  -12.698 0.8000000119
3113  -10.031  -86.193  -12.915 0.8000000119
4324  -6.404  -85.032  -7.846 1.0000000000
5025  -8.275  -83.548  -8.338 0.8999999762
3706  -12.478  -84.854  -10.657 0.8000000119
4334  -5.476  -85.036  -8.392 1.0000000000
5039  -5.967  -84.009  -9.585 1.0000000000
5782  -8.847  -82.632  -9.943 0.8999999762
155273  -9.595  -82.658  -9.517 1.0000000000
5037  -4.910  -84.430  -9.090 0.8999999762
140906  -9.779  -82.508  -10.186 1.0000000000
5068  -12.620  -83.614  -11.439 0.8000000119
5815  -10.515  -82.753  -11.302 1.0000000000
5816  -11.432  -82.785  -11.179 0.8999999762
5814  -9.622  -82.716  -11.387 1.0000000000
135738  -24.770  -89.939  -16.165 0.5000000000
138015  -24.951  -88.543  -16.268 0.5000000000
2635  -25.726  -88.193  -16.613 0.5000000000
8366  -10.576  -79.432  -26.629 1.0000000000
144370  -25.959  -87.304  -16.832 0.4000000060
9260  -10.320  -77.936  -27.488 0.8999999762
7527  -11.911  -80.585  -26.399 0.8999999762
2636  -26.608  -87.814  -16.762 0.4000000060
13562  -8.210  -74.030  -28.966 0.6000000238
145651  -10.671  -76.532  -28.434 1.0000000000
6733  -12.111  -81.546  -28.579 0.8000000119
7572  -12.559  -81.002  -33.013 0.6999999881
8434  -11.309  -80.022  -35.238 0.5000000000
7608  -11.881  -80.331  -35.701 0.4000000060
7619  -12.393  -79.431  -36.506 0.4000000060
13637  -20.428  -74.228  -34.724 0.8999999762
145060  -18.258  -75.397  -34.355 0.8000000119
14779  -19.802  -73.857  -34.633 0.8999999762
4997  -8.544  -84.077  -6.074 0.8999999762
151838  -8.858  -83.879  -6.800 0.8999999762
3705  -11.604  -85.242  -10.826 0.8000000119
136357  -10.910  -85.451  -11.258 0.8000000119
151201  -8.796  -85.891  -10.396 0.8000000119
4323  -5.439  -85.169  -7.623 1.0000000000
5026  -9.268  -83.291  -8.148 0.8999999762
3687  -10.769  -85.357  -9.878 0.8000000119
3672  -10.417  -85.518  -8.943 0.8000000119
143095  -10.157  -85.759  -8.042 0.6999999881
5771  -9.993  -82.782  -8.789 0.8999999762
144928  -12.010  -85.150  -9.984 0.8000000119
3688  -11.637  -85.393  -9.161 0.8000000119
3652  -10.561  -86.039  -7.176 0.6999999881
4321  -4.784  -84.708  -8.000 0.8999999762
5784  -11.130  -82.519  -9.838 0.8999999762
4349  -13.291  -84.516  -9.664 0.8000000119
4369  -13.032  -83.867  -10.680 0.8000000119
5800  -12.487  -82.820  -10.179 0.8999999762
5801  -13.026  -83.042  -9.960 0.8000000119
2634  -25.068  -87.705  -16.443 0.4000000060
143098  -6.370  -72.723  -27.413 0.6999999881
14704  -8.717  -73.068  -29.103 0.8000000119
7516  -11.430  -80.286  -25.681 1.0000000000
14688  -6.929  -73.345  -27.923 0.8000000119
9247  -10.070  -78.611  -26.677 1.0000000000
14722  -9.308  -73.605  -29.554 0.8000000119
139923  -12.266  -80.787  -26.932 1.0000000000
3154  -25.301  -86.637  -16.724 0.4000000060
3156  -26.796  -87.112  -16.941 0.4000000060
12463  -10.844  -74.629  -29.051 0.8999999762
6006  -12.981  -82.296  -31.323 0.6999999881
5987  -12.627  -82.304  -29.841 0.8000000119
7586  -12.601  -80.525  -33.665 0.6999999881
6769  -13.033  -81.581  -32.466 0.6999999881
8418  -12.187  -79.865  -34.375 0.6999999881
12532  -17.037  -74.911  -34.094 0.8000000119
9350  -11.750  -79.388  -35.222 0.6999999881
9366  -11.773  -79.327  -36.406 0.6000000238
11434  -16.496  -76.515  -34.720 0.6999999881
9351  -12.623  -78.740  -35.454 0.6999999881
9367  -11.942  -78.794  -36.694 0.5000000000
9368  -13.016  -78.714  -36.893 0.4000000060
7621  -14.189  -79.913  -36.351 0.2000000030
8445  -15.221  -79.219  -36.462 0.5000000000
6819  -14.981  -80.779  -35.986 0.2000000030
140909  -15.891  -79.791  -36.381 0.3000000119
137108  -15.940  -79.165  -36.576 0.5000000000
11433  -15.569  -76.642  -34.512 0.6999999881
12537  -17.532  -75.734  -34.486 0.6999999881
13628  -18.068  -73.985  -34.211 0.8000000119
13629  -18.977  -73.940  -34.475 0.8999999762
135763  -19.505  -73.001  -33.626 0.8999999762
14780  -20.651  -73.665  -34.604 0.8000000119
14781  -21.405  -73.455  -34.520 0.6999999881
10387  -16.886  -77.334  -35.348 0.6000000238
11435  -17.439  -76.667  -34.943 0.6999999881
4299  -5.949  -84.765  -5.461 0.8999999762
4298  -5.433  -84.692  -5.932 1.0000000000
5013  -10.119  -83.415  -6.711 0.8999999762
4995  -5.054  -84.688  -6.585 0.8999999762
5759  -10.091  -83.151  -7.873 0.8999999762
5761  -11.621  -82.800  -6.982 0.8999999762
5772  -10.801  -82.754  -8.260 0.8999999762
3673  -11.275  -85.579  -8.438 0.6999999881
5756  -4.885  -83.696  -7.800 0.8999999762
5785  -11.900  -82.573  -9.506 0.8999999762
154396  -12.335  -82.584  -8.873 0.8000000119
3690  -13.384  -85.028  -8.820 0.8000000119
141233  -12.415  -85.488  -8.409 0.6999999881
5769  -4.953  -82.541  -8.071 0.8999999762
5042  -13.878  -83.668  -8.931 0.8000000119
148375  -7.284  -72.570  -28.171 0.6999999881
16879  -8.668  -71.417  -28.557 0.8000000119
16896  -9.503  -71.870  -28.707 0.8999999762
144894  -25.207  -85.073  -16.892 0.2000000030
8365  -10.111  -79.054  -26.076 1.0000000000
8359  -10.850  -79.906  -25.458 1.0000000000
7503  -11.910  -80.198  -24.766 0.8999999762
7528  -12.701  -80.555  -26.321 1.0000000000
7505  -13.704  -80.318  -24.723 1.0000000000
7529  -13.531  -80.279  -26.413 1.0000000000
6734  -12.934  -81.261  -28.162 0.8999999762
7536  -13.826  -80.069  -27.198 1.0000000000
7547  -13.574  -81.361  -29.047 0.8000000119
143493  -13.546  -80.403  -27.706 0.8000000119
11393  -15.606  -76.500  -32.201 0.8999999762
11403  -15.139  -76.016  -32.852 0.8999999762
13618  -17.033  -73.987  -33.800 0.8999999762
9338  -12.911  -78.884  -34.585 0.6999999881
12530  -15.545  -75.199  -33.759 0.8000000119
131601  -13.586  -78.030  -34.544 0.6000000238
9360  -13.794  -78.710  -35.807 0.5000000000
9369  -14.371  -78.985  -36.446 0.5000000000
10393  -14.888  -78.447  -35.842 0.6999999881
155546  -15.736  -78.307  -36.130 0.6000000238
4300  -6.887  -84.604  -5.198 0.8999999762
4987  -8.124  -84.150  -5.162 0.8999999762
145154  -9.065  -83.837  -5.481 0.8999999762
4988  -9.970  -83.512  -5.674 0.8999999762
5744  -5.247  -84.041  -5.628 1.0000000000
5745  -5.403  -83.328  -5.860 0.8999999762
5746  -10.938  -83.232  -6.254 0.8999999762
5736  -11.389  -82.863  -5.520 0.8000000119
130987  -12.340  -82.580  -6.645 0.8000000119
148390  -12.193  -82.579  -8.287 0.8000000119
5762  -12.487  -82.581  -7.552 0.8000000119
5748  -13.827  -82.873  -6.748 0.8000000119
136599  -11.639  -85.992  -6.852 0.6999999881
5758  -5.489  -82.877  -6.686 0.8999999762
6537  -5.739  -81.586  -7.901 0.8999999762
6532  -6.375  -82.253  -7.103 0.8999999762
5027  -13.527  -82.959  -8.710 0.8000000119
5015  -14.385  -83.971  -7.788 0.6999999881
4335  -13.967  -84.809  -8.398 0.8000000119
3674  -13.493  -85.352  -7.869 0.6999999881
7310  -6.945  -81.513  -7.767 0.8999999762
7314  -5.038  -80.820  -8.573 0.6999999881
8152  -6.556  -79.760  -8.565 0.6999999881
16878  -7.232  -70.862  -28.423 0.6999999881
16877  -6.042  -70.906  -28.192 0.6999999881
3772  -26.660  -85.198  -17.487 0.2000000030
3771  -25.912  -84.755  -17.304 0.2000000030
14705  -9.610  -72.925  -29.398 0.8000000119
7504  -12.792  -80.306  -24.698 1.0000000000
14690  -10.258  -72.968  -28.944 0.8999999762
153182  -9.512  -78.504  -25.773 1.0000000000
153392  -10.907  -79.346  -24.294 1.0000000000
8344  -13.267  -80.016  -23.880 0.8999999762
3155  -26.399  -86.500  -17.063 0.2000000030
14724  -10.159  -73.373  -29.570 0.8999999762
9259  -9.420  -77.711  -26.607 1.0000000000
11349  -10.664  -75.705  -28.464 1.0000000000
142417  -14.139  -80.426  -29.077 0.8000000119
141214  -13.691  -81.216  -32.252 0.6999999881
7562  -14.300  -80.499  -31.647 0.8000000119
146696  -14.110  -81.201  -29.780 0.8000000119
7561  -13.957  -81.497  -31.348 0.6999999881
11386  -17.246  -76.187  -31.013 0.8999999762
8419  -13.007  -79.698  -33.796 0.6999999881
10361  -15.098  -76.970  -32.576 0.8999999762
12513  -15.593  -75.298  -33.228 0.8999999762
9328  -14.159  -78.394  -33.290 0.8000000119
134540  -14.646  -77.539  -32.896 0.8999999762
11416  -14.765  -76.913  -33.743 0.8000000119
12512  -15.019  -75.714  -33.504 0.8999999762
12523  -15.335  -75.133  -33.785 0.8000000119
12514  -16.292  -75.064  -32.901 0.8999999762
144774  -13.808  -78.031  -34.042 0.6999999881
10370  -14.330  -77.449  -33.892 0.8000000119
11432  -14.924  -76.878  -34.292 0.8000000119
11427  -15.122  -76.121  -34.012 0.6999999881
10378  -14.381  -77.383  -34.177 0.6999999881
134387  -14.491  -77.690  -35.064 0.8000000119
149651  -15.207  -77.173  -34.940 0.8000000119
4986  -5.489  -84.119  -4.957 1.0000000000
4981  -9.390  -83.640  -4.852 0.8999999762
6519  -5.671  -82.756  -5.269 1.0000000000
5724  -9.509  -83.229  -4.225 0.8000000119
5735  -10.714  -83.248  -5.337 0.8000000119
6525  -6.432  -82.465  -6.159 1.0000000000
6526  -7.270  -81.706  -6.198 0.8999999762
5737  -12.380  -82.442  -5.763 0.8000000119
7308  -7.982  -81.060  -6.708 0.8999999762
156147  -12.766  -82.506  -6.352 0.8000000119
7317  -8.221  -80.483  -8.118 0.8999999762
3664  -14.288  -84.915  -6.748 0.6999999881
3653  -12.544  -85.733  -6.278 0.6999999881
155424  -11.696  -86.077  -6.246 0.6999999881
3643  -12.568  -85.626  -5.271 0.6999999881
8153  -7.881  -79.649  -8.509 0.6999999881
3654  -13.688  -85.328  -6.336 0.6999999881
16880  -9.421  -71.309  -28.379 0.8000000119
9213  -13.158  -79.010  -22.815 0.6999999881
8319  -14.350  -79.228  -22.694 0.8000000119
10215  -14.959  -78.044  -21.871 0.6000000238
16866  -9.906  -71.328  -27.828 0.8000000119
14675  -10.047  -72.522  -27.420 1.0000000000
8331  -12.022  -79.165  -23.519 0.8000000119
9212  -12.540  -78.779  -23.140 0.6999999881
8320  -15.074  -79.224  -22.625 0.6999999881
4430  -25.816  -83.959  -17.490 0.2000000030
9210  -10.766  -78.101  -23.705 0.8999999762
8332  -12.816  -79.369  -23.284 0.8000000119
8345  -14.195  -80.046  -23.936 0.8000000119
8346  -15.050  -79.880  -24.118 0.8000000119
9224  -8.982  -77.929  -24.807 0.8999999762
8340  -9.748  -78.694  -24.845 1.0000000000
8367  -14.389  -79.985  -26.552 1.0000000000
8360  -14.608  -80.150  -24.869 0.8999999762
8361  -15.372  -79.738  -25.025 1.0000000000
9227  -16.248  -79.183  -24.247 0.8000000119
12487  -18.354  -75.626  -29.634 0.8999999762
153930  -10.643  -74.135  -28.556 1.0000000000
134088  -9.237  -76.767  -26.781 1.0000000000
10284  -8.722  -77.049  -25.952 1.0000000000
140770  -14.534  -79.748  -27.261 0.8999999762
133715  -14.996  -80.005  -25.817 1.0000000000
8362  -16.028  -79.264  -25.064 0.8999999762
133803  -14.491  -79.522  -29.172 0.8999999762
7573  -14.110  -80.209  -32.597 0.6999999881
11378  -17.155  -76.893  -30.054 0.8999999762
145291  -17.768  -76.096  -30.104 0.8999999762
8410  -13.815  -79.561  -33.286 0.8000000119
9329  -14.511  -78.456  -32.313 0.8000000119
10348  -14.918  -77.913  -31.714 0.8999999762
10332  -15.470  -78.056  -30.676 0.8999999762
11385  -16.571  -76.885  -30.893 0.8999999762
12502  -16.742  -75.627  -31.963 0.8999999762
4978  -5.971  -84.113  -4.016 0.8999999762
5723  -5.056  -83.027  -4.129 0.8999999762
5710  -5.022  -82.727  -3.519 0.8999999762
4970  -7.751  -83.501  -3.875 0.8999999762
5713  -8.701  -82.919  -3.654 0.8000000119
6520  -6.645  -81.997  -5.590 1.0000000000
6489  -8.220  -82.187  -2.995 0.8000000119
5725  -10.926  -82.792  -4.673 0.8000000119
154582  -6.656  -80.200  -5.416 1.0000000000
8144  -8.076  -80.302  -6.301 1.0000000000
5715  -10.629  -82.126  -3.906 0.8000000119
7309  -8.483  -80.478  -7.522 0.8999999762
6509  -11.979  -81.764  -4.336 0.8000000119
8154  -8.811  -79.724  -8.078 0.8000000119
13510  -8.806  -74.048  -24.639 0.8999999762
12386  -8.978  -74.980  -24.363 0.8999999762
16846  -9.757  -71.344  -26.002 1.0000000000
145906  -8.565  -73.192  -25.424 0.8999999762
14674  -9.093  -72.556  -26.279 1.0000000000
5128  -25.495  -83.157  -17.852 0.2000000030
13539  -8.466  -74.117  -25.384 0.8999999762
10230  -13.763  -77.606  -22.829 0.6999999881
11259  -14.464  -77.480  -22.276 0.6000000238
9187  -15.750  -78.088  -21.631 0.6000000238
144087  -8.939  -73.230  -26.326 1.0000000000
12404  -8.386  -75.312  -24.889 0.8999999762
133935  -9.001  -75.984  -24.151 0.8999999762
10228  -12.289  -78.095  -23.533 0.8999999762
5129  -26.241  -83.735  -18.188 0.2000000030
13552  -10.214  -74.160  -27.700 1.0000000000
12423  -8.522  -75.222  -25.782 1.0000000000
9214  -15.880  -79.074  -22.592 0.6999999881
11333  -8.709  -76.115  -26.365 1.0000000000
9209  -9.975  -77.748  -23.810 0.8999999762
12424  -9.281  -75.105  -26.947 1.0000000000
8368  -15.279  -79.589  -26.785 0.8999999762
9248  -16.151  -79.133  -26.679 1.0000000000
147683  -19.301  -75.539  -28.850 0.8000000119
8388  -15.140  -78.914  -29.176 0.8999999762
8382  -14.719  -79.367  -28.501 0.8999999762
12467  -18.560  -75.671  -28.717 0.8999999762
8393  -14.510  -79.508  -30.812 0.8000000119
11366  -17.847  -76.308  -29.136 0.8999999762
9304  -14.844  -78.630  -30.708 0.8999999762
10333  -16.287  -77.529  -30.394 0.8999999762
8959  -5.341  -78.140  -1.798 0.8000000119
8974  -5.310  -79.152  -3.485 0.8999999762
8973  -5.079  -79.225  -2.745 0.8000000119
8958  -4.975  -78.330  -1.191 0.8999999762
8121  -5.051  -79.799  -3.413 0.8999999762
7262  -5.038  -80.602  -2.269 0.8000000119
155310  -5.043  -79.378  -1.359 0.8000000119
6507  -4.993  -81.969  -3.940 0.8999999762
6486  -4.947  -81.676  -3.273 0.8999999762
6465  -6.299  -81.763  -2.391 0.8000000119
6466  -7.723  -81.517  -2.325 0.8000000119
7303  -5.273  -81.313  -4.471 1.0000000000
6467  -8.951  -81.495  -2.553 0.8000000119
6468  -9.908  -81.398  -2.794 0.8000000119
9014  -9.276  -78.637  -8.130 0.8000000119
12387  -9.900  -75.082  -24.724 0.8999999762
5852  -24.935  -82.865  -17.104 0.2000000030
147821  -8.764  -70.219  -26.780 0.8000000119
11246  -15.769  -77.002  -21.501 0.6000000238
11280  -14.957  -76.264  -22.828 0.5000000000
11260  -15.318  -76.593  -21.964 0.6000000238
11247  -16.621  -76.671  -21.205 0.6000000238
12334  -17.385  -75.893  -20.867 0.5000000000
5879  -25.570  -82.416  -18.476 0.2000000030
131774  -13.089  -77.602  -23.448 0.6999999881
11303  -14.581  -76.013  -23.833 0.6000000238
149176  -9.589  -77.168  -23.821 0.8999999762
9188  -16.596  -78.041  -21.608 0.6999999881
10205  -17.046  -77.379  -21.258 0.6000000238
10244  -8.630  -77.019  -24.451 0.8999999762
10227  -11.100  -77.819  -23.764 0.6999999881
10248  -13.205  -76.998  -24.331 0.6999999881
9228  -16.907  -78.559  -24.247 0.8000000119
157884  -16.542  -78.814  -22.657 0.8000000119
9238  -16.518  -78.782  -24.951 0.8999999762
157078  -15.635  -78.551  -29.469 0.8999999762
9277  -15.522  -79.010  -28.307 0.8999999762
9261  -15.825  -79.140  -27.477 0.8999999762
12469  -19.272  -75.628  -28.071 0.6999999881
10319  -16.681  -77.688  -29.491 0.8999999762
10320  -17.284  -77.134  -29.143 0.8999999762
149943  -6.846  -77.582  -1.643 1.0000000000
9963  -5.830  -77.684  -1.333 0.8999999762
133502  -6.029  -78.560  -3.545 0.8999999762
8108  -5.192  -79.716  -1.071 0.8000000119
8137  -5.235  -79.746  -4.118 0.8999999762
7245  -6.056  -80.512  -1.356 0.8000000119
7264  -7.842  -80.915  -1.739 0.8000000119
8991  -6.914  -78.925  -4.921 1.0000000000
8140  -7.284  -79.605  -5.659 1.0000000000
8999  -7.950  -78.668  -5.533 1.0000000000
9004  -9.302  -78.748  -6.368 1.0000000000
142725  -9.172  -79.383  -6.914 0.8000000119
9005  -9.727  -78.549  -6.836 0.8999999762
10012  -10.194  -77.506  -7.527 0.8000000119
13511  -9.299  -74.047  -24.785 0.8000000119
12405  -10.800  -74.874  -25.829 0.6999999881
11334  -12.701  -76.451  -27.168 0.6999999881
11352  -13.685  -76.424  -27.875 0.6000000238
14656  -8.787  -72.553  -25.442 0.8999999762
12406  -11.440  -75.711  -26.113 0.8000000119
5867  -24.538  -82.052  -17.075 0.2000000030
131636  -13.023  -76.834  -26.374 0.6000000238
13488  -16.439  -74.832  -22.085 0.5000000000
12333  -16.519  -75.729  -21.396 0.5000000000
13489  -17.255  -74.451  -21.635 0.5000000000
5868  -24.994  -82.303  -17.803 0.2000000030
11299  -10.222  -76.174  -24.235 0.8999999762
11316  -11.633  -76.458  -25.327 0.8000000119
12371  -15.256  -75.547  -23.378 0.5000000000
12354  -15.958  -75.499  -21.970 0.5000000000
10267  -12.566  -76.880  -25.212 0.6999999881
11317  -13.473  -76.741  -25.422 0.6000000238
12389  -14.519  -76.028  -25.055 0.5000000000
12390  -15.061  -75.380  -24.451 0.5000000000
12314  -18.007  -75.453  -20.571 0.5000000000
6653  -25.178  -81.620  -18.355 0.2000000030
11278  -10.533  -77.061  -23.981 0.8999999762
11302  -13.918  -76.554  -24.412 0.6000000238
11236  -18.098  -75.993  -20.596 0.5000000000
10216  -17.445  -77.833  -21.856 0.6000000238
10206  -17.879  -77.189  -21.370 0.5000000000
10250  -17.455  -77.795  -24.710 0.8999999762
10231  -17.714  -77.956  -22.924 0.6999999881
10217  -18.178  -77.439  -22.176 0.6999999881
10296  -16.726  -78.234  -27.957 0.8999999762
9249  -16.658  -78.584  -26.641 0.8999999762
9239  -17.019  -78.279  -25.294 0.8999999762
10232  -18.352  -77.186  -23.213 0.6000000238
11263  -19.216  -76.363  -21.833 0.5000000000
12450  -19.695  -75.949  -27.655 0.6000000238
10297  -17.319  -77.551  -27.727 0.8999999762
10269  -17.529  -77.566  -25.694 0.8999999762
11319  -18.069  -77.040  -25.067 0.8000000119
11281  -18.740  -76.418  -23.490 0.6000000238
10307  -17.012  -77.713  -28.613 0.8999999762
10308  -17.579  -76.929  -28.373 0.8999999762
12468  -18.802  -75.674  -27.828 0.6999999881
12449  -19.301  -75.702  -27.315 0.6000000238
140176  -7.620  -77.339  -0.221 0.8999999762
151678  -5.438  -77.504  0.278 0.6999999881
9927  -5.018  -77.841  0.648 0.6999999881
8095  -5.629  -79.683  -0.166 0.6999999881
8975  -7.013  -78.387  -3.996 1.0000000000
133609  -7.776  -78.341  -4.692 1.0000000000
8992  -8.951  -78.161  -4.825 1.0000000000
8993  -9.783  -78.155  -5.213 1.0000000000
9000  -9.942  -78.255  -5.942 1.0000000000
149524  -9.701  -76.301  -8.292 0.8000000119
140078  -9.093  -72.617  -25.000 0.8999999762
12425  -12.072  -75.610  -27.040 0.6000000238
11351  -13.160  -76.047  -28.366 0.6000000238
12446  -14.425  -76.042  -28.094 0.6000000238
11336  -14.146  -76.447  -27.116 0.6000000238
6643  -24.232  -81.173  -17.088 0.2000000030
13501  -16.158  -74.344  -23.206 0.5000000000
14618  -17.625  -73.510  -22.049 0.5000000000
155378  -24.471  -80.983  -17.677 0.2000000030
142360  -15.202  -75.230  -27.644 0.6000000238
12408  -14.409  -76.179  -26.135 0.6000000238
13525  -15.523  -74.744  -24.859 0.5000000000
13500  -15.610  -74.835  -23.828 0.5000000000
14631  -16.555  -73.575  -23.705 0.5000000000
13479  -17.890  -74.147  -20.975 0.5000000000
13543  -15.382  -74.943  -26.517 0.5000000000
14601  -18.665  -73.788  -20.604 0.4000000060
145407  -25.425  -80.995  -18.717 0.2000000030
12315  -18.500  -75.409  -20.475 0.4000000060
11237  -18.831  -75.779  -20.563 0.5000000000
11262  -18.737  -76.728  -22.568 0.6000000238
143872  -19.753  -75.831  -21.533 0.6000000238
11353  -17.854  -76.792  -27.505 0.8999999762
10286  -17.572  -77.388  -26.739 0.8999999762
11320  -18.458  -76.431  -25.564 0.6999999881
154877  -18.439  -76.501  -24.999 0.6999999881
11282  -19.225  -76.022  -23.127 0.6000000238
150639  -20.549  -76.700  -28.326 0.6000000238
11356  -21.064  -76.899  -27.204 0.6000000238
10298  -21.515  -77.367  -27.785 0.5000000000
12429  -19.892  -75.988  -26.987 0.6000000238
10287  -21.824  -77.310  -26.918 0.5000000000
10288  -22.670  -77.527  -26.544 0.6000000238
10270  -21.998  -77.165  -26.004 0.5000000000
10289  -23.601  -77.733  -26.096 0.6000000238
10273  -24.349  -77.872  -25.369 0.6000000238
9240  -25.170  -78.252  -25.596 0.5000000000
10274  -25.771  -78.058  -24.801 0.6000000238
10275  -26.534  -78.048  -24.786 0.5000000000
134165  -9.213  -77.405  1.584 0.6999999881
149999  -7.738  -77.340  0.347 0.6999999881
9964  -7.780  -77.403  -1.577 1.0000000000
9975  -7.383  -77.606  -2.312 1.0000000000
9984  -7.974  -77.721  -3.073 1.0000000000
9985  -9.225  -77.744  -3.275 1.0000000000
9986  -10.123  -77.669  -3.559 1.0000000000
9998  -10.126  -77.857  -4.467 1.0000000000
157432  -10.654  -76.947  -4.196 1.0000000000
9999  -10.587  -77.286  -4.858 1.0000000000
12111  -10.360  -76.283  -6.884 0.8999999762
12092  -10.445  -76.421  -6.164 0.8999999762
12109  -9.005  -75.024  -8.100 0.6999999881
14640  -10.026  -73.282  -25.518 0.8000000119
12466  -14.110  -75.891  -29.289 0.6000000238
13524  -11.256  -74.060  -26.392 0.8000000119
15749  -10.141  -71.863  -25.431 0.8000000119
13567  -15.651  -74.549  -28.335 0.6000000238
13555  -15.720  -74.295  -27.137 0.6000000238
17933  -10.244  -70.909  -25.000 0.8999999762
14658  -10.742  -72.898  -25.815 0.8000000119
14617  -16.846  -73.933  -22.648 0.5000000000
16826  -10.645  -71.957  -25.097 0.8000000119
13526  -15.839  -74.023  -25.222 0.5000000000
14663  -16.758  -72.812  -25.270 0.5000000000
14645  -16.963  -72.766  -24.256 0.5000000000
15697  -17.833  -72.618  -22.689 0.5000000000
7430  -24.363  -80.437  -17.552 0.2000000030
7444  -24.742  -79.679  -18.123 0.1000000015
17915  -10.441  -70.613  -24.309 0.8000000119
13544  -15.736  -74.066  -26.126 0.5000000000
15733  -17.325  -72.345  -25.024 0.4000000060
15686  -18.862  -72.832  -21.262 0.4000000060
14588  -19.421  -74.132  -20.086 0.3000000119
130907  -19.447  -73.245  -20.401 0.3000000119
12335  -19.719  -75.483  -20.797 0.5000000000
12316  -19.225  -74.978  -20.233 0.4000000060
11354  -18.434  -76.176  -27.261 0.6999999881
12427  -19.008  -75.830  -26.262 0.6999999881
144709  -18.867  -76.102  -25.039 0.6999999881
12373  -19.080  -76.007  -24.104 0.6000000238
12375  -20.372  -75.595  -23.403 0.5000000000
141495  -20.279  -75.543  -21.682 0.5000000000
12336  -20.644  -75.220  -20.954 0.3000000119
13468  -20.597  -74.338  -19.967 0.3000000119
14590  -20.766  -73.238  -20.028 0.3000000119
12412  -20.173  -75.871  -25.323 0.6999999881
144912  -20.351  -75.750  -24.365 0.6000000238
12376  -21.146  -75.811  -23.113 0.5000000000
11340  -21.261  -76.814  -26.351 0.6000000238
10271  -22.829  -77.352  -25.620 0.6000000238
9891  -9.816  -77.470  2.425 0.6000000238
149618  -10.366  -77.552  3.117 0.6000000238
9877  -11.328  -77.720  3.340 0.5000000000
139161  -9.906  -77.411  0.654 0.8999999762
132810  -9.311  -77.332  -0.979 1.0000000000
9966  -9.554  -77.387  -1.837 1.0000000000
9977  -9.916  -77.520  -2.678 1.0000000000
9978  -10.416  -77.122  -2.899 1.0000000000
12091  -10.007  -75.930  -6.289 0.8999999762
10997  -10.546  -76.644  -4.801 1.0000000000
12108  -8.133  -75.219  -7.429 0.6999999881
12110  -9.580  -75.536  -7.646 0.8000000119
13541  -12.017  -74.603  -27.044 0.6999999881
13554  -12.547  -75.037  -28.317 0.6000000238
12486  -14.531  -75.304  -29.893 0.6000000238
14726  -15.641  -73.930  -30.150 0.6999999881
13565  -12.882  -74.896  -29.961 0.6000000238
14709  -16.192  -73.794  -29.066 0.5000000000
7417  -23.956  -80.365  -16.813 0.2000000030
15731  -11.151  -72.700  -25.456 0.8000000119
14676  -12.117  -73.965  -26.762 0.8000000119
14708  -12.887  -74.235  -29.508 0.6000000238
14692  -16.194  -73.661  -27.721 0.5000000000
150691  -18.191  -72.897  -21.909 0.4000000060
14660  -12.591  -73.682  -25.813 0.8000000119
15770  -16.685  -72.960  -27.158 0.5000000000
16808  -17.839  -71.659  -24.008 0.4000000060
16809  -18.362  -70.904  -23.466 0.4000000060
15717  -18.018  -71.787  -23.078 0.4000000060
8269  -24.467  -78.760  -17.607 0.1000000015
19054  -10.529  -69.763  -24.049 0.8000000119
15730  -11.012  -72.341  -24.489 0.8000000119
14679  -16.666  -72.857  -26.193 0.5000000000
15751  -17.217  -72.395  -25.822 0.4000000060
16829  -18.075  -71.034  -24.615 0.5000000000
153123  -18.509  -72.112  -22.175 0.4000000060
17901  -10.286  -70.675  -23.753 0.8000000119
16806  -10.497  -71.636  -23.807 0.8000000119
16850  -17.815  -71.234  -25.700 0.5000000000
16739  -19.652  -72.306  -20.795 0.3000000119
16741  -21.302  -71.832  -20.588 0.2000000030
12337  -21.652  -75.158  -21.216 0.3000000119
12319  -21.933  -74.578  -20.704 0.3000000119
140609  -21.583  -76.515  -24.689 0.5000000000
11283  -21.653  -76.283  -23.788 0.5000000000
11264  -21.664  -75.656  -22.191 0.5000000000
12338  -22.471  -75.026  -21.158 0.5000000000
139345  -23.260  -77.851  -26.963 0.6000000238
10272  -23.624  -77.508  -25.123 0.6000000238
10254  -24.403  -77.580  -24.436 0.6000000238
10257  -27.073  -77.534  -24.522 0.5000000000
10276  -27.625  -77.731  -25.122 0.5000000000
11325  -28.271  -76.595  -25.681 0.3000000119
11324  -27.640  -76.913  -24.919 0.3000000119
9907  -10.527  -77.569  1.604 0.8000000119
9908  -11.619  -77.661  1.768 0.8999999762
132120  -10.405  -77.338  -0.852 1.0000000000
9933  -11.328  -77.509  0.774 0.8999999762
149686  -11.539  -77.290  0.038 1.0000000000
10948  -11.668  -76.550  -0.748 1.0000000000
9967  -10.813  -77.157  -1.433 1.0000000000
10961  -10.809  -76.769  -1.969 1.0000000000
156721  -11.505  -76.185  -1.301 1.0000000000
12029  -10.896  -75.722  -2.310 1.0000000000
10971  -10.750  -76.439  -2.576 1.0000000000
12044  -10.523  -75.864  -3.102 1.0000000000
12074  -8.538  -75.704  -5.570 0.8999999762
12043  -9.951  -75.545  -3.801 1.0000000000
12088  -7.140  -75.956  -6.569 0.6000000238
12089  -8.438  -75.657  -6.485 0.6999999881
14738  -14.909  -73.663  -30.619 0.6999999881
15816  -15.729  -72.961  -30.611 0.6999999881
16909  -16.771  -71.740  -30.467 0.5000000000
13581  -14.119  -74.857  -30.306 0.6000000238
139290  -17.907  -71.829  -29.187 0.5000000000
17984  -18.612  -70.728  -28.875 0.4000000060
15786  -16.813  -73.079  -28.245 0.6000000238
142480  -23.764  -79.575  -16.465 0.1000000015
138175  -13.195  -73.766  -26.452 0.8000000119
14691  -12.620  -74.180  -27.585 0.6000000238
16898  -17.833  -71.971  -28.182 0.5000000000
16883  -18.036  -71.464  -27.718 0.5000000000
16869  -17.864  -71.253  -26.851 0.5000000000
143483  -18.537  -71.320  -22.617 0.3000000119
16787  -19.535  -70.848  -21.743 0.2000000030
20186  -10.531  -68.812  -23.866 0.8999999762
14641  -12.034  -73.367  -25.133 0.8000000119
14661  -13.441  -73.563  -25.323 0.6999999881
17917  -18.278  -70.064  -24.222 0.4000000060
17904  -18.777  -69.844  -23.301 0.2000000030
14628  -11.312  -73.193  -23.441 0.8000000119
17935  -18.098  -70.285  -25.302 0.4000000060
19069  -18.793  -69.238  -24.012 0.1000000015
17871  -21.447  -70.478  -21.702 0.2000000030
16763  -22.141  -71.686  -21.384 0.2000000030
15677  -22.212  -72.929  -20.540 0.2000000030
15687  -22.583  -72.584  -21.177 0.2000000030
11306  -23.193  -76.992  -23.955 0.6000000238
11284  -22.707  -76.522  -23.321 0.6000000238
11266  -23.527  -76.374  -22.631 0.5000000000
12339  -23.300  -75.117  -21.420 0.3000000119
142773  -22.167  -73.838  -20.501 0.3000000119
156469  -22.924  -72.672  -21.998 0.2000000030
14633  -22.825  -73.047  -23.780 0.2000000030
136873  -24.407  -76.710  -22.897 0.4000000060
143458  -24.225  -76.046  -22.257 0.3000000119
12340  -24.063  -74.670  -21.889 0.2000000030
134324  -23.947  -73.777  -22.232 0.2000000030
14647  -23.384  -73.629  -24.431 0.2000000030
14646  -22.583  -73.264  -25.058 0.2000000030
11285  -24.015  -77.186  -23.697 0.6000000238
11267  -25.088  -76.122  -22.523 0.3000000119
12360  -25.449  -75.390  -22.791 0.3000000119
13502  -23.885  -73.569  -23.238 0.2000000030
131403  -23.868  -74.293  -24.917 0.2000000030
10233  -24.929  -77.260  -23.506 0.5000000000
12377  -25.891  -75.512  -23.328 0.3000000119
13504  -25.398  -74.800  -23.462 0.3000000119
13513  -24.745  -74.420  -24.190 0.3000000119
10234  -25.887  -77.023  -23.530 0.5000000000
11307  -27.071  -76.679  -24.200 0.4000000060
12395  -27.392  -76.097  -24.621 0.2000000030
150514  -27.239  -75.593  -25.958 0.1000000015
145173  -27.815  -75.878  -26.150 0.2000000030
9830  -12.249  -77.235  6.285 0.4000000060
149880  -11.829  -76.178  7.728 0.5000000000
9859  -12.122  -77.384  4.691 0.5000000000
9860  -12.629  -77.118  4.355 0.8000000119
10864  -12.435  -76.709  6.727 0.5000000000
11921  -11.614  -75.505  7.455 0.6000000238
9878  -12.189  -77.490  3.614 0.8000000119
11945  -12.773  -75.964  5.539 0.6000000238
13089  -11.218  -74.841  7.041 0.6999999881
11920  -10.813  -75.169  7.744 0.6000000238
144112  -12.394  -77.202  1.222 1.0000000000
10911  -12.663  -76.952  2.750 1.0000000000
10933  -12.239  -76.868  0.597 1.0000000000
11985  -11.901  -75.875  0.044 1.0000000000
13220  -11.319  -75.279  -1.058 1.0000000000
13239  -10.495  -75.174  -2.614 1.0000000000
13219  -10.898  -74.798  -1.461 1.0000000000
135825  -9.094  -74.636  -3.852 0.8999999762
14341  -9.415  -74.147  -2.853 1.0000000000
139602  -7.516  -75.979  -5.782 0.6999999881
15826  -15.284  -72.104  -30.951 0.6999999881
16921  -16.016  -71.247  -30.715 0.6000000238
18009  -16.271  -70.400  -30.469 0.5000000000
15824  -13.843  -72.832  -30.401 0.6999999881
16910  -17.575  -71.636  -30.012 0.5000000000
17998  -18.548  -70.496  -29.935 0.5000000000
19150  -18.968  -69.939  -29.835 0.3000000119
14725  -13.018  -74.002  -30.113 0.6000000238
153191  -19.630  -69.642  -29.020 0.3000000119
20259  -20.859  -68.748  -29.034 0.2000000030
149333  -13.060  -73.564  -27.881 0.6999999881
17969  -18.482  -70.674  -27.835 0.3000000119
19114  -19.107  -69.782  -28.023 0.3000000119
14677  -13.515  -73.456  -26.993 0.6000000238
19098  -18.585  -69.906  -26.989 0.4000000060
17890  -19.803  -70.103  -21.985 0.2000000030
19039  -9.539  -69.783  -22.880 0.8000000119
19085  -18.540  -69.474  -24.924 0.4000000060
19056  -19.355  -69.027  -23.270 0.1000000015
17891  -20.585  -69.911  -21.853 0.2000000030
152195  -9.269  -71.220  -22.692 0.8000000119
16782  -10.185  -72.415  -22.759 0.8000000119
14642  -12.819  -73.573  -24.552 0.6999999881
151350  -20.594  -68.387  -23.670 0.1000000015
19044  -20.640  -69.371  -22.390 0.2000000030
130563  -19.403  -68.535  -24.008 0.1000000015
145097  -21.617  -68.688  -24.109 0.1000000015
13529  -24.511  -74.958  -25.332 0.2000000030
11287  -25.847  -76.194  -23.012 0.4000000060
13530  -25.313  -75.184  -25.217 0.2000000030
12394  -26.837  -75.850  -24.196 0.4000000060
12393  -26.116  -75.269  -24.623 0.3000000119
12414  -25.646  -75.427  -25.892 0.1000000015
12415  -26.885  -75.454  -25.219 0.1000000015
12433  -26.378  -75.623  -26.465 0.1000000015
12454  -26.825  -75.860  -28.030 0.1000000015
10900  -12.977  -76.605  4.167 0.8000000119
13121  -12.495  -75.514  5.256 0.6999999881
11956  -12.742  -76.355  3.289 0.8000000119
13130  -12.313  -75.371  4.510 1.0000000000
11963  -12.556  -76.449  2.305 1.0000000000
11974  -11.977  -75.882  0.851 1.0000000000
13148  -11.529  -75.243  2.763 1.0000000000
13178  -11.422  -75.315  0.445 1.0000000000
13177  -10.744  -74.743  0.138 1.0000000000
13176  -9.984  -74.131  -0.184 1.0000000000
14326  -9.639  -73.984  -1.871 1.0000000000
12057  -5.965  -75.952  -4.702 0.6000000238
13261  -8.078  -74.723  -4.377 0.8999999762
13252  -8.145  -74.298  -3.771 0.8999999762
19165  -17.585  -70.060  -30.241 0.5000000000
19149  -18.239  -69.784  -30.058 0.4000000060
20293  -19.832  -68.702  -30.016 0.3000000119
18007  -14.458  -70.451  -30.633 0.6000000238
152268  -20.595  -68.850  -30.198 0.3000000119
20278  -21.045  -68.582  -30.110 0.1000000015
20260  -21.572  -68.239  -29.508 0.1000000015
16908  -13.494  -72.147  -29.866 0.6999999881
16919  -13.983  -71.772  -30.383 0.6999999881
21430  -21.971  -66.925  -29.565 0.1000000015
21412  -22.366  -67.221  -28.208 0.1000000015
142743  -19.269  -69.215  -26.816 0.2000000030
20241  -20.205  -68.544  -27.352 0.2000000030
147504  -21.780  -67.517  -26.581 0.1000000015
21360  -9.267  -66.702  -23.557 0.8000000119
141478  -8.660  -67.460  -22.640 0.8999999762
15785  -13.553  -73.027  -27.794 0.6999999881
16881  -13.152  -71.057  -27.852 0.6999999881
20227  -20.620  -67.876  -26.489 0.2000000030
20228  -21.590  -67.715  -25.465 0.1000000015
133274  -8.411  -68.595  -22.558 0.8000000119
17883  -7.847  -70.541  -22.257 0.8000000119
133703  -13.942  -73.147  -25.043 0.6000000238
15750  -14.304  -72.747  -25.862 0.6999999881
20208  -19.537  -68.348  -24.893 0.3000000119
21380  -20.287  -67.922  -25.326 0.1000000015
14615  -11.567  -73.317  -22.879 0.6999999881
14630  -13.215  -73.137  -23.411 0.6999999881
20210  -21.100  -68.175  -24.361 0.1000000015
19072  -22.182  -69.090  -24.460 0.1000000015
19057  -21.296  -69.362  -22.724 0.1000000015
15683  -9.157  -72.191  -21.920 0.8000000119
19087  -22.294  -68.602  -25.255 0.1000000015
13162  -10.722  -74.853  1.014 1.0000000000
152559  -10.091  -74.384  0.674 1.0000000000
13146  -9.637  -74.542  2.217 1.0000000000
150296  -9.401  -74.157  0.572 1.0000000000
14340  -8.710  -73.888  -2.219 1.0000000000
14308  -9.349  -73.901  -0.886 1.0000000000
150411  -5.892  -75.525  -4.003 0.5000000000
13259  -6.651  -75.069  -4.349 0.6000000238
13251  -7.300  -74.482  -3.941 0.8000000119
19164  -16.667  -70.105  -30.289 0.5000000000
19163  -15.485  -70.025  -30.459 0.6000000238
20291  -17.954  -69.326  -29.746 0.4000000060
21446  -20.778  -68.044  -30.297 0.3000000119
22644  -20.886  -66.315  -28.957 0.1000000015
21448  -21.440  -66.835  -29.714 0.1000000015
135649  -22.728  -65.622  -29.072 0.1000000015
23889  -24.706  -65.475  -29.518 0.1000000015
23825  -8.266  -65.187  -23.317 0.8000000119
130876  -13.054  -70.812  -29.702 0.6000000238
19161  -13.722  -69.910  -30.510 0.6000000238
21399  -22.364  -67.519  -26.725 0.1000000015
21431  -23.261  -66.763  -30.205 0.1000000015
22647  -24.586  -66.498  -30.096 0.1000000015
21347  -8.008  -67.455  -22.052 0.8999999762
16897  -12.797  -70.876  -29.018 0.6000000238
17983  -12.196  -69.957  -29.755 0.6000000238
20243  -23.039  -67.751  -27.272 0.1000000015
153301  -23.558  -67.402  -28.678 0.1000000015
21433  -25.479  -67.197  -29.981 0.1000000015
21414  -23.961  -67.920  -28.764 0.1000000015
20171  -7.516  -68.508  -22.120 0.8000000119
16848  -14.310  -71.737  -25.903 0.6999999881
17934  -14.172  -70.721  -25.472 0.6000000238
20211  -21.855  -68.363  -24.852 0.1000000015
19099  -22.782  -68.550  -26.355 0.1000000015
15715  -13.219  -72.595  -23.085 0.6999999881
134582  -13.786  -71.210  -24.325 0.6999999881
130947  -23.018  -69.320  -27.603 0.1000000015
17919  -22.441  -69.420  -25.461 0.1000000015
15685  -10.721  -72.799  -21.894 0.6999999881
15695  -12.231  -73.005  -22.441 0.6999999881
16784  -12.332  -71.789  -22.264 0.6999999881
17954  -22.519  -69.854  -26.696 0.1000000015
14351  -8.509  -73.993  -3.116 1.0000000000
138730  -8.815  -73.858  -1.430 1.0000000000
148814  -4.778  -76.389  -4.029 0.4000000060
13237  -6.945  -74.343  -3.112 0.6999999881
20277  -18.656  -68.712  -29.572 0.4000000060
23876  -21.344  -65.018  -27.336 0.1000000015
152945  -22.058  -64.674  -27.497 0.1000000015
25134  -24.066  -64.056  -27.327 0.1000000015
23861  -24.533  -64.590  -26.795 0.1000000015
22598  -24.122  -66.021  -25.040 0.1000000015
20290  -16.716  -69.261  -29.571 0.4000000060
22655  -19.719  -67.133  -29.506 0.3000000119
23887  -21.974  -65.354  -28.224 0.1000000015
25145  -22.892  -64.745  -28.159 0.1000000015
23888  -23.600  -65.286  -29.059 0.1000000015
152920  -25.041  -64.661  -28.259 0.1000000015
23862  -25.252  -65.120  -27.346 0.1000000015
22621  -25.072  -66.448  -25.966 0.1000000015
19162  -14.454  -69.802  -30.622 0.6000000238
20289  -15.272  -69.086  -29.656 0.5000000000
25061  -8.164  -64.120  -22.150 0.8000000119
23767  -8.909  -64.458  -20.735 0.8000000119
20287  -12.898  -68.735  -29.853 0.5000000000
23890  -25.720  -65.430  -29.265 0.1000000015
22637  -25.563  -65.879  -27.164 0.1000000015
21382  -25.574  -67.339  -25.646 0.1000000015
22599  -24.819  -66.912  -24.833 0.1000000015
138361  -8.501  -65.251  -21.972 0.8000000119
21434  -26.124  -66.612  -29.310 0.1000000015
21415  -25.950  -67.042  -28.012 0.1000000015
21383  -25.839  -67.950  -24.743 0.1000000015
22573  -8.506  -66.227  -22.099 0.8000000119
20262  -25.776  -67.550  -29.054 0.1000000015
17968  -12.243  -69.867  -28.807 0.5000000000
19116  -23.573  -69.721  -28.886 0.1000000015
19134  -24.412  -69.463  -29.331 0.1000000015
17863  -7.209  -70.215  -21.722 0.8000000119
16779  -7.807  -71.112  -21.770 0.8000000119
16755  -9.257  -71.943  -21.426 0.8000000119
17987  -24.266  -69.888  -29.356 0.1000000015
16807  -13.437  -71.459  -23.436 0.6000000238
17986  -23.702  -70.393  -29.173 0.1000000015
17985  -23.334  -70.559  -29.129 0.1000000015
16885  -22.519  -71.479  -29.092 0.1000000015
16783  -11.559  -72.601  -22.007 0.8000000119
16887  -24.024  -71.509  -27.452 0.1000000015
16886  -23.507  -71.458  -28.887 0.1000000015
14154  -4.832  -74.088  9.083 0.4000000060
14170  -4.058  -73.889  8.392 0.5000000000
14179  -4.143  -73.797  7.873 0.6999999881
13085  -5.435  -74.353  7.591 0.6000000238
14180  -4.950  -73.890  6.994 0.6999999881
13161  -9.537  -74.366  1.337 1.0000000000
14286  -8.930  -73.928  0.006 1.0000000000
139665  -8.000  -73.894  -1.497 1.0000000000
13249  -5.433  -75.487  -3.305 0.5000000000
13250  -6.401  -74.836  -3.625 0.6000000238
134005  -21.664  -64.194  -26.779 0.1000000015
26393  -22.915  -63.321  -26.550 0.1000000015
25114  -23.627  -63.956  -26.170 0.1000000015
134678  -23.844  -64.983  -25.655 0.1000000015
21444  -17.973  -68.106  -28.996 0.4000000060
21428  -18.427  -67.217  -28.885 0.4000000060
25131  -20.739  -64.653  -26.404 0.1000000015
135474  -23.980  -66.733  -24.222 0.1000000015
20258  -16.839  -68.415  -28.212 0.4000000060
21410  -18.097  -67.235  -27.314 0.4000000060
22561  -8.873  -65.258  -21.058 0.8000000119
20274  -14.629  -68.503  -28.937 0.5000000000
140130  -7.888  -67.132  -20.483 0.8999999762
20272  -12.886  -68.401  -28.951 0.5000000000
132309  -25.920  -67.992  -25.890 0.1000000015
21334  -7.760  -67.353  -21.365 0.8999999762
139243  -7.344  -67.959  -20.829 0.8000000119
142368  -12.977  -68.482  -27.681 0.5000000000
19119  -25.408  -68.429  -28.826 0.1000000015
20230  -25.604  -68.696  -26.113 0.1000000015
19010  -6.724  -69.228  -20.987 0.8000000119
19011  -7.070  -69.606  -20.575 0.8000000119
19097  -13.048  -69.548  -27.583 0.5000000000
19118  -24.846  -69.416  -28.949 0.1000000015
19102  -25.283  -68.967  -27.546 0.1000000015
19089  -25.317  -69.523  -25.030 0.1000000015
17838  -7.212  -70.534  -21.111 0.8000000119
16736  -8.541  -71.268  -20.884 0.8000000119
19067  -14.121  -69.788  -25.599 0.5000000000
151602  -24.405  -70.699  -27.311 0.1000000015
19088  -25.076  -69.666  -26.302 0.1000000015
16738  -10.762  -70.964  -21.154 0.8000000119
17886  -12.973  -70.488  -22.347 0.6999999881
17937  -24.676  -70.662  -25.324 0.1000000015
16758  -11.747  -71.551  -21.827 0.8000000119
16852  -24.556  -71.708  -25.443 0.1000000015
16871  -24.293  -72.082  -26.457 0.1000000015
15720  -27.760  -72.487  -23.563 0.1000000015
136293  -25.746  -72.278  -24.628 0.1000000015
145988  -29.440  -72.170  -22.596 0.1000000015
14155  -5.627  -73.616  9.777 0.4000000060
138001  -6.115  -73.745  10.568 0.4000000060
134578  -5.870  -72.816  9.648 0.6000000238
15320  -5.219  -72.690  8.698 0.6999999881
15334  -4.713  -73.300  7.196 0.8000000119
14191  -6.676  -73.813  6.137 0.8999999762
15344  -5.388  -72.457  6.842 0.8000000119
14190  -5.704  -73.125  6.499 0.8999999762
14212  -8.009  -74.091  4.849 1.0000000000
14204  -7.400  -73.591  5.286 1.0000000000
147554  -8.145  -74.239  3.361 1.0000000000
13145  -8.786  -74.322  2.003 1.0000000000
13160  -8.548  -74.029  1.015 1.0000000000
14307  -8.384  -73.836  -0.708 1.0000000000
14338  -6.665  -74.500  -2.233 0.8000000119
14306  -7.303  -73.920  -0.638 1.0000000000
13217  -5.761  -74.930  -1.987 0.6999999881
26376  -21.756  -62.657  -25.676 0.1000000015
26392  -22.126  -63.258  -26.373 0.1000000015
25113  -23.111  -63.157  -25.955 0.1000000015
22635  -18.646  -66.633  -26.853 0.2000000030
23860  -19.887  -64.616  -25.857 0.2000000030
132803  -20.326  -63.678  -25.556 0.1000000015
130597  -19.308  -65.085  -25.664 0.2000000030
25112  -19.489  -64.093  -25.052 0.2000000030
26375  -20.884  -62.562  -25.380 0.1000000015
22545  -8.908  -65.226  -20.293 0.8000000119
20256  -14.078  -67.793  -28.250 0.5000000000
21426  -16.326  -67.995  -27.268 0.4000000060
21409  -17.096  -67.566  -26.568 0.3000000119
21367  -24.618  -67.321  -23.793 0.1000000015
22544  -8.417  -66.102  -20.320 0.8999999762
20273  -13.468  -68.295  -29.036 0.5000000000
20192  -25.895  -68.476  -23.898 0.1000000015
20254  -13.114  -68.068  -28.072 0.5000000000
21406  -13.546  -66.796  -26.890 0.4000000060
19058  -26.081  -69.122  -23.691 0.1000000015
20193  -26.252  -68.926  -22.994 0.1000000015
157955  -7.923  -67.299  -19.815 0.8999999762
20224  -13.223  -68.684  -26.839 0.5000000000
20240  -13.231  -67.812  -27.105 0.5000000000
17907  -26.041  -69.951  -23.492 0.1000000015
17840  -8.949  -70.381  -20.413 0.8000000119
20206  -14.674  -68.652  -25.299 0.5000000000
17920  -25.196  -70.486  -24.151 0.1000000015
135477  -13.544  -70.469  -23.117 0.5000000000
17903  -14.342  -69.929  -24.105 0.5000000000
16812  -25.756  -70.876  -23.498 0.1000000015
17842  -11.493  -70.018  -20.761 0.8000000119
17887  -14.582  -70.116  -22.991 0.5000000000
15719  -26.852  -72.147  -23.312 0.1000000015
131498  -13.655  -70.270  -22.398 0.6000000238
140200  -28.212  -72.028  -22.310 0.1000000015
134178  -29.735  -71.740  -22.017 0.1000000015
16745  -31.066  -71.120  -20.972 0.1000000015
16378  -6.942  -72.340  9.592 0.4000000060
16395  -5.082  -72.377  8.133 0.6999999881
16397  -6.957  -71.890  8.971 0.5000000000
15356  -6.500  -72.082  5.613 1.0000000000
14203  -7.124  -72.809  4.942 1.0000000000
14211  -7.562  -73.612  4.480 1.0000000000
14261  -7.832  -74.154  1.916 1.0000000000
14285  -7.934  -73.785  0.183 1.0000000000
14284  -6.931  -73.826  0.337 1.0000000000
14305  -6.218  -73.973  -0.210 0.8999999762
14304  -5.152  -74.284  0.227 0.8000000119
14325  -6.352  -74.260  -1.002 0.8000000119
135460  -5.547  -74.736  -1.313 0.8000000119
27614  -21.527  -61.618  -24.271 0.1000000015
23842  -18.201  -65.044  -24.315 0.3000000119
23749  -8.414  -64.688  -18.986 0.8999999762
21408  -16.386  -66.916  -26.160 0.4000000060
23858  -17.583  -66.001  -24.950 0.3000000119
23841  -17.120  -65.256  -24.256 0.3000000119
23843  -18.938  -64.792  -24.736 0.2000000030
22531  -8.382  -65.641  -19.452 0.8999999762
143671  -15.780  -67.281  -26.628 0.4000000060
22633  -15.278  -66.180  -26.290 0.4000000060
22632  -14.011  -66.158  -26.479 0.4000000060
22616  -14.497  -65.479  -26.179 0.4000000060
156867  -26.963  -70.052  -22.547 0.1000000015
20148  -7.908  -68.637  -20.019 0.8000000119
18994  -8.867  -68.993  -19.812 0.8000000119
153630  -13.195  -67.416  -26.200 0.4000000060
22631  -13.167  -66.607  -26.189 0.4000000060
17848  -27.988  -70.356  -20.392 0.1000000015
133330  -28.471  -70.369  -19.555 0.1000000015
19013  -9.582  -69.459  -20.034 0.8000000119
20225  -13.836  -68.200  -25.650 0.5000000000
17894  -27.137  -70.797  -22.338 0.1000000015
17873  -27.836  -70.607  -21.253 0.1000000015
17825  -29.218  -70.406  -19.074 0.1000000015
17841  -10.685  -70.216  -20.549 0.8000000119
19040  -15.365  -69.592  -23.857 0.5000000000
20207  -14.972  -68.154  -25.024 0.4000000060
16791  -27.586  -71.499  -22.255 0.1000000015
16764  -28.243  -71.367  -21.650 0.1000000015
16765  -28.517  -70.874  -20.888 0.1000000015
17865  -12.337  -70.507  -21.824 0.6999999881
148771  -28.917  -71.349  -21.263 0.1000000015
16743  -29.302  -71.002  -20.595 0.1000000015
16744  -30.191  -71.139  -20.780 0.1000000015
154448  -14.903  -70.147  -21.489 0.5000000000
17852  -31.678  -70.924  -20.259 0.1000000015
17853  -32.556  -70.732  -20.497 0.1000000015
17828  -32.306  -70.681  -19.512 0.1000000015
16419  -5.520  -71.335  8.108 0.8000000119
17449  -6.638  -71.098  8.420 0.5000000000
16420  -8.437  -71.378  8.010 0.5000000000
16436  -5.464  -71.616  7.330 1.0000000000
14220  -7.481  -73.834  3.706 1.0000000000
15365  -6.583  -72.053  4.584 1.0000000000
14236  -7.299  -74.107  2.827 1.0000000000
16465  -6.353  -71.100  5.182 1.0000000000
14219  -6.662  -73.573  3.375 1.0000000000
135751  -7.429  -73.850  1.079 1.0000000000
15373  -6.385  -72.695  3.810 1.0000000000
14218  -5.590  -73.529  3.173 1.0000000000
14235  -6.156  -73.904  2.671 1.0000000000
14234  -5.074  -74.048  2.595 0.8999999762
141599  -6.427  -73.902  1.147 1.0000000000
14283  -5.415  -74.103  1.119 0.8000000119
26267  -7.687  -63.306  -18.389 0.8000000119
136851  -7.256  -64.249  -16.857 1.0000000000
28822  -20.805  -61.287  -24.067 0.2000000030
27603  -21.639  -61.774  -23.770 0.1000000015
23735  -8.017  -64.800  -18.182 0.8000000119
25095  -17.624  -64.238  -23.705 0.2000000030
152251  -18.656  -63.496  -24.216 0.2000000030
25096  -19.768  -62.498  -24.661 0.2000000030
21279  -7.371  -67.143  -18.087 0.8999999762
25094  -16.526  -64.554  -23.757 0.4000000060
21296  -7.818  -67.173  -18.794 0.8999999762
142168  -14.258  -64.759  -25.180 0.4000000060
23840  -14.870  -64.914  -25.244 0.4000000060
137826  -8.029  -67.570  -19.226 0.8999999762
20133  -8.677  -68.611  -19.404 0.8999999762
18995  -9.495  -69.021  -19.405 0.8000000119
23855  -13.271  -65.189  -25.612 0.4000000060
21377  -12.929  -66.891  -25.459 0.4000000060
21379  -14.910  -67.748  -24.726 0.4000000060
17819  -11.325  -69.653  -20.075 0.8000000119
21364  -14.126  -67.415  -24.282 0.4000000060
153161  -29.812  -70.606  -19.363 0.1000000015
17807  -30.033  -70.418  -18.609 0.1000000015
17843  -12.494  -69.838  -20.954 0.8000000119
20188  -16.186  -68.632  -23.430 0.5000000000
17808  -31.007  -70.613  -18.531 0.1000000015
17844  -13.575  -69.907  -20.628 0.6999999881
19041  -15.760  -69.668  -23.027 0.5000000000
17851  -30.807  -70.917  -20.121 0.1000000015
143116  -5.660  -71.015  7.581 0.8999999762
17450  -9.802  -71.222  7.724 0.5000000000
17470  -7.834  -70.840  8.038 0.6000000238
18578  -9.091  -70.012  7.280 0.5000000000
16437  -6.166  -71.146  6.321 1.0000000000
17513  -5.742  -70.470  5.046 1.0000000000
15364  -6.070  -71.842  4.111 0.8999999762
25067  -20.428  -63.278  -22.407 0.1000000015
24977  -6.765  -63.940  -16.160 1.0000000000
138278  -6.549  -64.988  -16.145 1.0000000000
27601  -18.422  -61.163  -23.222 0.1000000015
27586  -20.600  -61.767  -22.996 0.1000000015
25081  -17.675  -62.471  -23.765 0.1000000015
156664  -18.936  -62.250  -24.174 0.2000000030
22493  -7.619  -65.917  -18.085 0.8999999762
25079  -15.851  -63.822  -23.399 0.3000000119
26356  -17.192  -61.785  -23.338 0.1000000015
25092  -13.931  -64.539  -24.535 0.3000000119
138127  -7.819  -67.958  -18.445 0.8999999762
18976  -8.826  -68.916  -18.411 0.8000000119
23826  -13.080  -64.748  -24.392 0.4000000060
18977  -9.488  -69.133  -18.467 0.8000000119
18997  -11.019  -69.653  -19.567 0.8000000119
22586  -12.773  -65.801  -24.296 0.4000000060
21349  -13.182  -66.940  -23.751 0.3000000119
140136  -12.604  -69.795  -19.359 0.8000000119
17821  -13.026  -69.735  -19.972 0.6000000238
21351  -15.507  -67.556  -22.811 0.3000000119
21352  -16.262  -67.882  -22.202 0.4000000060
17809  -31.906  -70.539  -18.647 0.1000000015
17467  -5.923  -70.271  7.222 0.8999999762
17468  -6.107  -70.434  7.750 0.8999999762
146618  -7.970  -69.869  7.541 0.8999999762
17491  -5.945  -70.278  5.809 0.8999999762
18579  -9.937  -70.055  6.961 0.6999999881
18580  -10.810  -69.934  7.051 0.6999999881
136532  -5.464  -69.656  6.019 0.8999999762
26228  -6.351  -63.434  -16.218 0.8000000119
27585  -19.180  -61.176  -22.942 0.1000000015
25066  -19.679  -63.424  -22.273 0.1000000015
23722  -7.412  -65.137  -17.490 0.8999999762
22471  -6.467  -66.844  -16.677 0.8999999762
27600  -17.530  -61.040  -23.087 0.1000000015
26343  -18.965  -61.857  -22.389 0.1000000015
22492  -6.972  -66.406  -17.426 0.8999999762
21254  -6.445  -67.888  -16.426 0.8999999762
20096  -6.942  -69.056  -16.807 0.8999999762
26355  -16.385  -62.422  -22.957 0.1000000015
27583  -17.275  -61.208  -22.434 0.1000000015
20097  -7.202  -68.446  -17.574 0.8999999762
18975  -8.078  -68.992  -17.908 0.8999999762
18955  -8.900  -69.367  -17.714 0.8000000119
26354  -15.488  -63.423  -22.846 0.3000000119
18957  -10.439  -69.694  -17.887 0.8000000119
25076  -13.017  -64.877  -23.243 0.2000000030
151902  -11.742  -70.013  -18.339 0.8000000119
133453  -12.782  -66.129  -22.337 0.2000000030
17802  -13.337  -69.956  -19.114 0.6999999881
21336  -14.563  -67.115  -22.296 0.3000000119
17803  -14.145  -70.160  -18.965 0.6000000238
19026  -16.424  -69.290  -21.993 0.5000000000
21337  -15.637  -67.418  -21.713 0.3000000119
148701  -15.616  -70.041  -21.432 0.5000000000
20149  -16.559  -68.693  -20.728 0.4000000060
18998  -16.496  -69.535  -20.246 0.5000000000
18576  -6.148  -69.702  7.203 0.8999999762
18600  -5.810  -69.652  6.665 0.8000000119
18602  -8.673  -69.366  7.115 0.8000000119
18603  -9.393  -69.385  6.785 0.8000000119
19799  -10.527  -68.826  6.279 0.8000000119
148665  -11.642  -68.897  6.516 0.8000000119
27464  -5.205  -62.645  -13.281 0.8999999762
26172  -6.286  -63.014  -13.469 0.8999999762
27474  -5.205  -62.649  -14.068 0.8999999762
24944  -6.289  -63.302  -14.309 1.0000000000
23648  -6.103  -65.186  -13.455 1.0000000000
143476  -6.337  -63.879  -14.956 0.8999999762
23649  -6.329  -64.399  -14.275 1.0000000000
23666  -6.109  -65.504  -14.376 1.0000000000
25065  -18.875  -63.355  -21.947 0.1000000015
25052  -20.429  -64.269  -21.947 0.1000000015
156826  -6.120  -66.630  -15.389 1.0000000000
132926  -6.221  -67.227  -15.861 1.0000000000
27569  -17.034  -61.588  -21.539 0.1000000015
27570  -17.599  -61.415  -21.942 0.1000000015
20076  -6.810  -68.993  -15.604 0.8999999762
27582  -16.465  -61.720  -22.309 0.2000000030
138722  -6.827  -68.523  -14.828 1.0000000000
18940  -8.112  -69.710  -17.063 0.8999999762
18941  -9.208  -69.732  -16.981 0.8999999762
25064  -14.436  -63.946  -22.819 0.2000000030
25063  -13.349  -64.180  -22.748 0.2000000030
18958  -11.249  -70.018  -17.760 0.8000000119
17786  -12.927  -70.086  -17.483 0.8000000119
23808  -12.496  -65.369  -22.636 0.2000000030
23788  -12.368  -65.683  -21.842 0.2000000030
150245  -13.624  -70.169  -18.350 0.6000000238
21324  -13.470  -66.806  -21.174 0.2000000030
135902  -14.547  -67.040  -21.196 0.3000000119
17823  -15.397  -70.328  -19.819 0.6000000238
20134  -16.635  -68.798  -19.804 0.4000000060
21326  -15.685  -67.502  -20.559 0.3000000119
18601  -5.888  -69.001  6.728 0.8999999762
19780  -7.333  -69.162  7.315 0.8999999762
145488  -5.251  -69.017  6.279 0.8000000119
19797  -8.797  -68.769  6.719 0.8000000119
19798  -9.663  -68.659  6.319 0.8000000119
20939  -10.427  -68.119  5.972 0.8999999762
19801  -12.096  -68.522  6.352 0.6999999881
19802  -13.516  -68.330  6.501 0.8000000119
133730  -8.802  -67.987  6.331 0.8999999762
20940  -11.439  -67.987  5.880 0.8000000119
19815  -14.666  -68.253  5.684 0.5000000000
136626  -15.368  -68.245  5.155 0.5000000000
19826  -16.067  -68.153  4.674 0.5000000000
144756  -6.479  -63.587  -12.837 1.0000000000
153431  -6.332  -64.479  -12.947 1.0000000000
24906  -6.398  -63.861  -13.587 1.0000000000
22412  -5.925  -66.139  -12.790 1.0000000000
22417  -6.001  -66.331  -13.717 1.0000000000
25051  -19.308  -64.739  -21.738 0.1000000015
23791  -20.001  -65.375  -21.343 0.1000000015
136584  -6.149  -67.365  -15.014 1.0000000000
25049  -17.872  -63.511  -20.917 0.1000000015
23789  -18.647  -65.356  -21.283 0.1000000015
22548  -18.713  -66.074  -20.749 0.1000000015
23753  -18.133  -66.198  -19.822 0.1000000015
18915  -7.499  -68.991  -15.046 0.8999999762
18928  -9.454  -69.557  -15.442 0.8999999762
27567  -15.425  -62.250  -21.176 0.2000000030
149199  -10.821  -69.882  -17.160 0.8000000119
26340  -14.120  -63.476  -22.170 0.2000000030
17779  -12.413  -69.963  -16.794 0.8000000119
17787  -13.824  -70.257  -17.525 0.6999999881
138552  -13.468  -63.327  -21.143 0.2000000030
17788  -14.824  -70.243  -17.462 0.6000000238
17790  -16.081  -69.916  -18.198 0.6000000238
25048  -12.546  -64.283  -21.768 0.2000000030
23787  -12.332  -65.278  -20.973 0.2000000030
25020  -12.416  -64.658  -19.554 0.2000000030
25021  -12.896  -64.101  -19.582 0.2000000030
17804  -15.010  -70.312  -18.930 0.6000000238
135822  -16.620  -69.157  -18.980 0.4000000060
22547  -13.133  -66.599  -20.643 0.2000000030
22546  -12.635  -66.065  -20.317 0.2000000030
25010  -12.837  -64.425  -18.840 0.2000000030
24995  -12.580  -64.654  -17.894 0.2000000030
153100  -16.248  -70.060  -19.247 0.6000000238
21312  -15.540  -67.413  -19.543 0.3000000119
22533  -13.022  -66.500  -19.716 0.2000000030
23751  -12.195  -65.464  -19.083 0.2000000030
133555  -13.797  -64.263  -16.682 0.2000000030
22532  -12.441  -66.069  -19.349 0.2000000030
25008  -12.026  -65.595  -18.034 0.2000000030
24979  -12.279  -64.645  -16.837 0.2000000030
24993  -11.572  -65.555  -17.209 0.2000000030
18626  -4.559  -69.267  5.937 0.8000000119
19794  -5.390  -68.311  6.415 0.8999999762
19796  -7.286  -68.446  6.932 0.8999999762
20937  -7.804  -67.748  6.526 0.8999999762
22126  -7.302  -67.036  6.305 0.8999999762
22127  -8.376  -67.000  6.172 0.8999999762
20953  -9.935  -67.283  5.662 0.8999999762
20954  -10.788  -67.476  5.608 0.8999999762
20941  -12.353  -67.794  5.934 0.6999999881
20942  -13.282  -67.523  6.092 0.6000000238
20957  -13.913  -66.969  5.857 0.6000000238
20958  -14.678  -67.385  5.537 0.6000000238
22146  -15.077  -66.738  5.238 0.5000000000
20970  -16.486  -67.444  4.290 0.5000000000
149336  -17.224  -66.924  3.757 0.5000000000
22172  -18.687  -66.465  3.908 0.5000000000
27446  -4.490  -62.623  -12.864 0.8999999762
144974  -6.660  -64.323  -11.463 1.0000000000
23634  -6.342  -65.188  -11.954 1.0000000000
20047  -8.549  -68.327  -12.607 1.0000000000
21218  -6.430  -67.471  -12.587 1.0000000000
25033  -17.535  -64.524  -20.380 0.2000000030
143252  -7.499  -68.631  -14.235 1.0000000000
27559  -16.727  -61.946  -20.889 0.2000000030
26314  -17.248  -63.345  -20.435 0.2000000030
18917  -9.190  -69.263  -14.634 0.8999999762
18929  -10.410  -69.683  -15.467 0.8999999762
26292  -16.764  -63.734  -19.864 0.2000000030
25023  -17.152  -64.827  -19.603 0.2000000030
130527  -11.866  -69.800  -16.041 0.8000000119
27566  -14.431  -62.706  -20.928 0.2000000030
27557  -15.346  -62.536  -20.406 0.2000000030
26291  -15.983  -63.708  -19.233 0.2000000030
18944  -12.795  -69.768  -16.062 0.6999999881
26312  -13.746  -63.213  -20.450 0.2000000030
27551  -14.609  -62.961  -20.104 0.2000000030
17781  -14.301  -70.068  -16.669 0.6000000238
26311  -12.948  -63.601  -20.710 0.2000000030
26269  -14.386  -63.765  -18.847 0.2000000030
18959  -15.930  -69.708  -17.008 0.6000000238
26252  -13.718  -64.336  -17.970 0.2000000030
20098  -16.527  -68.711  -17.564 0.5000000000
147174  -16.335  -67.875  -18.104 0.4000000060
21298  -15.547  -67.309  -18.661 0.4000000060
21311  -14.698  -66.906  -19.282 0.2000000030
26232  -12.957  -64.222  -16.147 0.2000000030
147595  -14.352  -63.451  -15.335 0.2000000030
22517  -12.998  -66.595  -18.276 0.2000000030
22515  -12.034  -66.188  -17.744 0.2000000030
24978  -11.357  -64.940  -16.698 0.2000000030
27477  -14.402  -61.955  -14.762 0.2000000030
28730  -15.338  -60.870  -15.639 0.2000000030
21297  -14.686  -66.793  -18.418 0.3000000119
23723  -11.480  -66.203  -17.201 0.2000000030
27496  -12.890  -62.460  -15.045 0.2000000030
28728  -13.419  -61.558  -15.143 0.2000000030
29915  -14.466  -60.325  -16.395 0.2000000030
22494  -10.842  -66.759  -16.640 0.3000000119
26230  -11.026  -64.303  -15.951 0.2000000030
26209  -11.615  -63.522  -15.595 0.2000000030
147763  -12.053  -62.819  -15.264 0.2000000030
29913  -12.546  -60.965  -15.913 0.2000000030
29914  -13.446  -60.479  -16.420 0.2000000030
20951  -4.904  -67.602  6.197 0.8000000119
140783  -6.831  -67.717  6.579 0.8999999762
155360  -3.857  -68.894  5.884 0.8000000119
22125  -6.452  -67.133  6.312 0.8000000119
22138  -6.625  -66.447  6.034 0.8999999762
22128  -9.203  -66.678  5.807 0.8999999762
20955  -11.643  -67.185  5.517 0.6999999881
22143  -12.199  -66.550  5.323 0.6999999881
22144  -13.174  -66.645  5.530 0.6000000238
22145  -14.441  -66.498  5.491 0.6000000238
23381  -15.084  -65.939  5.188 0.5000000000
22171  -17.144  -65.978  3.741 0.5000000000
23411  -18.767  -65.284  3.562 0.5000000000
27412  -5.341  -62.603  -10.345 0.8999999762
26140  -6.270  -62.762  -10.549 1.0000000000
26123  -6.288  -63.096  -9.881 1.0000000000
26144  -4.031  -62.918  -11.556 0.8000000119
26145  -6.390  -62.876  -11.835 0.8999999762
24893  -6.723  -63.656  -10.445 1.0000000000
23628  -7.100  -64.698  -10.753 1.0000000000
23610  -7.616  -65.061  -10.058 1.0000000000
22386  -7.086  -65.711  -10.850 1.0000000000
22387  -7.715  -66.099  -10.403 1.0000000000
22413  -6.108  -66.736  -12.251 1.0000000000
21203  -7.552  -67.395  -11.490 1.0000000000
21219  -7.201  -67.706  -12.293 1.0000000000
21204  -8.501  -67.528  -11.316 1.0000000000
21205  -9.425  -67.589  -11.243 1.0000000000
21226  -6.972  -67.925  -13.066 1.0000000000
135175  -8.849  -68.621  -13.222 1.0000000000
18907  -10.264  -69.111  -13.411 1.0000000000
20050  -11.290  -68.704  -12.493 1.0000000000
131056  -9.797  -69.239  -13.959 0.8999999762
18896  -10.937  -69.168  -13.244 1.0000000000
20062  -12.667  -68.998  -13.154 1.0000000000
18931  -11.957  -69.683  -15.165 0.8999999762
144748  -11.824  -69.537  -14.434 0.8999999762
18909  -12.202  -69.355  -13.843 0.8999999762
136226  -12.864  -69.606  -15.326 0.8000000119
18920  -12.549  -69.484  -14.559 0.8999999762
18911  -14.070  -69.044  -14.006 0.8999999762
26271  -15.645  -64.313  -17.902 0.2000000030
143902  -14.285  -69.712  -15.987 0.6999999881
135142  -14.793  -64.127  -17.958 0.2000000030
26254  -15.189  -64.230  -17.064 0.2000000030
18946  -15.041  -69.689  -16.185 0.6999999881
18948  -16.324  -69.174  -16.858 0.5000000000
26253  -14.466  -64.239  -17.191 0.2000000030
26213  -16.042  -63.413  -15.487 0.2000000030
27500  -16.475  -62.699  -15.173 0.2000000030
131592  -16.440  -67.817  -17.217 0.4000000060
144718  -14.387  -66.812  -17.027 0.3000000119
22475  -13.747  -66.837  -16.508 0.3000000119
26233  -14.630  -63.997  -16.192 0.2000000030
27498  -14.559  -62.781  -14.851 0.2000000030
21281  -15.611  -67.147  -17.744 0.4000000060
136482  -12.728  -66.954  -16.953 0.3000000119
22473  -10.939  -67.063  -16.555 0.3000000119
28706  -15.230  -61.641  -15.019 0.2000000030
22497  -13.462  -66.780  -17.461 0.3000000119
133762  -10.037  -65.348  -15.868 0.3000000119
29917  -16.264  -60.596  -15.891 0.2000000030
29916  -15.345  -60.149  -16.640 0.2000000030
26229  -10.230  -64.403  -15.682 0.3000000119
27495  -11.077  -62.664  -15.535 0.3000000119
28727  -11.812  -61.765  -15.515 0.2000000030
29937  -15.366  -59.536  -17.479 0.2000000030
138004  -4.137  -67.474  5.673 0.8999999762
20952  -5.591  -66.828  6.044 0.8000000119
22140  -8.497  -66.070  5.784 0.8999999762
22141  -10.641  -66.652  5.425 0.8999999762
131927  -15.812  -65.828  4.809 0.5000000000
24672  -18.030  -64.719  3.460 0.6000000238
23412  -19.356  -64.902  3.796 0.4000000060
24673  -18.985  -64.453  3.376 0.5000000000
26120  -3.801  -63.484  -9.811 0.8999999762
26121  -4.754  -62.836  -9.966 1.0000000000
26137  -3.481  -63.697  -10.556 0.8000000119
26122  -5.696  -62.691  -9.923 1.0000000000
143884  -7.156  -64.308  -10.046 1.0000000000
21180  -8.909  -67.018  -10.642 1.0000000000
22390  -10.189  -66.576  -10.022 1.0000000000
20048  -9.375  -68.478  -12.594 1.0000000000
20028  -9.886  -68.153  -11.869 1.0000000000
21207  -11.217  -67.781  -11.047 1.0000000000
20029  -10.798  -68.289  -11.771 0.8999999762
20051  -12.192  -68.620  -12.455 0.8999999762
20063  -13.617  -68.771  -13.226 1.0000000000
18922  -14.472  -69.277  -14.774 0.6999999881
20069  -15.126  -68.758  -14.198 0.6999999881
18923  -15.486  -69.002  -14.982 0.6999999881
20077  -16.226  -68.595  -15.359 0.6000000238
21239  -16.536  -67.687  -15.514 0.6000000238
21256  -16.437  -67.632  -16.287 0.4000000060
22452  -15.685  -66.631  -15.680 0.5000000000
31034  -17.063  -59.249  -18.143 0.2000000030
22448  -10.036  -66.563  -15.651 0.3000000119
24967  -9.488  -65.197  -15.345 0.3000000119
155854  -9.466  -63.904  -15.163 0.3000000119
27494  -9.923  -62.460  -15.660 0.3000000119
22136  -4.281  -66.410  5.305 0.8999999762
22137  -4.924  -66.080  5.636 0.8999999762
139748  -6.820  -65.599  5.712 0.8000000119
132200  -9.309  -65.895  5.598 0.8999999762
22142  -11.434  -66.418  5.308 0.8000000119
23377  -11.733  -65.785  5.116 0.8000000119
23379  -13.481  -65.861  5.216 0.6999999881
23396  -13.849  -65.134  5.106 0.6000000238
137382  -7.734  -65.370  5.650 0.8999999762
134266  -10.082  -65.823  5.418 1.0000000000
24632  -10.345  -65.029  5.256 0.8999999762
24633  -11.222  -64.905  5.070 0.8999999762
23397  -14.667  -65.111  5.208 0.6000000238
23398  -15.458  -65.125  4.943 0.6000000238
24653  -14.239  -64.430  4.963 0.6999999881
23399  -16.319  -65.237  4.425 0.6000000238
23400  -17.132  -64.964  3.775 0.6000000238
24654  -15.043  -64.375  5.008 0.6999999881
24656  -16.440  -64.194  4.247 0.6999999881
24671  -17.166  -64.029  3.688 0.6000000238
25916  -18.104  -63.849  3.351 0.6000000238
155804  -16.130  -62.762  4.433 0.6000000238
25915  -17.245  -63.202  3.591 0.6000000238
25917  -19.116  -63.484  3.272 0.5000000000
27181  -17.467  -62.431  3.346 0.6000000238
25918  -19.899  -63.202  3.794 0.5000000000
27183  -19.576  -62.619  3.339 0.6000000238
26094  -4.520  -63.579  -8.763 0.8999999762
132240  -5.087  -62.997  -9.190 1.0000000000
24854  -3.479  -64.114  -8.526 0.8000000119
24833  -3.618  -64.022  -7.643 0.8000000119
24875  -5.874  -63.295  -9.146 1.0000000000
23609  -7.171  -64.550  -9.366 1.0000000000
26074  -4.405  -63.806  -7.986 0.8999999762
24855  -5.695  -63.742  -8.406 1.0000000000
24836  -6.066  -64.378  -7.999 1.0000000000
23587  -6.918  -65.069  -8.542 1.0000000000
22366  -8.138  -65.723  -9.724 1.0000000000
22388  -8.519  -66.302  -10.221 1.0000000000
22367  -8.840  -66.103  -9.568 1.0000000000
21182  -10.683  -67.238  -10.444 1.0000000000
21183  -11.652  -67.249  -10.264 0.8999999762
21210  -14.570  -67.413  -11.351 0.8999999762
20032  -13.650  -67.857  -11.736 0.8999999762
21208  -12.125  -67.776  -11.045 0.8999999762
21221  -14.587  -67.752  -12.072 0.8000000119
20052  -13.134  -68.443  -12.479 1.0000000000
20054  -15.256  -67.868  -12.765 0.8000000119
21227  -16.115  -67.502  -13.270 0.6000000238
155407  -16.288  -67.723  -13.919 0.6999999881
21228  -16.431  -67.080  -13.736 0.6000000238
144286  -16.453  -67.523  -14.418 0.6000000238
22431  -15.596  -66.315  -14.925 0.5000000000
23671  -15.598  -65.797  -14.141 0.5000000000
22451  -14.675  -66.471  -15.594 0.4000000060
141558  -12.743  -66.654  -15.171 0.4000000060
22428  -11.059  -66.701  -14.840 0.3000000119
29938  -17.752  -60.223  -17.334 0.1000000015
22426  -9.656  -66.187  -15.042 0.3000000119
141990  -9.273  -64.412  -15.000 0.3000000119
23372  -6.021  -64.962  5.327 1.0000000000
23374  -8.650  -65.193  5.580 1.0000000000
20968  -3.750  -66.664  4.799 0.8999999762
22154  -3.663  -65.737  4.541 0.8999999762
24630  -8.938  -64.341  5.443 1.0000000000
20967  -3.303  -66.682  3.939 0.8999999762
24651  -12.608  -64.472  4.585 0.6999999881
24652  -13.423  -64.497  4.629 0.6999999881
157065  -14.957  -63.143  4.743 0.8000000119
27157  -15.562  -62.764  4.603 0.6999999881
27179  -16.075  -62.056  4.298 0.8000000119
141517  -16.714  -61.967  3.818 0.6999999881
28422  -18.188  -61.980  2.897 0.6000000238
22306  -3.527  -66.153  -6.423 0.6000000238
23586  -3.144  -64.430  -8.104 0.8000000119
24817  -3.602  -63.990  -6.533 0.8000000119
24834  -4.194  -63.816  -7.065 0.8999999762
24835  -5.101  -63.769  -7.633 1.0000000000
23568  -5.667  -64.518  -7.169 1.0000000000
23569  -6.454  -65.251  -7.605 1.0000000000
155506  -7.733  -65.612  -8.593 1.0000000000
22368  -9.685  -66.279  -9.431 1.0000000000
21185  -13.736  -67.336  -10.732 1.0000000000
21222  -15.935  -67.237  -12.610 0.6000000238
23657  -16.307  -65.696  -12.927 0.6000000238
23655  -14.969  -65.309  -13.404 0.6000000238
23670  -14.511  -65.734  -14.228 0.5000000000
154089  -12.068  -65.897  -13.773 0.5000000000
23652  -10.783  -65.603  -13.313 0.4000000060
22430  -13.981  -66.304  -14.943 0.5000000000
22419  -10.283  -66.189  -14.122 0.3000000119
23650  -9.377  -65.244  -13.786 0.3000000119
26206  -9.275  -63.203  -15.020 0.3000000119
23371  -5.102  -65.157  5.197 0.8999999762
23373  -6.881  -64.698  5.422 0.8999999762
152679  -10.569  -64.319  5.234 0.8999999762
23392  -3.589  -64.822  4.213 0.8999999762
24650  -11.166  -63.966  5.013 0.8999999762
25900  -12.023  -63.586  4.687 0.8000000119
25901  -12.995  -63.746  4.391 0.8000000119
25902  -13.838  -63.774  4.605 0.8000000119
27155  -14.009  -62.539  4.210 0.8999999762
27156  -14.783  -62.570  4.520 0.8000000119
28399  -15.268  -61.994  4.371 0.8000000119
148973  -14.778  -61.489  3.968 0.8000000119
148880  -15.486  -61.257  3.809 0.8000000119
140634  -16.441  -61.400  3.689 0.8000000119
28439  -17.665  -60.866  2.790 0.6999999881
21104  -3.719  -67.526  -5.303 0.5000000000
22285  -3.412  -66.034  -5.564 0.5000000000
24799  -3.513  -64.194  -5.662 0.8000000119
24801  -4.553  -63.962  -5.806 1.0000000000
23570  -7.310  -65.818  -7.867 1.0000000000
22350  -9.995  -66.432  -8.563 1.0000000000
22392  -12.426  -66.921  -9.704 1.0000000000
22391  -10.933  -66.951  -9.735 1.0000000000
22393  -13.328  -67.001  -9.852 1.0000000000
157005  -15.775  -66.769  -11.622 0.8999999762
22394  -14.399  -66.761  -9.877 1.0000000000
23646  -16.366  -65.448  -12.179 0.6000000238
134085  -7.826  -64.327  5.417 1.0000000000
22168  -2.865  -65.741  3.135 0.6999999881
24647  -3.278  -64.573  3.443 0.6999999881
25880  -9.351  -63.623  5.211 1.0000000000
25899  -11.103  -63.153  4.784 1.0000000000
27153  -11.784  -62.629  4.486 1.0000000000
146054  -12.646  -62.899  4.327 0.8999999762
28420  -13.072  -61.522  3.665 0.8999999762
28397  -14.021  -61.441  3.691 0.8000000119
29609  -16.035  -60.635  3.246 0.8000000119
29632  -16.542  -60.056  2.716 0.8000000119
29633  -17.404  -60.206  2.563 0.8000000119
22265  -3.091  -66.412  -4.519 0.6000000238
21085  -3.570  -67.501  -4.461 0.4000000060
144877  -3.062  -65.393  -4.885 0.8000000119
24800  -3.924  -63.982  -5.221 0.8000000119
22333  -7.695  -66.498  -7.191 1.0000000000
138056  -8.252  -66.369  -8.135 1.0000000000
22334  -8.660  -66.866  -7.162 1.0000000000
140652  -9.329  -66.772  -7.895 1.0000000000
22351  -10.797  -66.685  -8.313 1.0000000000
145794  -11.492  -66.708  -8.636 1.0000000000
24629  -6.079  -64.177  5.056 0.8999999762
144140  -6.714  -63.760  5.091 0.8999999762
25878  -7.454  -63.458  5.044 0.8999999762
25898  -8.856  -62.893  4.764 0.8999999762
143538  -9.613  -62.529  4.496 1.0000000000
141894  -10.973  -62.398  4.429 1.0000000000
28395  -11.543  -61.876  4.162 1.0000000000
28396  -12.386  -62.054  4.144 1.0000000000
29607  -13.526  -60.677  3.352 0.8000000119
29608  -14.506  -60.832  3.516 0.8000000119
29630  -14.050  -59.883  3.020 0.8999999762
29631  -15.703  -59.813  2.772 0.8000000119
30725  -16.220  -59.303  2.334 0.8999999762
31856  -16.698  -58.670  1.902 0.8999999762
147831  -19.071  -58.484  1.452 0.8999999762
23514  -2.894  -65.363  -4.172 0.6999999881
24782  -3.244  -64.820  -3.874 0.8000000119
23515  -3.892  -64.258  -4.376 0.8000000119
23533  -5.211  -64.650  -5.547 1.0000000000
23489  -2.768  -65.313  -3.298 0.8000000119
22309  -7.204  -66.464  -6.194 1.0000000000
22310  -8.154  -66.748  -6.492 1.0000000000
134408  -9.013  -66.778  -6.185 1.0000000000
139819  -10.433  -66.784  -7.599 1.0000000000
22352  -12.422  -66.655  -7.711 1.0000000000
146207  -13.039  -66.811  -9.181 1.0000000000
22369  -13.755  -66.583  -9.124 1.0000000000
22395  -15.781  -66.231  -10.527 0.8999999762
23393  -4.322  -64.478  4.512 0.8999999762
24649  -5.611  -63.386  4.447 0.8999999762
25896  -6.629  -62.892  4.474 0.8999999762
25894  -5.095  -63.077  3.826 0.8999999762
133246  -4.476  -63.648  3.995 0.8000000119
27150  -8.134  -62.258  4.205 1.0000000000
27178  -9.451  -61.902  3.939 1.0000000000
28394  -10.830  -61.801  4.064 1.0000000000
28418  -11.158  -61.341  3.533 1.0000000000
28419  -12.052  -61.313  3.686 1.0000000000
29629  -12.998  -59.759  3.008 1.0000000000
30723  -14.030  -58.765  1.768 0.8999999762
31854  -14.981  -58.665  1.791 0.8999999762
31855  -15.853  -58.671  1.838 0.8999999762
31877  -16.286  -58.107  1.311 0.8999999762
33059  -17.490  -58.026  0.776 0.8999999762
33079  -17.868  -58.057  0.517 0.8999999762
33060  -18.465  -58.239  0.957 0.8999999762
140197  -2.707  -66.003  -2.868 0.6999999881
23490  -3.758  -64.548  -3.441 0.8000000119
22266  -4.959  -64.761  -3.911 0.8000000119
22286  -5.636  -65.262  -4.893 1.0000000000
22288  -7.228  -66.563  -5.086 1.0000000000
22311  -9.957  -66.615  -5.753 1.0000000000
149757  -9.824  -66.911  -6.775 1.0000000000
22335  -10.996  -66.717  -6.597 1.0000000000
22354  -13.912  -66.246  -8.387 0.8999999762
145025  -11.433  -66.759  -7.510 1.0000000000
22355  -15.208  -65.921  -8.809 0.8999999762
24878  -15.685  -64.977  -9.454 0.6999999881
25897  -7.747  -62.814  4.680 0.8999999762
29604  -10.606  -60.756  2.693 1.0000000000
29605  -11.585  -60.605  3.098 1.0000000000
29628  -12.057  -59.898  2.632 1.0000000000
30722  -12.527  -59.322  1.952 1.0000000000
30743  -13.035  -58.749  1.323 1.0000000000
31875  -14.582  -58.139  1.176 1.0000000000
31876  -15.436  -58.079  1.273 0.8999999762
33077  -16.161  -57.520  0.551 0.8999999762
147787  -17.120  -57.741  0.478 0.8999999762
139546  -16.876  -57.405  -0.209 0.8000000119
33105  -20.603  -58.197  -0.539 0.8999999762
147050  -22.727  -57.816  -0.878 1.0000000000
33130  -23.465  -57.782  -0.536 0.8000000119
135395  -27.642  -58.168  -0.291 0.4000000060
31941  -25.690  -58.146  -0.909 0.4000000060
31942  -26.497  -58.444  -1.198 0.6999999881
31943  -27.168  -58.411  -1.671 0.6999999881
31967  -27.018  -58.194  -2.617 0.6999999881
23472  -2.619  -65.330  -2.271 0.8000000119
22241  -5.765  -65.753  -3.206 0.8999999762
22242  -6.561  -66.250  -3.258 1.0000000000
22269  -8.103  -66.423  -3.989 1.0000000000
140513  -8.846  -66.471  -4.647 1.0000000000
22312  -10.810  -66.417  -5.835 1.0000000000
24804  -10.938  -65.218  -5.599 0.8000000119
22314  -12.256  -65.993  -6.509 0.8999999762
23571  -12.945  -65.731  -6.953 0.8000000119
23573  -14.333  -65.421  -8.085 0.8000000119
24837  -12.572  -64.683  -6.806 0.8000000119
24839  -14.016  -64.688  -7.829 0.6999999881
26077  -12.299  -64.002  -7.536 0.6000000238
26099  -14.563  -64.112  -8.496 0.6999999881
24894  -15.354  -64.407  -9.712 0.6000000238
134843  -15.635  -64.530  -10.442 0.6000000238
27415  -12.290  -62.008  -9.200 0.5000000000
27177  -8.545  -61.831  3.645 1.0000000000
28416  -9.082  -61.427  3.030 1.0000000000
28417  -10.156  -61.490  3.414 1.0000000000
29627  -11.145  -60.155  2.086 1.0000000000
31897  -14.406  -58.171  0.628 0.8000000119
31898  -15.325  -57.747  0.797 0.8999999762
33100  -15.623  -57.702  0.137 0.8999999762
33101  -16.348  -57.429  -0.061 0.8000000119
33124  -17.320  -57.575  -0.930 0.8000000119
147777  -18.817  -57.922  -1.589 0.6999999881
145779  -19.702  -58.188  -2.387 0.8999999762
142788  -18.933  -58.158  -0.841 0.8999999762
33126  -19.831  -58.001  -1.431 0.8000000119
31937  -21.023  -57.817  -1.826 1.0000000000
31964  -21.270  -58.329  -2.091 0.8999999762
22214  -3.324  -66.489  -1.024 0.6999999881
145879  -21.640  -57.790  -1.600 1.0000000000
31965  -21.935  -59.207  -1.952 1.0000000000
30793  -23.878  -59.205  -1.642 1.0000000000
152406  -24.684  -58.933  -1.445 1.0000000000
151085  -27.621  -58.233  -1.088 0.6000000238
22205  -2.773  -65.519  -0.700 0.8000000119
24738  -2.757  -64.494  -1.772 0.8999999762
145007  -24.027  -60.095  -2.280 1.0000000000
140836  -25.003  -59.594  -2.640 0.6999999881
30815  -25.916  -58.880  -3.086 0.6999999881
33132  -27.806  -57.904  -1.954 0.6000000238
23473  -3.673  -64.393  -2.565 0.8999999762
22227  -6.028  -65.760  -2.746 0.8999999762
30833  -25.116  -58.925  -3.537 0.8000000119
33163  -25.453  -56.851  -3.709 0.6999999881
22229  -7.664  -66.064  -3.099 1.0000000000
23517  -9.990  -66.068  -4.739 1.0000000000
23534  -10.502  -65.857  -5.161 0.8999999762
24821  -11.739  -64.863  -6.237 0.8000000119
26067  -11.785  -64.325  -6.969 0.6999999881
137578  -11.331  -63.771  -7.623 0.6000000238
27394  -11.595  -62.622  -8.739 0.6000000238
27393  -10.577  -62.717  -8.936 0.6000000238
27414  -11.188  -62.170  -9.490 0.5000000000
28659  -11.842  -61.461  -9.892 0.5000000000
28658  -10.783  -61.589  -10.108 0.5000000000
140000  -11.784  -60.514  -10.710 0.5000000000
27148  -6.335  -62.289  3.820 0.8000000119
27149  -7.100  -62.133  4.096 0.8999999762
31874  -13.690  -58.431  0.895 0.8000000119
31914  -14.185  -58.482  -0.538 0.8000000119
33123  -16.557  -57.713  -1.017 0.8000000119
31934  -17.906  -57.834  -1.846 0.6999999881
147773  -18.634  -57.998  -2.191 0.6999999881
31932  -15.846  -57.929  -2.421 0.6000000238
31961  -18.025  -58.472  -2.769 0.6000000238
31962  -18.906  -58.500  -2.826 0.6000000238
30808  -19.631  -58.951  -3.201 0.6000000238
30809  -20.584  -59.267  -2.889 0.6000000238
30810  -21.401  -59.861  -2.496 0.8999999762
23447  -2.637  -64.725  -0.323 0.8999999762
29718  -20.961  -60.035  -3.463 0.5000000000
29719  -21.779  -60.437  -3.146 0.6000000238
30832  -24.535  -59.519  -3.733 0.6999999881
24725  -2.976  -63.761  -1.298 0.8999999762
23457  -4.127  -64.108  -1.953 0.8999999762
23474  -5.178  -64.798  -2.461 0.8999999762
29740  -22.153  -60.393  -4.233 0.6000000238
29762  -23.375  -60.034  -4.997 0.6999999881
31987  -24.476  -58.376  -4.535 0.6999999881
33162  -24.978  -56.886  -4.089 0.6000000238
24726  -4.531  -63.757  -1.674 0.8999999762
23458  -5.402  -64.400  -2.021 0.8999999762
24740  -6.718  -65.013  -2.601 1.0000000000
22244  -8.173  -66.131  -3.543 1.0000000000
23516  -9.390  -65.885  -4.350 0.8999999762
30858  -24.405  -59.316  -5.435 0.6999999881
32021  -24.933  -57.977  -5.039 0.6999999881
24760  -8.457  -65.138  -3.768 1.0000000000
26056  -9.457  -64.200  -5.823 0.8999999762
32023  -26.662  -58.112  -5.528 0.6000000238
154242  -11.039  -64.676  -6.059 0.8000000119
154153  -10.738  -64.247  -6.963 0.6999999881
31991  -29.268  -58.700  -3.046 0.4000000060
27375  -10.129  -63.022  -8.153 0.6999999881
27374  -9.328  -62.895  -7.912 0.6999999881
27392  -9.448  -62.664  -8.980 0.6999999881
27413  -10.151  -62.114  -9.585 0.5000000000
28639  -9.078  -61.991  -9.858 0.6000000238
132785  -9.787  -61.466  -10.158 0.5000000000
155444  -8.866  -61.265  -10.319 0.6999999881
139811  -9.873  -59.992  -10.579 0.5000000000
30758  -11.907  -59.068  -1.068 0.6999999881
31916  -15.730  -57.948  -1.020 0.8000000119
24705  -2.938  -63.918  0.442 0.8000000119
25977  -2.729  -63.484  -0.424 0.8999999762
24727  -5.534  -63.932  -1.892 0.8999999762
25989  -6.707  -64.256  -2.722 1.0000000000
26012  -6.604  -63.612  -3.049 0.8999999762
26013  -7.218  -64.128  -3.478 1.0000000000
24783  -7.919  -64.436  -4.053 1.0000000000
24759  -7.827  -64.929  -3.299 1.0000000000
24802  -9.236  -64.515  -5.154 0.8999999762
24820  -10.399  -64.446  -5.966 0.8000000119
33150  -30.135  -57.382  -2.718 0.4000000060
27364  -8.324  -63.009  -6.828 0.8000000119
26075  -9.887  -63.605  -7.506 0.6999999881
31968  -29.920  -58.922  -2.264 0.4000000060
31944  -31.040  -58.104  -1.785 0.4000000060
155844  -7.955  -62.444  -7.186 0.6999999881
27372  -7.352  -61.790  -7.301 0.6999999881
27391  -8.584  -62.484  -8.378 0.6999999881
153781  -7.900  -62.232  -7.869 0.6999999881
28638  -8.342  -62.157  -9.374 0.6999999881
28617  -7.145  -61.496  -8.190 0.6999999881
145051  -6.741  -61.501  -9.251 0.6999999881
28671  -8.155  -60.545  -10.800 0.6999999881
29855  -7.414  -59.675  -11.251 0.6999999881
152594  -8.676  -59.769  -10.902 0.6999999881
30947  -9.157  -58.843  -11.065 0.5000000000
32115  -10.024  -58.007  -11.105 0.5000000000
33278  -10.645  -56.865  -10.683 0.5000000000
25962  -3.312  -63.139  0.566 0.8000000119
25968  -2.902  -63.096  0.160 0.8000000119
25979  -4.901  -63.441  -1.792 0.8999999762
25988  -5.992  -63.624  -2.302 0.8999999762
25987  -5.043  -62.929  -2.402 0.8999999762
27296  -6.090  -62.970  -3.055 1.0000000000
26037  -6.732  -63.252  -3.816 0.8999999762
26054  -7.607  -63.513  -5.311 0.8999999762
27350  -6.699  -62.191  -5.852 0.8000000119
27326  -6.755  -62.784  -4.926 0.8999999762
27351  -7.956  -63.334  -6.114 0.8000000119
34247  -30.795  -56.300  -2.263 0.6000000238
154806  -7.284  -62.903  -5.781 0.8999999762
27363  -7.499  -62.431  -6.511 0.6999999881
35357  -32.333  -55.754  -1.834 0.6999999881
33134  -31.935  -57.160  -1.872 0.5000000000
28610  -6.635  -61.500  -6.625 0.8000000119
34281  -32.555  -56.641  -2.812 0.5000000000
130675  -6.560  -60.965  -7.617 0.8000000119
34317  -32.486  -56.312  -5.413 0.3000000119
136255  -32.642  -56.551  -3.731 0.4000000060
28609  -5.941  -60.583  -6.897 0.8000000119
28616  -6.013  -61.051  -8.856 0.8000000119
29853  -5.875  -59.614  -11.043 0.6000000238
155597  -32.828  -55.658  -5.189 0.3000000119
29807  -5.378  -60.096  -8.254 0.6000000238
28636  -5.865  -61.043  -10.012 0.6999999881
30934  -5.597  -60.076  -10.328 0.6999999881
30945  -7.076  -58.999  -11.046 0.6000000238
33262  -7.283  -57.031  -10.979 0.6000000238
34386  -7.781  -55.674  -10.518 0.6000000238
155907  -8.383  -58.364  -11.049 0.6000000238
142909  -9.284  -55.855  -10.598 0.5000000000
27230  -3.185  -62.173  0.448 0.8999999762
27253  -2.845  -61.932  -0.978 0.8999999762
27268  -3.567  -62.069  -2.106 0.8999999762
27294  -4.327  -62.155  -2.865 0.8999999762
27324  -5.306  -61.889  -4.381 0.8000000119
28543  -4.574  -61.425  -3.681 0.8000000119
150778  -5.912  -62.196  -4.822 0.8000000119
36446  -31.930  -54.302  -1.269 0.8999999762
36445  -31.394  -54.981  -1.833 0.8000000119
28566  -5.206  -61.053  -4.636 0.8000000119
28590  -5.936  -61.289  -5.903 0.8000000119
37536  -32.519  -53.978  -1.153 0.8000000119
35356  -31.782  -55.902  -1.667 0.6000000238
28608  -5.732  -60.452  -6.263 0.8000000119
37567  -33.465  -53.520  -3.129 0.5000000000
35399  -32.992  -55.042  -2.795 0.6000000238
144186  -5.626  -59.993  -6.566 0.8000000119
36535  -31.007  -54.872  -6.652 0.2000000030
37600  -32.924  -53.592  -5.416 0.3000000119
35417  -33.025  -55.322  -4.580 0.4000000060
135920  -32.812  -56.104  -4.500 0.4000000060
29793  -5.562  -60.193  -7.285 0.6999999881
30887  -5.554  -59.524  -8.153 0.6000000238
32054  -5.912  -58.943  -7.730 0.6000000238
151994  -6.687  -58.808  -10.685 0.6000000238
151541  -30.443  -55.389  -6.862 0.2000000030
35435  -32.368  -55.337  -5.878 0.2000000030
30915  -5.516  -59.840  -9.142 0.6000000238
30916  -5.814  -59.469  -9.779 0.6000000238
30917  -6.432  -59.052  -10.055 0.6000000238
32088  -8.511  -58.496  -9.157 0.6000000238
29680  -3.194  -60.624  0.275 0.8999999762
27243  -2.804  -62.058  0.011 0.8999999762
30772  -3.445  -59.730  0.181 0.8999999762
28519  -2.791  -61.092  -0.889 1.0000000000
29710  -3.283  -60.451  -2.217 0.8000000119
29730  -4.708  -60.713  -3.857 0.8000000119
154112  -30.968  -52.164  -0.828 1.0000000000
38662  -32.259  -52.182  0.027 0.8000000119
29772  -5.532  -60.320  -5.457 0.8000000119
28589  -5.544  -60.939  -5.504 0.8000000119
38681  -33.218  -52.806  -0.770 0.8999999762
30840  -5.364  -59.496  -4.828 0.8000000119
36501  -33.332  -53.945  -4.102 0.5000000000
38709  -33.559  -52.718  -2.477 0.6000000238
146935  -5.642  -59.618  -5.822 0.8000000119
33188  -5.933  -58.142  -5.988 0.6999999881
157947  -31.173  -53.413  -6.159 0.3000000119
37599  -33.003  -52.962  -5.191 0.5000000000
37579  -33.335  -52.746  -5.389 0.5000000000
39921  -32.994  -51.854  -3.823 0.5000000000
154489  -5.737  -59.216  -6.581 0.6999999881
32029  -5.998  -58.561  -6.918 0.6999999881
32030  -6.310  -58.290  -7.139 0.6999999881
32055  -6.353  -58.821  -7.974 0.6999999881
37598  -31.675  -52.870  -5.762 0.4000000060
41146  -33.270  -50.903  -2.469 0.6999999881
32056  -7.729  -59.146  -7.938 0.6999999881
30918  -8.776  -59.048  -8.523 0.6000000238
143284  -27.694  -53.793  -6.611 0.3000000119
150490  -29.691  -52.553  -6.287 0.3000000119
38764  -30.530  -52.813  -6.139 0.4000000060
38752  -32.240  -52.414  -5.421 0.5000000000
28505  -4.912  -60.485  0.224 0.8000000119
30773  -3.904  -59.230  0.303 0.8999999762
30787  -3.694  -58.777  -0.204 0.8999999762
133975  -3.508  -59.234  -1.755 0.8000000119
30823  -3.981  -59.425  -3.011 0.8000000119
41107  -31.098  -50.359  0.936 0.8999999762
30824  -4.905  -59.417  -3.751 0.8000000119
39863  -33.284  -51.324  -0.014 0.8999999762
31998  -5.117  -58.322  -4.124 0.6999999881
41132  -33.507  -50.826  -1.459 0.5000000000
139809  -5.527  -57.700  -4.955 0.6999999881
154055  -6.008  -56.510  -6.023 0.8000000119
138046  -6.114  -57.386  -6.424 0.6999999881
33200  -6.680  -57.302  -6.680 0.6999999881
32031  -7.055  -58.329  -7.351 0.6999999881
32057  -8.948  -59.143  -7.485 0.6999999881
32058  -9.981  -59.166  -7.484 0.6999999881
32089  -10.677  -58.932  -8.274 0.6000000238
38762  -27.382  -52.557  -6.394 0.4000000060
39962  -29.151  -52.012  -6.193 0.5000000000
39963  -30.072  -51.980  -6.053 0.6000000238
32059  -11.119  -59.125  -7.422 0.6000000238
153955  -26.983  -51.811  -6.104 0.4000000060
39942  -27.852  -51.106  -5.902 0.5000000000
29699  -5.513  -60.012  -0.467 0.6999999881
30804  -6.231  -58.802  -1.164 0.6999999881
30788  -4.377  -58.587  0.015 0.8999999762
30803  -3.628  -58.139  -0.994 0.8000000119
31979  -3.764  -58.209  -1.998 0.8000000119
31928  -4.133  -57.716  -0.449 0.8000000119
31953  -3.793  -57.487  -1.264 0.8000000119
31980  -4.398  -58.318  -3.013 0.8000000119
33145  -4.685  -56.583  -1.462 0.8000000119
31954  -4.021  -57.109  -2.008 0.8000000119
145553  -4.617  -57.362  -3.078 0.8000000119
33174  -5.553  -56.276  -4.467 0.8000000119
151394  -5.532  -56.966  -4.716 0.8000000119
136302  -6.116  -55.755  -5.295 0.8000000119
143077  -7.187  -56.054  -6.394 0.8000000119
34323  -8.233  -56.496  -6.621 0.8000000119
32032  -8.298  -58.606  -7.197 0.6999999881
34324  -9.686  -56.563  -6.387 0.8000000119
33203  -9.876  -57.649  -6.512 0.6999999881
32034  -10.495  -58.628  -6.807 0.6000000238
153635  -28.666  -50.880  -5.765 0.5000000000
39944  -29.461  -51.231  -5.823 0.5000000000
147410  -11.496  -58.578  -6.841 0.6000000238
32061  -13.592  -58.554  -7.856 0.4000000060
38750  -25.948  -52.135  -6.120 0.3000000119
138180  -26.939  -50.964  -5.827 0.3000000119
41199  -28.238  -50.233  -5.594 0.6999999881
41200  -29.160  -50.382  -5.524 0.6999999881
42428  -29.781  -49.772  -5.101 0.6999999881
147112  -5.178  -57.939  -0.120 0.8000000119
31955  -6.000  -57.712  -0.822 0.8000000119
34258  -5.528  -55.940  -1.834 0.8999999762
34288  -5.215  -55.801  -3.149 0.6999999881
34270  -5.765  -55.676  -2.903 0.8999999762
34289  -5.707  -55.476  -4.009 0.8000000119
35385  -6.226  -55.374  -3.365 0.8999999762
35406  -6.201  -54.970  -4.551 0.8999999762
35421  -6.427  -54.612  -5.191 0.8000000119
36490  -6.327  -53.994  -4.832 0.8999999762
35422  -6.624  -54.088  -5.494 0.8000000119
36522  -8.034  -53.558  -6.276 0.8000000119
35440  -7.499  -54.270  -6.009 0.8000000119
35441  -8.369  -54.516  -6.401 0.8000000119
141356  -9.901  -55.792  -6.138 0.6000000238
33204  -10.911  -57.764  -6.481 0.6000000238
35444  -10.971  -55.810  -6.023 0.5000000000
142161  -11.798  -57.672  -6.550 0.5000000000
33206  -13.241  -58.303  -7.111 0.5000000000
41196  -25.531  -50.394  -5.681 0.4000000060
41198  -27.344  -50.334  -5.645 0.4000000060
140337  -28.116  -49.141  -5.272 0.8000000119
152454  -28.623  -49.091  -5.076 0.6999999881
43495  -29.422  -48.221  -4.675 0.8000000119
35445  -12.789  -56.276  -6.350 0.4000000060
33207  -14.050  -57.926  -7.334 0.3000000119
140822  -26.295  -48.859  -5.209 0.8000000119
132214  -27.296  -48.975  -5.266 0.8000000119
43513  -27.777  -48.491  -5.136 0.8999999762
43514  -28.530  -48.487  -4.969 0.8000000119
35447  -14.320  -55.662  -6.213 0.4000000060
35446  -13.633  -56.246  -6.478 0.4000000060
31956  -6.768  -57.926  -1.498 0.8999999762
33146  -5.705  -56.837  -1.122 0.8000000119
33147  -6.753  -57.154  -1.320 0.8999999762
34259  -6.764  -56.526  -1.661 0.8999999762
155657  -6.742  -55.743  -2.567 0.8000000119
36473  -8.347  -54.632  -3.339 0.8000000119
36491  -6.795  -53.446  -4.748 0.8999999762
37559  -8.232  -53.247  -4.318 0.8000000119
37605  -8.459  -52.823  -6.355 0.8000000119
37573  -8.771  -52.534  -4.645 0.6999999881
37585  -8.864  -52.293  -5.944 0.8000000119
36524  -9.691  -53.858  -6.395 0.6000000238
36508  -11.118  -53.770  -5.493 0.4000000060
35423  -10.573  -54.452  -5.836 0.4000000060
152055  -12.480  -55.276  -5.821 0.4000000060
147776  -11.964  -55.799  -6.070 0.4000000060
43512  -25.402  -48.453  -5.198 0.8000000119
134169  -25.503  -49.142  -5.335 0.8000000119
154234  -27.473  -47.508  -4.940 0.6000000238
44576  -27.924  -47.833  -5.009 0.8999999762
44559  -28.777  -47.483  -4.740 0.8999999762
146700  -12.966  -54.669  -5.404 0.3000000119
35425  -13.826  -54.743  -5.534 0.3000000119
34329  -14.987  -56.367  -6.825 0.3000000119
43510  -23.206  -48.611  -5.166 0.6999999881
43511  -24.567  -48.199  -5.254 0.6999999881
36525  -14.726  -54.717  -5.728 0.2000000030
36527  -15.497  -54.409  -6.322 0.2000000030
36474  -9.866  -53.851  -2.936 0.8000000119
38725  -9.190  -51.896  -4.837 0.6999999881
46739  -28.589  -45.144  -4.415 0.8000000119
37562  -10.834  -51.898  -3.267 0.6999999881
143437  -10.264  -51.330  -4.564 0.8000000119
38738  -10.137  -51.565  -5.089 0.4000000060
46762  -26.221  -45.995  -5.238 0.6000000238
133470  -26.697  -46.587  -5.012 0.6000000238
46738  -27.851  -45.471  -4.815 0.8000000119
37574  -11.729  -52.032  -4.737 0.3000000119
36509  -12.559  -53.885  -5.045 0.3000000119
142341  -25.125  -46.634  -5.300 0.6000000238
44574  -26.314  -47.329  -4.983 0.6000000238
45631  -27.947  -47.114  -4.935 0.6999999881
138917  -28.650  -46.510  -4.587 0.8000000119
137852  -29.327  -46.871  -4.431 0.8000000119
36510  -13.254  -53.979  -5.004 0.3000000119
37590  -14.634  -53.006  -5.390 0.3000000119
151709  -22.400  -48.773  -5.445 0.6000000238
136437  -23.718  -48.022  -5.223 0.6999999881
37606  -15.333  -53.350  -6.190 0.2000000030
37607  -15.913  -53.726  -6.680 0.2000000030
138277  -22.043  -47.847  -5.564 0.6000000238
136438  -22.880  -47.907  -5.247 0.6999999881
36456  -12.102  -53.874  -1.482 0.8000000119
38701  -11.842  -52.412  -2.586 0.6000000238
147602  -11.228  -51.351  -3.379 0.5000000000
39905  -12.679  -51.083  -2.616 0.6000000238
39914  -11.403  -50.938  -3.939 0.5000000000
38727  -10.788  -51.241  -4.622 0.4000000060
46763  -27.065  -45.830  -5.148 0.6999999881
39915  -12.023  -50.483  -3.509 0.4000000060
39924  -11.875  -50.555  -4.374 0.4000000060
38728  -11.639  -51.107  -4.460 0.4000000060
36492  -12.551  -53.160  -4.820 0.3000000119
140306  -25.432  -46.044  -5.330 0.6000000238
154728  -26.558  -45.381  -5.296 0.6999999881
47824  -27.365  -44.013  -5.112 0.6999999881
41166  -12.024  -50.142  -4.187 0.3000000119
41167  -12.313  -50.266  -4.663 0.3000000119
38739  -13.076  -51.720  -4.894 0.3000000119
37589  -13.635  -52.741  -5.001 0.3000000119
44568  -21.260  -47.757  -6.027 0.6000000238
43509  -21.555  -48.504  -5.909 0.6999999881
45628  -23.841  -46.268  -5.379 0.6000000238
46761  -25.010  -45.447  -5.529 0.6000000238
138222  -25.838  -45.378  -5.402 0.6000000238
47823  -26.477  -44.644  -5.418 0.6000000238
39960  -14.147  -51.169  -5.896 0.3000000119
38741  -15.011  -52.214  -6.115 0.3000000119
45625  -21.431  -46.437  -5.939 0.5000000000
44570  -22.513  -47.112  -5.388 0.6000000238
46760  -24.170  -45.528  -5.542 0.6000000238
47822  -25.470  -44.722  -5.616 0.6000000238
39961  -15.041  -51.242  -6.546 0.3000000119
38759  -15.889  -52.841  -6.815 0.2000000030
46757  -21.654  -45.768  -5.893 0.4000000060
46758  -22.475  -45.668  -5.666 0.5000000000
45627  -22.956  -46.362  -5.435 0.6000000238
46759  -23.328  -45.612  -5.574 0.6000000238
41231  -15.233  -50.338  -6.979 0.3000000119
39975  -15.887  -51.394  -7.284 0.3000000119
37544  -12.805  -53.276  -1.651 0.8000000119
38689  -14.116  -53.298  -1.442 0.6999999881
38705  -15.301  -53.239  -2.064 0.6999999881
38718  -15.604  -52.668  -2.599 0.6999999881
39919  -15.934  -52.021  -3.320 0.6000000238
39926  -17.033  -51.272  -4.195 0.6000000238
41171  -17.718  -51.011  -4.716 0.6000000238
42416  -17.430  -49.402  -5.547 0.5000000000
39916  -12.648  -50.363  -2.920 0.5000000000
41159  -12.352  -49.978  -3.662 0.5000000000
148691  -12.492  -49.553  -3.748 0.4000000060
41185  -12.213  -49.798  -4.598 0.3000000119
41187  -13.281  -50.357  -5.905 0.3000000119
47838  -25.058  -44.013  -5.982 0.6000000238
48828  -26.074  -43.985  -5.645 0.6000000238
41218  -14.162  -50.417  -6.401 0.3000000119
154791  -20.431  -46.543  -6.466 0.4000000060
45655  -20.841  -46.035  -6.316 0.4000000060
47837  -24.042  -44.287  -6.049 0.6000000238
136015  -14.909  -49.544  -7.168 0.3000000119
47819  -22.864  -44.969  -5.823 0.5000000000
41232  -16.168  -50.670  -7.747 0.3000000119
47836  -22.483  -44.239  -6.235 0.6000000238
37545  -13.486  -52.965  -1.666 0.8000000119
38704  -14.634  -52.707  -1.821 0.6999999881
39908  -15.106  -52.264  -2.144 0.6999999881
38702  -12.771  -52.186  -2.354 0.6000000238
41162  -15.736  -50.961  -3.528 0.5000000000
41170  -17.057  -50.455  -4.539 0.6000000238
39906  -13.532  -50.882  -2.457 0.5000000000
41160  -13.195  -49.940  -2.911 0.5000000000
42396  -16.857  -49.758  -4.934 0.5000000000
42395  -16.012  -49.364  -4.642 0.5000000000
43507  -17.074  -48.614  -5.883 0.4000000060
42375  -13.383  -49.241  -3.386 0.4000000060
42392  -12.451  -48.988  -4.381 0.5000000000
42414  -12.414  -49.449  -5.403 0.3000000119
149002  -12.381  -48.704  -5.322 0.4000000060
42437  -12.840  -49.034  -6.057 0.2000000030
41217  -13.292  -49.743  -6.345 0.3000000119
146198  -24.347  -43.658  -6.322 0.5000000000
43541  -12.683  -47.415  -6.670 0.2000000030
43524  -13.297  -48.287  -7.134 0.2000000030
42452  -14.131  -49.026  -7.217 0.3000000119
46776  -20.324  -45.268  -6.565 0.5000000000
46777  -21.188  -45.142  -6.270 0.5000000000
46778  -22.006  -44.989  -5.919 0.6000000238
146408  -23.289  -44.439  -6.052 0.5000000000
44613  -12.912  -46.505  -6.647 0.1000000015
43542  -14.399  -48.366  -7.706 0.3000000119
132223  -24.176  -43.000  -6.640 0.3000000119
45682  -14.126  -45.628  -7.404 0.2000000030
39907  -14.489  -51.591  -2.168 0.6999999881
41161  -15.031  -50.290  -3.159 0.5000000000
39917  -14.344  -50.554  -2.580 0.5000000000
153463  -16.368  -50.056  -4.476 0.4000000060
42376  -14.706  -49.336  -3.426 0.5000000000
147790  -14.212  -49.774  -2.946 0.5000000000
42394  -15.092  -48.730  -4.039 0.5000000000
43506  -16.230  -48.121  -5.421 0.4000000060
43525  -16.729  -47.788  -6.230 0.4000000060
42393  -13.660  -48.515  -3.643 0.4000000060
43493  -13.955  -47.738  -3.908 0.5000000000
46774  -18.112  -45.418  -6.998 0.5000000000
43492  -12.638  -47.932  -4.515 0.3000000119
43491  -12.520  -48.084  -5.777 0.2000000030
141720  -18.866  -46.044  -6.843 0.5000000000
46775  -19.289  -45.208  -6.908 0.6000000238
135684  -19.968  -44.605  -6.759 0.6000000238
48839  -20.188  -43.852  -6.901 0.5000000000
44557  -13.109  -47.141  -4.522 0.3000000119
44564  -12.413  -47.044  -5.442 0.3000000119
47834  -20.719  -44.475  -6.537 0.5000000000
156691  -20.636  -43.456  -6.870 0.5000000000
48860  -21.663  -43.210  -6.767 0.5000000000
45663  -13.301  -45.510  -6.616 0.3000000119
47835  -21.549  -44.376  -6.333 0.6000000238
142517  -21.833  -43.773  -6.476 0.5000000000
46797  -13.753  -44.911  -6.830 0.3000000119
46798  -14.448  -44.940  -7.597 0.3000000119
140452  -15.202  -43.410  -7.855 0.3000000119
45683  -15.003  -45.868  -8.383 0.1000000015
153925  -14.915  -47.889  -4.329 0.4000000060
44567  -15.909  -47.264  -5.615 0.5000000000
44558  -14.202  -47.044  -4.365 0.4000000060
44565  -13.183  -46.415  -5.123 0.5000000000
45649  -14.731  -45.762  -5.511 0.5000000000
46773  -16.916  -45.428  -6.807 0.5000000000
47833  -19.293  -44.252  -7.092 0.5000000000
45622  -13.235  -45.583  -5.788 0.5000000000
154228  -14.214  -44.556  -5.666 0.4000000060
46772  -15.702  -45.232  -6.395 0.4000000060
47831  -17.178  -44.501  -6.963 0.4000000060
48858  -19.196  -43.312  -7.327 0.5000000000
135064  -12.686  -46.365  -5.863 0.3000000119
46756  -13.939  -44.906  -5.481 0.4000000060
139948  -14.633  -44.243  -5.896 0.4000000060
48838  -14.976  -42.617  -6.402 0.3000000119
48857  -18.022  -43.046  -7.101 0.5000000000
46781  -13.637  -44.707  -6.292 0.4000000060
47828  -14.520  -44.029  -6.298 0.3000000119
134057  -15.239  -41.383  -6.796 0.3000000119
17806  -29.259  -70.145  -18.461 0.1000000015
17793  -31.455  -70.205  -17.958 0.1000000015
687  -20.230  -92.094  -23.435 0.6999999881
1017  -21.162  -91.267  -24.697 0.6999999881
149782  -21.518  -89.825  -25.984 0.5000000000
1838  -20.259  -89.495  -24.453 0.4000000060
130382  -22.986  -89.596  -25.997 0.6999999881
129901  -21.905  -87.677  -24.376 0.4000000060
148147  -19.912  -88.947  -23.361 0.3000000119
147963  -20.591  -87.265  -22.208 0.4000000060
129893  -25.564  -89.400  -23.193 0.6999999881
148058  -26.058  -85.174  -24.916 0.6000000238
5173  -5.098  -83.390  -21.571 0.2000000030
211  -12.946  -93.947  -18.490 0.6999999881
2256  -25.383  -85.899  -24.994 0.5000000000
1001  -25.985  -90.505  -23.346 0.6999999881
3787  -6.935  -85.000  -21.390 0.5000000000
3780  -8.412  -85.290  -20.147 0.6999999881
143382  -9.096  -78.218  -30.227 0.6000000238
8399  -11.091  -79.611  -32.060 0.6999999881
5107  -7.807  -83.983  -14.284 0.6999999881
8409  -11.157  -80.360  -32.791 0.5000000000
148146  -21.323  -80.305  -30.703 0.6000000238
5065  -6.622  -83.554  -11.875 0.8999999762
7575  -21.543  -80.245  -32.490 0.6999999881
9323  -21.195  -78.765  -31.714 0.5000000000
10362  -21.042  -77.885  -32.534 0.6000000238
4392  -12.029  -84.701  -13.617 0.8999999762
6768  -12.517  -81.488  -32.367 0.6999999881
8429  -21.399  -78.589  -33.778 1.0000000000
9353  -21.256  -78.001  -34.156 0.8999999762
143261  -9.670  -87.376  -16.966 0.8999999762
2630  -10.252  -87.067  -16.602 0.8000000119
3133  -10.743  -86.711  -14.593 0.8000000119
3713  -9.334  -85.668  -11.394 0.8000000119
3751  -11.667  -85.532  -14.544 0.8999999762
6801  -12.179  -81.011  -35.410 0.1000000015
3704  -10.389  -85.415  -10.646 0.8000000119
140935  -13.486  -82.092  -29.910 0.8000000119
9371  -16.515  -78.739  -36.293 0.5000000000
8373  -14.166  -79.777  -27.923 0.8999999762
4969  -6.632  -83.618  -3.709 0.8999999762
7548  -14.389  -80.016  -29.858 0.8000000119
6490  -9.305  -82.126  -3.117 0.8000000119
5711  -5.198  -83.050  -3.318 0.8999999762
6488  -6.934  -82.302  -2.858 0.8999999762
8139  -6.048  -79.713  -4.942 1.0000000000
8141  -8.541  -79.325  -6.272 0.8999999762
8387  -14.663  -79.112  -29.911 0.8000000119
8990  -5.898  -78.981  -4.307 1.0000000000
8946  -4.809  -78.259  -0.423 0.6999999881
6464  -5.268  -81.904  -2.617 0.8000000119
7263  -5.540  -81.171  -2.058 0.8000000119
9262  -16.451  -78.675  -27.321 1.0000000000
9929  -6.556  -77.377  0.308 0.6999999881
10009  -10.472  -77.459  -6.812 0.8999999762
10268  -17.091  -78.150  -26.231 0.8999999762
9930  -8.585  -77.324  -0.130 0.8999999762
12356  -20.669  -75.565  -22.488 0.5000000000
11321  -20.856  -76.207  -25.014 0.5000000000
9906  -7.941  -77.322  1.712 0.6999999881
9976  -8.671  -77.481  -2.329 1.0000000000
12075  -9.581  -75.781  -5.298 1.0000000000
149863  -10.801  -73.416  -26.008 0.8000000119
15675  -20.916  -72.422  -20.297 0.2000000030
11304  -21.059  -76.120  -24.344 0.5000000000
14591  -21.550  -73.463  -20.161 0.3000000119
15676  -21.557  -72.594  -20.323 0.2000000030
150823  -21.950  -76.142  -22.935 0.5000000000
9892  -11.009  -77.736  2.495 0.6999999881
152051  -11.398  -77.400  5.033 0.5000000000
14727  -16.371  -73.334  -30.000 0.6000000238
146286  -12.983  -73.169  -29.737 0.6999999881
16882  -17.628  -71.928  -27.214 0.5000000000
16761  -20.770  -71.204  -21.056 0.2000000030
12357  -22.572  -75.537  -21.671 0.5000000000
14603  -23.457  -74.112  -21.416 0.3000000119
15818  -17.447  -72.360  -29.545 0.5000000000
20172  -9.665  -68.877  -23.046 0.8999999762
15698  -22.486  -72.113  -22.047 0.2000000030
14619  -23.246  -73.277  -21.637 0.2000000030
135318  -23.292  -73.084  -22.580 0.2000000030
13503  -24.631  -74.225  -23.225 0.2000000030
13260  -7.327  -74.938  -4.567 0.6999999881
134481  -12.346  -75.804  2.724 1.0000000000
21411  -21.588  -67.619  -27.574 0.1000000015
15801  -13.135  -71.955  -29.317 0.6999999881
132833  -22.653  -66.488  -29.486 0.1000000015
22574  -8.515  -65.285  -22.964 0.8000000119
16827  -14.212  -72.184  -25.010 0.6999999881
22643  -19.976  -66.423  -28.715 0.1000000015
131375  -24.970  -68.073  -29.667 0.1000000015
19100  -23.513  -68.472  -27.887 0.1000000015
17916  -14.098  -70.272  -24.743 0.5000000000
20257  -15.514  -68.255  -28.048 0.5000000000
22636  -19.417  -66.082  -27.477 0.2000000030
20244  -25.752  -67.950  -27.477 0.1000000015
22619  -18.270  -66.358  -25.840 0.3000000119
16833  -25.402  -71.585  -24.035 0.1000000015
15737  -26.203  -72.192  -23.882 0.1000000015
16768  -31.383  -71.296  -21.786 0.1000000015
21424  -13.813  -67.215  -27.590 0.5000000000
147291  -16.433  -65.731  -24.939 0.3000000119
21365  -15.418  -67.638  -23.962 0.4000000060
133581  -14.483  -70.202  -20.261 0.6000000238
14259  -5.743  -74.037  1.926 1.0000000000
26251  -6.889  -63.590  -16.759 0.8000000119
27602  -19.606  -61.232  -23.333 0.1000000015
25093  -15.142  -64.664  -24.266 0.4000000060
18978  -10.973  -69.735  -18.738 0.8000000119
22447  -6.229  -65.599  -15.302 1.0000000000
140077  -12.823  -65.294  -23.603 0.2000000030
18926  -7.386  -69.352  -15.847 0.8999999762
26341  -15.115  -63.086  -22.295 0.2000000030
27447  -5.350  -62.622  -12.459 0.8999999762
20068  -6.753  -68.095  -13.939 1.0000000000
152669  -13.900  -66.914  -20.609 0.2000000030
21299  -16.216  -67.884  -18.942 0.4000000060
19814  -14.034  -67.775  6.130 0.6000000238
18906  -9.016  -68.931  -13.888 0.8999999762
18918  -10.094  -69.496  -14.683 0.8999999762
25009  -12.218  -64.926  -18.605 0.2000000030
24992  -10.821  -65.800  -16.611 0.3000000119
27435  -5.571  -62.538  -11.560 0.8999999762
26211  -13.700  -63.120  -15.025 0.2000000030
26210  -12.757  -63.477  -15.453 0.2000000030
27499  -15.547  -62.798  -15.033 0.2000000030
22495  -11.447  -66.804  -17.107 0.3000000119
26138  -4.024  -63.082  -10.655 0.8999999762
20064  -14.659  -68.509  -13.394 0.8999999762
27479  -15.939  -62.115  -14.899 0.2000000030
22498  -15.266  -66.821  -17.047 0.4000000060
140132  -12.656  -66.927  -16.208 0.3000000119
20070  -16.169  -68.298  -14.479 0.6000000238
23548  -3.308  -64.770  -6.245 0.6000000238
138093  -3.892  -63.855  -5.881 0.8999999762
23549  -5.465  -64.690  -6.293 1.0000000000
22332  -6.753  -66.004  -7.068 1.0000000000
25881  -10.304  -63.576  5.134 1.0000000000
23532  -4.605  -64.389  -4.988 0.8000000119
22371  -15.386  -66.253  -9.572 1.0000000000
29606  -12.536  -60.599  3.277 1.0000000000
30726  -17.048  -59.395  2.304 0.8999999762
145761  -13.453  -59.287  2.273 1.0000000000
31878  -17.162  -58.175  1.245 0.8999999762
22287  -6.326  -66.134  -5.544 1.0000000000
24758  -3.002  -64.865  -2.856 0.8000000119
22289  -8.253  -66.728  -5.490 1.0000000000
155642  -9.200  -66.607  -5.372 1.0000000000
22337  -12.626  -66.267  -7.035 1.0000000000
22338  -13.294  -66.238  -7.596 0.8000000119
24877  -15.226  -64.548  -8.931 0.5000000000
33127  -20.894  -57.908  -1.488 1.0000000000
31939  -23.177  -58.233  -1.107 1.0000000000
152204  -26.090  -58.838  -1.719 0.6999999881
30814  -25.688  -59.161  -2.406 0.8000000119
31989  -26.245  -58.240  -3.191 0.8000000119
26098  -13.880  -63.732  -8.159 0.6999999881
27396  -13.549  -62.975  -8.705 0.5000000000
26124  -14.277  -63.262  -8.807 0.5000000000
26125  -14.753  -63.810  -9.161 0.5000000000
31933  -16.912  -57.933  -1.924 0.8000000119
33125  -18.147  -57.750  -0.854 0.8000000119
23448  -2.989  -65.200  0.094 0.8000000119
30811  -22.284  -60.085  -2.313 0.8000000119
30794  -24.592  -59.589  -2.108 0.8999999762
30813  -24.355  -60.105  -2.801 0.8999999762
29720  -22.672  -60.578  -3.073 0.6000000238
23475  -6.040  -65.161  -2.364 0.8999999762
31988  -24.831  -57.752  -4.159 0.6000000238
24786  -10.016  -65.612  -4.838 0.8999999762
29856  -10.954  -60.332  -10.652 0.5000000000
153441  -16.518  -58.239  -2.897 0.6000000238
31986  -18.757  -59.127  -3.845 0.5000000000
29741  -23.053  -60.419  -4.274 0.6000000238
25978  -3.537  -63.208  -1.214 0.8999999762
30845  -24.119  -59.235  -4.899 0.6000000238
32020  -24.409  -58.401  -5.060 0.6999999881
33182  -25.201  -57.149  -4.735 0.6000000238
29781  -24.927  -60.365  -5.628 0.6000000238
30859  -25.038  -58.614  -5.543 0.6000000238
29780  -24.097  -60.264  -5.509 0.5000000000
32022  -25.660  -57.982  -5.407 0.6999999881
26039  -7.954  -64.113  -4.827 0.8999999762
26055  -8.497  -64.014  -5.487 0.8999999762
26066  -9.701  -64.005  -6.754 0.8000000119
31992  -29.777  -58.102  -2.772 0.4000000060
27365  -9.119  -63.352  -7.180 0.6999999881
28657  -7.934  -61.361  -10.330 0.6999999881
30948  -10.562  -59.295  -10.753 0.5000000000
27254  -2.862  -62.671  -0.468 0.8999999762
27325  -6.041  -62.550  -4.055 0.8999999762
138729  -30.396  -58.194  -2.018 0.4000000060
146376  -30.793  -57.334  -1.976 0.6000000238
148970  -31.399  -57.478  -1.838 0.4000000060
149906  -6.683  -61.078  -10.436 0.6999999881
150528  -6.026  -60.365  -10.927 0.6999999881
28656  -6.977  -60.450  -11.057 0.6999999881
32114  -8.492  -57.751  -11.055 0.5000000000
27255  -3.888  -62.756  -1.543 0.8999999762
132519  -32.023  -55.231  -1.528 0.6999999881
36447  -32.457  -54.805  -1.551 0.6999999881
34248  -31.441  -56.685  -1.833 0.6000000238
33166  -32.352  -57.306  -3.495 0.4000000060
35375  -32.650  -55.858  -2.354 0.6000000238
34304  -32.481  -56.833  -4.458 0.4000000060
35398  -32.858  -55.775  -3.481 0.5000000000
29827  -5.484  -60.518  -9.210 0.6000000238
36500  -33.090  -54.378  -4.951 0.4000000060
32105  -7.574  -57.882  -10.303 0.6000000238
34385  -7.153  -56.318  -10.979 0.6000000238
33263  -7.410  -56.699  -10.518 0.6000000238
28520  -3.063  -61.316  -1.802 0.8999999762
28542  -3.711  -61.356  -2.778 0.8000000119
28567  -5.602  -61.565  -5.123 0.8000000119
37535  -31.417  -53.205  -1.204 0.8999999762
145417  -31.145  -53.663  -1.949 0.8999999762
29751  -5.165  -60.264  -4.311 0.8000000119
36448  -33.039  -54.268  -1.581 0.6999999881
37522  -32.561  -53.279  -0.722 0.8000000119
38679  -31.710  -52.769  -0.522 0.8000000119
35418  -33.195  -54.822  -3.864 0.5000000000
37551  -33.512  -53.575  -1.959 0.6000000238
36463  -33.319  -54.353  -2.312 0.6999999881
30886  -5.516  -59.766  -7.434 0.6999999881
36517  -31.867  -54.588  -6.306 0.3000000119
136253  -32.094  -53.702  -5.913 0.3000000119
37615  -31.206  -54.056  -6.426 0.3000000119
146189  -32.999  -53.487  -4.959 0.4000000060
36518  -32.603  -54.425  -5.774 0.3000000119
32053  -5.711  -59.232  -7.424 0.6999999881
30889  -6.416  -58.911  -8.925 0.6000000238
32087  -7.417  -58.608  -9.757 0.6000000238
144802  -31.714  -55.299  -6.477 0.2000000030
144849  -7.674  -59.010  -8.690 0.6000000238
29681  -3.926  -60.126  0.521 0.8999999762
29698  -3.216  -59.787  -0.861 0.8000000119
38693  -30.745  -52.236  -1.405 0.8999999762
39861  -31.765  -51.602  0.368 0.8999999762
38680  -32.625  -52.681  -0.355 0.8000000119
37537  -33.162  -53.524  -1.177 0.6999999881
39862  -32.729  -51.446  0.291 0.8000000119
39883  -33.188  -52.068  -0.238 0.8000000119
132339  -33.597  -52.779  -1.541 0.8000000119
32014  -5.580  -58.791  -5.417 0.6999999881
38721  -33.241  -52.526  -3.678 0.5000000000
39884  -33.576  -51.477  -0.800 0.6000000238
145678  -33.637  -51.778  -1.943 0.5000000000
145898  -33.381  -52.049  -2.946 0.4000000060
30890  -8.915  -59.266  -7.953 0.6999999881
30891  -9.755  -59.219  -8.050 0.6000000238
37612  -28.685  -53.723  -6.628 0.2000000030
38763  -28.947  -52.843  -6.459 0.3000000119
143283  -27.999  -53.009  -6.565 0.4000000060
158036  -29.261  -53.411  -6.536 0.2000000030
38751  -31.053  -52.146  -5.720 0.5000000000
30789  -5.289  -58.961  -0.263 0.8000000119
29682  -4.550  -59.430  0.278 0.8999999762
136730  -32.164  -50.736  0.621 0.8999999762
41108  -31.973  -49.701  0.767 0.8999999762
155606  -31.221  -51.123  0.505 0.8999999762
41126  -33.421  -50.738  -0.432 0.6999999881
33173  -5.033  -56.835  -3.861 0.8000000119
42354  -33.266  -50.068  -1.091 0.8000000119
34322  -6.424  -56.326  -6.152 0.8000000119
33201  -7.635  -57.427  -6.816 0.6999999881
32033  -9.431  -58.667  -6.907 0.6999999881
30892  -10.753  -59.272  -8.027 0.6000000238
147930  -28.131  -52.089  -6.343 0.4000000060
138511  -30.061  -50.639  -5.438 0.6000000238
156778  -30.813  -50.935  -5.310 0.6000000238
32036  -12.751  -58.883  -7.612 0.4000000060
33160  -4.653  -56.310  -2.446 0.8999999762
34308  -6.707  -55.231  -5.683 0.8000000119
141459  -8.922  -55.765  -6.366 0.8000000119
33202  -8.789  -57.702  -6.697 0.8000000119
35442  -9.298  -54.761  -6.301 0.8000000119
152929  -26.006  -51.188  -5.934 0.4000000060
43515  -29.169  -49.041  -4.905 0.6999999881
35386  -6.920  -55.449  -2.915 0.8000000119
36472  -6.917  -54.363  -3.825 0.8999999762
36504  -6.888  -53.451  -5.325 0.8999999762
36523  -8.853  -53.587  -6.629 0.8000000119
34325  -11.229  -56.886  -6.427 0.5000000000
35443  -10.071  -54.961  -5.982 0.4000000060
35424  -11.559  -54.952  -5.692 0.4000000060
142616  -11.915  -56.623  -6.392 0.5000000000
34326  -12.646  -57.470  -6.652 0.4000000060
41197  -26.435  -50.370  -5.670 0.4000000060
138788  -26.848  -49.646  -5.465 0.8000000119
147334  -13.352  -55.488  -5.958 0.4000000060
44575  -27.021  -48.020  -5.017 0.6999999881
34260  -7.430  -56.437  -1.796 0.8000000119
35387  -8.103  -55.985  -2.035 0.8000000119
37572  -8.005  -52.632  -5.047 0.6999999881
37560  -8.993  -53.541  -3.633 0.8000000119
38724  -8.740  -52.219  -5.381 0.6999999881
38715  -9.512  -52.307  -3.978 0.8000000119
37586  -9.630  -52.299  -5.707 0.5000000000
38737  -9.385  -51.962  -5.273 0.6999999881
36507  -10.097  -53.212  -5.970 0.5000000000
37588  -11.707  -53.088  -5.005 0.4000000060
37587  -10.918  -51.812  -5.134 0.3000000119
135945  -26.052  -48.040  -5.039 0.6000000238
44573  -25.252  -47.465  -5.192 0.6000000238
141921  -27.141  -47.157  -4.859 0.6999999881
36511  -14.060  -53.799  -5.287 0.3000000119
42422  -23.186  -49.465  -5.149 0.8000000119
37561  -10.424  -52.841  -3.234 0.8000000119
38716  -10.124  -51.639  -3.934 0.6000000238
38717  -10.672  -51.242  -4.039 0.6999999881
45630  -27.668  -46.370  -4.874 0.8000000119
37575  -12.581  -52.244  -4.715 0.3000000119
44572  -24.440  -46.853  -5.238 0.6999999881
140141  -24.665  -46.128  -5.389 0.6000000238
143728  -13.242  -53.266  -4.890 0.3000000119
44571  -23.504  -47.137  -5.214 0.6000000238
38729  -12.319  -51.261  -4.626 0.3000000119
156526  -26.749  -43.981  -5.474 0.6999999881
41186  -12.666  -50.175  -5.288 0.3000000119
39925  -12.634  -50.811  -4.780 0.3000000119
39935  -13.305  -51.011  -5.315 0.3000000119
38740  -14.012  -51.983  -5.356 0.3000000119
150784  -20.938  -48.344  -6.220 0.6000000238
44569  -21.697  -47.075  -5.738 0.6000000238
143222  -15.591  -51.997  -6.842 0.2000000030
47821  -24.551  -44.819  -5.720 0.6000000238
47820  -23.692  -44.931  -5.744 0.6000000238
42454  -15.733  -49.697  -7.793 0.3000000119
39920  -16.807  -52.317  -3.789 0.6000000238
152631  -16.320  -51.477  -3.870 0.6000000238
41188  -17.655  -50.200  -5.177 0.6000000238
41216  -12.775  -49.756  -5.872 0.3000000119
45654  -19.862  -46.145  -6.614 0.4000000060
42453  -14.989  -49.081  -7.522 0.3000000119
42415  -16.513  -49.009  -5.269 0.4000000060
43494  -15.694  -48.475  -4.787 0.4000000060
43523  -12.734  -48.208  -6.502 0.3000000119
42438  -13.357  -49.029  -6.715 0.3000000119
48842  -23.419  -43.714  -6.405 0.5000000000
155695  -12.434  -47.461  -6.211 0.3000000119
141721  -13.465  -47.414  -7.315 0.2000000030
45621  -12.950  -45.998  -6.199 0.4000000060
44614  -13.783  -46.467  -7.325 0.2000000030
48841  -22.470  -43.420  -6.625 0.5000000000
41168  -15.623  -49.940  -3.974 0.5000000000
43505  -15.311  -47.575  -4.923 0.4000000060
135563  -20.221  -43.135  -7.208 0.5000000000
48840  -21.066  -43.719  -6.604 0.5000000000
46771  -13.485  -44.819  -5.941 0.3000000119
47844  -14.249  -44.345  -6.718 0.3000000119
47845  -14.609  -43.293  -6.739 0.3000000119
141868  -14.790  -44.189  -7.723 0.3000000119
48874  -14.827  -42.474  -7.169 0.3000000119
49888  -14.926  -41.780  -7.333 0.2000000030
44566  -14.785  -46.607  -5.143 0.5000000000
45623  -13.871  -45.691  -5.151 0.5000000000
47847  -18.546  -43.818  -7.180 0.5000000000
141630  -13.946  -44.459  -5.884 0.4000000060
141355  -15.870  -44.285  -6.432 0.4000000060
47830  -16.068  -43.284  -6.601 0.4000000060
47846  -17.543  -43.699  -7.043 0.4000000060
47829  -14.866  -43.268  -6.215 0.4000000060
48856  -16.821  -42.696  -6.878 0.4000000060
48855  -15.514  -42.168  -6.569 0.3000000119
137975  -17.372  -42.214  -6.999 0.5000000000
49868  -18.295  -42.341  -7.267 0.4000000060
48836  -14.922  -43.071  -6.395 0.3000000119
50956  -16.172  -40.839  -6.972 0.3000000119
49866  -14.858  -41.787  -6.804 0.3000000119
50955  -15.751  -40.959  -7.085 0.2000000030
1830  -7.553  -89.014  -26.324 0.3000000119
1824  -8.338  -89.476  -25.710 0.3000000119
1410  -8.030  -90.218  -24.968 0.4000000060
1411  -9.207  -90.020  -24.423 0.4000000060
1402  -9.546  -89.071  -22.856 0.4000000060
1423  -9.315  -89.012  -25.268 0.3000000119
147851  -10.662  -88.990  -20.566 0.5000000000
678  -11.678  -91.202  -20.984 0.6999999881
1412  -9.977  -88.825  -23.866 0.4000000060
1403  -10.648  -88.667  -22.060 0.5000000000
997  -11.548  -89.143  -21.117 0.6999999881
1404  -11.308  -88.640  -22.446 0.5000000000
679  -11.910  -91.849  -23.006 0.6999999881
1007  -11.628  -88.691  -22.073 0.6000000238
1823  -7.169  -89.411  -25.645 0.4000000060
663  -11.934  -92.218  -22.803 0.6999999881
152043  -13.278  -91.716  -23.556 0.6999999881
156439  -13.804  -90.830  -23.645 0.6999999881
664  -13.555  -92.272  -22.768 0.6999999881
1008  -12.470  -89.898  -22.926 0.6000000238
694  -13.628  -91.060  -24.230 0.6000000238
1009  -13.504  -89.434  -24.074 0.6000000238
695  -14.880  -91.500  -24.032 0.6999999881
682  -15.747  -92.065  -23.436 0.6999999881
1012  -16.283  -91.155  -24.843 0.5000000000
147813  -16.925  -91.384  -24.321 0.6999999881
1022  -13.257  -88.429  -23.530 0.5000000000
140415  -4.898  -89.080  -21.775 0.8000000119
227  -16.956  -93.778  -18.921 0.6999999881
228  -17.517  -93.442  -18.753 0.6999999881
406  -18.426  -92.435  -20.067 0.8000000119
218  -17.828  -92.787  -18.973 0.8000000119
2674  -5.229  -88.070  -22.246 0.8000000119
1381  -5.279  -90.122  -20.589 0.8000000119
979  -4.835  -91.234  -20.896 0.6999999881
1388  -4.742  -90.571  -21.273 0.6999999881
149860  -15.438  -94.044  -18.925 0.6999999881
385  -17.881  -92.934  -18.786 0.6000000238
240  -18.858  -92.343  -20.240 0.8999999762
393  -18.504  -92.384  -19.667 0.6000000238
644  -20.545  -90.870  -21.454 0.8000000119
148133  -23.050  -85.211  -23.896 0.4000000060
148140  -21.639  -85.391  -22.710 0.5000000000
141994  -6.472  -87.726  -21.036 0.8000000119
2229  -5.400  -88.262  -21.174 0.8000000119
140504  -5.313  -88.445  -21.127 0.8000000119
974  -5.926  -91.035  -19.539 0.6999999881
1793  -5.778  -89.069  -19.735 0.8000000119
635  -6.439  -91.679  -19.766 0.6999999881
636  -6.939  -92.234  -19.068 0.8000000119
215  -16.870  -94.113  -18.171 0.6999999881
629  -18.860  -91.879  -19.514 0.6000000238
158061  -19.919  -91.018  -20.489 0.6999999881
148008  -26.446  -87.887  -19.503 0.6999999881
130209  -25.656  -86.856  -19.997 0.6000000238
978  -27.172  -89.749  -18.838 0.6000000238
133180  -24.439  -87.133  -20.395 0.6000000238
129890  -25.216  -85.813  -20.518 0.6000000238
633  -28.307  -91.273  -17.778 0.5000000000
1407  -25.897  -85.038  -21.677 0.6000000238
148200  -25.156  -84.486  -22.811 0.4000000060
148224  -20.194  -84.176  -20.664 0.4000000060
148128  -21.773  -84.352  -21.420 0.4000000060
148212  -23.088  -84.090  -23.210 0.4000000060
148162  -24.234  -83.372  -22.252 0.4000000060
2664  -6.681  -87.945  -20.052 0.8000000119
2663  -6.236  -88.273  -20.105 0.8000000119
2224  -6.067  -88.639  -19.538 0.8000000119
1373  -5.611  -89.640  -19.781 0.8000000119
1374  -5.767  -90.155  -19.217 0.6999999881
139407  -8.390  -87.786  -18.398 0.8000000119
135694  -7.205  -87.881  -19.213 0.8000000119
1786  -6.031  -88.879  -18.216 0.8000000119
2640  -7.036  -87.978  -17.724 0.8000000119
2208  -5.980  -88.866  -17.205 0.6999999881
391  -8.043  -93.149  -18.843 0.8000000119
383  -7.671  -92.536  -18.330 0.8000000119
207  -9.010  -93.157  -18.476 0.8000000119
202  -15.040  -93.853  -17.500 0.6000000238
153133  -16.166  -94.081  -17.522 0.6999999881
141340  -11.058  -93.365  -18.488 0.6999999881
204  -18.244  -93.693  -18.006 0.6000000238
378  -18.009  -92.846  -18.614 0.6000000238
137075  -19.696  -90.746  -19.809 0.6999999881
1382  -20.910  -89.848  -20.792 0.6000000238
1377  -22.911  -89.733  -20.067 0.6000000238
1801  -21.419  -89.363  -20.378 0.6000000238
1385  -28.223  -88.609  -19.398 0.6999999881
1370  -23.010  -89.669  -19.022 0.6000000238
139121  -23.032  -89.673  -17.770 0.5000000000
148024  -27.611  -87.599  -20.203 0.6999999881
2212  -22.576  -88.631  -17.625 0.5000000000
634  -28.163  -90.377  -18.318 0.5000000000
984  -27.588  -89.204  -18.844 0.6000000238
150743  -26.774  -86.637  -20.725 0.6000000238
1813  -28.650  -87.821  -23.217 0.6000000238
1362  -23.490  -90.516  -17.504 0.6000000238
1352  -23.526  -90.169  -16.744 0.6000000238
971  -28.702  -91.206  -17.292 0.5000000000
1819  -27.140  -86.304  -22.347 0.6000000238
1826  -27.360  -86.102  -23.585 0.6000000238
962  -27.968  -91.473  -16.852 0.5000000000
1778  -27.694  -90.120  -16.638 0.4000000060
2269  -25.586  -87.606  -26.498 0.4000000060
148220  -21.394  -83.111  -22.205 0.4000000060
147951  -22.536  -84.036  -22.662 0.4000000060
148127  -23.351  -82.086  -22.053 0.3000000119
148192  -18.462  -82.070  -28.082 0.1000000015
134751  -5.995  -89.651  -18.433 0.6999999881
626  -6.467  -91.426  -18.957 0.6999999881
627  -7.165  -91.876  -18.435 0.8000000119
2641  -7.999  -87.863  -17.133 0.8000000119
2639  -6.272  -88.341  -17.297 0.8999999762
1359  -6.054  -89.349  -17.533 0.6999999881
1360  -6.191  -89.822  -17.311 0.6999999881
147145  -6.842  -90.633  -17.752 0.6999999881
206  -8.176  -93.086  -18.214 0.8000000119
2642  -9.374  -87.519  -17.757 0.8999999762
146547  -6.653  -87.999  -16.773 0.6999999881
2627  -6.097  -88.448  -16.397 0.8000000119
1346  -5.944  -89.257  -16.757 0.6999999881
151699  -6.982  -90.248  -17.156 0.6999999881
955  -7.446  -91.521  -17.903 0.6999999881
138334  -8.616  -93.239  -17.860 0.6999999881
151287  -10.470  -93.238  -18.476 0.6999999881
201  -13.247  -94.295  -17.674 0.6000000238
193  -16.197  -93.781  -16.970 0.6999999881
139303  -11.472  -93.813  -17.821 0.6999999881
200  -12.431  -94.130  -17.735 0.6999999881
154036  -16.740  -94.043  -17.110 0.6999999881
374  -17.800  -93.289  -17.309 0.6000000238
628  -18.218  -92.131  -18.866 0.6999999881
1796  -20.938  -89.073  -19.689 0.5000000000
969  -18.970  -91.234  -19.405 0.6000000238
1376  -20.397  -89.904  -19.924 0.6000000238
1386  -29.942  -88.883  -19.752 0.6000000238
151658  -29.344  -88.622  -20.400 0.6999999881
1797  -21.822  -88.872  -19.897 0.5000000000
2227  -22.051  -88.585  -19.239 0.5000000000
137250  -29.264  -89.372  -18.930 0.6000000238
1809  -29.030  -88.052  -22.594 0.6999999881
1378  -29.307  -90.069  -18.283 0.5000000000
1364  -29.285  -90.523  -17.522 0.4000000060
1827  -28.704  -87.727  -24.568 0.6000000238
150363  -24.357  -90.204  -16.317 0.5000000000
1357  -28.108  -91.086  -16.668 0.4000000060
140148  -27.001  -87.024  -25.447 0.6000000238
152521  -27.717  -87.841  -25.544 0.6000000238
2206  -27.411  -89.061  -16.625 0.4000000060
147013  -25.777  -87.737  -26.520 0.5000000000
2285  -25.957  -88.184  -27.071 0.5000000000
2711  -24.856  -87.969  -27.169 0.5000000000
2626  -24.237  -88.218  -15.548 0.4000000060
148057  -24.206  -86.473  -27.735 0.5000000000
130183  -20.264  -83.490  -22.536 0.4000000060
147967  -24.612  -83.288  -27.356 0.4000000060
130190  -23.515  -83.978  -29.020 0.3000000119
148138  -21.092  -82.855  -23.050 0.3000000119
148168  -23.920  -82.549  -27.965 0.3000000119
148221  -22.458  -81.351  -22.893 0.3000000119
156137  -18.070  -82.602  -30.793 0.1000000015
130420  -17.752  -81.964  -29.827 0.1000000015
1268  -9.043  -90.557  -9.782 0.6000000238
1267  -7.981  -90.993  -9.945 0.5000000000
1282  -8.352  -90.868  -10.956 0.6000000238
614  -7.971  -92.085  -17.775 0.8000000119
370  -8.222  -92.573  -17.056 0.6999999881
134100  -8.962  -87.624  -16.835 0.8000000119
154034  -7.197  -87.841  -16.260 0.8000000119
154102  -6.071  -88.464  -15.776 0.8000000119
956  -7.932  -91.034  -17.215 0.6999999881
2618  -8.438  -87.562  -15.298 0.8000000119
2617  -7.100  -87.910  -15.296 0.6999999881
147093  -6.392  -88.172  -15.939 0.6999999881
1761  -5.878  -89.090  -15.233 0.8000000119
1338  -7.377  -89.986  -15.409 0.6000000238
607  -8.467  -91.940  -16.489 0.6999999881
139164  -9.466  -93.316  -17.802 0.6999999881
1337  -6.267  -89.601  -15.734 0.6999999881
199  -11.922  -94.380  -17.110 0.6999999881
1810  -29.625  -88.305  -22.023 0.6999999881
1372  -30.192  -89.816  -18.080 0.5000000000
1365  -29.955  -90.061  -17.874 0.4000000060
1820  -28.883  -87.763  -23.876 0.6999999881
2257  -27.474  -88.162  -26.471 0.6000000238
1770  -24.158  -89.500  -15.961 0.4000000060
130324  -24.147  -86.948  -27.710 0.5000000000
141727  -24.014  -87.540  -14.981 0.4000000060
130177  -20.090  -84.868  -24.154 0.4000000060
153592  -24.403  -85.491  -27.715 0.5000000000
147981  -23.917  -84.973  -28.590 0.3000000119
148176  -21.535  -83.815  -25.749 0.4000000060
148206  -21.647  -84.148  -24.784 0.3000000119
148196  -22.871  -85.272  -29.929 0.6000000238
148134  -21.160  -83.819  -25.821 0.3000000119
148165  -20.920  -82.045  -24.077 0.3000000119
147964  -21.626  -80.800  -23.599 0.3000000119
148001  -22.858  -83.296  -29.391 0.5000000000
148044  -20.808  -83.348  -26.956 0.1000000015
147952  -20.739  -82.663  -25.636 0.3000000119
148159  -23.043  -80.493  -23.486 0.5000000000
130235  -19.812  -82.546  -26.969 0.1000000015
148153  -20.200  -82.455  -26.165 0.2000000030
148218  -20.385  -80.421  -23.397 0.4000000060
148203  -21.544  -79.979  -24.018 0.4000000060
147980  -22.168  -83.734  -30.653 0.5000000000
148180  -18.222  -81.120  -27.065 0.3000000119
129917  -17.962  -81.383  -28.542 0.3000000119
147997  -18.439  -80.546  -27.589 0.3000000119
148087  -18.112  -80.363  -29.611 0.4000000060
129923  -17.380  -81.804  -30.671 0.1000000015
133296  -17.716  -80.491  -30.036 0.2000000030
148113  -17.489  -82.325  -31.425 0.1000000015
1269  -10.375  -90.111  -9.685 0.6000000238
1297  -8.850  -89.959  -11.659 0.6999999881
2165  -8.952  -88.333  -11.794 0.6999999881
1723  -8.274  -89.144  -12.208 0.6999999881
1296  -8.500  -90.420  -11.900 0.6000000238
137413  -8.272  -91.268  -11.019 0.6000000238
195  -8.497  -93.273  -17.037 0.6999999881
2619  -9.405  -87.347  -15.363 0.6999999881
196  -9.057  -93.421  -17.013 0.6999999881
937  -8.546  -90.934  -15.536 0.6000000238
198  -10.954  -93.944  -17.154 0.6999999881
2726  -24.821  -87.604  -27.657 0.6000000238
2738  -23.859  -86.971  -28.571 0.5000000000
130233  -21.856  -84.706  -31.222 0.6000000238
4556  -23.218  -84.692  -32.362 0.6999999881
148091  -21.279  -84.225  -32.788 0.6000000238
148047  -18.742  -81.726  -26.900 0.3000000119
148166  -19.337  -81.455  -25.074 0.3000000119
148173  -22.205  -82.759  -29.834 0.4000000060
147985  -21.678  -83.192  -30.858 0.6000000238
130396  -20.893  -84.093  -32.569 0.6000000238
148126  -19.531  -80.491  -23.867 0.4000000060
148167  -22.302  -81.670  -29.220 0.4000000060
147979  -21.684  -82.218  -30.478 0.5000000000
129909  -20.786  -83.595  -32.528 0.5000000000
148139  -20.101  -79.782  -24.227 0.4000000060
148213  -19.979  -79.687  -25.875 0.4000000060
148193  -21.359  -81.898  -31.510 0.4000000060
147996  -18.656  -80.483  -26.308 0.3000000119
147973  -19.191  -80.165  -25.048 0.3000000119
130186  -19.035  -79.950  -26.894 0.4000000060
147956  -21.158  -80.811  -28.774 0.4000000060
130201  -21.426  -81.012  -31.335 0.5000000000
6771  -21.327  -81.334  -32.308 0.5000000000
148161  -20.235  -80.160  -27.771 0.4000000060
147968  -21.201  -80.685  -29.828 0.4000000060
130320  -18.045  -82.912  -31.806 0.1000000015
145852  -17.472  -82.241  -32.506 0.1000000015
148030  -18.726  -80.182  -28.403 0.4000000060
147970  -19.642  -79.729  -30.006 0.4000000060
148129  -20.196  -80.063  -29.650 0.4000000060
8405  -21.121  -79.453  -31.047 0.4000000060
8394  -18.312  -79.588  -30.720 0.4000000060
9305  -19.835  -79.179  -30.690 0.4000000060
148211  -20.429  -79.517  -30.512 0.4000000060
6770  -17.249  -81.012  -32.575 0.1000000015
7563  -17.588  -79.868  -31.105 0.2000000030
8403  -19.043  -79.214  -30.919 0.4000000060
134650  -17.951  -80.171  -32.937 0.4000000060
8402  -18.375  -79.180  -31.483 0.4000000060
2166  -9.692  -87.959  -11.339 0.6999999881
2581  -8.473  -87.370  -11.495 0.6999999881
1284  -10.149  -89.817  -10.646 0.6000000238
2599  -6.567  -88.066  -12.574 0.6999999881
1735  -6.978  -88.582  -12.422 0.6999999881
3139  -9.987  -87.106  -14.961 0.6999999881
2610  -8.905  -87.267  -14.590 0.6999999881
144085  -8.172  -92.665  -16.018 0.6999999881
179  -8.102  -92.952  -15.632 0.6999999881
142522  -9.687  -93.621  -16.549 0.6999999881
2190  -6.187  -88.540  -14.176 0.8000000119
601  -8.521  -91.597  -15.544 0.6999999881
189  -10.472  -94.010  -16.386 0.6999999881
3145  -23.742  -87.210  -14.379 0.4000000060
9317  -10.458  -78.156  -31.499 0.6000000238
5301  -24.598  -82.944  -33.772 0.6000000238
5288  -23.887  -83.613  -33.563 0.6999999881
149456  -9.225  -78.726  -30.569 0.6000000238
138319  -10.353  -79.213  -31.766 0.6000000238
5287  -23.008  -83.844  -33.589 0.6999999881
6043  -22.229  -82.687  -34.600 0.6999999881
8391  -9.664  -79.061  -31.286 0.6000000238
130792  -21.338  -83.270  -34.026 0.6000000238
6042  -21.178  -82.476  -34.518 0.6000000238
5298  -20.400  -83.016  -33.938 0.6000000238
6041  -20.592  -81.968  -34.409 0.6000000238
129924  -20.804  -82.112  -33.274 0.6000000238
6791  -20.559  -81.688  -33.983 0.6000000238
7588  -20.902  -80.641  -34.049 0.6000000238
7587  -17.622  -80.955  -33.694 0.3000000119
8404  -20.519  -78.866  -31.217 0.4000000060
9321  -18.887  -78.505  -32.026 0.4000000060
9322  -19.590  -78.624  -31.379 0.4000000060
147853  -6.588  -88.013  -12.469 0.6999999881
2600  -7.199  -87.524  -13.071 0.6999999881
1743  -6.210  -88.603  -13.303 0.6999999881
2609  -7.510  -87.626  -14.147 0.6999999881
182  -9.548  -93.678  -15.457 0.6999999881
2608  -6.470  -88.207  -14.145 0.8000000119
151905  -4.731  -83.709  -14.792 0.3000000119
5081  -4.229  -84.154  -12.803 0.4000000060
134733  -4.324  -82.186  -12.852 0.3000000119
6579  -4.497  -81.287  -13.776 0.2000000030
7357  -4.160  -80.393  -12.196 0.3000000119
7380  -4.182  -80.123  -13.950 0.1000000015
151855  -24.270  -81.179  -35.101 0.5000000000
6057  -24.044  -81.943  -35.040 0.6999999881
6810  -23.604  -81.217  -35.398 0.6999999881
5300  -23.755  -83.236  -34.108 0.6999999881
9290  -8.447  -77.982  -29.642 0.4000000060
10330  -10.883  -76.812  -31.107 0.6999999881
14756  -22.505  -72.751  -32.642 0.6000000238
14757  -23.289  -72.774  -33.104 0.6000000238
6056  -23.061  -82.036  -35.161 0.6999999881
10305  -7.896  -77.258  -29.366 0.5000000000
11374  -9.315  -76.076  -30.339 0.5000000000
14746  -20.929  -73.195  -31.889 0.6000000238
15843  -22.570  -72.502  -33.109 0.6000000238
146421  -8.316  -75.594  -29.430 0.5000000000
15842  -21.920  -72.281  -32.945 0.6999999881
6054  -21.071  -81.702  -35.077 0.6999999881
14753  -19.738  -72.726  -32.327 0.6999999881
14754  -20.592  -72.662  -32.374 0.6999999881
15857  -21.752  -72.532  -33.676 0.6000000238
14775  -22.879  -72.997  -34.294 0.6000000238
13639  -22.782  -74.329  -34.930 0.6999999881
150106  -20.715  -81.165  -35.184 0.6000000238
14764  -19.555  -72.699  -33.004 0.8000000119
15846  -20.790  -72.323  -33.141 0.6999999881
155749  -20.551  -80.688  -34.998 0.6999999881
14771  -18.493  -73.450  -33.996 0.8000000119
8421  -21.079  -79.619  -34.058 0.8000000119
9330  -19.990  -77.527  -32.349 0.4000000060
136683  -18.029  -80.159  -33.737 0.4000000060
8420  -18.258  -79.276  -33.314 0.4000000060
2565  -9.073  -87.223  -10.763 0.6999999881
3101  -8.409  -86.538  -11.588 0.6999999881
3102  -8.682  -85.922  -11.738 0.6999999881
2601  -8.313  -86.927  -13.526 0.6999999881
2183  -6.362  -88.337  -13.182 0.8000000119
145733  -7.294  -89.862  -14.418 0.6000000238
152576  -6.306  -89.449  -14.806 0.8000000119
367  -7.997  -92.816  -15.295 0.6999999881
146516  -8.466  -93.374  -16.032 0.6999999881
148279  -4.172  -84.138  -12.040 0.6000000238
5828  -4.017  -83.462  -12.255 0.3000000119
12506  -22.140  -75.451  -31.597 0.6000000238
153656  -22.603  -74.875  -32.046 0.6000000238
11387  -20.913  -75.740  -30.615 0.6000000238
12505  -21.246  -75.033  -31.368 0.6000000238
13605  -21.964  -74.479  -31.924 0.6000000238
13611  -22.793  -73.736  -32.291 0.6000000238
6826  -23.266  -80.681  -35.840 0.6999999881
11375  -10.270  -76.092  -30.650 0.6000000238
12499  -20.051  -75.398  -30.206 0.6000000238
13604  -21.258  -74.057  -31.774 0.6000000238
147601  -25.869  -75.980  -36.538 0.5000000000
11448  -24.317  -76.904  -36.287 0.5000000000
8451  -24.156  -79.473  -36.774 0.6999999881
6809  -22.637  -81.287  -35.452 0.6999999881
11361  -7.467  -76.556  -28.861 0.5000000000
12498  -19.042  -74.983  -30.145 0.6999999881
13603  -20.449  -74.084  -31.353 0.6000000238
15859  -23.429  -72.754  -34.014 0.6000000238
14782  -23.252  -73.548  -34.730 0.6000000238
9376  -23.826  -78.501  -37.021 0.6999999881
9384  -23.187  -78.925  -37.273 0.6999999881
143172  -22.596  -80.314  -36.281 0.6999999881
13594  -19.222  -74.443  -30.700 0.8000000119
14745  -20.040  -73.128  -31.669 0.6999999881
12540  -22.770  -75.263  -35.179 0.6000000238
9375  -22.757  -78.404  -36.687 0.6999999881
8459  -21.740  -79.456  -37.126 0.6999999881
6824  -21.380  -80.638  -35.832 0.6999999881
13602  -19.560  -73.845  -31.203 0.6999999881
14743  -18.512  -73.411  -32.314 0.8000000119
14752  -18.196  -73.374  -33.070 0.8000000119
155117  -22.098  -75.522  -35.133 0.6999999881
9363  -21.083  -78.425  -36.012 0.8000000119
140938  -21.967  -74.803  -34.906 0.6000000238
134424  -21.211  -78.130  -35.075 0.8000000119
9362  -20.736  -79.196  -35.869 0.8000000119
11436  -18.177  -76.199  -34.514 0.6000000238
140834  -17.972  -79.733  -34.982 0.4000000060
9352  -18.425  -77.776  -33.988 0.5000000000
9339  -18.982  -77.089  -33.100 0.6000000238
154939  -18.387  -79.023  -33.909 0.4000000060
134887  -18.514  -78.261  -33.406 0.5000000000
9340  -19.237  -77.731  -32.504 0.6000000238
2541  -11.120  -87.925  -9.803 0.6000000238
141950  -9.644  -87.517  -10.436 0.6000000238
3090  -8.696  -86.130  -10.645 0.6999999881
141135  -8.009  -92.971  -15.021 0.6999999881
144610  -8.523  -93.350  -14.721 0.6999999881
157102  -4.501  -83.815  -10.654 0.6999999881
5064  -4.656  -84.292  -11.666 0.6000000238
5794  -4.178  -83.230  -10.823 0.6000000238
6571  -4.016  -82.253  -11.897 0.4000000060
142446  -4.214  -81.341  -12.282 0.3000000119
155999  -4.004  -80.819  -10.861 0.3000000119
8195  -4.083  -79.403  -12.107 0.2000000030
9077  -3.951  -78.778  -12.942 0.2000000030
11395  -21.705  -76.011  -30.993 0.6000000238
12516  -23.287  -74.788  -32.373 0.5000000000
12548  -26.446  -75.229  -36.340 0.5000000000
12490  -19.892  -75.860  -29.347 0.6000000238
13612  -23.617  -73.533  -32.827 0.5000000000
14758  -24.020  -73.017  -33.403 0.6000000238
144357  -25.580  -75.219  -36.299 0.5000000000
11363  -11.348  -75.908  -29.948 0.6000000238
146548  -9.054  -75.550  -30.071 0.6000000238
14776  -24.162  -72.986  -34.332 0.6000000238
13640  -23.677  -74.232  -35.261 0.6000000238
12443  -6.717  -75.277  -27.965 0.5000000000
12461  -7.464  -75.571  -28.684 0.5000000000
12497  -18.699  -75.199  -30.105 0.6999999881
10398  -23.384  -77.574  -36.213 0.6000000238
13601  -18.541  -73.861  -31.624 0.6999999881
11441  -22.968  -76.013  -35.552 0.6999999881
10397  -22.303  -77.615  -36.122 0.6999999881
9374  -21.307  -79.020  -36.805 0.6999999881
6823  -20.775  -80.394  -35.653 0.6999999881
12503  -17.510  -75.401  -31.528 0.8000000119
12515  -17.250  -74.868  -32.406 0.8000000119
11445  -22.011  -76.920  -35.671 0.6999999881
14751  -17.523  -73.763  -33.395 0.8000000119
8448  -17.957  -79.552  -35.913 0.3000000119
8435  -17.935  -78.839  -35.439 0.4000000060
6821  -16.816  -80.624  -35.621 0.2000000030
2539  -9.161  -87.641  -9.416 0.6999999881
2538  -8.444  -87.151  -9.209 0.6000000238
2551  -9.009  -87.140  -10.025 0.6999999881
3685  -8.599  -86.101  -9.821 0.6999999881
132166  -9.485  -85.572  -9.498 0.6999999881
3111  -8.154  -86.482  -12.151 0.6999999881
6552  -4.263  -82.198  -10.150 0.5000000000
146167  -4.017  -82.018  -10.989 0.4000000060
11396  -22.473  -76.311  -31.245 0.6000000238
13619  -25.383  -73.708  -33.931 0.5000000000
157426  -25.631  -73.346  -34.867 0.5000000000
137391  -26.309  -73.522  -35.066 0.5000000000
13613  -24.455  -73.711  -33.439 0.5000000000
12541  -25.197  -74.327  -35.841 0.5000000000
14778  -25.182  -73.327  -34.434 0.5000000000
14784  -24.923  -73.204  -34.779 0.5000000000
143344  -24.358  -74.577  -35.703 0.5000000000
14687  -6.420  -73.820  -27.376 0.6000000238
14673  -6.027  -73.430  -26.666 0.5000000000
14655  -5.459  -72.583  -26.476 0.5000000000
8446  -16.615  -79.631  -36.415 0.3000000119
6542  -4.297  -81.275  -9.416 0.4000000060
7320  -4.206  -80.167  -9.507 0.4000000060
15766  -5.718  -71.650  -27.421 0.5000000000
153906  -4.242  -71.140  -26.561 0.5000000000
16845  -4.624  -70.816  -26.660 0.5000000000
5779  -4.504  -82.484  -9.404 0.6000000238
6535  -4.680  -81.699  -8.761 0.6000000238
133973  -4.053  -79.038  -11.361 0.2000000030
131607  -3.809  -77.649  -11.946 0.2000000030
10299  -22.505  -77.760  -27.638 0.5000000000
10300  -23.462  -78.107  -27.640 0.5000000000
146997  -24.236  -78.354  -27.730 0.5000000000
9250  -24.389  -78.114  -26.086 0.5000000000
17949  -5.877  -70.725  -26.936 0.5000000000
17950  -6.907  -70.169  -27.220 0.6000000238
17913  -4.954  -70.499  -25.049 0.5000000000
19081  -6.707  -69.634  -26.281 0.6000000238
9252  -26.660  -78.612  -26.104 0.4000000060
19079  -5.336  -69.272  -25.440 0.5000000000
17929  -5.302  -70.248  -25.622 0.5000000000
20219  -5.738  -68.607  -25.747 0.5000000000
17930  -5.791  -70.235  -26.259 0.5000000000
7313  -4.497  -80.685  -9.053 0.6000000238
9018  -4.134  -78.631  -10.069 0.5000000000
132892  -4.059  -79.162  -10.566 0.5000000000
149077  -4.005  -78.264  -11.018 0.4000000060
10068  -3.951  -77.252  -11.366 0.3000000119
9265  -25.340  -78.561  -27.066 0.5000000000
17966  -7.751  -70.348  -28.086 0.6999999881
20184  -4.530  -68.199  -24.498 0.5000000000
143826  -6.387  -68.846  -26.076 0.5000000000
20203  -5.654  -67.864  -25.627 0.5000000000
9243  -27.979  -78.172  -25.625 0.4000000060
155985  -4.329  -79.569  -9.467 0.6000000238
10028  -5.104  -77.845  -9.845 0.5000000000
17931  -7.435  -69.854  -26.606 0.6999999881
144242  -8.855  -70.049  -26.399 0.6999999881
17932  -9.795  -70.783  -25.989 0.8999999762
16824  -10.046  -71.393  -25.526 0.8000000119
20222  -8.220  -68.214  -26.391 0.6000000238
150996  -9.327  -68.986  -26.379 0.8000000119
20223  -10.556  -68.935  -25.916 0.8000000119
19083  -10.706  -69.970  -25.135 0.8000000119
136383  -28.187  -77.529  -25.506 0.4000000060
10277  -28.714  -78.006  -25.922 0.3000000119
22593  -5.783  -67.166  -24.318 0.5000000000
21392  -7.050  -67.088  -26.086 0.5000000000
11326  -28.875  -77.275  -25.927 0.2000000030
20205  -10.839  -68.845  -24.857 0.8999999762
11341  -28.901  -76.535  -26.126 0.2000000030
8151  -5.421  -79.840  -8.694 0.6000000238
151675  -4.983  -79.232  -9.039 0.6000000238
10050  -5.325  -76.977  -10.598 0.3000000119
23823  -7.019  -65.543  -23.286 0.6999999881
22583  -7.575  -66.050  -24.107 0.6000000238
22611  -7.886  -66.941  -25.496 0.6000000238
21394  -8.885  -66.852  -26.010 0.6999999881
22582  -6.371  -66.346  -23.744 0.5000000000
22594  -6.742  -66.876  -24.542 0.6000000238
21376  -10.004  -67.177  -25.103 0.8000000119
20204  -10.572  -67.945  -25.575 0.8000000119
9011  -5.760  -78.949  -8.760 0.6000000238
9020  -6.107  -78.074  -9.286 0.6000000238
149827  -5.983  -77.335  -9.974 0.5000000000
22584  -8.667  -65.830  -23.894 0.8000000119
23824  -8.021  -65.051  -23.574 0.6999999881
22595  -8.401  -66.471  -24.781 0.6999999881
22585  -9.277  -66.553  -24.609 0.8000000119
21361  -10.071  -67.233  -24.045 0.8000000119
23822  -5.931  -65.794  -22.996 0.6000000238
21362  -10.642  -67.927  -24.503 0.8999999762
22572  -5.283  -66.370  -22.339 0.5000000000
137106  -11.489  -81.485  -3.703 0.6999999881
9012  -7.801  -78.575  -8.734 0.6000000238
10029  -6.894  -77.179  -9.656 0.6000000238
139349  -7.537  -64.948  -22.889 0.6999999881
23804  -6.621  -65.121  -22.477 0.6999999881
9013  -8.582  -78.758  -8.496 0.6999999881
10019  -8.236  -77.822  -8.824 0.6000000238
11062  -6.419  -76.456  -10.296 0.6000000238
141487  -6.201  -75.728  -10.526 0.5000000000
25060  -7.555  -64.458  -22.210 0.6999999881
23803  -5.817  -65.508  -22.137 0.6000000238
133782  -9.056  -77.805  -8.490 0.6999999881
10030  -7.874  -77.014  -9.308 0.6000000238
12134  -7.354  -75.191  -9.664 0.5000000000
25046  -8.214  -63.694  -21.455 0.6999999881
23784  -5.827  -65.133  -21.467 0.6999999881
23785  -6.355  -64.596  -21.365 0.8000000119
11037  -9.197  -76.093  -8.774 0.6000000238
140700  -7.938  -75.451  -9.279 0.5000000000
26309  -8.081  -62.875  -20.419 0.6999999881
25019  -8.614  -63.725  -20.345 0.6999999881
26308  -7.364  -63.200  -20.566 0.6999999881
25029  -5.991  -64.228  -20.234 0.6999999881
26286  -8.074  -62.940  -19.198 0.8000000119
23764  -4.746  -65.728  -19.981 0.5000000000
13314  -8.127  -74.847  -8.399 0.5000000000
23748  -5.356  -64.885  -19.700 0.4000000060
25017  -6.676  -63.106  -19.934 0.6999999881
157803  -7.492  -62.669  -18.949 0.6000000238
12107  -6.464  -75.717  -7.226 0.4000000060
156203  -7.286  -75.471  -7.221 0.5000000000
25006  -6.027  -63.555  -18.354 0.6000000238
131381  -5.983  -76.447  -6.413 0.4000000060
132655  -5.413  -76.105  -6.900 0.4000000060
12073  -6.325  -76.449  -5.672 0.4000000060
23747  -4.641  -65.451  -19.212 0.4000000060
26250  -6.549  -63.462  -17.517 0.6999999881
23734  -5.202  -64.520  -18.855 0.6000000238
24990  -5.557  -63.568  -17.445 0.6999999881
138230  -6.027  -63.389  -16.798 0.6999999881
23711  -3.755  -64.731  -16.847 0.6000000238
24976  -5.110  -63.395  -16.746 0.6000000238
24964  -3.528  -64.291  -15.432 0.4000000060
26227  -5.617  -63.217  -16.230 0.6999999881
24965  -4.000  -63.766  -15.716 0.5000000000
13235  -5.105  -75.350  -2.452 0.4000000060
137637  -6.043  -63.069  -15.092 0.8000000119
13197  -4.617  -74.629  -0.387 0.6999999881
14281  -3.905  -74.222  0.521 0.6000000238
13196  -4.221  -74.681  -0.646 0.5000000000
26202  -4.600  -63.163  -15.294 0.8000000119
13139  -11.500  -75.038  3.806 0.8999999762
13138  -10.558  -74.872  3.269 0.8999999762
135863  -11.264  -74.905  4.740 0.8999999762
14257  -4.175  -74.101  1.439 0.6000000238
26191  -4.391  -62.859  -14.488 0.8000000119
13129  -10.461  -74.755  4.128 0.8999999762
154498  -10.212  -74.383  5.668 0.8999999762
15405  -3.906  -73.639  1.798 0.5000000000
14282  -4.531  -74.295  0.906 0.6999999881
24920  -3.320  -64.023  -13.284 0.6000000238
14205  -8.537  -74.186  5.227 0.8999999762
134635  -8.899  -74.276  3.832 0.8999999762
13117  -8.671  -74.347  5.930 0.8000000119
13128  -9.598  -74.389  4.392 0.8999999762
13137  -9.713  -74.566  3.578 0.8999999762
13136  -9.028  -74.387  2.931 0.8999999762
14233  -4.380  -73.958  2.302 0.8000000119
26151  -3.578  -63.379  -12.075 0.6000000238
26171  -3.801  -62.814  -13.193 0.6000000238
26143  -3.570  -63.539  -11.262 0.6000000238
15388  -4.137  -73.283  2.586 0.8000000119
131722  -3.998  -71.225  2.287 0.8000000119
149680  -16.185  -65.211  -10.792 0.6999999881
23636  -16.341  -65.302  -11.461 0.6000000238
16491  -4.432  -72.586  3.268 0.8000000119
15372  -5.277  -72.746  3.564 0.8000000119
133764  -3.878  -71.797  1.809 0.6000000238
23608  -3.065  -64.887  -9.575 0.6999999881
27418  -14.323  -62.964  -9.541 0.4000000060
16473  -4.519  -71.672  3.555 0.8000000119
17553  -3.987  -70.580  2.896 0.6999999881
16472  -4.222  -71.633  3.175 0.8000000119
139544  -3.743  -70.874  1.248 0.5000000000
16474  -5.031  -71.881  3.809 0.8000000119
17569  -3.632  -70.054  1.730 0.5000000000
138693  -5.200  -70.450  4.593 0.8999999762
17532  -4.509  -70.227  4.455 0.8000000119
17531  -4.056  -70.023  4.279 0.8000000119
18659  -3.441  -68.893  2.978 0.6999999881
19842  -3.137  -68.080  1.808 0.6000000238
18689  -3.109  -69.092  0.869 0.3000000119
17512  -4.901  -69.848  5.298 0.8000000119
153883  -4.020  -69.336  5.607 0.8000000119
136662  -3.839  -69.954  3.543 0.8000000119
18625  -3.654  -68.949  5.269 0.8000000119
21040  -3.142  -66.947  -1.704 0.6999999881
138515  -3.467  -68.485  4.119 0.8000000119
33103  -18.457  -58.152  -0.069 0.8000000119
20981  -2.999  -66.619  2.791 0.6000000238
20993  -3.117  -66.975  1.947 0.5000000000
22213  -2.660  -65.923  -1.543 0.6999999881
19825  -3.396  -67.560  3.967 0.6999999881
33080  -19.118  -58.349  0.683 0.8000000119
33081  -20.307  -58.349  0.514 0.8000000119
23422  -4.790  -64.653  2.731 0.5000000000
24685  -5.196  -63.826  2.869 0.4000000060
23420  -3.175  -65.001  2.525 0.5000000000
31879  -18.089  -58.302  1.299 0.8000000119
23421  -3.713  -64.572  2.643 0.6000000238
24670  -4.840  -63.517  3.451 0.6000000238
142428  -21.453  -57.888  -0.654 0.8999999762
29651  -10.800  -59.720  0.943 0.8000000119
23440  -3.341  -64.652  0.545 0.6999999881
30727  -18.018  -59.462  2.233 0.8000000119
33062  -20.919  -58.300  1.166 0.6000000238
30744  -22.083  -58.586  1.558 0.5000000000
25914  -5.419  -62.832  3.334 0.6000000238
30721  -11.632  -59.512  1.505 0.8000000119
33106  -22.070  -57.605  -0.532 0.8000000119
33064  -22.320  -57.781  0.294 0.5000000000
31883  -21.891  -58.276  1.240 0.5000000000
27174  -5.945  -62.294  3.271 0.6000000238
28438  -9.561  -60.897  2.329 0.8000000119
33083  -23.288  -57.714  0.161 0.6000000238
29626  -9.959  -60.059  1.537 0.8000000119
31940  -24.091  -58.214  -0.891 0.6999999881
28437  -8.502  -60.857  2.119 0.8000000119
29625  -8.972  -60.352  1.472 0.6999999881
33149  -27.929  -56.820  -2.365 0.5000000000
25963  -4.367  -63.150  0.586 0.6999999881
33108  -23.818  -57.580  -0.175 0.6000000238
28415  -8.071  -61.390  2.793 0.8000000119
34236  -28.571  -56.423  -1.611 0.3000000119
34261  -26.998  -55.788  -3.157 0.6000000238
27175  -6.603  -61.813  3.235 0.6999999881
35353  -28.490  -55.139  -1.948 0.4000000060
33131  -24.320  -57.690  -0.351 0.5000000000
34246  -29.051  -55.836  -1.003 0.4000000060
35345  -29.510  -55.393  -0.137 0.5000000000
28435  -7.121  -61.380  1.929 0.5000000000
134402  -29.368  -53.580  0.032 0.6000000238
131408  -29.259  -52.510  0.916 0.6000000238
148583  -28.925  -52.823  -1.194 0.5000000000
41069  -28.882  -51.403  1.847 0.6000000238
38661  -28.908  -52.271  -0.501 0.6999999881
130951  -28.711  -52.095  -0.169 0.6000000238
146427  -28.892  -51.618  -1.553 0.6999999881
36424  -29.464  -54.642  2.071 0.4000000060
35339  -29.730  -55.487  0.967 0.4000000060
36428  -29.688  -54.704  1.382 0.5000000000
38648  -29.572  -52.950  1.845 0.4000000060
39836  -29.278  -52.102  1.850 0.5000000000
144094  -28.399  -50.925  1.878 0.6000000238
41067  -27.393  -50.083  1.942 0.6000000238
41105  -28.143  -51.391  0.612 0.6000000238
39858  -28.303  -51.594  -0.470 0.6999999881
39893  -29.647  -51.514  -2.020 0.6999999881
37506  -29.426  -53.807  2.300 0.5000000000
38641  -29.195  -52.392  2.463 0.4000000060
41068  -28.024  -50.367  2.461 0.5000000000
41122  -28.016  -50.660  -0.910 0.6999999881
41123  -28.589  -50.769  -1.289 0.6999999881
39860  -30.693  -51.521  -0.198 0.8000000119
39857  -27.981  -51.153  -0.561 0.6000000238
39880  -28.349  -50.934  -1.287 0.6999999881
137723  -29.757  -51.061  -1.373 0.6999999881
39882  -31.259  -52.047  -0.290 0.8000000119
30825  -6.701  -59.036  -2.668 0.5000000000
31981  -6.711  -58.507  -1.688 0.6000000238
136137  -27.401  -50.256  -0.678 0.6999999881
42343  -28.322  -50.472  -0.755 0.8000000119
149353  -30.193  -50.946  -0.087 0.8000000119
41106  -29.659  -50.390  0.202 0.8000000119
147638  -29.619  -49.704  0.773 0.8000000119
42329  -31.976  -48.844  0.811 0.8000000119
141844  -7.595  -57.927  -1.760 0.6999999881
34271  -7.796  -57.389  -1.457 0.6999999881
42362  -33.116  -50.203  -2.060 0.6999999881
42342  -27.616  -50.233  -0.698 0.6999999881
42326  -28.176  -49.826  -0.347 0.8000000119
42327  -28.844  -50.067  -0.058 0.8000000119
43439  -27.060  -49.422  0.104 0.6999999881
42300  -30.176  -48.914  1.317 0.8000000119
42302  -31.956  -48.542  1.286 0.8000000119
44496  -31.047  -47.963  1.738 0.8000000119
34293  -11.253  -56.560  -3.296 0.5000000000
42346  -32.571  -49.393  0.259 0.8000000119
44512  -31.057  -48.289  0.867 0.8000000119
35388  -9.842  -55.947  -1.583 0.6000000238
42361  -32.759  -49.490  -1.680 0.6999999881
140187  -32.040  -48.319  -0.451 0.6999999881
36454  -10.273  -55.171  -2.087 0.6999999881
133587  -9.114  -56.035  -1.929 0.6999999881
35390  -11.501  -56.555  -1.211 0.6000000238
42400  -32.193  -50.088  -3.880 0.6999999881
43469  -32.013  -48.295  -1.432 0.6999999881
36475  -13.922  -54.930  -1.769 0.6000000238
43413  -27.636  -48.595  1.149 0.6999999881
42298  -28.020  -49.262  0.370 0.6999999881
43415  -29.744  -48.294  1.504 0.8000000119
147222  -29.094  -47.700  1.713 0.8000000119
44494  -29.838  -47.644  1.503 0.8000000119
44529  -31.548  -48.052  0.137 0.8000000119
138362  -10.697  -55.609  -1.151 0.6999999881
35369  -11.275  -55.888  -0.722 0.6000000238
35371  -12.937  -55.459  -1.345 0.6000000238
157875  -31.831  -48.402  -2.246 0.6999999881
44547  -31.532  -47.794  -1.032 0.6999999881
37542  -10.743  -54.400  -2.240 0.6999999881
36457  -13.675  -54.813  -1.393 0.6000000238
36476  -14.965  -54.617  -2.043 0.6000000238
43482  -30.876  -48.094  -3.692 0.8000000119
44553  -30.927  -47.407  -2.897 0.8000000119
37548  -15.738  -54.372  -2.392 0.5000000000
36478  -16.159  -54.342  -3.036 0.6000000238
43496  -30.235  -48.102  -4.331 0.6999999881
37543  -11.315  -53.439  -2.449 0.6999999881
38742  -18.874  -52.553  -4.941 0.6000000238
44492  -27.220  -47.789  1.678 0.6999999881
44493  -28.184  -47.749  1.776 0.8000000119
153518  -28.670  -47.059  1.805 0.8000000119
45552  -29.527  -46.844  1.498 0.8000000119
45551  -28.658  -46.286  1.641 0.6999999881
44510  -30.214  -47.175  1.077 0.8000000119
45574  -30.707  -45.892  0.265 0.8000000119
44546  -30.904  -47.194  -0.541 0.8000000119
35351  -11.784  -55.407  -0.667 0.6999999881
36441  -12.988  -54.668  -1.154 0.6999999881
45593  -30.332  -46.089  -0.765 0.6999999881
45594  -30.612  -46.636  -1.217 0.8000000119
36455  -11.396  -54.827  -1.057 0.6999999881
36459  -15.193  -54.378  -2.012 0.6000000238
44561  -30.410  -47.392  -3.882 0.6999999881
45597  -30.507  -46.640  -2.280 0.6000000238
37563  -16.269  -54.031  -2.937 0.5000000000
38720  -16.943  -53.481  -3.514 0.5000000000
45604  -30.030  -46.758  -4.076 0.8000000119
45599  -30.395  -46.796  -3.258 0.6999999881
142937  -17.683  -53.819  -3.729 0.6000000238
38731  -18.368  -53.504  -4.219 0.6000000238
150602  -18.183  -52.463  -4.457 0.5000000000
38732  -19.177  -53.690  -4.604 0.6000000238
45550  -27.837  -45.829  1.724 0.6000000238
46668  -27.668  -44.907  1.312 0.6000000238
46669  -28.491  -45.415  1.182 0.6000000238
46701  -29.586  -45.645  -0.519 0.6000000238
37530  -12.692  -54.068  -0.976 0.6999999881
37531  -13.511  -53.827  -1.040 0.6999999881
37546  -14.851  -53.799  -1.695 0.6000000238
46700  -28.599  -45.032  -0.580 0.6000000238
46720  -29.820  -45.729  -1.594 0.6000000238
46721  -30.274  -46.177  -1.719 0.6000000238
38706  -15.835  -53.734  -2.381 0.6000000238
38719  -16.228  -53.114  -3.053 0.5000000000
46725  -30.145  -45.914  -2.235 0.5000000000
46729  -30.254  -46.059  -2.913 0.6999999881
38730  -17.589  -52.925  -4.054 0.6000000238
39927  -17.673  -51.873  -4.268 0.5000000000
39928  -18.329  -51.660  -4.868 0.5000000000
45603  -29.528  -46.242  -4.133 0.6999999881
38743  -19.708  -52.116  -5.440 0.6000000238
42423  -24.201  -49.608  -5.392 0.6999999881
42420  -21.666  -49.294  -5.886 0.6000000238
47751  -27.058  -44.460  0.587 0.4000000060
47774  -27.938  -44.509  -0.662 0.4000000060
47784  -28.305  -44.622  -1.418 0.5000000000
46724  -29.496  -45.441  -2.244 0.6000000238
152826  -29.955  -45.561  -2.780 0.6999999881
46728  -29.773  -45.633  -3.469 0.6999999881
41189  -18.384  -50.776  -5.378 0.5000000000
41191  -20.132  -50.203  -6.056 0.5000000000
42417  -18.419  -49.794  -5.827 0.4000000060
42419  -20.294  -49.363  -6.232 0.6000000238
47772  -26.409  -43.910  0.014 0.4000000060
47783  -27.544  -44.155  -1.227 0.5000000000
47787  -28.021  -44.095  -2.013 0.6000000238
47790  -28.802  -44.505  -3.375 0.6999999881
46727  -29.136  -45.044  -3.815 0.6999999881
141514  -27.252  -44.992  -5.112 0.6999999881
42439  -17.989  -48.920  -6.087 0.4000000060
43527  -19.131  -48.304  -6.422 0.4000000060
42440  -18.850  -49.007  -6.245 0.5000000000
48795  -27.191  -43.630  -1.699 0.6000000238
48802  -28.425  -43.875  -2.938 0.6000000238
48806  -28.373  -43.747  -3.751 0.6000000238
47806  -28.606  -44.416  -4.132 0.6999999881
143432  -28.051  -43.777  -4.464 0.6000000238
146452  -18.416  -48.424  -6.409 0.3000000119
44595  -19.507  -47.644  -6.517 0.4000000060
43526  -17.604  -48.165  -6.451 0.3000000119
44594  -18.415  -47.624  -6.625 0.3000000119
45624  -20.888  -46.958  -6.245 0.4000000060
44592  -16.332  -46.912  -6.276 0.3000000119
45653  -19.112  -46.841  -6.656 0.3000000119
48829  -26.891  -43.284  -5.553 0.5000000000
48845  -26.516  -42.643  -5.920 0.5000000000
44593  -17.253  -47.286  -6.669 0.4000000060
45652  -17.895  -46.480  -6.840 0.3000000119
45650  -15.630  -45.986  -6.137 0.4000000060
49847  -27.069  -42.322  -5.203 0.5000000000
45651  -16.659  -46.282  -6.599 0.4000000060
49856  -23.236  -42.882  -6.907 0.4000000060
49872  -22.300  -42.696  -7.046 0.4000000060
51975  -24.510  -40.111  -7.213 0.2000000030
49871  -21.457  -42.573  -7.190 0.4000000060
154315  -22.313  -41.367  -7.960 0.1000000015
50961  -23.705  -41.342  -7.540 0.2000000030
156658  -24.125  -40.565  -7.555 0.2000000030
49869  -19.385  -42.330  -7.512 0.3000000119
50959  -21.084  -41.872  -7.609 0.2000000030
157340  -18.283  -41.625  -7.351 0.2000000030
49867  -17.250  -41.304  -6.977 0.2000000030
50981  -23.458  -40.678  -7.932 0.2000000030
50957  -18.749  -41.300  -7.614 0.1000000015
50978  -20.507  -41.189  -8.208 0.1000000015
134472  -17.643  -40.681  -7.191 0.1000000015
50954  -15.069  -41.208  -6.996 0.1000000015
48875  -15.379  -42.570  -8.065 0.1000000015
1413  -10.978  -88.683  -23.542 0.3000000119
1027  -17.864  -91.085  -25.067 0.6999999881
148181  -19.406  -83.329  -29.893 0.1000000015
156418  -18.781  -82.975  -30.417 0.1000000015
147991  -18.495  -82.462  -29.395 0.1000000015
1724  -9.981  -88.650  -11.591 0.6000000238
2579  -7.125  -87.745  -12.267 0.6999999881
3100  -7.506  -87.321  -12.196 0.6999999881
1829  -6.579  -88.766  -26.169 0.4000000060
1400  -7.584  -90.690  -24.212 0.4000000060
140920  -14.925  -92.138  -23.240 0.6999999881
148219  -20.770  -85.956  -21.126 0.4000000060
155231  -26.078  -86.693  -25.809 0.5000000000
10316  -9.525  -76.651  -30.547 0.6000000238
5082  -4.632  -84.531  -12.488 0.6000000238
142470  -25.161  -87.697  -19.841 0.5000000000
10372  -19.812  -76.957  -32.807 0.6000000238
10389  -18.159  -77.106  -34.918 0.6000000238
1775  -23.400  -89.385  -16.153 0.5000000000
150519  -4.791  -84.135  -8.582 0.8000000119
5049  -4.503  -83.310  -10.092 0.6999999881
13617  -16.372  -74.616  -33.755 0.8000000119
10396  -17.152  -78.022  -35.848 0.4000000060
141010  -3.084  -65.137  -8.717 0.6999999881
147277  -19.722  -58.782  2.064 0.6999999881
31880  -20.027  -58.587  1.661 0.8000000119
33061  -20.136  -58.458  1.253 0.6999999881
30742  -12.024  -58.999  0.597 0.8000000119
30759  -12.664  -58.774  -0.021 0.8000000119
33082  -21.201  -58.188  0.240 0.6999999881
33129  -22.179  -57.677  -1.062 0.6999999881
149275  -24.724  -57.579  0.072 0.3000000119
33104  -19.534  -58.313  -0.245 0.8000000119
33128  -21.602  -57.759  -1.275 0.8999999762
33110  -25.070  -57.723  -0.296 0.6000000238
42379  -32.908  -50.378  -2.839 0.6999999881
42328  -30.570  -49.616  1.156 0.8000000119
42330  -32.514  -49.870  0.491 0.8000000119
41125  -33.002  -50.048  -0.159 0.6999999881
42398  -30.634  -49.598  -4.645 0.6000000238
42425  -25.952  -49.693  -5.456 0.6999999881
44560  -29.731  -47.438  -4.428 0.6000000238
139933  -9.571  -55.243  -2.434 0.6999999881
42424  -25.088  -49.710  -5.487 0.6999999881
45602  -28.365  -45.850  -4.588 0.6999999881
47805  -28.009  -44.605  -4.669 0.6999999881
149508  -19.839  -48.254  -6.429 0.4000000060
43508  -21.010  -49.000  -6.216 0.5000000000
48844  -26.001  -43.326  -6.167 0.5000000000
48843  -25.105  -43.182  -6.448 0.4000000060
139353  -20.050  -47.007  -6.520 0.4000000060
48859  -20.955  -43.111  -6.959 0.4000000060
148397  -15.539  -46.545  -5.755 0.4000000060
144182  -14.725  -44.957  -5.649 0.4000000060
147422  -16.316  -41.655  -6.758 0.3000000119
41084  -31.644  -49.071  0.998 0.8000000119
34272  -8.428  -57.076  -1.497 0.6999999881
154440  -21.657  -49.837  -5.878 0.6999999881
42441  -19.664  -48.869  -6.321 0.5000000000
49870  -20.583  -42.497  -7.365 0.4000000060
998  -12.033  -90.260  -22.466 0.6999999881
1405  -11.790  -88.602  -23.199 0.6000000238
965  -6.113  -90.581  -18.731 0.6999999881
141520  -6.157  -88.619  -18.720 0.8000000119
148236  -18.509  -85.172  -22.086 0.4000000060
2653  -6.401  -88.372  -18.973 0.8000000119
2200  -5.893  -88.815  -16.461 0.6999999881
1779  -28.469  -90.460  -16.840 0.4000000060
2258  -28.167  -88.196  -25.897 0.6000000238
148172  -20.234  -81.517  -23.922 0.3000000119
148043  -21.376  -83.950  -31.751 0.6000000238
8395  -18.986  -79.615  -30.346 0.4000000060
150783  -9.282  -89.087  -11.886 0.6000000238
1734  -6.378  -88.449  -12.747 0.6999999881
129915  -22.418  -85.068  -32.061 0.6000000238
4568  -23.595  -84.250  -33.080 0.6999999881
148171  -19.686  -80.175  -28.591 0.4000000060
139222  -24.310  -81.634  -34.742 0.6999999881
9385  -24.229  -78.902  -37.311 0.5000000000
145935  -23.649  -75.346  -35.640 0.6000000238
21393  -8.064  -66.933  -25.959 0.5000000000
22612  -8.663  -66.690  -25.474 0.6999999881
31882  -21.254  -58.328  1.697 0.6000000238
31900  -23.647  -58.010  0.497 0.5000000000
35354  -29.032  -54.667  -1.253 0.6000000238
36431  -29.657  -54.588  0.471 0.4000000060
133177  -29.713  -53.990  0.926 0.5000000000
37515  -29.457  -53.146  0.716 0.5000000000
37521  -28.943  -52.507  -0.808 0.6999999881
41056  -28.612  -50.826  2.743 0.6000000238
37534  -28.702  -52.197  -2.237 0.6999999881
39859  -28.583  -51.350  -1.366 0.6999999881
37511  -29.674  -53.858  1.595 0.5000000000
38647  -29.255  -53.095  2.508 0.5000000000
41083  -27.717  -50.802  1.235 0.6000000238
137729  -28.720  -50.887  -1.553 0.6999999881
41104  -27.544  -50.839  -0.166 0.6000000238
41124  -29.119  -50.757  -1.250 0.8000000119
42344  -28.858  -50.474  -0.852 0.8000000119
33175  -7.661  -57.933  -2.905 0.6999999881
41102  -25.944  -50.417  -0.650 0.6000000238
42299  -29.018  -49.236  0.787 0.8000000119
42301  -31.185  -48.605  1.298 0.8000000119
33161  -8.110  -57.497  -1.705 0.6000000238
43470  -32.460  -48.883  -0.753 0.6999999881
42324  -26.613  -49.831  -0.834 0.6000000238
43414  -28.636  -48.460  1.396 0.8000000119
43417  -31.479  -48.493  1.314 0.8000000119
43416  -30.902  -48.165  2.066 0.8000000119
42345  -32.118  -48.780  0.564 0.8000000119
34274  -10.159  -55.829  -1.731 0.6999999881
35389  -10.619  -56.286  -1.189 0.6000000238
35368  -10.175  -56.000  -1.377 0.6999999881
34273  -9.019  -56.539  -1.703 0.6999999881
42360  -32.404  -49.279  -2.459 0.8000000119
35391  -12.388  -56.263  -1.657 0.5000000000
35352  -12.307  -55.333  -0.838 0.6000000238
43483  -31.393  -48.874  -3.489 0.6999999881
42377  -32.193  -49.468  -3.323 0.8000000119
44527  -30.385  -46.629  0.243 0.8000000119
44550  -31.484  -47.855  -2.096 0.6999999881
44554  -31.396  -48.237  -2.892 0.8000000119
45575  -30.405  -46.339  -0.158 0.6999999881
36442  -13.841  -54.359  -1.155 0.6000000238
43497  -30.770  -48.850  -4.198 0.6999999881
42399  -31.466  -49.642  -4.109 0.6999999881
37564  -17.141  -54.254  -3.545 0.6000000238
45566  -29.411  -45.985  1.257 0.6999999881
45567  -30.444  -46.119  1.125 0.6999999881
46682  -29.816  -45.967  0.538 0.6999999881
154566  -30.117  -46.237  -3.590 0.6999999881
138841  -27.178  -45.413  1.786 0.6000000238
46699  -28.056  -44.703  0.346 0.6000000238
140955  -28.948  -45.468  0.386 0.6000000238
46719  -29.008  -45.284  -1.509 0.5000000000
41190  -19.214  -50.498  -5.815 0.5000000000
47773  -27.262  -44.260  -0.367 0.4000000060
47791  -29.416  -45.139  -3.022 0.6999999881
47788  -28.806  -44.734  -2.368 0.6000000238
153494  -29.052  -45.713  -4.203 0.6999999881
42418  -19.431  -49.630  -6.110 0.5000000000
48805  -28.019  -43.172  -3.425 0.6000000238
132492  -23.052  -42.121  -7.410 0.3000000119
50960  -22.094  -41.884  -7.501 0.1000000015
138257  -22.870  -41.405  -7.810 0.2000000030
50958  -19.964  -41.736  -7.747 0.2000000030
50979  -21.678  -41.226  -8.148 0.1000000015
50977  -19.267  -40.846  -8.062 0.1000000015
140288  -16.865  -40.221  -6.981 0.1000000015
5200  -4.866  -83.875  -24.285 0.1000000015
4497  -7.088  -83.922  -25.216 0.1000000015
4498  -8.342  -84.228  -24.798 0.1000000015
4506  -9.005  -84.955  -25.159 0.1000000015
5192  -5.548  -83.272  -23.989 0.1000000015
5191  -4.913  -83.664  -23.476 0.1000000015
1614  -9.303  -89.598  2.270 0.4000000060
1181  -9.623  -90.454  2.262 0.3000000119
1171  -9.925  -90.711  3.048 0.3000000119
2053  -9.139  -88.783  1.590 0.4000000060
2052  -8.719  -88.595  0.807 0.4000000060
148936  -9.380  -89.741  0.765 0.4000000060
2063  -7.937  -88.098  -0.805 0.4000000060
5202  -6.168  -83.446  -24.705 0.1000000015
3820  -9.875  -85.348  -24.719 0.1000000015
5203  -7.549  -83.549  -24.414 0.1000000015
3812  -10.214  -85.140  -23.850 0.1000000015
5934  -6.118  -82.584  -23.368 0.1000000015
1604  -9.377  -89.533  3.324 0.3000000119
134484  -9.458  -90.120  2.980 0.3000000119
808  -10.595  -91.631  2.941 0.3000000119
1182  -10.165  -91.059  2.296 0.4000000060
813  -10.597  -91.655  1.874 0.4000000060
1194  -9.825  -90.368  0.599 0.5000000000
2469  -8.218  -87.801  0.492 0.4000000060
2474  -7.837  -87.640  -0.118 0.4000000060
140798  -8.573  -89.209  -0.586 0.5000000000
2492  -7.765  -87.435  -1.366 0.6000000238
3011  -8.125  -87.143  -2.341 0.6000000238
146096  -8.354  -88.791  -1.496 0.6000000238
3599  -9.947  -85.366  -1.906 0.6000000238
3615  -9.343  -86.109  -2.359 0.6000000238
3614  -8.304  -86.341  -1.996 0.6000000238
4272  -10.922  -85.033  -2.118 0.6000000238
4486  -8.678  -84.017  -23.958 0.1000000015
5193  -6.763  -83.030  -23.902 0.1000000015
1855  -19.637  -88.875  -25.963 0.3000000119
148706  -9.165  -88.215  1.642 0.4000000060
2451  -9.535  -88.099  2.822 0.4000000060
140408  -10.185  -90.963  3.941 0.3000000119
798  -10.892  -91.798  4.115 0.3000000119
2470  -9.102  -87.384  1.387 0.4000000060
2980  -7.589  -86.842  0.221 0.4000000060
1195  -10.326  -90.850  0.498 0.4000000060
1196  -11.141  -91.066  0.459 0.4000000060
1636  -10.038  -90.190  -0.744 0.5000000000
2997  -7.559  -86.604  -1.157 0.6000000238
1635  -9.327  -89.862  -0.882 0.5000000000
1642  -8.767  -89.459  -1.397 0.6000000238
1644  -9.636  -89.796  -1.465 0.5000000000
2500  -8.080  -87.857  -3.121 0.6000000238
2078  -8.339  -88.872  -3.044 0.6000000238
7281  -12.113  -81.170  -3.204 0.6000000238
5695  -13.310  -82.580  -3.115 0.6000000238
4952  -12.725  -83.581  -2.193 0.6000000238
6510  -12.687  -81.771  -4.106 0.6000000238
4953  -13.142  -83.171  -2.612 0.6000000238
4274  -12.601  -84.250  -2.484 0.6000000238
4275  -13.253  -83.905  -2.790 0.6000000238
1028  -18.660  -91.036  -25.136 0.4000000060
148148  -19.419  -88.948  -24.801 0.3000000119
148233  -17.786  -87.128  -22.610 0.2000000030
155510  -21.410  -85.135  -25.942 0.2000000030
2030  -9.549  -89.679  4.464 0.3000000119
1161  -9.879  -90.457  4.730 0.3000000119
2465  -9.541  -87.725  1.986 0.4000000060
484  -11.561  -92.342  3.418 0.4000000060
479  -11.152  -91.976  5.114 0.3000000119
480  -11.780  -92.431  4.414 0.4000000060
814  -12.075  -92.170  1.694 0.4000000060
485  -12.366  -92.703  3.833 0.4000000060
488  -12.294  -92.751  2.988 0.4000000060
2986  -7.300  -86.056  -0.687 0.5000000000
818  -11.649  -91.601  1.086 0.4000000060
142738  -10.905  -90.145  -0.624 0.5000000000
138569  -10.648  -89.749  -1.209 0.5000000000
3598  -8.799  -85.565  -1.695 0.6000000238
1653  -9.073  -89.485  -2.499 0.5000000000
4252  -11.294  -84.385  -1.681 0.6000000238
1744  -6.479  -89.096  -13.030 0.6000000238
931  -8.219  -90.481  -14.124 0.6000000238
3616  -10.466  -85.792  -2.566 0.6000000238
3012  -8.683  -86.873  -2.774 0.6000000238
7625  -17.872  -79.962  -36.059 0.3000000119
146045  -10.177  -90.827  5.728 0.3000000119
471  -11.668  -91.561  6.710 0.3000000119
2037  -9.378  -88.813  3.568 0.4000000060
145736  -12.050  -92.441  5.330 0.4000000060
246  -12.992  -92.512  4.875 0.4000000060
250  -13.231  -92.709  3.518 0.4000000060
489  -12.974  -92.772  2.760 0.4000000060
815  -13.111  -92.381  1.731 0.4000000060
498  -14.061  -92.413  1.469 0.4000000060
819  -12.813  -91.692  1.193 0.4000000060
3596  -7.386  -85.834  -1.009 0.5000000000
1203  -11.780  -90.364  -0.164 0.4000000060
1204  -13.184  -90.412  -0.055 0.4000000060
1645  -11.622  -89.134  -1.597 0.5000000000
1659  -8.045  -89.169  -4.131 0.6000000238
1320  -7.331  -89.695  -13.543 0.6000000238
6469  -12.508  -81.353  -2.723 0.6000000238
3021  -8.186  -87.656  -3.366 0.6000000238
2086  -7.946  -88.487  -4.065 0.6000000238
1745  -6.985  -89.150  -12.689 0.6000000238
135497  -8.443  -91.302  -13.799 0.6000000238
3022  -8.036  -87.754  -4.379 0.6000000238
3032  -8.190  -87.127  -5.690 0.6000000238
584  -8.262  -91.990  -14.070 0.6000000238
3013  -9.714  -86.468  -3.218 0.6000000238
133432  -9.154  -86.875  -4.070 0.6000000238
3033  -9.615  -86.537  -4.909 0.6000000238
3039  -9.423  -86.432  -5.962 0.6000000238
339  -8.385  -92.503  -10.764 0.5000000000
329  -7.800  -92.461  -10.007 0.5000000000
136644  -8.856  -93.062  -11.397 0.5000000000
4982  -13.864  -83.180  -4.021 0.6000000238
3049  -10.770  -86.195  -6.290 0.6000000238
156  -8.718  -93.089  -12.408 0.5000000000
58  -10.108  -93.571  -12.374 0.5000000000
142698  -16.501  -93.601  -16.865 0.6000000238
618  -17.954  -92.836  -17.885 0.6000000238
476  -12.664  -92.224  5.580 0.2000000030
477  -13.251  -92.238  5.295 0.3000000119
1173  -14.995  -91.174  3.556 0.2000000030
135450  -17.918  -90.965  -1.340 0.2000000030
830  -17.944  -91.305  -1.756 0.2000000030
137477  -17.793  -89.848  -3.081 0.2000000030
1663  -17.114  -89.519  -3.829 0.1000000015
1230  -16.550  -90.027  -4.167 0.2000000030
790  -14.495  -92.000  4.504 0.2000000030
1221  -17.139  -90.427  -3.377 0.2000000030
482  -14.176  -92.261  4.462 0.4000000060
2971  -7.047  -85.715  0.275 0.4000000060
3581  -6.897  -85.180  -0.402 0.5000000000
144855  -13.849  -92.628  3.161 0.4000000060
257  -13.713  -92.632  2.271 0.4000000060
820  -13.856  -91.994  1.006 0.4000000060
3582  -7.293  -85.133  -0.822 0.5000000000
254  -14.193  -92.588  2.537 0.4000000060
139599  -14.112  -92.521  1.764 0.4000000060
1205  -14.181  -90.736  -0.314 0.4000000060
4250  -9.330  -84.826  -1.295 0.6000000238
1661  -9.531  -89.352  -3.122 0.5000000000
1646  -12.827  -89.172  -1.304 0.4000000060
4251  -10.418  -84.648  -1.497 0.6000000238
1308  -8.183  -89.965  -12.686 0.6000000238
924  -8.267  -90.441  -13.196 0.6000000238
132861  -8.304  -91.743  -11.453 0.5000000000
143  -8.655  -93.077  -10.277 0.5000000000
145  -10.093  -93.549  -10.062 0.5000000000
3618  -12.248  -84.832  -2.953 0.6000000238
351  -8.224  -92.399  -13.967 0.6000000238
5728  -13.695  -82.659  -4.419 0.6000000238
3024  -11.455  -86.017  -4.001 0.6000000238
3040  -10.547  -86.272  -5.473 0.6000000238
3048  -9.454  -86.273  -6.814 0.6000000238
49  -10.737  -93.786  -11.737 0.4000000060
5738  -13.352  -82.437  -5.208 0.6000000238
135744  -10.300  -93.649  -13.170 0.5000000000
59  -11.062  -93.967  -12.589 0.5000000000
72  -11.083  -94.608  -14.222 0.6000000238
67  -11.101  -94.215  -13.439 0.5000000000
88  -12.912  -95.028  -16.979 0.6000000238
85  -14.152  -94.811  -16.639 0.5000000000
192  -15.027  -93.500  -16.889 0.5000000000
184  -14.182  -94.500  -16.042 0.5000000000
134972  -15.575  -93.521  -16.869 0.5000000000
1184  -15.391  -90.741  2.638 0.3000000119
1627  -15.904  -89.752  1.461 0.2000000030
1222  -18.321  -89.966  -2.396 0.2000000030
1191  -16.051  -90.625  1.874 0.2000000030
1629  -17.262  -90.196  0.519 0.2000000030
1199  -17.525  -90.770  0.149 0.3000000119
1216  -17.864  -90.760  -2.473 0.2000000030
2973  -9.004  -86.467  1.241 0.4000000060
483  -14.863  -92.027  3.948 0.4000000060
139096  -10.187  -83.433  -0.304 0.6000000238
1174  -15.562  -91.670  3.190 0.3000000119
490  -15.457  -92.267  2.613 0.4000000060
499  -14.610  -92.362  0.539 0.4000000060
259  -15.415  -92.634  1.578 0.4000000060
138310  -15.300  -92.677  0.864 0.4000000060
136326  -14.938  -92.603  -0.183 0.4000000060
1206  -14.523  -91.334  -0.762 0.4000000060
138621  -12.635  -81.679  -2.231 0.6000000238
5678  -12.138  -82.365  -0.875 0.6000000238
579  -8.340  -92.011  -11.669 0.5000000000
905  -8.116  -91.746  -10.580 0.5000000000
3023  -10.402  -86.389  -3.989 0.6000000238
166  -8.353  -93.162  -13.514 0.5000000000
338  -8.233  -92.172  -10.774 0.5000000000
140137  -13.816  -84.356  -4.147 0.6000000238
153582  -13.394  -84.591  -3.688 0.6000000238
152459  -8.634  -86.340  -8.135 0.6000000238
3065  -8.334  -86.277  -8.828 0.6000000238
183  -10.366  -94.009  -15.553 0.6000000238
77  -10.880  -94.363  -15.019 0.6000000238
73  -11.699  -95.046  -14.078 0.6000000238
157218  -11.721  -94.882  -16.083 0.6000000238
74  -12.446  -95.085  -14.711 0.6000000238
79  -12.960  -95.093  -15.566 0.6000000238
75  -12.873  -94.775  -14.219 0.5000000000
70  -12.653  -94.426  -13.384 0.5000000000
84  -13.549  -95.119  -16.273 0.6000000238
80  -13.795  -94.813  -15.601 0.6000000238
185  -14.583  -93.682  -16.575 0.5000000000
131355  -15.923  -92.936  -16.930 0.6000000238
5000  -14.354  -83.456  -6.479 0.6000000238
1200  -17.734  -90.561  -0.559 0.2000000030
3574  -6.082  -84.394  0.115 0.5000000000
4237  -7.320  -84.446  -0.679 0.5000000000
4924  -9.135  -83.615  -0.287 0.6000000238
4926  -11.695  -83.100  -0.761 0.6000000238
261  -15.050  -92.652  -0.378 0.4000000060
7232  -12.249  -81.066  -0.824 0.6000000238
155  -8.425  -92.621  -12.837 0.5000000000
3633  -11.961  -85.839  -4.687 0.6000000238
176  -9.585  -93.623  -14.190 0.6000000238
66  -9.618  -93.558  -13.642 0.5000000000
131987  -13.332  -85.215  -4.970 0.6000000238
3634  -12.708  -85.366  -4.464 0.6000000238
3046  -7.805  -87.392  -7.960 0.6000000238
4302  -14.306  -84.470  -5.455 0.6000000238
139206  -13.275  -94.998  -15.042 0.6000000238
5677  -11.642  -82.531  -0.292 0.6000000238
6443  -11.980  -81.605  -0.280 0.6000000238
7267  -10.756  -80.721  -2.405 0.6000000238
7268  -11.658  -80.672  -2.205 0.6000000238
363  -13.327  -93.933  -14.870 0.5000000000
133583  -6.885  -83.349  0.220 0.5000000000
4916  -8.491  -83.137  0.270 0.6000000238
4918  -10.930  -82.922  0.010 0.6000000238
7249  -10.434  -80.390  -1.526 0.6000000238
7214  -11.826  -80.824  -0.050 0.6000000238
7266  -9.676  -80.847  -2.163 0.6000000238
150904  -11.970  -80.659  -0.852 0.6000000238
7248  -9.382  -80.411  -1.496 0.6000000238
7230  -10.121  -80.160  -0.742 0.6000000238
8099  -10.731  -79.976  -0.003 0.6000000238
5667  -10.681  -82.366  0.713 0.6000000238
150480  -11.136  -81.734  0.935 0.6000000238
8109  -6.838  -80.166  -0.928 0.6000000238
8110  -7.855  -80.000  -0.706 0.6000000238
154624  -10.569  -81.440  1.819 0.6000000238
7205  -11.019  -80.464  1.215 0.6000000238
8075  -6.402  -79.512  0.469 0.6000000238
8097  -8.782  -79.791  0.073 0.6000000238
13521  -5.778  -73.596  -25.855 0.2000000030
6400  -10.375  -81.090  2.307 0.6000000238
6416  -10.977  -81.117  1.408 0.6000000238
141113  -6.265  -77.332  1.252 0.6000000238
8093  -5.025  -78.725  0.308 0.6000000238
8077  -9.690  -79.831  0.881 0.6000000238
154175  -5.816  -73.403  -24.525 0.2000000030
14654  -5.442  -72.859  -25.586 0.4000000060
14627  -5.599  -73.181  -23.951 0.2000000030
6387  -8.826  -81.317  4.430 0.6000000238
7188  -10.160  -80.569  2.520 0.6000000238
8062  -10.456  -80.047  1.574 0.6000000238
8918  -5.014  -78.098  1.207 0.6000000238
8073  -5.248  -78.986  0.703 0.6000000238
137323  -7.622  -79.636  0.277 0.6000000238
13331  -4.880  -74.606  -9.441 0.3000000119
140482  -3.651  -74.426  -10.942 0.3000000119
156784  -5.309  -72.363  -23.893 0.3000000119
16804  -4.964  -71.600  -24.312 0.3000000119
144115  -4.463  -71.533  -25.811 0.4000000060
5616  -8.098  -82.016  5.123 0.6000000238
6381  -8.492  -80.893  4.902 0.6000000238
7177  -9.417  -80.273  3.665 0.6000000238
8043  -9.332  -79.768  2.657 0.6000000238
8060  -8.446  -79.601  2.050 0.6000000238
135476  -6.599  -77.245  2.022 0.6000000238
9887  -5.056  -77.707  2.369 0.6000000238
9905  -5.556  -77.422  1.839 0.6000000238
149639  -5.301  -78.543  1.460 0.6000000238
140119  -6.080  -79.277  1.081 0.6000000238
8076  -8.566  -79.696  1.042 0.6000000238
13311  -4.657  -74.905  -8.537 0.3000000119
148309  -4.306  -76.118  -6.915 0.3000000119
12105  -3.699  -75.363  -7.291 0.3000000119
132918  -4.382  -74.544  -10.348 0.3000000119
140490  -4.919  -70.862  -23.017 0.3000000119
17899  -4.584  -70.136  -23.565 0.3000000119
151779  -4.773  -70.055  -24.350 0.4000000060
6372  -7.143  -81.630  6.326 0.4000000060
151095  -5.915  -81.091  6.357 0.4000000060
7167  -7.828  -80.569  5.346 0.5000000000
7174  -8.856  -79.916  4.195 0.6000000238
7172  -7.101  -80.015  5.040 0.5000000000
8028  -8.406  -79.644  3.736 0.6000000238
8041  -7.291  -79.334  2.436 0.6000000238
145793  -6.246  -79.127  1.836 0.6000000238
9890  -8.536  -77.316  2.422 0.5000000000
9889  -6.499  -77.064  2.993 0.6000000238
8025  -4.925  -78.094  3.305 0.6000000238
11011  -4.656  -77.010  -5.461 0.3000000119
11009  -3.845  -76.609  -5.785 0.3000000119
12086  -3.642  -75.948  -6.642 0.2000000030
23638  -3.104  -64.859  -12.728 0.2000000030
149270  -2.859  -66.693  -12.445 0.2000000030
5556  -6.409  -82.939  9.121 0.3000000119
6335  -5.759  -81.675  8.072 0.4000000060
6361  -5.510  -80.895  7.296 0.4000000060
7165  -5.602  -80.125  6.258 0.5000000000
8010  -5.662  -79.401  5.381 0.5000000000
157494  -6.778  -79.379  4.039 0.5000000000
149564  -5.371  -78.795  4.669 0.5000000000
8026  -5.816  -78.843  3.880 0.5000000000
9875  -7.910  -77.184  3.996 0.5000000000
139394  -5.740  -77.011  4.351 0.6000000238
8897  -5.053  -77.730  3.735 0.6000000238
12072  -5.124  -76.821  -5.062 0.3000000119
10996  -4.238  -77.106  -4.804 0.3000000119
131300  -3.135  -65.764  -12.031 0.2000000030
21217  -2.699  -67.496  -12.665 0.2000000030
143666  -2.704  -68.346  -12.307 0.2000000030
24905  -3.335  -64.012  -12.443 0.5000000000
17861  -3.976  -70.394  -21.452 0.3000000119
17862  -4.233  -70.680  -22.129 0.3000000119
17882  -4.247  -70.138  -22.737 0.3000000119
20170  -4.088  -68.547  -22.987 0.3000000119
21359  -4.918  -67.680  -24.047 0.3000000119
3423  -7.099  -85.499  14.386 0.1000000015
136635  -7.792  -86.313  13.382 0.1000000015
4101  -7.247  -84.825  11.997 0.1000000015
5544  -6.978  -83.021  10.166 0.2000000030
6336  -6.228  -80.996  8.448 0.4000000060
7144  -5.538  -80.226  7.539 0.4000000060
7154  -5.507  -80.234  6.976 0.4000000060
145510  -5.707  -79.038  5.731 0.5000000000
8881  -5.370  -78.038  5.460 0.5000000000
9839  -5.299  -77.556  4.963 0.6000000238
8017  -5.178  -78.088  4.203 0.5000000000
9856  -8.338  -77.260  4.759 0.5000000000
136923  -6.752  -76.986  4.758 0.5000000000
139191  -9.058  -77.222  4.165 0.5000000000
12071  -3.596  -76.399  -5.290 0.2000000030
149153  -3.710  -69.691  -20.367 0.2000000030
17836  -3.970  -70.353  -20.746 0.1000000015
19023  -3.805  -69.730  -21.697 0.3000000119
148325  -4.590  -67.599  -23.264 0.3000000119
19024  -3.860  -68.692  -22.011 0.3000000119
21346  -5.377  -66.925  -23.288 0.3000000119
4080  -6.731  -84.922  13.860 0.1000000015
134717  -6.710  -83.580  13.184 0.1000000015
4790  -7.070  -83.928  11.576 0.1000000015
5533  -7.251  -83.299  11.150 0.2000000030
5557  -6.912  -82.227  9.754 0.3000000119
6322  -7.134  -81.403  9.432 0.4000000060
150640  -6.469  -80.183  8.235 0.4000000060
7993  -5.813  -79.714  7.617 0.4000000060
9841  -6.281  -77.314  5.597 0.5000000000
9826  -5.867  -77.820  6.230 0.5000000000
9844  -10.791  -77.515  5.549 0.5000000000
146697  -9.991  -77.552  5.277 0.5000000000
132343  -10.604  -77.395  4.799 0.5000000000
12056  -4.055  -76.589  -4.167 0.3000000119
21277  -3.540  -67.517  -17.842 0.2000000030
130654  -3.587  -68.763  -18.276 0.2000000030
20131  -3.693  -68.269  -19.165 0.2000000030
18993  -3.567  -69.666  -19.719 0.2000000030
20146  -3.810  -68.295  -21.033 0.2000000030
6312  -7.506  -81.966  10.235 0.3000000119
7124  -7.364  -80.706  8.733 0.4000000060
7132  -7.744  -80.165  8.159 0.4000000060
7994  -6.849  -79.448  7.895 0.4000000060
154041  -8.715  -80.085  8.048 0.4000000060
8870  -6.641  -78.258  6.817 0.4000000060
8869  -5.721  -78.528  6.449 0.5000000000
149898  -8.955  -79.107  7.262 0.4000000060
7995  -8.155  -79.595  7.718 0.5000000000
8860  -10.179  -78.736  7.382 0.5000000000
8871  -8.033  -78.311  6.792 0.5000000000
9827  -7.159  -77.700  6.258 0.5000000000
8873  -10.635  -78.230  6.824 0.5000000000
149360  -9.034  -77.517  5.393 0.5000000000
9842  -7.693  -77.365  5.501 0.5000000000
12028  -4.568  -75.680  -3.055 0.3000000119
23720  -3.510  -65.662  -17.149 0.4000000060
23721  -4.098  -64.948  -17.640 0.5000000000
22513  -4.014  -66.034  -18.785 0.2000000030
21295  -3.698  -67.443  -18.721 0.2000000030
22530  -4.332  -66.241  -19.507 0.3000000119
21309  -4.308  -66.996  -19.940 0.2000000030
142996  -4.675  -66.319  -20.693 0.4000000060
21322  -4.217  -67.349  -20.889 0.2000000030
22558  -4.646  -66.797  -21.645 0.4000000060
21333  -4.099  -67.684  -21.843 0.3000000119
7125  -8.378  -80.978  9.342 0.4000000060
7976  -10.394  -79.519  10.244 0.3000000119
7135  -10.226  -79.993  9.120 0.3000000119
12041  -3.833  -75.300  -3.084 0.2000000030
144019  -3.658  -75.879  -3.910 0.2000000030
13248  -3.425  -74.722  -3.461 0.2000000030
23733  -4.421  -65.197  -18.426 0.5000000000
16555  -9.731  -71.998  -1.120 0.1000000015
13234  -4.396  -75.282  -2.268 0.3000000119
150865  -3.954  -75.061  -2.296 0.2000000030
13233  -3.571  -74.519  -2.666 0.2000000030
15480  -3.751  -71.661  -3.761 0.2000000030
131522  -3.761  -74.470  -1.829 0.2000000030
15451  -5.075  -71.337  -2.969 0.2000000030
15452  -6.138  -71.790  -2.240 0.1000000015
15453  -7.076  -72.093  -2.003 0.1000000015
132614  -3.415  -66.928  -9.190 0.4000000060
15424  -10.429  -72.259  -0.022 0.1000000015
15425  -11.130  -72.458  0.055 0.1000000015
15456  -10.082  -72.204  -1.465 0.1000000015
15439  -10.946  -72.474  -0.837 0.1000000015
13215  -4.164  -74.978  -1.475 0.3000000119
16554  -9.307  -71.727  -1.598 0.1000000015
14323  -3.412  -72.254  -2.243 0.2000000030
15468  -3.788  -71.349  -2.902 0.2000000030
16560  -9.194  -71.562  -2.097 0.1000000015
14337  -3.429  -73.420  -2.420 0.2000000030
22347  -3.291  -66.233  -8.618 0.5000000000
13216  -4.661  -74.873  -0.992 0.3000000119
16540  -9.898  -72.070  -0.376 0.1000000015
19959  -4.410  -68.475  -6.525 0.3000000119
21121  -3.734  -67.215  -6.201 0.3000000119
141618  -3.868  -67.843  -7.825 0.3000000119
140956  -3.059  -65.274  -7.918 0.4000000060
15450  -3.617  -71.194  -2.088 0.3000000119
14302  -3.643  -73.694  -0.457 0.2000000030
14322  -3.543  -73.554  -1.492 0.2000000030
15449  -3.449  -72.356  -1.336 0.2000000030
13120  -11.983  -74.976  5.420 0.6999999881
19942  -4.013  -68.983  -5.089 0.3000000119
14280  -3.628  -73.337  0.364 0.4000000060
149160  -3.489  -72.375  -0.515 0.2000000030
13087  -9.171  -74.752  7.412 0.6999999881
13103  -10.549  -74.509  6.396 0.6999999881
13101  -8.283  -74.507  6.787 0.8000000119
132191  -4.361  -68.662  -3.550 0.2000000030
132084  -4.914  -69.100  -4.133 0.2000000030
21066  -3.521  -67.911  -2.985 0.4000000060
21086  -3.820  -68.100  -3.977 0.3000000119
19920  -5.924  -69.180  -3.946 0.2000000030
136072  -3.082  -67.212  -3.756 0.5000000000
21052  -3.887  -67.785  -2.051 0.4000000060
21051  -3.047  -67.240  -2.364 0.5000000000
23653  -11.937  -65.472  -13.178 0.4000000060
22215  -4.530  -66.820  -0.715 0.5000000000
22216  -5.880  -66.825  -0.677 0.3000000119
22206  -3.642  -65.985  -0.309 0.5000000000
22207  -5.022  -66.078  -0.227 0.5000000000
22218  -8.005  -66.785  -0.898 0.3000000119
22221  -12.037  -65.768  -1.351 0.2000000030
149112  -5.574  -64.528  0.343 0.6000000238
137673  -6.597  -64.917  0.114 0.5000000000
24717  -7.566  -64.829  -0.375 0.3000000119
22209  -7.525  -66.149  -0.577 0.3000000119
151947  -8.703  -65.713  -1.045 0.3000000119
23450  -5.412  -65.261  0.183 0.5000000000
22208  -6.490  -65.992  -0.128 0.4000000060
132308  -8.915  -66.561  -1.106 0.3000000119
22219  -9.824  -66.576  -1.229 0.3000000119
139848  -11.147  -65.389  -1.104 0.2000000030
23441  -4.411  -64.685  0.643 0.6000000238
22220  -11.148  -65.929  -1.315 0.3000000119
25969  -5.500  -63.199  0.293 0.6000000238
24715  -4.974  -63.923  0.570 0.6000000238
22217  -7.054  -66.801  -0.741 0.3000000119
21009  -3.549  -67.724  1.517 0.2000000030
20994  -3.717  -66.542  1.773 0.3000000119
24716  -6.117  -64.006  0.268 0.5000000000
145246  -6.996  -64.108  -0.296 0.4000000060
23459  -9.622  -65.939  -1.078 0.2000000030
24731  -11.744  -64.841  -1.216 0.2000000030
23461  -11.954  -65.341  -1.108 0.2000000030
20995  -4.804  -66.879  1.777 0.3000000119
24728  -8.333  -64.869  -0.981 0.3000000119
24729  -9.228  -64.945  -1.329 0.3000000119
27245  -5.977  -62.511  -0.069 0.5000000000
145195  -7.650  -63.093  -1.096 0.5000000000
25981  -8.660  -64.098  -1.420 0.2000000030
156623  -9.814  -64.537  -1.416 0.2000000030
27244  -4.819  -62.235  0.473 0.6000000238
25982  -9.449  -64.021  -1.604 0.2000000030
28471  -3.953  -61.828  0.549 0.6999999881
130810  -12.892  -68.821  6.930 0.6000000238
22178  -3.584  -65.355  2.137 0.3000000119
22179  -4.506  -65.947  2.111 0.3000000119
27246  -6.945  -62.746  -0.569 0.5000000000
27257  -7.373  -62.297  -1.191 0.5000000000
27258  -8.160  -62.680  -1.664 0.2000000030
25990  -8.886  -63.268  -1.986 0.2000000030
27270  -8.651  -62.325  -2.358 0.2000000030
28491  -5.438  -61.551  0.086 0.6000000238
27256  -6.478  -61.953  -0.580 0.5000000000
28507  -6.854  -61.494  -1.371 0.6000000238
27269  -7.833  -61.850  -1.895 0.5000000000
28523  -8.258  -61.354  -2.723 0.5000000000
28506  -5.935  -61.031  -0.563 0.6000000238
28524  -9.201  -61.997  -3.055 0.3000000119
28521  -6.328  -60.601  -1.518 0.6000000238
29713  -7.382  -60.595  -2.904 0.4000000060
29732  -7.025  -59.737  -3.220 0.3000000119
29711  -6.148  -59.758  -1.406 0.6000000238
29733  -8.031  -60.556  -3.611 0.3000000119
29753  -8.562  -59.944  -4.194 0.3000000119
29754  -9.550  -60.187  -4.408 0.3000000119
29756  -11.257  -60.376  -4.752 0.3000000119
30826  -7.175  -58.996  -3.641 0.4000000060
30842  -9.091  -59.225  -4.651 0.3000000119
145478  -10.767  -59.642  -4.830 0.3000000119
30854  -12.590  -59.647  -5.087 0.3000000119
32015  -12.943  -58.763  -4.858 0.3000000119
29774  -13.537  -60.229  -5.586 0.2000000030
30841  -7.881  -59.043  -4.298 0.3000000119
140593  -10.095  -58.934  -4.809 0.3000000119
32004  -12.025  -58.849  -4.881 0.3000000119
31999  -7.611  -58.423  -3.783 0.4000000060
32016  -13.728  -58.653  -5.115 0.3000000119
32000  -8.347  -58.253  -4.376 0.5000000000
32001  -9.286  -58.033  -4.766 0.3000000119
32002  -10.348  -57.817  -4.610 0.4000000060
33177  -9.539  -57.293  -4.190 0.5000000000
138938  -12.379  -57.930  -4.592 0.5000000000
32005  -13.395  -57.788  -4.604 0.3000000119
33190  -14.285  -57.988  -4.850 0.4000000060
152467  -15.606  -57.674  -5.253 0.3000000119
33176  -8.184  -57.447  -2.849 0.5000000000
140953  -8.630  -57.278  -3.826 0.5000000000
33178  -10.090  -56.945  -3.938 0.5000000000
34295  -13.464  -56.615  -4.221 0.4000000060
33181  -14.108  -57.198  -4.553 0.3000000119
34296  -14.361  -56.349  -4.341 0.3000000119
34290  -8.737  -57.158  -1.954 0.5000000000
34292  -10.351  -56.488  -2.774 0.5000000000
34310  -16.627  -56.375  -5.327 0.3000000119
149454  -18.487  -60.331  2.514 0.6999999881
137178  -19.183  -59.427  2.302 0.6999999881
34294  -11.998  -56.536  -3.500 0.4000000060
34275  -10.947  -56.976  -1.779 0.5000000000
34277  -12.667  -56.124  -3.230 0.3000000119
34297  -15.217  -56.004  -4.623 0.4000000060
34298  -16.122  -55.669  -4.841 0.3000000119
34311  -17.491  -56.121  -5.459 0.3000000119
34313  -19.278  -55.504  -5.561 0.3000000119
35408  -14.720  -55.388  -3.860 0.5000000000
35412  -18.652  -54.823  -4.045 0.5000000000
137602  -25.924  -56.018  -3.472 0.6000000238
35372  -27.104  -54.714  -3.398 0.6000000238
36461  -27.753  -53.281  -3.113 0.6000000238
35415  -27.877  -54.271  -5.176 0.6999999881
135589  -28.608  -54.953  -4.812 0.6000000238
34276  -11.742  -56.799  -2.217 0.3000000119
35427  -17.984  -55.068  -4.982 0.4000000060
35392  -13.317  -55.640  -2.222 0.5000000000
35409  -15.679  -55.075  -4.063 0.5000000000
35426  -17.064  -55.420  -4.910 0.4000000060
147142  -19.757  -55.008  -4.766 0.3000000119
35393  -14.249  -54.892  -2.847 0.5000000000
36493  -16.218  -54.532  -3.223 0.5000000000
35411  -17.673  -54.836  -4.095 0.5000000000
35428  -18.913  -54.918  -4.980 0.4000000060
35413  -19.575  -54.775  -4.174 0.4000000060
35430  -20.802  -55.193  -4.697 0.3000000119
36494  -17.022  -54.457  -3.615 0.5000000000
36495  -18.076  -54.554  -3.820 0.5000000000
35432  -21.430  -54.864  -5.652 0.3000000119
133858  -23.231  -54.206  -5.893 0.2000000030
33088  -29.268  -56.916  0.691 0.3000000119
34226  -29.562  -56.171  0.563 0.3000000119
36444  -28.688  -53.363  -1.654 0.6000000238
36499  -28.389  -53.247  -4.561 0.6000000238
35397  -29.916  -54.476  -3.581 0.6000000238
34280  -30.134  -55.679  -3.367 0.6000000238
38690  -28.628  -51.953  -2.994 0.6000000238
36482  -29.571  -53.398  -3.811 0.6000000238
35355  -31.204  -55.868  -1.897 0.6000000238
42282  -26.905  -49.488  2.563 0.3000000119
36513  -20.703  -54.907  -4.376 0.3000000119
36497  -20.053  -54.744  -4.198 0.5000000000
37593  -21.684  -54.213  -5.502 0.3000000119
36515  -22.066  -54.461  -5.786 0.3000000119
37596  -24.265  -53.317  -5.822 0.3000000119
37609  -25.493  -53.774  -6.314 0.2000000030
37610  -26.376  -53.438  -6.422 0.3000000119
37576  -18.273  -54.379  -3.779 0.5000000000
37578  -19.698  -54.471  -4.158 0.5000000000
37592  -20.796  -54.774  -4.704 0.4000000060
131331  -22.330  -53.329  -5.921 0.4000000060
37594  -22.740  -53.935  -5.773 0.3000000119
38749  -25.271  -52.505  -6.046 0.2000000030
38760  -25.772  -52.944  -6.179 0.2000000030
132414  -21.324  -53.547  -5.601 0.5000000000
38747  -23.727  -52.653  -5.843 0.3000000119
141483  -24.213  -51.804  -5.804 0.3000000119
153292  -28.778  -52.009  2.875 0.3000000119
41055  -28.048  -50.252  3.200 0.4000000060
155209  -30.543  -53.090  -2.614 0.6000000238
36462  -30.466  -53.952  -2.755 0.6999999881
38678  -30.333  -51.579  -1.345 0.6000000238
42281  -26.159  -49.524  2.142 0.3000000119
42297  -26.616  -50.174  1.375 0.3000000119
41081  -26.154  -50.636  0.152 0.4000000060
146998  -25.290  -49.671  1.819 0.3000000119
154648  -30.500  -54.233  -6.600 0.2000000030
38734  -33.230  -52.561  -5.189 0.4000000060
41173  -32.475  -50.867  -4.078 0.5000000000
41202  -32.245  -51.693  -4.884 0.4000000060
37591  -20.048  -53.874  -4.631 0.5000000000
140829  -25.098  -51.750  -5.991 0.2000000030
151231  -19.551  -53.081  -5.185 0.5000000000
38744  -20.342  -53.036  -5.538 0.5000000000
38746  -22.852  -52.439  -5.990 0.5000000000
39941  -23.380  -51.703  -5.802 0.4000000060
155033  -24.580  -51.186  -5.833 0.4000000060
39940  -22.528  -51.528  -5.851 0.5000000000
142235  -23.903  -51.031  -5.675 0.4000000060
36423  -28.936  -54.583  2.559 0.2000000030
39826  -28.601  -51.363  3.163 0.3000000119
42283  -27.534  -49.768  2.922 0.2000000030
157648  -25.668  -49.183  2.775 0.3000000119
41103  -26.779  -50.440  -0.461 0.5000000000
42296  -25.669  -50.371  0.897 0.4000000060
134699  -32.711  -49.796  -2.655 0.6000000238
41195  -24.578  -50.446  -5.630 0.4000000060
39939  -21.580  -51.376  -5.924 0.5000000000
41193  -22.334  -50.689  -5.606 0.5000000000
41194  -23.079  -50.887  -5.468 0.5000000000
139157  -23.626  -50.270  -5.391 0.6000000238
39938  -20.561  -51.773  -5.875 0.5000000000
152844  -21.628  -50.392  -5.854 0.5000000000
139158  -22.888  -50.222  -5.255 0.5000000000
155574  -27.198  -53.428  3.400 0.2000000030
38639  -28.256  -52.127  3.219 0.3000000119
38629  -27.328  -52.477  3.613 0.2000000030
41040  -26.652  -50.080  3.994 0.2000000030
41054  -27.393  -49.963  3.427 0.3000000119
42250  -25.882  -49.385  4.129 0.2000000030
41121  -26.660  -50.009  -0.919 0.5000000000
41120  -25.354  -50.348  -0.634 0.5000000000
141661  -25.828  -50.095  -0.930 0.5000000000
41192  -20.821  -50.779  -6.005 0.5000000000
141559  -21.052  -49.845  -6.126 0.6000000238
39812  -26.277  -51.681  4.554 0.2000000030
41039  -26.076  -50.892  4.612 0.2000000030
43437  -25.509  -49.464  -0.566 0.6000000238
43411  -25.801  -48.790  0.487 0.6000000238
43438  -26.209  -49.424  -0.386 0.5000000000
43412  -26.662  -48.740  0.824 0.6000000238
43409  -23.942  -49.003  0.447 0.6000000238
141839  -27.813  -46.808  2.051 0.6000000238
4983  -14.098  -83.374  -4.651 0.6000000238
138880  -5.724  -74.760  -8.689 0.4000000060
13297  -6.507  -74.802  -8.155 0.4000000060
13296  -5.283  -75.375  -7.788 0.3000000119
13313  -7.304  -74.602  -8.664 0.4000000060
135456  -5.617  -74.782  -10.116 0.3000000119
13330  -3.718  -74.231  -9.723 0.2000000030
137792  -19.556  -89.874  -26.255 0.3000000119
130364  -19.765  -88.005  -25.410 0.3000000119
148232  -18.161  -86.808  -21.600 0.3000000119
152512  -13.737  -82.695  -5.617 0.6000000238
132154  -3.431  -66.591  -7.856 0.3000000119
31990  -26.466  -57.484  -3.242 0.4000000060
35374  -30.693  -55.255  -2.521 0.6999999881
41174  -33.006  -51.756  -4.532 0.4000000060
39929  -33.153  -52.458  -5.229 0.4000000060
41163  -32.858  -51.026  -3.482 0.5000000000
37611  -26.959  -53.835  -6.577 0.3000000119
137987  -32.524  -51.605  -4.653 0.4000000060
38761  -26.598  -52.677  -6.290 0.3000000119
142234  -25.151  -50.969  -5.899 0.3000000119
41201  -31.385  -50.827  -4.978 0.6000000238
145330  -30.618  -50.312  -5.023 0.5000000000
41172  -31.175  -50.176  -4.648 0.6000000238
148039  -18.909  -86.441  -23.899 0.2000000030
7599  -17.974  -80.479  -34.572 0.3000000119
20183  -4.203  -68.768  -23.744 0.3000000119
13352  -6.446  -74.814  -9.918 0.4000000060
157737  -28.966  -56.570  -0.887 0.3000000119
34262  -27.835  -55.536  -2.594 0.3000000119
36435  -29.342  -54.115  -0.580 0.4000000060
38677  -29.056  -51.631  -2.024 0.6999999881
38691  -29.367  -51.785  -2.629 0.6000000238
35337  -29.480  -55.476  1.804 0.3000000119
37498  -28.618  -53.708  2.760 0.3000000119
39835  -28.981  -51.623  2.554 0.3000000119
38708  -29.723  -51.918  -2.937 0.6000000238
38692  -30.085  -51.689  -2.309 0.6000000238
144639  -27.954  -53.079  3.147 0.2000000030
38640  -28.710  -52.732  2.850 0.2000000030
41082  -27.052  -50.588  0.583 0.5000000000
42325  -27.365  -49.847  -0.602 0.5000000000
147740  -9.673  -55.874  -1.901 0.5000000000
39937  -19.922  -51.121  -5.827 0.4000000060
36443  -28.240  -53.863  -2.241 0.6000000238
35373  -27.730  -54.326  -2.850 0.6000000238
37549  -28.041  -52.388  -3.485 0.6000000238
43457  -25.327  -49.857  -0.839 0.5000000000
42323  -25.929  -49.870  -0.981 0.5000000000
142044  -8.370  -91.856  -12.447 0.6000000238
345  -8.343  -92.144  -13.090 0.6000000238
13295  -3.182  -74.684  -8.053 0.2000000030
17881  -3.894  -70.142  -22.122 0.3000000119
21321  -3.847  -67.880  -20.106 0.2000000030
22490  -3.465  -66.597  -17.447 0.2000000030
18974  -3.455  -69.622  -18.401 0.1000000015
7987  -10.478  -79.346  8.963 0.3000000119
21155  -3.539  -67.377  -8.610 0.3000000119
28522  -7.221  -61.042  -2.175 0.5000000000
28544  -8.894  -61.247  -3.372 0.3000000119
29712  -6.718  -60.210  -2.391 0.5000000000
28568  -10.012  -60.920  -4.171 0.3000000119
30843  -11.673  -59.642  -4.864 0.3000000119
142790  -10.863  -56.992  -4.049 0.6000000238
33180  -12.595  -56.916  -4.171 0.4000000060
146711  -26.323  -55.104  -3.740 0.6000000238
36480  -27.782  -53.009  -3.986 0.6000000238
37533  -28.192  -52.742  -2.620 0.6000000238
36460  -27.427  -53.822  -3.623 0.6000000238
35416  -28.430  -54.025  -4.743 0.6999999881
146912  -29.277  -54.764  -4.218 0.6000000238
34303  -29.036  -56.072  -4.503 0.6000000238
35410  -16.659  -54.906  -4.154 0.5000000000
36514  -21.087  -54.716  -5.207 0.3000000119
37608  -24.605  -53.873  -5.944 0.2000000030
37565  -28.541  -52.676  -4.128 0.6000000238
36481  -29.068  -53.762  -4.379 0.6000000238
34279  -29.826  -56.472  -3.568 0.6000000238
138789  -29.193  -51.923  -3.011 0.6000000238
37550  -29.926  -52.672  -3.280 0.6000000238
149997  -20.517  -53.882  -4.986 0.5000000000
38748  -24.597  -52.536  -5.881 0.3000000119
38745  -21.974  -52.398  -6.090 0.5000000000
41041  -27.590  -50.586  3.721 0.3000000119
135946  -21.118  -52.423  -5.946 0.5000000000
37497  -27.512  -53.959  3.018 0.2000000030
138114  -26.758  -50.917  4.206 0.2000000030
42267  -26.708  -49.523  3.419 0.2000000030
39813  -27.048  -51.560  3.963 0.2000000030
43410  -24.980  -48.815  0.332 0.6000000238
1023  -14.084  -88.793  -25.053 0.5000000000
1010  -14.797  -89.893  -24.019 0.5000000000
6806  -17.327  -81.171  -35.207 0.1000000015
6790  -17.958  -81.221  -34.524 0.2000000030
960  -17.643  -91.753  -18.418 0.5000000000
1368  -17.741  -90.078  -18.798 0.4000000060
1795  -20.029  -89.417  -19.289 0.4000000060
144524  -19.600  -88.820  -18.908 0.4000000060
2219  -19.793  -88.035  -18.587 0.4000000060
2660  -20.441  -87.632  -18.414 0.4000000060
2221  -21.522  -88.272  -18.851 0.4000000060
134466  -23.950  -86.467  -29.586 0.5000000000
608  -14.971  -92.133  -16.718 0.5000000000
616  -16.440  -92.367  -17.230 0.5000000000
617  -17.160  -92.276  -17.667 0.5000000000
959  -16.907  -90.982  -18.211 0.4000000060
1787  -17.504  -89.296  -18.412 0.4000000060
1788  -18.172  -89.287  -18.778 0.4000000060
2217  -17.969  -88.724  -18.345 0.3000000119
2218  -18.791  -88.511  -18.557 0.4000000060
148357  -19.468  -87.071  -17.805 0.4000000060
2646  -20.719  -87.092  -17.923 0.4000000060
2647  -21.620  -87.290  -17.587 0.4000000060
138622  -22.350  -87.862  -16.950 0.4000000060
145876  -21.904  -87.091  -16.862 0.3000000119
2632  -21.792  -86.713  -16.204 0.3000000119
2203  -22.868  -88.798  -16.374 0.5000000000
3144  -21.667  -86.531  -15.052 0.3000000119
2623  -22.210  -87.311  -15.200 0.3000000119
137209  -22.745  -88.273  -15.868 0.4000000060
2712  -27.780  -87.412  -27.478 0.5000000000
2727  -25.642  -87.970  -27.792 0.5000000000
3217  -24.056  -86.980  -29.004 0.5000000000
2740  -25.509  -87.218  -28.648 0.5000000000
2741  -26.528  -87.115  -28.624 0.5000000000
146073  -25.455  -86.666  -29.383 0.5000000000
129908  -23.384  -86.130  -30.157 0.5000000000
147988  -22.764  -85.725  -30.488 0.5000000000
371  -14.102  -92.455  -16.262 0.5000000000
948  -15.647  -91.750  -17.116 0.5000000000
957  -15.535  -90.600  -17.130 0.4000000060
958  -16.208  -91.137  -17.609 0.5000000000
1361  -16.497  -90.013  -17.878 0.3000000119
1780  -16.610  -89.373  -17.165 0.2000000030
1781  -16.988  -89.287  -17.919 0.3000000119
2211  -18.407  -88.170  -17.968 0.3000000119
2644  -19.028  -87.451  -17.606 0.4000000060
157191  -18.888  -87.907  -16.675 0.2000000030
2197  -19.046  -87.290  -16.751 0.3000000119
3150  -19.755  -86.115  -16.628 0.3000000119
3143  -19.346  -85.862  -15.840 0.3000000119
3151  -20.562  -86.018  -16.585 0.4000000060
3767  -20.091  -85.524  -16.021 0.3000000119
3761  -20.379  -85.459  -15.226 0.3000000119
3756  -21.225  -85.833  -14.250 0.4000000060
2624  -22.822  -87.970  -14.985 0.4000000060
1769  -23.654  -89.040  -15.725 0.4000000060
3136  -22.125  -86.735  -13.693 0.4000000060
2613  -23.096  -87.669  -14.210 0.3000000119
2192  -23.387  -88.182  -15.070 0.4000000060
3218  -26.329  -86.539  -29.319 0.5000000000
3229  -26.038  -86.210  -30.048 0.5000000000
129910  -23.993  -86.126  -30.600 0.5000000000
129911  -22.794  -85.328  -31.407 0.5000000000
136931  -23.410  -85.830  -31.030 0.6000000238
885  -7.929  -91.173  -8.983 0.4000000060
877  -8.163  -91.696  -7.999 0.4000000060
884  -7.372  -91.831  -9.375 0.4000000060
543  -7.692  -92.483  -8.355 0.4000000060
544  -8.229  -92.617  -7.387 0.4000000060
561  -7.452  -92.216  -9.832 0.4000000060
137636  -7.312  -92.518  -8.970 0.4000000060
321  -8.570  -93.111  -8.903 0.4000000060
312  -8.911  -93.219  -8.111 0.4000000060
118  -10.016  -93.530  -7.524 0.4000000060
136  -9.649  -93.463  -9.155 0.4000000060
126  -10.411  -93.653  -8.614 0.4000000060
127  -11.338  -93.740  -8.230 0.4000000060
25  -12.143  -93.701  -8.561 0.4000000060
32  -10.828  -93.732  -10.294 0.3000000119
137  -10.786  -93.700  -9.516 0.3000000119
151421  -11.465  -93.648  -9.758 0.3000000119
33  -11.915  -93.586  -9.182 0.3000000119
27  -13.399  -93.924  -8.497 0.3000000119
142977  -11.666  -93.759  -10.821 0.3000000119
35  -12.476  -93.363  -9.878 0.3000000119
331  -12.515  -92.837  -10.691 0.3000000119
133752  -12.920  -92.609  -10.031 0.3000000119
322  -13.431  -93.054  -9.415 0.3000000119
150592  -14.756  -91.373  -9.067 0.3000000119
60  -11.697  -94.433  -12.506 0.3000000119
562  -12.488  -91.397  -10.720 0.3000000119
897  -12.963  -90.887  -10.597 0.3000000119
887  -14.376  -90.859  -9.737 0.3000000119
1272  -14.704  -90.547  -10.190 0.2000000030
1273  -15.653  -90.234  -9.906 0.1000000015
1285  -12.868  -90.567  -11.146 0.3000000119
153210  -13.384  -90.554  -10.878 0.3000000119
1289  -16.557  -90.476  -10.346 0.1000000015
1301  -14.111  -90.569  -11.360 0.3000000119
898  -14.981  -90.856  -11.196 0.2000000030
603  -13.101  -92.135  -15.820 0.3000000119
946  -14.312  -91.141  -16.434 0.4000000060
1349  -14.569  -89.945  -16.289 0.3000000119
1762  -15.128  -89.236  -15.746 0.2000000030
1351  -15.980  -89.782  -17.158 0.2000000030
1773  -17.398  -88.971  -17.128 0.2000000030
1774  -18.529  -89.024  -16.582 0.2000000030
2622  -18.953  -87.613  -16.042 0.2000000030
3149  -19.145  -86.489  -16.301 0.2000000030
3760  -19.610  -85.393  -15.233 0.4000000060
3754  -19.146  -85.176  -14.359 0.4000000060
3755  -20.245  -85.221  -14.255 0.3000000119
3743  -21.241  -85.482  -13.142 0.4000000060
3137  -22.800  -87.138  -13.627 0.3000000119
1814  -29.312  -87.950  -23.170 0.6000000238
2244  -29.095  -87.732  -23.695 0.6000000238
3744  -22.004  -86.006  -12.813 0.3000000119
2625  -23.595  -87.746  -14.671 0.3000000119
130958  -28.501  -87.800  -25.223 0.5000000000
2259  -28.797  -87.553  -25.264 0.5000000000
2713  -28.402  -87.672  -26.707 0.5000000000
3213  -27.598  -86.836  -28.461 0.5000000000
3230  -26.959  -86.055  -29.938 0.5000000000
3219  -27.301  -86.344  -29.184 0.5000000000
3240  -25.069  -85.560  -31.088 0.5000000000
3862  -26.564  -85.401  -30.454 0.5000000000
4557  -24.123  -84.437  -32.451 0.6000000238
3886  -24.860  -84.878  -31.962 0.6000000238
3885  -23.677  -85.188  -31.863 0.5000000000
1260  -10.604  -90.351  -8.738 0.5000000000
878  -9.476  -90.938  -7.838 0.4000000060
870  -9.931  -91.045  -7.163 0.5000000000
859  -9.761  -91.680  -5.898 0.5000000000
531  -9.152  -92.422  -6.093 0.4000000060
301  -8.757  -92.946  -7.035 0.4000000060
147365  -9.497  -93.171  -6.450 0.4000000060
119  -11.106  -93.745  -7.363 0.4000000060
22  -12.098  -93.814  -7.839 0.4000000060
133320  -13.530  -94.098  -7.907 0.4000000060
50  -11.377  -94.074  -11.899 0.3000000119
129  -14.251  -93.947  -8.554 0.3000000119
62  -12.306  -93.939  -11.917 0.3000000119
53  -12.117  -93.594  -11.042 0.3000000119
340  -12.218  -92.925  -11.419 0.3000000119
553  -14.084  -92.825  -9.082 0.3000000119
146797  -15.315  -90.415  -9.260 0.2000000030
130983  -13.112  -94.040  -13.890 0.4000000060
139341  -12.544  -94.181  -12.594 0.3000000119
1705  -16.119  -89.699  -9.256 0.1000000015
362  -12.620  -93.398  -14.214 0.4000000060
1300  -13.354  -90.492  -11.507 0.3000000119
602  -12.364  -91.801  -15.336 0.3000000119
594  -11.848  -91.627  -14.673 0.4000000060
1311  -12.977  -90.289  -12.464 0.3000000119
906  -14.185  -91.116  -12.187 0.3000000119
899  -16.012  -91.085  -10.921 0.2000000030
941  -13.416  -91.142  -16.130 0.4000000060
916  -13.975  -90.917  -13.013 0.3000000119
907  -15.150  -91.947  -11.877 0.2000000030
564  -16.227  -92.336  -11.197 0.2000000030
138565  -13.805  -90.225  -16.118 0.4000000060
572  -15.092  -93.013  -12.390 0.2000000030
573  -15.675  -93.298  -11.813 0.2000000030
1772  -15.990  -89.213  -16.279 0.2000000030
1765  -17.433  -89.328  -16.209 0.2000000030
2202  -18.740  -88.423  -16.748 0.2000000030
2198  -19.221  -88.423  -16.237 0.2000000030
3135  -18.397  -86.426  -14.989 0.3000000119
3122  -17.898  -86.569  -14.281 0.2000000030
152404  -18.045  -86.038  -14.479 0.2000000030
3741  -18.798  -84.967  -13.485 0.3000000119
3742  -19.980  -84.811  -13.461 0.3000000119
1389  -29.896  -88.678  -20.881 0.6000000238
1805  -30.156  -88.416  -21.584 0.5000000000
2245  -29.927  -87.619  -23.391 0.6000000238
4394  -19.578  -84.495  -12.804 0.2000000030
3728  -21.671  -85.262  -12.781 0.2000000030
3745  -22.499  -86.141  -13.114 0.3000000119
1803  -30.427  -88.495  -20.237 0.5000000000
2260  -29.277  -87.271  -24.762 0.6000000238
2706  -29.680  -86.496  -24.844 0.4000000060
1792  -30.400  -88.919  -18.786 0.5000000000
3208  -28.744  -87.042  -27.358 0.5000000000
152491  -28.726  -86.415  -27.491 0.5000000000
133461  -29.358  -85.542  -25.614 0.3000000119
146473  -27.616  -85.729  -29.515 0.5000000000
3857  -28.454  -85.718  -28.048 0.5000000000
4547  -25.612  -84.859  -31.534 0.6000000238
4543  -26.948  -84.742  -30.232 0.4000000060
3859  -27.481  -85.105  -29.577 0.4000000060
4569  -24.316  -83.928  -33.119 0.6000000238
853  -10.123  -91.671  -5.188 0.5000000000
146992  -10.698  -90.581  -7.982 0.5000000000
1252  -11.226  -90.560  -7.493 0.5000000000
1245  -10.382  -91.072  -6.594 0.5000000000
1703  -11.006  -89.282  -10.276 0.5000000000
1270  -11.261  -89.589  -9.377 0.5000000000
1253  -12.189  -89.933  -7.546 0.5000000000
290  -9.068  -92.889  -6.154 0.4000000060
1716  -11.047  -88.300  -10.395 0.5000000000
1690  -12.244  -89.112  -7.958 0.5000000000
120  -11.755  -93.824  -6.836 0.4000000060
150526  -14.121  -94.203  -7.677 0.3000000119
313  -14.587  -93.432  -8.414 0.3000000119
540  -15.391  -92.133  -7.645 0.3000000119
348  -12.480  -93.714  -12.154 0.3000000119
136193  -11.750  -92.262  -11.982 0.4000000060
545  -14.696  -92.358  -8.702 0.3000000119
354  -12.915  -93.796  -13.058 0.4000000060
915  -11.585  -91.023  -12.605 0.4000000060
571  -11.737  -91.246  -11.878 0.4000000060
156568  -11.810  -90.429  -13.649 0.3000000119
1310  -12.365  -90.333  -12.669 0.4000000060
1299  -12.601  -90.484  -11.815 0.4000000060
1339  -13.066  -90.098  -15.575 0.4000000060
939  -12.168  -90.649  -15.061 0.3000000119
151546  -12.602  -89.814  -13.919 0.4000000060
142120  -13.450  -89.448  -14.871 0.3000000119
926  -14.617  -91.562  -13.278 0.2000000030
587  -15.571  -93.131  -13.217 0.2000000030
1340  -14.125  -89.375  -15.498 0.3000000119
1763  -15.639  -89.041  -15.462 0.2000000030
927  -15.547  -92.218  -13.579 0.2000000030
342  -15.538  -93.699  -12.330 0.2000000030
152  -16.489  -93.993  -11.936 0.2000000030
589  -17.395  -93.316  -13.764 0.2000000030
588  -16.200  -93.354  -13.429 0.2000000030
159  -16.502  -94.086  -12.667 0.2000000030
153  -17.572  -93.582  -11.535 0.2000000030
1341  -16.716  -89.421  -15.256 0.2000000030
364  -18.566  -93.363  -14.269 0.2000000030
357  -18.975  -93.625  -13.969 0.2000000030
1766  -19.517  -89.137  -16.213 0.2000000030
2191  -19.189  -88.242  -15.551 0.2000000030
2593  -17.650  -86.597  -13.410 0.2000000030
3725  -17.647  -85.870  -12.948 0.2000000030
3726  -17.839  -85.165  -12.417 0.3000000119
136681  -28.016  -88.385  -16.804 0.3000000119
135506  -29.368  -89.251  -17.346 0.3000000119
4393  -18.504  -84.755  -12.699 0.2000000030
3146  -24.107  -86.868  -15.295 0.3000000119
2637  -27.562  -87.505  -16.911 0.3000000119
2213  -29.517  -88.248  -17.396 0.4000000060
2215  -30.410  -88.902  -17.955 0.5000000000
146908  -30.260  -88.162  -22.110 0.6000000238
4382  -21.229  -84.575  -12.687 0.2000000030
4396  -22.101  -85.477  -12.784 0.3000000119
4403  -22.547  -85.409  -13.346 0.2000000030
3763  -23.519  -85.951  -14.564 0.3000000119
3153  -24.488  -86.320  -16.275 0.3000000119
2638  -28.567  -87.775  -17.112 0.3000000119
3162  -29.219  -86.893  -17.823 0.3000000119
2234  -30.855  -88.072  -21.096 0.5000000000
1811  -30.751  -87.900  -21.873 0.5000000000
2698  -30.162  -86.776  -24.313 0.6000000238
3201  -30.240  -85.614  -25.075 0.2000000030
154875  -29.132  -85.076  -25.882 0.2000000030
4395  -21.763  -84.888  -12.746 0.2000000030
2662  -30.408  -88.208  -18.413 0.4000000060
2673  -30.807  -87.816  -20.222 0.5000000000
3850  -28.762  -85.526  -26.572 0.4000000060
3161  -28.616  -86.540  -17.613 0.1000000015
3164  -28.943  -86.315  -18.176 0.1000000015
3165  -29.568  -86.904  -18.192 0.1000000015
4537  -27.605  -84.710  -28.896 0.4000000060
4520  -28.460  -84.718  -27.164 0.2000000030
4536  -27.079  -84.235  -29.252 0.4000000060
150583  -25.447  -84.101  -31.883 0.6000000238
4542  -26.359  -84.268  -30.588 0.4000000060
4535  -26.568  -83.855  -29.714 0.3000000119
4558  -24.848  -84.045  -32.574 0.5000000000
5260  -25.537  -83.470  -30.758 0.5000000000
4570  -24.642  -83.372  -33.080 0.5000000000
6827  -24.168  -80.236  -35.376 0.4000000060
854  -11.694  -91.228  -4.773 0.5000000000
1246  -11.642  -90.653  -6.700 0.5000000000
1254  -12.591  -90.009  -6.879 0.5000000000
2143  -11.094  -87.980  -8.923 0.5000000000
2136  -12.159  -88.623  -7.686 0.5000000000
1691  -12.558  -89.411  -7.247 0.5000000000
1247  -12.889  -90.029  -6.235 0.5000000000
2142  -9.428  -88.018  -8.711 0.5000000000
2135  -9.426  -88.359  -7.798 0.5000000000
135302  -8.774  -88.701  -6.817 0.5000000000
3064  -7.991  -87.153  -8.637 0.5000000000
136030  -7.351  -88.224  -7.392 0.5000000000
1331  -12.692  -89.768  -14.658 0.3000000119
135601  -13.298  -89.687  -14.063 0.3000000119
64  -19.118  -93.565  -11.710 0.1000000015
1332  -14.206  -89.388  -14.650 0.3000000119
1333  -15.112  -89.479  -14.508 0.2000000030
1325  -15.296  -90.594  -13.903 0.2000000030
161  -18.904  -93.646  -12.512 0.2000000030
1334  -16.162  -89.721  -14.495 0.2000000030
134505  -16.471  -90.989  -14.114 0.2000000030
148628  -16.894  -92.325  -13.905 0.2000000030
63  -18.589  -93.591  -11.839 0.2000000030
1335  -17.169  -90.198  -14.798 0.2000000030
933  -17.620  -91.403  -14.539 0.2000000030
596  -18.098  -92.651  -14.431 0.2000000030
358  -19.918  -93.585  -14.109 0.2000000030
160  -18.134  -93.656  -12.399 0.2000000030
1342  -17.627  -89.910  -15.620 0.2000000030
934  -18.231  -90.747  -15.441 0.2000000030
935  -18.726  -91.787  -15.014 0.2000000030
597  -19.184  -92.860  -14.895 0.2000000030
365  -19.548  -93.335  -14.600 0.2000000030
1343  -18.747  -90.007  -16.165 0.2000000030
156332  -19.595  -90.357  -16.133 0.2000000030
1345  -20.265  -90.809  -15.537 0.2000000030
604  -19.636  -92.036  -15.221 0.2000000030
605  -20.423  -91.744  -15.064 0.2000000030
936  -20.613  -92.230  -14.458 0.2000000030
1767  -20.210  -89.917  -16.051 0.2000000030
1758  -20.262  -90.420  -15.434 0.2000000030
1326  -20.086  -90.557  -14.378 0.2000000030
134776  -19.972  -89.040  -15.994 0.2000000030
2184  -18.779  -88.152  -14.482 0.2000000030
1757  -20.029  -89.686  -15.222 0.2000000030
1746  -19.706  -89.789  -13.669 0.2000000030
2602  -18.007  -87.351  -13.879 0.2000000030
2176  -18.484  -88.201  -13.343 0.2000000030
135464  -19.249  -89.005  -14.090 0.2000000030
2594  -17.839  -87.330  -12.752 0.2000000030
3103  -17.630  -85.793  -11.910 0.2000000030
4380  -18.265  -84.594  -12.037 0.2000000030
3202  -31.363  -85.439  -25.154 0.2000000030
146482  -19.170  -84.146  -12.128 0.1000000015
4381  -20.299  -84.193  -12.501 0.1000000015
3764  -23.934  -85.847  -15.748 0.3000000119
3768  -24.587  -85.507  -16.480 0.2000000030
3160  -27.346  -86.620  -17.143 0.3000000119
2694  -31.389  -86.724  -23.610 0.3000000119
2707  -30.729  -86.052  -24.642 0.4000000060
4512  -29.061  -84.453  -26.206 0.2000000030
5090  -20.757  -83.855  -12.472 0.1000000015
5104  -22.048  -84.551  -13.073 0.1000000015
4404  -23.053  -85.204  -14.348 0.2000000030
3171  -30.677  -87.555  -19.836 0.3000000119
2235  -31.287  -87.562  -21.915 0.3000000119
2246  -31.581  -87.118  -22.916 0.3000000119
151220  -28.648  -83.904  -26.848 0.2000000030
3773  -27.834  -85.502  -17.831 0.1000000015
3170  -30.272  -87.075  -19.374 0.1000000015
3173  -30.547  -86.762  -20.241 0.2000000030
4529  -27.501  -83.744  -28.374 0.2000000030
3778  -27.669  -85.072  -18.433 0.1000000015
150293  -28.822  -85.469  -19.671 0.1000000015
3785  -29.357  -86.002  -19.762 0.1000000015
5250  -26.762  -83.092  -28.957 0.2000000030
5242  -27.847  -82.977  -27.720 0.2000000030
4451  -27.552  -84.656  -19.110 0.1000000015
145574  -25.959  -82.971  -29.779 0.3000000119
5996  -25.920  -81.905  -29.875 0.2000000030
6741  -26.760  -81.690  -29.579 0.2000000030
6017  -24.471  -82.293  -31.863 0.5000000000
6007  -24.590  -81.570  -31.691 0.2000000030
6749  -25.493  -81.539  -30.629 0.2000000030
12470  -19.883  -76.105  -28.402 0.5000000000
6016  -24.315  -81.654  -32.399 0.4000000060
6772  -24.599  -81.001  -32.046 0.2000000030
6792  -24.256  -80.735  -33.769 0.4000000060
8423  -25.190  -79.543  -33.680 0.3000000119
7629  -24.308  -79.313  -35.893 0.4000000060
7611  -24.510  -79.327  -34.869 0.4000000060
8430  -25.240  -79.174  -34.151 0.3000000119
8461  -24.880  -78.724  -37.085 0.4000000060
7630  -24.886  -78.639  -35.687 0.4000000060
10400  -25.002  -77.579  -36.440 0.4000000060
155555  -25.318  -78.179  -36.095 0.4000000060
9280  -24.564  -78.439  -28.487 0.4000000060
9293  -24.021  -78.197  -29.233 0.4000000060
9294  -24.568  -78.155  -29.868 0.4000000060
135790  -24.993  -78.591  -27.783 0.4000000060
133348  -24.895  -78.406  -29.203 0.4000000060
151883  -26.126  -78.661  -26.976 0.4000000060
2974  -9.665  -85.885  1.589 0.3000000119
2962  -9.761  -86.733  1.683 0.3000000119
2069  -12.437  -88.738  -2.014 0.4000000060
2091  -12.738  -88.507  -3.486 0.4000000060
3567  -8.680  -85.770  1.308 0.3000000119
1236  -12.459  -90.623  -5.559 0.5000000000
4207  -9.447  -84.787  2.262 0.3000000119
2102  -11.267  -88.535  -4.491 0.5000000000
2103  -12.464  -88.406  -4.936 0.5000000000
2115  -12.776  -88.607  -5.771 0.5000000000
2113  -9.818  -88.686  -6.211 0.5000000000
154239  -12.174  -88.399  -5.749 0.5000000000
2127  -12.912  -88.826  -6.389 0.5000000000
2112  -8.495  -89.082  -5.727 0.5000000000
3038  -7.958  -87.239  -6.846 0.5000000000
162  -19.742  -93.593  -12.639 0.1000000015
360  -20.922  -93.153  -13.302 0.2000000030
928  -20.947  -92.538  -13.749 0.2000000030
1747  -20.146  -90.478  -13.149 0.2000000030
131079  -20.379  -91.524  -13.717 0.2000000030
1736  -19.827  -89.766  -12.542 0.2000000030
2177  -19.074  -89.073  -12.745 0.2000000030
2582  -18.178  -87.447  -11.873 0.2000000030
2167  -18.534  -88.112  -12.288 0.2000000030
3115  -17.755  -86.773  -11.844 0.2000000030
153009  -18.235  -84.735  -10.864 0.1000000015
4370  -18.612  -84.227  -11.342 0.1000000015
2700  -32.004  -86.206  -24.191 0.1000000015
5069  -19.352  -83.556  -11.460 0.1000000015
4412  -23.571  -84.938  -15.477 0.1000000015
2689  -32.001  -86.734  -23.225 0.2000000030
133472  -29.827  -84.692  -25.753 0.2000000030
151521  -29.495  -83.394  -26.731 0.2000000030
5089  -19.947  -83.575  -12.093 0.1000000015
5111  -21.648  -83.638  -13.321 0.1000000015
5113  -22.493  -84.383  -14.213 0.1000000015
5116  -23.037  -84.132  -15.264 0.1000000015
4413  -24.401  -84.668  -16.403 0.1000000015
4421  -25.240  -84.228  -16.962 0.1000000015
3175  -31.565  -87.087  -21.663 0.2000000030
2684  -31.699  -87.079  -22.479 0.2000000030
5975  -29.156  -82.544  -27.386 0.2000000030
3174  -31.166  -87.176  -20.826 0.2000000030
3800  -31.494  -85.868  -21.569 0.2000000030
3181  -32.328  -86.209  -22.414 0.1000000015
4465  -29.910  -84.983  -20.772 0.2000000030
3793  -30.971  -86.283  -21.020 0.2000000030
5989  -27.193  -82.068  -28.740 0.2000000030
5981  -28.650  -82.026  -27.914 0.2000000030
4431  -26.504  -84.476  -17.780 0.1000000015
4443  -26.944  -84.384  -18.575 0.1000000015
4452  -27.918  -84.459  -19.742 0.1000000015
4453  -28.618  -84.836  -19.992 0.1000000015
6750  -26.289  -81.365  -30.319 0.2000000030
6761  -25.829  -81.013  -31.128 0.2000000030
6762  -26.970  -81.173  -31.217 0.2000000030
7564  -25.477  -80.683  -32.027 0.3000000119
7577  -27.130  -80.714  -32.912 0.2000000030
7576  -24.906  -80.518  -32.562 0.3000000119
7591  -25.696  -80.176  -32.792 0.3000000119
7612  -25.601  -78.723  -34.777 0.3000000119
8454  -26.471  -78.116  -35.737 0.4000000060
10311  -23.153  -78.138  -28.954 0.4000000060
10335  -22.841  -77.593  -30.075 0.4000000060
11397  -23.254  -76.570  -31.483 0.4000000060
139886  -23.905  -76.821  -31.732 0.4000000060
134250  -24.056  -74.832  -32.948 0.4000000060
10304  -7.285  -77.612  -28.545 0.2000000030
10337  -24.332  -77.768  -30.610 0.4000000060
11405  -23.754  -75.950  -32.246 0.4000000060
12517  -25.268  -75.695  -33.219 0.4000000060
10338  -25.207  -77.859  -31.130 0.4000000060
2964  -10.879  -85.421  2.620 0.3000000119
153905  -10.391  -84.822  2.559 0.3000000119
2070  -13.199  -88.860  -2.190 0.4000000060
1227  -12.765  -90.723  -4.660 0.5000000000
845  -11.808  -91.465  -3.984 0.4000000060
844  -10.859  -91.891  -4.060 0.5000000000
2080  -11.596  -88.749  -2.432 0.5000000000
1662  -13.559  -89.238  -3.345 0.4000000060
1669  -13.417  -89.372  -4.336 0.4000000060
1237  -13.101  -90.068  -5.497 0.5000000000
4882  -9.883  -84.084  3.663 0.4000000060
2088  -8.955  -89.349  -3.941 0.5000000000
2089  -10.270  -88.975  -3.744 0.5000000000
134096  -13.139  -88.646  -4.067 0.4000000060
1676  -13.301  -89.403  -5.286 0.5000000000
4184  -8.955  -84.495  3.888 0.4000000060
4206  -8.024  -84.660  2.404 0.4000000060
4224  -8.090  -85.164  1.638 0.4000000060
3565  -6.216  -84.782  0.495 0.4000000060
1668  -8.095  -89.228  -4.664 0.5000000000
2101  -9.516  -89.075  -4.675 0.5000000000
2523  -6.807  -88.635  -5.955 0.5000000000
164  -20.658  -93.169  -12.512 0.1000000015
919  -20.891  -92.550  -12.221 0.2000000030
918  -20.680  -92.100  -12.836 0.2000000030
1726  -20.124  -89.765  -11.669 0.2000000030
1737  -20.241  -90.316  -12.236 0.2000000030
2583  -18.796  -87.837  -11.424 0.2000000030
1725  -19.621  -89.244  -11.974 0.2000000030
5055  -19.024  -83.605  -10.835 0.1000000015
5802  -19.531  -82.875  -10.822 0.1000000015
3841  -30.536  -84.928  -25.587 0.2000000030
153006  -30.874  -84.405  -26.199 0.2000000030
5833  -20.255  -82.331  -11.955 0.1000000015
154849  -20.896  -83.346  -12.645 0.1000000015
5837  -21.241  -83.055  -13.115 0.1000000015
5112  -22.015  -83.580  -14.049 0.1000000015
5115  -22.573  -83.340  -14.935 0.1000000015
3189  -32.480  -85.815  -24.264 0.1000000015
5842  -23.358  -83.011  -15.716 0.1000000015
5117  -23.784  -83.878  -16.053 0.1000000015
5119  -24.642  -83.524  -16.597 0.1000000015
5843  -24.036  -83.075  -16.224 0.1000000015
3799  -30.759  -85.285  -21.278 0.2000000030
6735  -28.126  -81.748  -28.540 0.2000000030
5154  -27.257  -84.025  -19.449 0.1000000015
145493  -28.062  -81.472  -31.091 0.2000000030
6742  -27.680  -81.547  -29.322 0.2000000030
7602  -27.304  -79.970  -34.386 0.2000000030
7593  -27.613  -80.571  -33.696 0.2000000030
6773  -26.509  -80.817  -32.029 0.2000000030
11368  -20.498  -76.625  -29.045 0.5000000000
9379  -27.692  -78.377  -36.353 0.3000000119
7632  -26.991  -78.663  -35.468 0.3000000119
7613  -26.958  -79.020  -34.804 0.2000000030
8432  -26.690  -79.681  -33.757 0.2000000030
12544  -27.797  -75.082  -35.912 0.4000000060
11451  -27.269  -76.764  -36.298 0.4000000060
10321  -21.838  -77.570  -29.148 0.5000000000
11388  -21.401  -76.586  -30.307 0.5000000000
13633  -27.712  -74.411  -34.642 0.4000000060
10401  -26.904  -77.748  -36.091 0.4000000060
10322  -22.596  -77.779  -29.446 0.4000000060
138174  -22.095  -76.702  -30.665 0.4000000060
142059  -26.595  -74.937  -33.664 0.4000000060
12526  -27.441  -74.482  -33.922 0.4000000060
12543  -27.207  -74.572  -35.960 0.4000000060
11450  -26.465  -76.294  -36.453 0.4000000060
146670  -26.335  -77.334  -36.358 0.4000000060
11418  -26.056  -75.949  -33.202 0.4000000060
13620  -26.459  -73.990  -34.001 0.4000000060
10363  -25.215  -76.504  -32.731 0.4000000060
10352  -25.155  -77.284  -32.033 0.4000000060
131969  -26.372  -78.800  -27.777 0.4000000060
9266  -27.001  -78.799  -26.940 0.4000000060
135052  -10.879  -86.343  2.725 0.3000000119
2452  -9.939  -87.890  3.553 0.3000000119
4208  -11.033  -84.571  2.959 0.3000000119
2948  -11.303  -85.932  3.336 0.3000000119
2942  -10.861  -86.932  3.555 0.3000000119
518  -10.596  -92.607  -3.908 0.4000000060
4174  -8.494  -85.054  5.468 0.3000000119
136092  -8.320  -84.845  4.503 0.4000000060
4190  -7.918  -84.661  3.081 0.4000000060
150142  -6.896  -84.692  1.920 0.4000000060
4222  -5.554  -84.255  0.792 0.4000000060
3529  -7.110  -84.978  3.825 0.4000000060
144528  -6.368  -84.426  2.822 0.4000000060
4915  -5.723  -83.672  0.382 0.4000000060
2110  -6.989  -88.967  -5.302 0.5000000000
574  -20.786  -92.770  -11.378 0.1000000015
1303  -20.880  -91.328  -10.695 0.2000000030
900  -21.130  -92.018  -9.989 0.1000000015
1302  -20.611  -90.576  -11.448 0.2000000030
2169  -19.899  -89.026  -11.241 0.2000000030
1717  -20.610  -89.641  -10.706 0.2000000030
2569  -19.140  -87.409  -10.668 0.2000000030
2157  -19.580  -88.208  -10.983 0.2000000030
3091  -18.696  -86.482  -10.361 0.2000000030
141862  -18.158  -85.781  -10.501 0.2000000030
3077  -18.726  -85.628  -10.001 0.1000000015
4363  -18.583  -84.648  -10.303 0.1000000015
5044  -19.268  -83.444  -10.152 0.1000000015
3194  -32.056  -85.617  -25.207 0.2000000030
3842  -31.905  -84.892  -25.827 0.2000000030
5818  -19.954  -82.324  -11.305 0.1000000015
131830  -20.248  -81.721  -11.476 0.1000000015
149667  -32.588  -86.066  -22.874 0.2000000030
5834  -20.751  -82.381  -12.646 0.1000000015
6585  -21.297  -81.943  -13.480 0.1000000015
5838  -21.649  -82.801  -13.838 0.1000000015
5839  -22.183  -82.615  -14.520 0.1000000015
5237  -30.754  -83.540  -26.869 0.2000000030
6595  -21.814  -82.021  -14.185 0.1000000015
5840  -22.787  -82.303  -15.196 0.1000000015
130603  -31.012  -84.536  -21.847 0.2000000030
6736  -28.992  -81.676  -28.496 0.2000000030
5976  -30.247  -82.700  -27.432 0.2000000030
6596  -22.360  -81.710  -14.640 0.1000000015
4463  -28.412  -84.189  -20.253 0.1000000015
6743  -28.703  -81.520  -29.246 0.2000000030
6610  -23.928  -82.457  -16.088 0.1000000015
6776  -29.001  -81.674  -32.450 0.2000000030
6764  -28.798  -81.931  -31.893 0.2000000030
6812  -27.741  -81.249  -34.928 0.2000000030
144966  -28.888  -80.856  -33.637 0.2000000030
6774  -27.456  -81.157  -32.364 0.2000000030
6763  -27.941  -81.548  -31.895 0.2000000030
8462  -28.212  -78.620  -36.715 0.3000000119
7615  -28.045  -80.592  -35.416 0.2000000030
6793  -27.986  -80.624  -34.063 0.2000000030
6783  -27.820  -81.013  -33.306 0.2000000030
10402  -27.994  -77.624  -36.375 0.3000000119
7614  -27.486  -79.819  -35.734 0.2000000030
13644  -27.831  -74.668  -35.363 0.4000000060
141174  -28.126  -76.754  -36.191 0.3000000119
10364  -26.074  -76.985  -32.422 0.4000000060
9307  -25.690  -78.262  -30.375 0.4000000060
142191  -26.015  -78.571  -29.501 0.4000000060
9253  -27.582  -78.579  -26.111 0.3000000119
2443  -10.388  -87.712  4.465 0.3000000119
3530  -11.730  -85.468  4.134 0.3000000119
3523  -11.590  -86.167  5.044 0.3000000119
3524  -12.105  -85.394  5.080 0.3000000119
4204  -5.533  -83.692  1.529 0.4000000060
146860  -7.615  -86.039  5.660 0.4000000060
4183  -5.853  -84.961  3.878 0.4000000060
4894  -5.583  -83.191  2.237 0.4000000060
4906  -5.539  -83.476  0.986 0.4000000060
1291  -21.226  -90.987  -9.845 0.2000000030
1290  -20.921  -90.471  -10.469 0.2000000030
133005  -21.658  -90.451  -9.351 0.1000000015
2158  -20.285  -88.652  -10.446 0.2000000030
1708  -20.950  -89.092  -9.814 0.2000000030
1709  -21.513  -89.509  -9.175 0.2000000030
2553  -19.668  -86.957  -10.025 0.2000000030
2570  -19.990  -87.772  -10.269 0.2000000030
3078  -19.545  -86.088  -9.683 0.2000000030
3692  -20.081  -85.300  -9.421 0.1000000015
145385  -19.578  -83.838  -9.581 0.1000000015
5789  -20.282  -82.188  -9.637 0.1000000015
3817  -32.826  -85.495  -23.583 0.1000000015
4513  -31.452  -84.676  -25.997 0.2000000030
6575  -20.772  -81.254  -12.783 0.1000000015
3816  -32.790  -85.341  -22.987 0.1000000015
4476  -31.679  -84.683  -22.265 0.1000000015
6597  -23.002  -81.231  -15.180 0.1000000015
4464  -29.215  -84.355  -20.604 0.1000000015
4475  -30.165  -84.210  -21.254 0.1000000015
5141  -26.598  -83.412  -19.054 0.1000000015
5168  -27.832  -83.628  -20.116 0.1000000015
5997  -29.090  -81.856  -31.075 0.2000000030
6795  -29.061  -80.611  -34.150 0.2000000030
7616  -29.084  -80.471  -35.247 0.2000000030
130850  -28.792  -77.254  -36.188 0.3000000119
141386  -28.358  -74.889  -34.144 0.4000000060
12545  -28.460  -75.383  -35.509 0.3000000119
11419  -27.097  -75.581  -33.362 0.4000000060
140205  -25.822  -77.595  -31.684 0.4000000060
9282  -26.629  -78.831  -28.665 0.4000000060
9254  -28.402  -78.516  -26.279 0.2000000030
2432  -10.691  -87.556  5.247 0.3000000119
2927  -12.107  -86.069  6.569 0.2000000030
3499  -13.563  -85.536  7.765 0.2000000030
2916  -13.693  -86.372  8.471 0.2000000030
4182  -5.829  -85.096  4.353 0.4000000060
147485  -5.868  -85.606  4.991 0.4000000060
5614  -5.916  -83.607  3.627 0.4000000060
4881  -5.558  -83.642  2.930 0.4000000060
5637  -6.041  -82.781  2.374 0.4000000060
5665  -7.829  -82.822  0.956 0.4000000060
5623  -6.351  -83.027  3.340 0.4000000060
5650  -7.166  -82.788  1.879 0.4000000060
5666  -9.554  -82.503  1.093 0.5000000000
1701  -22.062  -89.878  -8.953 0.1000000015
2150  -20.657  -88.207  -9.696 0.2000000030
2151  -21.290  -88.663  -9.121 0.2000000030
144581  -21.820  -89.054  -8.804 0.2000000030
2554  -20.416  -87.372  -9.687 0.2000000030
2543  -21.517  -87.312  -9.155 0.1000000015
136089  -20.211  -86.681  -9.644 0.1000000015
4352  -19.445  -84.655  -9.598 0.1000000015
5788  -19.787  -83.007  -9.592 0.1000000015
5803  -20.034  -81.970  -10.586 0.1000000015
3190  -32.809  -85.479  -24.784 0.2000000030
3843  -32.111  -84.709  -25.958 0.2000000030
6564  -20.433  -81.120  -10.960 0.1000000015
7363  -20.781  -80.308  -12.334 0.1000000015
141585  -21.256  -81.036  -13.460 0.1000000015
4521  -31.815  -84.759  -27.806 0.2000000030
6586  -21.799  -81.179  -14.103 0.1000000015
5178  -29.399  -83.511  -21.085 0.1000000015
5179  -30.581  -83.726  -21.916 0.1000000015
5244  -31.295  -82.944  -27.828 0.2000000030
5238  -31.770  -84.248  -27.263 0.2000000030
7376  -21.553  -80.377  -13.653 0.1000000015
145544  -22.469  -80.954  -14.594 0.1000000015
151325  -27.191  -83.266  -19.685 0.1000000015
5991  -30.822  -82.365  -29.607 0.2000000030
5983  -30.694  -82.396  -28.452 0.2000000030
140698  -23.618  -81.111  -15.779 0.1000000015
6009  -29.749  -82.033  -31.605 0.2000000030
142163  -30.218  -82.196  -30.198 0.2000000030
6028  -30.028  -81.515  -32.619 0.2000000030
6018  -29.756  -81.847  -32.104 0.2000000030
8455  -28.484  -79.117  -36.456 0.2000000030
12527  -28.919  -75.343  -34.394 0.4000000060
11420  -28.049  -75.411  -33.535 0.4000000060
10353  -26.638  -77.599  -31.723 0.3000000119
9308  -26.566  -78.345  -30.291 0.3000000119
9295  -27.028  -78.625  -29.503 0.4000000060
9283  -27.591  -78.970  -28.733 0.3000000119
136191  -29.152  -79.152  -27.789 0.2000000030
134744  -28.289  -79.172  -27.912 0.3000000119
9269  -29.606  -78.717  -27.081 0.2000000030
2414  -12.462  -86.803  8.151 0.2000000030
2911  -6.685  -87.223  6.929 0.3000000119
4158  -6.256  -85.967  6.437 0.3000000119
4872  -6.275  -83.953  4.778 0.3000000119
5615  -7.250  -82.960  5.552 0.4000000060
135024  -7.127  -82.915  4.549 0.4000000060
132814  -7.492  -82.592  3.037 0.4000000060
5638  -8.797  -82.151  2.645 0.5000000000
2146  -21.686  -88.210  -8.906 0.2000000030
2147  -22.387  -88.621  -8.849 0.1000000015
140214  -22.734  -89.510  -8.982 0.1000000015
2542  -20.846  -86.945  -9.407 0.2000000030
2544  -22.204  -87.628  -8.999 0.1000000015
2152  -23.420  -88.748  -9.274 0.1000000015
3675  -20.853  -85.645  -9.355 0.1000000015
2154  -24.634  -88.487  -10.087 0.1000000015
3676  -21.512  -85.548  -9.336 0.1000000015
4337  -20.960  -84.857  -9.281 0.1000000015
4353  -20.157  -84.339  -9.353 0.1000000015
5028  -20.854  -83.897  -9.205 0.1000000015
153120  -20.372  -82.804  -9.254 0.1000000015
6553  -20.504  -81.261  -10.035 0.1000000015
3205  -32.612  -85.288  -25.295 0.2000000030
7353  -20.661  -80.393  -11.359 0.1000000015
5180  -31.195  -84.125  -22.397 0.1000000015
7375  -21.026  -80.513  -13.106 0.1000000015
4483  -31.939  -84.398  -22.704 0.1000000015
3845  -32.807  -84.689  -25.494 0.2000000030
145978  -28.241  -82.999  -20.480 0.1000000015
5199  -32.347  -83.955  -23.763 0.1000000015
152518  -33.101  -84.665  -24.272 0.1000000015
3858  -32.045  -83.852  -27.027 0.2000000030
7398  -23.380  -80.372  -15.311 0.1000000015
5880  -26.178  -82.546  -19.056 0.1000000015
6668  -27.028  -81.883  -19.904 0.1000000015
5167  -27.554  -82.642  -20.163 0.1000000015
139104  -29.987  -82.187  -30.923 0.2000000030
151962  -31.744  -82.401  -29.166 0.2000000030
5252  -31.858  -82.753  -28.315 0.2000000030
4531  -32.016  -83.638  -27.892 0.2000000030
4525  -33.166  -83.125  -27.472 0.2000000030
6046  -29.612  -81.059  -33.414 0.2000000030
5262  -31.619  -82.112  -29.918 0.2000000030
4540  -32.957  -82.694  -27.990 0.1000000015
7635  -29.696  -79.845  -35.597 0.2000000030
5278  -30.778  -81.736  -31.817 0.2000000030
5279  -31.077  -81.898  -31.304 0.2000000030
137563  -31.111  -82.158  -30.806 0.2000000030
5265  -32.686  -81.835  -29.120 0.2000000030
154734  -32.744  -82.300  -28.520 0.2000000030
11442  -29.038  -76.019  -35.410 0.3000000119
137240  -29.559  -77.844  -36.995 0.3000000119
6796  -29.913  -80.357  -33.969 0.2000000030
145773  -31.030  -81.404  -32.384 0.2000000030
6012  -32.423  -81.287  -30.592 0.2000000030
5264  -32.328  -81.658  -29.837 0.2000000030
11421  -28.778  -75.708  -33.759 0.2000000030
12536  -29.262  -75.747  -34.701 0.3000000119
10404  -29.922  -77.708  -36.415 0.3000000119
6047  -30.509  -81.064  -33.126 0.2000000030
148735  -31.769  -81.568  -31.107 0.2000000030
10365  -27.134  -77.042  -32.379 0.3000000119
10366  -28.124  -77.085  -32.519 0.3000000119
10354  -27.596  -77.591  -31.655 0.3000000119
10355  -28.388  -77.852  -31.553 0.2000000030
9309  -27.459  -78.352  -30.237 0.3000000119
9310  -28.664  -78.384  -30.654 0.3000000119
9296  -27.932  -78.634  -29.537 0.3000000119
9297  -28.856  -78.718  -29.667 0.3000000119
140293  -28.463  -79.010  -28.827 0.3000000119
9285  -29.962  -78.949  -27.846 0.2000000030
9270  -30.372  -78.325  -27.180 0.2000000030
11343  -30.560  -76.895  -26.513 0.2000000030
12438  -31.235  -76.324  -26.820 0.2000000030
4144  -6.420  -85.446  7.356 0.3000000119
2899  -6.868  -87.071  7.471 0.3000000119
4846  -6.416  -84.268  6.257 0.3000000119
5624  -7.921  -82.313  4.108 0.5000000000
6398  -8.895  -81.810  3.610 0.5000000000
3068  -22.040  -86.754  -9.214 0.1000000015
2557  -23.728  -87.824  -9.617 0.1000000015
142682  -21.942  -86.057  -9.350 0.1000000015
3069  -22.563  -86.190  -9.332 0.1000000015
143980  -23.475  -87.126  -9.545 0.1000000015
144828  -24.060  -87.282  -9.815 0.1000000015
152907  -20.895  -79.810  -11.632 0.1000000015
8219  -22.713  -79.602  -14.304 0.1000000015
5916  -29.518  -82.707  -21.544 0.1000000015
5917  -30.215  -82.940  -22.033 0.1000000015
5197  -30.867  -83.218  -23.246 0.1000000015
4502  -33.157  -84.554  -24.902 0.2000000030
3854  -32.553  -84.310  -26.187 0.2000000030
4515  -33.551  -83.055  -27.030 0.2000000030
7416  -23.688  -80.329  -16.031 0.1000000015
5915  -28.862  -82.180  -21.276 0.1000000015
5189  -30.725  -83.414  -22.521 0.1000000015
5977  -34.233  -81.843  -27.803 0.1000000015
5256  -33.509  -81.785  -28.457 0.2000000030
8457  -30.207  -79.067  -35.864 0.2000000030
5993  -33.396  -81.169  -29.047 0.2000000030
5992  -33.073  -81.514  -29.117 0.2000000030
11431  -30.043  -76.946  -35.222 0.2000000030
155064  -30.158  -79.637  -35.330 0.2000000030
6815  -30.321  -80.433  -34.804 0.2000000030
149191  -31.499  -80.295  -34.683 0.2000000030
6030  -31.246  -80.724  -33.070 0.2000000030
6777  -32.209  -81.017  -32.018 0.2000000030
6766  -33.253  -80.489  -30.881 0.2000000030
6001  -33.013  -81.045  -29.808 0.2000000030
152196  -29.113  -76.407  -33.668 0.2000000030
7604  -31.887  -80.145  -35.083 0.2000000030
7594  -32.191  -80.085  -33.623 0.2000000030
7578  -32.499  -80.404  -32.486 0.2000000030
6765  -32.819  -80.626  -31.535 0.2000000030
155602  -29.248  -78.437  -31.390 0.2000000030
7606  -32.352  -79.443  -34.051 0.2000000030
7579  -33.174  -80.091  -32.115 0.2000000030
144735  -29.567  -78.762  -30.343 0.3000000119
9298  -29.904  -78.892  -29.397 0.3000000119
9299  -30.568  -78.814  -30.093 0.2000000030
151637  -30.174  -78.869  -28.590 0.3000000119
145819  -30.806  -78.563  -29.057 0.2000000030
10301  -31.127  -77.716  -27.324 0.2000000030
12457  -30.856  -75.547  -27.064 0.1000000015
10290  -29.423  -77.674  -26.219 0.2000000030
144113  -6.440  -83.892  8.904 0.2000000030
152713  -6.421  -84.798  8.287 0.3000000119
4837  -6.247  -83.253  7.631 0.3000000119
136617  -6.440  -83.573  7.103 0.3000000119
5602  -7.082  -82.620  6.449 0.3000000119
3677  -22.295  -85.419  -9.316 0.1000000015
3080  -23.358  -86.280  -9.441 0.1000000015
3081  -24.091  -86.651  -9.698 0.1000000015
138964  -24.805  -87.081  -9.917 0.1000000015
4339  -22.285  -84.590  -9.216 0.1000000015
4340  -23.031  -84.918  -9.247 0.1000000015
4338  -21.593  -84.252  -9.197 0.1000000015
135527  -22.827  -84.214  -9.136 0.1000000015
5029  -21.479  -83.438  -9.041 0.1000000015
6538  -20.814  -82.254  -8.981 0.1000000015
5776  -22.331  -82.359  -8.773 0.1000000015
6543  -20.866  -81.463  -9.232 0.1000000015
7322  -21.658  -80.266  -9.325 0.1000000015
7321  -21.057  -80.669  -9.644 0.1000000015
8208  -21.321  -79.734  -12.989 0.1000000015
8209  -21.964  -79.602  -13.749 0.1000000015
5209  -32.649  -83.686  -24.555 0.1000000015
5217  -32.874  -83.070  -25.232 0.1000000015
4507  -33.113  -83.623  -25.382 0.2000000030
5218  -33.466  -83.048  -25.965 0.2000000030
8220  -23.295  -79.652  -14.821 0.1000000015
153312  -25.869  -81.659  -19.016 0.1000000015
5905  -28.250  -82.340  -20.724 0.1000000015
5970  -34.316  -82.077  -27.124 0.2000000030
5930  -29.837  -82.170  -22.085 0.1000000015
5931  -30.246  -82.577  -22.757 0.1000000015
142485  -34.479  -80.800  -26.566 0.2000000030
7543  -34.171  -80.272  -28.774 0.2000000030
7531  -34.588  -80.767  -27.470 0.2000000030
9382  -30.416  -78.251  -35.991 0.3000000119
155201  -33.245  -80.617  -30.295 0.2000000030
11410  -28.722  -76.686  -33.126 0.2000000030
134347  -29.219  -77.537  -33.186 0.2000000030
9343  -29.851  -78.045  -34.024 0.1000000015
10383  -30.204  -77.789  -34.838 0.3000000119
8458  -30.550  -78.957  -35.040 0.2000000030
7618  -32.147  -79.636  -35.198 0.2000000030
7580  -33.696  -79.674  -31.760 0.2000000030
9311  -30.295  -78.974  -31.065 0.2000000030
152209  -29.370  -78.280  -32.314 0.2000000030
132525  -30.872  -79.201  -31.884 0.1000000015
8425  -31.042  -79.071  -33.482 0.1000000015
9354  -30.482  -78.494  -34.506 0.1000000015
9356  -32.356  -78.517  -35.088 0.1000000015
152695  -33.020  -79.146  -34.993 0.2000000030
8427  -33.564  -78.586  -33.185 0.2000000030
8414  -33.406  -79.383  -32.659 0.2000000030
9300  -31.379  -78.531  -29.907 0.1000000015
138315  -31.828  -78.568  -31.375 0.1000000015
9325  -31.522  -78.868  -32.096 0.1000000015
136716  -32.071  -78.487  -32.977 0.1000000015
10384  -32.653  -78.270  -34.584 0.1000000015
10376  -33.072  -77.512  -33.876 0.2000000030
10368  -34.244  -77.062  -32.910 0.2000000030
151002  -31.549  -78.185  -29.103 0.1000000015
10326  -32.568  -77.248  -29.402 0.1000000015
11381  -32.906  -76.768  -30.219 0.1000000015
12509  -32.946  -75.738  -31.934 0.1000000015
11399  -32.823  -76.345  -32.247 0.1000000015
11412  -33.060  -76.157  -33.382 0.2000000030
11424  -33.197  -76.567  -33.604 0.2000000030
11413  -33.856  -76.504  -33.189 0.2000000030
11358  -32.744  -76.067  -27.938 0.1000000015
12479  -33.380  -75.007  -28.773 0.1000000015
150177  -32.889  -75.585  -32.727 0.1000000015
152083  -33.282  -75.292  -33.117 0.1000000015
12528  -33.810  -74.882  -33.035 0.2000000030
12519  -35.524  -74.867  -32.208 0.2000000030
13559  -31.292  -74.876  -27.593 0.1000000015
12458  -31.667  -75.549  -27.303 0.2000000030
138601  -33.882  -74.073  -32.522 0.1000000015
13614  -33.401  -74.996  -32.640 0.1000000015
13622  -34.083  -74.323  -32.679 0.1000000015
13573  -30.703  -74.396  -28.311 0.1000000015
15850  -34.192  -73.114  -32.676 0.1000000015
14767  -34.115  -73.814  -32.649 0.1000000015
5571  -6.045  -82.565  8.211 0.3000000119
6362  -5.741  -81.685  7.094 0.3000000119
5590  -6.368  -82.450  7.023 0.3000000119
3082  -24.837  -86.236  -9.715 0.1000000015
3694  -24.316  -85.162  -9.510 0.1000000015
5030  -22.253  -83.756  -9.043 0.1000000015
4354  -23.556  -84.193  -9.189 0.1000000015
135628  -23.773  -84.825  -9.330 0.1000000015
3695  -25.090  -84.893  -9.773 0.1000000015
6539  -21.557  -81.678  -8.832 0.1000000015
7337  -21.299  -79.752  -9.998 0.1000000015
8176  -20.974  -79.750  -10.872 0.1000000015
8192  -21.302  -79.162  -11.409 0.1000000015
9071  -21.565  -79.023  -12.326 0.1000000015
8234  -23.570  -79.500  -15.570 0.1000000015
5941  -30.535  -82.598  -23.607 0.1000000015
5950  -30.625  -82.182  -24.343 0.1000000015
5961  -31.966  -81.854  -25.340 0.1000000015
5962  -32.767  -82.394  -25.408 0.2000000030
7446  -25.961  -80.700  -19.209 0.1000000015
5969  -33.895  -82.506  -26.532 0.2000000030
6723  -34.280  -81.343  -26.316 0.2000000030
7530  -34.516  -80.093  -26.972 0.2000000030
7549  -34.000  -80.131  -29.211 0.2000000030
135385  -34.399  -80.902  -28.170 0.2000000030
8375  -34.422  -79.399  -27.481 0.2000000030
7567  -34.142  -79.448  -30.787 0.2000000030
7556  -33.774  -80.153  -29.790 0.2000000030
8416  -34.516  -78.730  -31.482 0.2000000030
8407  -34.671  -78.815  -30.987 0.2000000030
9337  -34.503  -78.367  -31.960 0.2000000030
10369  -34.620  -77.684  -32.190 0.2000000030
156989  -35.819  -76.770  -31.366 0.2000000030
13589  -33.517  -74.395  -29.301 0.1000000015
12492  -33.428  -75.159  -29.738 0.1000000015
12500  -33.231  -75.373  -30.947 0.1000000015
11415  -35.976  -75.466  -31.670 0.2000000030
11414  -35.464  -76.234  -31.774 0.2000000030
13574  -31.703  -74.075  -28.185 0.1000000015
14718  -32.364  -73.410  -28.581 0.1000000015
15810  -33.239  -73.007  -29.049 0.1000000015
143887  -33.648  -73.850  -29.791 0.1000000015
139124  -33.648  -73.802  -30.904 0.1000000015
13606  -33.263  -74.803  -31.946 0.1000000015
13623  -35.150  -74.231  -32.606 0.2000000030
14760  -36.491  -73.800  -32.306 0.1000000015
13616  -36.590  -74.262  -31.690 0.1000000015
14716  -30.865  -73.725  -28.868 0.1000000015
14717  -31.624  -73.336  -28.752 0.1000000015
15838  -33.974  -71.841  -31.068 0.1000000015
14759  -33.923  -72.968  -32.282 0.1000000015
14769  -36.005  -73.312  -32.961 0.1000000015
13588  -30.157  -74.130  -29.087 0.1000000015
15851  -34.390  -72.314  -32.949 0.1000000015
15852  -35.089  -72.419  -33.304 0.1000000015
13558  -30.294  -74.975  -27.779 0.1000000015
12437  -30.280  -76.210  -26.684 0.1000000015
4355  -24.454  -84.298  -9.485 0.1000000015
146319  -23.232  -82.753  -8.892 0.1000000015
5046  -24.068  -83.341  -9.191 0.1000000015
5777  -23.133  -81.858  -8.846 0.1000000015
6545  -22.975  -80.906  -8.873 0.1000000015
8177  -21.383  -79.206  -10.596 0.1000000015
157753  -22.309  -78.569  -13.143 0.1000000015
137837  -23.505  -79.021  -14.929 0.1000000015
7460  -27.117  -81.084  -20.223 0.1000000015
5963  -33.345  -82.417  -25.682 0.2000000030
6667  -26.531  -81.266  -19.583 0.1000000015
7468  -27.833  -80.879  -20.873 0.1000000015
148876  -29.391  -81.972  -21.702 0.1000000015
6709  -29.622  -81.085  -23.629 0.1000000015
5951  -31.373  -82.486  -24.806 0.1000000015
7520  -32.403  -80.985  -25.469 0.2000000030
6720  -33.804  -81.658  -25.928 0.2000000030
8363  -33.732  -79.230  -25.640 0.2000000030
143563  -34.113  -80.081  -26.188 0.2000000030
132545  -34.800  -78.773  -29.601 0.2000000030
9288  -34.644  -78.973  -28.879 0.2000000030
8376  -34.506  -79.529  -28.281 0.2000000030
139771  -34.050  -79.647  -30.330 0.2000000030
9316  -35.762  -77.538  -30.680 0.2000000030
10359  -36.169  -76.992  -31.001 0.2000000030
16914  -33.183  -71.653  -29.803 0.1000000015
15833  -33.688  -72.043  -30.041 0.1000000015
16927  -33.518  -71.167  -30.351 0.1000000015
12511  -36.709  -74.963  -31.036 0.2000000030
14750  -36.866  -73.747  -31.454 0.1000000015
14732  -30.947  -72.940  -29.610 0.1000000015
16932  -33.919  -70.801  -31.335 0.1000000015
18031  -34.139  -69.705  -32.211 0.1000000015
19188  -34.813  -69.417  -32.657 0.1000000015
14761  -36.770  -73.745  -31.981 0.1000000015
15839  -37.331  -72.563  -31.743 0.1000000015
16936  -34.302  -71.320  -32.542 0.1000000015
18033  -34.998  -70.299  -33.034 0.1000000015
142860  -35.826  -72.796  -33.286 0.1000000015
16937  -37.461  -71.815  -32.831 0.1000000015
18037  -35.038  -71.065  -33.200 0.1000000015
16939  -35.498  -71.676  -33.349 0.1000000015
12436  -29.218  -75.989  -26.651 0.1000000015
12477  -29.228  -74.983  -28.127 0.1000000015
5790  -24.080  -82.255  -9.223 0.1000000015
6546  -23.738  -81.451  -9.086 0.1000000015
6547  -24.405  -81.486  -9.648 0.1000000015
7323  -22.414  -80.103  -9.129 0.1000000015
136312  -21.842  -78.434  -11.651 0.1000000015
6715  -30.952  -81.584  -24.940 0.1000000015
7509  -32.892  -80.113  -25.203 0.2000000030
7510  -33.213  -79.390  -24.946 0.2000000030
9244  -33.420  -78.663  -24.829 0.2000000030
9245  -33.698  -78.394  -25.457 0.2000000030
10302  -34.373  -77.889  -27.606 0.2000000030
10292  -34.067  -77.758  -26.776 0.2000000030
135637  -33.845  -77.118  -25.509 0.1000000015
142928  -34.615  -79.035  -30.059 0.2000000030
138901  -35.080  -78.200  -29.049 0.2000000030
10303  -34.834  -77.580  -28.351 0.2000000030
131108  -35.298  -78.293  -30.334 0.2000000030
10327  -35.581  -77.856  -29.800 0.1000000015
10314  -35.707  -77.232  -29.188 0.2000000030
11383  -36.622  -76.409  -30.248 0.1000000015
11401  -36.639  -75.606  -30.886 0.1000000015
18027  -33.706  -69.754  -31.563 0.1000000015
20313  -35.803  -68.124  -32.338 0.1000000015
143612  -36.909  -74.015  -30.892 0.1000000015
143700  -36.909  -73.392  -30.336 0.1000000015
19187  -34.188  -69.028  -32.265 0.1000000015
134411  -36.232  -69.155  -33.005 0.1000000015
20314  -37.060  -68.513  -32.720 0.1000000015
15831  -30.476  -71.991  -30.753 0.1000000015
19189  -35.603  -69.785  -33.054 0.1000000015
19190  -37.166  -69.520  -33.374 0.1000000015
141864  -37.886  -70.869  -33.543 0.1000000015
18034  -38.113  -70.986  -33.230 0.1000000015
18029  -38.789  -70.705  -32.756 0.1000000015
18038  -35.894  -70.795  -33.297 0.1000000015
18039  -37.085  -70.897  -33.442 0.1000000015
16940  -36.530  -71.591  -33.358 0.1000000015
6323  -8.328  -81.542  10.180 0.2000000030
144852  -23.953  -80.803  -9.316 0.1000000015
8161  -22.749  -79.294  -9.405 0.1000000015
8160  -21.982  -79.459  -9.567 0.1000000015
9042  -22.195  -78.193  -10.314 0.1000000015
8349  -30.762  -79.765  -24.644 0.2000000030
142116  -31.264  -80.223  -24.980 0.2000000030
9231  -33.039  -78.812  -24.466 0.2000000030
7506  -29.993  -79.902  -24.394 0.2000000030
8351  -32.614  -79.332  -24.623 0.2000000030
10258  -33.517  -77.435  -24.262 0.1000000015
9229  -31.209  -79.019  -24.336 0.2000000030
11345  -34.091  -76.970  -26.289 0.1000000015
12460  -34.855  -76.027  -27.588 0.1000000015
10328  -36.226  -77.084  -29.965 0.1000000015
12493  -36.722  -75.857  -29.826 0.2000000030
12494  -36.783  -75.467  -30.474 0.1000000015
13591  -36.819  -74.902  -30.691 0.1000000015
21485  -38.524  -67.437  -32.442 0.1000000015
20315  -38.285  -68.500  -32.918 0.1000000015
20321  -38.925  -69.143  -33.644 0.1000000015
19197  -39.039  -69.856  -33.757 0.1000000015
18036  -39.293  -70.177  -33.596 0.1000000015
12435  -28.419  -76.016  -26.360 0.1000000015
133111  -32.109  -78.958  -24.331 0.2000000030
9220  -32.821  -77.858  -23.770 0.2000000030
20317  -39.903  -68.780  -33.333 0.1000000015
13088  -10.248  -74.693  7.263 0.6000000238
13073  -8.879  -75.020  8.073 0.5000000000
16424  -19.678  -71.334  7.724 0.1000000015
15346  -20.052  -71.846  6.734 0.1000000015
156207  -20.362  -71.196  6.240 0.1000000015
13100  -6.751  -74.334  6.966 0.6000000238
13116  -7.642  -74.230  6.267 0.6999999881
17407  -16.938  -70.914  11.377 0.2000000030
16364  -18.516  -70.551  10.705 0.1000000015
153134  -18.807  -70.212  10.136 0.1000000015
138343  -15.817  -71.381  10.403 0.2000000030
138561  -16.440  -70.682  10.595 0.1000000015
17426  -17.770  -70.011  10.842 0.2000000030
17427  -18.264  -70.049  10.712 0.1000000015
16385  -19.088  -70.397  9.556 0.1000000015
16406  -19.429  -70.810  8.719 0.1000000015
16425  -20.020  -70.833  6.899 0.1000000015
137821  -20.478  -70.378  6.096 0.1000000015
23644  -15.395  -64.917  -12.507 0.4000000060
14142  -12.822  -73.040  11.337 0.4000000060
15290  -15.136  -71.977  10.886 0.2000000030
136026  -21.686  -70.857  5.412 0.1000000015
14171  -13.559  -73.398  9.206 0.3000000119
15307  -14.551  -72.875  10.165 0.3000000119
16383  -15.935  -71.974  8.961 0.2000000030
16384  -16.185  -70.817  9.580 0.2000000030
17438  -16.790  -69.966  10.206 0.2000000030
18532  -17.648  -69.388  10.195 0.2000000030
18547  -18.846  -69.007  9.862 0.2000000030
17439  -19.097  -69.556  9.793 0.1000000015
17455  -19.591  -69.573  8.991 0.1000000015
138748  -20.357  -69.890  7.133 0.1000000015
154393  -20.790  -69.876  5.723 0.1000000015
18544  -16.891  -69.312  9.454 0.3000000119
18545  -17.619  -68.945  9.668 0.3000000119
19762  -17.965  -68.431  9.490 0.2000000030
18561  -19.522  -68.756  9.545 0.1000000015
18562  -20.111  -68.578  8.983 0.1000000015
18583  -20.329  -69.221  8.227 0.1000000015
131615  -20.817  -68.928  7.440 0.1000000015
19782  -17.397  -68.234  8.539 0.3000000119
19749  -19.416  -68.237  9.711 0.1000000015
24896  -16.089  -64.795  -11.111 0.4000000060
24914  -15.872  -64.683  -11.763 0.4000000060
24913  -14.504  -64.483  -11.561 0.4000000060
23643  -14.126  -64.930  -12.600 0.4000000060
16360  -10.475  -72.206  10.392 0.4000000060
16381  -10.907  -71.846  9.681 0.4000000060
16382  -11.482  -72.006  9.570 0.4000000060
132932  -12.171  -72.380  9.272 0.3000000119
15322  -13.658  -73.232  8.530 0.3000000119
15324  -15.375  -72.803  8.429 0.3000000119
18631  -21.150  -69.332  5.517 0.1000000015
16422  -14.296  -72.031  7.269 0.3000000119
15337  -15.174  -72.604  7.586 0.3000000119
135472  -16.563  -70.573  7.697 0.3000000119
18582  -16.925  -69.017  7.845 0.3000000119
19764  -19.938  -68.186  9.458 0.1000000015
19784  -20.748  -68.333  8.393 0.1000000015
150673  -21.004  -68.614  6.435 0.1000000015
17475  -13.911  -70.997  7.275 0.3000000119
16438  -15.488  -71.958  7.034 0.3000000119
16423  -16.190  -71.317  7.105 0.4000000060
17476  -16.675  -70.482  6.719 0.4000000060
18559  -16.672  -69.563  8.382 0.3000000119
19783  -17.652  -67.698  8.152 0.3000000119
19763  -18.372  -67.757  9.177 0.3000000119
19750  -19.867  -67.648  9.413 0.2000000030
155948  -16.839  -69.937  7.373 0.3000000119
132484  -17.237  -68.359  7.421 0.3000000119
20927  -18.330  -67.061  8.379 0.3000000119
26141  -14.597  -63.629  -9.826 0.3000000119
149003  -15.043  -64.108  -10.263 0.4000000060
133857  -14.475  -64.065  -10.762 0.4000000060
157175  -8.219  -72.204  9.145 0.4000000060
16359  -9.849  -72.164  10.334 0.4000000060
16398  -7.981  -71.676  8.453 0.4000000060
16379  -9.501  -72.013  9.472 0.4000000060
150828  -10.895  -71.257  9.026 0.4000000060
16399  -9.004  -71.783  8.235 0.4000000060
16401  -11.447  -71.286  8.960 0.4000000060
133485  -12.677  -71.254  8.296 0.4000000060
17472  -10.384  -70.590  7.389 0.4000000060
17452  -11.453  -70.729  8.414 0.4000000060
16421  -13.439  -71.641  7.785 0.3000000119
20928  -20.950  -67.489  8.541 0.3000000119
17473  -11.239  -70.307  7.747 0.5000000000
18581  -11.679  -69.699  7.312 0.5000000000
17474  -12.894  -70.505  7.858 0.4000000060
139355  -15.133  -70.847  6.182 0.4000000060
146625  -17.726  -67.609  7.230 0.3000000119
22109  -19.252  -66.743  8.907 0.3000000119
17492  -14.368  -70.459  6.677 0.4000000060
17495  -16.327  -70.651  6.227 0.4000000060
17496  -16.855  -70.282  6.062 0.4000000060
17516  -17.100  -69.957  5.749 0.3000000119
146437  -17.850  -68.534  5.623 0.3000000119
17514  -15.778  -70.396  5.768 0.4000000060
18628  -16.263  -69.656  5.256 0.4000000060
18629  -16.910  -69.656  5.246 0.3000000119
18646  -17.193  -69.014  4.881 0.3000000119
27431  -14.315  -62.571  -10.371 0.3000000119
26147  -14.099  -63.490  -10.905 0.4000000060
24901  -13.670  -64.105  -11.268 0.3000000119
26155  -11.519  -63.637  -12.264 0.2000000030
155192  -12.557  -64.486  -12.064 0.3000000119
23642  -12.965  -65.160  -12.807 0.3000000119
22129  -18.853  -65.925  7.159 0.3000000119
22117  -19.562  -65.856  8.182 0.3000000119
156886  -21.301  -67.046  8.106 0.3000000119
20972  -18.207  -67.746  4.404 0.3000000119
20959  -18.597  -67.401  5.315 0.3000000119
22110  -19.960  -66.397  8.829 0.3000000119
19785  -21.122  -67.860  7.611 0.1000000015
19828  -17.622  -68.379  4.550 0.3000000119
19805  -18.204  -67.771  6.116 0.3000000119
20943  -18.221  -66.767  7.229 0.3000000119
22116  -18.921  -66.360  8.175 0.3000000119
18607  -13.775  -69.300  6.770 0.5000000000
18608  -14.818  -69.981  6.003 0.4000000060
19803  -14.253  -68.749  6.140 0.4000000060
19816  -16.087  -68.878  4.888 0.3000000119
28661  -14.237  -62.190  -9.999 0.3000000119
27439  -14.354  -62.550  -10.960 0.4000000060
27438  -14.035  -62.688  -11.472 0.3000000119
26156  -12.467  -63.633  -11.941 0.2000000030
24910  -10.913  -64.346  -12.378 0.2000000030
23641  -11.361  -64.920  -12.641 0.3000000119
23358  -19.479  -65.284  6.648 0.3000000119
23345  -19.989  -65.406  7.751 0.3000000119
22118  -21.292  -66.027  8.314 0.3000000119
22147  -19.015  -66.331  5.628 0.3000000119
20986  -18.151  -67.152  3.901 0.4000000060
20971  -17.504  -67.672  4.002 0.4000000060
27199  -6.146  -61.978  2.575 0.4000000060
28660  -13.080  -61.498  -9.887 0.3000000119
29859  -14.460  -61.432  -11.018 0.3000000119
27452  -14.486  -61.768  -11.724 0.3000000119
28689  -14.407  -60.984  -12.476 0.3000000119
27451  -12.171  -62.895  -12.385 0.2000000030
26174  -9.029  -63.510  -12.942 0.2000000030
27469  -10.580  -62.135  -13.166 0.2000000030
26175  -9.272  -62.997  -12.869 0.2000000030
23382  -19.477  -65.373  5.445 0.4000000060
141540  -21.654  -61.459  3.798 0.3000000119
152385  -22.336  -62.213  3.119 0.3000000119
22159  -19.196  -66.085  4.537 0.4000000060
29593  -21.082  -60.815  3.916 0.4000000060
28442  -22.019  -61.140  2.871 0.3000000119
29611  -20.647  -59.838  3.509 0.4000000060
29612  -20.985  -59.975  3.735 0.4000000060
30710  -21.315  -59.565  3.267 0.3000000119
29635  -21.832  -60.091  2.416 0.3000000119
22157  -17.914  -66.513  3.617 0.4000000060
22158  -18.705  -66.926  4.553 0.4000000060
145939  -20.413  -59.230  2.827 0.5000000000
30728  -20.914  -58.985  3.007 0.4000000060
31861  -21.459  -58.530  2.132 0.4000000060
29667  -22.275  -59.292  1.625 0.2000000030
153102  -23.569  -59.564  0.584 0.3000000119
28436  -7.677  -60.986  1.985 0.6000000238
25933  -5.771  -62.583  2.808 0.3000000119
28675  -12.339  -60.924  -10.496 0.3000000119
29865  -14.199  -60.237  -11.746 0.3000000119
28687  -12.999  -62.268  -12.794 0.2000000030
28701  -13.100  -61.386  -13.312 0.2000000030
27470  -11.885  -62.004  -13.128 0.2000000030
27466  -8.765  -62.650  -14.028 0.2000000030
144635  -9.355  -61.946  -15.413 0.2000000030
145432  -9.875  -61.681  -15.712 0.2000000030
27468  -9.542  -62.288  -13.247 0.2000000030
153933  -24.287  -63.777  3.109 0.2000000030
27185  -22.420  -62.900  3.759 0.3000000119
25937  -23.723  -63.346  2.773 0.2000000030
25921  -24.917  -63.746  3.293 0.2000000030
28401  -21.314  -61.684  4.361 0.3000000119
28402  -21.501  -61.940  4.475 0.4000000060
25938  -24.516  -63.256  2.821 0.2000000030
28424  -20.909  -60.561  3.903 0.4000000060
27221  -22.646  -61.882  1.975 0.2000000030
28440  -18.364  -61.278  2.719 0.5000000000
28441  -19.226  -60.872  2.657 0.5000000000
29652  -22.559  -60.448  1.247 0.2000000030
28482  -23.536  -60.584  0.635 0.2000000030
30761  -24.016  -58.729  0.524 0.2000000030
31901  -24.482  -57.931  0.335 0.3000000119
29857  -12.617  -60.311  -11.004 0.4000000060
30950  -13.606  -60.183  -11.342 0.3000000119
144442  -11.577  -58.740  -10.812 0.4000000060
29881  -13.617  -60.442  -13.242 0.3000000119
131333  -11.921  -61.082  -13.623 0.2000000030
28724  -9.054  -61.600  -14.837 0.2000000030
28754  -10.347  -61.015  -15.762 0.2000000030
28700  -10.891  -61.262  -13.452 0.2000000030
140531  -23.047  -64.222  3.579 0.2000000030
138754  -22.464  -63.542  4.131 0.2000000030
150960  -20.563  -61.445  3.849 0.3000000119
28384  -21.579  -62.387  4.880 0.3000000119
27132  -21.871  -62.591  4.915 0.3000000119
155114  -19.369  -61.757  2.932 0.5000000000
154679  -19.997  -62.079  3.437 0.5000000000
27222  -23.580  -62.119  1.623 0.2000000030
28460  -24.040  -61.491  0.969 0.2000000030
28443  -24.503  -62.055  1.699 0.2000000030
29653  -24.604  -60.738  0.649 0.2000000030
30762  -24.877  -58.887  0.324 0.2000000030
29670  -25.173  -59.850  0.565 0.2000000030
31902  -25.907  -58.045  0.010 0.3000000119
34301  -26.790  -55.897  -5.607 0.6000000238
34300  -25.744  -55.590  -4.723 0.6000000238
33183  -27.852  -56.930  -5.410 0.6000000238
34302  -27.813  -55.343  -5.413 0.6000000238
32116  -11.515  -57.751  -10.752 0.4000000060
30960  -13.762  -59.354  -11.687 0.3000000119
32117  -12.476  -58.091  -11.028 0.4000000060
132591  -14.341  -60.245  -12.101 0.3000000119
29880  -12.362  -60.301  -13.605 0.2000000030
29911  -9.716  -60.351  -15.164 0.2000000030
29912  -10.469  -60.232  -15.502 0.2000000030
29879  -10.820  -60.144  -13.607 0.2000000030
29878  -9.779  -60.250  -13.845 0.2000000030
29933  -11.212  -60.572  -16.030 0.2000000030
28461  -24.969  -61.364  1.194 0.2000000030
30763  -25.688  -58.840  0.354 0.3000000119
30764  -26.537  -58.795  0.470 0.3000000119
31903  -26.892  -58.385  0.026 0.3000000119
141729  -26.650  -55.067  -5.155 0.5000000000
33184  -28.719  -56.922  -4.622 0.5000000000
33164  -29.258  -57.857  -3.765 0.5000000000
34400  -10.061  -55.013  -10.174 0.4000000060
32126  -13.294  -58.368  -11.486 0.3000000119
146526  -12.082  -56.033  -10.645 0.4000000060
145255  -11.138  -55.947  -10.484 0.4000000060
32128  -13.913  -59.006  -12.223 0.3000000119
32219  -12.920  -59.407  -16.254 0.2000000030
30974  -13.627  -59.396  -13.128 0.3000000119
30993  -9.722  -60.014  -14.408 0.2000000030
31012  -11.048  -59.695  -15.531 0.2000000030
30972  -11.363  -59.010  -13.615 0.2000000030
32146  -10.399  -59.013  -13.978 0.2000000030
29615  -26.295  -60.705  3.396 0.2000000030
29655  -26.187  -60.202  1.526 0.3000000119
29654  -25.465  -60.557  0.962 0.2000000030
29636  -25.679  -60.965  1.811 0.2000000030
30731  -27.233  -59.072  2.250 0.1000000015
30746  -26.867  -59.306  1.338 0.2000000030
30745  -26.037  -59.686  0.801 0.2000000030
31885  -27.689  -58.471  1.442 0.1000000015
31884  -27.211  -58.611  0.734 0.2000000030
31863  -27.887  -58.233  2.342 0.1000000015
31886  -28.333  -57.876  1.613 0.1000000015
31904  -27.698  -58.221  0.488 0.2000000030
33046  -28.095  -57.577  2.701 0.1000000015
33086  -28.315  -57.745  0.089 0.2000000030
152173  -28.955  -56.980  1.923 0.1000000015
33133  -28.353  -57.359  -1.553 0.2000000030
35396  -26.892  -54.383  -4.079 0.5000000000
35414  -27.135  -54.567  -4.858 0.5000000000
36570  -8.710  -54.192  -9.795 0.4000000060
33293  -13.322  -57.546  -11.675 0.3000000119
141283  -12.661  -56.559  -11.070 0.3000000119
137757  -13.428  -58.593  -13.004 0.3000000119
30973  -12.639  -58.583  -13.401 0.2000000030
32194  -10.516  -59.135  -14.364 0.2000000030
32147  -10.942  -58.617  -13.919 0.2000000030
33351  -12.395  -58.123  -14.760 0.2000000030
30711  -26.555  -59.275  4.104 0.1000000015
141603  -26.402  -60.009  3.827 0.1000000015
140289  -26.758  -58.816  3.683 0.1000000015
149608  -26.729  -59.443  3.155 0.1000000015
132137  -26.663  -59.854  2.253 0.2000000030
29637  -26.219  -60.540  2.467 0.3000000119
31843  -27.562  -57.957  3.089 0.1000000015
33249  -8.085  -57.554  -9.700 0.5000000000
135319  -8.452  -55.010  -9.532 0.4000000060
35514  -10.399  -54.208  -10.074 0.4000000060
36583  -9.502  -53.752  -9.726 0.4000000060
34415  -12.658  -55.730  -11.551 0.3000000119
35538  -12.189  -55.351  -10.875 0.3000000119
34401  -11.414  -55.155  -10.432 0.4000000060
33317  -12.329  -57.243  -13.487 0.2000000030
32148  -11.800  -58.015  -13.747 0.2000000030
33316  -11.899  -57.785  -13.854 0.2000000030
33331  -12.080  -57.471  -14.143 0.2000000030
32170  -10.977  -58.553  -14.026 0.2000000030
155029  -26.523  -58.386  5.018 0.1000000015
31831  -26.537  -59.032  4.910 0.1000000015
31835  -26.588  -58.552  4.335 0.1000000015
31842  -26.857  -58.041  3.761 0.1000000015
33250  -9.531  -58.158  -8.778 0.5000000000
141490  -8.417  -56.434  -9.601 0.5000000000
136620  -9.546  -55.633  -8.883 0.5000000000
36555  -9.206  -53.555  -8.891 0.4000000060
37640  -10.561  -52.830  -9.134 0.4000000060
37681  -10.862  -52.960  -9.700 0.4000000060
147146  -12.584  -55.076  -11.816 0.3000000119
36585  -11.579  -53.364  -10.274 0.4000000060
33305  -12.695  -56.563  -13.100 0.3000000119
135752  -12.267  -57.037  -13.688 0.2000000030
152939  -12.445  -56.776  -13.793 0.2000000030
33332  -13.287  -57.170  -14.727 0.2000000030
146736  -26.543  -58.722  5.683 0.1000000015
142916  -10.219  -57.230  -8.592 0.5000000000
34373  -11.329  -56.355  -8.508 0.5000000000
35490  -10.429  -54.797  -8.498 0.4000000060
36557  -11.089  -53.834  -8.401 0.4000000060
36623  -12.624  -54.210  -11.598 0.3000000119
133741  -11.487  -52.821  -9.889 0.4000000060
34430  -12.784  -55.900  -12.569 0.3000000119
35557  -12.820  -55.879  -12.718 0.3000000119
34444  -12.827  -56.399  -13.391 0.2000000030
35572  -13.462  -56.088  -13.708 0.2000000030
35573  -14.306  -55.815  -14.094 0.2000000030
32090  -11.121  -58.563  -8.371 0.5000000000
36624  -13.178  -54.129  -12.101 0.3000000119
36634  -13.564  -54.789  -12.757 0.3000000119
35559  -13.932  -55.298  -13.427 0.3000000119
42295  -24.772  -50.370  0.740 0.3000000119
41080  -25.206  -50.680  -0.110 0.4000000060
43400  -26.228  -49.238  3.143 0.2000000030
32060  -12.242  -59.233  -8.031 0.5000000000
33251  -12.506  -57.335  -8.540 0.4000000060
36572  -12.892  -53.800  -8.903 0.4000000060
38806  -12.787  -52.095  -9.695 0.4000000060
34374  -12.686  -56.295  -8.589 0.4000000060
35504  -13.715  -55.097  -9.244 0.4000000060
153723  -24.019  -50.221  0.827 0.3000000119
41079  -24.134  -50.461  0.119 0.4000000060
32091  -12.340  -58.858  -8.225 0.4000000060
33253  -14.042  -58.059  -8.707 0.3000000119
36573  -13.967  -54.051  -9.543 0.4000000060
33252  -13.395  -57.438  -8.773 0.3000000119
36635  -14.375  -54.358  -13.157 0.3000000119
42294  -23.226  -50.539  0.626 0.2000000030
41078  -22.980  -50.735  0.125 0.3000000119
41119  -24.959  -50.285  -0.560 0.3000000119
42322  -24.618  -50.058  -0.592 0.3000000119
43436  -24.766  -49.552  -0.458 0.3000000119
35505  -14.493  -55.273  -9.836 0.3000000119
155643  -14.722  -58.182  -8.769 0.3000000119
34388  -14.922  -56.338  -9.965 0.3000000119
33265  -14.808  -57.883  -9.264 0.3000000119
34389  -15.299  -57.269  -9.822 0.3000000119
41118  -23.417  -50.178  -0.295 0.2000000030
42321  -23.805  -49.762  -0.309 0.3000000119
42320  -22.850  -49.744  -0.451 0.3000000119
44491  -26.260  -47.911  1.537 0.5000000000
44489  -24.479  -48.111  1.353 0.4000000060
44479  -26.746  -46.981  2.171 0.5000000000
33221  -14.577  -58.245  -7.883 0.3000000119
43408  -22.917  -48.629  0.450 0.4000000060
44488  -23.524  -48.028  1.406 0.3000000119
44476  -24.099  -47.333  1.953 0.3000000119
45537  -25.353  -46.487  2.166 0.4000000060
46654  -25.691  -45.740  1.969 0.3000000119
46667  -26.467  -45.561  1.911 0.4000000060
145815  -25.930  -45.021  1.517 0.3000000119
45535  -23.875  -46.677  2.133 0.2000000030
46652  -24.155  -45.994  2.073 0.3000000119
46664  -23.709  -45.474  1.640 0.2000000030
46666  -25.276  -45.304  1.631 0.3000000119
47729  -25.199  -44.562  1.139 0.2000000030
47750  -26.155  -44.332  0.893 0.3000000119
45548  -23.318  -46.304  2.099 0.2000000030
47771  -25.483  -43.877  0.328 0.3000000119
48801  -27.741  -43.401  -2.539 0.5000000000
48800  -26.755  -43.123  -2.213 0.4000000060
49822  -27.305  -42.779  -3.062 0.5000000000
48821  -27.954  -43.052  -4.165 0.5000000000
38838  -12.778  -52.333  -10.439 0.3000000119
37663  -12.116  -52.655  -9.085 0.4000000060
37704  -12.843  -53.264  -11.240 0.3000000119
38853  -14.196  -52.237  -11.856 0.3000000119
37720  -14.328  -53.378  -12.584 0.3000000119
3159  -26.968  -85.891  -17.284 0.1000000015
10310  -22.478  -77.886  -28.647 0.4000000060
17451  -10.733  -70.892  8.208 0.4000000060
18606  -12.046  -69.095  6.933 0.5000000000
18627  -15.314  -69.230  5.469 0.4000000060
24922  -9.098  -64.285  -13.315 0.2000000030
24923  -9.397  -64.897  -12.983 0.2000000030
31918  -27.006  -58.406  -0.689 0.3000000119
31917  -25.898  -58.055  -0.309 0.3000000119
27417  -13.992  -62.541  -9.301 0.3000000119
33111  -28.170  -57.856  -0.958 0.2000000030
30949  -11.731  -59.815  -10.871 0.4000000060
33193  -25.951  -57.206  -5.399 0.6000000238
34263  -30.376  -56.690  -2.728 0.4000000060
136231  -12.839  -58.949  -8.025 0.3000000119
133153  -14.281  -58.296  -8.311 0.3000000119
34278  -25.290  -55.978  -3.951 0.5000000000
2222  -22.080  -88.291  -18.504 0.4000000060
2226  -21.276  -88.595  -19.270 0.4000000060
1380  -30.118  -89.236  -19.437 0.5000000000
2214  -30.049  -89.175  -17.720 0.4000000060
6026  -24.205  -81.781  -33.473 0.3000000119
6811  -24.292  -80.436  -34.635 0.4000000060
2144  -11.772  -88.570  -8.470 0.5000000000
2149  -11.386  -88.420  -9.635 0.5000000000
11389  -22.830  -77.104  -30.728 0.4000000060
31899  -22.679  -58.092  0.775 0.4000000060
152705  -25.765  -55.458  -3.997 0.5000000000
142394  -25.196  -57.884  0.181 0.3000000119
45549  -27.067  -46.146  2.180 0.4000000060
47730  -26.753  -44.881  1.387 0.4000000060
47782  -26.691  -43.833  -0.957 0.3000000119
30709  -20.990  -59.477  3.448 0.4000000060
31860  -21.037  -58.516  2.436 0.4000000060
45538  -26.186  -46.336  2.194 0.4000000060
49827  -27.591  -42.486  -3.859 0.5000000000
369  -14.229  -93.723  -16.139 0.5000000000
2134  -8.189  -88.224  -8.027 0.5000000000
595  -12.743  -92.939  -15.265 0.4000000060
150469  -13.457  -69.965  7.248 0.5000000000
156776  -28.969  -57.289  0.139 0.1000000015
148931  -29.407  -56.351  1.408 0.2000000030
43398  -24.042  -48.818  2.561 0.2000000030
42280  -24.450  -49.592  1.674 0.2000000030
42341  -25.377  -50.084  -0.837 0.4000000060
43435  -23.164  -49.274  -0.137 0.3000000119
43434  -22.374  -49.124  -0.247 0.4000000060
2658  -19.171  -87.638  -18.147 0.4000000060
2210  -17.627  -88.775  -17.931 0.3000000119
2633  -22.329  -87.502  -16.048 0.3000000119
2612  -22.488  -87.374  -14.259 0.4000000060
148511  -18.711  -87.931  -17.325 0.2000000030
143183  -8.049  -92.933  -7.715 0.4000000060
138  -11.502  -93.681  -9.028 0.3000000119
139  -13.309  -93.513  -9.248 0.3000000119
552  -13.497  -92.215  -9.637 0.3000000119
2611  -18.505  -87.263  -15.006 0.2000000030
3740  -17.994  -85.390  -13.291 0.3000000119
3200  -29.200  -86.408  -25.575 0.6000000238
3214  -28.410  -86.597  -28.120 0.5000000000
283  -9.554  -92.788  -5.536 0.5000000000
154867  -11.705  -92.260  -13.496 0.4000000060
1323  -13.344  -90.189  -13.203 0.3000000119
917  -14.639  -92.164  -12.890 0.2000000030
2242  -30.983  -87.350  -23.027 0.6000000238
2668  -30.482  -87.689  -19.038 0.4000000060
1755  -15.019  -88.968  -15.080 0.2000000030
1324  -14.176  -90.088  -13.774 0.2000000030
356  -17.900  -93.549  -13.505 0.2000000030
2207  -28.821  -88.572  -17.079 0.3000000119
2232  -31.114  -87.683  -21.227 0.4000000060
3779  -28.306  -85.639  -18.328 0.1000000015
3168  -28.797  -85.934  -19.049 0.1000000015
5988  -26.472  -82.279  -29.339 0.2000000030
5259  -25.364  -82.365  -30.478 0.4000000060
2125  -11.285  -88.324  -7.929 0.5000000000
2126  -12.147  -88.507  -6.739 0.4000000060
140823  -10.578  -88.418  -6.983 0.5000000000
366  -20.377  -93.242  -14.572 0.2000000030
942  -19.383  -90.960  -15.739 0.2000000030
598  -19.989  -92.887  -15.116 0.2000000030
2090  -11.721  -88.530  -3.394 0.5000000000
148913  -10.643  -83.704  3.856 0.4000000060
1228  -13.346  -90.323  -4.020 0.5000000000
846  -12.672  -91.291  -3.558 0.4000000060
5998  -29.402  -81.831  -30.186 0.2000000030
146405  -27.646  -79.035  -36.210 0.2000000030
2935  -11.700  -86.333  5.877 0.2000000030
148851  -12.453  -86.233  7.444 0.2000000030
3498  -12.798  -85.510  7.128 0.2000000030
5198  -31.580  -83.596  -23.591 0.1000000015
6019  -31.854  -81.380  -31.672 0.2000000030
10374  -29.534  -76.791  -34.148 0.2000000030
9286  -30.673  -78.471  -28.018 0.2000000030
10325  -32.070  -77.563  -28.615 0.2000000030
11357  -32.022  -76.175  -27.328 0.2000000030
9364  -30.458  -78.502  -34.776 0.1000000015
9333  -29.863  -78.715  -33.007 0.1000000015
9357  -32.942  -78.600  -34.987 0.2000000030
9312  -31.246  -78.875  -30.975 0.1000000015
9326  -32.184  -78.324  -32.118 0.1000000015
9346  -31.998  -78.452  -33.994 0.1000000015
9348  -33.575  -77.825  -33.497 0.2000000030
9313  -31.904  -78.387  -30.595 0.1000000015
10357  -32.553  -77.388  -32.016 0.1000000015
10343  -32.396  -77.597  -30.594 0.1000000015
10367  -32.563  -77.635  -33.156 0.1000000015
10375  -32.732  -77.946  -33.942 0.1000000015
140123  -33.539  -75.811  -33.008 0.2000000030
10313  -32.596  -76.850  -28.494 0.1000000015
11371  -33.318  -75.638  -29.162 0.1000000015
12518  -33.128  -75.691  -33.001 0.1000000015
12459  -32.322  -75.519  -27.598 0.1000000015
14719  -32.991  -73.488  -28.631 0.1000000015
7508  -31.450  -80.951  -25.229 0.1000000015
141216  -33.324  -80.894  -25.648 0.2000000030
9257  -33.940  -78.513  -26.225 0.2000000030
9301  -35.873  -77.468  -30.309 0.2000000030
12521  -36.590  -74.721  -31.309 0.1000000015
15809  -32.795  -72.800  -28.963 0.1000000015
145847  -36.958  -72.860  -32.589 0.1000000015
15845  -37.052  -73.280  -32.049 0.1000000015
142824  -34.127  -70.396  -32.093 0.1000000015
15854  -36.906  -72.180  -33.104 0.1000000015
135217  -32.093  -80.155  -25.072 0.2000000030
11392  -36.643  -76.030  -30.684 0.2000000030
18017  -33.271  -70.234  -30.864 0.1000000015
16926  -32.720  -70.872  -30.295 0.1000000015
16933  -37.634  -71.767  -32.268 0.1000000015
18035  -38.955  -70.549  -33.271 0.1000000015
145703  -34.401  -68.493  -32.254 0.1000000015
19196  -37.773  -70.270  -33.626 0.1000000015
17428  -18.602  -69.812  10.264 0.2000000030
15308  -15.351  -72.524  9.587 0.3000000119
15305  -11.120  -72.300  10.470 0.4000000060
15306  -12.114  -72.800  10.299 0.4000000060
14158  -14.735  -73.235  9.045 0.3000000119
17454  -16.370  -70.136  8.952 0.2000000030
16405  -16.297  -71.324  8.268 0.3000000119
15336  -14.600  -72.627  7.496 0.3000000119
19804  -17.610  -68.551  6.356 0.3000000119
26154  -10.509  -63.650  -12.428 0.2000000030
155918  -18.639  -66.901  6.227 0.3000000119
29858  -14.216  -60.928  -11.186 0.3000000119
28688  -13.998  -61.916  -12.525 0.3000000119
24909  -9.918  -64.327  -12.598 0.3000000119
27467  -8.901  -62.631  -13.465 0.2000000030
29614  -21.437  -60.452  3.561 0.4000000060
27201  -23.222  -62.655  2.317 0.2000000030
30729  -21.162  -58.961  2.885 0.4000000060
28459  -23.013  -61.414  1.169 0.2000000030
28705  -8.934  -61.361  -14.293 0.2000000030
25920  -23.724  -64.058  3.203 0.2000000030
27202  -24.090  -62.736  2.203 0.2000000030
30959  -12.811  -59.294  -11.213 0.4000000060
154952  -26.453  -60.126  3.028 0.1000000015
31862  -27.201  -58.685  3.049 0.1000000015
33087  -28.740  -57.521  0.932 0.1000000015
34431  -13.070  -56.425  -11.932 0.3000000119
145218  -26.564  -57.830  4.634 0.1000000015
36611  -12.211  -54.215  -10.921 0.4000000060
34461  -13.772  -56.497  -14.438 0.2000000030
38805  -11.950  -52.475  -9.569 0.4000000060
35552  -12.867  -54.974  -12.344 0.3000000119
133590  -12.357  -53.624  -10.870 0.4000000060
36558  -12.164  -54.188  -8.508 0.4000000060
152758  -11.816  -57.906  -8.439 0.5000000000
35492  -12.873  -55.132  -8.760 0.4000000060
146563  -12.999  -58.193  -8.510 0.5000000000
37664  -13.270  -52.772  -9.420 0.4000000060
153188  -14.288  -56.015  -9.459 0.3000000119
33264  -14.109  -57.515  -9.146 0.3000000119
34387  -14.495  -57.009  -9.540 0.3000000119
41100  -24.031  -50.272  -0.098 0.3000000119
44490  -25.380  -48.028  1.380 0.5000000000
44477  -24.951  -47.308  1.968 0.3000000119
44478  -25.806  -47.179  2.039 0.5000000000
44475  -23.247  -47.205  2.020 0.3000000119
45536  -24.564  -46.588  2.155 0.3000000119
46653  -24.941  -45.881  2.004 0.2000000030
48794  -26.182  -43.462  -1.520 0.4000000060
147972  -20.890  -84.769  -25.258 0.1000000015
147974  -20.955  -84.191  -28.192 0.1000000015
129918  -21.606  -85.011  -26.581 0.1000000015
148038  -21.135  -85.290  -25.843 0.1000000015
148072  -19.421  -87.575  -25.222 0.2000000030
148151  -19.787  -86.445  -25.173 0.1000000015
130250  -18.463  -87.735  -23.941 0.2000000030
1425  -11.258  -88.862  -24.731 0.2000000030
1426  -12.275  -88.698  -24.576 0.2000000030
1415  -12.605  -88.548  -24.001 0.2000000030
149887  -14.229  -88.645  -25.255 0.2000000030
145390  -13.660  -88.459  -24.404 0.2000000030
148086  -21.383  -84.963  -27.685 0.1000000015
130359  -21.265  -85.938  -27.184 0.1000000015
1424  -10.161  -88.815  -24.891 0.2000000030
1429  -15.349  -89.594  -25.907 0.1000000015
1417  -14.850  -88.652  -25.050 0.3000000119
1428  -14.788  -88.741  -25.576 0.1000000015
145512  -15.056  -89.788  -25.174 0.4000000060
130217  -21.250  -85.695  -28.193 0.1000000015
129905  -20.789  -87.000  -26.542 0.1000000015
1832  -9.512  -89.217  -26.219 0.2000000030
1845  -9.893  -88.813  -27.209 0.1000000015
1430  -15.961  -90.088  -26.110 0.3000000119
1440  -16.392  -89.592  -26.544 0.1000000015
1852  -17.370  -89.262  -27.189 0.1000000015
145807  -17.698  -88.787  -27.669 0.1000000015
1025  -16.127  -90.279  -25.234 0.4000000060
2294  -19.312  -88.071  -28.935 0.1000000015
2723  -21.095  -87.920  -28.323 0.1000000015
130435  -21.140  -86.899  -27.363 0.1000000015
130316  -20.233  -87.707  -26.361 0.2000000030
137099  -8.741  -88.044  -27.999 0.1000000015
1831  -8.550  -89.137  -26.369 0.1000000015
1441  -17.110  -89.658  -26.578 0.2000000030
1431  -16.779  -90.178  -25.917 0.4000000060
1854  -18.685  -89.413  -27.096 0.2000000030
1432  -17.637  -90.131  -26.113 0.2000000030
1034  -17.435  -90.265  -25.141 0.3000000119
142549  -17.102  -91.130  -25.011 0.4000000060
1862  -19.279  -89.102  -27.622 0.1000000015
146114  -19.462  -89.363  -26.898 0.2000000030
2267  -20.150  -88.653  -26.565 0.2000000030
1433  -18.380  -90.061  -26.262 0.2000000030
2724  -21.294  -87.806  -28.005 0.1000000015
2268  -19.457  -88.536  -25.371 0.2000000030
143311  -5.249  -85.645  -26.626 0.2000000030
151728  -6.362  -86.613  -27.564 0.2000000030
2252  -6.187  -87.973  -26.627 0.2000000030
155122  -11.353  -83.433  -33.310 0.1000000015
6024  -11.210  -83.088  -33.757 0.1000000015
5282  -11.893  -83.421  -33.494 0.1000000015
5281  -10.822  -83.379  -33.194 0.1000000015
4559  -11.337  -84.071  -33.003 0.1000000015
5274  -10.430  -83.944  -32.480 0.1000000015
4550  -11.081  -84.409  -32.260 0.1000000015
5280  -9.959  -83.116  -33.123 0.1000000015
5836  -4.249  -83.469  -13.239 0.2000000030
5273  -9.549  -83.389  -32.201 0.1000000015
133600  -4.026  -79.320  -13.663 0.1000000015
7551  -8.542  -80.546  -30.771 0.4000000060
140579  -7.557  -81.134  -29.451 0.3000000119
7545  -8.193  -80.222  -29.763 0.3000000119
9076  -3.703  -78.552  -14.085 0.1000000015
7544  -7.241  -80.378  -29.044 0.2000000030
8384  -7.849  -79.587  -29.127 0.3000000119
5971  -6.582  -82.193  -28.010 0.1000000015
8385  -8.618  -79.035  -29.706 0.4000000060
7539  -6.252  -80.892  -27.799 0.1000000015
8378  -7.129  -79.563  -28.409 0.3000000119
8377  -6.417  -80.022  -27.671 0.2000000030
9273  -7.289  -78.540  -28.311 0.2000000030
13538  -6.009  -74.434  -26.574 0.2000000030
144365  -3.120  -76.235  -13.079 0.1000000015
11347  -6.685  -77.204  -28.030 0.2000000030
10078  -3.531  -77.213  -12.795 0.1000000015
10079  -3.563  -76.697  -12.224 0.2000000030
12204  -3.069  -75.023  -13.684 0.1000000015
139117  -5.755  -76.146  -10.726 0.3000000119
12147  -5.509  -75.514  -10.812 0.2000000030
150992  -4.495  -76.888  -11.101 0.2000000030
13351  -4.885  -74.868  -10.847 0.2000000030
13373  -3.573  -74.596  -11.458 0.2000000030
11085  -3.988  -76.104  -11.682 0.2000000030
11097  -3.267  -75.678  -12.534 0.1000000015
13372  -3.339  -74.160  -12.076 0.2000000030
131826  -3.161  -73.865  -11.111 0.2000000030
12169  -3.496  -75.003  -12.036 0.1000000015
13349  -3.153  -73.612  -10.381 0.2000000030
14425  -3.089  -73.364  -9.780 0.1000000015
153090  -3.081  -74.352  -7.740 0.1000000015
15547  -3.010  -73.137  -8.395 0.1000000015
141504  -2.847  -73.507  -8.958 0.1000000015
15562  -4.200  -71.798  -9.265 0.1000000015
140473  -3.517  -72.680  -10.242 0.1000000015
152456  -3.875  -72.001  -9.932 0.1000000015
14460  -3.394  -73.463  -11.515 0.2000000030
23710  -3.351  -65.481  -16.269 0.2000000030
143233  -3.486  -76.018  -6.084 0.1000000015
14382  -3.531  -74.241  -6.852 0.1000000015
15535  -3.146  -73.642  -7.688 0.1000000015
15548  -3.858  -72.199  -8.456 0.1000000015
138593  -5.668  -71.936  -8.248 0.1000000015
15563  -4.663  -71.800  -9.952 0.1000000015
26201  -3.758  -63.635  -14.849 0.5000000000
15520  -3.597  -72.986  -6.720 0.1000000015
15537  -4.763  -72.148  -7.691 0.1000000015
15538  -5.935  -72.295  -7.365 0.1000000015
135011  -6.728  -72.070  -8.042 0.1000000015
15549  -5.263  -71.734  -9.127 0.1000000015
15550  -6.394  -71.890  -8.885 0.1000000015
14478  -3.581  -73.664  -12.333 0.2000000030
15591  -4.257  -72.572  -11.338 0.1000000015
11909  -10.409  -75.565  8.358 0.4000000060
14360  -3.398  -73.938  -5.022 0.1000000015
15508  -3.763  -72.580  -5.752 0.1000000015
15522  -5.071  -72.318  -6.756 0.1000000015
15539  -6.935  -72.608  -7.175 0.1000000015
14383  -7.767  -73.039  -6.933 0.1000000015
134049  -5.035  -72.092  -5.901 0.1000000015
14398  -7.405  -72.715  -7.877 0.1000000015
24943  -3.372  -64.159  -14.137 0.4000000060
10830  -6.121  -76.754  10.622 0.4000000060
10841  -6.477  -76.278  9.929 0.4000000060
10842  -7.657  -76.423  9.544 0.4000000060
11908  -9.510  -75.411  8.480 0.4000000060
11906  -7.286  -75.395  8.772 0.4000000060
15523  -6.202  -72.336  -6.336 0.1000000015
149506  -5.962  -75.574  9.883 0.4000000060
11905  -5.865  -75.078  9.209 0.4000000060
13071  -6.300  -74.899  8.325 0.5000000000
13072  -7.709  -75.028  8.183 0.5000000000
15467  -3.194  -72.154  -3.171 0.1000000015
15404  -3.628  -73.035  1.084 0.3000000119
16505  -3.635  -71.772  0.896 0.3000000119
142891  -3.631  -70.542  0.199 0.3000000119
18760  -5.114  -69.077  -5.754 0.2000000030
18802  -5.356  -68.927  -7.368 0.2000000030
18758  -4.207  -68.799  -6.083 0.2000000030
136033  -4.218  -69.031  -8.181 0.2000000030
16550  -5.111  -71.030  -2.127 0.1000000015
17598  -5.897  -70.497  -0.723 0.2000000030
143291  -4.484  -70.121  -1.032 0.2000000030
16518  -3.733  -70.090  -0.649 0.3000000119
17585  -5.350  -69.726  -0.437 0.2000000030
17583  -3.538  -69.869  0.551 0.2000000030
16534  -3.671  -70.532  -1.093 0.3000000119
18704  -6.031  -69.354  0.361 0.1000000015
18691  -6.233  -69.368  1.496 0.1000000015
17571  -7.337  -70.983  1.513 0.1000000015
16506  -8.392  -71.432  1.628 0.1000000015
16507  -9.307  -71.784  1.767 0.1000000015
18703  -5.012  -68.908  -0.171 0.2000000030
18675  -6.177  -69.129  2.431 0.1000000015
17555  -7.048  -70.654  2.856 0.1000000015
16475  -8.994  -71.112  3.706 0.1000000015
16493  -9.548  -71.898  3.078 0.1000000015
15374  -11.042  -72.154  3.255 0.1000000015
132834  -8.653  -70.098  4.048 0.1000000015
17544  -9.669  -70.281  4.231 0.1000000015
16477  -11.449  -71.518  3.801 0.1000000015
156119  -3.706  -68.542  0.546 0.2000000030
19835  -6.645  -68.372  3.536 0.1000000015
19875  -4.638  -68.374  0.290 0.2000000030
18661  -7.186  -69.238  3.748 0.1000000015
19836  -7.572  -68.540  3.784 0.1000000015
139400  -8.820  -69.225  4.037 0.1000000015
17545  -10.612  -70.218  4.207 0.1000000015
17546  -11.531  -70.624  3.857 0.1000000015
21010  -4.389  -67.539  1.357 0.1000000015
20982  -5.672  -66.764  2.924 0.1000000015
20984  -7.109  -67.696  3.584 0.1000000015
20997  -9.038  -67.995  3.217 0.1000000015
19839  -10.742  -69.118  3.376 0.1000000015
18665  -11.243  -69.659  3.631 0.1000000015
24687  -6.860  -63.809  2.228 0.1000000015
155352  -6.891  -65.333  2.727 0.1000000015
23424  -6.351  -64.383  2.532 0.3000000119
24688  -7.925  -64.274  1.848 0.2000000030
153994  -6.807  -66.073  3.113 0.1000000015
22173  -19.119  -65.724  3.886 0.3000000119
23425  -8.426  -65.321  2.314 0.1000000015
19846  -10.770  -68.443  2.728 0.1000000015
19859  -12.133  -68.004  1.785 0.1000000015
151062  -10.355  -66.431  -1.327 0.2000000030
146878  -9.307  -67.015  -1.321 0.2000000030
143167  -6.904  -62.368  1.571 0.2000000030
24694  -8.601  -63.766  1.482 0.1000000015
24657  -19.772  -64.324  4.381 0.3000000119
25948  -7.719  -62.807  1.290 0.1000000015
23429  -8.984  -64.780  1.826 0.1000000015
21011  -10.782  -67.159  1.880 0.1000000015
20999  -11.179  -67.907  2.011 0.1000000015
24695  -9.490  -64.274  1.622 0.1000000015
24696  -10.274  -64.227  1.618 0.1000000015
23430  -10.307  -65.612  1.827 0.1000000015
27212  -7.420  -61.781  1.450 0.3000000119
143985  -8.091  -62.105  1.076 0.2000000030
138481  -10.859  -65.007  1.854 0.1000000015
152388  -10.900  -65.790  1.898 0.1000000015
133649  -8.651  -62.828  1.064 0.1000000015
25949  -9.524  -63.538  1.350 0.1000000015
136922  -11.156  -64.170  1.685 0.1000000015
38821  -13.531  -51.610  -10.353 0.3000000119
135365  -12.716  -51.974  -10.023 0.3000000119
25950  -10.492  -63.312  1.306 0.1000000015
27213  -8.672  -61.893  0.646 0.2000000030
27232  -9.599  -61.697  0.397 0.1000000015
150533  -10.218  -62.438  0.810 0.1000000015
27216  -12.026  -62.690  1.332 0.1000000015
27234  -11.479  -61.970  0.534 0.1000000015
38822  -13.664  -51.924  -9.869 0.3000000119
155176  -15.389  -49.660  -11.720 0.3000000119
40035  -16.009  -50.032  -11.611 0.2000000030
29648  -8.159  -60.756  0.888 0.4000000060
28473  -9.597  -61.036  -0.005 0.3000000119
28474  -10.129  -61.075  -0.289 0.2000000030
27233  -10.556  -61.804  0.405 0.1000000015
28493  -10.619  -60.502  -0.753 0.3000000119
28494  -11.327  -60.581  -0.961 0.2000000030
29700  -12.426  -59.562  -1.649 0.3000000119
29687  -13.721  -60.892  -1.837 0.2000000030
30805  -14.458  -59.611  -3.371 0.4000000060
37683  -14.344  -52.967  -9.907 0.3000000119
38842  -16.039  -51.215  -11.279 0.3000000119
29649  -8.771  -60.374  0.763 0.5000000000
28492  -9.922  -60.372  -0.381 0.3000000119
29684  -11.015  -60.037  -1.195 0.3000000119
30774  -10.756  -59.655  -0.895 0.4000000060
30775  -11.470  -59.667  -1.165 0.4000000060
29701  -13.071  -59.696  -2.421 0.5000000000
30791  -13.574  -59.541  -2.921 0.6000000238
31958  -14.980  -58.463  -3.282 0.4000000060
31959  -15.868  -58.509  -3.573 0.5000000000
36586  -14.851  -54.484  -10.176 0.3000000119
37684  -14.897  -52.258  -10.315 0.3000000119
40047  -16.802  -49.897  -12.269 0.2000000030
135058  -17.429  -49.158  -13.081 0.2000000030
29650  -9.929  -59.693  0.389 0.4000000060
31929  -13.221  -58.823  -1.511 0.6000000238
31915  -14.906  -58.219  -0.863 0.6000000238
30807  -16.061  -59.572  -4.164 0.5000000000
30829  -18.204  -59.622  -4.537 0.4000000060
30830  -19.151  -59.630  -4.515 0.4000000060
27358  -22.613  -61.945  -5.338 0.4000000060
28598  -24.499  -61.168  -5.549 0.4000000060
27306  -25.399  -62.200  -4.212 0.3000000119
38843  -16.808  -51.116  -11.774 0.2000000030
30757  -11.316  -59.169  -0.609 0.4000000060
31896  -13.493  -58.663  -0.226 0.6000000238
30756  -10.621  -59.429  -0.173 0.4000000060
143867  -20.661  -59.908  -4.782 0.4000000060
141194  -21.762  -60.267  -4.855 0.4000000060
29778  -22.397  -60.718  -5.462 0.4000000060
28577  -26.460  -61.276  -4.578 0.3000000119
29743  -27.256  -61.017  -3.918 0.3000000119
29744  -27.977  -60.700  -3.304 0.3000000119
30741  -11.274  -59.319  0.405 0.5000000000
152647  -26.266  -59.833  -5.470 0.5000000000
30847  -27.892  -59.346  -4.769 0.4000000060
29745  -28.683  -60.297  -2.795 0.3000000119
30835  -28.699  -59.325  -3.753 0.4000000060
33194  -26.883  -57.138  -5.689 0.5000000000
39976  -16.653  -51.882  -7.744 0.1000000015
39977  -17.458  -51.770  -8.336 0.1000000015
41117  -22.381  -50.270  -0.355 0.2000000030
41233  -16.848  -51.118  -8.162 0.2000000030
41116  -21.885  -50.687  -0.105 0.2000000030
43433  -21.391  -48.921  -0.483 0.1000000015
42319  -21.974  -49.588  -0.459 0.1000000015
43407  -21.887  -48.440  0.402 0.1000000015
48784  -25.638  -43.621  -0.706 0.2000000030
48830  -27.656  -43.064  -4.908 0.4000000060
48799  -25.717  -42.997  -1.964 0.3000000119
49821  -25.267  -42.618  -2.243 0.1000000015
49826  -26.896  -42.092  -3.532 0.4000000060
144021  -26.033  -42.010  -3.235 0.4000000060
49840  -26.994  -41.877  -4.392 0.4000000060
8370  -6.167  -79.499  -26.955 0.1000000015
9274  -7.641  -78.048  -29.057 0.3000000119
9258  -6.259  -78.580  -27.085 0.2000000030
157197  -5.867  -78.600  -25.871 0.1000000015
12422  -6.132  -75.361  -27.037 0.3000000119
15481  -4.813  -71.558  -3.835 0.1000000015
15509  -4.140  -71.965  -5.319 0.1000000015
15510  -4.932  -71.893  -5.153 0.1000000015
14349  -3.253  -73.555  -4.158 0.1000000015
18702  -3.930  -69.006  -0.027 0.3000000119
19843  -5.352  -67.764  1.796 0.1000000015
20983  -6.419  -67.490  3.351 0.1000000015
17584  -4.299  -69.491  -0.538 0.2000000030
19844  -6.053  -68.465  2.777 0.1000000015
22169  -6.496  -66.758  3.293 0.1000000015
133832  -7.431  -64.860  2.440 0.1000000015
23423  -5.970  -65.206  2.769 0.1000000015
157341  -6.241  -66.054  3.161 0.1000000015
22170  -7.661  -66.846  3.208 0.1000000015
19978  -4.006  -68.649  -8.123 0.2000000030
18800  -4.529  -68.502  -7.490 0.2000000030
18825  -3.746  -68.936  -8.842 0.2000000030
2708  -6.771  -87.190  -27.571 0.2000000030
6034  -11.652  -82.094  -34.893 0.1000000015
136896  -6.837  -74.673  7.750 0.5000000000
23401  -19.465  -65.185  4.474 0.3000000119
24674  -19.589  -64.078  3.668 0.3000000119
25904  -20.017  -63.604  4.302 0.3000000119
27184  -20.294  -62.344  3.960 0.3000000119
31931  -14.884  -58.238  -2.338 0.6000000238
139284  -22.672  -60.286  -4.955 0.4000000060
29761  -22.077  -60.451  -5.235 0.4000000060
29779  -23.294  -60.414  -5.313 0.4000000060
29782  -25.405  -59.546  -5.662 0.5000000000
32007  -27.701  -58.237  -5.232 0.5000000000
30861  -27.133  -58.868  -5.393 0.4000000060
30776  -12.659  -59.000  -1.316 0.5000000000
33152  -32.157  -57.438  -2.387 0.4000000060
41243  -16.815  -50.139  -8.500 0.2000000030
27360  -23.703  -61.018  -5.615 0.4000000060
2263  -8.246  -88.116  -27.514 0.2000000030
2253  -7.043  -88.331  -26.773 0.2000000030
138665  -6.740  -76.270  -28.063 0.3000000119
135280  -26.652  -41.623  -5.102 0.4000000060
1035  -18.176  -90.323  -25.394 0.3000000119
13271  -3.445  -75.021  -5.783 0.1000000015
15479  -3.220  -72.235  -4.024 0.1000000015
32008  -28.618  -58.153  -4.427 0.4000000060
44487  -22.531  -47.782  1.354 0.2000000030
140327  -26.184  -42.577  -2.700 0.3000000119
150613  -27.513  -42.532  -4.497 0.4000000060
155689  -21.272  -86.234  -27.779 0.1000000015
1851  -16.707  -89.269  -27.168 0.1000000015
142349  -21.092  -87.837  -27.271 0.1000000015
2736  -20.375  -87.078  -28.894 0.1000000015
129906  -21.261  -87.293  -27.975 0.1000000015
1863  -20.037  -89.045  -27.254 0.1000000015
10283  -6.043  -78.012  -26.553 0.2000000030
14372  -3.449  -73.467  -5.935 0.1000000015
15551  -7.342  -72.156  -8.743 0.1000000015
15492  -3.449  -72.459  -4.940 0.1000000015
18801  -4.791  -68.675  -7.299 0.2000000030
16535  -5.443  -70.843  -1.419 0.2000000030
19857  -5.037  -68.044  0.937 0.1000000015
19858  -5.746  -68.536  1.643 0.1000000015
144951  -6.627  -70.260  1.879 0.1000000015
17554  -6.373  -69.887  2.676 0.1000000015
17543  -8.030  -70.915  3.358 0.1000000015
18660  -6.450  -69.251  3.296 0.1000000015
132976  -7.619  -70.043  3.706 0.1000000015
131113  -10.004  -71.109  3.891 0.1000000015
19837  -8.483  -68.604  3.761 0.1000000015
17533  -10.115  -69.863  4.264 0.1000000015
16478  -12.322  -71.569  3.772 0.1000000015
20985  -8.108  -67.845  3.479 0.1000000015
19845  -9.877  -68.161  2.978 0.1000000015
18666  -12.090  -70.035  3.300 0.1000000015
137604  -12.506  -70.815  3.635 0.1000000015
20996  -8.759  -67.212  2.933 0.1000000015
144845  -9.607  -67.417  2.663 0.1000000015
20998  -10.404  -67.640  2.327 0.1000000015
19847  -11.668  -68.543  2.431 0.1000000015
22188  -9.472  -65.922  1.987 0.1000000015
19848  -12.535  -68.863  2.263 0.1000000015
24634  -19.957  -64.394  5.549 0.3000000119
139259  -9.911  -64.974  1.788 0.1000000015
22183  -9.970  -66.934  1.991 0.1000000015
27215  -11.056  -62.631  1.021 0.1000000015
40019  -14.297  -50.113  -10.997 0.3000000119
28476  -11.835  -61.322  -0.125 0.2000000030
29685  -11.862  -60.125  -1.442 0.3000000119
28495  -12.581  -60.562  -1.231 0.3000000119
29686  -12.840  -60.278  -1.938 0.3000000119
29702  -13.500  -60.415  -2.610 0.3000000119
27359  -23.405  -61.760  -5.367 0.4000000060
27337  -24.702  -62.011  -4.967 0.4000000060
28551  -26.092  -61.895  -4.213 0.3000000119
28576  -25.493  -61.478  -5.089 0.3000000119
29776  -21.024  -60.778  -5.767 0.4000000060
29763  -25.929  -60.547  -5.355 0.4000000060
29764  -26.875  -60.542  -5.008 0.3000000119
29765  -27.604  -60.254  -4.407 0.4000000060
30834  -28.255  -60.032  -3.873 0.4000000060
41244  -17.604  -50.894  -8.750 0.1000000015
49825  -25.272  -42.217  -2.714 0.2000000030
139783  -7.974  -82.815  -31.279 0.1000000015
5267  -8.692  -83.542  -31.120 0.1000000015
6004  -7.897  -82.088  -31.834 0.2000000030
6014  -8.537  -81.988  -32.549 0.1000000015
6738  -7.500  -81.835  -29.879 0.2000000030
7550  -8.058  -81.143  -30.182 0.2000000030
7557  -8.106  -81.168  -30.968 0.2000000030
6035  -12.363  -82.401  -34.675 0.1000000015
525  -9.835  -92.480  -4.946 0.4000000060
140113  -9.167  -84.039  5.701 0.3000000119
4863  -9.903  -83.339  5.227 0.3000000119
138299  -5.870  -77.193  -26.395 0.1000000015
4873  -9.952  -83.731  4.343 0.3000000119
11331  -5.883  -76.290  -26.537 0.1000000015
145606  -6.334  -76.035  -27.377 0.1000000015
145645  -5.600  -76.141  -25.756 0.1000000015
3511  -7.314  -86.769  6.358 0.3000000119
12402  -5.565  -75.604  -25.287 0.1000000015
15712  -5.259  -72.893  -23.034 0.1000000015
133317  -3.633  -69.233  -17.658 0.1000000015
16753  -4.634  -71.084  -21.513 0.1000000015
151664  -3.538  -68.346  -17.335 0.1000000015
17817  -3.625  -70.272  -19.971 0.1000000015
21253  -3.349  -67.422  -16.749 0.1000000015
21230  -2.866  -68.015  -14.940 0.1000000015
21237  -3.070  -67.742  -15.772 0.1000000015
139459  -2.951  -67.182  -15.201 0.1000000015
145046  -3.249  -66.903  -16.002 0.1000000015
22470  -3.370  -66.390  -16.629 0.1000000015
22446  -3.337  -66.143  -15.491 0.1000000015
131915  -3.424  -64.585  -14.845 0.3000000119
138956  -2.778  -67.501  -14.306 0.1000000015
131755  -3.221  -65.792  -13.952 0.1000000015
23647  -3.137  -64.919  -13.579 0.3000000119
152540  -2.834  -68.293  -14.203 0.1000000015
22416  -2.808  -66.826  -13.482 0.1000000015
20045  -2.952  -69.026  -12.829 0.1000000015
155461  -3.205  -69.181  -11.806 0.1000000015
22403  -2.943  -66.660  -11.661 0.1000000015
23633  -3.103  -65.306  -11.159 0.3000000119
18879  -3.931  -69.766  -11.322 0.1000000015
17722  -4.334  -70.096  -11.755 0.1000000015
145267  -6.073  -70.312  -11.652 0.1000000015
20011  -3.315  -68.596  -10.409 0.2000000030
20026  -3.085  -68.718  -11.113 0.1000000015
149024  -2.716  -67.572  -11.762 0.1000000015
20003  -3.513  -68.521  -9.555 0.2000000030
131301  -2.999  -67.094  -10.867 0.1000000015
23627  -3.029  -64.894  -10.432 0.5000000000
17706  -5.641  -70.044  -11.043 0.1000000015
17707  -6.645  -70.111  -10.990 0.1000000015
17708  -7.628  -70.054  -10.636 0.1000000015
18864  -4.253  -69.560  -10.520 0.1000000015
18866  -6.098  -69.824  -10.327 0.1000000015
138651  -8.078  -70.434  -11.382 0.1000000015
18845  -3.773  -69.089  -9.779 0.1000000015
21163  -3.450  -67.823  -9.375 0.2000000030
21178  -3.252  -67.953  -10.196 0.2000000030
131779  -3.192  -65.915  -10.372 0.3000000119
22365  -3.254  -66.019  -9.400 0.3000000119
18846  -4.611  -69.456  -9.669 0.1000000015
18867  -6.899  -69.810  -10.290 0.1000000015
18868  -8.309  -69.701  -10.012 0.1000000015
18869  -9.162  -69.814  -10.063 0.1000000015
18849  -7.481  -69.585  -9.833 0.1000000015
18850  -8.887  -69.288  -9.397 0.1000000015
133877  -4.160  -69.265  -8.896 0.1000000015
131713  -4.801  -69.185  -8.061 0.1000000015
18783  -6.990  -68.854  -6.783 0.1000000015
135796  -7.874  -69.003  -6.305 0.1000000015
18782  -5.969  -68.998  -6.467 0.1000000015
18742  -6.521  -69.264  -4.664 0.1000000015
18761  -6.199  -69.207  -5.499 0.1000000015
19902  -5.298  -68.957  -3.246 0.1000000015
144990  -7.861  -69.270  -5.470 0.1000000015
18763  -8.640  -69.140  -5.952 0.1000000015
19943  -9.826  -68.944  -5.052 0.1000000015
19903  -6.334  -69.046  -3.101 0.1000000015
21053  -4.956  -68.181  -1.727 0.1000000015
21041  -4.105  -67.481  -1.248 0.3000000119
18744  -8.257  -69.235  -4.689 0.1000000015
19924  -9.563  -68.678  -4.211 0.1000000015
19907  -10.167  -68.197  -3.644 0.1000000015
19904  -7.331  -68.933  -3.099 0.1000000015
19896  -6.736  -68.586  -2.410 0.1000000015
19895  -5.686  -68.655  -2.410 0.1000000015
21054  -6.074  -68.216  -1.683 0.2000000030
19922  -7.842  -69.104  -3.883 0.1000000015
19906  -9.248  -68.245  -3.262 0.1000000015
19905  -8.270  -68.665  -3.163 0.1000000015
19898  -8.677  -68.003  -2.475 0.1000000015
21057  -9.056  -67.447  -1.773 0.1000000015
21055  -7.169  -67.956  -1.826 0.1000000015
21056  -8.168  -67.752  -1.808 0.1000000015
22230  -11.560  -66.267  -1.865 0.1000000015
21043  -6.554  -67.482  -1.227 0.2000000030
24761  -13.903  -64.515  -2.314 0.1000000015
131920  -16.329  -65.480  -4.830 0.1000000015
23536  -17.300  -65.701  -5.955 0.1000000015
24741  -11.254  -64.058  -1.800 0.1000000015
25994  -12.550  -63.771  -2.421 0.1000000015
26042  -15.397  -64.305  -4.460 0.1000000015
156255  -16.303  -64.939  -5.082 0.1000000015
28570  -11.664  -61.141  -4.663 0.2000000030
29755  -10.402  -60.311  -4.583 0.2000000030
28546  -10.369  -61.772  -4.038 0.2000000030
26058  -15.344  -63.752  -5.119 0.1000000015
26059  -15.933  -63.752  -5.654 0.1000000015
27298  -10.866  -62.506  -3.492 0.1000000015
155858  -11.455  -62.837  -3.196 0.1000000015
26017  -13.432  -63.425  -3.330 0.1000000015
26041  -14.743  -63.755  -4.397 0.1000000015
24805  -15.848  -64.418  -5.081 0.1000000015
134124  -16.438  -64.447  -5.650 0.1000000015
24807  -17.452  -65.004  -6.346 0.1000000015
27271  -10.192  -62.891  -2.792 0.1000000015
29773  -12.807  -60.414  -5.284 0.2000000030
32037  -15.845  -58.968  -6.164 0.2000000030
30855  -13.406  -59.414  -5.366 0.2000000030
30857  -14.988  -59.200  -6.052 0.2000000030
30869  -14.818  -59.831  -6.170 0.1000000015
35334  -29.025  -55.383  2.385 0.1000000015
32038  -16.704  -58.580  -6.409 0.2000000030
32018  -15.329  -58.474  -5.642 0.2000000030
32019  -16.143  -58.198  -5.708 0.2000000030
152234  -18.098  -58.344  -6.840 0.2000000030
33191  -16.355  -57.335  -5.451 0.2000000030
33208  -16.764  -57.804  -5.905 0.2000000030
33210  -18.381  -57.437  -6.494 0.2000000030
33192  -17.104  -57.068  -5.724 0.2000000030
34331  -18.764  -56.431  -6.148 0.2000000030
42232  -24.274  -49.205  5.005 0.1000000015
34332  -19.670  -56.007  -6.163 0.2000000030
33211  -19.246  -57.109  -6.628 0.1000000015
41038  -25.055  -49.807  4.911 0.1000000015
42248  -23.982  -48.613  4.497 0.1000000015
43389  -25.556  -48.974  3.685 0.1000000015
43369  -21.502  -48.668  4.410 0.1000000015
133513  -24.060  -55.054  -6.347 0.1000000015
36528  -24.028  -54.400  -5.930 0.1000000015
35452  -23.243  -54.696  -6.197 0.1000000015
34336  -22.386  -55.470  -6.527 0.1000000015
151814  -23.108  -55.801  -6.974 0.1000000015
35451  -21.525  -55.132  -5.962 0.1000000015
34335  -21.716  -55.655  -6.508 0.1000000015
35429  -20.227  -55.189  -5.172 0.2000000030
34333  -20.570  -55.589  -6.080 0.1000000015
43370  -22.430  -48.374  4.215 0.1000000015
43371  -23.325  -48.370  4.090 0.1000000015
43385  -21.647  -48.968  3.367 0.1000000015
42279  -23.582  -49.694  1.563 0.1000000015
36529  -24.896  -54.527  -6.409 0.1000000015
42277  -20.912  -50.185  2.436 0.1000000015
137942  -21.580  -50.612  1.429 0.1000000015
42292  -21.427  -50.923  0.686 0.1000000015
41099  -22.715  -50.640  -0.084 0.1000000015
48793  -25.224  -43.289  -1.416 0.2000000030
48792  -24.354  -43.204  -1.420 0.2000000030
50910  -24.381  -41.391  -3.473 0.1000000015
49824  -24.387  -42.032  -2.829 0.1000000015
50912  -26.280  -41.486  -3.895 0.2000000030
50911  -25.319  -41.634  -3.355 0.1000000015
50926  -26.230  -41.127  -4.741 0.3000000119
50936  -26.256  -41.237  -5.361 0.3000000119
49859  -26.376  -41.816  -5.836 0.3000000119
49858  -25.835  -42.543  -6.396 0.3000000119
18743  -7.427  -69.275  -4.637 0.1000000015
142474  -7.024  -69.279  -5.261 0.1000000015
28569  -10.842  -61.045  -4.400 0.2000000030
157371  -3.121  -66.166  -11.222 0.2000000030
18740  -4.581  -69.108  -4.972 0.1000000015
21044  -7.630  -67.347  -1.239 0.1000000015
24743  -13.120  -64.521  -1.796 0.1000000015
24742  -12.199  -64.337  -1.713 0.1000000015
25992  -10.558  -63.510  -2.136 0.1000000015
146980  -14.927  -57.161  -4.800 0.2000000030
35431  -20.865  -54.944  -5.261 0.2000000030
43397  -23.096  -49.034  2.440 0.1000000015
36416  -28.024  -54.623  2.835 0.1000000015
42266  -26.093  -49.267  3.658 0.1000000015
43388  -24.489  -48.598  3.705 0.1000000015
42249  -24.937  -48.967  4.375 0.1000000015
34215  -29.080  -56.233  2.218 0.1000000015
42278  -22.634  -50.176  1.490 0.1000000015
42293  -22.240  -50.779  0.606 0.1000000015
42340  -21.600  -50.121  -0.361 0.1000000015
49820  -24.509  -42.521  -2.286 0.1000000015
21201  -2.905  -68.126  -10.966 0.1000000015
19897  -7.747  -68.373  -2.452 0.1000000015
26018  -13.964  -63.910  -3.025 0.1000000015
25993  -11.820  -63.708  -2.301 0.1000000015
26016  -12.727  -63.095  -3.239 0.1000000015
34352  -20.895  -56.487  -6.924 0.1000000015
43354  -23.138  -48.454  4.868 0.1000000015
157885  -23.905  -48.431  4.007 0.1000000015
43368  -20.846  -48.988  4.666 0.1000000015
43386  -22.673  -48.579  3.273 0.1000000015
43396  -22.051  -49.499  2.380 0.1000000015
146663  -20.905  -50.909  1.374 0.1000000015
157799  -20.967  -51.013  0.731 0.1000000015
41077  -22.050  -50.836  0.178 0.1000000015
1834  -11.660  -89.366  -25.909 0.1000000015
1835  -13.305  -89.244  -25.927 0.1000000015
3846  -5.598  -85.254  -27.287 0.1000000015
3855  -6.709  -85.745  -28.082 0.1000000015
112  -10.569  -93.476  -6.301 0.3000000119
291  -9.637  -93.039  -5.632 0.3000000119
133343  -11.955  -93.796  -5.374 0.3000000119
139294  -12.826  -93.895  -7.292 0.3000000119
284  -9.933  -92.893  -4.914 0.3000000119
109  -12.292  -93.885  -4.823 0.3000000119
105  -12.756  -93.995  -4.190 0.3000000119
21  -14.147  -94.295  -6.193 0.3000000119
136495  -14.502  -94.320  -7.092 0.3000000119
100  -11.987  -93.652  -2.808 0.3000000119
101  -13.004  -94.208  -3.446 0.3000000119
15  -14.823  -94.521  -4.701 0.3000000119
276  -11.582  -93.181  -2.769 0.3000000119
10  -13.103  -94.701  -2.759 0.3000000119
1164  -14.533  -91.536  4.374 0.2000000030
144222  -16.824  -92.065  -3.606 0.2000000030
847  -16.388  -91.793  -4.382 0.2000000030
829  -17.624  -91.761  -2.276 0.2000000030
152103  -16.190  -92.474  -4.839 0.2000000030
519  -15.867  -92.637  -5.516 0.2000000030
285  -15.805  -93.765  -5.811 0.2000000030
16  -15.403  -94.567  -3.920 0.3000000119
106  -15.609  -94.388  -4.877 0.3000000119
8  -15.183  -94.927  -2.360 0.3000000119
102  -15.941  -94.484  -3.430 0.3000000119
1  -13.937  -95.169  -1.745 0.3000000119
2  -14.598  -95.069  -1.517 0.3000000119
9  -15.835  -94.347  -2.562 0.3000000119
135874  -16.496  -94.019  -2.876 0.3000000119
151554  -15.938  -93.784  -2.047 0.3000000119
274  -16.588  -93.655  -2.401 0.3000000119
271  -16.710  -93.104  -1.715 0.3000000119
824  -17.727  -91.075  -0.808 0.2000000030
135118  -17.317  -91.392  0.434 0.3000000119
515  -17.246  -92.339  -2.836 0.2000000030
520  -16.583  -92.885  -4.200 0.2000000030
1185  -16.073  -91.485  2.410 0.2000000030
1192  -16.603  -91.303  1.587 0.3000000119
508  -17.610  -91.749  -1.137 0.2000000030
514  -17.041  -93.018  -3.387 0.2000000030
281  -16.233  -93.476  -4.865 0.3000000119
278  -17.185  -92.989  -2.706 0.2000000030
282  -16.718  -94.075  -3.660 0.3000000119
140939  -17.176  -92.456  -1.131 0.2000000030
507  -17.339  -92.507  -1.664 0.2000000030
836  -12.567  -92.143  -2.618 0.3000000119
268  -13.504  -94.462  -1.134 0.3000000119
821  -17.272  -91.878  0.280 0.3000000119
837  -13.638  -90.810  -3.013 0.3000000119
825  -14.414  -92.170  -1.197 0.3000000119
505  -13.878  -93.481  -1.187 0.3000000119
262  -15.472  -92.736  -0.233 0.3000000119
1215  -14.276  -90.738  -2.232 0.3000000119
506  -14.425  -93.147  -1.023 0.3000000119
263  -16.130  -92.701  0.064 0.3000000119
497  -16.826  -92.248  0.903 0.3000000119
156333  -16.129  -92.651  1.420 0.3000000119
502  -14.741  -92.437  -0.505 0.3000000119
1655  -13.766  -89.347  -2.510 0.3000000119
1209  -14.498  -90.953  -1.522 0.3000000119
491  -15.977  -92.195  2.319 0.3000000119
809  -16.391  -91.951  2.037 0.2000000030
267  -16.541  -92.718  -0.843 0.3000000119
260  -15.897  -92.835  1.049 0.3000000119
1208  -14.327  -90.405  -1.190 0.3000000119
139720  -10.825  -78.064  8.980 0.3000000119
154327  -10.686  -78.796  7.915 0.3000000119
1647  -13.834  -89.508  -1.632 0.3000000119
8862  -11.484  -77.962  7.836 0.3000000119
9793  -11.698  -77.385  8.055 0.3000000119
9720  -5.531  -78.437  14.146 0.2000000030
9731  -5.925  -77.862  13.582 0.2000000030
9732  -8.215  -77.777  13.693 0.2000000030
138328  -8.598  -79.440  11.809 0.3000000119
7948  -5.887  -79.121  12.655 0.2000000030
9742  -4.817  -77.935  13.045 0.2000000030
9744  -6.421  -77.353  13.025 0.3000000119
9745  -8.004  -77.293  12.927 0.3000000119
11853  -8.657  -75.644  11.874 0.3000000119
11865  -6.543  -75.419  11.496 0.3000000119
11866  -7.594  -75.029  11.761 0.3000000119
8831  -10.128  -78.261  9.622 0.3000000119
11863  -5.788  -76.075  10.935 0.3000000119
11867  -9.374  -74.661  11.698 0.3000000119
9792  -11.112  -77.249  8.514 0.3000000119
9776  -8.252  -77.277  9.663 0.3000000119
13031  -6.064  -75.681  10.670 0.3000000119
13033  -6.889  -74.441  11.394 0.3000000119
8767  -6.656  -78.532  14.746 0.1000000015
8766  -5.384  -78.928  14.726 0.1000000015
9733  -9.193  -77.662  13.506 0.2000000030
8800  -7.911  -78.885  11.387 0.3000000119
8814  -5.783  -78.019  11.280 0.3000000119
10810  -10.481  -76.485  12.520 0.3000000119
10807  -5.694  -77.143  12.434 0.3000000119
10808  -6.936  -76.764  12.449 0.3000000119
145711  -9.377  -76.367  12.125 0.3000000119
11855  -11.161  -75.460  11.989 0.3000000119
11854  -10.006  -75.670  11.733 0.3000000119
13020  -11.664  -73.314  12.280 0.3000000119
11868  -10.480  -74.575  11.677 0.3000000119
13035  -9.870  -73.669  11.680 0.3000000119
13056  -5.435  -74.402  9.512 0.3000000119
13034  -7.855  -74.060  11.665 0.3000000119
14129  -11.811  -72.979  12.186 0.3000000119
13045  -5.876  -74.789  10.286 0.3000000119
8768  -8.150  -78.351  14.979 0.1000000015
9722  -8.832  -77.939  14.433 0.1000000015
10787  -10.804  -76.995  14.659 0.1000000015
10811  -11.690  -75.990  13.361 0.2000000030
11843  -12.504  -75.269  13.813 0.2000000030
14115  -12.414  -73.075  13.112 0.3000000119
15256  -12.594  -72.758  12.992 0.3000000119
14125  -6.369  -73.928  11.107 0.3000000119
14127  -9.398  -73.057  11.459 0.3000000119
15269  -10.864  -72.645  11.477 0.3000000119
8769  -9.427  -78.064  15.263 0.1000000015
10796  -11.133  -76.698  14.031 0.1000000015
14130  -12.818  -72.622  12.593 0.3000000119
154224  -7.395  -72.788  10.796 0.3000000119
15267  -9.001  -72.562  11.067 0.3000000119
134332  -11.843  -72.782  11.989 0.3000000119
9724  -10.895  -77.190  15.111 0.1000000015
15303  -7.727  -72.466  10.321 0.3000000119
15283  -8.738  -72.344  10.729 0.3000000119
15286  -10.923  -72.441  11.127 0.3000000119
15287  -11.784  -72.625  11.439 0.3000000119
14143  -13.705  -73.081  10.777 0.2000000030
15289  -14.377  -72.296  11.439 0.2000000030
15284  -9.506  -72.294  10.740 0.3000000119
22130  -21.992  -66.118  7.368 0.2000000030
23347  -21.935  -65.477  7.915 0.2000000030
23360  -22.331  -65.283  7.086 0.2000000030
23361  -22.295  -64.571  7.097 0.2000000030
23346  -21.137  -65.273  8.158 0.2000000030
153258  -22.137  -64.830  7.507 0.2000000030
25866  -21.808  -63.724  6.463 0.2000000030
143477  -20.514  -64.208  6.625 0.2000000030
24617  -21.339  -64.027  6.956 0.2000000030
24619  -22.130  -64.051  6.623 0.2000000030
23359  -20.561  -64.657  7.386 0.2000000030
24635  -20.770  -63.655  6.256 0.2000000030
25883  -21.682  -63.278  5.756 0.2000000030
27130  -21.503  -62.746  5.248 0.2000000030
135792  -22.100  -63.341  5.260 0.2000000030
25882  -21.033  -63.173  5.727 0.2000000030
24658  -20.316  -63.575  5.253 0.2000000030
25905  -20.525  -62.793  4.852 0.2000000030
38839  -13.664  -51.382  -10.674 0.2000000030
41274  -14.206  -49.885  -11.276 0.2000000030
149760  -14.895  -49.659  -11.702 0.2000000030
41292  -15.415  -49.638  -11.930 0.1000000015
38840  -13.948  -50.950  -11.289 0.2000000030
40044  -14.188  -49.989  -11.371 0.2000000030
41311  -17.153  -48.933  -13.794 0.1000000015
41300  -17.641  -48.639  -13.688 0.1000000015
40056  -15.734  -50.669  -13.041 0.2000000030
41309  -16.188  -49.885  -13.237 0.1000000015
38854  -14.496  -50.956  -11.945 0.2000000030
41310  -16.781  -49.693  -13.857 0.1000000015
38863  -14.987  -52.454  -12.660 0.2000000030
42545  -18.111  -47.831  -14.116 0.1000000015
38864  -15.754  -52.150  -13.268 0.2000000030
40057  -16.546  -50.736  -13.877 0.2000000030
41319  -17.562  -49.746  -14.466 0.1000000015
38875  -16.972  -51.819  -14.532 0.2000000030
40066  -17.165  -50.742  -14.595 0.1000000015
40068  -18.450  -50.577  -15.239 0.1000000015
40069  -19.255  -50.299  -15.403 0.1000000015
37728  -15.520  -53.244  -13.484 0.2000000030
37729  -16.138  -52.961  -14.016 0.2000000030
42524  -17.964  -47.840  -13.932 0.1000000015
41321  -19.844  -49.420  -14.854 0.1000000015
37741  -16.644  -52.800  -14.433 0.1000000015
138652  -16.334  -53.457  -14.269 0.1000000015
38876  -17.791  -51.781  -14.988 0.1000000015
38877  -18.500  -51.558  -15.396 0.1000000015
132011  -19.013  -51.188  -15.536 0.1000000015
36651  -17.003  -53.839  -14.599 0.1000000015
37742  -17.485  -52.762  -14.877 0.1000000015
37706  -15.962  -52.716  -11.157 0.1000000015
37707  -16.712  -52.235  -11.571 0.1000000015
38856  -17.655  -51.317  -12.297 0.1000000015
40048  -17.925  -49.912  -12.600 0.1000000015
41301  -17.893  -48.311  -13.402 0.1000000015
143209  -19.004  -48.015  -14.176 0.1000000015
42546  -20.255  -48.497  -14.527 0.1000000015
40070  -20.261  -50.598  -15.509 0.1000000015
37743  -18.492  -52.577  -15.245 0.1000000015
136046  -15.531  -54.983  -10.556 0.2000000030
153547  -15.478  -53.867  -10.630 0.2000000030
141913  -19.197  -47.416  -14.071 0.1000000015
41312  -21.711  -48.822  -14.444 0.1000000015
41322  -20.751  -49.547  -15.170 0.1000000015
152309  -19.611  -52.034  -15.279 0.1000000015
38857  -18.442  -51.597  -12.407 0.1000000015
36587  -16.082  -54.990  -10.812 0.2000000030
36612  -16.789  -54.491  -11.211 0.1000000015
130508  -17.123  -53.323  -11.553 0.1000000015
35516  -15.253  -55.609  -10.324 0.2000000030
43647  -20.923  -47.796  -14.306 0.1000000015
42534  -21.532  -47.839  -14.430 0.1000000015
37708  -17.458  -52.463  -11.957 0.1000000015
40049  -18.865  -49.783  -12.767 0.1000000015
41302  -19.041  -48.460  -13.229 0.1000000015
35518  -16.671  -55.656  -10.809 0.1000000015
32062  -14.987  -58.273  -8.423 0.2000000030
131964  -20.060  -52.703  -14.961 0.1000000015
139194  -17.889  -54.230  -11.527 0.1000000015
37721  -18.378  -52.723  -12.155 0.1000000015
34402  -15.794  -56.601  -10.336 0.2000000030
33267  -16.432  -57.798  -9.545 0.2000000030
34403  -17.137  -56.495  -10.685 0.1000000015
34348  -14.845  -57.464  -7.347 0.2000000030
36613  -18.693  -54.894  -11.293 0.1000000015
46663  -22.767  -45.695  1.709 0.1000000015
47728  -24.213  -44.712  1.119 0.1000000015
144875  -21.083  -46.615  1.340 0.1000000015
47727  -23.214  -44.890  0.962 0.1000000015
47749  -24.610  -44.030  0.550 0.1000000015
47747  -23.224  -44.027  0.330 0.1000000015
48758  -23.974  -43.698  0.123 0.1000000015
141426  -21.797  -43.887  0.350 0.1000000015
48757  -23.376  -43.585  -0.281 0.1000000015
139126  -24.749  -43.603  -0.208 0.1000000015
48783  -23.972  -43.457  -0.772 0.1000000015
132522  -24.775  -43.452  -0.943 0.1000000015
50935  -25.920  -40.828  -5.271 0.2000000030
50947  -25.790  -41.069  -5.881 0.2000000030
49874  -24.936  -41.670  -6.852 0.2000000030
49857  -24.964  -42.393  -6.693 0.2000000030
51958  -25.427  -40.562  -5.601 0.2000000030
50946  -25.251  -41.041  -6.554 0.2000000030
50962  -24.576  -41.027  -7.148 0.2000000030
49873  -24.107  -42.115  -7.122 0.2000000030
266  -15.512  -93.201  -1.186 0.3000000119
96  -14.418  -95.080  -0.900 0.3000000119
93  -15.017  -94.566  -1.030 0.3000000119
10863  -12.144  -76.888  7.537 0.3000000119
8874  -11.646  -77.782  6.938 0.3000000119
10843  -8.988  -76.486  9.273 0.3000000119
9763  -5.759  -76.752  11.383 0.3000000119
11851  -6.017  -76.252  12.018 0.3000000119
8817  -9.710  -78.691  10.502 0.3000000119
9754  -5.179  -77.520  11.942 0.3000000119
150369  -6.398  -77.712  10.528 0.3000000119
8815  -6.915  -78.383  10.734 0.3000000119
14126  -8.181  -73.170  11.420 0.3000000119
15304  -9.011  -72.145  10.277 0.3000000119
30817  -29.854  -59.803  -2.271 0.3000000119
31970  -31.742  -58.085  -2.286 0.3000000119
51967  -24.902  -40.425  -6.639 0.2000000030
92  -14.495  -94.466  -0.812 0.3000000119
20  -13.192  -93.966  -6.299 0.3000000119
512  -10.973  -92.930  -3.235 0.3000000119
513  -11.536  -92.827  -2.759 0.3000000119
1220  -13.647  -89.879  -3.484 0.3000000119
99  -11.309  -93.336  -3.355 0.3000000119
108  -11.259  -93.458  -4.522 0.3000000119
27158  -20.893  -61.961  4.755 0.2000000030
32095  -15.851  -58.090  -9.130 0.2000000030
45547  -22.293  -46.748  1.807 0.1000000015
46665  -24.590  -45.318  1.596 0.1000000015
46662  -21.817  -45.820  1.541 0.1000000015
2715  -7.004  -86.703  -28.109 0.1000000015
130505  -25.586  -41.727  -6.429 0.2000000030
292  -10.392  -93.197  -5.098 0.3000000119
18  -13.312  -94.136  -5.253 0.3000000119
104  -11.939  -93.625  -4.013 0.3000000119
19  -14.245  -94.395  -5.260 0.3000000119
110  -15.072  -94.434  -5.689 0.3000000119
272  -12.396  -93.538  -2.359 0.3000000119
12  -14.622  -94.865  -3.058 0.3000000119
509  -12.268  -92.985  -2.298 0.3000000119
828  -14.302  -91.489  -1.818 0.3000000119
510  -13.497  -92.495  -1.824 0.3000000119
8798  -5.226  -78.304  12.254 0.2000000030
7922  -4.833  -78.726  13.296 0.2000000030
10809  -8.323  -76.586  12.272 0.3000000119
9777  -9.343  -77.486  9.450 0.3000000119
14128  -10.639  -72.976  11.729 0.3000000119
15268  -9.950  -72.493  11.189 0.3000000119
47748  -23.863  -44.225  0.627 0.1000000015
47746  -22.297  -44.378  0.753 0.1000000015
48756  -22.593  -43.630  -0.121 0.1000000015
51968  -25.285  -40.640  -6.146 0.2000000030
302  -15.110  -93.712  -7.596 0.2000000030
303  -15.287  -92.904  -7.177 0.2000000030
879  -15.210  -91.544  -8.381 0.2000000030
146463  -15.796  -89.785  -8.729 0.1000000015
114  -15.016  -94.396  -6.539 0.2000000030
533  -15.546  -92.803  -6.349 0.2000000030
871  -15.491  -91.249  -7.575 0.2000000030
133575  -15.622  -91.995  -6.950 0.2000000030
4874  -11.573  -83.238  4.021 0.2000000030
155945  -10.726  -83.146  4.538 0.2000000030
3535  -11.916  -84.631  3.849 0.2000000030
2018  -10.163  -88.424  5.354 0.2000000030
1586  -9.929  -90.177  6.052 0.2000000030
1572  -10.319  -90.269  6.851 0.2000000030
5604  -10.949  -82.280  5.691 0.2000000030
5617  -12.243  -82.607  4.449 0.2000000030
4875  -12.423  -83.323  4.284 0.2000000030
145336  -12.491  -84.103  4.405 0.2000000030
156571  -10.623  -82.745  5.194 0.2000000030
138682  -9.905  -89.367  5.798 0.2000000030
131421  -10.201  -89.659  6.636 0.2000000030
776  -11.007  -91.312  7.034 0.2000000030
4838  -9.666  -83.928  7.233 0.2000000030
5581  -10.735  -82.821  7.727 0.2000000030
5582  -11.246  -82.019  7.343 0.2000000030
4848  -9.606  -83.540  6.287 0.2000000030
5591  -10.701  -82.404  6.696 0.2000000030
6351  -11.821  -81.466  6.958 0.2000000030
6364  -12.060  -81.424  6.066 0.2000000030
6383  -12.748  -82.061  4.811 0.2000000030
4876  -13.089  -83.338  4.733 0.2000000030
4177  -13.118  -84.021  5.231 0.2000000030
157667  -10.975  -82.934  8.439 0.1000000015
6324  -12.118  -81.837  8.746 0.1000000015
5572  -10.585  -83.564  8.514 0.2000000030
6338  -12.626  -81.296  8.249 0.2000000030
152898  -12.415  -81.144  6.633 0.2000000030
4160  -8.970  -84.651  6.578 0.2000000030
7156  -12.894  -81.025  5.973 0.2000000030
132981  -13.925  -81.879  5.316 0.2000000030
4865  -13.690  -83.387  5.456 0.2000000030
4159  -8.207  -85.985  6.361 0.2000000030
5546  -11.008  -82.673  10.451 0.2000000030
150737  -10.914  -82.967  9.786 0.1000000015
5559  -12.282  -82.141  9.494 0.1000000015
4818  -10.576  -83.761  9.338 0.2000000030
5560  -12.972  -82.085  9.612 0.1000000015
6325  -12.799  -81.561  9.008 0.1000000015
4147  -9.916  -84.257  8.134 0.2000000030
6340  -14.234  -80.919  8.614 0.1000000015
7136  -13.147  -80.750  7.698 0.1000000015
7146  -13.704  -80.471  7.029 0.1000000015
3497  -8.663  -86.012  8.012 0.2000000030
7138  -14.876  -80.501  7.892 0.1000000015
6376  -14.508  -80.891  5.914 0.2000000030
6365  -15.243  -81.100  6.150 0.1000000015
5608  -14.442  -82.283  5.623 0.2000000030
153262  -14.282  -83.481  6.210 0.2000000030
150524  -10.879  -82.946  12.312 0.1000000015
4105  -12.817  -84.027  12.303 0.1000000015
152409  -10.133  -83.618  11.137 0.2000000030
5520  -11.112  -82.695  11.658 0.1000000015
5547  -12.308  -82.462  10.382 0.1000000015
4116  -9.919  -84.659  9.735 0.2000000030
5561  -13.714  -82.133  9.632 0.1000000015
4115  -9.406  -85.812  10.344 0.2000000030
4136  -9.459  -85.275  8.565 0.2000000030
5562  -15.084  -82.361  9.630 0.1000000015
3489  -8.801  -86.339  9.013 0.2000000030
5563  -15.960  -82.606  9.601 0.1000000015
6341  -15.210  -81.081  8.557 0.1000000015
7139  -15.759  -80.796  7.708 0.1000000015
7148  -15.400  -80.521  7.114 0.1000000015
3496  -7.960  -86.895  7.225 0.2000000030
4096  -12.609  -84.367  12.881 0.1000000015
4796  -14.099  -83.853  10.950 0.1000000015
5548  -13.289  -82.529  10.210 0.1000000015
5549  -14.290  -82.597  10.022 0.1000000015
3469  -9.020  -86.642  10.934 0.2000000030
4808  -15.906  -83.384  10.245 0.1000000015
2885  -8.711  -86.754  10.548 0.2000000030
2893  -8.499  -86.689  9.578 0.2000000030
2913  -7.590  -87.184  7.674 0.2000000030
136006  -7.917  -86.838  9.002 0.2000000030
3486  -6.749  -86.091  7.780 0.2000000030
157523  -15.245  -83.598  10.496 0.1000000015
4819  -16.702  -83.198  9.867 0.1000000015
3478  -7.630  -86.311  9.358 0.2000000030
3467  -7.277  -85.330  9.725 0.1000000015
3468  -7.682  -86.111  10.377 0.1000000015
4817  -6.784  -83.697  9.660 0.1000000015
8336  -29.653  -79.182  -23.902 0.1000000015
7496  -29.433  -80.078  -23.656 0.1000000015
9218  -30.642  -78.274  -23.984 0.1000000015
155967  -29.092  -78.773  -22.787 0.1000000015
7487  -28.846  -80.120  -22.112 0.1000000015
8321  -28.841  -79.236  -22.352 0.1000000015
9217  -29.907  -78.545  -23.953 0.1000000015
143869  -32.268  -77.675  -23.562 0.1000000015
10238  -31.301  -77.567  -23.592 0.1000000015
5518  -7.518  -82.766  12.618 0.1000000015
5535  -8.156  -82.517  11.859 0.1000000015
5502  -7.748  -82.190  13.435 0.1000000015
17893  -22.224  -70.804  -22.598 0.1000000015
6273  -7.368  -81.561  13.972 0.1000000015
5519  -8.465  -82.070  12.682 0.1000000015
6314  -9.220  -81.524  10.917 0.2000000030
17906  -22.038  -69.997  -23.054 0.1000000015
16811  -22.347  -71.779  -23.040 0.1000000015
7113  -9.830  -80.737  10.797 0.2000000030
8832  -10.587  -78.829  9.464 0.2000000030
16810  -22.270  -70.912  -23.595 0.1000000015
16831  -22.218  -71.843  -24.212 0.1000000015
143124  -22.439  -72.371  -23.733 0.1000000015
6274  -8.308  -81.482  13.149 0.1000000015
5489  -6.547  -81.606  14.885 0.1000000015
7082  -8.709  -80.833  12.749 0.1000000015
149328  -9.877  -80.478  11.312 0.2000000030
7071  -7.629  -80.680  13.515 0.1000000015
7935  -8.540  -80.068  12.573 0.1000000015
7950  -9.438  -79.779  11.652 0.2000000030
8801  -9.207  -79.037  11.260 0.2000000030
9766  -8.912  -78.037  9.914 0.2000000030
15753  -21.895  -72.849  -25.676 0.1000000015
14666  -22.992  -74.022  -25.556 0.1000000015
14665  -22.218  -73.624  -26.160 0.1000000015
14664  -21.611  -73.188  -26.699 0.1000000015
7914  -5.215  -79.371  14.588 0.1000000015
7933  -5.394  -79.415  13.552 0.1000000015
138979  -7.587  -77.882  10.167 0.2000000030
13545  -22.270  -74.713  -27.847 0.1000000015
14694  -21.745  -73.997  -28.294 0.1000000015
14710  -21.848  -72.833  -28.999 0.1000000015
13527  -22.547  -74.489  -26.711 0.1000000015
13528  -23.473  -74.766  -26.083 0.1000000015
13557  -22.863  -75.175  -28.346 0.1000000015
13556  -22.432  -74.473  -28.681 0.1000000015
14712  -22.718  -74.071  -29.142 0.1000000015
143968  -23.239  -74.890  -29.073 0.1000000015
15790  -25.449  -73.037  -27.247 0.1000000015
14713  -23.442  -74.247  -29.288 0.1000000015
29735  -16.400  -60.363  -4.184 0.3000000119
30828  -17.421  -59.629  -4.393 0.3000000119
29736  -16.982  -60.414  -4.280 0.3000000119
29715  -15.024  -60.780  -3.224 0.3000000119
29716  -15.897  -60.790  -3.659 0.3000000119
28526  -17.400  -61.185  -2.856 0.3000000119
28548  -17.383  -61.124  -3.973 0.3000000119
152854  -14.065  -61.027  -2.443 0.2000000030
29703  -14.848  -61.080  -2.405 0.3000000119
28509  -17.501  -61.044  -1.585 0.3000000119
29688  -14.844  -60.896  -1.284 0.2000000030
29689  -15.818  -60.815  -1.205 0.3000000119
31984  -17.324  -58.897  -3.753 0.3000000119
31985  -18.086  -59.044  -3.691 0.3000000119
30806  -15.309  -59.628  -3.792 0.3000000119
29737  -17.824  -60.418  -4.536 0.3000000119
29738  -18.507  -60.100  -4.988 0.3000000119
28573  -18.705  -60.763  -4.775 0.3000000119
28574  -19.566  -61.108  -5.124 0.3000000119
27356  -21.079  -62.222  -5.344 0.3000000119
27334  -22.260  -62.644  -4.623 0.3000000119
27303  -22.068  -62.946  -4.063 0.3000000119
27335  -23.118  -62.430  -4.677 0.3000000119
27275  -23.497  -62.689  -3.000 0.3000000119
151102  -19.908  -59.850  -4.917 0.3000000119
29759  -20.292  -60.409  -5.418 0.3000000119
28596  -22.124  -61.306  -5.671 0.3000000119
13014  -12.780  -74.157  13.972 0.2000000030
13013  -12.523  -74.206  13.663 0.2000000030
13022  -12.644  -73.375  13.828 0.2000000030
2424  -10.787  -87.865  5.993 0.2000000030
29758  -19.280  -60.266  -5.144 0.3000000119
143551  -23.651  -62.692  -3.967 0.3000000119
28575  -20.535  -61.472  -5.391 0.3000000119
5536  -11.436  -82.540  10.896 0.1000000015
5537  -11.924  -82.618  11.342 0.1000000015
4795  -13.405  -83.583  11.268 0.1000000015
6301  -9.496  -81.122  11.538 0.1000000015
29717  -16.681  -61.046  -3.755 0.3000000119
29704  -15.796  -61.135  -2.437 0.3000000119
28525  -16.672  -61.159  -2.585 0.3000000119
28508  -16.711  -60.989  -1.380 0.2000000030
28550  -19.215  -61.679  -4.333 0.3000000119
136638  -4.780  -82.654  -14.902 0.1000000015
149756  -4.619  -81.641  -14.518 0.1000000015
144451  -25.340  -62.574  -3.363 0.2000000030
28552  -26.809  -61.749  -3.521 0.2000000030
27307  -26.155  -62.407  -3.261 0.2000000030
28529  -27.110  -62.232  -2.759 0.2000000030
28553  -27.671  -61.451  -2.891 0.2000000030
27278  -26.719  -62.939  -2.470 0.2000000030
26000  -27.302  -63.525  -2.433 0.2000000030
143394  -27.774  -62.036  -2.555 0.2000000030
28554  -28.343  -60.960  -2.705 0.2000000030
26019  -27.868  -64.162  -2.871 0.2000000030
26001  -27.991  -63.281  -2.631 0.2000000030
157072  -18.845  -61.219  -1.059 0.2000000030
27260  -19.823  -61.589  -2.053 0.2000000030
149396  -20.872  -62.765  -4.151 0.2000000030
27261  -20.828  -61.935  -1.495 0.2000000030
27274  -21.498  -62.071  -2.361 0.1000000015
150738  -24.183  -62.727  -3.322 0.2000000030
29722  -28.861  -60.820  -2.430 0.2000000030
142624  -29.224  -60.298  -2.366 0.2000000030
27280  -28.263  -62.398  -2.560 0.2000000030
27281  -28.837  -61.861  -2.592 0.2000000030
26043  -29.015  -63.976  -4.240 0.2000000030
27308  -28.534  -63.074  -2.878 0.2000000030
27309  -29.043  -62.562  -3.000 0.2000000030
24789  -27.984  -65.334  -4.574 0.2000000030
24790  -28.321  -64.694  -3.793 0.2000000030
29723  -29.372  -60.610  -2.357 0.2000000030
28531  -29.585  -61.009  -2.527 0.2000000030
26021  -28.893  -63.311  -3.417 0.1000000015
26044  -29.339  -63.034  -4.035 0.1000000015
24808  -28.017  -65.291  -5.605 0.1000000015
24809  -28.557  -64.762  -4.936 0.1000000015
26061  -29.268  -63.350  -5.152 0.1000000015
29724  -29.996  -60.473  -2.482 0.2000000030
140637  -29.907  -61.603  -3.607 0.2000000030
28556  -30.046  -61.089  -2.969 0.2000000030
28578  -30.049  -61.843  -4.536 0.2000000030
28579  -30.475  -61.115  -4.012 0.2000000030
24826  -28.235  -65.128  -6.560 0.1000000015
24827  -28.837  -64.461  -6.523 0.1000000015
26071  -29.340  -63.711  -6.302 0.1000000015
156165  -29.904  -62.501  -5.699 0.1000000015
29746  -30.552  -60.494  -3.106 0.2000000030
27369  -29.669  -63.018  -7.102 0.1000000015
28614  -30.310  -61.584  -6.322 0.1000000015
28600  -30.450  -61.350  -5.278 0.1000000015
29766  -30.804  -60.384  -4.010 0.1000000015
28599  -29.989  -62.362  -6.446 0.1000000015
132781  -30.618  -58.899  -1.996 0.2000000030
30818  -31.060  -58.972  -2.311 0.2000000030
27378  -29.041  -62.920  -7.820 0.1000000015
28613  -30.012  -61.819  -7.188 0.1000000015
29798  -30.729  -60.751  -6.222 0.1000000015
29797  -30.380  -61.098  -7.169 0.1000000015
30848  -31.019  -59.787  -4.627 0.2000000030
31993  -31.486  -58.572  -2.617 0.2000000030
28623  -29.695  -61.238  -7.754 0.1000000015
30862  -31.064  -59.840  -5.820 0.1000000015
28622  -28.866  -61.402  -7.965 0.1000000015
30872  -30.881  -60.060  -6.689 0.1000000015
30849  -31.255  -59.144  -4.092 0.2000000030
32009  -31.565  -58.571  -3.541 0.2000000030
156706  -31.309  -59.211  -6.101 0.1000000015
30863  -31.382  -59.076  -5.286 0.2000000030
29815  -30.051  -60.383  -7.733 0.1000000015
31994  -31.920  -58.017  -3.006 0.2000000030
32010  -31.900  -57.928  -4.017 0.2000000030
32024  -31.740  -58.400  -5.408 0.2000000030
137512  -31.672  -58.509  -4.583 0.2000000030
138333  -31.116  -59.318  -6.825 0.1000000015
135467  -31.575  -57.145  -6.748 0.1000000015
33214  -31.507  -57.884  -6.805 0.2000000030
33185  -32.188  -57.430  -4.420 0.2000000030
32040  -31.117  -58.414  -7.267 0.1000000015
33196  -32.164  -57.181  -5.190 0.2000000030
34340  -31.044  -56.576  -7.110 0.1000000015
151031  -31.588  -56.451  -6.657 0.1000000015
34360  -30.074  -57.438  -7.627 0.1000000015
33213  -30.967  -57.461  -7.440 0.1000000015
34338  -29.692  -56.253  -7.350 0.1000000015
35457  -28.572  -55.308  -7.104 0.1000000015
36534  -30.062  -54.751  -6.769 0.1000000015
36532  -28.134  -54.509  -6.806 0.1000000015
36533  -29.123  -54.614  -6.830 0.1000000015
149540  -29.696  -53.925  -6.613 0.1000000015
31969  -31.288  -58.433  -1.999 0.2000000030
34316  -31.929  -56.802  -6.031 0.1000000015
35459  -30.365  -56.034  -7.091 0.1000000015
36531  -27.227  -54.445  -6.770 0.1000000015
36530  -26.300  -54.265  -6.671 0.1000000015
35458  -29.595  -55.486  -7.054 0.1000000015
27305  -24.550  -62.461  -3.943 0.2000000030
139358  -30.582  -59.671  -2.541 0.2000000030
28527  -18.155  -61.253  -3.042 0.2000000030
28510  -18.207  -61.138  -1.898 0.2000000030
28549  -18.234  -61.243  -4.174 0.2000000030
27331  -19.931  -61.922  -4.842 0.2000000030
27333  -21.393  -62.758  -4.575 0.2000000030
134222  -22.195  -62.383  -2.571 0.2000000030
27272  -19.657  -61.961  -3.307 0.2000000030
26020  -28.507  -63.803  -3.214 0.2000000030
28528  -18.908  -61.639  -3.263 0.2000000030
132862  -19.440  -61.505  -1.029 0.2000000030
27301  -20.175  -62.350  -4.029 0.2000000030
141090  -20.980  -62.365  -3.509 0.2000000030
27250  -20.956  -62.865  -0.698 0.1000000015
147589  -28.548  -64.775  -5.829 0.1000000015
26060  -28.994  -64.202  -5.484 0.1000000015
30836  -30.925  -59.819  -3.491 0.2000000030
26070  -29.003  -63.836  -7.500 0.1000000015
29783  -30.793  -60.552  -4.994 0.1000000015
32041  -31.501  -58.599  -6.283 0.1000000015
35456  -27.601  -55.172  -7.079 0.1000000015
35455  -26.680  -55.045  -7.057 0.1000000015
3457  -9.094  -86.612  11.509 0.1000000015
4104  -9.697  -84.623  10.689 0.1000000015
3512  -12.486  -85.292  6.057 0.1000000015
2425  -11.376  -87.394  6.565 0.1000000015
4764  -11.044  -83.521  13.497 0.1000000015
150331  -9.202  -84.707  13.253 0.1000000015
4763  -10.295  -83.594  13.970 0.1000000015
141136  -10.322  -83.226  11.969 0.1000000015
4777  -9.650  -83.983  12.661 0.1000000015
4178  -13.602  -84.025  6.192 0.1000000015
1562  -10.761  -89.895  7.526 0.1000000015
1135  -11.481  -90.190  8.231 0.1000000015
1552  -11.035  -90.142  8.097 0.1000000015
469  -11.733  -91.456  6.867 0.1000000015
4850  -14.936  -83.580  6.789 0.1000000015
4148  -14.934  -84.375  7.318 0.1000000015
4162  -14.220  -84.114  6.998 0.1000000015
2917  -14.365  -85.766  8.190 0.1000000015
142220  -13.241  -87.840  9.383 0.1000000015
2914  -11.921  -86.857  7.244 0.1000000015
1976  -12.182  -88.870  9.214 0.1000000015
861  -15.585  -91.015  -6.759 0.1000000015
2400  -11.846  -88.273  8.432 0.1000000015
1963  -12.552  -89.579  9.316 0.1000000015
1137  -12.544  -90.090  8.615 0.1000000015
139024  -12.405  -90.391  7.474 0.1000000015
1139  -12.182  -90.428  7.679 0.1000000015
1141  -12.472  -91.040  6.605 0.1000000015
774  -11.328  -91.200  7.169 0.1000000015
778  -12.741  -91.746  6.113 0.1000000015
2062  -17.910  -89.215  -0.572 0.1000000015
1634  -17.703  -90.023  -0.198 0.1000000015
1632  -16.546  -89.420  0.794 0.1000000015
4149  -15.609  -84.659  7.347 0.1000000015
2904  -14.496  -86.713  8.722 0.1000000015
2403  -14.762  -88.080  9.136 0.1000000015
1977  -12.966  -88.715  9.427 0.1000000015
855  -16.053  -91.650  -5.180 0.1000000015
155917  -15.669  -90.837  -6.200 0.1000000015
137787  -12.944  -89.991  8.490 0.1000000015
1239  -16.169  -89.766  -5.029 0.1000000015
1677  -15.926  -89.620  -5.799 0.1000000015
1574  -13.226  -89.029  6.764 0.1000000015
1678  -16.200  -88.864  -5.544 0.1000000015
1587  -12.883  -89.290  5.919 0.1000000015
150483  -12.825  -89.576  5.271 0.1000000015
1605  -12.891  -89.188  3.867 0.1000000015
1640  -17.937  -89.870  -0.933 0.1000000015
1149  -13.202  -91.434  5.720 0.1000000015
1615  -13.120  -88.468  2.651 0.1000000015
2054  -13.552  -88.507  1.866 0.1000000015
789  -13.999  -91.834  5.085 0.1000000015
1606  -13.134  -89.934  4.132 0.1000000015
1172  -13.924  -90.467  3.623 0.1000000015
2059  -14.395  -87.841  0.650 0.1000000015
2064  -17.876  -88.334  -0.522 0.1000000015
1625  -13.973  -89.245  1.888 0.1000000015
2055  -14.178  -88.589  1.260 0.1000000015
150718  -17.487  -88.740  -0.142 0.1000000015
1183  -14.533  -90.394  2.924 0.1000000015
1617  -14.643  -89.883  2.242 0.1000000015
1626  -14.895  -89.309  1.506 0.1000000015
2060  -15.864  -88.563  0.668 0.1000000015
153704  -15.041  -86.140  8.354 0.1000000015
2405  -16.519  -88.177  8.321 0.1000000015
2905  -15.358  -87.024  8.677 0.1000000015
1978  -15.285  -89.375  9.042 0.1000000015
1557  -15.416  -89.729  8.452 0.1000000015
1992  -13.764  -89.006  7.501 0.1000000015
2007  -13.746  -88.539  6.672 0.1000000015
2032  -12.874  -88.720  4.225 0.1000000015
140392  -13.020  -87.692  3.011 0.1000000015
2065  -18.275  -88.649  -1.075 0.1000000015
134830  -13.275  -87.726  2.075 0.1000000015
2475  -13.799  -87.132  0.699 0.1000000015
2982  -14.050  -86.305  0.330 0.1000000015
2476  -14.482  -87.024  0.187 0.1000000015
2483  -16.563  -87.179  -0.250 0.1000000015
2479  -17.057  -88.037  -0.159 0.1000000015
2056  -14.993  -88.578  0.909 0.1000000015
2478  -15.982  -87.826  0.196 0.1000000015
2061  -16.743  -88.655  0.265 0.1000000015
1979  -16.012  -89.485  8.491 0.1000000015
1588  -16.277  -89.746  6.716 0.1000000015
2022  -15.710  -88.729  6.169 0.1000000015
1566  -15.552  -89.966  7.961 0.1000000015
2435  -15.151  -87.890  5.497 0.1000000015
2021  -14.834  -88.364  6.296 0.1000000015
157976  -14.465  -87.844  5.631 0.1000000015
2454  -13.317  -87.432  3.688 0.1000000015
131629  -13.309  -87.012  2.279 0.1000000015
2482  -15.448  -86.906  -0.142 0.1000000015
2447  -15.355  -87.406  4.698 0.1000000015
2944  -13.847  -87.010  3.995 0.1000000015
2951  -15.040  -86.293  3.612 0.1000000015
2950  -14.121  -86.449  3.428 0.1000000015
2965  -13.831  -86.282  2.463 0.1000000015
2484  -17.570  -87.462  -0.501 0.1000000015
2975  -13.608  -86.481  1.589 0.1000000015
2989  -17.140  -86.595  -0.598 0.1000000015
2987  -14.722  -86.319  -0.282 0.1000000015
10798  -12.407  -76.207  14.007 0.1000000015
11844  -12.882  -75.132  14.009 0.1000000015
11845  -13.345  -75.231  13.803 0.1000000015
23752  -17.525  -65.665  -19.237 0.1000000015
10812  -13.460  -75.944  13.390 0.1000000015
13023  -13.796  -74.440  13.541 0.1000000015
11858  -14.500  -74.754  12.634 0.1000000015
13024  -14.366  -73.623  13.328 0.1000000015
11871  -15.114  -74.920  11.472 0.1000000015
25022  -16.604  -64.374  -19.196 0.1000000015
11870  -14.339  -75.747  11.795 0.1000000015
14109  -13.527  -73.287  13.992 0.1000000015
14118  -14.074  -72.477  13.619 0.1000000015
13037  -15.052  -73.979  12.374 0.1000000015
151254  -15.602  -74.127  11.593 0.1000000015
143194  -15.537  -73.242  12.032 0.1000000015
25012  -17.005  -65.053  -18.760 0.1000000015
24997  -17.187  -64.992  -17.716 0.1000000015
155740  -15.755  -64.120  -18.604 0.1000000015
26270  -15.247  -63.710  -18.802 0.1000000015
15257  -13.177  -72.415  13.513 0.1000000015
24980  -16.895  -64.519  -16.843 0.1000000015
26236  -17.482  -63.990  -16.383 0.1000000015
26235  -16.497  -63.930  -16.185 0.1000000015
26214  -16.939  -63.320  -15.679 0.1000000015
15258  -14.305  -71.982  13.094 0.1000000015
15259  -15.011  -71.851  12.730 0.1000000015
15260  -15.496  -71.662  12.201 0.1000000015
13038  -17.145  -73.521  11.132 0.1000000015
154427  -14.652  -72.147  13.057 0.1000000015
14119  -15.301  -72.291  12.523 0.1000000015
14131  -16.303  -72.550  11.791 0.1000000015
142627  -16.038  -59.322  -18.051 0.1000000015
31057  -17.401  -58.525  -18.522 0.1000000015
15271  -14.437  -71.859  12.473 0.1000000015
14132  -17.471  -72.683  11.366 0.1000000015
16342  -15.749  -71.429  11.716 0.1000000015
15274  -16.928  -71.845  11.649 0.1000000015
15275  -17.885  -71.946  11.500 0.1000000015
33357  -23.435  -56.919  -15.477 0.1000000015
33395  -17.914  -57.563  -18.027 0.1000000015
33397  -19.637  -57.247  -18.264 0.1000000015
33413  -18.559  -57.688  -18.590 0.1000000015
28732  -17.600  -61.371  -15.641 0.1000000015
29918  -17.212  -60.517  -16.233 0.1000000015
16363  -16.201  -71.071  11.241 0.1000000015
34465  -23.948  -56.399  -15.299 0.1000000015
32228  -21.502  -57.758  -16.840 0.1000000015
32229  -22.289  -57.041  -16.640 0.1000000015
32227  -20.520  -58.122  -16.905 0.1000000015
153885  -20.475  -57.157  -18.306 0.1000000015
33336  -23.965  -57.529  -14.496 0.1000000015
141557  -22.596  -67.140  4.445 0.1000000015
157185  -24.701  -57.235  -14.169 0.1000000015
32205  -23.265  -57.916  -14.916 0.1000000015
31043  -15.932  -58.841  -18.007 0.1000000015
32244  -17.055  -57.900  -18.242 0.1000000015
33377  -19.003  -57.369  -17.557 0.1000000015
134139  -21.996  -58.199  -15.834 0.1000000015
31032  -14.992  -59.382  -17.229 0.1000000015
33376  -18.099  -57.419  -17.357 0.1000000015
28756  -11.822  -60.669  -16.218 0.1000000015
22161  -22.510  -66.177  4.655 0.1000000015
23403  -22.973  -65.773  4.020 0.1000000015
22174  -23.856  -65.928  3.923 0.1000000015
23383  -22.366  -64.690  6.403 0.1000000015
23402  -22.409  -65.086  4.908 0.1000000015
23413  -22.827  -65.084  4.041 0.1000000015
33322  -25.802  -57.193  -13.230 0.1000000015
32203  -20.984  -58.793  -15.807 0.1000000015
29935  -13.378  -60.064  -16.819 0.1000000015
31031  -14.144  -59.799  -16.900 0.1000000015
31030  -12.700  -59.990  -16.735 0.1000000015
24659  -22.542  -64.296  4.412 0.1000000015
23414  -23.445  -65.286  3.732 0.1000000015
24636  -22.259  -64.022  5.792 0.1000000015
24676  -23.678  -64.704  3.469 0.1000000015
32177  -23.322  -58.423  -14.205 0.1000000015
33321  -24.536  -57.926  -13.473 0.1000000015
33298  -26.070  -57.208  -12.633 0.1000000015
32176  -22.561  -58.463  -14.792 0.1000000015
32202  -19.919  -58.889  -15.926 0.1000000015
31015  -20.129  -59.354  -14.978 0.1000000015
32175  -21.614  -58.870  -14.893 0.1000000015
32224  -17.374  -57.798  -16.299 0.1000000015
31014  -19.385  -59.308  -15.175 0.1000000015
30977  -21.046  -58.997  -13.628 0.1000000015
32200  -18.105  -58.473  -15.518 0.1000000015
30975  -18.619  -59.056  -13.985 0.1000000015
30997  -20.319  -59.273  -13.970 0.1000000015
33373  -15.537  -58.011  -16.626 0.1000000015
147002  -17.296  -58.281  -15.152 0.1000000015
32174  -17.929  -58.620  -14.559 0.1000000015
134869  -18.715  -58.565  -13.541 0.1000000015
30976  -19.424  -59.080  -13.675 0.1000000015
32173  -17.109  -58.127  -14.489 0.1000000015
32150  -17.785  -58.262  -13.815 0.1000000015
33335  -16.910  -57.678  -13.905 0.1000000015
33319  -17.419  -57.369  -13.429 0.1000000015
25906  -22.037  -62.776  4.882 0.1000000015
24677  -24.501  -64.421  3.438 0.1000000015
144717  -24.392  -57.863  -12.601 0.1000000015
34420  -26.274  -57.121  -11.921 0.1000000015
32155  -23.225  -58.514  -13.491 0.1000000015
33310  -23.562  -57.973  -12.359 0.1000000015
33296  -24.988  -57.375  -12.151 0.1000000015
32154  -22.418  -58.557  -13.338 0.1000000015
32139  -22.989  -58.337  -12.794 0.1000000015
32138  -22.072  -58.158  -12.747 0.1000000015
32152  -20.473  -58.670  -13.321 0.1000000015
33372  -14.672  -58.242  -16.427 0.1000000015
34477  -14.874  -57.313  -15.638 0.1000000015
33354  -15.817  -57.335  -15.660 0.1000000015
33334  -15.660  -56.910  -14.943 0.1000000015
146674  -18.200  -57.816  -13.371 0.1000000015
33318  -16.406  -57.081  -14.200 0.1000000015
25907  -25.905  -63.732  4.416 0.1000000015
27186  -25.612  -62.802  3.348 0.1000000015
27203  -25.018  -62.617  2.540 0.1000000015
34418  -24.715  -56.839  -11.586 0.1000000015
33309  -22.670  -57.766  -12.359 0.1000000015
33308  -21.779  -57.566  -12.481 0.1000000015
32196  -12.229  -58.712  -15.432 0.1000000015
153903  -13.487  -57.930  -15.277 0.1000000015
32136  -20.460  -58.079  -12.955 0.1000000015
32198  -13.958  -58.466  -16.101 0.1000000015
33333  -14.147  -57.070  -14.978 0.1000000015
33320  -19.009  -57.696  -13.253 0.1000000015
34463  -15.732  -56.328  -14.532 0.1000000015
27187  -26.092  -62.341  3.891 0.1000000015
28425  -25.740  -62.058  3.045 0.1000000015
34462  -14.766  -56.520  -14.691 0.1000000015
35560  -14.748  -54.995  -13.772 0.1000000015
35574  -15.155  -55.610  -14.296 0.1000000015
36649  -15.531  -54.721  -14.056 0.1000000015
34464  -16.542  -56.551  -14.047 0.1000000015
28403  -26.317  -61.765  4.637 0.1000000015
28444  -25.342  -61.771  2.107 0.1000000015
28426  -26.184  -61.485  3.698 0.1000000015
28496  -13.456  -60.827  -0.898 0.1000000015
143276  -15.596  -61.084  -0.226 0.1000000015
28499  -17.483  -61.230  -0.543 0.1000000015
23496  -25.930  -66.268  -3.220 0.1000000015
24748  -27.145  -64.384  -2.614 0.1000000015
33223  -16.116  -57.521  -8.040 0.1000000015
33254  -16.382  -57.821  -8.743 0.1000000015
34376  -17.020  -57.215  -8.298 0.1000000015
141272  -15.218  -55.411  -6.376 0.1000000015
35468  -16.209  -56.019  -7.326 0.1000000015
142521  -17.673  -56.581  -8.335 0.1000000015
35449  -15.933  -55.232  -6.830 0.1000000015
35469  -16.576  -55.192  -7.387 0.1000000015
36541  -16.859  -54.373  -7.600 0.1000000015
37628  -17.114  -53.535  -7.858 0.1000000015
38777  -16.578  -52.780  -7.500 0.1000000015
38778  -17.291  -52.625  -8.054 0.1000000015
42469  -15.489  -48.809  -8.025 0.1000000015
52972  -24.924  -40.220  -6.048 0.1000000015
52980  -24.510  -39.843  -6.625 0.1000000015
6745  -7.580  -81.836  -30.795 0.1000000015
33394  -16.708  -57.752  -17.809 0.1000000015
32223  -15.907  -58.376  -17.557 0.1000000015
33355  -16.649  -57.626  -16.543 0.1000000015
32220  -13.727  -59.292  -16.512 0.1000000015
36540  -16.243  -54.414  -6.961 0.1000000015
44615  -14.475  -47.466  -7.991 0.1000000015
44631  -14.738  -46.648  -8.168 0.1000000015
151369  -24.132  -39.502  -7.198 0.1000000015
1210  -18.261  -90.414  -1.776 0.1000000015
25922  -25.527  -63.479  3.623 0.1000000015
151109  -6.817  -81.075  -28.977 0.1000000015
28478  -14.095  -61.302  0.256 0.1000000015
15288  -13.597  -72.404  12.125 0.1000000015
34349  -15.669  -56.904  -7.392 0.1000000015
51957  -24.915  -40.166  -5.403 0.1000000015
2006  -10.995  -88.274  6.840 0.1000000015
28498  -16.600  -61.183  -0.317 0.1000000015
27263  -22.859  -62.894  -2.076 0.1000000015
27277  -25.844  -63.140  -2.543 0.1000000015
27276  -24.869  -62.981  -2.888 0.1000000015
157769  -26.014  -63.946  -2.137 0.1000000015
24765  -27.617  -64.947  -3.351 0.1000000015
28500  -18.249  -61.307  -0.794 0.1000000015
27249  -20.029  -62.265  -0.650 0.1000000015
25997  -24.531  -63.558  -2.139 0.1000000015
23498  -27.342  -65.655  -4.067 0.1000000015
1553  -11.493  -89.847  8.546 0.1000000015
1540  -13.200  -89.689  9.242 0.1000000015
1573  -12.698  -89.889  6.809 0.1000000015
1964  -14.560  -89.280  9.406 0.1000000015
1555  -13.793  -89.682  9.035 0.1000000015
2434  -13.818  -87.818  5.319 0.1000000015
1993  -14.635  -89.518  7.958 0.1000000015
32225  -18.431  -57.896  -16.608 0.1000000015
33311  -25.282  -57.520  -12.845 0.1000000015
34450  -26.300  -56.734  -13.201 0.1000000015
157266  -16.088  -57.569  -16.335 0.1000000015
33294  -23.236  -57.242  -12.000 0.1000000015
28480  -16.292  -61.822  0.615 0.1000000015
24747  -26.450  -64.577  -2.416 0.1000000015
34351  -17.042  -56.127  -7.757 0.1000000015
35470  -17.188  -55.148  -7.791 0.1000000015
37627  -16.480  -53.603  -7.185 0.1000000015
52971  -24.436  -39.734  -5.949 0.1000000015
0  -15.196  -94.092  -1.819 0.3000000119
3  -15.266  -95.018  -1.179 0.3000000119
4  -15.464  -94.278  -1.940 0.3000000119
5  -13.509  -94.986  -2.051 0.3000000119
6  -13.729  -95.044  -2.384 0.3000000119
7  -14.310  -95.122  -2.158 0.3000000119
11  -13.743  -94.695  -3.348 0.3000000119
13  -15.412  -94.576  -3.031 0.3000000119
14  -13.779  -94.352  -4.313 0.3000000119
17  -12.634  -93.926  -5.608 0.3000000119
23  -12.821  -93.868  -8.168 0.4000000060
24  -13.740  -94.049  -7.101 0.3000000119
26  -12.577  -93.641  -8.693 0.3000000119
28  -14.032  -94.126  -8.313 0.3000000119
34  -12.212  -93.467  -9.462 0.3000000119
41  -10.450  -93.720  -10.901 0.4000000060
42  -11.730  -93.577  -9.985 0.3000000119
43  -11.961  -93.596  -10.327 0.3000000119
51  -11.714  -94.113  -11.640 0.3000000119
52  -11.857  -94.202  -11.390 0.3000000119
54  -18.142  -93.623  -11.659 0.2000000030
57  -9.236  -93.436  -12.991 0.5000000000
61  -12.141  -94.270  -12.155 0.3000000119
65  -19.651  -93.531  -11.833 0.1000000015
68  -11.666  -94.782  -13.344 0.5000000000
69  -12.197  -94.559  -12.938 0.5000000000
71  -10.379  -93.762  -13.909 0.5000000000
76  -10.193  -93.822  -14.736 0.6000000238
78  -12.246  -95.059  -15.584 0.6000000238
81  -14.158  -94.983  -16.041 0.5000000000
82  -11.212  -94.543  -15.705 0.6000000238
83  -12.808  -95.098  -16.140 0.6000000238
86  -14.612  -93.852  -17.026 0.5000000000
87  -12.134  -94.921  -16.473 0.6000000238
89  -13.770  -94.942  -17.114 0.6000000238
90  -14.278  -94.142  -17.261 0.6000000238
94  -13.170  -94.293  -1.869 0.3000000119
95  -13.883  -95.006  -1.294 0.3000000119
97  -12.842  -94.094  -2.523 0.3000000119
98  -16.056  -93.972  -2.358 0.3000000119
103  -16.330  -94.274  -3.352 0.3000000119
107  -16.228  -94.356  -4.161 0.3000000119
111  -15.660  -94.208  -5.577 0.3000000119
113  -12.320  -93.854  -6.220 0.3000000119
115  -15.412  -94.172  -6.294 0.2000000030
121  -14.641  -94.124  -7.888 0.3000000119
128  -13.856  -93.910  -8.852 0.3000000119
135  -9.006  -93.169  -9.733 0.5000000000
140  -14.021  -93.644  -9.019 0.3000000119
144  -9.442  -93.362  -10.682 0.5000000000
146  -17.056  -93.495  -11.481 0.2000000030
149  -8.509  -92.539  -11.751 0.5000000000
150  -9.807  -93.533  -11.558 0.4000000060
151  -12.277  -93.646  -11.681 0.3000000119
157  -9.272  -93.363  -12.154 0.5000000000
158  -12.563  -93.953  -12.291 0.3000000119
165  -8.164  -92.700  -14.073 0.6000000238
167  -8.779  -93.412  -13.940 0.5000000000
168  -12.925  -94.037  -12.975 0.3000000119
169  -17.402  -93.824  -12.951 0.2000000030
170  -18.417  -93.671  -13.175 0.2000000030
171  -19.376  -93.672  -13.391 0.2000000030
172  -20.130  -93.581  -13.492 0.2000000030
173  -20.460  -93.406  -13.102 0.1000000015
174  -8.179  -92.486  -14.547 0.6999999881
175  -8.150  -93.105  -14.413 0.6999999881
177  -13.251  -94.475  -14.774 0.6000000238
178  -13.814  -94.263  -15.618 0.5000000000
180  -8.333  -93.317  -15.027 0.6999999881
181  -8.723  -93.480  -15.516 0.6999999881
186  -8.154  -93.130  -16.561 0.6999999881
187  -8.584  -93.382  -16.419 0.6999999881
188  -9.152  -93.575  -16.182 0.6999999881
190  -11.420  -94.386  -16.480 0.6999999881
191  -14.238  -94.105  -16.538 0.5000000000
194  -8.066  -93.089  -17.312 0.6999999881
197  -10.011  -93.551  -17.125 0.6999999881
203  -17.248  -94.091  -17.594 0.6999999881
205  -7.998  -92.955  -17.955 0.8000000119
208  -9.876  -93.170  -18.466 0.8000000119
209  -10.481  -93.433  -17.895 0.6999999881
213  -14.532  -94.021  -18.019 0.8000000119
214  -16.130  -94.071  -18.519 0.6999999881
216  -17.667  -93.980  -18.411 0.6000000238
217  -17.930  -93.339  -18.519 0.6000000238
220  -9.455  -92.968  -19.140 0.8999999762
222  -11.439  -93.242  -19.204 0.6999999881
224  -13.306  -93.927  -19.404 0.6999999881
226  -15.915  -93.819  -19.226 0.6999999881
230  -9.912  -92.748  -19.923 0.8999999762
236  -15.019  -93.247  -20.160 0.8999999762
239  -17.692  -92.639  -19.334 0.8999999762
241  -10.550  -93.124  -21.681 0.8000000119
244  -13.896  -93.252  -20.531 0.8999999762
245  -14.511  -93.164  -20.527 0.8000000119
247  -13.567  -92.363  4.868 0.4000000060
248  -12.833  -92.688  4.118 0.4000000060
249  -13.408  -92.555  4.334 0.4000000060
251  -13.957  -92.516  3.787 0.4000000060
252  -14.637  -92.414  3.098 0.4000000060
253  -13.489  -92.688  2.829 0.4000000060
255  -15.078  -92.514  2.229 0.4000000060
256  -15.827  -92.545  1.843 0.4000000060
258  -14.669  -92.564  1.757 0.4000000060
264  -14.774  -93.238  -1.002 0.3000000119
265  -14.946  -93.243  -1.204 0.3000000119
269  -14.083  -94.540  -0.654 0.3000000119
270  -16.005  -93.419  -1.572 0.3000000119
273  -13.106  -93.575  -1.798 0.3000000119
275  -17.073  -93.101  -2.276 0.2000000030
277  -16.942  -93.613  -3.041 0.3000000119
279  -10.211  -92.707  -4.490 0.4000000060
280  -10.523  -93.002  -4.096 0.4000000060
293  -15.143  -94.180  -7.073 0.2000000030
294  -15.462  -93.804  -6.774 0.2000000030
300  -8.773  -92.681  -6.718 0.4000000060
311  -7.871  -92.874  -8.472 0.4000000060
320  -7.934  -92.734  -9.294 0.4000000060
330  -12.493  -92.231  -10.664 0.3000000119
341  -12.430  -93.193  -11.285 0.3000000119
343  -15.973  -94.058  -11.698 0.2000000030
346  -8.434  -92.186  -12.302 0.5000000000
347  -12.135  -93.192  -12.414 0.3000000119
349  -15.808  -93.915  -12.986 0.2000000030
350  -20.843  -92.806  -12.519 0.1000000015
352  -8.338  -92.344  -13.408 0.6000000238
353  -12.129  -93.001  -13.365 0.4000000060
355  -16.717  -93.794  -13.216 0.2000000030
359  -20.649  -93.424  -13.907 0.2000000030
361  -8.220  -92.330  -14.598 0.6999999881
368  -13.650  -93.371  -15.731 0.3000000119
372  -14.877  -93.111  -16.588 0.5000000000
373  -17.127  -93.744  -17.030 0.6999999881
375  -8.034  -92.629  -17.656 0.6999999881
376  -17.880  -93.617  -17.446 0.6000000238
377  -18.141  -93.280  -17.901 0.6000000238
380  -25.025  -91.647  -18.050 0.6000000238
381  -26.017  -91.576  -17.685 0.6999999881
382  -26.735  -91.611  -17.683 0.6000000238
384  -18.094  -93.322  -18.396 0.6000000238
386  -23.250  -92.061  -19.166 0.5000000000
388  -24.374  -91.936  -18.602 0.5000000000
389  -25.588  -91.638  -18.336 0.6000000238
390  -6.836  -92.581  -19.880 0.8000000119
392  -7.999  -93.064  -19.747 0.8999999762
394  -19.468  -91.978  -20.729 0.8999999762
396  -23.757  -93.014  -19.881 0.6000000238
397  -25.310  -91.842  -19.030 0.5000000000
401  -8.443  -93.132  -20.615 0.8999999762
404  -16.754  -92.473  -20.286 0.8999999762
407  -19.361  -92.212  -21.193 0.8000000119
411  -23.113  -92.973  -20.341 0.6999999881
413  -25.991  -91.691  -19.616 0.6000000238
416  -8.879  -93.086  -21.349 0.8000000119
419  -12.383  -93.069  -21.535 0.6999999881
427  -19.761  -91.866  -21.968 0.8000000119
429  -22.365  -91.021  -22.225 0.6999999881
442  -17.671  -92.438  -21.907 0.8000000119
443  -18.750  -92.358  -21.659 0.8000000119
445  -20.017  -91.902  -22.424 0.8000000119
447  -16.245  -92.121  -22.509 0.8000000119
449  -18.859  -92.204  -22.442 0.8000000119
470  -11.222  -91.421  7.093 0.1000000015
472  -12.382  -91.701  6.298 0.1000000015
473  -12.916  -91.992  5.789 0.2000000030
474  -11.158  -91.634  6.639 0.3000000119
475  -11.960  -91.883  6.111 0.3000000119
478  -13.860  -92.141  5.001 0.3000000119
481  -12.492  -92.623  4.616 0.4000000060
486  -14.593  -92.242  3.810 0.4000000060
487  -15.166  -92.112  3.328 0.4000000060
492  -11.483  -92.268  2.336 0.4000000060
493  -12.535  -92.639  2.253 0.4000000060
494  -13.354  -92.651  2.069 0.4000000060
495  -14.794  -92.496  0.875 0.4000000060
496  -16.395  -92.339  1.582 0.3000000119
500  -16.386  -92.619  0.977 0.3000000119
501  -16.779  -92.377  0.217 0.3000000119
503  -17.256  -92.165  -0.459 0.2000000030
504  -17.514  -91.612  -0.437 0.2000000030
511  -17.413  -92.497  -2.205 0.2000000030
517  -10.262  -92.187  -4.491 0.4000000060
532  -9.612  -92.256  -5.481 0.5000000000
539  -15.137  -92.781  -8.032 0.3000000119
550  -7.112  -92.268  -9.392 0.4000000060
551  -7.118  -92.247  -8.905 0.4000000060
563  -12.936  -91.709  -10.200 0.3000000119
570  -8.071  -92.006  -10.406 0.5000000000
580  -11.597  -91.726  -12.472 0.4000000060
581  -11.725  -92.400  -12.817 0.4000000060
582  -15.311  -93.135  -12.852 0.2000000030
585  -8.340  -91.919  -13.383 0.6000000238
586  -11.542  -91.681  -13.130 0.4000000060
590  -20.999  -93.019  -14.108 0.2000000030
591  -21.061  -92.838  -13.083 0.2000000030
592  -8.381  -91.818  -14.488 0.6000000238
593  -11.595  -91.638  -13.889 0.4000000060
599  -20.491  -92.662  -14.832 0.2000000030
600  -8.234  -92.408  -15.434 0.6999999881
606  -8.226  -92.487  -16.764 0.6999999881
609  -17.102  -93.169  -17.000 0.6000000238
611  -25.261  -91.352  -16.975 0.6999999881
615  -8.107  -91.811  -17.432 0.8000000119
619  -23.531  -91.096  -17.961 0.6999999881
620  -23.830  -91.696  -18.191 0.6000000238
621  -24.362  -91.336  -17.346 0.6999999881
622  -24.819  -91.407  -17.368 0.6999999881
624  -27.384  -91.622  -17.189 0.6000000238
625  -28.162  -91.478  -17.164 0.5000000000
637  -19.164  -92.117  -19.943 0.6000000238
638  -19.798  -91.377  -20.642 0.6999999881
641  -27.239  -90.925  -18.791 0.6000000238
642  -27.812  -90.831  -18.359 0.5000000000
646  -26.036  -91.731  -20.545 0.6999999881
648  -5.622  -92.226  -21.068 0.8000000119
650  -7.494  -92.286  -21.678 0.8000000119
651  -22.388  -91.556  -22.552 0.8000000119
657  -6.573  -92.115  -22.098 0.8000000119
658  -7.881  -92.044  -22.192 0.8000000119
660  -9.353  -92.577  -22.056 0.8000000119
662  -11.296  -92.318  -22.598 0.8000000119
667  -20.571  -92.011  -22.914 0.6999999881
671  -26.790  -90.730  -22.043 0.6999999881
680  -12.700  -92.152  -23.122 0.6999999881
681  -14.071  -91.962  -23.522 0.6999999881
685  -18.432  -92.211  -23.273 0.8000000119
693  -13.229  -90.927  -22.516 0.6999999881
696  -15.726  -91.458  -24.187 0.6999999881
697  -17.207  -91.915  -23.911 0.8000000119
699  -18.837  -92.078  -24.041 0.6999999881
703  -22.357  -91.462  -23.917 0.8000000119
770  -11.165  -90.654  7.742 0.1000000015
771  -11.293  -90.645  7.656 0.1000000015
772  -11.875  -90.902  7.348 0.1000000015
773  -11.108  -91.125  7.363 0.1000000015
775  -11.833  -91.109  7.134 0.1000000015
777  -12.188  -91.228  6.826 0.1000000015
779  -10.675  -91.274  6.475 0.2000000030
780  -13.338  -91.970  5.500 0.3000000119
788  -10.375  -91.264  4.946 0.3000000119
799  -15.073  -91.854  3.893 0.2000000030
800  -15.394  -91.968  3.367 0.3000000119
801  -15.877  -91.987  2.749 0.3000000119
816  -16.940  -91.812  1.136 0.3000000119
817  -10.730  -91.433  1.100 0.4000000060
822  -17.553  -91.234  -0.157 0.3000000119
823  -14.390  -91.700  0.105 0.4000000060
826  -17.647  -91.989  -1.770 0.2000000030
827  -13.863  -91.493  -2.330 0.3000000119
835  -11.336  -92.305  -3.293 0.3000000119
838  -16.617  -91.039  -3.816 0.2000000030
839  -17.162  -91.385  -3.021 0.2000000030
860  -11.386  -91.044  -5.619 0.5000000000
869  -8.805  -91.903  -6.948 0.4000000060
876  -7.469  -91.911  -8.702 0.4000000060
886  -13.583  -91.279  -9.997 0.3000000119
894  -7.448  -91.972  -9.815 0.5000000000
895  -7.844  -91.601  -10.169 0.5000000000
896  -12.238  -90.851  -11.255 0.3000000119
908  -20.732  -91.671  -11.783 0.2000000030
909  -20.825  -92.371  -11.103 0.1000000015
914  -8.432  -91.140  -12.380 0.5000000000
923  -8.424  -91.443  -12.995 0.6000000238
925  -11.549  -90.968  -13.417 0.3000000119
930  -8.556  -91.151  -14.801 0.6000000238
932  -11.699  -90.822  -14.218 0.3000000119
938  -8.241  -90.499  -15.056 0.6000000238
940  -12.694  -91.095  -15.724 0.3000000119
943  -20.031  -91.370  -15.492 0.2000000030
944  -8.447  -91.039  -16.237 0.6000000238
945  -8.227  -90.523  -15.786 0.6000000238
947  -15.007  -90.901  -16.770 0.4000000060
949  -24.322  -91.094  -17.030 0.6999999881
950  -24.777  -91.176  -16.924 0.6999999881
951  -25.372  -91.296  -16.810 0.6999999881
952  -26.510  -91.408  -16.783 0.6000000238
953  -27.618  -91.395  -16.772 0.5000000000
954  -28.274  -91.279  -16.783 0.4000000060
963  -28.659  -91.136  -16.935 0.5000000000
964  -29.068  -90.804  -17.404 0.5000000000
966  -6.609  -91.047  -18.359 0.6999999881
967  -17.464  -90.767  -18.605 0.4000000060
968  -18.065  -91.072  -18.987 0.5000000000
972  -28.895  -90.829  -17.790 0.5000000000
973  -5.491  -90.662  -20.077 0.6999999881
975  -19.530  -91.449  -19.963 0.6999999881
976  -20.113  -90.593  -20.314 0.6000000238
986  -5.000  -91.857  -21.284 0.8000000119
987  -21.394  -89.863  -21.336 0.8000000119
988  -22.025  -89.774  -21.424 0.6999999881
989  -5.335  -91.395  -22.095 0.8000000119
992  -5.631  -91.117  -22.863 0.8000000119
994  -7.698  -90.648  -21.492 0.8000000119
996  -9.802  -89.793  -19.852 0.8000000119
999  -23.926  -91.264  -23.831 0.6999999881
1003  -7.953  -91.110  -23.150 0.8000000119
1006  -10.889  -88.655  -21.722 0.5000000000
1011  -15.424  -90.511  -24.696 0.5000000000
1016  -20.116  -91.344  -24.573 0.5000000000
1020  -24.595  -90.442  -24.411 0.6999999881
1024  -14.828  -89.338  -25.080 0.4000000060
1026  -16.760  -90.360  -25.114 0.4000000060
1030  -20.366  -90.658  -25.259 0.5000000000
1031  -21.851  -90.590  -25.250 0.6999999881
1036  -18.917  -90.336  -25.561 0.4000000060
1130  -12.542  -90.014  9.066 0.1000000015
1136  -11.942  -90.210  8.297 0.1000000015
1138  -10.867  -90.723  7.357 0.1000000015
1140  -10.464  -90.811  6.603 0.2000000030
1147  -9.818  -90.199  5.222 0.2000000030
1148  -12.698  -90.206  5.924 0.1000000015
1162  -12.924  -90.231  5.057 0.1000000015
1163  -13.681  -90.903  4.773 0.1000000015
1170  -9.651  -90.210  3.796 0.3000000119
1190  -10.103  -90.878  1.416 0.4000000060
1193  -17.120  -91.035  0.831 0.3000000119
1197  -12.360  -91.039  0.539 0.4000000060
1198  -13.587  -91.209  0.474 0.4000000060
1201  -9.886  -90.380  -0.180 0.5000000000
1202  -10.559  -90.593  -0.138 0.5000000000
1207  -17.959  -90.421  -1.199 0.2000000030
1214  -14.002  -89.937  -2.754 0.3000000119
1229  -16.230  -90.796  -4.668 0.1000000015
1238  -15.885  -90.621  -5.609 0.1000000015
1259  -9.178  -90.710  -8.756 0.5000000000
1261  -11.600  -89.882  -8.382 0.5000000000
1262  -15.519  -90.419  -8.249 0.1000000015
1271  -13.813  -90.690  -10.403 0.3000000119
1283  -9.000  -90.352  -10.791 0.6000000238
1286  -14.030  -90.496  -10.824 0.3000000119
1287  -14.871  -90.601  -10.587 0.2000000030
1288  -15.808  -90.454  -10.407 0.1000000015
1295  -8.416  -90.941  -11.788 0.6000000238
1298  -11.947  -90.670  -12.128 0.4000000060
1309  -11.841  -90.523  -12.948 0.4000000060
1312  -13.535  -90.538  -12.297 0.3000000119
1313  -20.513  -91.067  -12.519 0.2000000030
1321  -12.227  -90.141  -13.451 0.4000000060
1322  -12.784  -90.027  -13.316 0.4000000060
1330  -12.092  -90.104  -14.185 0.3000000119
1336  -20.436  -91.225  -14.903 0.2000000030
1344  -19.672  -89.843  -16.184 0.2000000030
1347  -6.203  -89.738  -16.555 0.6999999881
1348  -7.526  -90.215  -16.419 0.6000000238
1350  -15.350  -89.785  -16.537 0.2000000030
1358  -28.762  -91.020  -16.861 0.4000000060
1366  -6.239  -90.118  -18.049 0.6999999881
1367  -17.059  -90.001  -18.430 0.4000000060
1369  -18.573  -90.227  -19.127 0.4000000060
1371  -29.666  -90.247  -17.784 0.4000000060
1375  -19.501  -90.218  -19.428 0.4000000060
1379  -30.234  -89.437  -18.527 0.5000000000
1384  -22.486  -89.781  -20.893 0.6999999881
1387  -30.087  -88.766  -20.279 0.5000000000
1390  -4.557  -90.080  -21.971 0.8000000119
1392  -28.304  -87.619  -21.438 0.6999999881
1393  -29.426  -88.430  -21.202 0.6999999881
1397  -27.382  -86.791  -21.779 0.6000000238
1398  -5.407  -89.824  -24.148 0.8000000119
1414  -11.914  -88.601  -23.599 0.2000000030
1416  -14.475  -88.531  -24.753 0.2000000030
1418  -16.234  -90.076  -25.270 0.4000000060
1420  -20.528  -89.771  -25.859 0.4000000060
1421  -21.443  -90.053  -25.854 0.5000000000
1427  -13.755  -88.558  -24.776 0.2000000030
1434  -19.090  -90.008  -26.344 0.3000000119
1435  -19.659  -89.089  -26.226 0.4000000060
1438  -21.920  -89.752  -25.964 0.5000000000
1439  -15.763  -89.480  -26.477 0.1000000015
1442  -17.826  -89.645  -26.685 0.2000000030
1443  -18.467  -89.555  -26.683 0.2000000030
1444  -19.146  -89.299  -26.409 0.3000000119
1541  -13.968  -89.517  9.457 0.1000000015
1554  -11.902  -90.013  9.067 0.1000000015
1556  -14.698  -89.645  9.063 0.1000000015
1563  -13.146  -89.682  7.730 0.1000000015
1564  -13.825  -89.541  8.395 0.1000000015
1565  -14.754  -89.684  8.581 0.1000000015
1567  -16.161  -90.154  7.958 0.1000000015
1598  -9.724  -89.811  5.282 0.2000000030
1599  -12.881  -89.396  4.561 0.1000000015
1616  -13.883  -89.746  2.656 0.1000000015
1618  -15.400  -90.023  1.961 0.2000000030
1623  -9.168  -89.324  1.282 0.4000000060
1624  -9.542  -90.083  1.459 0.4000000060
1628  -16.637  -90.404  1.185 0.2000000030
1630  -8.803  -89.221  0.424 0.4000000060
1631  -9.332  -89.822  0.010 0.5000000000
1633  -17.382  -89.394  0.150 0.1000000015
1637  -11.771  -89.598  -0.848 0.5000000000
1638  -12.711  -89.786  -0.586 0.4000000060
1639  -13.690  -89.911  -0.797 0.3000000119
1643  -9.063  -89.621  -1.671 0.6000000238
1648  -14.248  -90.133  -1.971 0.3000000119
1649  -18.283  -89.768  -1.484 0.1000000015
1652  -8.463  -89.182  -3.297 0.6000000238
1654  -10.285  -89.409  -2.138 0.5000000000
1660  -8.639  -89.298  -3.544 0.5000000000
1683  -12.877  -89.381  -6.706 0.5000000000
1684  -13.152  -89.388  -6.037 0.5000000000
1697  -11.705  -88.915  -9.008 0.5000000000
1704  -11.380  -88.849  -9.787 0.5000000000
1714  -9.795  -89.450  -11.436 0.6000000238
1715  -10.601  -88.928  -11.066 0.6000000238
1718  -21.164  -90.005  -9.820 0.2000000030
1733  -6.395  -88.286  -12.733 0.6999999881
1753  -6.014  -88.908  -14.365 0.8000000119
1754  -6.390  -89.217  -13.850 0.6000000238
1756  -15.831  -89.075  -15.037 0.2000000030
1764  -16.352  -89.120  -15.725 0.2000000030
1768  -23.201  -88.660  -15.590 0.4000000060
1771  -5.861  -89.180  -16.050 0.8000000119
1776  -23.886  -89.883  -16.244 0.5000000000
1777  -26.615  -89.712  -16.501 0.4000000060
1782  -23.048  -89.400  -16.807 0.5000000000
1783  -28.976  -89.998  -17.363 0.3000000119
1784  -29.849  -89.958  -17.725 0.4000000060
1785  -30.305  -89.786  -17.773 0.4000000060
1789  -19.080  -89.402  -19.058 0.4000000060
1790  -22.594  -88.893  -18.732 0.5000000000
1791  -30.308  -89.474  -18.378 0.5000000000
1794  -5.830  -88.853  -19.128 0.8000000119
1798  -22.511  -89.082  -19.673 0.5000000000
1799  -30.286  -89.074  -18.922 0.5000000000
1800  -5.539  -89.146  -20.428 0.8000000119
1802  -22.274  -89.266  -20.458 0.6000000238
1804  -5.134  -89.512  -21.178 0.8000000119
1806  -30.539  -88.305  -21.073 0.5000000000
1807  -30.952  -87.812  -21.598 0.5000000000
1812  -4.603  -89.115  -23.412 0.8000000119
1815  -30.570  -87.804  -22.390 0.6000000238
1816  -4.851  -89.102  -24.125 0.8000000119
1818  -26.218  -84.884  -22.420 0.6000000238
1821  -4.931  -88.682  -24.766 0.6000000238
1822  -5.446  -88.843  -25.153 0.5000000000
1828  -28.755  -87.626  -24.454 0.6000000238
1837  -20.080  -89.479  -25.230 0.4000000060
1839  -21.428  -89.352  -25.460 0.5000000000
1841  -25.801  -85.541  -24.960 0.5000000000
1842  -26.234  -85.215  -23.996 0.5000000000
1843  -27.238  -86.131  -24.350 0.6000000238
1844  -8.892  -88.611  -27.169 0.1000000015
1853  -18.030  -89.282  -27.209 0.1000000015
1861  -18.423  -88.979  -27.781 0.1000000015
1975  -11.728  -89.145  8.761 0.1000000015
1991  -11.313  -88.920  7.790 0.1000000015
2005  -10.697  -89.119  7.000 0.2000000030
2008  -14.349  -88.720  7.006 0.1000000015
2009  -15.444  -89.408  7.199 0.1000000015
2019  -12.917  -88.920  5.059 0.1000000015
2020  -13.340  -88.434  5.831 0.1000000015
2031  -9.703  -88.650  4.440 0.4000000060
2033  -13.197  -88.206  4.782 0.1000000015
2038  -12.908  -88.565  3.453 0.1000000015
2048  -9.296  -88.736  2.501 0.4000000060
2057  -8.299  -88.435  0.043 0.4000000060
2058  -13.682  -87.836  1.238 0.1000000015
2067  -8.057  -88.084  -1.651 0.6000000238
2068  -8.257  -88.514  -2.335 0.6000000238
2077  -8.115  -88.387  -3.165 0.6000000238
2079  -10.681  -88.922  -2.937 0.5000000000
2081  -12.557  -88.611  -2.751 0.4000000060
2087  -8.127  -88.873  -3.789 0.6000000238
2092  -13.243  -88.792  -3.071 0.4000000060
2099  -7.466  -88.764  -4.820 0.6000000238
2100  -7.455  -89.035  -4.865 0.5000000000
2104  -13.192  -88.715  -5.051 0.4000000060
2111  -7.208  -89.055  -5.503 0.5000000000
2114  -11.189  -88.458  -6.066 0.5000000000
2116  -13.187  -88.864  -5.755 0.5000000000
2123  -7.356  -88.639  -6.549 0.5000000000
2124  -8.059  -88.435  -7.336 0.5000000000
2137  -12.605  -88.907  -7.152 0.5000000000
2156  -10.440  -88.343  -11.085 0.6000000238
2164  -7.639  -88.034  -11.814 0.6999999881
2168  -19.212  -88.617  -11.752 0.2000000030
2196  -5.922  -88.655  -15.695 0.8000000119
2199  -23.880  -88.645  -15.413 0.4000000060
2201  -18.117  -88.459  -17.399 0.2000000030
2204  -24.457  -89.134  -15.897 0.5000000000
2209  -6.055  -88.636  -17.002 0.6999999881
2216  -6.145  -88.620  -17.914 0.8999999762
2220  -20.782  -88.167  -18.777 0.4000000060
2223  -5.928  -88.698  -19.944 0.8000000119
2225  -20.409  -88.703  -19.072 0.4000000060
2228  -30.423  -88.691  -19.525 0.5000000000
2230  -5.757  -88.591  -20.391 0.8000000119
2231  -30.647  -88.236  -20.220 0.5000000000
2236  -4.815  -88.282  -22.646 0.8999999762
2237  -31.066  -87.545  -22.450 0.3000000119
2238  -31.457  -87.306  -22.409 0.3000000119
2239  -31.758  -87.020  -22.757 0.2000000030
2241  -30.110  -87.789  -22.843 0.6000000238
2243  -4.850  -88.294  -24.565 0.6000000238
2248  -28.212  -87.609  -24.957 0.6000000238
2249  -29.594  -87.427  -24.051 0.6000000238
2250  -30.563  -87.074  -23.727 0.6000000238
2254  -7.947  -88.585  -26.978 0.2000000030
2255  -20.708  -89.232  -24.587 0.5000000000
2261  -6.574  -87.674  -27.109 0.2000000030
2270  -26.413  -87.864  -26.388 0.5000000000
2280  -18.948  -88.430  -28.279 0.1000000015
2281  -19.811  -88.529  -28.145 0.1000000015
2282  -20.559  -88.380  -27.767 0.1000000015
2283  -20.921  -88.194  -27.367 0.1000000015
2284  -25.211  -88.075  -27.085 0.5000000000
2286  -26.816  -88.146  -27.020 0.6000000238
2295  -20.322  -88.028  -28.666 0.1000000015
2401  -12.495  -87.748  8.907 0.1000000015
2402  -13.851  -88.688  9.624 0.1000000015
2404  -15.738  -88.261  8.803 0.1000000015
2413  -11.610  -87.846  7.442 0.1000000015
2426  -14.072  -88.115  6.175 0.1000000015
2433  -11.188  -86.937  5.684 0.3000000119
2444  -10.964  -86.895  4.701 0.3000000119
2445  -13.538  -87.582  4.435 0.1000000015
2446  -14.405  -87.396  4.834 0.1000000015
2453  -13.026  -88.028  3.899 0.1000000015
2466  -10.279  -87.158  2.497 0.3000000119
2471  -13.439  -87.102  1.421 0.1000000015
2473  -7.498  -86.950  -0.594 0.4000000060
2477  -15.061  -87.539  0.260 0.1000000015
2508  -7.801  -88.208  -4.229 0.6000000238
2515  -7.259  -88.491  -5.078 0.5000000000
2516  -7.396  -87.968  -5.448 0.6000000238
2527  -6.866  -88.288  -6.930 0.5000000000
2533  -7.738  -87.883  -7.972 0.6000000238
2540  -10.331  -87.764  -9.480 0.6999999881
2550  -8.719  -86.437  -10.279 0.6999999881
2552  -10.213  -87.671  -10.140 0.6000000238
2555  -21.059  -87.805  -9.255 0.2000000030
2556  -23.001  -87.804  -9.240 0.1000000015
2558  -24.385  -87.805  -9.932 0.1000000015
2564  -8.491  -86.620  -11.163 0.6999999881
2566  -10.308  -87.856  -10.711 0.6000000238
2567  -10.865  -87.897  -10.288 0.5000000000
2568  -18.285  -87.078  -11.139 0.2000000030
2580  -7.809  -87.212  -11.903 0.6999999881
2592  -6.879  -87.889  -12.406 0.6999999881
2616  -6.118  -88.360  -15.141 0.8000000119
2621  -18.787  -86.815  -15.752 0.2000000030
2628  -8.204  -87.701  -16.168 0.8000000119
2629  -9.343  -87.450  -16.148 0.8999999762
2631  -19.389  -86.806  -17.139 0.3000000119
2645  -20.099  -86.564  -17.465 0.4000000060
2648  -22.048  -87.901  -17.872 0.4000000060
2649  -28.203  -86.910  -17.220 0.3000000119
2650  -29.024  -87.291  -17.472 0.3000000119
2651  -29.826  -87.558  -17.832 0.3000000119
2652  -30.145  -88.433  -17.814 0.4000000060
2657  -10.200  -87.027  -18.418 1.0000000000
2659  -19.859  -87.220  -18.163 0.4000000060
2661  -21.323  -87.755  -18.337 0.4000000060
2665  -7.776  -87.689  -20.056 0.8999999762
2667  -9.583  -86.945  -19.666 1.0000000000
2669  -30.725  -88.019  -19.244 0.4000000060
2670  -5.776  -88.137  -20.841 0.8000000119
2675  -5.839  -87.929  -21.676 0.8000000119
2676  -6.972  -87.539  -22.318 0.8000000119
2679  -31.647  -87.048  -21.923 0.2000000030
2680  -32.056  -86.617  -22.483 0.2000000030
2683  -7.715  -87.265  -23.521 0.8000000119
2685  -32.200  -86.644  -22.987 0.2000000030
2686  -5.650  -87.731  -24.239 0.6000000238
2693  -7.432  -86.864  -24.568 0.4000000060
2695  -31.795  -86.726  -23.392 0.2000000030
2696  -32.175  -86.260  -23.885 0.1000000015
2697  -5.522  -87.601  -25.707 0.4000000060
2699  -31.142  -86.405  -24.143 0.4000000060
2701  -32.333  -85.787  -24.457 0.1000000015
2703  -6.017  -87.138  -27.135 0.3000000119
2704  -28.685  -87.761  -25.980 0.5000000000
2705  -29.007  -87.164  -25.499 0.6000000238
2714  -28.835  -87.178  -26.439 0.5000000000
2725  -24.247  -87.372  -28.007 0.5000000000
2728  -26.735  -87.609  -27.803 0.5000000000
2737  -21.000  -87.147  -28.627 0.1000000015
2739  -24.624  -87.137  -28.846 0.5000000000
2874  -8.797  -86.835  11.428 0.2000000030
2884  -8.418  -86.872  10.939 0.2000000030
2891  -8.184  -86.731  10.325 0.2000000030
2892  -8.369  -86.747  9.954 0.2000000030
2900  -7.493  -87.083  7.895 0.2000000030
2901  -8.050  -87.002  8.696 0.2000000030
2902  -13.078  -86.971  8.789 0.1000000015
2903  -13.811  -87.390  9.162 0.1000000015
2912  -7.121  -87.344  7.274 0.2000000030
2915  -12.971  -86.145  8.040 0.2000000030
2918  -15.846  -86.205  8.086 0.1000000015
2925  -7.124  -87.432  6.993 0.2000000030
2926  -11.662  -86.702  6.371 0.1000000015
2936  -11.960  -85.825  5.738 0.2000000030
2943  -11.331  -86.278  4.131 0.3000000119
2945  -14.689  -86.820  4.160 0.1000000015
2949  -13.437  -86.945  3.136 0.1000000015
2963  -10.400  -86.117  2.034 0.3000000119
2972  -7.911  -86.309  0.809 0.4000000060
2979  -7.144  -85.883  -0.229 0.5000000000
2998  -7.765  -86.448  -1.569 0.6000000238
3010  -7.936  -87.185  -1.903 0.6000000238
3034  -11.002  -86.231  -4.741 0.6000000238
3047  -8.576  -86.586  -7.437 0.6000000238
3057  -9.476  -86.053  -7.472 0.6999999881
3066  -20.472  -86.157  -9.447 0.1000000015
3067  -21.302  -86.355  -9.330 0.2000000030
3075  -8.225  -86.478  -9.222 0.6000000238
3076  -8.578  -85.923  -9.343 0.6000000238
3079  -22.758  -86.966  -9.282 0.1000000015
3104  -17.838  -86.243  -11.035 0.2000000030
3110  -7.657  -86.964  -12.606 0.6999999881
3112  -9.555  -85.779  -12.129 0.8000000119
3114  -17.619  -86.479  -12.576 0.2000000030
3121  -11.609  -85.833  -13.884 0.8999999762
3123  -21.873  -86.246  -13.169 0.3000000119
3124  -22.430  -86.521  -13.274 0.3000000119
3125  -22.981  -86.756  -13.433 0.3000000119
3132  -9.676  -86.948  -14.107 0.6999999881
3134  -11.391  -86.198  -14.598 0.8999999762
3138  -23.317  -87.264  -13.881 0.3000000119
3140  -10.657  -86.810  -15.366 0.8000000119
3142  -18.843  -86.246  -15.561 0.3000000119
3147  -10.845  -86.547  -16.085 0.8000000119
3148  -11.299  -86.085  -15.838 0.8999999762
3152  -21.242  -86.154  -16.263 0.3000000119
3158  -21.185  -86.534  -17.095 0.3000000119
3163  -10.075  -86.705  -19.161 1.0000000000
3166  -30.108  -87.308  -18.550 0.1000000015
3169  -29.588  -86.572  -18.957 0.1000000015
3176  -8.705  -86.085  -22.182 0.8000000119
3177  -8.908  -86.077  -21.263 0.8000000119
3178  -31.617  -86.548  -21.594 0.2000000030
3179  -31.929  -86.606  -22.125 0.2000000030
3180  -8.376  -85.765  -22.703 0.5000000000
3182  -7.799  -86.130  -24.209 0.4000000060
3183  -33.033  -85.518  -23.969 0.2000000030
3193  -31.757  -85.793  -24.763 0.2000000030
3195  -32.615  -85.488  -24.964 0.2000000030
3196  -33.015  -85.210  -25.051 0.2000000030
3203  -31.825  -85.355  -25.360 0.2000000030
3204  -32.365  -85.269  -25.380 0.2000000030
3206  -5.825  -86.012  -27.412 0.2000000030
3207  -6.530  -86.178  -28.020 0.2000000030
3209  -28.908  -86.504  -26.623 0.5000000000
3210  -6.069  -85.652  -27.853 0.1000000015
3211  -7.232  -86.243  -28.248 0.1000000015
3220  -28.174  -86.065  -28.926 0.5000000000
3228  -24.764  -86.397  -29.936 0.5000000000
3439  -7.349  -85.844  13.393 0.1000000015
3479  -9.037  -86.490  10.026 0.2000000030
3487  -7.302  -86.602  8.263 0.2000000030
3488  -8.211  -86.940  8.255 0.2000000030
3495  -6.445  -86.627  7.021 0.3000000119
3500  -14.265  -84.957  7.544 0.2000000030
3501  -15.159  -85.305  7.815 0.1000000015
3509  -6.357  -86.648  6.370 0.3000000119
3510  -6.603  -86.905  6.422 0.3000000119
3513  -13.426  -84.765  6.972 0.2000000030
3521  -5.886  -85.949  5.135 0.4000000060
3522  -6.559  -86.340  5.513 0.3000000119
3528  -6.122  -85.581  4.605 0.4000000060
3531  -12.188  -84.869  4.482 0.2000000030
3534  -11.469  -85.042  3.293 0.3000000119
3551  -9.337  -85.351  1.716 0.3000000119
3552  -10.092  -85.335  2.037 0.3000000119
3564  -5.634  -84.237  0.386 0.4000000060
3566  -7.282  -85.583  0.897 0.4000000060
3575  -6.415  -84.863  0.101 0.4000000060
3597  -7.831  -85.717  -1.399 0.5000000000
3617  -11.395  -85.309  -2.753 0.6000000238
3624  -10.972  -86.033  -3.273 0.6000000238
3625  -11.817  -85.405  -3.453 0.6000000238
3626  -12.725  -85.024  -3.677 0.6000000238
3627  -13.407  -84.909  -4.252 0.6000000238
3642  -11.637  -86.096  -5.573 0.6999999881
3644  -13.890  -85.086  -5.519 0.6999999881
3645  -14.220  -84.901  -6.042 0.6000000238
3661  -11.471  -85.761  -7.709 0.6999999881
3662  -12.504  -85.673  -7.359 0.6999999881
3663  -13.876  -85.272  -7.148 0.6999999881
3671  -9.122  -85.788  -8.769 0.6999999881
3678  -22.962  -85.661  -9.320 0.1000000015
3686  -8.976  -85.779  -9.973 0.8000000119
3689  -12.634  -85.119  -9.372 0.8000000119
3691  -19.290  -85.317  -9.672 0.1000000015
3693  -23.582  -85.466  -9.393 0.1000000015
3702  -8.766  -85.876  -11.011 0.6999999881
3703  -9.306  -85.620  -10.663 0.8000000119
3707  -18.298  -85.173  -10.384 0.1000000015
3714  -10.545  -85.585  -11.862 0.8000000119
3715  -11.657  -85.324  -11.792 0.8000000119
3716  -12.331  -84.904  -11.497 0.8000000119
3717  -17.900  -84.919  -11.599 0.2000000030
3722  -10.613  -85.881  -12.584 0.8000000119
3727  -20.787  -84.798  -12.813 0.2000000030
3738  -11.119  -86.122  -13.319 0.8000000119
3739  -11.928  -85.256  -13.289 0.8999999762
3752  -11.869  -85.267  -13.942 0.8999999762
3753  -18.274  -85.571  -14.136 0.3000000119
3757  -23.102  -86.133  -13.574 0.3000000119
3758  -11.471  -85.823  -15.241 0.8999999762
3759  -18.738  -85.798  -14.967 0.4000000060
3762  -20.856  -85.731  -15.708 0.3000000119
3769  -25.930  -85.679  -17.137 0.2000000030
3774  -28.342  -85.965  -17.806 0.1000000015
3777  -10.336  -85.719  -18.478 1.0000000000
3781  -9.188  -85.401  -19.368 1.0000000000
3782  -9.643  -85.828  -19.633 0.8999999762
3783  -10.088  -86.106  -19.156 0.8999999762
3784  -28.179  -85.202  -19.220 0.1000000015
3786  -29.963  -86.491  -19.793 0.1000000015
3791  -29.327  -85.248  -20.228 0.1000000015
3792  -30.091  -85.882  -20.480 0.2000000030
3801  -32.131  -85.950  -22.085 0.1000000015
3809  -32.517  -85.764  -22.546 0.1000000015
3826  -33.102  -85.110  -24.256 0.2000000030
3827  -33.093  -85.244  -24.846 0.2000000030
3828  -4.822  -84.891  -26.596 0.2000000030
3835  -33.035  -84.728  -25.336 0.2000000030
3836  -5.173  -85.355  -27.007 0.2000000030
3844  -32.301  -84.860  -25.693 0.2000000030
3847  -6.134  -85.144  -27.733 0.1000000015
3848  -6.732  -85.402  -27.780 0.1000000015
3851  -31.889  -84.407  -26.765 0.2000000030
3852  -32.005  -84.566  -27.424 0.2000000030
3853  -32.089  -84.442  -26.473 0.2000000030
3860  -28.044  -85.485  -29.026 0.5000000000
3861  -25.731  -85.747  -30.592 0.5000000000
3863  -27.199  -85.417  -30.041 0.4000000060
3873  -24.198  -85.514  -31.312 0.6000000238
3874  -26.122  -85.120  -31.159 0.6000000238
4092  -7.044  -84.948  12.970 0.1000000015
4094  -9.127  -85.325  12.405 0.1000000015
4095  -11.847  -83.854  13.320 0.1000000015
4103  -9.263  -86.018  11.352 0.2000000030
4117  -15.752  -84.191  10.663 0.1000000015
4126  -6.747  -84.594  9.244 0.2000000030
4127  -9.512  -85.557  9.459 0.2000000030
4137  -10.154  -84.575  8.972 0.2000000030
4145  -8.614  -85.710  7.157 0.2000000030
4146  -9.208  -84.892  7.634 0.2000000030
4161  -12.974  -84.593  6.070 0.1000000015
4173  -6.029  -86.137  5.640 0.4000000060
4175  -9.215  -84.175  4.847 0.3000000119
4176  -12.626  -84.732  5.139 0.2000000030
4189  -5.651  -84.251  3.481 0.4000000060
4191  -9.182  -84.514  3.034 0.4000000060
4192  -10.315  -84.313  3.099 0.3000000119
4193  -11.502  -84.423  3.445 0.3000000119
4205  -5.901  -84.170  1.728 0.4000000060
4221  -5.409  -83.953  0.690 0.4000000060
4223  -6.363  -84.850  1.131 0.4000000060
4230  -5.517  -84.128  0.229 0.4000000060
4238  -8.588  -84.296  -0.752 0.6000000238
4239  -9.956  -84.107  -0.801 0.6000000238
4249  -8.161  -85.012  -1.111 0.5000000000
4253  -12.113  -83.997  -1.835 0.6000000238
4273  -11.784  -84.641  -2.296 0.6000000238
4283  -13.060  -84.471  -3.115 0.6000000238
4284  -13.617  -84.116  -3.450 0.6000000238
4285  -13.935  -83.759  -4.049 0.6000000238
4291  -6.163  -84.373  -4.811 0.8999999762
4292  -13.945  -84.714  -4.814 0.6000000238
4293  -14.237  -84.071  -4.729 0.6000000238
4309  -5.334  -85.065  -6.770 1.0000000000
4310  -5.931  -85.172  -6.218 1.0000000000
4311  -6.887  -84.970  -6.777 0.8999999762
4312  -14.455  -84.294  -6.206 0.6000000238
4322  -4.899  -85.015  -7.403 1.0000000000
4325  -14.249  -84.763  -7.679 0.8000000119
4333  -4.905  -85.033  -8.163 0.8999999762
4336  -14.190  -84.174  -8.375 0.8000000119
4348  -4.854  -84.726  -8.529 0.8999999762
4350  -13.843  -84.359  -9.004 0.8000000119
4351  -18.802  -84.921  -9.918 0.1000000015
4361  -13.013  -84.358  -10.423 0.8000000119
4362  -13.311  -84.025  -10.124 0.8000000119
4368  -12.781  -84.328  -11.164 0.8000000119
4398  -6.109  -84.745  -14.971 0.6000000238
4401  -9.592  -84.058  -14.875 0.8999999762
4405  -5.058  -84.428  -14.941 0.5000000000
4406  -5.442  -84.576  -15.495 0.4000000060
4409  -8.028  -84.507  -15.701 0.8000000119
4411  -10.747  -84.695  -15.631 0.8999999762
4414  -5.324  -84.245  -15.739 0.5000000000
4416  -6.436  -84.943  -16.524 0.8000000119
4418  -9.301  -84.695  -17.016 1.0000000000
4420  -10.753  -85.012  -16.605 1.0000000000
4424  -5.763  -84.229  -16.614 0.4000000060
4427  -8.118  -84.969  -17.114 0.8999999762
4429  -10.206  -84.827  -17.289 1.0000000000
4432  -27.193  -85.010  -17.905 0.1000000015
4439  -7.458  -85.053  -18.611 0.6999999881
4456  -5.921  -84.012  -20.685 0.2000000030
4457  -6.359  -84.500  -20.565 0.4000000060
4458  -7.238  -84.924  -20.403 0.6000000238
4467  -5.087  -83.886  -22.075 0.2000000030
4484  -32.313  -85.142  -22.490 0.1000000015
4485  -4.795  -84.066  -24.138 0.1000000015
4492  -32.040  -84.065  -23.172 0.1000000015
4493  -32.591  -84.600  -23.200 0.1000000015
4494  -33.020  -84.936  -23.670 0.1000000015
4499  -9.317  -84.707  -24.320 0.1000000015
4500  -32.866  -84.381  -24.003 0.1000000015
4501  -33.049  -84.070  -24.719 0.2000000030
4508  -33.104  -83.835  -25.672 0.2000000030
4514  -33.033  -83.955  -26.021 0.2000000030
4522  -31.890  -84.554  -27.690 0.2000000030
4523  -32.409  -83.827  -26.906 0.2000000030
4524  -33.011  -83.703  -26.807 0.2000000030
4530  -28.030  -84.724  -28.201 0.4000000060
4532  -31.898  -83.535  -27.629 0.2000000030
4533  -32.377  -83.378  -27.550 0.2000000030
4538  -31.949  -82.838  -28.139 0.2000000030
4539  -32.207  -82.791  -28.069 0.1000000015
4545  -10.566  -84.562  -31.792 0.1000000015
4548  -26.076  -84.566  -31.239 0.6000000238
4549  -9.818  -84.197  -31.688 0.1000000015
4761  -6.584  -84.150  13.427 0.1000000015
4762  -9.638  -83.905  13.546 0.1000000015
4776  -6.805  -84.021  12.559 0.1000000015
4778  -10.356  -83.368  12.971 0.1000000015
4779  -11.311  -83.222  12.835 0.1000000015
4780  -12.144  -83.555  12.551 0.1000000015
4791  -9.594  -84.318  11.708 0.1000000015
4792  -10.742  -82.840  11.125 0.2000000030
4793  -11.593  -82.896  12.102 0.1000000015
4794  -12.582  -83.338  11.774 0.1000000015
4803  -7.127  -83.731  10.592 0.2000000030
4804  -10.426  -83.535  10.263 0.2000000030
4805  -12.846  -82.912  10.928 0.1000000015
4806  -13.742  -83.131  10.646 0.1000000015
4807  -14.565  -83.385  10.516 0.1000000015
4810  -17.205  -83.680  10.096 0.1000000015
4830  -6.254  -83.585  8.271 0.2000000030
4839  -10.241  -83.527  7.711 0.2000000030
4847  -6.582  -83.263  6.827 0.3000000119
4849  -10.135  -83.088  6.936 0.2000000030
4861  -6.087  -84.769  4.939 0.3000000119
4862  -6.646  -83.704  5.941 0.3000000119
4864  -10.216  -82.779  5.988 0.2000000030
4866  -14.896  -82.901  6.013 0.2000000030
4871  -5.625  -84.281  3.840 0.4000000060
4883  -11.899  -83.929  3.801 0.2000000030
4905  -5.533  -83.432  1.577 0.4000000060
4917  -9.873  -82.987  0.238 0.6000000238
4922  -6.309  -84.035  -0.166 0.4000000060
4923  -7.682  -83.751  -0.347 0.5000000000
4925  -10.952  -83.536  -0.628 0.6000000238
4932  -10.858  -84.129  -1.142 0.6000000238
4933  -11.538  -83.720  -1.244 0.6000000238
4934  -12.317  -83.162  -1.434 0.6000000238
4968  -5.644  -83.496  -3.649 0.8999999762
4971  -13.594  -83.396  -3.354 0.6000000238
4977  -5.218  -83.444  -3.997 0.8999999762
4979  -7.146  -84.107  -4.392 0.8999999762
4980  -8.551  -83.691  -4.403 0.8999999762
4989  -14.354  -83.609  -5.509 0.6000000238
4998  -9.366  -83.704  -6.342 0.8999999762
4999  -14.208  -83.339  -7.358 0.6999999881
5009  -4.903  -84.480  -7.294 0.8999999762
5011  -8.623  -83.784  -7.502 0.8999999762
5012  -9.522  -83.524  -7.262 0.8999999762
5014  -14.069  -83.428  -8.190 0.6999999881
5023  -6.194  -84.511  -8.740 1.0000000000
5024  -7.214  -84.059  -8.494 1.0000000000
5031  -23.098  -83.569  -8.987 0.1000000015
5040  -7.002  -83.206  -9.848 0.8999999762
5043  -18.978  -84.242  -9.926 0.1000000015
5045  -20.231  -83.477  -9.313 0.1000000015
5050  -4.749  -84.059  -10.672 0.6999999881
5052  -12.824  -83.274  -10.601 0.8000000119
5053  -13.221  -83.584  -10.092 0.8000000119
5054  -18.758  -84.159  -10.532 0.1000000015
5063  -4.244  -83.923  -11.375 0.6000000238
5070  -19.898  -82.930  -11.649 0.1000000015
5084  -8.483  -83.465  -12.922 0.8000000119
5086  -10.638  -83.441  -12.751 1.0000000000
5087  -11.542  -83.505  -12.556 1.0000000000
5094  -4.434  -84.145  -13.678 0.5000000000
5095  -4.680  -84.541  -13.307 0.5000000000
5096  -6.299  -84.309  -13.500 0.8000000119
5097  -7.382  -83.779  -13.429 0.6999999881
5099  -9.247  -83.636  -13.591 1.0000000000
5100  -10.255  -83.657  -13.500 0.8999999762
5101  -11.248  -83.800  -13.373 1.0000000000
5103  -21.419  -84.080  -12.760 0.1000000015
5105  -4.680  -84.104  -14.453 0.5000000000
5118  -5.382  -83.618  -16.588 0.2000000030
5120  -25.258  -83.547  -17.154 0.2000000030
5127  -6.069  -83.972  -18.396 0.1000000015
5140  -25.970  -83.076  -18.563 0.2000000030
5147  -5.520  -83.364  -19.863 0.1000000015
5169  -28.651  -83.590  -20.589 0.1000000015
5181  -4.874  -83.251  -22.179 0.2000000030
5190  -31.388  -83.838  -22.920 0.1000000015
5201  -5.132  -83.814  -24.849 0.1000000015
5208  -31.848  -83.306  -24.366 0.1000000015
5225  -30.040  -84.003  -26.160 0.2000000030
5226  -33.497  -83.113  -26.410 0.2000000030
5227  -33.941  -82.607  -26.950 0.2000000030
5235  -28.359  -82.546  -27.602 0.2000000030
5236  -28.562  -83.154  -27.238 0.2000000030
5239  -34.011  -82.358  -27.441 0.2000000030
5243  -28.140  -83.861  -27.574 0.2000000030
5245  -31.873  -83.201  -28.000 0.2000000030
5246  -33.466  -82.406  -28.023 0.1000000015
5247  -33.923  -82.113  -27.990 0.1000000015
5251  -31.525  -82.582  -28.727 0.2000000030
5253  -31.939  -82.348  -29.034 0.2000000030
5254  -32.225  -82.248  -28.933 0.2000000030
5255  -33.111  -82.103  -28.520 0.2000000030
5261  -31.333  -82.330  -29.868 0.2000000030
5263  -31.945  -81.931  -29.832 0.2000000030
5268  -9.202  -83.661  -31.641 0.1000000015
5269  -24.979  -82.922  -31.360 0.5000000000
5270  -30.429  -81.915  -31.593 0.2000000030
5271  -31.979  -81.628  -30.444 0.2000000030
5276  -24.825  -83.385  -32.397 0.5000000000
5277  -30.322  -81.780  -31.997 0.2000000030
5289  -24.395  -83.340  -33.437 0.6999999881
5290  -11.781  -82.754  -34.213 0.1000000015
5291  -12.517  -83.128  -34.089 0.1000000015
5299  -22.583  -83.334  -34.111 0.6999999881
5517  -6.938  -83.331  12.746 0.1000000015
5534  -7.451  -82.974  11.733 0.2000000030
5545  -7.441  -82.609  10.853 0.3000000119
5550  -15.179  -82.948  10.153 0.1000000015
5558  -11.156  -82.919  9.109 0.1000000015
5573  -11.410  -82.359  8.356 0.1000000015
5580  -5.870  -82.245  7.719 0.3000000119
5589  -6.125  -82.502  7.383 0.3000000119
5603  -7.633  -82.094  5.877 0.6000000238
5605  -11.683  -81.851  5.403 0.2000000030
5606  -12.084  -82.030  4.844 0.2000000030
5607  -13.656  -82.658  5.144 0.2000000030
5618  -12.977  -82.719  4.629 0.2000000030
5622  -5.575  -83.347  2.585 0.4000000060
5636  -5.472  -83.243  2.164 0.4000000060
5649  -5.702  -83.232  1.645 0.4000000060
5651  -8.764  -82.428  1.757 0.5000000000
5652  -10.638  -81.844  1.418 0.6000000238
5664  -6.260  -83.085  0.876 0.4000000060
5668  -11.433  -82.106  0.349 0.6000000238
5685  -12.535  -82.207  -1.628 0.6000000238
5693  -5.645  -82.514  -2.832 0.8000000119
5694  -12.916  -82.401  -2.412 0.6000000238
5712  -6.172  -83.061  -3.226 0.8999999762
5714  -9.751  -82.537  -3.740 0.8000000119
5716  -13.602  -82.747  -3.725 0.6000000238
5726  -11.767  -82.305  -4.928 0.8000000119
5727  -12.564  -82.091  -4.838 0.6000000238
5733  -5.182  -83.225  -5.075 1.0000000000
5734  -10.152  -83.278  -4.772 0.8000000119
5739  -14.010  -82.895  -5.218 0.6000000238
5747  -11.714  -82.754  -6.245 0.8000000119
5749  -14.056  -82.944  -5.944 0.6000000238
5757  -5.059  -83.774  -6.707 0.8999999762
5760  -10.746  -83.072  -7.323 0.8999999762
5763  -13.519  -82.798  -7.715 0.8000000119
5768  -4.739  -83.012  -8.655 0.8000000119
5770  -9.000  -83.011  -9.019 1.0000000000
5773  -11.607  -82.566  -8.647 0.8000000119
5774  -12.898  -82.623  -8.450 0.8000000119
5775  -21.456  -82.634  -8.863 0.1000000015
5783  -10.342  -82.522  -9.642 0.8999999762
5786  -12.868  -82.743  -9.343 0.8000000119
5787  -13.430  -83.266  -9.467 0.8000000119
5795  -7.747  -82.682  -10.969 1.0000000000
5797  -9.970  -82.584  -10.822 1.0000000000
5798  -10.703  -82.569  -10.489 0.8999999762
5799  -11.711  -82.644  -10.407 0.8999999762
5811  -4.000  -83.251  -11.525 0.6000000238
5813  -8.620  -82.688  -11.387 1.0000000000
5817  -12.259  -82.937  -10.996 0.8999999762
5830  -9.221  -82.993  -12.012 1.0000000000
5846  -5.063  -82.826  -16.664 0.1000000015
5851  -24.385  -82.616  -16.538 0.1000000015
5893  -26.823  -82.619  -19.568 0.1000000015
5906  -28.830  -82.880  -20.938 0.1000000015
5942  -31.022  -82.998  -24.104 0.1000000015
5952  -32.320  -82.814  -25.007 0.1000000015
5964  -33.716  -82.412  -26.059 0.2000000030
5980  -27.861  -82.281  -28.047 0.2000000030
5982  -29.650  -82.050  -28.025 0.2000000030
5984  -33.896  -81.437  -28.400 0.2000000030
5986  -12.123  -82.189  -30.336 0.8000000119
5990  -29.858  -81.893  -29.183 0.2000000030
5994  -7.531  -82.378  -30.297 0.1000000015
5995  -12.867  -82.419  -30.567 0.6999999881
5999  -30.734  -82.275  -30.565 0.2000000030
6000  -32.735  -81.307  -29.836 0.2000000030
6002  -33.438  -80.641  -29.727 0.2000000030
6003  -7.703  -82.242  -31.147 0.2000000030
6005  -12.429  -82.190  -31.150 0.6999999881
6008  -24.833  -81.878  -31.097 0.2000000030
6010  -30.514  -82.095  -31.218 0.2000000030
6011  -31.328  -81.589  -31.728 0.2000000030
6013  -32.906  -80.871  -30.420 0.2000000030
6020  -32.334  -81.171  -31.293 0.2000000030
6022  -9.681  -82.118  -33.636 0.4000000060
6023  -10.543  -82.682  -33.712 0.3000000119
6025  -18.156  -82.617  -33.475 0.1000000015
6027  -24.541  -82.742  -32.997 0.4000000060
6029  -30.560  -81.543  -32.341 0.2000000030
6031  -31.603  -81.222  -32.294 0.2000000030
6044  -23.368  -82.646  -34.572 0.6999999881
6045  -24.204  -82.510  -34.316 0.6999999881
6048  -12.199  -81.759  -35.220 0.1000000015
6055  -21.936  -81.997  -35.141 0.6999999881
6287  -9.037  -81.333  12.401 0.1000000015
6300  -8.885  -81.837  11.770 0.2000000030
6313  -8.353  -82.115  11.003 0.1000000015
6321  -6.317  -81.922  8.847 0.3000000119
6326  -13.563  -81.505  9.138 0.1000000015
6327  -14.510  -81.747  9.275 0.1000000015
6328  -15.561  -81.823  9.121 0.1000000015
6337  -11.929  -81.687  7.855 0.2000000030
6339  -13.372  -80.980  8.499 0.1000000015
6349  -5.618  -80.879  7.807 0.4000000060
6350  -5.643  -81.605  7.518 0.3000000119
6352  -12.465  -81.171  7.390 0.2000000030
6363  -6.201  -81.753  6.723 0.4000000060
6373  -7.823  -81.332  5.660 0.4000000060
6374  -12.417  -81.587  5.351 0.2000000030
6375  -13.305  -81.483  5.304 0.2000000030
6377  -14.595  -81.489  5.730 0.2000000030
6382  -9.056  -80.502  4.288 0.6000000238
6388  -9.438  -80.904  3.764 0.6000000238
6389  -9.826  -80.701  3.032 0.6000000238
6399  -9.694  -81.319  2.983 0.5000000000
6415  -10.041  -81.863  2.163 0.6000000238
6417  -11.344  -80.811  0.723 0.6000000238
6433  -11.482  -81.321  0.529 0.6000000238
6444  -12.299  -81.651  -1.019 0.6000000238
6453  -12.402  -81.373  -1.554 0.6000000238
6463  -5.098  -81.230  -2.639 0.8000000119
6470  -12.944  -81.895  -2.933 0.6000000238
6487  -4.998  -82.515  -3.028 0.8999999762
6491  -10.707  -81.352  -3.219 0.8000000119
6492  -12.643  -81.583  -3.415 0.6000000238
6493  -13.257  -82.098  -3.734 0.6000000238
6508  -11.345  -82.073  -4.322 0.6999999881
6518  -5.273  -82.487  -4.459 0.8999999762
6531  -5.394  -82.370  -7.565 0.8999999762
6533  -7.290  -81.762  -6.916 0.8999999762
6536  -5.147  -81.773  -8.252 0.6000000238
6540  -22.383  -81.507  -8.776 0.1000000015
6544  -21.406  -80.960  -9.098 0.1000000015
6574  -20.487  -81.063  -11.875 0.1000000015
6609  -23.539  -81.955  -15.689 0.1000000015
6627  -24.080  -81.767  -16.299 0.1000000015
6644  -24.649  -81.499  -17.735 0.2000000030
6679  -27.658  -81.744  -20.507 0.1000000015
6700  -29.709  -81.685  -22.695 0.1000000015
6701  -30.078  -81.938  -23.592 0.1000000015
6714  -29.860  -80.607  -24.317 0.2000000030
6719  -32.986  -81.719  -25.594 0.2000000030
6724  -34.518  -81.447  -26.914 0.2000000030
6726  -6.690  -82.046  -27.444 0.1000000015
6727  -11.669  -81.151  -28.041 0.8999999762
6729  -34.462  -81.450  -27.618 0.2000000030
6730  -6.547  -81.503  -28.437 0.1000000015
6731  -6.897  -81.799  -29.199 0.1000000015
6737  -34.277  -81.361  -28.133 0.2000000030
6740  -12.059  -81.918  -29.523 0.8000000119
6744  -33.662  -80.733  -29.084 0.2000000030
6747  -13.527  -82.151  -30.890 0.6999999881
6748  -17.233  -80.720  -30.693 0.2000000030
6751  -27.271  -81.356  -30.159 0.2000000030
6752  -28.334  -81.423  -30.126 0.2000000030
6753  -33.637  -80.130  -30.438 0.2000000030
6754  -7.785  -81.602  -31.624 0.2000000030
6755  -12.347  -81.768  -31.687 0.6999999881
6756  -12.771  -81.976  -31.837 0.6999999881
6757  -13.321  -81.912  -31.762 0.6999999881
6758  -17.136  -80.537  -31.572 0.2000000030
6759  -17.107  -81.463  -31.554 0.1000000015
6760  -25.018  -81.158  -31.315 0.2000000030
6775  -28.269  -81.452  -32.585 0.2000000030
6779  -9.260  -81.313  -33.611 0.3000000119
6781  -21.079  -81.050  -33.289 0.6000000238
6782  -24.379  -80.953  -32.880 0.3000000119
6784  -28.467  -81.100  -33.369 0.2000000030
6785  -29.279  -81.412  -32.925 0.2000000030
6786  -31.873  -80.602  -32.872 0.2000000030
6787  -10.462  -81.292  -34.414 0.6000000238
6794  -28.379  -80.716  -34.219 0.2000000030
6797  -30.859  -80.158  -34.003 0.2000000030
6798  -31.690  -80.148  -34.037 0.2000000030
6799  -10.875  -80.935  -35.016 0.6000000238
6800  -11.680  -81.233  -35.155 0.4000000060
6807  -17.814  -80.927  -35.118 0.1000000015
6808  -21.720  -81.211  -35.456 0.6999999881
6813  -28.477  -81.181  -34.926 0.2000000030
6814  -29.455  -80.750  -34.817 0.2000000030
6816  -31.167  -80.273  -35.028 0.2000000030
6817  -12.697  -80.489  -35.959 0.1000000015
6822  -17.513  -80.344  -35.495 0.3000000119
6825  -22.243  -80.811  -35.868 0.6999999881
7083  -9.384  -80.506  11.944 0.1000000015
7099  -9.962  -80.054  11.355 0.2000000030
7114  -10.235  -80.072  10.845 0.2000000030
7126  -9.356  -80.975  10.078 0.2000000030
7127  -10.221  -80.243  10.020 0.3000000119
7133  -8.611  -80.493  8.549 0.4000000060
7134  -9.577  -80.056  8.419 0.4000000060
7137  -13.961  -80.465  7.890 0.1000000015
7145  -12.978  -80.767  6.825 0.2000000030
7147  -14.555  -80.368  7.103 0.1000000015
7155  -5.649  -80.962  6.755 0.4000000060
7157  -13.513  -80.685  6.341 0.1000000015
7158  -14.204  -80.551  6.340 0.1000000015
7166  -6.746  -80.636  5.864 0.5000000000
7168  -13.762  -80.877  5.806 0.2000000030
7173  -8.237  -80.193  4.733 0.6000000238
7187  -9.764  -80.159  2.992 0.6000000238
7213  -11.253  -80.351  0.405 0.6000000238
7228  -5.375  -79.923  -0.908 0.6999999881
7229  -6.030  -80.023  -0.752 0.6999999881
7231  -11.255  -80.290  -0.563 0.6000000238
7243  -5.045  -79.943  -1.827 0.8000000119
7244  -5.276  -80.357  -1.636 0.8000000119
7246  -7.338  -80.484  -1.372 0.6000000238
7247  -8.384  -80.407  -1.402 0.8000000119
7250  -11.457  -80.468  -1.526 0.6000000238
7251  -12.162  -80.832  -1.607 0.6000000238
7265  -8.684  -80.923  -1.954 0.8000000119
7269  -12.115  -80.927  -2.467 0.6000000238
7279  -5.002  -80.561  -3.106 0.8999999762
7280  -11.515  -80.928  -2.911 0.6000000238
7297  -4.988  -80.665  -3.918 0.8999999762
7298  -5.331  -80.351  -4.542 0.8999999762
7304  -6.128  -80.928  -5.189 1.0000000000
7305  -7.396  -81.077  -5.806 1.0000000000
7311  -7.892  -81.163  -7.658 0.8999999762
7315  -6.180  -80.765  -8.346 0.6999999881
7316  -7.414  -80.697  -8.293 0.8999999762
7318  -22.045  -80.869  -8.876 0.1000000015
7324  -23.361  -80.049  -9.213 0.1000000015
7332  -4.026  -80.046  -10.312 0.5000000000
7336  -20.760  -80.453  -10.444 0.1000000015
7349  -4.056  -81.120  -11.579 0.3000000119
7368  -4.347  -80.821  -12.978 0.3000000119
7385  -22.181  -80.319  -14.259 0.1000000015
7386  -22.881  -80.343  -14.750 0.1000000015
7431  -24.813  -80.779  -18.192 0.2000000030
7445  -25.377  -80.201  -18.734 0.1000000015
7467  -27.261  -80.363  -20.455 0.1000000015
7507  -30.557  -80.649  -24.779 0.2000000030
7515  -10.883  -80.026  -26.208 1.0000000000
7517  -12.312  -80.438  -25.544 1.0000000000
7518  -13.197  -80.422  -25.541 1.0000000000
7519  -14.091  -80.215  -25.672 1.0000000000
7521  -33.548  -80.081  -25.592 0.2000000030
7522  -34.040  -80.831  -25.969 0.2000000030
7525  -11.005  -80.133  -27.057 0.8999999762
7534  -11.733  -80.808  -27.247 0.8999999762
7535  -12.964  -80.679  -27.152 1.0000000000
7537  -34.539  -80.056  -27.703 0.2000000030
7538  -34.425  -80.238  -28.247 0.2000000030
7540  -6.635  -80.566  -28.413 0.1000000015
7542  -13.773  -80.525  -28.365 0.8000000119
7553  -13.985  -81.668  -30.503 0.8000000119
7554  -14.339  -80.803  -30.663 0.8000000119
7555  -17.727  -79.997  -30.451 0.4000000060
7558  -8.143  -80.724  -31.940 0.4000000060
7565  -33.383  -80.204  -31.423 0.2000000030
7566  -33.714  -79.887  -31.079 0.2000000030
7568  -8.486  -80.648  -32.899 0.5000000000
7569  -9.186  -80.312  -32.855 0.5000000000
7574  -17.572  -79.911  -32.029 0.4000000060
7581  -8.941  -80.829  -33.443 0.3000000119
7582  -9.612  -80.805  -33.925 0.5000000000
7584  -11.201  -80.639  -34.083 0.6000000238
7590  -24.825  -80.118  -33.247 0.3000000119
7592  -26.764  -80.195  -33.263 0.2000000030
7595  -32.695  -79.742  -33.064 0.2000000030
7596  -10.070  -80.933  -34.292 0.5000000000
7598  -10.950  -80.538  -34.595 0.6000000238
7600  -20.701  -80.215  -34.852 0.6999999881
7601  -24.592  -79.801  -34.033 0.3000000119
7603  -27.582  -80.798  -34.513 0.2000000030
7605  -32.279  -80.018  -34.829 0.2000000030
7607  -11.525  -80.389  -35.332 0.5000000000
7609  -18.002  -79.853  -35.698 0.3000000119
7610  -20.667  -80.276  -35.362 0.6999999881
7617  -31.422  -79.978  -35.182 0.2000000030
7622  -15.123  -79.910  -36.359 0.2000000030
7623  -16.558  -80.198  -36.164 0.2000000030
7624  -17.203  -80.115  -36.132 0.3000000119
7626  -20.965  -80.070  -36.342 0.6999999881
7627  -21.807  -80.291  -36.351 0.6999999881
7628  -23.423  -79.990  -36.572 0.6999999881
7631  -26.007  -78.396  -35.395 0.3000000119
7633  -28.010  -79.847  -36.131 0.2000000030
7634  -28.748  -79.916  -36.011 0.2000000030
7636  -21.474  -79.987  -36.888 0.6999999881
7637  -22.409  -79.885  -37.022 0.6999999881
7638  -23.521  -79.246  -37.176 0.6999999881
7903  -5.646  -79.324  15.095 0.1000000015
7923  -4.961  -79.370  14.132 0.1000000015
7934  -6.878  -79.892  13.133 0.1000000015
7949  -7.417  -79.430  12.161 0.3000000119
7964  -10.065  -79.471  10.917 0.2000000030
7986  -5.769  -80.327  7.938 0.4000000060
7996  -9.142  -79.725  7.786 0.4000000060
7997  -10.076  -79.277  8.100 0.3000000119
8002  -5.699  -79.518  6.596 0.4000000060
8003  -5.786  -79.294  6.786 0.4000000060
8009  -5.344  -78.539  4.860 0.5000000000
8018  -6.289  -79.344  4.565 0.5000000000
8027  -7.227  -79.369  3.475 0.5000000000
8029  -9.176  -79.784  3.472 0.6000000238
8039  -5.060  -78.244  2.366 0.6000000238
8040  -5.866  -78.899  2.814 0.6000000238
8042  -8.418  -79.530  3.007 0.6000000238
8044  -10.127  -80.118  2.327 0.6000000238
8057  -5.048  -78.101  1.756 0.6000000238
8058  -5.554  -79.010  1.207 0.6000000238
8059  -7.261  -79.426  1.315 0.6000000238
8061  -9.518  -79.815  1.786 0.6000000238
8072  -5.121  -78.452  0.979 0.6000000238
8074  -5.507  -79.314  0.532 0.6000000238
8078  -10.650  -79.983  0.740 0.6000000238
8094  -5.256  -79.349  -0.136 0.6000000238
8096  -6.740  -79.806  -0.313 0.6000000238
8098  -9.857  -79.918  0.016 0.6000000238
8111  -9.055  -80.054  -0.797 0.6000000238
8116  -4.982  -79.827  -2.627 0.8000000119
8145  -8.662  -80.178  -6.906 0.8999999762
8146  -9.320  -79.151  -7.531 0.8000000119
8148  -8.998  -79.898  -7.407 0.8000000119
8150  -4.610  -79.862  -9.139 0.6000000238
8156  -4.455  -79.097  -9.515 0.5000000000
8159  -21.781  -78.933  -10.120 0.1000000015
8171  -4.138  -79.378  -9.792 0.6000000238
8188  -4.060  -79.980  -11.278 0.3000000119
8199  -21.123  -79.583  -12.153 0.1000000015
8203  -4.112  -79.808  -12.967 0.1000000015
8322  -29.251  -79.241  -23.141 0.1000000015
8330  -11.216  -78.874  -23.761 0.8999999762
8333  -13.722  -79.498  -23.109 0.8999999762
8334  -14.669  -79.613  -23.277 0.8000000119
8335  -15.598  -79.444  -23.471 0.8000000119
8341  -10.429  -79.415  -24.916 1.0000000000
8342  -11.144  -79.897  -24.839 0.8999999762
8343  -12.397  -79.813  -24.007 0.8000000119
8347  -15.675  -79.525  -24.386 0.8000000119
8348  -30.290  -79.120  -24.275 0.1000000015
8350  -31.761  -79.567  -24.647 0.2000000030
8357  -10.042  -79.070  -25.469 1.0000000000
8358  -10.475  -79.518  -25.786 1.0000000000
8369  -34.192  -79.331  -26.589 0.2000000030
8371  -6.676  -79.057  -27.638 0.2000000030
8372  -10.709  -78.863  -27.365 0.8999999762
8374  -15.026  -79.431  -27.725 0.8999999762
8381  -14.257  -79.843  -28.586 0.8999999762
8383  -34.400  -79.593  -28.935 0.2000000030
8389  -34.299  -79.590  -29.478 0.2000000030
8390  -8.884  -79.574  -30.607 0.6000000238
8396  -34.584  -78.967  -30.510 0.2000000030
8397  -8.912  -80.012  -31.519 0.4000000060
8400  -11.606  -80.546  -32.178 0.6999999881
8401  -14.486  -79.429  -31.931 0.6999999881
8406  -34.169  -79.276  -31.324 0.2000000030
8411  -14.277  -79.238  -32.730 0.8000000119
8412  -18.210  -79.230  -32.397 0.4000000060
8415  -34.092  -78.940  -32.182 0.2000000030
8422  -21.640  -79.106  -33.302 0.8999999762
8424  -25.848  -79.709  -33.323 0.3000000119
8426  -32.946  -79.053  -33.711 0.2000000030
8428  -18.194  -78.837  -34.588 0.4000000060
8431  -25.844  -79.378  -33.789 0.2000000030
8433  -32.544  -79.514  -35.053 0.2000000030
8436  -20.603  -79.755  -35.563 0.8000000119
8437  -26.343  -79.173  -34.162 0.2000000030
8438  -30.451  -80.156  -35.131 0.2000000030
8439  -30.573  -79.558  -35.190 0.2000000030
8440  -32.602  -79.055  -35.176 0.2000000030
8441  -11.558  -79.629  -36.046 0.6000000238
8442  -11.963  -79.176  -36.707 0.6000000238
8443  -12.603  -79.093  -37.059 0.4000000060
8444  -13.571  -79.151  -36.983 0.4000000060
8447  -17.376  -79.519  -36.239 0.3000000119
8449  -20.536  -79.825  -36.120 0.6999999881
8450  -20.990  -79.570  -36.641 0.6999999881
8452  -24.512  -78.648  -37.048 0.4000000060
8453  -25.162  -78.251  -36.033 0.4000000060
8456  -29.381  -79.014  -36.262 0.2000000030
8460  -22.571  -79.271  -37.226 0.6999999881
8755  -6.146  -79.015  15.203 0.1000000015
8770  -10.369  -77.786  15.460 0.1000000015
8780  -4.844  -78.296  13.298 0.2000000030
8781  -4.813  -78.820  14.005 0.2000000030
8797  -4.810  -78.037  12.756 0.2000000030
8799  -6.389  -78.758  11.634 0.3000000119
8816  -8.424  -78.439  10.670 0.2000000030
8818  -10.348  -78.955  10.246 0.2000000030
8858  -6.253  -79.013  7.169 0.5000000000
8859  -7.440  -78.838  7.406 0.4000000060
8861  -11.047  -78.427  7.593 0.3000000119
8868  -5.705  -78.600  6.235 0.5000000000
8872  -9.430  -78.401  6.661 0.5000000000
8882  -5.434  -78.084  6.022 0.5000000000
8889  -5.235  -77.771  4.538 0.5000000000
8907  -4.963  -77.933  1.768 0.6000000238
8908  -4.868  -77.861  2.724 0.6000000238
8933  -4.938  -78.225  0.600 0.6000000238
8945  -4.841  -78.317  0.058 0.6000000238
8957  -4.985  -78.839  -1.316 0.8000000119
8966  -5.089  -78.730  -1.965 0.8000000119
8967  -5.539  -78.485  -2.707 0.8000000119
8968  -6.794  -78.029  -3.048 1.0000000000
8976  -8.275  -77.927  -3.948 1.0000000000
9001  -10.217  -77.961  -6.506 0.8999999762
9006  -10.165  -77.979  -7.061 0.8999999762
9008  -9.770  -78.265  -7.585 0.8999999762
9019  -5.076  -78.600  -9.351 0.6000000238
9021  -7.297  -77.886  -9.054 0.6000000238
9060  -21.701  -78.573  -10.790 0.1000000015
9065  -3.947  -78.497  -11.942 0.2000000030
9082  -21.911  -78.995  -13.129 0.1000000015
9083  -22.579  -78.844  -13.684 0.1000000015
9095  -23.211  -78.946  -14.374 0.1000000015
9197  -13.820  -78.847  -22.611 0.6999999881
9198  -14.590  -78.706  -22.326 0.8000000119
9199  -15.373  -78.686  -22.033 0.6999999881
9200  -16.178  -78.611  -21.992 0.6000000238
9201  -16.989  -78.426  -22.300 0.8000000119
9202  -28.851  -78.262  -22.390 0.1000000015
9211  -11.690  -78.493  -23.560 0.8999999762
9215  -16.430  -79.039  -23.378 0.8000000119
9216  -17.074  -78.565  -23.221 0.8000000119
9219  -31.862  -78.318  -23.976 0.1000000015
9225  -9.629  -78.123  -24.260 0.8999999762
9226  -10.363  -78.631  -24.138 1.0000000000
9230  -32.666  -78.508  -24.154 0.2000000030
9237  -15.765  -79.476  -25.878 1.0000000000
9241  -26.201  -78.391  -25.399 0.5000000000
9242  -27.146  -78.251  -25.280 0.4000000060
9251  -25.726  -78.533  -26.258 0.5000000000
9255  -29.175  -78.344  -26.454 0.2000000030
9256  -29.920  -78.051  -26.578 0.2000000030
9263  -24.042  -78.205  -26.879 0.5000000000
9264  -24.681  -78.449  -27.192 0.5000000000
9267  -27.923  -78.927  -26.957 0.2000000030
9268  -28.779  -78.907  -27.030 0.2000000030
9271  -34.224  -78.586  -27.154 0.2000000030
9272  -34.540  -78.619  -28.170 0.2000000030
9275  -11.146  -78.182  -28.237 0.8999999762
9278  -16.179  -78.448  -28.886 0.8999999762
9279  -23.743  -78.240  -28.386 0.4000000060
9281  -25.560  -78.670  -28.556 0.4000000060
9284  -29.354  -79.064  -28.652 0.3000000119
9287  -31.364  -78.041  -28.295 0.2000000030
9289  -7.841  -78.815  -29.006 0.3000000119
9291  -9.268  -77.409  -30.408 0.6000000238
9302  -9.819  -77.931  -30.961 0.6000000238
9303  -12.327  -77.949  -30.845 0.8000000119
9306  -25.002  -78.119  -30.366 0.4000000060
9314  -32.207  -78.134  -31.298 0.1000000015
9315  -35.222  -78.254  -30.786 0.2000000030
9320  -14.656  -78.705  -31.434 0.8000000119
9324  -30.032  -79.047  -32.054 0.1000000015
9327  -35.591  -77.690  -30.980 0.2000000030
9331  -20.495  -78.074  -31.962 0.6000000238
9332  -21.313  -78.365  -32.255 0.6000000238
9334  -30.730  -79.201  -32.783 0.1000000015
9335  -31.418  -78.919  -33.140 0.1000000015
9336  -34.145  -78.187  -32.779 0.2000000030
9342  -21.544  -78.397  -32.896 0.6999999881
9344  -30.509  -78.853  -33.714 0.1000000015
9345  -31.357  -78.664  -34.356 0.1000000015
9347  -32.858  -78.182  -33.932 0.2000000030
9349  -11.419  -79.459  -35.677 0.6000000238
9355  -31.582  -78.530  -34.944 0.1000000015
9358  -11.622  -79.237  -35.902 0.5000000000
9359  -12.671  -78.677  -36.185 0.5000000000
9361  -18.217  -77.941  -34.900 0.5000000000
9365  -31.419  -79.474  -35.223 0.2000000030
9370  -15.458  -78.829  -36.351 0.5000000000
9372  -17.493  -78.832  -35.899 0.3000000119
9373  -20.816  -79.222  -36.342 0.6999999881
9377  -24.733  -78.532  -37.053 0.5000000000
9378  -25.189  -78.149  -36.377 0.4000000060
9380  -29.019  -78.268  -36.924 0.3000000119
9381  -29.840  -78.199  -36.596 0.3000000119
9383  -22.114  -78.953  -37.213 0.6999999881
9386  -28.395  -78.178  -36.838 0.3000000119
9721  -7.629  -78.042  14.282 0.1000000015
9723  -10.097  -77.523  14.746 0.1000000015
9730  -4.950  -78.146  13.527 0.2000000030
9734  -10.235  -77.197  13.558 0.1000000015
9743  -5.186  -77.638  13.045 0.2000000030
9746  -9.287  -76.982  12.689 0.3000000119
9764  -5.685  -77.195  11.193 0.3000000119
9765  -7.026  -77.103  9.969 0.4000000060
9778  -10.161  -77.165  8.938 0.3000000119
9810  -11.917  -77.512  7.494 0.3000000119
9811  -12.203  -77.310  7.022 0.3000000119
9828  -8.568  -77.828  6.114 0.5000000000
9829  -9.936  -77.813  6.018 0.5000000000
9840  -5.394  -77.648  5.546 0.5000000000
9843  -9.565  -77.304  4.717 0.5000000000
9845  -11.769  -77.413  5.783 0.5000000000
9846  -12.413  -77.116  5.309 0.4000000060
9855  -5.516  -77.164  4.974 0.6000000238
9857  -10.259  -77.260  3.972 0.5000000000
9858  -11.481  -77.574  4.233 0.5000000000
9872  -5.074  -77.616  3.375 0.6000000238
9873  -5.596  -77.142  3.660 0.6000000238
9874  -6.608  -76.960  3.836 0.6000000238
9876  -9.104  -77.278  3.319 0.5000000000
9879  -12.677  -77.079  3.505 0.8000000119
9888  -5.567  -77.297  2.763 0.6000000238
9893  -11.904  -77.700  2.640 0.8999999762
9894  -12.396  -77.309  2.716 1.0000000000
9903  -4.948  -78.034  0.982 0.6000000238
9904  -5.092  -77.774  1.471 0.6000000238
9909  -12.231  -77.466  1.910 0.8999999762
9926  -4.746  -78.090  0.272 0.6999999881
9928  -5.544  -77.480  0.982 0.6000000238
9931  -9.699  -77.366  -0.204 0.8999999762
9932  -10.781  -77.426  -0.095 1.0000000000
9934  -12.064  -77.230  0.527 1.0000000000
9946  -4.934  -77.813  -0.087 0.6999999881
9947  -5.717  -77.505  -0.436 0.6999999881
9948  -6.945  -77.442  -0.820 0.8999999762
9949  -8.150  -77.319  -0.863 1.0000000000
9950  -11.836  -76.960  -0.120 1.0000000000
9951  -12.088  -76.932  0.235 1.0000000000
9962  -5.058  -77.863  -0.847 0.8999999762
9965  -8.687  -77.360  -1.516 1.0000000000
9968  -11.312  -77.159  -0.718 1.0000000000
9974  -6.238  -77.877  -2.158 1.0000000000
9987  -10.490  -77.301  -3.928 1.0000000000
9997  -9.510  -77.934  -3.994 1.0000000000
10007  -10.237  -77.818  -5.238 1.0000000000
10020  -9.732  -77.678  -8.087 0.8000000119
10031  -8.762  -76.942  -8.908 0.6000000238
10049  -4.407  -77.818  -10.520 0.4000000060
10203  -15.562  -77.593  -21.620 0.6000000238
10204  -16.179  -77.460  -21.410 0.6000000238
10214  -14.158  -78.201  -22.450 0.6000000238
10226  -10.185  -77.431  -23.791 0.8999999762
10229  -13.242  -78.355  -22.851 0.6999999881
10235  -26.424  -76.375  -23.640 0.4000000060
10245  -9.258  -77.442  -24.090 0.8999999762
10246  -11.496  -77.411  -24.033 0.6999999881
10247  -12.432  -77.328  -24.110 0.6999999881
10249  -13.593  -77.082  -23.537 0.6999999881
10251  -17.886  -77.413  -24.016 0.6000000238
10252  -22.956  -77.163  -24.767 0.6000000238
10253  -23.618  -77.320  -24.394 0.6000000238
10255  -25.387  -77.599  -24.201 0.5000000000
10256  -26.252  -77.550  -24.259 0.5000000000
10265  -5.814  -77.820  -25.767 0.1000000015
10266  -8.565  -77.290  -25.154 0.8999999762
10279  -33.845  -77.746  -25.851 0.1000000015
10285  -17.000  -78.113  -27.111 1.0000000000
10291  -30.569  -77.574  -26.699 0.2000000030
10293  -6.368  -77.762  -27.321 0.2000000030
10294  -6.756  -78.110  -27.780 0.2000000030
10295  -10.810  -77.208  -28.393 0.8999999762
10306  -11.613  -77.335  -29.368 0.8999999762
10309  -21.871  -77.624  -28.379 0.5000000000
10312  -32.193  -76.825  -27.802 0.2000000030
10315  -8.779  -76.951  -30.000 0.4000000060
10318  -15.248  -78.612  -29.967 0.8000000119
10323  -23.315  -77.939  -29.696 0.4000000060
10324  -23.937  -77.952  -29.967 0.4000000060
10329  -10.122  -76.984  -30.922 0.6000000238
10334  -22.085  -77.266  -30.013 0.4000000060
10336  -23.486  -77.615  -30.363 0.4000000060
10339  -26.145  -78.067  -31.083 0.4000000060
10340  -27.060  -78.057  -30.998 0.3000000119
10341  -27.927  -78.093  -30.874 0.3000000119
10342  -32.035  -78.002  -29.675 0.1000000015
10344  -36.496  -76.270  -30.834 0.1000000015
10346  -11.107  -77.566  -31.393 0.6999999881
10347  -11.864  -77.998  -31.261 0.6999999881
10349  -15.688  -77.196  -31.424 0.8999999762
10350  -23.715  -77.220  -31.055 0.4000000060
10351  -24.443  -77.349  -31.503 0.4000000060
10356  -28.765  -77.620  -32.337 0.2000000030
10358  -35.427  -77.404  -31.363 0.2000000030
10360  -14.369  -77.577  -33.559 0.8000000119
10371  -14.762  -77.004  -33.482 0.8000000119
10377  -33.623  -77.162  -33.582 0.2000000030
10379  -18.627  -76.075  -34.007 0.6999999881
10382  -29.965  -77.042  -34.678 0.2000000030
10385  -13.480  -78.207  -35.072 0.5000000000
10386  -15.994  -77.236  -35.195 0.6999999881
10388  -17.818  -78.059  -35.456 0.4000000060
10391  -21.662  -77.551  -35.691 0.6999999881
10392  -30.212  -77.695  -35.687 0.3000000119
10394  -15.425  -77.755  -35.562 0.6000000238
10395  -16.319  -77.852  -35.935 0.6000000238
10399  -24.288  -77.924  -36.442 0.5000000000
10403  -28.976  -77.835  -36.957 0.3000000119
10797  -11.792  -76.387  14.141 0.1000000015
10799  -13.045  -75.953  13.907 0.1000000015
10806  -5.101  -77.615  12.520 0.3000000119
10820  -5.657  -76.889  11.806 0.3000000119
10821  -13.759  -76.266  12.626 0.1000000015
10829  -5.750  -76.454  11.111 0.3000000119
10840  -5.881  -75.817  10.625 0.3000000119
10853  -9.877  -76.041  8.827 0.4000000060
10854  -10.778  -76.371  8.521 0.5000000000
10855  -11.547  -76.643  8.138 0.5000000000
10880  -12.626  -76.627  5.869 0.5000000000
10891  -12.797  -76.615  4.966 0.8000000119
10920  -12.604  -77.097  2.001 1.0000000000
10949  -11.953  -76.498  -0.024 1.0000000000
10962  -11.312  -76.686  -1.360 1.0000000000
10972  -11.176  -76.231  -1.855 1.0000000000
10983  -10.565  -76.764  -3.438 1.0000000000
10995  -3.926  -77.156  -5.031 0.2000000030
11010  -4.125  -77.091  -5.319 0.3000000119
11012  -10.676  -76.802  -5.620 1.0000000000
11017  -4.289  -76.732  -5.998 0.3000000119
11018  -10.635  -76.864  -6.472 0.8999999762
11028  -10.416  -76.824  -7.285 0.8999999762
11038  -10.033  -76.135  -7.707 0.8999999762
11039  -10.076  -76.872  -7.986 0.8000000119
11046  -7.429  -76.122  -9.721 0.6000000238
11047  -8.380  -76.110  -9.212 0.6000000238
11061  -5.011  -76.109  -11.150 0.2000000030
11063  -6.789  -75.550  -10.174 0.5000000000
11086  -4.412  -75.327  -11.292 0.2000000030
11106  -2.948  -75.804  -13.876 0.1000000015
11248  -17.587  -76.657  -20.944 0.6000000238
11249  -18.469  -76.507  -20.985 0.5000000000
11250  -19.217  -76.086  -21.028 0.5000000000
11261  -15.906  -76.229  -21.608 0.6000000238
11265  -22.664  -76.070  -22.399 0.5000000000
11279  -14.216  -76.788  -23.048 0.5000000000
11286  -25.284  -76.717  -22.988 0.5000000000
11297  -8.650  -76.163  -24.449 0.8999999762
11298  -9.043  -76.733  -24.006 0.8999999762
11300  -11.095  -76.671  -24.499 0.8999999762
11301  -11.854  -76.960  -24.621 0.6999999881
11305  -22.368  -76.749  -24.291 0.6000000238
11314  -5.370  -76.506  -25.053 0.1000000015
11315  -5.658  -76.908  -25.753 0.1000000015
11318  -13.769  -76.628  -26.355 0.6000000238
11322  -21.430  -76.681  -25.500 0.5000000000
11323  -22.179  -76.959  -25.150 0.5000000000
11332  -8.388  -76.344  -25.192 0.8999999762
11335  -13.418  -76.695  -27.156 0.6000000238
11337  -18.046  -76.871  -26.051 0.8999999762
11338  -18.555  -76.224  -26.382 0.6999999881
11339  -20.564  -76.386  -26.682 0.6000000238
11342  -29.660  -76.851  -26.271 0.1000000015
11344  -31.124  -77.055  -26.699 0.2000000030
11346  -6.187  -76.963  -27.243 0.1000000015
11348  -9.580  -75.921  -27.381 1.0000000000
11350  -13.070  -76.429  -27.736 0.6000000238
11355  -20.365  -76.405  -27.585 0.6000000238
11360  -35.214  -76.686  -28.329 0.1000000015
11362  -8.452  -76.339  -29.658 0.5000000000
11364  -11.597  -76.500  -29.931 0.6000000238
11365  -13.724  -76.141  -28.643 0.6000000238
11367  -18.184  -76.180  -28.120 0.6999999881
11369  -21.132  -77.237  -28.630 0.5000000000
11370  -33.054  -76.369  -29.029 0.1000000015
11376  -10.949  -75.565  -30.161 0.6000000238
11377  -11.355  -76.358  -30.373 0.6000000238
11379  -20.634  -76.254  -29.856 0.6000000238
11380  -21.195  -77.049  -29.537 0.5000000000
11382  -33.175  -75.933  -30.040 0.1000000015
11384  -10.963  -76.138  -30.671 0.6999999881
11390  -32.757  -76.879  -31.262 0.1000000015
11391  -33.017  -76.160  -31.200 0.1000000015
11394  -16.321  -76.417  -31.649 0.8999999762
11398  -24.466  -76.724  -32.257 0.4000000060
11400  -36.335  -76.089  -31.183 0.2000000030
11402  -14.910  -76.460  -33.260 0.8999999762
11404  -15.902  -75.811  -32.460 0.8999999762
11406  -24.579  -75.843  -32.859 0.4000000060
11407  -26.770  -76.414  -32.872 0.4000000060
11408  -27.621  -76.293  -32.968 0.4000000060
11409  -28.328  -76.194  -33.185 0.2000000030
11411  -32.821  -76.579  -33.133 0.1000000015
11422  -29.292  -75.922  -34.261 0.2000000030
11423  -32.984  -76.994  -33.681 0.1000000015
11425  -34.726  -75.701  -32.430 0.2000000030
11426  -14.907  -76.377  -33.892 0.8000000119
11428  -15.782  -75.926  -34.204 0.8000000119
11430  -29.749  -76.328  -34.737 0.3000000119
11440  -22.204  -76.129  -35.364 0.6999999881
11443  -29.577  -76.337  -35.168 0.3000000119
11444  -29.864  -77.194  -35.655 0.3000000119
11446  -22.664  -76.788  -35.784 0.6999999881
11447  -23.574  -76.376  -35.940 0.6000000238
11449  -25.182  -76.347  -36.450 0.5000000000
11452  -28.675  -76.287  -35.837 0.3000000119
11453  -29.390  -76.994  -35.805 0.3000000119
11852  -7.301  -75.940  12.056 0.3000000119
11856  -12.020  -74.891  12.846 0.2000000030
11857  -13.937  -75.472  13.052 0.1000000015
11864  -6.069  -76.012  11.230 0.3000000119
11869  -11.427  -74.271  12.133 0.3000000119
11879  -5.949  -75.259  10.398 0.3000000119
11890  -5.590  -75.017  9.886 0.4000000060
11891  -6.929  -75.736  9.395 0.4000000060
11892  -8.172  -75.806  9.106 0.4000000060
11893  -9.095  -75.741  8.913 0.4000000060
11907  -8.542  -75.395  8.583 0.4000000060
11910  -11.248  -75.840  8.097 0.5000000000
11919  -9.899  -75.015  7.951 0.5000000000
11922  -12.216  -76.061  7.142 0.5000000000
11934  -12.025  -75.327  6.719 0.6999999881
11935  -12.537  -75.946  6.344 0.6000000238
11952  -12.894  -75.985  4.744 0.6999999881
11955  -12.332  -75.567  3.516 1.0000000000
11962  -12.027  -75.737  1.823 1.0000000000
11975  -12.396  -76.558  1.293 1.0000000000
11986  -12.119  -76.368  0.532 1.0000000000
12001  -11.678  -75.900  -0.781 1.0000000000
12016  -11.257  -75.611  -1.586 1.0000000000
12042  -4.138  -75.950  -3.535 0.2000000030
12058  -7.839  -75.391  -5.027 0.8999999762
12059  -8.781  -75.342  -4.717 0.8999999762
12060  -9.498  -75.513  -4.397 0.8999999762
12061  -10.142  -76.031  -4.620 1.0000000000
12076  -10.305  -76.279  -5.482 0.8999999762
12087  -5.002  -76.632  -6.238 0.3000000119
12090  -9.440  -75.603  -6.826 0.8000000119
12106  -3.994  -75.339  -7.949 0.3000000119
12123  -8.638  -75.324  -8.766 0.5000000000
12124  -9.397  -75.665  -8.264 0.6999999881
12135  -7.794  -74.877  -9.096 0.5000000000
12148  -6.133  -75.202  -10.306 0.5000000000
12149  -6.823  -75.022  -9.976 0.4000000060
12227  -3.372  -75.427  -14.598 0.1000000015
12317  -20.169  -74.862  -20.281 0.3000000119
12318  -21.063  -74.729  -20.464 0.3000000119
12353  -15.486  -75.837  -22.375 0.5000000000
12355  -19.869  -75.680  -22.620 0.6000000238
12358  -23.401  -75.855  -21.970 0.5000000000
12359  -24.678  -75.248  -22.338 0.3000000119
12372  -15.790  -75.107  -22.795 0.5000000000
12374  -19.693  -75.577  -23.769 0.5000000000
12378  -26.311  -75.654  -23.763 0.4000000060
12385  -8.656  -74.548  -24.747 0.8999999762
12388  -10.822  -75.833  -25.070 0.8000000119
12391  -19.592  -75.677  -24.749 0.6000000238
12392  -20.895  -75.866  -23.819 0.5000000000
12403  -5.770  -75.420  -26.120 0.1000000015
12407  -12.206  -76.412  -26.300 0.6999999881
12409  -15.063  -75.426  -25.672 0.5000000000
12410  -18.859  -76.068  -25.797 0.6999999881
12411  -19.424  -75.778  -25.706 0.6999999881
12416  -27.673  -75.960  -25.336 0.2000000030
12426  -14.805  -75.797  -26.878 0.6000000238
12428  -19.426  -75.775  -26.552 0.6999999881
12434  -27.019  -75.819  -26.899 0.1000000015
12444  -10.405  -74.873  -27.953 1.0000000000
12445  -12.673  -75.803  -27.869 0.6000000238
12447  -14.956  -75.458  -28.901 0.6000000238
12448  -18.913  -75.787  -26.920 0.6000000238
12456  -29.796  -75.532  -27.288 0.1000000015
12464  -12.850  -75.494  -28.625 0.6000000238
12465  -13.250  -75.548  -29.226 0.6000000238
12478  -32.902  -75.020  -27.992 0.1000000015
12482  -9.317  -74.738  -29.999 0.8000000119
12484  -10.535  -74.625  -29.923 0.8000000119
12485  -13.624  -75.306  -29.999 0.6000000238
12488  -18.896  -75.315  -29.323 0.8999999762
12489  -19.378  -75.327  -29.686 0.6999999881
12496  -18.077  -75.374  -30.649 0.8999999762
12501  -36.735  -75.370  -30.787 0.1000000015
12504  -20.468  -74.989  -30.888 0.6000000238
12507  -22.922  -75.685  -31.828 0.6000000238
12508  -32.978  -75.865  -32.973 0.1000000015
12510  -36.554  -75.231  -31.199 0.1000000015
12520  -36.221  -74.995  -31.652 0.1000000015
12522  -15.103  -75.645  -33.657 0.8999999762
12524  -24.909  -74.830  -33.393 0.4000000060
12525  -25.756  -74.905  -33.656 0.4000000060
12529  -34.316  -74.930  -32.681 0.2000000030
12531  -16.483  -75.516  -34.222 0.6999999881
12533  -19.908  -75.151  -34.203 0.8000000119
12535  -28.540  -75.032  -34.787 0.4000000060
12538  -18.880  -75.225  -34.303 0.8999999762
12539  -21.671  -75.617  -34.959 0.8999999762
12542  -26.287  -74.123  -35.794 0.5000000000
12546  -29.031  -75.545  -35.055 0.3000000119
12547  -24.533  -75.565  -36.127 0.6000000238
12549  -27.204  -75.585  -36.261 0.4000000060
12550  -27.973  -75.895  -36.122 0.4000000060
13015  -13.124  -74.190  14.031 0.2000000030
13021  -12.183  -73.759  13.004 0.2000000030
13025  -14.825  -72.907  12.881 0.1000000015
13032  -6.181  -74.939  10.846 0.3000000119
13036  -10.837  -73.635  11.807 0.3000000119
13046  -16.005  -74.611  10.934 0.1000000015
13057  -5.185  -74.287  9.288 0.3000000119
13069  -4.195  -73.958  8.734 0.4000000060
13070  -4.956  -74.296  8.520 0.5000000000
13083  -3.909  -73.958  8.227 0.5000000000
13084  -4.260  -73.991  7.740 0.5000000000
13086  -7.979  -74.709  7.571 0.5000000000
13102  -9.463  -74.517  6.643 0.8000000119
13104  -11.624  -74.832  6.224 0.6999999881
13105  -12.386  -75.329  5.951 0.6999999881
13118  -9.407  -74.274  5.254 0.8999999762
13119  -10.319  -74.559  4.961 0.8999999762
13127  -8.766  -74.196  4.604 0.8999999762
13147  -10.468  -74.848  2.453 0.8999999762
13163  -11.463  -75.358  1.197 1.0000000000
13175  -4.300  -74.455  0.070 0.6999999881
13195  -3.898  -74.485  -0.950 0.2000000030
13198  -10.815  -74.687  -0.706 1.0000000000
13199  -11.405  -75.315  -0.385 1.0000000000
13218  -10.407  -74.380  -1.840 1.0000000000
13236  -6.048  -74.831  -2.814 0.6000000238
13238  -10.177  -74.481  -2.440 1.0000000000
13253  -9.994  -74.891  -3.143 1.0000000000
13258  -3.318  -74.874  -4.177 0.1000000015
13272  -6.908  -75.532  -5.035 0.6999999881
13284  -3.398  -75.027  -7.234 0.2000000030
13298  -7.356  -74.895  -7.836 0.5000000000
13309  -2.945  -74.021  -9.052 0.1000000015
13310  -3.836  -74.531  -8.789 0.2000000030
13312  -6.602  -74.566  -8.858 0.4000000060
13329  -3.213  -73.770  -9.876 0.2000000030
13332  -6.114  -74.660  -9.423 0.4000000060
13333  -7.028  -74.650  -9.460 0.4000000060
13350  -3.282  -74.027  -10.454 0.3000000119
13454  -20.236  -73.951  -19.839 0.3000000119
13455  -20.901  -73.891  -19.869 0.3000000119
13466  -18.449  -74.741  -20.461 0.5000000000
13467  -19.908  -74.426  -19.982 0.4000000060
13469  -21.386  -74.182  -20.147 0.3000000119
13478  -17.627  -75.017  -20.802 0.5000000000
13480  -22.739  -74.391  -20.965 0.3000000119
13490  -24.493  -74.398  -22.517 0.2000000030
13491  -25.042  -74.735  -22.802 0.3000000119
13512  -16.021  -74.155  -24.263 0.5000000000
13514  -25.396  -74.894  -24.411 0.2000000030
13522  -8.630  -73.601  -24.925 0.8999999762
13523  -10.295  -74.026  -25.583 0.8000000119
13540  -9.008  -74.167  -26.561 1.0000000000
13542  -12.317  -75.065  -27.655 0.6999999881
13550  -6.412  -74.638  -27.455 0.6000000238
13551  -7.030  -74.193  -28.171 0.5000000000
13553  -10.440  -73.598  -28.674 0.8999999762
13560  -32.122  -74.843  -27.731 0.1000000015
13563  -9.047  -74.212  -29.605 0.8000000119
13564  -12.732  -75.002  -29.173 0.6000000238
13566  -15.376  -74.733  -29.573 0.6000000238
13572  -29.732  -74.549  -28.697 0.1000000015
13575  -33.236  -74.227  -28.513 0.1000000015
13578  -9.889  -73.849  -30.127 0.8000000119
13579  -10.109  -73.810  -30.044 0.8999999762
13580  -13.501  -74.508  -30.278 0.6000000238
13582  -14.808  -74.540  -30.298 0.6000000238
13590  -36.727  -74.965  -29.825 0.1000000015
13592  -14.188  -74.146  -30.535 0.6000000238
13593  -18.699  -74.583  -30.807 0.6999999881
13595  -19.825  -74.598  -30.761 0.6000000238
13598  -33.492  -74.556  -30.436 0.1000000015
13599  -36.777  -74.661  -31.061 0.1000000015
13600  -18.033  -74.672  -31.599 0.8000000119
13607  -36.684  -74.370  -31.367 0.1000000015
13608  -15.941  -74.826  -33.619 0.8000000119
13609  -16.789  -74.293  -33.411 0.8999999762
13610  -17.809  -73.907  -32.596 0.8000000119
13615  -36.175  -74.282  -32.177 0.1000000015
13621  -33.601  -74.734  -32.605 0.1000000015
13624  -35.827  -73.822  -32.658 0.1000000015
13625  -15.792  -74.928  -33.728 0.8000000119
13626  -16.379  -74.654  -33.787 0.8000000119
13627  -17.175  -74.079  -33.982 0.8000000119
13630  -22.217  -73.699  -34.650 0.6999999881
13631  -25.991  -73.582  -34.546 0.5000000000
13632  -26.897  -73.828  -34.562 0.4000000060
13634  -17.786  -74.783  -34.254 0.8000000119
13635  -18.621  -74.612  -34.384 0.8000000119
13638  -21.264  -74.092  -34.767 0.8999999762
13641  -24.706  -73.684  -35.326 0.5000000000
13642  -25.585  -73.514  -35.270 0.5000000000
13643  -27.099  -73.975  -35.265 0.4000000060
14108  -12.920  -73.215  14.150 0.2000000030
14116  -12.831  -72.742  13.826 0.3000000119
14117  -13.295  -72.551  13.979 0.1000000015
14140  -5.627  -74.178  9.920 0.3000000119
14141  -7.064  -73.188  11.064 0.3000000119
14156  -13.174  -73.353  10.081 0.2000000030
14157  -13.986  -73.374  9.621 0.3000000119
14172  -14.124  -73.414  8.823 0.3000000119
14210  -7.011  -73.049  4.122 1.0000000000
14221  -8.118  -74.106  4.133 1.0000000000
14237  -8.200  -74.295  2.620 1.0000000000
14256  -3.790  -73.822  1.091 0.6000000238
14258  -4.775  -74.197  1.807 0.8999999762
14260  -6.814  -73.989  1.941 1.0000000000
14303  -3.985  -74.453  -0.222 0.5000000000
14309  -10.234  -74.180  -1.169 1.0000000000
14324  -5.412  -74.461  -0.605 0.8000000119
14339  -7.665  -74.050  -2.440 1.0000000000
14350  -7.702  -74.147  -3.313 0.6999999881
14410  -2.821  -73.950  -8.352 0.1000000015
14441  -3.173  -73.293  -10.705 0.2000000030
14462  -4.575  -73.028  -11.954 0.1000000015
14589  -19.979  -73.506  -19.950 0.3000000119
14602  -22.812  -73.494  -20.960 0.2000000030
14614  -10.721  -72.957  -22.433 0.8000000119
14616  -12.191  -73.342  -22.864 0.6999999881
14629  -12.773  -73.343  -23.496 0.6999999881
14632  -17.215  -73.109  -23.176 0.5000000000
14637  -5.410  -72.742  -25.072 0.2000000030
14638  -8.923  -73.187  -24.838 0.8999999762
14639  -9.756  -72.708  -25.424 0.8000000119
14643  -13.312  -73.310  -24.253 0.6999999881
14644  -16.377  -73.427  -24.731 0.5000000000
14657  -10.430  -72.334  -25.478 0.8000000119
14659  -11.457  -73.421  -26.082 0.8000000119
14662  -16.218  -73.400  -25.685 0.5000000000
14678  -16.175  -73.496  -26.641 0.5000000000
14681  -21.869  -74.000  -27.250 0.1000000015
14689  -10.238  -72.619  -28.382 0.8999999762
14693  -21.639  -73.177  -28.311 0.1000000015
14695  -22.985  -73.630  -29.250 0.1000000015
14703  -7.701  -73.310  -28.500 0.8000000119
14706  -10.005  -72.976  -29.505 0.8000000119
14707  -12.780  -74.272  -28.577 0.6000000238
14711  -22.086  -73.675  -28.904 0.1000000015
14714  -24.071  -73.922  -29.270 0.1000000015
14723  -9.968  -73.363  -29.869 0.8999999762
14733  -33.418  -73.615  -29.048 0.1000000015
14736  -13.609  -73.687  -30.417 0.6000000238
14737  -14.303  -73.308  -30.704 0.6999999881
14744  -19.131  -73.259  -31.719 0.6999999881
14747  -21.838  -73.429  -32.153 0.6000000238
14749  -33.912  -72.840  -30.986 0.1000000015
14755  -21.489  -72.634  -32.503 0.6999999881
14762  -17.860  -73.555  -33.679 0.8999999762
14763  -18.701  -73.156  -33.333 0.8000000119
14765  -23.915  -72.840  -33.798 0.6000000238
14766  -24.599  -73.219  -33.837 0.5000000000
14768  -34.920  -73.568  -32.898 0.1000000015
14770  -17.632  -73.690  -33.910 0.8999999762
14772  -20.116  -73.298  -34.183 0.8999999762
14773  -21.083  -73.014  -34.086 0.8000000119
14774  -21.987  -72.916  -34.249 0.6000000238
14777  -24.577  -73.082  -34.266 0.6000000238
14783  -24.079  -73.376  -34.894 0.6000000238
15270  -13.674  -72.071  13.095 0.1000000015
15272  -15.644  -71.882  12.381 0.1000000015
15273  -16.130  -71.715  12.065 0.1000000015
15282  -6.611  -73.063  10.422 0.4000000060
15285  -10.206  -72.327  10.874 0.3000000119
15302  -4.987  -73.546  8.794 0.6000000238
15319  -4.476  -73.286  8.113 0.6999999881
15321  -12.868  -73.204  9.288 0.4000000060
15323  -14.557  -73.132  8.136 0.3000000119
15333  -4.923  -72.906  7.762 0.8000000119
15335  -13.910  -72.704  7.797 0.3000000119
15345  -14.926  -72.261  7.109 0.3000000119
15387  -3.800  -72.738  1.862 0.5000000000
15389  -4.679  -73.531  2.991 0.8000000119
15391  -11.287  -72.442  2.675 0.1000000015
15423  -3.568  -72.199  0.177 0.4000000060
15437  -3.544  -71.171  -1.358 0.3000000119
15438  -10.310  -72.259  -0.656 0.1000000015
15469  -6.609  -71.852  -2.778 0.1000000015
15470  -7.817  -71.814  -2.751 0.1000000015
15493  -3.684  -71.901  -4.528 0.1000000015
15521  -4.246  -72.323  -6.260 0.1000000015
15536  -3.741  -72.764  -7.653 0.1000000015
15561  -3.339  -72.584  -9.304 0.1000000015
15590  -3.591  -72.798  -11.091 0.2000000030
15674  -20.196  -72.768  -20.287 0.3000000119
15684  -9.884  -72.633  -21.854 0.6999999881
15694  -11.479  -73.102  -22.410 0.6999999881
15696  -12.759  -72.609  -22.660 0.6999999881
15699  -27.542  -72.116  -22.787 0.1000000015
15700  -28.241  -72.382  -22.901 0.1000000015
15713  -10.779  -72.741  -23.300 0.8000000119
15714  -12.813  -73.184  -22.882 0.6999999881
15716  -17.555  -72.354  -23.609 0.4000000060
15718  -22.682  -72.515  -22.872 0.2000000030
15728  -4.920  -72.181  -25.079 0.2000000030
15729  -9.633  -72.267  -25.449 0.8999999762
15732  -13.634  -72.591  -23.998 0.6999999881
15735  -22.304  -72.565  -24.653 0.1000000015
15736  -24.980  -72.059  -24.888 0.1000000015
15747  -4.402  -72.121  -25.991 0.4000000060
15748  -9.494  -71.895  -26.193 0.8999999762
15754  -24.772  -72.304  -25.853 0.1000000015
15765  -4.847  -71.507  -26.751 0.5000000000
15767  -10.188  -71.762  -27.259 0.8000000119
15768  -10.084  -71.918  -28.264 0.8999999762
15769  -14.118  -72.970  -26.770 0.6999999881
15771  -17.193  -72.417  -26.703 0.4000000060
15784  -6.691  -71.546  -28.131 0.6999999881
15787  -17.286  -72.483  -27.673 0.5000000000
15798  -8.191  -72.588  -28.584 0.8000000119
15799  -9.092  -72.215  -28.952 0.8000000119
15800  -9.898  -72.444  -29.037 0.8999999762
15802  -16.914  -72.980  -29.320 0.6000000238
15803  -17.443  -72.497  -28.695 0.5000000000
15804  -22.448  -73.034  -29.167 0.1000000015
15815  -13.261  -73.261  -30.136 0.6000000238
15817  -16.771  -72.488  -30.173 0.5000000000
15822  -33.240  -72.353  -29.381 0.1000000015
15825  -14.474  -72.473  -30.797 0.6999999881
15827  -16.173  -72.144  -30.732 0.5000000000
15840  -20.335  -72.414  -32.845 0.6999999881
15841  -21.105  -72.286  -32.878 0.6999999881
15844  -34.092  -72.052  -32.383 0.1000000015
15847  -21.485  -72.285  -33.188 0.6999999881
15848  -22.194  -72.411  -33.332 0.6000000238
15849  -22.959  -72.667  -33.524 0.6000000238
15853  -36.502  -72.829  -33.024 0.1000000015
15855  -20.459  -72.731  -33.576 0.6999999881
15856  -21.125  -72.495  -33.482 0.6000000238
15858  -22.554  -72.634  -33.805 0.6000000238
16329  -14.837  -71.798  12.588 0.1000000015
16341  -15.133  -71.579  12.082 0.1000000015
16343  -16.371  -71.382  11.665 0.1000000015
16344  -17.399  -71.282  11.519 0.1000000015
16361  -14.952  -71.637  11.809 0.1000000015
16362  -15.551  -71.437  11.450 0.1000000015
16377  -6.005  -72.205  9.251 0.6999999881
16380  -10.337  -71.909  9.643 0.4000000060
16396  -5.692  -71.821  8.686 0.6999999881
16400  -10.141  -71.581  8.718 0.4000000060
16402  -12.096  -71.547  8.844 0.4000000060
16403  -12.907  -72.352  8.467 0.3000000119
16404  -15.807  -72.109  7.838 0.3000000119
16418  -5.230  -71.862  7.846 0.8000000119
16451  -20.684  -71.778  6.051 0.1000000015
16463  -4.913  -70.963  3.957 0.8000000119
16464  -5.804  -71.058  4.442 0.8999999762
16476  -10.513  -71.769  3.510 0.1000000015
16490  -4.057  -72.336  2.617 0.8000000119
16492  -8.580  -71.547  2.773 0.1000000015
16517  -3.589  -71.076  -0.215 0.3000000119
16533  -3.496  -71.407  -0.639 0.2000000030
16549  -4.277  -70.946  -2.410 0.2000000030
16735  -7.813  -71.164  -21.135 0.8000000119
16737  -9.722  -71.065  -20.842 0.8000000119
16740  -20.482  -71.933  -20.624 0.2000000030
16742  -22.029  -72.027  -20.684 0.2000000030
16754  -8.480  -71.588  -21.563 0.8000000119
16756  -10.143  -72.152  -21.427 0.8000000119
16757  -11.014  -71.954  -21.626 0.8000000119
16759  -19.186  -71.875  -21.472 0.4000000060
16760  -19.874  -71.404  -21.192 0.3000000119
16762  -21.517  -71.224  -21.212 0.2000000030
16766  -29.571  -71.421  -21.363 0.1000000015
16767  -30.454  -71.436  -21.690 0.1000000015
16777  -4.915  -71.220  -22.200 0.3000000119
16778  -5.214  -71.948  -22.909 0.3000000119
16780  -8.569  -71.715  -21.976 0.8000000119
16781  -9.207  -72.038  -22.299 0.8000000119
16785  -13.012  -71.536  -22.769 0.6999999881
16786  -19.005  -71.324  -21.988 0.4000000060
16788  -21.958  -70.912  -21.826 0.2000000030
16789  -22.271  -71.436  -22.126 0.2000000030
16790  -26.901  -71.512  -22.764 0.1000000015
16792  -28.962  -71.889  -21.907 0.1000000015
16805  -9.946  -71.418  -23.141 0.8000000119
16813  -26.179  -71.537  -23.336 0.1000000015
16823  -4.850  -71.110  -25.068 0.3000000119
16825  -10.500  -71.364  -24.634 0.8000000119
16828  -17.675  -71.746  -24.877 0.4000000060
16832  -24.815  -71.348  -24.655 0.1000000015
16844  -4.483  -70.955  -26.147 0.5000000000
16847  -10.218  -71.403  -25.136 0.8999999762
16849  -17.539  -71.956  -25.535 0.5000000000
16864  -5.182  -70.911  -27.297 0.5000000000
16865  -10.162  -70.962  -27.120 1.0000000000
16867  -14.175  -72.047  -26.748 0.6999999881
16868  -17.544  -71.887  -26.288 0.5000000000
16899  -18.231  -71.303  -28.615 0.5000000000
16911  -18.319  -71.005  -29.632 0.5000000000
16920  -14.521  -71.457  -30.644 0.6000000238
16922  -16.981  -70.990  -30.305 0.5000000000
16934  -38.185  -71.106  -32.855 0.1000000015
16938  -34.703  -71.646  -33.118 0.1000000015
16941  -37.378  -71.409  -33.238 0.1000000015
17409  -18.170  -70.418  11.133 0.1000000015
17425  -17.099  -70.454  10.988 0.1000000015
17453  -12.088  -70.814  8.410 0.4000000060
17469  -6.997  -70.280  7.949 0.8999999762
17471  -8.841  -71.002  7.540 0.5000000000
17477  -19.916  -70.273  7.976 0.1000000015
17490  -5.863  -70.396  6.810 0.8999999762
17493  -14.846  -71.526  6.708 0.3000000119
17494  -15.640  -71.222  6.440 0.4000000060
17515  -16.614  -70.192  5.641 0.4000000060
17541  -4.319  -70.744  3.694 0.8000000119
17542  -6.826  -69.909  3.411 0.1000000015
17556  -7.802  -71.226  2.495 0.1000000015
17570  -6.843  -69.983  0.956 0.1000000015
17710  -9.458  -70.260  -10.722 0.1000000015
17723  -5.173  -70.247  -11.829 0.1000000015
17726  -8.969  -70.530  -11.394 0.1000000015
17780  -13.302  -70.012  -16.757 0.6999999881
17782  -15.290  -69.974  -16.846 0.6000000238
17785  -12.080  -70.082  -17.600 0.8000000119
17789  -15.651  -70.019  -17.512 0.6000000238
17800  -11.794  -69.735  -19.231 0.8000000119
17801  -12.676  -70.028  -18.420 0.6999999881
17805  -15.899  -70.227  -18.983 0.6000000238
17810  -32.810  -70.314  -18.809 0.1000000015
17818  -10.549  -69.693  -20.091 0.8000000119
17820  -12.147  -69.595  -20.083 0.8000000119
17822  -13.861  -70.049  -19.734 0.6000000238
17824  -16.162  -70.123  -19.710 0.6000000238
17826  -30.520  -70.740  -19.305 0.1000000015
17827  -31.383  -70.811  -19.350 0.1000000015
17837  -6.797  -69.821  -21.106 0.8000000119
17839  -7.823  -70.551  -20.645 0.8000000119
17845  -14.257  -70.069  -21.139 0.5000000000
17846  -15.161  -70.219  -20.775 0.5000000000
17847  -16.006  -70.058  -20.631 0.5000000000
17849  -28.695  -70.660  -20.232 0.1000000015
17850  -29.983  -70.830  -20.004 0.1000000015
17864  -11.598  -70.651  -21.461 0.8000000119
17866  -13.273  -69.999  -21.643 0.6000000238
17867  -14.248  -70.135  -21.998 0.5000000000
17868  -16.126  -69.762  -21.461 0.5000000000
17869  -20.287  -70.606  -21.509 0.2000000030
17870  -21.010  -70.451  -21.486 0.2000000030
17872  -27.233  -70.185  -21.846 0.1000000015
17884  -8.948  -70.528  -22.592 0.8000000119
17885  -9.908  -70.397  -23.198 0.8000000119
17888  -15.229  -70.025  -22.181 0.5000000000
17889  -19.005  -70.525  -22.467 0.3000000119
17895  -27.614  -70.894  -21.844 0.1000000015
17900  -4.875  -70.760  -24.194 0.3000000119
17902  -13.727  -70.596  -23.887 0.5000000000
17905  -19.482  -69.614  -22.617 0.2000000030
17908  -26.471  -70.633  -22.915 0.1000000015
17914  -10.145  -70.738  -25.484 0.8000000119
17918  -22.257  -69.991  -23.990 0.1000000015
17936  -22.191  -70.525  -25.773 0.1000000015
17951  -13.880  -70.770  -26.694 0.6000000238
17952  -18.149  -70.472  -26.433 0.5000000000
17955  -24.344  -71.255  -26.284 0.1000000015
17965  -6.340  -70.793  -28.072 0.6000000238
17967  -9.238  -70.688  -27.940 0.8000000119
17970  -22.603  -70.513  -28.304 0.1000000015
17971  -24.237  -70.396  -28.683 0.1000000015
17996  -12.852  -70.021  -30.359 0.6000000238
17997  -17.897  -70.787  -30.073 0.5000000000
18006  -13.848  -70.657  -30.405 0.6000000238
18008  -15.301  -70.376  -30.631 0.6000000238
18010  -17.288  -70.372  -30.256 0.5000000000
18011  -18.072  -70.200  -30.191 0.5000000000
18032  -34.561  -70.675  -32.742 0.1000000015
18040  -38.584  -70.428  -33.570 0.1000000015
18533  -18.264  -69.550  10.336 0.2000000030
18546  -18.302  -68.969  9.927 0.2000000030
18560  -17.102  -68.794  8.952 0.3000000119
18577  -6.776  -69.692  7.569 0.8999999762
18604  -10.266  -69.436  6.560 0.8000000119
18605  -11.187  -69.276  6.623 0.8000000119
18609  -17.147  -69.605  6.558 0.3000000119
18610  -20.683  -69.512  6.321 0.1000000015
18630  -17.391  -69.219  5.596 0.3000000119
18644  -3.673  -69.406  4.313 0.8000000119
18645  -4.016  -69.674  4.989 0.8000000119
18662  -8.053  -69.284  4.032 0.1000000015
18663  -9.603  -69.453  4.125 0.1000000015
18664  -10.415  -69.518  3.964 0.1000000015
18674  -3.135  -68.948  1.659 0.3000000119
18676  -11.893  -69.276  2.867 0.1000000015
18690  -5.514  -68.674  0.665 0.1000000015
18741  -5.535  -69.213  -4.824 0.1000000015
18745  -9.014  -69.053  -4.832 0.1000000015
18759  -4.279  -69.018  -5.649 0.2000000030
18762  -7.006  -69.174  -5.977 0.1000000015
18764  -9.220  -69.109  -5.596 0.1000000015
18780  -4.575  -68.767  -6.261 0.2000000030
18781  -5.101  -68.841  -6.605 0.2000000030
18784  -8.783  -68.804  -6.827 0.1000000015
18803  -6.232  -68.914  -7.416 0.1000000015
18847  -5.597  -69.597  -9.627 0.1000000015
18863  -3.603  -69.127  -10.839 0.2000000030
18865  -5.128  -69.774  -10.368 0.1000000015
18880  -4.660  -70.041  -11.092 0.1000000015
18908  -11.392  -69.424  -13.873 1.0000000000
18910  -13.080  -69.196  -13.908 0.8999999762
18916  -8.320  -68.946  -14.491 0.8999999762
18919  -11.068  -69.606  -14.718 0.8999999762
18921  -13.460  -69.384  -14.666 0.6999999881
18925  -6.909  -69.228  -16.221 0.8999999762
18927  -8.375  -69.344  -15.415 0.8999999762
18930  -11.224  -69.709  -15.524 0.8999999762
18932  -13.805  -69.562  -15.445 0.6999999881
18933  -14.812  -69.462  -15.500 0.6999999881
18934  -15.696  -69.243  -15.738 0.6999999881
18935  -16.275  -68.877  -16.129 0.5000000000
18939  -7.392  -69.460  -16.587 0.8999999762
18942  -10.117  -69.793  -17.012 0.8999999762
18943  -11.537  -69.942  -16.923 0.8000000119
18945  -13.601  -69.785  -16.113 0.6999999881
18947  -15.841  -69.504  -16.433 0.6999999881
18954  -7.465  -69.321  -17.217 0.8999999762
18956  -9.700  -69.518  -17.663 0.8000000119
18960  -16.244  -69.509  -17.543 0.5000000000
18966  -31.798  -69.587  -17.615 0.1000000015
18979  -16.340  -69.790  -18.838 0.6000000238
18996  -10.327  -69.376  -19.573 0.8000000119
19000  -27.715  -70.038  -19.668 0.1000000015
19009  -3.813  -69.996  -20.913 0.1000000015
19012  -8.321  -69.564  -20.192 0.8000000119
19014  -16.436  -69.381  -21.115 0.5000000000
19025  -16.025  -69.752  -22.182 0.5000000000
19036  -3.961  -69.380  -22.658 0.3000000119
19037  -7.510  -69.516  -22.233 0.8000000119
19038  -8.658  -69.665  -22.561 0.8000000119
19042  -16.316  -69.225  -22.900 0.5000000000
19043  -20.007  -68.968  -22.707 0.2000000030
19052  -4.287  -69.537  -23.321 0.3000000119
19053  -10.099  -69.507  -23.399 0.8999999762
19055  -16.023  -68.997  -23.817 0.5000000000
19059  -26.523  -69.635  -23.018 0.1000000015
19065  -4.469  -69.428  -24.106 0.3000000119
19066  -4.831  -69.491  -24.944 0.4000000060
19068  -15.381  -68.855  -24.701 0.5000000000
19070  -18.981  -68.840  -24.632 0.1000000015
19071  -21.802  -69.205  -23.553 0.1000000015
19073  -25.789  -69.426  -24.159 0.1000000015
19080  -5.874  -69.520  -25.915 0.5000000000
19082  -7.901  -69.340  -26.476 0.6999999881
19084  -13.926  -68.939  -25.931 0.5000000000
19086  -19.003  -68.914  -25.502 0.3000000119
19101  -24.798  -69.903  -27.605 0.1000000015
19113  -12.572  -68.840  -28.512 0.5000000000
19115  -19.857  -69.153  -28.361 0.3000000119
19117  -24.309  -69.023  -29.430 0.1000000015
19131  -12.355  -69.163  -29.450 0.5000000000
19132  -20.354  -69.206  -29.734 0.3000000119
19133  -24.007  -69.903  -29.441 0.1000000015
19145  -13.392  -69.324  -30.453 0.5000000000
19146  -14.591  -69.530  -30.321 0.6000000238
19147  -15.986  -69.788  -29.993 0.5000000000
19148  -17.275  -69.790  -30.081 0.4000000060
19151  -20.016  -69.328  -29.378 0.3000000119
19191  -38.133  -69.454  -33.451 0.1000000015
19195  -36.632  -70.089  -33.395 0.1000000015
19198  -39.732  -69.973  -33.818 0.1000000015
19748  -18.818  -68.280  9.925 0.2000000030
19765  -20.444  -67.874  9.069 0.1000000015
19779  -6.568  -69.054  7.147 0.8999999762
19781  -8.062  -68.944  7.126 0.8999999762
19795  -6.278  -68.350  6.742 0.8999999762
19800  -11.209  -68.628  6.214 0.8000000119
19811  -3.509  -68.220  4.994 0.8000000119
19812  -3.739  -68.311  5.683 0.8999999762
19813  -4.351  -68.416  6.118 0.8000000119
19817  -16.670  -69.165  4.917 0.3000000119
19818  -17.655  -68.714  5.086 0.3000000119
19819  -18.143  -68.189  5.140 0.3000000119
19827  -16.815  -68.450  4.497 0.3000000119
19833  -3.168  -67.690  2.757 0.6999999881
19834  -5.809  -67.620  2.913 0.1000000015
19838  -9.344  -68.673  3.658 0.1000000015
19840  -11.268  -69.016  2.945 0.1000000015
19855  -3.172  -68.484  1.153 0.2000000030
19856  -4.090  -68.081  0.905 0.2000000030
19894  -4.621  -68.484  -2.597 0.1000000015
19918  -3.926  -68.355  -4.798 0.3000000119
19919  -4.156  -68.871  -4.409 0.2000000030
19921  -6.915  -69.173  -3.863 0.1000000015
19923  -8.706  -68.886  -3.994 0.1000000015
19941  -4.033  -68.701  -5.646 0.3000000119
19995  -3.687  -68.335  -8.756 0.2000000030
20027  -8.972  -68.100  -11.919 1.0000000000
20030  -11.705  -68.266  -11.710 0.8999999762
20031  -12.614  -68.129  -11.744 0.8999999762
20046  -7.746  -68.164  -12.767 1.0000000000
20049  -10.327  -68.678  -12.662 1.0000000000
20053  -14.152  -68.261  -12.577 0.8000000119
20058  -7.536  -68.384  -13.466 1.0000000000
20059  -8.240  -68.671  -13.737 1.0000000000
20060  -9.618  -68.836  -13.300 1.0000000000
20061  -11.775  -69.134  -13.161 1.0000000000
20065  -15.694  -68.154  -13.653 0.6999999881
20071  -16.559  -67.989  -15.048 0.6000000238
20078  -16.512  -68.217  -15.798 0.6000000238
20083  -6.614  -68.752  -16.250 0.8999999762
20084  -16.497  -68.429  -16.621 0.5000000000
20116  -3.658  -68.024  -18.385 0.2000000030
20117  -8.475  -68.296  -18.834 0.8000000119
20118  -16.521  -68.469  -19.172 0.4000000060
20132  -8.088  -68.071  -19.470 0.8000000119
20145  -3.748  -68.949  -20.087 0.2000000030
20147  -7.056  -68.651  -20.666 0.8000000119
20158  -3.772  -69.289  -21.043 0.2000000030
20159  -7.154  -68.470  -21.355 0.8000000119
20160  -16.527  -68.588  -21.641 0.4000000060
20173  -16.398  -68.601  -22.586 0.4000000060
20185  -9.446  -67.746  -23.177 0.8999999762
20187  -15.718  -68.216  -24.217 0.4000000060
20189  -19.988  -68.471  -23.380 0.1000000015
20190  -20.596  -68.793  -22.992 0.1000000015
20191  -21.171  -68.711  -23.509 0.1000000015
20201  -4.514  -68.764  -24.560 0.5000000000
20202  -4.931  -68.453  -25.255 0.5000000000
20209  -20.180  -68.093  -24.307 0.1000000015
20212  -25.840  -68.644  -24.767 0.1000000015
20220  -6.442  -67.784  -26.102 0.5000000000
20221  -7.171  -68.557  -26.291 0.5000000000
20226  -19.756  -68.364  -25.972 0.2000000030
20229  -22.377  -67.974  -25.803 0.1000000015
20238  -7.480  -67.472  -26.246 0.5000000000
20239  -9.166  -67.664  -26.313 0.6999999881
20242  -21.033  -68.174  -27.942 0.1000000015
20255  -13.428  -67.810  -28.269 0.5000000000
20261  -24.885  -68.747  -29.373 0.1000000015
20275  -16.111  -68.719  -28.877 0.5000000000
20276  -17.418  -68.758  -29.170 0.4000000060
20279  -21.572  -68.095  -30.312 0.1000000015
20288  -13.866  -68.884  -29.847 0.5000000000
20292  -18.966  -69.308  -29.776 0.4000000060
20312  -34.792  -67.839  -32.077 0.1000000015
20316  -39.219  -68.601  -33.281 0.1000000015
20322  -39.552  -69.407  -33.693 0.1000000015
20906  -19.239  -67.796  9.713 0.3000000119
20916  -19.180  -67.282  9.282 0.2000000030
20917  -19.841  -66.972  9.254 0.3000000119
20918  -20.498  -67.059  9.043 0.3000000119
20919  -21.104  -66.751  8.466 0.3000000119
20936  -5.879  -67.652  6.438 0.8000000119
20938  -9.200  -67.372  6.035 0.8999999762
20950  -3.665  -67.541  4.988 0.8999999762
20956  -12.563  -67.149  5.658 0.6000000238
20969  -15.540  -67.432  4.940 0.5000000000
21042  -5.347  -67.638  -1.127 0.3000000119
21045  -8.563  -67.195  -1.291 0.1000000015
21046  -9.882  -67.067  -1.568 0.2000000030
21047  -10.617  -66.557  -1.803 0.1000000015
21065  -2.780  -66.888  -2.939 0.5000000000
21141  -3.672  -66.969  -7.047 0.3000000119
21179  -8.025  -66.884  -10.812 1.0000000000
21181  -9.856  -66.942  -10.659 1.0000000000
21184  -12.684  -67.353  -10.460 0.8999999762
21186  -14.662  -67.048  -10.662 0.8999999762
21202  -6.672  -67.171  -11.800 1.0000000000
21206  -10.333  -67.659  -11.181 1.0000000000
21209  -12.944  -67.692  -11.155 1.0000000000
21211  -16.129  -66.607  -12.133 0.6000000238
21220  -8.116  -67.845  -12.068 1.0000000000
21223  -16.338  -66.761  -13.006 0.6000000238
21225  -6.378  -67.642  -13.302 1.0000000000
21238  -6.416  -68.180  -15.510 1.0000000000
21255  -15.881  -66.915  -16.361 0.5000000000
21278  -6.743  -67.573  -17.233 0.8999999762
21280  -14.559  -66.733  -17.658 0.3000000119
21308  -3.849  -67.490  -19.429 0.2000000030
21310  -8.041  -66.751  -19.515 0.8999999762
21313  -16.263  -67.946  -19.723 0.4000000060
21323  -7.748  -67.857  -20.140 0.8999999762
21325  -14.758  -67.016  -20.176 0.3000000119
21327  -16.397  -68.103  -20.392 0.3000000119
21335  -13.460  -66.725  -21.902 0.2000000030
21338  -16.321  -67.902  -21.217 0.4000000060
21345  -4.179  -67.947  -22.746 0.3000000119
21348  -8.698  -66.261  -22.966 0.8000000119
21350  -14.383  -67.319  -23.342 0.3000000119
21354  -24.953  -67.793  -23.033 0.1000000015
21358  -4.283  -68.121  -23.641 0.3000000119
21363  -12.913  -66.895  -24.612 0.4000000060
21366  -16.082  -68.032  -23.257 0.4000000060
21374  -5.294  -67.683  -25.101 0.5000000000
21375  -6.211  -67.469  -25.664 0.5000000000
21378  -13.648  -67.417  -24.915 0.4000000060
21381  -20.760  -67.837  -25.033 0.1000000015
21395  -9.737  -67.261  -25.935 0.6999999881
21396  -13.795  -67.711  -25.320 0.4000000060
21397  -17.112  -67.066  -25.894 0.3000000119
21398  -21.029  -67.606  -25.921 0.1000000015
21400  -25.905  -67.422  -26.767 0.1000000015
21404  -8.357  -67.268  -26.218 0.6999999881
21405  -13.297  -67.158  -26.759 0.4000000060
21407  -14.481  -66.751  -26.868 0.4000000060
21413  -23.049  -67.064  -28.106 0.1000000015
21423  -13.436  -67.414  -27.490 0.5000000000
21425  -14.935  -67.540  -27.388 0.5000000000
21427  -17.446  -67.798  -27.805 0.4000000060
21429  -22.158  -67.679  -29.774 0.1000000015
21432  -24.445  -67.232  -29.970 0.1000000015
21445  -19.320  -67.948  -29.623 0.3000000119
21447  -21.563  -67.457  -30.218 0.1000000015
22111  -20.722  -66.466  8.614 0.3000000119
22119  -21.633  -66.353  8.044 0.3000000119
22139  -7.592  -66.247  5.976 0.8999999762
22149  -22.216  -65.633  5.736 0.1000000015
22153  -3.186  -65.976  3.997 0.8999999762
22155  -15.733  -66.598  4.832 0.5000000000
22156  -16.447  -66.356  4.246 0.5000000000
22177  -3.046  -65.736  2.307 0.5000000000
22180  -5.557  -65.826  2.802 0.1000000015
22181  -7.688  -65.828  2.729 0.1000000015
22182  -8.619  -66.287  2.663 0.1000000015
22189  -10.407  -66.378  1.883 0.1000000015
22190  -11.359  -66.485  1.851 0.1000000015
22226  -2.708  -66.399  -2.271 0.6999999881
22228  -6.959  -66.117  -2.893 1.0000000000
22240  -2.775  -66.174  -3.595 0.6999999881
22243  -7.458  -66.291  -3.400 1.0000000000
22245  -8.821  -66.178  -4.086 1.0000000000
22267  -6.103  -65.978  -3.899 0.8999999762
22268  -7.132  -66.527  -4.056 1.0000000000
22270  -9.421  -66.165  -4.512 1.0000000000
22290  -9.745  -66.348  -4.923 1.0000000000
22291  -10.405  -66.208  -5.253 0.8999999762
22292  -11.054  -65.968  -5.587 0.8000000119
22307  -5.784  -65.319  -5.741 1.0000000000
22308  -6.173  -65.861  -6.362 1.0000000000
22313  -11.541  -66.244  -6.138 0.8999999762
22331  -3.360  -65.681  -7.108 0.4000000060
22336  -11.962  -66.523  -6.808 1.0000000000
22348  -8.341  -65.762  -9.010 1.0000000000
22349  -9.068  -66.233  -8.811 1.0000000000
22353  -13.176  -66.597  -8.406 1.0000000000
22370  -14.677  -66.342  -8.938 0.8999999762
22385  -3.332  -66.990  -9.909 0.2000000030
22389  -9.365  -66.442  -10.127 1.0000000000
22396  -16.240  -65.762  -10.972 0.6000000238
22404  -6.086  -65.922  -12.036 1.0000000000
22405  -6.436  -66.332  -11.522 1.0000000000
22406  -7.182  -66.656  -11.110 1.0000000000
22407  -15.396  -66.869  -11.076 0.8999999762
22408  -16.364  -65.905  -11.762 0.6000000238
22411  -3.032  -65.809  -13.045 0.1000000015
22414  -16.401  -66.085  -12.587 0.6000000238
22418  -6.064  -67.020  -13.081 1.0000000000
22420  -11.363  -66.108  -13.886 0.4000000060
22421  -16.372  -66.372  -13.390 0.6000000238
22423  -3.091  -66.519  -14.537 0.1000000015
22424  -6.045  -66.513  -14.642 1.0000000000
22425  -6.175  -67.328  -14.044 1.0000000000
22427  -10.029  -66.555  -14.978 0.3000000119
22429  -12.178  -66.321  -14.352 0.5000000000
22432  -16.259  -66.715  -14.977 0.6000000238
22433  -16.403  -66.745  -14.251 0.6000000238
22449  -10.546  -66.958  -15.809 0.3000000119
22450  -13.553  -66.685  -15.695 0.4000000060
22453  -16.346  -67.143  -15.616 0.6000000238
22472  -10.456  -66.916  -16.247 0.3000000119
22474  -11.793  -66.979  -16.807 0.3000000119
22476  -14.969  -66.643  -16.407 0.3000000119
22491  -3.751  -65.851  -17.986 0.5000000000
22496  -12.342  -66.621  -17.517 0.2000000030
22512  -3.638  -66.696  -18.327 0.2000000030
22514  -7.879  -66.385  -18.744 0.8999999762
22516  -12.421  -66.276  -18.430 0.2000000030
22518  -13.650  -66.671  -18.982 0.2000000030
22529  -3.895  -66.804  -19.112 0.2000000030
22534  -13.814  -66.801  -19.903 0.2000000030
22549  -19.556  -66.138  -20.680 0.1000000015
22559  -5.270  -65.895  -21.509 0.4000000060
22560  -8.379  -66.270  -21.238 0.8000000119
22562  -12.639  -66.067  -21.095 0.2000000030
22563  -12.916  -66.322  -21.548 0.2000000030
22571  -4.599  -67.210  -22.532 0.3000000119
22575  -12.836  -66.105  -23.267 0.2000000030
22576  -13.361  -66.820  -22.825 0.3000000119
22596  -8.781  -66.242  -24.814 0.6999999881
22597  -12.934  -65.941  -25.132 0.4000000060
22610  -6.907  -67.159  -25.391 0.6000000238
22613  -9.125  -66.667  -25.473 0.6999999881
22614  -13.083  -66.043  -25.690 0.4000000060
22615  -13.617  -65.624  -26.045 0.4000000060
22617  -16.480  -66.317  -25.571 0.4000000060
22618  -17.491  -66.613  -25.623 0.3000000119
22620  -24.764  -65.478  -26.255 0.1000000015
22622  -25.875  -66.713  -26.918 0.1000000015
22634  -17.855  -67.038  -26.262 0.3000000119
22638  -26.126  -66.207  -28.269 0.1000000015
22642  -18.953  -66.637  -28.268 0.4000000060
22645  -21.793  -66.260  -28.995 0.1000000015
22646  -23.620  -66.061  -29.741 0.1000000015
22648  -25.721  -66.108  -29.899 0.1000000015
22649  -26.156  -65.865  -29.208 0.1000000015
22656  -20.832  -67.037  -29.899 0.1000000015
23329  -20.527  -65.889  8.436 0.3000000119
23370  -4.290  -65.430  4.984 0.8999999762
23375  -9.525  -65.103  5.441 1.0000000000
23376  -10.889  -65.767  5.250 0.8000000119
23378  -12.641  -65.916  5.084 0.8000000119
23380  -14.243  -65.783  5.381 0.6000000238
23391  -3.027  -65.233  3.625 0.8999999762
23394  -12.164  -65.141  4.850 0.8999999762
23395  -13.032  -65.257  4.672 0.6999999881
23404  -24.701  -65.792  4.138 0.1000000015
23408  -2.873  -65.030  2.849 0.6999999881
23409  -3.268  -64.657  2.904 0.6000000238
23410  -17.932  -65.612  3.524 0.5000000000
23415  -24.214  -65.218  3.691 0.1000000015
23449  -3.975  -65.440  0.395 0.5000000000
23451  -7.283  -65.502  -0.240 0.4000000060
23452  -7.956  -65.539  -0.656 0.3000000119
23456  -2.511  -64.983  -1.227 0.8000000119
23460  -10.452  -66.003  -1.144 0.3000000119
23476  -7.402  -65.513  -2.857 1.0000000000
23491  -4.960  -64.981  -2.922 0.8999999762
23492  -8.106  -65.671  -3.299 1.0000000000
23493  -8.681  -65.799  -3.833 1.0000000000
23531  -3.215  -64.857  -5.407 0.8000000119
23535  -16.771  -65.833  -5.340 0.1000000015
23550  -6.082  -65.396  -6.912 1.0000000000
23551  -11.711  -65.636  -6.049 0.8000000119
23552  -17.696  -65.526  -6.520 0.1000000015
23567  -3.254  -64.483  -7.254 0.8000000119
23572  -13.641  -65.511  -7.520 0.8000000119
23588  -7.723  -65.221  -9.225 1.0000000000
23589  -14.553  -65.952  -8.414 0.8000000119
23590  -14.939  -65.515  -8.450 0.8000000119
23591  -15.370  -65.244  -8.803 0.5000000000
23611  -15.561  -65.577  -9.291 0.6999999881
23629  -15.895  -65.522  -10.103 0.6999999881
23635  -6.548  -65.438  -11.455 1.0000000000
23639  -6.144  -65.289  -12.551 1.0000000000
23640  -10.325  -64.963  -12.874 0.3000000119
23645  -16.150  -65.136  -12.400 0.4000000060
23651  -9.765  -65.549  -13.553 0.3000000119
23654  -13.794  -65.421  -13.532 0.5000000000
23656  -15.929  -65.448  -13.198 0.4000000060
23665  -3.265  -64.978  -14.264 0.3000000119
23667  -9.376  -65.491  -14.781 0.3000000119
23668  -9.557  -66.002  -14.354 0.3000000119
23669  -13.337  -66.070  -14.286 0.5000000000
23672  -16.224  -66.011  -13.741 0.6000000238
23694  -3.328  -65.024  -15.526 0.4000000060
23695  -9.694  -65.910  -15.494 0.3000000119
23712  -10.244  -66.326  -16.135 0.3000000119
23736  -12.172  -65.928  -18.580 0.2000000030
23750  -8.818  -64.558  -19.875 0.6999999881
23765  -5.442  -65.293  -20.652 0.6999999881
23766  -6.025  -64.633  -20.908 0.6999999881
23768  -12.329  -65.379  -19.988 0.2000000030
23769  -17.610  -65.428  -19.980 0.1000000015
23770  -18.093  -65.488  -20.604 0.1000000015
23786  -8.539  -64.368  -21.629 0.8000000119
23790  -19.175  -65.687  -21.304 0.1000000015
23805  -8.051  -64.696  -22.822 0.6999999881
23806  -8.259  -64.697  -22.559 0.8000000119
23807  -12.217  -64.918  -21.891 0.2000000030
23837  -8.400  -65.884  -23.987 0.6999999881
23838  -12.841  -65.000  -25.102 0.4000000060
23839  -13.487  -64.703  -25.241 0.4000000060
23845  -23.196  -65.358  -24.629 0.1000000015
23856  -14.167  -64.907  -25.753 0.4000000060
23857  -15.284  -65.372  -25.633 0.4000000060
23859  -18.609  -65.599  -25.274 0.3000000119
23874  -19.044  -65.890  -26.307 0.2000000030
23875  -19.876  -65.388  -26.681 0.2000000030
23877  -25.788  -65.470  -28.390 0.1000000015
23885  -20.225  -65.719  -27.992 0.1000000015
23886  -21.070  -65.596  -28.234 0.1000000015
24609  -21.632  -64.717  7.655 0.2000000030
24616  -19.897  -64.706  6.369 0.4000000060
24618  -21.980  -64.282  7.165 0.2000000030
24628  -5.239  -64.262  4.739 0.8999999762
24631  -9.846  -64.297  5.380 0.8999999762
24648  -3.720  -64.094  3.922 0.6999999881
24655  -15.780  -64.312  4.727 0.6999999881
24669  -3.825  -64.092  3.354 0.6000000238
24675  -23.073  -64.767  3.735 0.1000000015
24678  -25.357  -64.223  3.769 0.1000000015
24684  -4.243  -63.921  2.984 0.6000000238
24686  -5.826  -63.210  2.601 0.3000000119
24706  -3.711  -63.948  0.796 0.8000000119
24713  -2.608  -64.020  0.004 0.8000000119
24714  -2.791  -64.516  0.202 0.8000000119
24724  -2.683  -64.216  -0.725 0.8999999762
24730  -10.241  -65.137  -1.233 0.2000000030
24732  -12.567  -64.924  -1.134 0.1000000015
24739  -6.123  -64.446  -2.227 0.8999999762
24781  -3.349  -64.608  -4.792 0.8000000119
24784  -8.690  -64.603  -4.553 0.8999999762
24785  -9.411  -65.146  -4.707 0.8999999762
24803  -10.011  -64.853  -5.303 0.8999999762
24806  -16.872  -65.139  -5.611 0.1000000015
24818  -4.173  -63.803  -6.344 0.8999999762
24819  -4.821  -63.895  -6.664 1.0000000000
24822  -12.444  -65.313  -6.530 0.8000000119
24838  -13.229  -65.043  -7.040 0.6999999881
24856  -6.465  -64.057  -8.783 1.0000000000
24857  -14.860  -64.889  -8.351 0.5000000000
24874  -3.308  -64.083  -9.289 0.8000000119
24876  -6.686  -63.750  -9.559 1.0000000000
24892  -3.164  -64.200  -10.097 0.8000000119
24895  -15.919  -64.878  -10.271 0.6000000238
24899  -6.534  -63.146  -11.246 0.8999999762
24900  -12.820  -64.174  -11.711 0.3000000119
24902  -15.352  -64.398  -10.942 0.4000000060
24907  -6.429  -64.410  -12.279 1.0000000000
24908  -9.300  -64.195  -12.804 0.2000000030
24911  -12.000  -64.328  -12.216 0.2000000030
24912  -13.169  -64.609  -11.913 0.3000000119
24915  -16.283  -64.952  -11.836 0.4000000060
24921  -9.087  -63.583  -14.258 0.2000000030
24945  -9.231  -64.661  -14.229 0.2000000030
24966  -6.367  -63.592  -15.638 0.8999999762
24968  -9.638  -64.508  -15.369 0.3000000119
24974  -3.492  -64.474  -16.071 0.4000000060
24975  -4.232  -63.879  -16.477 0.5000000000
24989  -4.564  -64.013  -17.247 0.6000000238
24991  -7.825  -64.058  -17.730 0.8000000119
24994  -11.953  -65.069  -17.610 0.2000000030
24996  -16.425  -64.517  -17.532 0.1000000015
25005  -4.954  -64.237  -18.022 0.5000000000
25007  -8.198  -63.770  -18.586 0.8000000119
25011  -16.344  -64.476  -18.400 0.1000000015
25016  -6.030  -63.828  -19.355 0.4000000060
25018  -8.447  -63.687  -19.478 0.8000000119
25030  -6.513  -63.878  -20.753 0.6999999881
25031  -8.616  -63.838  -21.029 0.6999999881
25032  -12.387  -64.661  -20.376 0.2000000030
25034  -18.120  -64.774  -21.020 0.1000000015
25045  -7.196  -63.953  -21.404 0.6999999881
25047  -12.468  -64.306  -21.080 0.2000000030
25050  -18.533  -64.299  -21.477 0.1000000015
25059  -6.724  -64.658  -21.870 0.8000000119
25062  -12.577  -64.582  -22.417 0.2000000030
25077  -13.614  -64.398  -23.646 0.2000000030
25078  -14.764  -64.325  -23.532 0.3000000119
25080  -16.911  -63.366  -23.357 0.3000000119
25097  -22.971  -63.496  -25.432 0.1000000015
25132  -22.520  -63.917  -27.167 0.1000000015
25133  -23.335  -63.980  -27.379 0.1000000015
25146  -23.967  -64.637  -28.375 0.1000000015
25865  -21.442  -63.525  6.271 0.2000000030
25879  -8.374  -63.574  5.161 0.8999999762
25884  -21.901  -63.401  5.887 0.2000000030
25895  -5.712  -62.677  3.849 0.8000000119
25903  -15.980  -63.445  4.586 0.6999999881
25919  -23.047  -63.604  3.264 0.2000000030
25923  -25.978  -63.044  3.974 0.1000000015
25934  -6.362  -62.646  2.131 0.4000000060
25935  -7.217  -63.270  1.665 0.1000000015
25936  -22.968  -63.002  2.958 0.2000000030
25939  -25.121  -63.194  3.121 0.2000000030
25951  -11.522  -63.391  1.555 0.1000000015
25970  -6.498  -63.341  -0.154 0.5000000000
25971  -7.223  -63.443  -0.594 0.5000000000
25980  -7.827  -63.995  -0.926 0.5000000000
25983  -10.318  -64.153  -1.595 0.2000000030
25991  -9.818  -63.382  -2.068 0.2000000030
25995  -13.324  -63.858  -2.658 0.1000000015
25999  -26.589  -63.732  -2.272 0.1000000015
26014  -11.142  -63.257  -2.698 0.1000000015
26015  -11.936  -63.174  -2.921 0.1000000015
26038  -7.363  -63.700  -4.438 0.8999999762
26040  -13.919  -63.341  -3.941 0.1000000015
26057  -14.827  -63.188  -5.186 0.1000000015
26065  -8.836  -63.653  -6.379 0.8000000119
26073  -3.948  -63.869  -8.382 0.8000000119
26076  -10.562  -63.561  -7.706 0.6999999881
26078  -13.217  -64.329  -7.544 0.6999999881
26093  -3.902  -63.741  -9.019 0.8999999762
26095  -5.112  -63.453  -8.496 1.0000000000
26096  -11.920  -63.289  -8.175 0.6000000238
26097  -12.896  -63.561  -8.194 0.5000000000
26139  -5.770  -62.504  -10.722 1.0000000000
26146  -13.346  -63.587  -11.410 0.4000000060
26148  -14.414  -63.480  -10.377 0.4000000060
26152  -3.898  -62.839  -12.450 0.6000000238
26153  -6.357  -62.934  -12.534 1.0000000000
26170  -3.477  -63.188  -12.935 0.6000000238
26173  -8.884  -63.322  -13.509 0.2000000030
26190  -3.579  -63.100  -13.842 0.4000000060
26192  -5.353  -62.840  -14.835 0.8999999762
26193  -5.905  -62.894  -14.246 0.8999999762
26203  -5.459  -62.994  -15.596 0.8000000119
26204  -6.005  -63.234  -15.767 0.8000000119
26205  -8.967  -62.627  -14.529 0.2000000030
26207  -9.737  -63.474  -15.367 0.3000000119
26208  -10.531  -63.497  -15.586 0.3000000119
26212  -15.129  -63.436  -15.427 0.2000000030
26215  -17.723  -63.226  -15.891 0.1000000015
26226  -4.805  -63.256  -16.067 0.6999999881
26231  -12.016  -64.243  -16.004 0.2000000030
26234  -15.593  -63.933  -16.160 0.2000000030
26255  -16.027  -64.272  -16.934 0.1000000015
26265  -6.791  -62.772  -19.098 0.6000000238
26266  -6.996  -63.115  -18.333 0.6999999881
26268  -13.523  -63.988  -19.205 0.2000000030
26285  -7.635  -62.653  -19.714 0.6999999881
26287  -8.284  -62.938  -19.973 0.6999999881
26288  -12.661  -64.059  -20.227 0.2000000030
26289  -13.203  -63.632  -19.998 0.2000000030
26290  -15.373  -63.115  -19.666 0.2000000030
26310  -8.263  -63.303  -20.750 0.6999999881
26313  -16.078  -62.862  -20.011 0.2000000030
26324  -7.987  -63.310  -21.117 0.6999999881
26325  -12.826  -63.797  -21.336 0.2000000030
26326  -13.993  -63.179  -21.550 0.2000000030
26327  -14.827  -62.814  -21.649 0.2000000030
26328  -17.709  -62.192  -21.370 0.1000000015
26329  -18.191  -61.973  -21.909 0.1000000015
26339  -13.197  -63.806  -21.913 0.2000000030
26342  -15.827  -62.442  -22.509 0.2000000030
26344  -20.021  -62.037  -22.694 0.1000000015
26357  -17.707  -61.410  -23.514 0.1000000015
26366  -18.305  -61.825  -23.852 0.1000000015
26377  -22.419  -62.769  -25.666 0.1000000015
26391  -21.255  -63.440  -26.052 0.1000000015
27131  -21.890  -62.976  5.260 0.2000000030
27151  -8.937  -62.321  4.222 1.0000000000
27152  -10.239  -62.104  4.268 1.0000000000
27154  -13.496  -63.089  4.315 0.8000000119
27159  -22.071  -62.241  4.204 0.4000000060
27176  -7.574  -61.739  3.483 1.0000000000
27180  -16.587  -62.555  3.995 0.6000000238
27182  -18.626  -62.603  3.064 0.6000000238
27200  -6.575  -61.866  1.866 0.5000000000
27214  -9.495  -62.634  0.908 0.1000000015
27231  -3.856  -62.484  0.581 0.6999999881
27259  -18.902  -61.333  -2.078 0.2000000030
27273  -20.534  -61.914  -2.743 0.2000000030
27279  -27.483  -62.702  -2.516 0.2000000030
27295  -5.141  -62.379  -3.505 0.8999999762
27297  -9.948  -62.266  -3.464 0.3000000119
27302  -21.598  -62.672  -3.615 0.2000000030
27304  -22.839  -62.930  -3.986 0.3000000119
27332  -20.610  -62.385  -4.783 0.2000000030
27336  -23.929  -62.245  -4.750 0.4000000060
27338  -29.607  -62.222  -3.785 0.2000000030
27349  -6.104  -62.074  -5.366 0.8000000119
27357  -21.797  -62.146  -5.307 0.3000000119
27361  -29.719  -62.588  -4.948 0.1000000015
27373  -8.564  -62.722  -7.536 0.6999999881
27379  -29.395  -62.149  -7.692 0.1000000015
27395  -12.587  -62.755  -8.687 0.5000000000
27416  -13.252  -62.259  -9.238 0.3000000119
27430  -4.877  -62.675  -10.945 0.8999999762
27434  -4.648  -62.602  -11.972 0.8999999762
27436  -6.180  -62.644  -11.316 0.8999999762
27437  -13.162  -62.882  -11.945 0.3000000119
27448  -6.079  -62.672  -12.096 0.8999999762
27449  -10.097  -62.933  -12.801 0.2000000030
27450  -11.127  -62.859  -12.625 0.2000000030
27463  -4.354  -62.633  -13.675 0.8999999762
27465  -5.946  -62.802  -12.906 0.8999999762
27475  -5.800  -62.814  -13.609 0.8999999762
27476  -8.648  -62.158  -14.407 0.2000000030
27478  -15.133  -62.264  -14.806 0.2000000030
27480  -16.946  -61.882  -15.089 0.2000000030
27492  -9.011  -62.185  -14.882 0.2000000030
27493  -9.433  -62.564  -15.326 0.3000000119
27497  -13.788  -62.418  -14.772 0.2000000030
27501  -17.366  -62.611  -15.424 0.1000000015
27558  -16.123  -62.192  -20.675 0.2000000030
27568  -16.234  -61.823  -21.423 0.2000000030
27581  -15.655  -62.241  -21.938 0.2000000030
27584  -18.082  -61.104  -22.573 0.1000000015
27587  -21.227  -61.872  -23.266 0.1000000015
27588  -21.726  -62.292  -23.313 0.1000000015
27599  -17.039  -61.490  -22.884 0.1000000015
27612  -19.186  -61.588  -23.818 0.1000000015
27613  -20.805  -61.724  -24.591 0.2000000030
27626  -21.585  -62.083  -25.036 0.1000000015
28383  -21.009  -62.135  5.007 0.3000000119
28398  -14.459  -61.998  4.130 0.8000000119
28400  -21.009  -61.416  4.388 0.3000000119
28413  -6.645  -61.671  2.414 0.5000000000
28414  -7.224  -61.475  2.622 0.6999999881
28421  -17.355  -61.547  3.197 0.6000000238
28423  -20.186  -60.729  3.148 0.4000000060
28456  -7.729  -61.045  1.355 0.4000000060
28457  -8.125  -61.268  0.834 0.4000000060
28458  -22.358  -61.086  1.794 0.3000000119
28472  -8.885  -61.194  0.376 0.2000000030
28475  -10.945  -61.199  -0.320 0.2000000030
28477  -13.079  -61.111  -0.258 0.1000000015
28488  -3.030  -61.452  0.217 0.8999999762
28489  -3.609  -61.203  0.461 0.8999999762
28490  -4.439  -61.184  0.501 0.6999999881
28497  -14.545  -60.971  -0.457 0.2000000030
28504  -2.776  -61.231  -0.185 1.0000000000
28530  -29.071  -61.235  -2.419 0.2000000030
28545  -9.596  -61.517  -3.713 0.2000000030
28555  -29.437  -61.656  -2.890 0.2000000030
28595  -21.360  -61.425  -5.672 0.4000000060
28597  -22.902  -61.131  -5.598 0.4000000060
28618  -7.658  -62.126  -8.819 0.6999999881
28637  -7.342  -61.629  -9.698 0.6999999881
28672  -9.316  -60.701  -10.492 0.5000000000
28673  -10.378  -60.943  -10.461 0.5000000000
28674  -11.331  -61.006  -10.452 0.5000000000
28676  -14.077  -61.535  -10.447 0.3000000119
28677  -14.433  -61.854  -10.627 0.3000000119
28681  -14.547  -61.799  -11.096 0.3000000119
28697  -8.557  -62.016  -14.085 0.2000000030
28698  -9.011  -61.731  -13.778 0.2000000030
28699  -9.807  -61.315  -13.525 0.2000000030
28702  -13.910  -61.205  -12.925 0.3000000119
28707  -16.142  -61.370  -15.217 0.2000000030
28723  -8.706  -61.860  -14.486 0.2000000030
28725  -9.502  -61.218  -15.346 0.2000000030
28726  -10.610  -61.768  -15.826 0.2000000030
28729  -14.374  -61.132  -15.356 0.2000000030
28731  -16.888  -61.114  -15.464 0.1000000015
28755  -11.127  -61.171  -16.114 0.2000000030
28800  -20.604  -61.382  -23.398 0.1000000015
28809  -20.343  -61.241  -23.571 0.1000000015
28810  -21.043  -61.358  -23.718 0.1000000015
28821  -20.040  -61.294  -24.062 0.1000000015
29594  -21.240  -61.083  3.967 0.3000000119
29610  -16.896  -60.809  3.120 0.6999999881
29613  -21.121  -60.170  3.723 0.4000000060
29624  -8.189  -60.617  1.371 0.6999999881
29634  -19.717  -60.036  2.752 0.6000000238
29664  -8.594  -60.864  0.607 0.5000000000
29665  -9.225  -60.616  0.249 0.3000000119
29666  -10.100  -59.764  -0.427 0.3000000119
29668  -22.921  -59.764  0.820 0.2000000030
29669  -24.325  -59.825  0.473 0.2000000030
29683  -10.492  -60.017  -0.817 0.4000000060
29697  -2.894  -60.403  -0.257 1.0000000000
29709  -2.972  -60.605  -1.239 0.8000000119
29714  -14.096  -60.586  -3.012 0.4000000060
29721  -23.638  -60.495  -2.956 0.6000000238
29729  -3.930  -60.539  -3.282 0.8000000119
29731  -6.608  -59.536  -2.297 0.4000000060
29734  -9.097  -60.815  -4.030 0.3000000119
29739  -21.415  -60.161  -4.341 0.4000000060
29742  -23.990  -60.208  -3.959 0.6000000238
29752  -7.602  -59.607  -3.916 0.3000000119
29757  -12.104  -60.420  -4.873 0.2000000030
29760  -21.266  -60.331  -5.338 0.4000000060
29777  -21.678  -60.780  -5.675 0.4000000060
29808  -5.596  -60.531  -8.074 0.6000000238
29816  -30.637  -60.462  -7.110 0.1000000015
29854  -6.407  -59.635  -11.185 0.6999999881
29866  -14.514  -61.073  -11.642 0.3000000119
29871  -14.112  -60.133  -12.698 0.3000000119
29877  -9.371  -60.438  -14.211 0.2000000030
29893  -9.267  -60.770  -14.708 0.2000000030
29934  -12.607  -60.265  -16.669 0.1000000015
29936  -14.639  -59.753  -17.018 0.2000000030
30724  -15.513  -59.203  2.262 0.8999999762
30730  -21.645  -59.039  2.456 0.4000000060
30760  -22.959  -58.729  0.809 0.4000000060
30790  -12.912  -59.115  -2.295 0.5000000000
30792  -22.801  -59.154  -1.714 1.0000000000
30795  -25.351  -59.077  -1.741 0.6999999881
30812  -23.269  -60.095  -2.225 1.0000000000
30816  -29.319  -59.625  -2.548 0.4000000060
30827  -16.730  -59.585  -4.283 0.3000000119
30831  -20.097  -59.561  -4.074 0.5000000000
30837  -31.208  -59.204  -2.980 0.2000000030
30844  -23.911  -59.781  -5.152 0.5000000000
30846  -27.046  -59.647  -5.251 0.4000000060
30856  -14.184  -59.527  -5.798 0.1000000015
30860  -26.190  -58.937  -5.701 0.5000000000
30888  -5.818  -59.230  -8.671 0.6000000238
30893  -11.567  -59.191  -8.135 0.6000000238
30904  -30.589  -59.802  -7.393 0.1000000015
30935  -5.865  -59.415  -10.744 0.6000000238
30936  -6.300  -59.065  -10.949 0.6000000238
30946  -8.034  -58.884  -11.099 0.6000000238
30961  -14.072  -59.515  -11.982 0.3000000119
30966  -13.797  -58.976  -12.717 0.3000000119
30967  -14.071  -59.542  -12.445 0.3000000119
30970  -9.856  -59.752  -14.090 0.2000000030
30971  -10.220  -59.241  -13.922 0.2000000030
30978  -21.887  -58.873  -13.954 0.1000000015
30994  -10.099  -59.446  -14.048 0.2000000030
30995  -18.695  -59.150  -14.863 0.1000000015
30996  -19.372  -59.388  -14.352 0.1000000015
30998  -21.143  -59.133  -14.150 0.1000000015
31011  -10.100  -59.675  -14.762 0.2000000030
31013  -11.993  -59.500  -16.150 0.2000000030
31016  -20.853  -59.171  -14.734 0.1000000015
31029  -11.896  -60.122  -16.532 0.1000000015
31033  -15.494  -59.224  -17.726 0.1000000015
31044  -16.597  -58.655  -18.289 0.1000000015
31857  -17.597  -58.727  1.858 0.8999999762
31858  -18.619  -58.806  1.863 0.6999999881
31859  -20.606  -58.647  2.375 0.8000000119
31881  -20.732  -58.367  1.868 0.6000000238
31905  -28.192  -57.973  0.944 0.1000000015
31930  -13.964  -58.800  -2.021 0.6000000238
31935  -19.392  -57.894  -2.084 0.8000000119
31936  -20.234  -57.741  -1.990 1.0000000000
31938  -22.232  -58.042  -1.536 1.0000000000
31957  -14.205  -58.735  -3.050 0.6000000238
31960  -17.243  -58.402  -2.755 0.6000000238
31963  -20.373  -58.293  -2.343 1.0000000000
31966  -26.494  -58.779  -2.312 0.6999999881
31982  -7.076  -58.519  -2.773 0.6999999881
31983  -16.598  -58.792  -3.718 0.3000000119
32003  -11.419  -57.940  -4.614 0.5000000000
32006  -24.774  -57.711  -4.556 0.6999999881
32017  -14.449  -58.706  -5.516 0.2000000030
32025  -32.040  -57.909  -4.960 0.2000000030
32035  -12.001  -59.103  -7.446 0.6000000238
32092  -13.334  -58.487  -8.205 0.3000000119
32093  -15.271  -58.185  -8.994 0.2000000030
32094  -15.665  -58.089  -8.542 0.2000000030
32104  -7.368  -58.523  -10.513 0.6000000238
32113  -7.785  -57.994  -10.739 0.6000000238
32127  -13.714  -58.691  -11.882 0.3000000119
32135  -13.577  -58.221  -12.386 0.3000000119
32137  -21.172  -58.109  -12.821 0.1000000015
32140  -23.779  -58.264  -13.019 0.1000000015
32149  -13.073  -57.881  -13.040 0.2000000030
32151  -19.669  -58.354  -13.249 0.1000000015
32153  -21.487  -58.575  -13.192 0.1000000015
32156  -23.826  -58.305  -13.704 0.1000000015
32171  -11.753  -58.227  -14.370 0.2000000030
32172  -16.474  -57.465  -14.680 0.1000000015
32195  -11.350  -58.894  -14.975 0.2000000030
32197  -13.117  -58.521  -15.573 0.1000000015
32199  -16.607  -57.760  -15.507 0.1000000015
32201  -18.986  -58.844  -15.827 0.1000000015
32204  -22.772  -57.499  -15.693 0.1000000015
32221  -14.486  -59.054  -16.909 0.1000000015
32222  -15.239  -58.802  -17.374 0.1000000015
32226  -19.472  -58.091  -16.791 0.1000000015
32243  -16.420  -58.199  -17.999 0.1000000015
32245  -17.812  -57.985  -18.511 0.1000000015
33057  -15.966  -57.659  0.878 0.8999999762
33058  -16.682  -57.681  0.730 0.8999999762
33063  -21.581  -58.135  0.793 0.5000000000
33078  -16.743  -57.474  0.309 0.8999999762
33084  -24.163  -57.616  0.110 0.3000000119
33085  -25.154  -57.676  -0.058 0.5000000000
33102  -17.403  -57.645  -0.019 0.8000000119
33107  -22.844  -57.672  -0.395 0.6999999881
33109  -24.567  -57.539  -0.070 0.3000000119
33112  -28.761  -57.217  -0.733 0.2000000030
33121  -4.100  -56.973  -1.060 0.8000000119
33122  -4.862  -57.002  -0.562 0.8000000119
33135  -32.312  -56.620  -2.083 0.6999999881
33148  -27.160  -57.148  -2.900 0.4000000060
33151  -31.651  -57.832  -1.904 0.3000000119
33165  -29.516  -57.167  -3.718 0.5000000000
33179  -11.743  -57.073  -4.077 0.4000000060
33189  -5.778  -56.925  -5.528 0.8000000119
33195  -31.819  -57.721  -5.926 0.2000000030
33205  -12.394  -58.481  -6.921 0.5000000000
33209  -17.468  -57.803  -6.327 0.2000000030
33212  -20.093  -56.704  -6.772 0.1000000015
33222  -15.357  -57.950  -7.874 0.2000000030
33255  -17.041  -57.621  -9.018 0.1000000015
33266  -15.640  -57.863  -9.467 0.3000000119
33276  -7.424  -56.736  -11.158 0.6000000238
33277  -8.617  -56.796  -11.095 0.5000000000
33279  -12.154  -56.926  -10.714 0.4000000060
33280  -16.111  -57.463  -10.041 0.3000000119
33292  -12.894  -57.480  -11.164 0.3000000119
33295  -24.131  -57.422  -11.978 0.1000000015
33297  -25.714  -57.320  -12.241 0.1000000015
33306  -13.168  -57.133  -12.480 0.3000000119
33307  -20.964  -57.511  -12.685 0.1000000015
33337  -25.237  -57.273  -13.657 0.1000000015
33352  -12.730  -57.646  -14.713 0.2000000030
33353  -14.093  -57.739  -15.494 0.1000000015
33374  -16.311  -57.828  -17.241 0.1000000015
33375  -17.135  -57.517  -17.387 0.1000000015
33378  -20.010  -57.401  -17.703 0.1000000015
33396  -18.769  -57.252  -18.068 0.1000000015
34237  -29.271  -56.569  -0.211 0.3000000119
34249  -32.054  -56.499  -1.761 0.5000000000
34291  -9.414  -56.653  -2.852 0.5000000000
34299  -25.214  -56.249  -4.383 0.5000000000
34309  -15.820  -56.738  -5.019 0.2000000030
34312  -18.341  -55.810  -5.585 0.3000000119
34314  -25.459  -56.384  -4.969 0.6000000238
34315  -26.075  -56.368  -5.434 0.6000000238
34327  -13.472  -57.208  -6.789 0.3000000119
34328  -14.236  -56.816  -6.828 0.2000000030
34330  -17.905  -56.811  -5.962 0.2000000030
34334  -21.194  -55.803  -6.507 0.1000000015
34339  -30.264  -56.771  -7.444 0.1000000015
34350  -16.455  -56.797  -7.695 0.1000000015
34375  -13.686  -56.367  -9.015 0.3000000119
34399  -7.633  -55.945  -11.068 0.5000000000
34442  -12.111  -56.988  -13.992 0.2000000030
34443  -12.654  -56.686  -13.363 0.2000000030
34460  -12.878  -56.596  -14.083 0.2000000030
35358  -32.862  -55.060  -1.916 0.6000000238
35367  -6.343  -55.845  -2.274 0.8999999762
35370  -12.065  -55.996  -0.814 0.6000000238
35394  -15.215  -54.585  -3.112 0.5000000000
35395  -26.295  -54.988  -4.414 0.5000000000
35407  -13.766  -55.769  -3.557 0.5000000000
35433  -22.312  -54.939  -6.101 0.1000000015
35434  -31.960  -55.995  -6.295 0.2000000030
35448  -15.594  -55.959  -6.954 0.1000000015
35450  -21.027  -55.237  -5.792 0.1000000015
35460  -31.182  -55.790  -6.783 0.2000000030
35488  -8.616  -54.094  -9.287 0.4000000060
35489  -9.041  -54.267  -8.747 0.4000000060
35491  -11.823  -55.095  -8.477 0.4000000060
35503  -8.297  -54.658  -10.022 0.4000000060
35512  -8.411  -55.026  -10.286 0.4000000060
35513  -9.176  -54.233  -10.075 0.4000000060
35515  -11.448  -54.221  -10.478 0.4000000060
35517  -15.952  -55.747  -10.648 0.2000000030
35558  -13.160  -55.614  -13.032 0.3000000119
36436  -32.061  -53.578  -0.833 0.8000000119
36440  -12.138  -54.722  -0.860 0.6999999881
36458  -14.427  -54.511  -1.578 0.6000000238
36471  -6.370  -54.682  -3.995 0.8999999762
36477  -15.754  -54.502  -2.369 0.5000000000
36479  -27.714  -53.805  -4.460 0.6999999881
36483  -33.355  -54.353  -3.217 0.5000000000
36496  -19.108  -54.676  -3.937 0.5000000000
36498  -20.391  -54.678  -4.332 0.5000000000
36505  -7.683  -53.060  -5.882 0.8999999762
36506  -9.227  -52.862  -6.417 0.8000000119
36512  -20.371  -54.938  -4.316 0.4000000060
36516  -23.987  -53.956  -5.770 0.3000000119
36526  -14.896  -53.886  -5.726 0.3000000119
36556  -9.900  -53.839  -8.597 0.4000000060
36571  -9.139  -53.623  -9.331 0.4000000060
36584  -10.554  -53.481  -9.893 0.4000000060
36625  -13.818  -54.042  -12.532 0.3000000119
37532  -14.279  -54.045  -1.230 0.6000000238
37547  -15.491  -54.066  -2.014 0.6000000238
37558  -7.367  -53.342  -4.485 0.8999999762
37566  -29.185  -52.699  -4.007 0.6000000238
37577  -18.962  -54.354  -3.974 0.5000000000
37580  -33.111  -53.010  -4.466 0.5000000000
37583  -7.389  -52.935  -5.213 0.8999999762
37584  -8.197  -52.583  -5.727 0.8000000119
37595  -23.577  -53.620  -5.815 0.3000000119
37597  -24.999  -53.164  -5.987 0.2000000030
37613  -29.764  -53.181  -6.436 0.2000000030
37614  -30.479  -53.596  -6.426 0.3000000119
37639  -9.901  -53.189  -9.162 0.4000000060
37641  -11.171  -52.962  -8.860 0.4000000060
37642  -11.899  -53.352  -8.585 0.4000000060
37661  -11.277  -52.681  -9.568 0.4000000060
37662  -11.205  -52.639  -9.276 0.4000000060
37680  -10.026  -53.271  -9.484 0.4000000060
37682  -12.190  -53.000  -10.370 0.4000000060
37705  -13.472  -52.203  -11.191 0.2000000030
37719  -13.595  -53.245  -11.942 0.3000000119
37727  -14.912  -53.570  -13.151 0.2000000030
37744  -19.369  -52.741  -15.247 0.1000000015
38703  -13.720  -52.035  -1.916 0.8000000119
38707  -29.038  -52.207  -3.512 0.6000000238
38726  -9.775  -51.592  -4.678 0.8000000119
38733  -33.228  -52.699  -5.592 0.5000000000
38753  -32.947  -52.457  -5.324 0.4000000060
38776  -16.118  -52.191  -7.254 0.2000000030
38820  -12.027  -52.571  -9.833 0.4000000060
38823  -14.149  -51.223  -10.362 0.3000000119
38841  -15.092  -51.157  -10.706 0.3000000119
38855  -15.124  -51.129  -12.582 0.2000000030
38865  -16.352  -51.918  -13.899 0.2000000030
38878  -19.088  -51.867  -15.433 0.1000000015
39825  -27.990  -51.380  3.598 0.3000000119
39843  -28.836  -51.944  0.840 0.6000000238
39881  -29.130  -51.080  -1.680 0.6999999881
39904  -11.752  -51.114  -2.926 0.5000000000
39909  -33.264  -51.487  -2.933 0.5000000000
39918  -15.224  -51.426  -2.720 0.6000000238
39936  -19.045  -51.455  -5.453 0.5000000000
39943  -28.649  -51.453  -6.026 0.4000000060
39945  -30.493  -51.400  -5.631 0.6000000238
39946  -31.596  -51.729  -5.273 0.5000000000
40018  -13.879  -50.512  -10.858 0.3000000119
40033  -13.977  -50.242  -11.111 0.2000000030
40034  -15.227  -50.196  -11.314 0.3000000119
40045  -14.802  -50.017  -12.007 0.2000000030
40046  -15.906  -49.634  -11.976 0.2000000030
40067  -17.879  -50.937  -15.094 0.1000000015
41098  -21.323  -50.548  -0.080 0.2000000030
41101  -24.827  -50.438  -0.312 0.5000000000
41109  -32.943  -50.757  0.270 0.8999999762
41169  -16.322  -50.710  -4.154 0.5000000000
41230  -14.097  -49.706  -6.832 0.3000000119
41290  -14.490  -49.734  -11.386 0.2000000030
41291  -14.635  -49.572  -11.527 0.3000000119
41299  -15.541  -49.786  -12.377 0.1000000015
41320  -18.300  -49.300  -14.627 0.1000000015
42291  -20.614  -50.654  1.117 0.1000000015
42353  -32.892  -49.530  -0.697 0.6999999881
42378  -32.609  -50.170  -3.437 0.6000000238
42397  -30.019  -48.915  -4.669 0.6999999881
42421  -22.265  -49.801  -5.558 0.6999999881
42426  -27.682  -49.664  -5.472 0.8000000119
42427  -28.753  -49.613  -5.302 0.6999999881
42525  -18.369  -47.559  -14.009 0.1000000015
42533  -19.346  -47.590  -13.930 0.1000000015
42544  -17.636  -48.415  -14.078 0.1000000015
42547  -21.152  -48.529  -14.869 0.1000000015
43387  -23.609  -48.493  3.366 0.1000000015
43399  -24.954  -48.986  2.736 0.3000000119
43440  -32.058  -48.546  1.328 0.8000000119
43475  -31.911  -48.853  -2.715 0.8000000119
43476  -32.308  -48.813  -1.901 0.8000000119
43528  -20.381  -48.610  -6.333 0.5000000000
44495  -30.407  -47.956  1.326 0.8000000119
44511  -30.555  -47.611  0.877 0.8000000119
44528  -30.828  -47.443  0.106 0.8000000119
44549  -31.090  -47.177  -1.692 0.8000000119
44591  -12.436  -46.686  -6.141 0.3000000119
44596  -20.425  -47.804  -6.385 0.4000000060
45626  -22.102  -46.394  -5.606 0.5000000000
45629  -25.825  -46.677  -5.161 0.6000000238
46770  -13.218  -45.251  -6.204 0.3000000119
47832  -18.368  -44.535  -7.133 0.5000000000
48837  -14.961  -42.661  -6.433 0.3000000119
48854  -14.848  -42.509  -6.614 0.3000000119
49855  -14.880  -42.146  -6.598 0.3000000119
51974  -24.004  -39.947  -7.771 0.2000000030
129894  -24.527  -87.436  -22.678 0.6999999881
129895  -25.850  -85.831  -25.369 0.5000000000
129896  -24.520  -85.108  -22.315 0.6000000238
129899  -24.687  -86.246  -25.213 0.5000000000
129907  -21.156  -86.545  -28.405 0.1000000015
129913  -20.920  -86.152  -26.318 0.1000000015
129916  -20.902  -82.840  -25.596 0.3000000119
129919  -21.820  -83.850  -33.453 0.6000000238
129920  -21.181  -83.229  -25.457 0.3000000119
129921  -18.726  -80.085  -29.562 0.4000000060
129925  -17.461  -81.222  -30.102 0.1000000015
129927  -18.264  -79.956  -30.097 0.4000000060
130179  -18.228  -85.063  -21.049 0.4000000060
130180  -18.468  -85.730  -20.558 0.3000000119
130181  -19.090  -84.322  -21.964 0.4000000060
130182  -19.624  -85.029  -19.652 0.4000000060
130185  -19.873  -83.591  -22.083 0.4000000060
130193  -22.274  -85.272  -30.805 0.5000000000
130226  -18.651  -80.859  -25.626 0.3000000119
130269  -18.255  -80.564  -28.864 0.4000000060
130281  -21.554  -84.628  -32.079 0.6000000238
130289  -26.206  -88.616  -19.423 0.6000000238
130290  -20.559  -83.151  -33.226 0.6000000238
130318  -17.753  -80.953  -29.484 0.2000000030
130344  -21.555  -80.231  -31.557 0.6000000238
130377  -22.388  -84.402  -32.812 0.6999999881
130390  -25.441  -85.396  -20.916 0.6000000238
130399  -19.781  -89.369  -23.938 0.4000000060
130419  -25.193  -86.243  -26.453 0.6000000238
130627  -25.532  -87.063  -26.458 0.4000000060
130649  -6.393  -84.603  6.917 0.3000000119
130662  -10.353  -77.216  -2.044 1.0000000000
130723  -13.857  -66.671  -18.168 0.3000000119
130759  -34.206  -79.609  -29.951 0.2000000030
130809  -15.411  -67.273  -11.927 0.8000000119
131058  -29.247  -70.640  -19.809 0.1000000015
131084  -9.147  -93.577  -14.750 0.6999999881
131106  -11.151  -84.576  -14.761 1.0000000000
131302  -9.792  -69.769  -16.235 0.8999999762
131304  -10.822  -69.786  -16.318 0.8000000119
131418  -7.035  -85.060  -17.155 0.8000000119
131487  -8.792  -69.668  -16.272 0.8999999762
131602  -9.760  -72.596  -22.112 0.8000000119
131686  -6.287  -66.179  -16.070 1.0000000000
131699  -10.985  -77.719  6.258 0.5000000000
131705  -14.756  -63.336  -19.432 0.2000000030
131714  -33.578  -52.190  -1.030 0.6000000238
131831  -6.126  -64.911  -21.938 0.8000000119
131838  -6.487  -64.406  -15.492 0.8999999762
131892  -5.327  -83.984  -10.285 0.8999999762
131901  -24.362  -86.287  -21.590 0.6999999881
132016  -21.119  -74.843  -34.683 0.8999999762
132108  -3.503  -69.254  -19.107 0.1000000015
132218  -12.910  -68.196  6.420 0.6999999881
132337  -25.931  -89.688  -22.135 0.6999999881
132367  -11.532  -67.341  1.834 0.1000000015
132406  -16.444  -69.316  -18.254 0.4000000060
132507  -11.250  -93.870  -11.094 0.3000000119
132629  -4.560  -82.482  -13.870 0.1000000015
132662  -20.792  -54.907  -4.470 0.3000000119
132678  -25.211  -57.747  -3.735 0.6000000238
132704  -16.255  -73.767  11.368 0.1000000015
132763  -27.292  -78.992  -27.828 0.4000000060
132819  -17.439  -78.091  -23.837 0.8999999762
132824  -36.105  -72.306  -33.351 0.1000000015
132827  -2.786  -68.434  -11.570 0.2000000030
132937  -11.732  -84.837  -14.343 0.8999999762
132990  -17.264  -62.382  -20.817 0.1000000015
133000  -14.570  -69.362  -25.237 0.5000000000
133071  -12.335  -79.116  -30.865 0.6999999881
133150  -15.017  -93.889  -19.538 0.8000000119
133156  -22.772  -58.740  -13.964 0.1000000015
133157  -11.552  -82.683  -7.833 0.8000000119
133170  -32.268  -86.346  -23.637 0.1000000015
133201  -12.980  -94.299  -13.846 0.5000000000
133214  -3.204  -64.336  -11.010 0.3000000119
133258  -37.273  -72.515  -32.421 0.1000000015
133295  -11.408  -91.907  5.859 0.3000000119
133456  -7.677  -79.690  4.275 0.5000000000
133556  -30.476  -52.473  -2.307 0.6999999881
133676  -6.282  -84.524  -17.866 0.5000000000
133696  -7.150  -83.430  12.081 0.2000000030
133743  -10.573  -52.439  -5.459 0.3000000119
133821  -13.461  -89.094  2.388 0.1000000015
133853  -15.155  -77.307  -21.854 0.6000000238
133862  -22.715  -60.302  -5.205 0.4000000060
134030  -10.379  -88.774  6.291 0.2000000030
134032  -16.491  -69.639  -19.463 0.6000000238
134074  -3.991  -68.117  -6.077 0.3000000119
134075  -27.284  -86.110  -22.984 0.6000000238
134079  -9.444  -91.598  -6.443 0.5000000000
134170  -24.781  -48.980  -5.366 0.6999999881
134171  -23.938  -48.808  -5.288 0.6000000238
134176  -11.314  -83.058  -0.393 0.6000000238
134207  -9.388  -62.726  -2.581 0.1000000015
134215  -10.611  -80.596  1.950 0.6000000238
134295  -3.200  -64.717  -11.860 0.5000000000
134317  -10.165  -69.283  -18.793 0.8000000119
134355  -13.269  -85.505  -7.006 0.6999999881
134439  -33.661  -73.009  -29.750 0.1000000015
134447  -12.163  -81.346  -32.280 0.6999999881
134542  -14.473  -84.146  -7.063 0.6999999881
134609  -5.863  -65.845  5.699 0.8999999762
134623  -9.514  -76.937  -8.495 0.6999999881
134713  -16.100  -94.129  -4.994 0.3000000119
134749  -8.081  -65.526  -18.658 0.8999999762
134828  -32.048  -78.941  -35.306 0.2000000030
134852  -8.352  -87.191  0.877 0.4000000060
134875  -21.217  -70.225  5.371 0.1000000015
134909  -13.411  -60.943  -10.788 0.3000000119
135022  -6.318  -84.294  7.705 0.3000000119
135065  -10.590  -69.400  -13.973 0.8999999762
135097  -5.412  -76.757  -5.752 0.3000000119
135119  -13.068  -93.573  -8.984 0.3000000119
135160  -24.155  -79.602  -17.270 0.1000000015
135212  -31.913  -50.636  -4.479 0.6999999881
135274  -8.650  -89.221  -2.285 0.6000000238
135306  -8.358  -87.781  -8.645 0.5000000000
135320  -24.074  -88.367  -9.748 0.1000000015
135366  -6.499  -88.265  -18.253 0.8000000119
135373  -10.793  -74.978  -2.089 1.0000000000
135455  -4.970  -78.872  -0.576 0.6999999881
135484  -20.474  -81.736  -12.173 0.1000000015
135489  -11.592  -82.496  9.966 0.1000000015
135605  -9.075  -78.497  -5.733 1.0000000000
135679  -10.484  -73.924  -29.443 0.8999999762
135789  -4.131  -67.889  -6.849 0.3000000119
135791  -27.329  -85.530  -17.578 0.1000000015
135808  -18.097  -76.679  -26.797 0.8999999762
135812  -13.095  -82.586  -6.868 0.8000000119
135829  -16.890  -93.698  -3.894 0.3000000119
135852  -10.481  -77.506  -5.907 1.0000000000
135969  -5.250  -77.454  4.287 0.6000000238
135980  -7.966  -69.603  -16.249 0.8999999762
135992  -12.714  -92.766  3.469 0.4000000060
136035  -16.511  -67.321  -14.962 0.6000000238
136058  -6.222  -85.327  5.735 0.3000000119
136085  -11.359  -93.629  -5.731 0.3000000119
136091  -13.188  -82.139  -4.443 0.6000000238
136202  -10.177  -73.310  -27.718 1.0000000000
136259  -10.417  -66.679  -6.223 1.0000000000
136307  -5.359  -84.650  -13.091 0.6000000238
136308  -13.192  -89.381  3.188 0.1000000015
136353  -13.826  -72.354  -27.463 0.6999999881
136365  -20.649  -65.310  -27.259 0.1000000015
136372  -16.578  -49.506  -12.909 0.1000000015
136411  -29.834  -88.094  -22.536 0.6000000238
136432  -4.372  -65.148  2.373 0.3000000119
136480  -10.056  -81.903  -3.347 0.8000000119
136825  -19.565  -51.268  -15.535 0.1000000015
136844  -15.171  -66.652  -10.324 0.8999999762
136894  -5.396  -84.010  2.509 0.4000000060
136900  -20.052  -75.935  -26.179 0.6999999881
136907  -19.438  -74.986  -30.316 0.6999999881
137050  -13.937  -73.400  -26.027 0.6000000238
137201  -13.031  -73.516  -28.706 0.6999999881
137217  -6.957  -85.646  8.745 0.1000000015
137259  -12.790  -66.478  -18.989 0.2000000030
137269  -13.515  -78.811  -33.859 0.8000000119
137295  -18.896  -72.950  -32.602 0.8000000119
137329  -5.836  -74.632  -25.535 0.1000000015
137367  -16.496  -78.829  -25.830 0.8999999762
137452  -33.151  -75.622  -28.488 0.1000000015
137460  -11.443  -80.875  -28.272 0.8999999762
137474  -18.536  -65.961  3.666 0.5000000000
137552  -15.727  -91.653  -6.060 0.1000000015
137562  -23.481  -86.775  -13.907 0.4000000060
137627  -28.295  -50.785  3.381 0.3000000119
137642  -8.996  -75.293  -7.360 0.8000000119
137671  -9.703  -85.470  -10.127 0.8000000119
137701  -25.889  -77.922  -35.982 0.4000000060
137747  -10.338  -62.795  4.733 1.0000000000
137781  -7.436  -82.932  -3.384 0.8999999762
137805  -20.623  -81.104  -34.618 0.6999999881
137816  -23.162  -71.086  -29.156 0.1000000015
137887  -16.056  -66.342  -11.327 0.8999999762
137896  -13.223  -85.423  -5.655 0.6999999881
137922  -13.559  -70.941  -30.019 0.6000000238
137926  -27.396  -80.258  -33.916 0.2000000030
137985  -6.615  -84.949  -5.861 0.8999999762
138028  -6.133  -67.343  -25.103 0.6000000238
138078  -26.590  -84.820  -30.955 0.4000000060
138154  -10.862  -71.042  4.041 0.1000000015
138198  -9.621  -72.338  -25.348 0.8000000119
138377  -4.724  -66.916  5.810 0.8000000119
138399  -7.833  -74.099  5.586 0.8999999762
138427  -10.739  -91.504  5.890 0.3000000119
138435  -3.315  -73.399  -3.306 0.2000000030
138558  -7.934  -66.614  -4.611 1.0000000000
138573  -6.818  -81.053  -1.878 0.8000000119
138584  -29.707  -62.974  -5.945 0.1000000015
138605  -8.964  -84.219  -15.243 0.8999999762
138685  -14.499  -94.580  -3.899 0.3000000119
138741  -9.058  -68.729  -18.966 0.8999999762
138801  -26.487  -81.989  -19.427 0.1000000015
138895  -4.518  -83.576  -14.140 0.3000000119
138930  -4.150  -70.525  -1.806 0.3000000119
138950  -8.020  -89.629  -12.555 0.6000000238
138995  -12.300  -94.910  -13.744 0.5000000000
139004  -14.178  -91.819  -9.362 0.3000000119
139050  -15.002  -92.571  -13.180 0.2000000030
139162  -8.545  -77.369  0.773 0.6999999881
139168  -7.288  -77.382  1.072 0.6999999881
139197  -18.872  -70.328  -29.647 0.4000000060
139225  -6.758  -73.052  5.642 1.0000000000
139374  -21.996  -83.068  -8.855 0.1000000015
139408  -26.138  -85.884  -25.382 0.5000000000
139416  -14.964  -58.055  0.264 0.8000000119
139463  -15.215  -88.078  0.502 0.1000000015
139498  -12.165  -77.862  -30.046 0.8999999762
139516  -3.365  -75.696  -4.711 0.2000000030
139550  -31.524  -81.853  -30.631 0.2000000030
139562  -14.943  -72.970  -30.999 0.6999999881
139583  -6.637  -65.633  -2.661 0.8999999762
139608  -10.942  -82.521  -9.100 0.8999999762
139615  -13.365  -82.201  4.976 0.2000000030
139625  -11.631  -95.032  -14.858 0.6000000238
139631  -9.221  -75.768  -6.081 0.8999999762
139652  -34.178  -81.927  -26.457 0.2000000030
139658  -12.793  -81.891  -29.122 0.8000000119
139662  -33.635  -73.915  -32.150 0.1000000015
139671  -31.169  -85.058  -25.480 0.2000000030
139751  -19.069  -70.177  -29.012 0.3000000119
139756  -12.143  -93.795  -3.321 0.3000000119
139787  -23.490  -92.279  -21.434 0.6999999881
139810  -8.187  -68.463  -13.153 1.0000000000
139821  -10.327  -88.712  -5.414 0.5000000000
139862  -13.717  -63.802  -15.679 0.2000000030
139880  -4.846  -75.140  -1.701 0.4000000060
139894  -9.500  -80.519  9.209 0.4000000060
139917  -12.387  -81.152  -2.114 0.6000000238
139949  -12.099  -73.450  -23.716 0.6999999881
139993  -13.213  -72.032  -28.399 0.6999999881
140115  -21.731  -84.943  -9.279 0.1000000015
140125  -7.181  -54.939  -5.897 0.8000000119
140204  -10.616  -64.958  -16.274 0.2000000030
140276  -14.035  -63.461  -19.706 0.2000000030
140381  -13.609  -83.908  -9.607 0.8000000119
140430  -12.856  -75.947  4.051 0.8000000119
140443  -29.960  -89.587  -19.107 0.5000000000
140465  -7.316  -63.605  -17.535 0.8000000119
140510  -29.867  -80.454  -35.099 0.2000000030
140556  -12.811  -93.178  -9.939 0.3000000119
140597  -14.834  -84.092  10.829 0.1000000015
140719  -24.874  -78.384  -26.508 0.5000000000
140739  -15.040  -93.035  -20.942 0.8000000119
140761  -11.058  -58.849  -4.898 0.3000000119
140808  -10.743  -86.470  -17.059 0.8999999762
140864  -23.708  -92.417  -19.171 0.5000000000
140936  -3.355  -65.527  -14.768 0.1000000015
140974  -15.391  -94.751  -1.819 0.3000000119
140992  -31.655  -85.233  -21.900 0.1000000015
141018  -29.447  -77.687  -36.671 0.3000000119
141093  -5.257  -63.010  2.962 0.6000000238
141116  -10.223  -82.858  -4.228 0.8000000119
141166  -13.751  -69.702  -26.387 0.5000000000
141223  -5.856  -82.005  -4.924 1.0000000000
141259  -32.558  -86.044  -23.610 0.1000000015
141274  -10.431  -79.604  9.597 0.3000000119
141312  -15.355  -94.056  -18.218 0.6999999881
141370  -10.255  -74.668  1.678 1.0000000000
141390  -7.186  -77.713  13.568 0.2000000030
141409  -21.820  -78.395  -36.415 0.6999999881
141509  -5.279  -83.601  -4.673 1.0000000000
141544  -6.667  -84.631  -0.376 0.5000000000
141608  -8.086  -87.839  -2.272 0.6000000238
141609  -23.579  -76.771  -23.292 0.6000000238
141653  -32.770  -80.877  -30.927 0.2000000030
141660  -30.055  -77.397  -26.403 0.2000000030
141885  -15.524  -74.654  -25.677 0.5000000000
141982  -4.268  -72.429  -7.024 0.1000000015
142005  -24.960  -58.125  -0.856 0.6000000238
142053  -15.114  -71.112  -30.680 0.6000000238
142088  -6.514  -63.439  -12.024 1.0000000000
142292  -16.773  -89.181  -16.500 0.2000000030
142339  -4.703  -83.672  -9.317 0.6999999881
142425  -12.372  -56.990  -14.205 0.2000000030
142440  -8.060  -92.910  -16.151 0.6999999881
142451  -10.457  -56.729  -6.380 0.6000000238
142457  -24.404  -87.271  -16.001 0.4000000060
142525  -19.487  -69.668  -29.568 0.3000000119
142573  -13.874  -66.342  5.587 0.6000000238
142621  -37.064  -73.373  -31.383 0.1000000015
142623  -33.104  -75.871  -33.150 0.2000000030
142639  -29.086  -79.892  -22.773 0.1000000015
142650  -20.703  -76.333  -25.831 0.6000000238
142674  -23.797  -86.613  -14.680 0.3000000119
142735  -25.362  -67.490  -24.530 0.1000000015
142753  -19.339  -73.541  -34.262 0.8999999762
142779  -22.545  -62.476  -3.270 0.3000000119
142794  -35.245  -68.838  -32.600 0.1000000015
142810  -9.706  -63.049  4.974 1.0000000000
142826  -9.873  -75.230  -30.391 0.6000000238
142876  -14.921  -57.999  -5.225 0.3000000119
142935  -27.843  -86.093  -17.446 0.1000000015
143058  -23.090  -53.203  -5.950 0.3000000119
143130  -17.838  -85.390  -11.012 0.1000000015
143216  -7.230  -73.681  11.353 0.3000000119
143218  -18.950  -75.411  -28.509 0.8000000119
143317  -20.895  -76.991  -27.914 0.6000000238
143326  -14.491  -79.278  -36.362 0.5000000000
143352  -24.158  -85.902  -9.546 0.1000000015
143397  -25.014  -92.113  -21.085 0.6000000238
143420  -18.377  -92.372  -19.355 0.6000000238
143471  -15.368  -63.614  4.790 0.8000000119
143529  -9.610  -63.631  -12.653 0.2000000030
143623  -18.473  -69.638  -25.984 0.4000000060
143724  -13.403  -59.913  -16.777 0.1000000015
143745  -18.998  -73.909  -31.142 0.6999999881
143753  -6.876  -83.080  -11.104 0.8999999762
143883  -11.347  -81.837  6.354 0.2000000030
143893  -8.607  -93.139  -13.182 0.5000000000
143958  -10.958  -64.734  -1.365 0.2000000030
144141  -27.383  -82.777  -28.304 0.2000000030
144177  -25.871  -75.161  -23.904 0.3000000119
144238  -23.971  -75.429  -21.912 0.3000000119
144264  -8.456  -71.349  -22.226 0.8000000119
144283  -17.743  -85.987  -13.842 0.3000000119
144334  -10.428  -76.371  -3.954 1.0000000000
144435  -34.040  -80.859  -28.594 0.2000000030
144448  -7.484  -92.848  -19.189 0.8000000119
144468  -11.215  -91.869  1.589 0.4000000060
144476  -4.456  -63.280  -9.329 0.8999999762
144480  -25.000  -77.924  -24.869 0.6000000238
144513  -3.819  -76.785  -4.629 0.2000000030
144525  -11.918  -92.440  -14.128 0.4000000060
144534  -20.051  -61.221  -23.154 0.1000000015
144542  -9.767  -58.917  -8.351 0.6000000238
144600  -17.624  -77.420  -35.278 0.6999999881
144612  -12.344  -93.341  -10.751 0.3000000119
144621  -32.610  -74.140  -28.194 0.1000000015
144634  -14.999  -80.625  6.456 0.1000000015
144663  -25.264  -78.345  -29.766 0.4000000060
144686  -29.430  -78.337  -23.285 0.1000000015
144704  -34.519  -73.002  -33.023 0.1000000015
144744  -12.063  -70.109  8.043 0.4000000060
144797  -21.488  -62.489  -1.294 0.1000000015
144832  -13.354  -82.573  -6.087 0.8000000119
144843  -9.401  -59.974  0.097 0.4000000060
144861  -34.988  -76.928  -31.917 0.2000000030
144862  -3.337  -63.998  -11.733 0.6000000238
144883  -9.631  -70.653  7.249 0.5000000000
144903  -10.139  -77.339  -1.451 1.0000000000
144917  -20.394  -83.056  -12.279 0.1000000015
145055  -6.729  -65.652  -16.798 1.0000000000
145163  -12.874  -59.524  -13.478 0.2000000030
145204  -28.407  -61.490  -2.562 0.2000000030
145226  -9.980  -70.101  -20.386 0.8000000119
145251  -25.096  -85.812  -16.754 0.2000000030
145283  -12.357  -66.661  -8.882 1.0000000000
145413  -5.828  -89.239  -19.024 0.8000000119
145430  -7.817  -86.742  10.878 0.1000000015
145468  -7.831  -55.293  -6.361 0.8000000119
145600  -8.694  -87.125  -3.500 0.6000000238
145601  -9.231  -60.957  -13.898 0.2000000030
145620  -5.926  -88.651  -14.927 0.8000000119
145638  -8.325  -86.443  -23.499 0.6999999881
145646  -26.483  -88.689  -16.618 0.4000000060
145701  -12.432  -88.398  -4.075 0.5000000000
145729  -20.024  -90.510  -16.027 0.2000000030
145737  -25.742  -76.872  -36.467 0.5000000000
145753  -35.234  -72.998  -33.238 0.1000000015
145795  -10.590  -66.561  -9.168 1.0000000000
145867  -14.900  -76.309  -33.596 0.8999999762
145937  -15.355  -70.219  -18.194 0.6000000238
145946  -12.726  -65.740  -13.644 0.4000000060
145955  -27.455  -80.587  -35.083 0.2000000030
146030  -23.191  -55.261  -6.535 0.1000000015
146047  -19.080  -92.336  -20.816 0.8000000119
146070  -10.047  -85.496  -11.157 0.8000000119
146087  -4.517  -78.420  -9.829 0.5000000000
146091  -11.742  -82.316  9.179 0.1000000015
146100  -11.585  -79.580  -24.154 0.8999999762
146118  -12.102  -91.806  -11.262 0.4000000060
146153  -7.489  -74.801  -28.609 0.6000000238
146244  -18.222  -89.327  -1.181 0.1000000015
146258  -14.471  -70.296  -18.211 0.6000000238
146448  -9.292  -71.637  -2.476 0.1000000015
146465  -30.069  -89.946  -18.261 0.5000000000
146476  -7.103  -74.225  -1.555 0.8000000119
146554  -12.765  -82.922  -2.020 0.6000000238
146594  -11.567  -88.413  -5.316 0.5000000000
146608  -11.176  -83.965  3.461 0.2000000030
146645  -28.427  -89.409  -16.884 0.4000000060
146666  -8.827  -73.798  11.726 0.3000000119
146682  -3.151  -64.449  -8.812 0.6999999881
146793  -10.143  -68.837  3.545 0.1000000015
146794  -18.433  -76.577  -24.283 0.6000000238
146873  -17.390  -93.695  -12.208 0.2000000030
146893  -27.214  -88.257  -16.710 0.4000000060
146910  -13.684  -72.265  13.512 0.1000000015
146958  -7.256  -64.766  -2.922 1.0000000000
146966  -6.857  -87.545  -12.599 0.6999999881
147061  -9.629  -76.642  -23.887 0.8999999762
147082  -9.850  -74.685  2.897 1.0000000000
147103  -11.924  -89.612  9.175 0.1000000015
147115  -22.984  -75.205  -27.260 0.1000000015
147124  -7.757  -93.102  -20.592 0.8999999762
147162  -18.503  -76.919  -21.680 0.5000000000
147175  -31.644  -76.911  -27.170 0.2000000030
147176  -28.465  -87.683  -23.828 0.6000000238
147186  -20.109  -69.542  -22.272 0.2000000030
147286  -32.098  -78.303  -34.978 0.1000000015
147313  -11.647  -66.792  -9.442 1.0000000000
147323  -13.221  -62.366  4.032 0.8999999762
147347  -25.405  -91.495  -17.460 0.6999999881
147354  -15.407  -93.679  -17.150 0.6999999881
147392  -24.557  -79.093  -37.189 0.4000000060
147426  -11.093  -75.086  1.822 1.0000000000
147466  -14.286  -63.146  4.545 0.8000000119
147561  -15.923  -65.189  -24.547 0.4000000060
147565  -15.099  -60.299  3.197 0.8000000119
147581  -6.865  -78.779  -8.756 0.6000000238
147583  -10.059  -68.089  -26.210 0.8000000119
147608  -21.046  -81.055  -35.424 0.6000000238
147628  -20.431  -82.498  -33.823 0.6000000238
147649  -4.813  -84.025  -9.912 0.6999999881
147675  -16.418  -91.773  -24.029 0.6999999881
147677  -4.605  -68.462  -6.596 0.2000000030
147713  -14.780  -59.467  2.458 0.8000000119
147761  -19.686  -77.991  -31.949 0.4000000060
147785  -35.005  -78.170  -31.310 0.2000000030
147812  -8.772  -89.474  -22.846 0.6999999881
147820  -16.714  -62.653  -20.452 0.2000000030
147894  -18.041  -92.555  -21.493 0.8000000119
147897  -13.301  -80.693  -33.085 0.6999999881
147909  -19.433  -88.881  -15.099 0.2000000030
147953  -19.707  -83.643  -21.875 0.4000000060
147954  -21.140  -83.136  -23.119 0.4000000060
147958  -19.161  -83.873  -21.401 0.4000000060
147959  -19.645  -88.446  -22.678 0.4000000060
147960  -18.854  -84.098  -21.069 0.4000000060
147961  -21.305  -83.663  -26.153 0.3000000119
147962  -19.126  -83.834  -21.574 0.4000000060
147965  -20.483  -84.224  -23.844 0.4000000060
147969  -21.278  -84.149  -24.833 0.4000000060
147976  -21.331  -84.441  -25.648 0.4000000060
147987  -23.180  -85.825  -29.729 0.5000000000
148000  -20.962  -82.569  -32.486 0.4000000060
148012  -24.538  -85.333  -23.451 0.6000000238
148023  -25.013  -85.989  -25.296 0.5000000000
148031  -19.702  -81.391  -24.372 0.4000000060
148042  -22.016  -85.138  -31.517 0.5000000000
148046  -19.517  -84.344  -22.792 0.4000000060
148055  -24.053  -87.487  -25.366 0.6999999881
148070  -25.651  -86.369  -25.469 0.5000000000
148071  -19.432  -83.660  -21.573 0.4000000060
148122  -24.473  -86.701  -24.177 0.6999999881
148130  -21.454  -83.810  -24.882 0.3000000119
148131  -20.068  -82.974  -21.160 0.4000000060
148135  -19.125  -81.691  -26.021 0.3000000119
148136  -18.906  -84.144  -21.402 0.4000000060
148137  -19.376  -83.639  -21.513 0.4000000060
148142  -25.718  -81.583  -24.069 0.5000000000
148143  -20.962  -83.313  -20.981 0.4000000060
148144  -21.664  -83.698  -24.968 0.3000000119
148149  -19.249  -83.837  -21.666 0.4000000060
148150  -18.089  -86.244  -22.625 0.4000000060
148152  -17.706  -86.103  -21.498 0.3000000119
148154  -19.566  -83.838  -22.101 0.4000000060
148155  -19.171  -85.202  -23.184 0.4000000060
148157  -20.841  -84.719  -25.101 0.4000000060
148158  -20.593  -85.239  -25.169 0.2000000030
148160  -19.597  -86.048  -20.509 0.4000000060
148163  -21.801  -84.073  -23.909 0.4000000060
148174  -21.476  -82.908  -31.706 0.5000000000
148175  -19.379  -80.125  -29.268 0.4000000060
148179  -21.392  -84.079  -25.951 0.1000000015
148186  -19.719  -85.330  -24.243 0.4000000060
148187  -22.501  -84.513  -30.240 0.6000000238
148188  -21.483  -81.236  -30.594 0.6000000238
148197  -23.767  -86.170  -29.003 0.5000000000
148201  -21.612  -86.599  -23.346 0.5000000000
148204  -20.609  -83.015  -21.899 0.4000000060
148205  -21.070  -82.200  -23.638 0.3000000119
148207  -22.169  -84.261  -22.686 0.4000000060
148208  -22.955  -83.117  -22.144 0.4000000060
148210  -21.106  -84.539  -20.128 0.4000000060
148214  -20.109  -83.297  -21.796 0.4000000060
148215  -21.608  -83.934  -24.422 0.3000000119
148216  -19.058  -83.951  -21.484 0.4000000060
148217  -20.574  -80.482  -29.180 0.4000000060
148223  -21.351  -83.389  -24.944 0.3000000119
148228  -18.936  -84.124  -21.440 0.4000000060
148230  -19.102  -84.828  -20.322 0.4000000060
148234  -18.763  -88.953  -23.819 0.3000000119
148235  -19.876  -87.668  -25.871 0.2000000030
148237  -21.504  -83.461  -22.913 0.4000000060
148238  -20.822  -80.067  -30.221 0.4000000060
148239  -21.811  -83.592  -21.255 0.4000000060
148296  -19.165  -80.701  -24.502 0.4000000060
148356  -10.893  -78.553  8.510 0.3000000119
148367  -12.518  -69.343  -30.138 0.6000000238
148457  -21.759  -83.413  -22.112 0.4000000060
148472  -20.828  -83.643  -33.220 0.6000000238
148503  -4.279  -71.362  -3.369 0.1000000015
148508  -8.015  -72.571  11.034 0.3000000119
148513  -16.175  -78.726  -28.002 0.8999999762
148527  -20.881  -92.736  -12.191 0.2000000030
148605  -11.427  -82.471  4.774 0.2000000030
148627  -9.980  -69.373  -18.215 0.8000000119
148638  -8.446  -70.857  -28.406 0.8000000119
148641  -6.322  -74.547  -1.614 0.8000000119
148670  -7.873  -93.015  -18.470 0.8000000119
148781  -30.072  -62.039  -5.540 0.1000000015
148783  -27.173  -53.214  -6.498 0.3000000119
148807  -6.376  -64.774  -14.874 1.0000000000
148822  -10.250  -68.075  -23.666 0.8999999762
148842  -13.144  -72.764  -28.851 0.6999999881
148924  -14.580  -70.257  -19.534 0.6000000238
148962  -20.969  -79.094  -34.847 0.8000000119
149011  -11.584  -84.314  -13.829 1.0000000000
149013  -14.631  -63.742  4.815 0.6999999881
149032  -36.737  -75.858  -30.514 0.2000000030
149033  -17.008  -75.200  -21.254 0.5000000000
149055  -13.059  -64.475  -17.090 0.2000000030
149057  -14.896  -77.065  -33.041 0.8999999762
149088  -20.894  -59.438  3.425 0.4000000060
149196  -16.611  -94.033  -4.365 0.3000000119
149361  -21.524  -83.885  -25.929 0.3000000119
149376  -13.796  -61.981  -9.748 0.3000000119
149377  -7.943  -71.861  -28.350 0.6999999881
149433  -5.991  -74.319  10.519 0.3000000119
149447  -16.511  -63.312  4.117 0.6000000238
149452  -16.438  -56.346  -10.600 0.2000000030
149516  -23.464  -63.605  -26.688 0.1000000015
149554  -6.997  -87.918  -6.270 0.6000000238
149565  -13.363  -68.159  -26.388 0.5000000000
149566  -28.426  -75.674  -26.984 0.1000000015
149570  -8.270  -63.414  -1.438 0.5000000000
149646  -7.312  -92.430  -9.432 0.4000000060
149682  -18.238  -73.451  -21.333 0.5000000000
149700  -7.770  -88.915  -4.456 0.6000000238
149711  -11.179  -86.395  -14.018 0.8000000119
149794  -34.604  -76.467  -32.468 0.2000000030
149797  -26.351  -80.442  -32.584 0.2000000030
149828  -11.597  -66.976  -15.830 0.3000000119
149902  -9.593  -67.900  6.041 0.8999999762
149928  -12.613  -69.609  7.387 0.5000000000
149931  -3.781  -77.991  -12.557 0.2000000030
149972  -2.959  -75.451  -13.242 0.1000000015
149983  -4.096  -81.037  -10.169 0.4000000060
149985  -22.569  -83.115  -8.871 0.1000000015
150022  -9.132  -56.841  -6.531 0.8000000119
150035  -31.134  -79.150  -32.433 0.1000000015
150061  -14.176  -95.115  -1.310 0.3000000119
150086  -8.377  -86.474  -12.780 0.6999999881
150148  -19.666  -82.642  -10.076 0.1000000015
150164  -9.993  -59.689  -4.652 0.3000000119
150187  -13.600  -95.028  -15.698 0.6000000238
150195  -31.873  -84.789  -27.926 0.2000000030
150258  -7.181  -82.934  -10.534 0.8999999762
150271  -24.139  -73.975  -23.970 0.2000000030
150308  -8.875  -77.788  -25.664 1.0000000000
150329  -3.550  -75.315  -6.570 0.1000000015
150373  -8.731  -88.049  1.092 0.4000000060
150401  -9.340  -66.718  2.448 0.1000000015
150537  -18.549  -78.536  -32.681 0.4000000060
150573  -5.095  -83.016  -7.335 0.8999999762
150575  -17.850  -80.219  -35.165 0.3000000119
150581  -10.630  -52.877  -9.346 0.4000000060
150612  -22.168  -89.284  -8.797 0.2000000030
150625  -17.917  -55.073  -11.246 0.1000000015
150641  -8.400  -93.128  -18.491 0.8999999762
150643  -6.514  -70.178  -26.605 0.6000000238
150645  -28.949  -75.382  -34.702 0.4000000060
150648  -33.355  -82.949  -25.697 0.2000000030
150683  -12.296  -64.852  -12.365 0.3000000119
150720  -4.374  -68.329  -7.427 0.2000000030
150734  -10.227  -53.249  -8.822 0.4000000060
150756  -9.181  -86.511  -20.508 1.0000000000
150768  -8.594  -69.222  -5.338 0.1000000015
150775  -13.006  -89.958  9.002 0.1000000015
150847  -11.003  -63.015  -8.119 0.6000000238
150852  -24.311  -83.105  -33.971 0.6999999881
150887  -7.673  -77.185  3.158 0.5000000000
150892  -5.379  -84.638  -8.981 1.0000000000
150911  -12.094  -54.314  -5.370 0.4000000060
150959  -7.348  -85.559  4.802 0.4000000060
151027  -10.921  -79.678  -27.341 1.0000000000
151065  -6.597  -87.987  -13.275 0.6999999881
151096  -7.051  -68.767  -7.521 0.1000000015
151134  -7.436  -77.224  2.442 0.6000000238
151141  -31.191  -87.601  -22.044 0.3000000119
151167  -20.870  -83.578  -23.491 0.4000000060
151190  -12.750  -88.934  -25.303 0.1000000015
151280  -24.186  -63.055  -2.706 0.2000000030
151282  -4.965  -84.833  -8.779 1.0000000000
151291  -19.381  -71.353  -21.592 0.2000000030
151315  -5.631  -88.555  -20.615 0.8000000119
151359  -22.863  -91.282  -20.812 0.5000000000
151384  -24.067  -61.679  -5.359 0.4000000060
151433  -11.022  -74.658  5.606 0.8999999762
151455  -36.361  -76.815  -30.570 0.1000000015
151460  -24.406  -87.548  -22.456 0.6000000238
151482  -9.674  -89.242  5.078 0.2000000030
151509  -9.688  -74.318  5.992 0.8999999762
151547  -5.012  -79.309  -1.997 0.8000000119
151578  -9.849  -93.737  -16.028 0.6999999881
151620  -22.257  -70.047  -24.873 0.1000000015
151668  -20.967  -62.527  5.188 0.2000000030
151671  -12.061  -77.508  1.208 1.0000000000
151725  -9.991  -75.820  -7.115 0.8999999762
151781  -5.938  -84.761  -16.543 0.6000000238
151782  -11.466  -74.925  -26.592 0.6999999881
151822  -33.682  -82.570  -27.612 0.2000000030
151869  -6.996  -69.334  -21.591 0.8000000119
151884  -14.976  -85.736  -0.663 0.1000000015
151886  -21.858  -62.954  5.383 0.1000000015
151952  -20.824  -83.061  -9.062 0.1000000015
151999  -9.827  -66.475  5.550 0.8999999762
152025  -20.171  -92.196  -15.152 0.2000000030
152029  -13.924  -60.026  -16.958 0.2000000030
152059  -15.599  -92.066  2.867 0.4000000060
152080  -5.172  -77.941  -1.339 0.8999999762
152084  -6.700  -68.414  -16.882 0.8999999762
152093  -8.970  -65.353  -4.209 0.8999999762
152119  -16.667  -70.770  11.071 0.2000000030
152124  -12.177  -60.816  -0.763 0.3000000119
152139  -8.330  -86.752  8.898 0.2000000030
152176  -17.498  -72.201  -24.366 0.4000000060
152213  -21.771  -57.760  0.019 0.5000000000
152227  -30.832  -78.875  -34.994 0.2000000030
152247  -9.471  -75.808  -24.212 0.8999999762
152255  -7.346  -53.673  -5.806 0.8999999762
152323  -8.163  -68.360  6.737 0.8000000119
152335  -39.571  -70.169  -33.510 0.1000000015
152371  -8.739  -80.334  4.526 0.6000000238
152393  -6.256  -91.396  -22.808 0.8000000119
152466  -8.394  -87.178  -4.842 0.6000000238
152468  -14.050  -76.469  -25.540 0.6000000238
152475  -18.009  -79.450  -35.517 0.4000000060
152479  -14.800  -76.881  -22.333 0.6000000238
152551  -23.181  -92.023  -22.666 0.8000000119
152636  -23.978  -80.185  -36.149 0.6999999881
152639  -23.039  -78.110  -28.258 0.5000000000
152672  -29.423  -55.611  -4.128 0.6000000238
152732  -6.401  -67.926  -14.676 1.0000000000
152783  -12.597  -94.038  -2.946 0.3000000119
152823  -8.359  -93.167  -17.727 0.8000000119
152831  -5.614  -79.773  7.187 0.4000000060
152837  -22.501  -91.646  -22.757 0.8000000119
152861  -22.491  -66.910  -29.735 0.1000000015
152864  -13.347  -89.356  9.462 0.1000000015
152937  -19.369  -58.430  1.200 0.8999999762
152952  -11.819  -64.398  4.848 0.8999999762
152955  -7.995  -63.736  -21.768 0.6999999881
152966  -10.180  -69.951  -26.111 0.8000000119
152983  -12.517  -69.547  2.779 0.1000000015
152988  -26.845  -91.014  -19.666 0.5000000000
152989  -6.055  -73.925  0.509 0.8000000119
153016  -16.546  -68.592  -18.485 0.4000000060
153037  -23.879  -80.968  -16.392 0.1000000015
153046  -13.291  -90.004  -4.824 0.5000000000
153117  -16.120  -66.301  -14.408 0.5000000000
153198  -20.159  -72.540  -33.200 0.6999999881
153203  -12.708  -84.806  -10.023 0.8000000119
153226  -10.082  -76.842  -27.630 1.0000000000
153325  -7.565  -66.798  -24.807 0.6000000238
153341  -17.614  -86.588  -22.075 0.3000000119
153345  -26.608  -77.057  -23.948 0.4000000060
153382  -3.605  -59.958  -2.702 0.8000000119
153386  -32.854  -55.043  -5.344 0.4000000060
153450  -23.640  -73.030  -34.397 0.6000000238
153457  -6.410  -81.572  -27.803 0.1000000015
153495  -22.959  -92.619  -19.496 0.6000000238
153515  -7.311  -87.992  -18.553 0.8000000119
153537  -10.758  -91.596  -4.766 0.5000000000
153575  -15.341  -86.181  -0.592 0.1000000015
153578  -18.156  -79.598  -34.201 0.4000000060
153651  -7.393  -89.545  -13.004 0.6000000238
153800  -18.949  -49.031  -14.582 0.1000000015
153853  -28.194  -87.530  -24.225 0.6000000238
153869  -11.466  -88.348  -9.182 0.5000000000
153910  -28.952  -53.040  -4.411 0.6000000238
153917  -30.326  -88.706  -19.597 0.5000000000
153941  -36.645  -73.342  -32.562 0.1000000015
153989  -34.058  -77.574  -33.146 0.2000000030
154056  -3.982  -83.838  -11.791 0.6000000238
154059  -11.889  -66.739  -15.034 0.4000000060
154109  -12.665  -61.701  -15.331 0.2000000030
154141  -10.181  -79.710  8.638 0.3000000119
154180  -23.054  -85.144  -31.984 0.6999999881
154190  -10.310  -93.506  -6.931 0.4000000060
154197  -13.266  -70.148  -17.936 0.8000000119
154230  -17.697  -92.937  -17.324 0.6000000238
154237  -6.800  -72.733  10.007 0.3000000119
154273  -14.093  -59.363  2.408 0.8999999762
154297  -8.333  -89.276  -4.059 0.6000000238
154314  -6.524  -80.720  14.485 0.1000000015
154350  -7.200  -88.001  -7.594 0.6000000238
154375  -11.443  -94.443  -12.964 0.5000000000
154391  -17.017  -76.125  -34.656 0.6999999881
154398  -16.148  -60.047  -17.086 0.2000000030
154401  -23.125  -73.062  -32.638 0.6000000238
154469  -13.075  -59.928  -5.378 0.3000000119
154485  -27.887  -65.250  -3.890 0.2000000030
154550  -28.813  -79.184  -28.294 0.3000000119
154590  -31.726  -77.430  -27.792 0.2000000030
154598  -16.389  -51.280  -7.738 0.1000000015
154599  -10.405  -88.126  -8.392 0.5000000000
154631  -25.428  -78.515  -29.262 0.4000000060
154633  -4.929  -84.043  -22.696 0.2000000030
154658  -12.307  -90.482  -6.262 0.5000000000
154703  -24.658  -70.438  -26.519 0.1000000015
154706  -4.513  -89.443  -22.282 0.8000000119
154750  -3.742  -69.708  -0.221 0.3000000119
154768  -10.400  -65.402  -5.203 0.8999999762
154821  -9.491  -71.856  -1.750 0.1000000015
154827  -11.429  -93.712  -10.404 0.3000000119
154881  -14.240  -51.988  -10.025 0.3000000119
154942  -11.315  -94.899  -13.760 0.5000000000
154953  -18.081  -63.125  3.247 0.5000000000
155010  -10.257  -60.727  -13.589 0.2000000030
155145  -10.157  -74.518  1.180 1.0000000000
155167  -6.197  -86.403  5.855 0.3000000119
155203  -17.714  -67.102  3.769 0.4000000060
155222  -20.844  -84.780  -25.070 0.4000000060
155262  -3.975  -76.391  -6.344 0.3000000119
155299  -16.937  -59.880  -17.321 0.2000000030
155390  -11.568  -73.094  -24.543 0.8000000119
155447  -32.481  -78.117  -23.853 0.1000000015
155549  -28.172  -78.405  -30.199 0.3000000119
155570  -3.407  -72.900  -5.446 0.1000000015
155646  -13.911  -59.072  -5.528 0.2000000030
155669  -24.312  -73.933  -22.770 0.2000000030
155751  -6.507  -61.397  -9.916 0.6999999881
155770  -10.884  -83.258  -12.303 1.0000000000
155813  -13.247  -69.667  -15.741 0.8000000119
155856  -13.183  -69.361  7.163 0.6000000238
155869  -8.693  -73.072  -24.984 0.8999999762
155936  -4.720  -71.840  -8.552 0.1000000015
155963  -12.877  -85.002  6.605 0.2000000030
155980  -8.829  -83.879  -4.938 0.8999999762
156018  -4.318  -62.548  -2.159 0.8999999762
156051  -3.566  -69.868  -17.908 0.1000000015
156071  -5.893  -86.578  -27.248 0.2000000030
156073  -20.664  -83.638  -32.841 0.6000000238
156081  -4.528  -60.167  -3.627 0.8000000119
156083  -23.802  -73.544  -28.874 0.1000000015
156090  -12.359  -69.705  -15.641 0.8000000119
156105  -6.568  -78.055  14.122 0.2000000030
156111  -10.637  -91.203  -5.992 0.5000000000
156112  -21.785  -73.438  -28.685 0.1000000015
156129  -12.171  -81.481  -3.791 0.6000000238
156133  -25.638  -77.709  -36.343 0.4000000060
156144  -7.521  -77.986  -3.498 1.0000000000
156146  -9.667  -62.475  -3.000 0.3000000119
156228  -17.932  -76.931  -35.018 0.6000000238
156267  -3.612  -68.161  -17.944 0.2000000030
156294  -17.938  -53.402  -11.826 0.1000000015
156295  -28.197  -49.666  -5.432 0.8000000119
156334  -14.460  -64.037  -3.512 0.1000000015
156348  -3.359  -66.233  -16.104 0.1000000015
156361  -16.032  -67.208  -16.948 0.4000000060
156368  -6.617  -83.488  4.678 0.4000000060
156382  -11.911  -58.930  -0.415 0.8000000119
156384  -34.560  -69.862  -32.600 0.1000000015
156390  -11.616  -59.323  -7.924 0.6000000238
156417  -25.669  -78.669  -27.641 0.4000000060
156422  -12.024  -87.418  8.063 0.2000000030
156453  -5.692  -78.855  2.164 0.6000000238
156466  -16.665  -93.655  -4.350 0.2000000030
156475  -13.962  -65.932  -7.949 0.8000000119
156486  -38.440  -70.069  -33.711 0.1000000015
156583  -29.828  -62.380  -7.180 0.1000000015
156596  -8.730  -75.430  -24.505 0.8999999762
156614  -10.138  -83.310  -7.307 0.8999999762
156632  -12.035  -71.045  3.913 0.1000000015
156646  -29.999  -83.389  -21.561 0.1000000015
156677  -11.132  -66.793  -9.253 1.0000000000
156686  -7.988  -57.748  -3.777 0.5000000000
156705  -24.809  -85.560  -9.659 0.1000000015
156727  -13.476  -94.050  -18.101 0.6999999881
156747  -9.371  -60.011  0.887 0.4000000060
156768  -7.861  -63.576  1.512 0.1000000015
156814  -29.342  -81.987  -32.004 0.2000000030
156838  -17.522  -56.878  -13.368 0.1000000015
156842  -18.265  -82.523  -30.126 0.1000000015
156912  -11.294  -77.871  8.403 0.3000000119
156949  -8.515  -86.592  -9.640 0.6999999881
156953  -14.216  -82.931  5.630 0.2000000030
156978  -8.220  -66.179  -0.857 0.3000000119
156979  -15.976  -78.206  -29.830 0.8999999762
157058  -22.682  -54.550  -6.046 0.2000000030
157082  -25.420  -68.025  -29.545 0.1000000015
157129  -20.981  -75.380  -21.702 0.5000000000
157130  -15.886  -94.132  -12.301 0.2000000030
157136  -32.169  -84.541  -26.799 0.2000000030
157187  -10.789  -78.481  9.031 0.3000000119
157214  -29.074  -57.092  1.340 0.1000000015
157241  -30.789  -82.006  -31.289 0.2000000030
157269  -6.450  -66.264  -4.688 1.0000000000
157275  -28.281  -58.806  -4.636 0.4000000060
157276  -4.209  -75.396  -2.862 0.3000000119
157387  -4.468  -69.257  -8.471 0.1000000015
157407  -12.236  -92.458  -14.796 0.4000000060
157414  -13.089  -88.514  -24.470 0.2000000030
157484  -14.035  -81.262  5.562 0.2000000030
157563  -3.629  -69.684  2.577 0.6999999881
157606  -12.138  -85.491  -4.050 0.6000000238
157626  -6.288  -71.437  4.595 1.0000000000
157680  -13.753  -61.986  3.901 0.8999999762
157682  -14.938  -66.023  -14.800 0.5000000000
157694  -16.775  -57.175  -13.656 0.1000000015
157755  -10.059  -85.368  -18.526 1.0000000000
157779  -12.597  -92.502  5.109 0.4000000060
157786  -4.907  -78.540  -0.857 0.6999999881
157808  -8.458  -74.646  11.785 0.3000000119
157824  -28.758  -72.300  -22.585 0.1000000015
157893  -9.153  -77.374  0.264 0.8999999762
157903  -18.317  -63.062  -21.430 0.1000000015
157910  -26.198  -75.959  -23.325 0.3000000119
157927  -14.710  -54.233  -1.642 0.6000000238
157932  -5.935  -76.391  11.084 0.3000000119
158000  -4.508  -66.335  -20.019 0.3000000119
158008  -15.670  -89.058  1.138 0.1000000015
158059  -24.294  -47.522  -5.203 0.6999999881
