#!ascii label  , from subject sub001 vox2ras=TkReg
4637
6625  -13.650  -81.828  -16.032 0.0000000000
148140  -21.639  -85.391  -22.710 0.0000000000
36514  -21.087  -54.716  -5.207 0.0000000000
14242  -16.772  -72.917  2.532 0.0000000000
13357  -14.913  -74.508  -10.281 0.0000000000
18828  -11.084  -69.555  -8.604 0.0000000000
15664  -4.692  -72.446  -18.348 0.0000000000
129944  -17.010  -86.673  -27.569 0.0000000000
7544  -7.241  -80.378  -29.044 0.0000000000
150738  -24.183  -62.727  -3.322 0.0000000000
20994  -3.717  -66.542  1.773 0.0000000000
13313  -7.304  -74.602  -8.664 0.0000000000
4450  -7.343  -84.968  -19.459 0.0000000000
21164  -20.982  -67.018  -9.290 0.0000000000
8190  -12.474  -79.964  -10.780 0.0000000000
13442  -14.475  -74.558  -17.392 0.0000000000
12262  -8.533  -75.759  -16.328 0.0000000000
148121  -20.726  -86.483  -29.333 0.0000000000
5296  -17.645  -83.029  -34.056 0.0000000000
43510  -23.206  -48.611  -5.166 0.0000000000
38718  -15.604  -52.668  -2.599 0.0000000000
23465  -19.304  -66.359  -0.906 0.0000000000
22319  -24.698  -66.925  -6.887 0.0000000000
16583  -22.050  -71.623  -4.709 0.0000000000
21155  -3.539  -67.377  -8.610 0.0000000000
21044  -7.630  -67.347  -1.239 0.0000000000
35456  -27.601  -55.172  -7.079 0.0000000000
12047  -14.023  -76.298  -3.588 0.0000000000
134791  -16.550  -73.216  -5.499 0.0000000000
16673  -18.071  -71.069  -12.827 0.0000000000
16691  -7.448  -71.707  -13.551 0.0000000000
24964  -3.528  -64.291  -15.432 0.0000000000
4474  -15.604  -83.603  -21.741 0.0000000000
7485  -10.582  -80.717  -22.166 0.0000000000
4518  -11.846  -84.407  -27.772 0.0000000000
8434  -11.309  -80.022  -35.238 0.0000000000
27218  -14.133  -62.742  1.454 0.0000000000
17533  -10.115  -69.863  4.264 0.0000000000
132825  -9.088  -71.789  -3.163 0.0000000000
136608  -7.088  -72.274  -10.000 0.0000000000
11125  -6.305  -76.583  -14.784 0.0000000000
142446  -4.214  -81.341  -12.282 0.0000000000
6675  -6.964  -81.499  -20.718 0.0000000000
4511  -7.583  -84.854  -26.493 0.0000000000
1425  -11.258  -88.862  -24.731 0.0000000000
1013  -17.557  -91.426  -24.380 0.0000000000
140637  -29.907  -61.603  -3.607 0.0000000000
141226  -26.945  -62.250  -8.318 0.0000000000
30919  -19.664  -60.207  -8.016 0.0000000000
152670  -15.678  -68.391  -2.934 0.0000000000
151467  -13.201  -62.966  -3.889 0.0000000000
33180  -12.595  -56.916  -4.171 0.0000000000
12369  -4.178  -76.407  -22.825 0.0000000000
23823  -7.019  -65.543  -23.286 0.0000000000
6583  -12.439  -81.028  -13.663 0.0000000000
152658  -11.210  -77.217  -13.241 0.0000000000
8231  -11.954  -79.311  -15.634 0.0000000000
148151  -19.787  -86.445  -25.173 0.0000000000
130235  -19.812  -82.546  -26.969 0.0000000000
148165  -20.920  -82.045  -24.077 0.0000000000
38750  -25.948  -52.135  -6.120 0.0000000000
39940  -22.528  -51.528  -5.851 0.0000000000
39937  -19.922  -51.121  -5.827 0.0000000000
37576  -18.273  -54.379  -3.779 0.0000000000
18707  -16.753  -69.187  0.720 0.0000000000
18732  -20.776  -69.347  -2.201 0.0000000000
15428  -19.503  -72.353  0.387 0.0000000000
144877  -3.062  -65.393  -4.885 0.0000000000
151541  -30.443  -55.389  -6.862 0.0000000000
12113  -15.017  -75.185  -7.803 0.0000000000
13340  -19.287  -74.072  -9.024 0.0000000000
133443  -18.864  -74.055  -12.231 0.0000000000
14567  -9.708  -73.055  -18.293 0.0000000000
14532  -10.935  -72.804  -15.337 0.0000000000
15647  -5.192  -72.956  -15.477 0.0000000000
18914  -3.543  -69.435  -14.119 0.0000000000
151664  -3.538  -68.346  -17.335 0.0000000000
130453  -16.087  -85.302  -24.523 0.0000000000
5959  -16.074  -82.644  -25.085 0.0000000000
129959  -16.242  -84.238  -28.052 0.0000000000
7625  -17.872  -79.962  -36.059 0.0000000000
147283  -13.806  -82.397  -34.889 0.0000000000
29689  -15.818  -60.815  -1.205 0.0000000000
23429  -8.984  -64.780  1.826 0.0000000000
19835  -6.645  -68.372  3.536 0.0000000000
141208  -9.111  -71.555  0.805 0.0000000000
17586  -6.445  -70.294  0.141 0.0000000000
11011  -4.656  -77.010  -5.461 0.0000000000
15520  -3.597  -72.986  -6.720 0.0000000000
14425  -3.089  -73.364  -9.780 0.0000000000
13391  -6.233  -74.337  -12.828 0.0000000000
12169  -3.496  -75.003  -12.036 0.0000000000
5114  -4.884  -84.036  -15.080 0.0000000000
7426  -3.521  -80.830  -17.856 0.0000000000
5159  -5.283  -83.171  -20.796 0.0000000000
5194  -8.001  -83.361  -23.544 0.0000000000
3810  -5.345  -84.829  -24.381 0.0000000000
1409  -6.884  -90.102  -25.033 0.0000000000
1023  -14.084  -88.793  -25.053 0.0000000000
29763  -25.929  -60.547  -5.355 0.0000000000
26000  -27.302  -63.525  -2.433 0.0000000000
21167  -23.857  -68.048  -10.581 0.0000000000
23596  -26.811  -65.420  -8.442 0.0000000000
24882  -23.344  -64.475  -9.581 0.0000000000
139989  -23.128  -61.034  -8.635 0.0000000000
157459  -19.986  -63.118  -9.046 0.0000000000
18810  -15.359  -69.240  -8.050 0.0000000000
16575  -13.812  -71.246  -4.460 0.0000000000
132880  -13.019  -67.842  -6.161 0.0000000000
24716  -6.117  -64.006  0.268 0.0000000000
156623  -9.814  -64.537  -1.416 0.0000000000
28523  -8.258  -61.354  -2.723 0.0000000000
29756  -11.257  -60.376  -4.752 0.0000000000
31999  -7.611  -58.423  -3.783 0.0000000000
35388  -9.842  -55.947  -1.583 0.0000000000
6716  -7.264  -81.317  -25.430 0.0000000000
8305  -6.288  -79.511  -21.725 0.0000000000
157197  -5.867  -78.600  -25.871 0.0000000000
10035  -14.647  -78.041  -9.783 0.0000000000
11133  -17.333  -76.389  -14.387 0.0000000000
10114  -14.231  -77.014  -13.838 0.0000000000
11211  -11.951  -75.698  -18.070 0.0000000000
13463  -8.637  -74.417  -21.082 0.0000000000
141079  -17.328  -86.536  -28.232 0.0000000000
3243  -16.152  -85.644  -31.472 0.0000000000
148190  -19.750  -84.523  -30.868 0.0000000000
129923  -17.380  -81.804  -30.671 0.0000000000
42396  -16.857  -49.758  -4.934 0.0000000000
142891  -3.631  -70.542  0.199 0.0000000000
24721  -22.028  -63.981  -0.696 0.0000000000
23495  -25.150  -66.404  -2.885 0.0000000000
136561  -22.275  -66.992  -3.337 0.0000000000
18793  -23.335  -69.558  -7.350 0.0000000000
17675  -21.754  -70.913  -9.734 0.0000000000
137528  -5.623  -69.207  -8.129 0.0000000000
18744  -8.257  -69.235  -4.689 0.0000000000
132084  -4.914  -69.100  -4.133 0.0000000000
22214  -3.324  -66.489  -1.024 0.0000000000
154389  -25.869  -86.042  -25.609 0.0000000000
147971  -25.794  -82.416  -25.438 0.0000000000
39962  -29.151  -52.012  -6.193 0.0000000000
133513  -24.060  -55.054  -6.347 0.0000000000
11987  -14.712  -75.258  0.057 0.0000000000
12005  -18.027  -75.295  -0.866 0.0000000000
130938  -17.399  -75.784  -5.484 0.0000000000
17694  -18.828  -70.657  -9.547 0.0000000000
17714  -14.659  -70.396  -10.604 0.0000000000
14519  -15.872  -73.125  -15.106 0.0000000000
15600  -12.653  -72.205  -12.951 0.0000000000
17709  -8.599  -70.153  -10.696 0.0000000000
18879  -3.931  -69.766  -11.322 0.0000000000
131300  -3.135  -65.764  -12.031 0.0000000000
5139  -14.287  -82.955  -18.921 0.0000000000
7456  -13.686  -79.870  -19.783 0.0000000000
6699  -14.971  -81.580  -21.938 0.0000000000
5945  -11.712  -82.911  -24.467 0.0000000000
5228  -8.146  -83.439  -28.568 0.0000000000
3876  -12.738  -85.150  -31.932 0.0000000000
5274  -10.430  -83.944  -32.480 0.0000000000
6767  -8.110  -81.326  -32.378 0.0000000000
149396  -20.872  -62.765  -4.151 0.0000000000
27248  -18.950  -62.075  -0.405 0.0000000000
24707  -16.860  -64.282  1.027 0.0000000000
19860  -14.565  -68.523  1.272 0.0000000000
27233  -10.556  -61.804  0.405 0.0000000000
143059  -12.100  -66.107  1.922 0.0000000000
16479  -13.295  -71.467  3.624 0.0000000000
15426  -12.031  -72.925  0.588 0.0000000000
14352  -11.579  -73.258  -3.441 0.0000000000
14387  -10.924  -74.113  -6.838 0.0000000000
15481  -4.813  -71.558  -3.835 0.0000000000
14383  -7.767  -73.039  -6.933 0.0000000000
14446  -11.362  -73.748  -10.848 0.0000000000
137276  -9.918  -75.777  -11.424 0.0000000000
142438  -8.015  -79.043  -12.057 0.0000000000
7382  -8.302  -80.750  -14.524 0.0000000000
10028  -5.104  -77.845  -9.845 0.0000000000
9090  -3.290  -77.953  -14.947 0.0000000000
152428  -5.857  -78.800  -17.478 0.0000000000
149903  -10.265  -81.880  -18.245 0.0000000000
5161  -10.837  -83.498  -20.729 0.0000000000
145705  -11.679  -85.573  -23.324 0.0000000000
129946  -11.928  -86.542  -26.176 0.0000000000
150248  -5.505  -86.614  -26.221 0.0000000000
2710  -8.210  -87.467  -28.137 0.0000000000
139018  -12.502  -87.907  -28.536 0.0000000000
154115  -15.595  -89.079  -27.517 0.0000000000
146114  -19.462  -89.363  -26.898 0.0000000000
1437  -20.772  -89.443  -25.103 0.0000000000
688  -21.115  -92.052  -23.508 0.0000000000
148007  -24.113  -88.785  -25.336 0.0000000000
30849  -31.255  -59.144  -4.092 0.0000000000
24808  -28.017  -65.291  -5.605 0.0000000000
27369  -29.669  -63.018  -7.102 0.0000000000
32075  -30.540  -58.982  -7.619 0.0000000000
30901  -27.081  -58.997  -7.725 0.0000000000
32069  -23.570  -58.134  -7.922 0.0000000000
33226  -20.535  -57.458  -7.261 0.0000000000
15489  -18.485  -72.251  -2.744 0.0000000000
17636  -19.016  -70.229  -4.929 0.0000000000
21123  -18.504  -67.157  -6.410 0.0000000000
21059  -11.028  -66.812  -2.599 0.0000000000
24763  -15.054  -64.977  -2.585 0.0000000000
24823  -17.041  -64.427  -6.229 0.0000000000
28612  -16.202  -61.257  -6.824 0.0000000000
32037  -15.845  -58.968  -6.164 0.0000000000
34298  -16.122  -55.669  -4.841 0.0000000000
36475  -13.922  -54.930  -1.769 0.0000000000
9154  -9.519  -78.662  -19.086 0.0000000000
10183  -5.448  -76.574  -19.299 0.0000000000
15682  -5.436  -72.611  -21.878 0.0000000000
14673  -6.027  -73.430  -26.666 0.0000000000
151779  -4.773  -70.055  -24.350 0.0000000000
20146  -3.810  -68.295  -21.033 0.0000000000
23748  -5.356  -64.885  -19.700 0.0000000000
130581  -13.048  -81.348  -14.771 0.0000000000
8217  -12.693  -80.001  -14.428 0.0000000000
8249  -13.768  -79.958  -15.820 0.0000000000
148232  -18.161  -86.808  -21.600 0.0000000000
130177  -20.090  -84.868  -24.154 0.0000000000
148220  -21.394  -83.111  -22.205 0.0000000000
37596  -24.265  -53.317  -5.822 0.0000000000
141483  -24.213  -51.804  -5.804 0.0000000000
131331  -22.330  -53.329  -5.921 0.0000000000
38744  -20.342  -53.036  -5.538 0.0000000000
36497  -20.053  -54.744  -4.198 0.0000000000
17574  -16.646  -70.547  1.424 0.0000000000
16524  -18.598  -71.041  0.766 0.0000000000
15410  -18.242  -72.406  1.520 0.0000000000
35435  -32.368  -55.337  -5.878 0.0000000000
135383  -15.269  -73.908  -9.144 0.0000000000
153368  -16.929  -74.106  -10.514 0.0000000000
13377  -17.230  -74.544  -11.080 0.0000000000
140331  -7.084  -72.743  -18.066 0.0000000000
146201  -7.978  -72.923  -16.705 0.0000000000
14540  -4.904  -73.054  -17.536 0.0000000000
17778  -4.023  -70.564  -16.606 0.0000000000
133980  -3.414  -70.201  -18.370 0.0000000000
148114  -16.368  -86.107  -25.960 0.0000000000
132194  -17.715  -85.065  -26.565 0.0000000000
130300  -18.066  -85.731  -28.155 0.0000000000
23422  -4.790  -64.653  2.731 0.0000000000
157341  -6.241  -66.054  3.161 0.0000000000
20982  -5.672  -66.764  2.924 0.0000000000
18675  -6.177  -69.129  2.431 0.0000000000
19857  -5.037  -68.044  0.937 0.0000000000
12107  -6.464  -75.717  -7.226 0.0000000000
12105  -3.699  -75.363  -7.291 0.0000000000
13331  -4.880  -74.606  -9.441 0.0000000000
131826  -3.161  -73.865  -11.111 0.0000000000
13351  -4.885  -74.868  -10.847 0.0000000000
131045  -6.027  -84.546  -16.911 0.0000000000
5126  -5.575  -83.455  -18.122 0.0000000000
4448  -6.085  -84.032  -19.843 0.0000000000
151583  -4.838  -83.685  -22.764 0.0000000000
3794  -6.513  -85.098  -22.386 0.0000000000
27306  -25.399  -62.200  -4.212 0.0000000000
28552  -26.809  -61.749  -3.521 0.0000000000
27277  -25.844  -63.140  -2.543 0.0000000000
134916  -22.392  -67.846  -9.911 0.0000000000
23615  -23.236  -66.019  -9.881 0.0000000000
23614  -22.223  -65.863  -9.942 0.0000000000
26127  -22.091  -63.602  -9.507 0.0000000000
24859  -19.969  -64.820  -9.291 0.0000000000
18830  -12.912  -69.510  -8.439 0.0000000000
19980  -14.366  -68.574  -7.111 0.0000000000
18787  -12.129  -68.980  -7.120 0.0000000000
27257  -7.373  -62.297  -1.191 0.0000000000
28521  -6.328  -60.601  -1.518 0.0000000000
29732  -7.025  -59.737  -3.220 0.0000000000
6725  -6.426  -81.276  -27.180 0.0000000000
7500  -5.869  -80.386  -25.205 0.0000000000
8370  -6.167  -79.499  -26.955 0.0000000000
9039  -13.813  -79.218  -10.246 0.0000000000
10084  -15.547  -77.825  -12.268 0.0000000000
10083  -13.805  -77.662  -11.891 0.0000000000
11126  -9.875  -75.988  -14.779 0.0000000000
11156  -10.958  -75.498  -15.031 0.0000000000
12269  -9.894  -75.721  -16.981 0.0000000000
12296  -10.918  -75.305  -19.568 0.0000000000
11207  -8.628  -75.789  -18.359 0.0000000000
2746  -19.090  -87.192  -29.984 0.0000000000
3238  -18.911  -86.096  -31.145 0.0000000000
130188  -20.676  -85.361  -29.775 0.0000000000
147996  -18.656  -80.483  -26.308 0.0000000000
148192  -18.462  -82.070  -28.082 0.0000000000
148087  -18.112  -80.363  -29.611 0.0000000000
8402  -18.375  -79.180  -31.483 0.0000000000
43512  -25.402  -48.453  -5.198 0.0000000000
39927  -17.673  -51.873  -4.268 0.0000000000
41189  -18.384  -50.776  -5.378 0.0000000000
152631  -16.320  -51.477  -3.870 0.0000000000
39907  -14.489  -51.591  -2.168 0.0000000000
24720  -20.702  -64.733  -0.576 0.0000000000
23481  -22.575  -66.121  -1.810 0.0000000000
22235  -20.916  -67.408  -1.772 0.0000000000
17622  -21.964  -70.459  -3.110 0.0000000000
19912  -21.874  -69.304  -4.247 0.0000000000
17639  -22.566  -70.611  -6.067 0.0000000000
16614  -22.584  -71.255  -9.066 0.0000000000
16601  -21.845  -71.128  -6.349 0.0000000000
136033  -4.218  -69.031  -8.181 0.0000000000
18760  -5.114  -69.077  -5.754 0.0000000000
19959  -4.410  -68.475  -6.525 0.0000000000
140197  -2.707  -66.003  -2.868 0.0000000000
149540  -29.696  -53.925  -6.613 0.0000000000
37612  -28.685  -53.723  -6.628 0.0000000000
37611  -26.959  -53.835  -6.577 0.0000000000
35455  -26.680  -55.045  -7.057 0.0000000000
138454  -14.502  -76.479  -2.177 0.0000000000
10974  -15.897  -76.817  -2.551 0.0000000000
131894  -16.159  -76.872  -4.133 0.0000000000
15578  -19.985  -72.406  -11.286 0.0000000000
15554  -20.053  -72.288  -9.051 0.0000000000
17735  -18.878  -70.296  -11.430 0.0000000000
18873  -17.101  -69.804  -10.129 0.0000000000
16657  -16.505  -70.484  -11.536 0.0000000000
12266  -16.092  -74.982  -16.378 0.0000000000
13436  -17.025  -74.446  -15.543 0.0000000000
14550  -15.268  -73.825  -16.432 0.0000000000
148436  -8.594  -72.509  -14.203 0.0000000000
146982  -11.681  -72.585  -13.872 0.0000000000
16693  -9.540  -71.918  -13.317 0.0000000000
16650  -10.242  -71.109  -11.936 0.0000000000
17749  -8.474  -70.830  -12.102 0.0000000000
17707  -6.645  -70.111  -10.990 0.0000000000
17746  -5.411  -70.538  -12.553 0.0000000000
139459  -2.951  -67.182  -15.201 0.0000000000
22416  -2.808  -66.826  -13.482 0.0000000000
23647  -3.137  -64.919  -13.579 0.0000000000
26151  -3.578  -63.379  -12.075 0.0000000000
26191  -4.391  -62.859  -14.488 0.0000000000
5165  -14.932  -83.214  -20.179 0.0000000000
6678  -15.262  -81.487  -20.252 0.0000000000
5914  -15.834  -82.455  -21.584 0.0000000000
5223  -13.805  -83.706  -26.552 0.0000000000
5947  -13.767  -82.958  -24.580 0.0000000000
5221  -11.603  -83.687  -26.536 0.0000000000
5968  -10.224  -83.053  -26.204 0.0000000000
5230  -10.503  -83.841  -28.027 0.0000000000
141803  -16.413  -84.425  -32.517 0.0000000000
3868  -13.966  -85.450  -31.455 0.0000000000
4562  -14.812  -84.155  -33.089 0.0000000000
6801  -12.179  -81.011  -35.410 0.0000000000
5282  -11.893  -83.421  -33.494 0.0000000000
136508  -11.090  -82.379  -34.260 0.0000000000
5272  -8.673  -82.933  -31.980 0.0000000000
6032  -9.886  -81.333  -34.151 0.0000000000
7570  -10.750  -80.569  -33.477 0.0000000000
29759  -20.292  -60.409  -5.418 0.0000000000
28550  -19.215  -61.679  -4.333 0.0000000000
27260  -19.823  -61.589  -2.053 0.0000000000
28527  -18.155  -61.253  -3.042 0.0000000000
28479  -15.150  -61.505  0.536 0.0000000000
27239  -17.099  -62.527  0.732 0.0000000000
25955  -15.581  -63.297  1.423 0.0000000000
22194  -15.723  -66.298  1.148 0.0000000000
23434  -14.588  -65.596  1.695 0.0000000000
144845  -9.607  -67.417  2.663 0.0000000000
23430  -10.307  -65.612  1.827 0.0000000000
19846  -10.770  -68.443  2.728 0.0000000000
19848  -12.535  -68.863  2.263 0.0000000000
17546  -11.531  -70.624  3.857 0.0000000000
15392  -12.181  -72.830  2.696 0.0000000000
15374  -11.042  -72.154  3.255 0.0000000000
16554  -9.307  -71.727  -1.598 0.0000000000
15456  -10.082  -72.204  -1.465 0.0000000000
15473  -10.462  -72.371  -2.865 0.0000000000
13273  -11.499  -74.374  -5.516 0.0000000000
15515  -9.908  -72.971  -4.950 0.0000000000
14322  -3.543  -73.554  -1.492 0.0000000000
15450  -3.617  -71.194  -2.088 0.0000000000
15467  -3.194  -72.154  -3.171 0.0000000000
138593  -5.668  -71.936  -8.248 0.0000000000
15522  -5.071  -72.318  -6.756 0.0000000000
15551  -7.342  -72.156  -8.743 0.0000000000
14413  -9.560  -73.297  -8.816 0.0000000000
14427  -9.802  -73.422  -10.236 0.0000000000
12150  -11.020  -74.739  -11.080 0.0000000000
148773  -9.238  -74.095  -11.175 0.0000000000
12206  -6.445  -75.455  -13.772 0.0000000000
11098  -8.127  -76.234  -13.008 0.0000000000
10094  -7.129  -78.101  -13.306 0.0000000000
8204  -7.845  -79.807  -12.997 0.0000000000
9078  -6.866  -78.457  -14.214 0.0000000000
8151  -5.421  -79.840  -8.694 0.0000000000
132892  -4.059  -79.162  -10.566 0.0000000000
131607  -3.809  -77.649  -11.946 0.0000000000
133600  -4.026  -79.320  -13.663 0.0000000000
7453  -4.660  -80.004  -19.987 0.0000000000
8262  -3.521  -79.202  -18.424 0.0000000000
7441  -6.330  -80.139  -18.896 0.0000000000
7427  -7.475  -80.804  -17.592 0.0000000000
6664  -8.553  -81.676  -19.470 0.0000000000
5889  -10.636  -82.569  -19.585 0.0000000000
5902  -9.559  -82.567  -20.630 0.0000000000
4498  -8.342  -84.228  -24.798 0.0000000000
4487  -9.553  -84.468  -23.535 0.0000000000
3820  -9.875  -85.348  -24.719 0.0000000000
3186  -11.910  -86.216  -24.601 0.0000000000
3839  -9.414  -85.862  -26.387 0.0000000000
1423  -9.315  -89.012  -25.268 0.0000000000
1830  -7.553  -89.014  -26.324 0.0000000000
1845  -9.893  -88.813  -27.209 0.0000000000
2273  -10.723  -87.838  -28.327 0.0000000000
1846  -11.302  -89.113  -27.067 0.0000000000
1848  -13.727  -88.949  -27.741 0.0000000000
1835  -13.305  -89.244  -25.927 0.0000000000
1012  -16.283  -91.155  -24.843 0.0000000000
1431  -16.779  -90.178  -25.917 0.0000000000
1035  -18.176  -90.323  -25.394 0.0000000000
1856  -20.537  -89.258  -24.860 0.0000000000
1029  -19.495  -90.899  -25.188 0.0000000000
1019  -23.327  -91.064  -24.483 0.0000000000
29723  -29.372  -60.610  -2.357 0.0000000000
139358  -30.582  -59.671  -2.541 0.0000000000
29766  -30.804  -60.384  -4.010 0.0000000000
22275  -25.620  -66.342  -4.971 0.0000000000
23521  -26.616  -66.037  -4.758 0.0000000000
23537  -26.575  -66.163  -5.765 0.0000000000
26105  -26.300  -63.804  -8.723 0.0000000000
24844  -27.855  -64.784  -8.098 0.0000000000
143862  -28.555  -62.227  -8.028 0.0000000000
28623  -29.695  -61.238  -7.754 0.0000000000
29836  -28.354  -60.831  -7.935 0.0000000000
32073  -28.778  -58.590  -7.791 0.0000000000
29834  -26.704  -60.466  -7.995 0.0000000000
29829  -21.116  -60.519  -8.481 0.0000000000
30924  -23.984  -59.525  -8.419 0.0000000000
148474  -21.614  -59.064  -8.144 0.0000000000
33228  -22.150  -57.250  -7.491 0.0000000000
32065  -19.435  -58.634  -7.440 0.0000000000
141728  -17.411  -74.076  -3.560 0.0000000000
13242  -18.367  -73.870  -2.169 0.0000000000
15503  -16.601  -73.103  -3.616 0.0000000000
18735  -14.427  -69.604  -3.283 0.0000000000
155340  -17.485  -70.314  -3.535 0.0000000000
18748  -16.995  -69.280  -3.937 0.0000000000
18789  -18.856  -68.926  -5.842 0.0000000000
21093  -16.830  -67.988  -4.512 0.0000000000
19905  -8.270  -68.665  -3.163 0.0000000000
19907  -10.167  -68.197  -3.644 0.0000000000
21057  -9.056  -67.447  -1.773 0.0000000000
25993  -11.820  -63.708  -2.301 0.0000000000
24743  -13.120  -64.521  -1.796 0.0000000000
26018  -13.964  -63.910  -3.025 0.0000000000
156255  -16.303  -64.939  -5.082 0.0000000000
26058  -15.344  -63.752  -5.119 0.0000000000
27367  -16.603  -62.911  -6.580 0.0000000000
27352  -13.897  -62.111  -5.354 0.0000000000
32004  -12.025  -58.849  -4.881 0.0000000000
30855  -13.406  -59.414  -5.366 0.0000000000
33190  -14.285  -57.988  -4.850 0.0000000000
33191  -16.355  -57.335  -5.451 0.0000000000
34296  -14.361  -56.349  -4.341 0.0000000000
35409  -15.679  -55.075  -4.063 0.0000000000
34277  -12.667  -56.124  -3.230 0.0000000000
138362  -10.697  -55.609  -1.151 0.0000000000
7463  -12.259  -80.134  -20.694 0.0000000000
133797  -11.959  -79.175  -19.253 0.0000000000
8299  -10.563  -79.222  -20.677 0.0000000000
9194  -4.016  -78.134  -22.319 0.0000000000
142400  -5.711  -78.631  -20.414 0.0000000000
11245  -4.064  -76.836  -21.612 0.0000000000
12330  -6.130  -75.304  -21.624 0.0000000000
139313  -5.297  -73.687  -22.934 0.0000000000
20219  -5.738  -68.607  -25.747 0.0000000000
22593  -5.783  -67.166  -24.318 0.0000000000
20170  -4.088  -68.547  -22.987 0.0000000000
22572  -5.283  -66.370  -22.339 0.0000000000
142996  -4.675  -66.319  -20.693 0.0000000000
23785  -6.355  -64.596  -21.365 0.0000000000
7362  -11.938  -80.310  -12.129 0.0000000000
10095  -11.924  -77.886  -12.075 0.0000000000
8206  -11.904  -79.858  -13.391 0.0000000000
9093  -10.156  -78.101  -14.270 0.0000000000
9110  -9.238  -78.079  -15.581 0.0000000000
130359  -21.265  -85.938  -27.184 0.0000000000
147974  -20.955  -84.191  -28.192 0.0000000000
129922  -21.645  -84.324  -26.182 0.0000000000
147952  -20.739  -82.663  -25.636 0.0000000000
148139  -20.101  -79.782  -24.227 0.0000000000
41199  -28.238  -50.233  -5.594 0.0000000000
41197  -26.435  -50.370  -5.670 0.0000000000
41195  -24.578  -50.446  -5.630 0.0000000000
139158  -22.888  -50.222  -5.255 0.0000000000
154440  -21.657  -49.837  -5.878 0.0000000000
39939  -21.580  -51.376  -5.924 0.0000000000
38742  -18.874  -52.553  -4.941 0.0000000000
38720  -16.943  -53.481  -3.514 0.0000000000
149016  -17.994  -67.888  -0.311 0.0000000000
21062  -20.070  -68.051  -1.554 0.0000000000
19887  -18.872  -68.761  -0.519 0.0000000000
17601  -20.482  -70.624  -0.750 0.0000000000
157493  -21.186  -71.745  -2.196 0.0000000000
141010  -3.084  -65.137  -8.717 0.0000000000
22306  -3.527  -66.153  -6.423 0.0000000000
24817  -3.602  -63.990  -6.533 0.0000000000
37615  -31.206  -54.056  -6.426 0.0000000000
35458  -29.595  -55.486  -7.054 0.0000000000
12095  -14.641  -76.083  -6.307 0.0000000000
11020  -15.935  -76.707  -6.227 0.0000000000
12126  -16.452  -75.138  -8.355 0.0000000000
14449  -19.281  -73.572  -10.896 0.0000000000
14484  -19.359  -72.678  -12.867 0.0000000000
149276  -12.273  -73.519  -18.204 0.0000000000
14547  -12.577  -73.107  -16.620 0.0000000000
14545  -9.903  -72.912  -16.464 0.0000000000
14511  -7.874  -73.176  -15.192 0.0000000000
16716  -5.894  -72.069  -14.248 0.0000000000
17767  -4.263  -70.447  -13.577 0.0000000000
16713  -4.247  -71.074  -14.982 0.0000000000
20075  -3.281  -68.451  -15.419 0.0000000000
22470  -3.370  -66.390  -16.629 0.0000000000
4490  -16.160  -84.438  -23.354 0.0000000000
5929  -16.586  -82.833  -23.274 0.0000000000
5207  -17.345  -84.008  -24.844 0.0000000000
149830  -16.195  -83.344  -26.529 0.0000000000
130426  -14.000  -84.204  -27.798 0.0000000000
6789  -17.741  -81.631  -34.703 0.0000000000
6038  -15.599  -82.706  -34.495 0.0000000000
6820  -15.900  -80.624  -35.879 0.0000000000
7621  -14.189  -79.913  -36.351 0.0000000000
9367  -11.942  -78.794  -36.694 0.0000000000
29717  -16.681  -61.046  -3.755 0.0000000000
28496  -13.456  -60.827  -0.898 0.0000000000
143985  -8.091  -62.105  1.076 0.0000000000
24687  -6.860  -63.809  2.228 0.0000000000
22170  -7.661  -66.846  3.208 0.0000000000
19837  -8.483  -68.604  3.761 0.0000000000
16475  -8.994  -71.112  3.706 0.0000000000
17555  -7.048  -70.654  2.856 0.0000000000
17587  -7.277  -70.926  0.681 0.0000000000
16552  -7.361  -71.798  -1.282 0.0000000000
14360  -3.398  -73.938  -5.022 0.0000000000
143233  -3.486  -76.018  -6.084 0.0000000000
15547  -3.010  -73.137  -8.395 0.0000000000
15563  -4.663  -71.800  -9.952 0.0000000000
14463  -7.094  -73.484  -11.674 0.0000000000
15591  -4.257  -72.572  -11.338 0.0000000000
13390  -4.388  -73.831  -13.136 0.0000000000
13421  -3.585  -74.696  -14.121 0.0000000000
5836  -4.249  -83.469  -13.239 0.0000000000
135162  -4.261  -80.701  -14.719 0.0000000000
141677  -4.888  -82.136  -16.062 0.0000000000
5872  -4.305  -82.005  -19.350 0.0000000000
6673  -5.504  -81.388  -21.116 0.0000000000
140385  -7.437  -82.442  -21.933 0.0000000000
156447  -5.714  -82.409  -22.977 0.0000000000
5192  -5.548  -83.272  -23.989 0.0000000000
157507  -5.462  -84.334  -26.134 0.0000000000
1401  -8.408  -90.396  -23.805 0.0000000000
1412  -9.977  -88.825  -23.866 0.0000000000
1415  -12.605  -88.548  -24.001 0.0000000000
1007  -11.628  -88.691  -22.073 0.0000000000
140920  -14.925  -92.138  -23.240 0.0000000000
29765  -27.604  -60.254  -4.407 0.0000000000
28554  -28.343  -60.960  -2.705 0.0000000000
27308  -28.534  -63.074  -2.878 0.0000000000
21143  -25.404  -68.485  -8.293 0.0000000000
22341  -26.074  -66.905  -7.865 0.0000000000
22358  -25.654  -66.925  -9.364 0.0000000000
24860  -25.168  -64.836  -9.074 0.0000000000
26104  -24.930  -63.155  -8.719 0.0000000000
28646  -24.690  -61.525  -8.548 0.0000000000
27422  -23.411  -63.239  -9.077 0.0000000000
27401  -22.054  -62.020  -9.036 0.0000000000
28642  -20.255  -61.472  -8.543 0.0000000000
16608  -16.450  -71.333  -7.069 0.0000000000
15516  -15.223  -72.360  -5.381 0.0000000000
17646  -14.851  -70.354  -6.231 0.0000000000
134524  -14.518  -68.744  -5.991 0.0000000000
135174  -14.142  -67.612  -3.737 0.0000000000
22208  -6.490  -65.992  -0.128 0.0000000000
132308  -8.915  -66.561  -1.106 0.0000000000
24728  -8.333  -64.869  -0.981 0.0000000000
25990  -8.886  -63.268  -1.986 0.0000000000
27298  -10.866  -62.506  -3.492 0.0000000000
27327  -12.086  -61.861  -4.467 0.0000000000
28568  -10.012  -60.920  -4.171 0.0000000000
30842  -9.091  -59.225  -4.651 0.0000000000
33177  -9.539  -57.293  -4.190 0.0000000000
34293  -11.253  -56.560  -3.296 0.0000000000
34290  -8.737  -57.158  -1.954 0.0000000000
34272  -8.428  -57.076  -1.497 0.0000000000
6704  -8.728  -80.927  -23.991 0.0000000000
8318  -8.866  -79.663  -22.033 0.0000000000
7492  -7.221  -80.310  -23.865 0.0000000000
8326  -4.951  -79.193  -23.848 0.0000000000
155511  -5.131  -77.029  -24.679 0.0000000000
137709  -15.028  -76.196  -10.278 0.0000000000
11089  -16.857  -75.790  -11.531 0.0000000000
10085  -16.353  -77.522  -12.283 0.0000000000
11131  -15.733  -76.939  -15.182 0.0000000000
140581  -14.687  -76.288  -16.474 0.0000000000
11128  -12.396  -76.264  -14.034 0.0000000000
11179  -13.172  -76.126  -16.184 0.0000000000
12281  -12.891  -75.042  -18.212 0.0000000000
14578  -11.636  -74.019  -19.187 0.0000000000
14576  -9.342  -73.532  -19.827 0.0000000000
14573  -6.841  -73.104  -19.856 0.0000000000
2730  -15.308  -86.606  -28.323 0.0000000000
3222  -16.022  -85.225  -29.148 0.0000000000
151574  -17.116  -86.382  -30.178 0.0000000000
135963  -18.069  -85.237  -32.023 0.0000000000
4567  -18.618  -84.164  -32.225 0.0000000000
148189  -20.148  -83.753  -29.442 0.0000000000
156418  -18.781  -82.975  -30.417 0.0000000000
145852  -17.472  -82.241  -32.506 0.0000000000
7587  -17.622  -80.955  -33.694 0.0000000000
154939  -18.387  -79.023  -33.909 0.0000000000
42419  -20.294  -49.363  -6.232 0.0000000000
156119  -3.706  -68.542  0.546 0.0000000000
25985  -23.204  -63.570  -1.420 0.0000000000
24745  -24.867  -64.582  -1.842 0.0000000000
23469  -24.023  -65.136  -1.689 0.0000000000
146737  -23.645  -66.693  -3.121 0.0000000000
22295  -23.745  -66.961  -5.436 0.0000000000
19911  -21.127  -68.323  -3.627 0.0000000000
21094  -22.388  -67.929  -4.994 0.0000000000
19968  -24.022  -68.661  -7.716 0.0000000000
18837  -24.192  -70.115  -9.742 0.0000000000
130287  -22.102  -70.269  -12.192 0.0000000000
152105  -22.200  -68.779  -10.125 0.0000000000
145797  -8.439  -68.850  -8.613 0.0000000000
18785  -9.430  -68.989  -6.329 0.0000000000
135796  -7.874  -69.003  -6.305 0.0000000000
18742  -6.521  -69.264  -4.664 0.0000000000
19895  -5.686  -68.655  -2.410 0.0000000000
21085  -3.570  -67.501  -4.461 0.0000000000
21052  -3.887  -67.785  -2.051 0.0000000000
22216  -5.880  -66.825  -0.677 0.0000000000
23441  -4.411  -64.685  0.643 0.0000000000
149456  -9.225  -78.726  -30.569 0.0000000000
9274  -7.641  -78.048  -29.057 0.0000000000
148145  -24.807  -85.323  -24.077 0.0000000000
148162  -24.234  -83.372  -22.252 0.0000000000
153955  -26.983  -51.811  -6.104 0.0000000000
37609  -25.493  -53.774  -6.314 0.0000000000
35452  -23.243  -54.696  -6.197 0.0000000000
13165  -15.862  -74.573  1.667 0.0000000000
138165  -17.368  -74.991  0.779 0.0000000000
146147  -16.474  -75.833  -0.388 0.0000000000
10976  -17.134  -76.163  -2.428 0.0000000000
13275  -17.365  -74.449  -5.380 0.0000000000
12097  -18.186  -75.169  -7.141 0.0000000000
14403  -18.769  -73.782  -7.253 0.0000000000
15540  -17.708  -72.474  -7.017 0.0000000000
18834  -16.774  -69.837  -8.990 0.0000000000
144409  -14.913  -69.536  -9.301 0.0000000000
17689  -12.075  -70.119  -9.834 0.0000000000
151726  -18.319  -75.355  -13.710 0.0000000000
14522  -18.475  -73.360  -14.343 0.0000000000
152028  -16.744  -72.240  -14.218 0.0000000000
14517  -13.314  -72.804  -14.999 0.0000000000
15613  -14.589  -72.562  -13.847 0.0000000000
16671  -15.549  -71.336  -12.488 0.0000000000
16654  -13.531  -71.180  -11.919 0.0000000000
17729  -11.419  -70.810  -11.219 0.0000000000
18851  -9.768  -69.514  -9.413 0.0000000000
18849  -7.481  -69.585  -9.833 0.0000000000
18846  -4.611  -69.456  -9.669 0.0000000000
20003  -3.513  -68.521  -9.555 0.0000000000
18894  -3.492  -69.498  -12.590 0.0000000000
149024  -2.716  -67.572  -11.762 0.0000000000
131779  -3.192  -65.915  -10.372 0.0000000000
26137  -3.481  -63.697  -10.556 0.0000000000
5865  -13.976  -82.511  -17.610 0.0000000000
7429  -14.931  -80.381  -17.619 0.0000000000
6652  -15.085  -81.133  -18.776 0.0000000000
7465  -14.175  -80.449  -20.354 0.0000000000
6684  -12.328  -81.257  -21.727 0.0000000000
138585  -14.959  -82.296  -23.486 0.0000000000
5936  -12.772  -82.381  -23.117 0.0000000000
6706  -10.619  -81.736  -23.364 0.0000000000
6718  -9.190  -81.959  -25.156 0.0000000000
5966  -8.505  -82.508  -26.878 0.0000000000
5978  -6.866  -82.408  -28.704 0.0000000000
129935  -15.919  -84.908  -28.877 0.0000000000
148093  -13.728  -84.768  -29.337 0.0000000000
148017  -12.195  -85.028  -30.233 0.0000000000
4561  -13.224  -84.028  -33.158 0.0000000000
4546  -11.242  -85.073  -31.853 0.0000000000
130307  -10.690  -84.528  -29.649 0.0000000000
150659  -8.829  -84.075  -30.553 0.0000000000
5266  -7.735  -82.811  -30.635 0.0000000000
7550  -8.058  -81.143  -30.182 0.0000000000
148221  -22.458  -81.351  -22.893 0.0000000000
27359  -23.405  -61.760  -5.367 0.0000000000
28596  -22.124  -61.306  -5.671 0.0000000000
27303  -22.068  -62.946  -4.063 0.0000000000
27274  -21.498  -62.071  -2.361 0.0000000000
25973  -20.277  -63.384  -0.234 0.0000000000
24718  -18.986  -64.578  -0.037 0.0000000000
28499  -17.483  -61.230  -0.543 0.0000000000
153799  -18.177  -63.571  0.433 0.0000000000
23444  -18.153  -65.321  -0.258 0.0000000000
22201  -16.714  -67.187  0.401 0.0000000000
18706  -15.894  -69.054  0.911 0.0000000000
17572  -15.087  -70.357  1.873 0.0000000000
29685  -11.862  -60.125  -1.442 0.0000000000
27235  -12.465  -62.045  0.764 0.0000000000
25949  -9.524  -63.538  1.350 0.0000000000
136922  -11.156  -64.170  1.685 0.0000000000
24698  -12.665  -64.478  1.840 0.0000000000
21012  -12.931  -67.688  1.582 0.0000000000
18678  -13.806  -69.424  1.919 0.0000000000
16481  -14.898  -72.067  3.425 0.0000000000
14264  -14.333  -73.991  2.284 0.0000000000
14288  -13.430  -74.120  0.533 0.0000000000
13222  -13.270  -74.952  -1.803 0.0000000000
143694  -10.864  -72.251  0.825 0.0000000000
15458  -11.729  -72.956  -1.131 0.0000000000
12045  -12.787  -75.086  -3.512 0.0000000000
12077  -12.951  -75.446  -5.424 0.0000000000
13301  -13.095  -74.930  -7.934 0.0000000000
13315  -13.368  -73.831  -9.226 0.0000000000
17584  -4.299  -69.491  -0.538 0.0000000000
16550  -5.111  -71.030  -2.127 0.0000000000
154046  -7.315  -71.776  -3.407 0.0000000000
15509  -4.140  -71.965  -5.319 0.0000000000
15511  -5.879  -71.965  -5.383 0.0000000000
15497  -8.370  -72.074  -4.843 0.0000000000
14385  -9.661  -73.434  -6.592 0.0000000000
14416  -11.952  -73.840  -8.758 0.0000000000
13356  -13.355  -74.155  -10.622 0.0000000000
11067  -12.439  -75.743  -10.301 0.0000000000
10053  -11.525  -77.181  -9.766 0.0000000000
9037  -10.481  -78.628  -10.300 0.0000000000
12188  -8.100  -74.808  -12.388 0.0000000000
10070  -9.300  -77.330  -11.395 0.0000000000
8172  -9.471  -79.519  -11.054 0.0000000000
7359  -9.460  -80.559  -12.305 0.0000000000
6580  -9.947  -81.110  -13.694 0.0000000000
6604  -10.574  -81.590  -15.210 0.0000000000
11062  -6.419  -76.456  -10.296 0.0000000000
150992  -4.495  -76.888  -11.101 0.0000000000
144365  -3.120  -76.235  -13.079 0.0000000000
11151  -3.776  -76.117  -16.000 0.0000000000
8228  -3.231  -79.041  -15.918 0.0000000000
10152  -3.302  -77.661  -16.939 0.0000000000
10155  -5.818  -77.480  -16.745 0.0000000000
152148  -6.761  -79.772  -16.305 0.0000000000
6620  -8.646  -81.284  -16.502 0.0000000000
5863  -11.598  -82.079  -17.177 0.0000000000
5875  -11.757  -82.646  -18.496 0.0000000000
5151  -12.711  -83.579  -19.475 0.0000000000
4471  -12.556  -84.654  -21.365 0.0000000000
5185  -9.271  -83.515  -22.307 0.0000000000
4470  -11.573  -84.636  -21.786 0.0000000000
3807  -13.225  -85.375  -22.655 0.0000000000
152223  -13.771  -85.518  -23.532 0.0000000000
130397  -13.939  -86.212  -25.460 0.0000000000
129929  -13.558  -86.535  -26.343 0.0000000000
3811  -7.137  -85.588  -24.040 0.0000000000
3829  -5.239  -85.564  -25.865 0.0000000000
3846  -5.598  -85.254  -27.287 0.0000000000
2251  -5.695  -88.274  -25.877 0.0000000000
2708  -6.771  -87.190  -27.571 0.0000000000
3856  -7.469  -85.908  -28.191 0.0000000000
130412  -9.553  -86.490  -28.239 0.0000000000
130246  -11.251  -87.182  -27.838 0.0000000000
129938  -13.424  -87.150  -27.652 0.0000000000
146577  -15.237  -87.779  -28.324 0.0000000000
2291  -17.536  -87.164  -26.914 0.0000000000
2294  -19.312  -88.071  -28.935 0.0000000000
1429  -15.349  -89.594  -25.907 0.0000000000
1852  -17.370  -89.262  -27.189 0.0000000000
2724  -21.294  -87.806  -28.005 0.0000000000
130316  -20.233  -87.707  -26.361 0.0000000000
148148  -19.419  -88.948  -24.801 0.0000000000
148164  -20.815  -88.086  -23.249 0.0000000000
448  -17.129  -92.181  -22.526 0.0000000000
700  -19.759  -92.006  -24.066 0.0000000000
1017  -21.162  -91.267  -24.697 0.0000000000
130382  -22.986  -89.596  -25.997 0.0000000000
130467  -23.753  -87.017  -25.118 0.0000000000
130242  -24.279  -87.198  -24.976 0.0000000000
33185  -32.188  -57.430  -4.420 0.0000000000
24747  -26.450  -64.577  -2.416 0.0000000000
24790  -28.321  -64.694  -3.793 0.0000000000
26043  -29.015  -63.976  -4.240 0.0000000000
23555  -27.146  -65.843  -7.634 0.0000000000
24827  -28.837  -64.461  -6.523 0.0000000000
156165  -29.904  -62.501  -5.699 0.0000000000
29798  -30.729  -60.751  -6.222 0.0000000000
156706  -31.309  -59.211  -6.101 0.0000000000
33214  -31.507  -57.884  -6.805 0.0000000000
33213  -30.967  -57.461  -7.440 0.0000000000
146570  -29.313  -56.960  -7.569 0.0000000000
34358  -27.457  -56.732  -7.498 0.0000000000
137621  -25.052  -59.893  -8.279 0.0000000000
30925  -25.313  -58.618  -7.875 0.0000000000
33231  -25.911  -57.123  -7.551 0.0000000000
147171  -24.352  -56.642  -7.414 0.0000000000
34354  -22.496  -56.260  -7.173 0.0000000000
34333  -20.570  -55.589  -6.080 0.0000000000
13184  -18.694  -74.077  0.473 0.0000000000
14330  -19.432  -73.059  -1.551 0.0000000000
16569  -20.281  -71.872  -3.438 0.0000000000
16566  -16.871  -71.649  -2.825 0.0000000000
16579  -18.796  -70.986  -3.524 0.0000000000
16590  -21.015  -71.591  -5.123 0.0000000000
18791  -20.477  -70.002  -6.849 0.0000000000
19982  -20.478  -68.529  -7.905 0.0000000000
21156  -20.055  -66.813  -8.193 0.0000000000
19944  -10.687  -68.874  -5.279 0.0000000000
21088  -11.913  -67.465  -4.450 0.0000000000
22248  -13.227  -66.505  -2.943 0.0000000000
22220  -11.148  -65.929  -1.315 0.0000000000
23477  -13.315  -65.498  -1.618 0.0000000000
22233  -14.803  -66.750  -1.941 0.0000000000
23519  -16.306  -66.271  -4.507 0.0000000000
23553  -18.083  -65.751  -6.880 0.0000000000
23575  -18.947  -65.687  -7.976 0.0000000000
26100  -18.848  -63.954  -8.349 0.0000000000
27377  -18.018  -62.638  -7.786 0.0000000000
29809  -17.177  -60.443  -7.438 0.0000000000
28591  -13.153  -60.943  -5.413 0.0000000000
30870  -15.565  -59.777  -6.461 0.0000000000
32063  -17.819  -59.099  -7.149 0.0000000000
152234  -18.098  -58.344  -6.840 0.0000000000
34331  -18.764  -56.431  -6.148 0.0000000000
147142  -19.757  -55.008  -4.766 0.0000000000
35411  -17.673  -54.836  -4.095 0.0000000000
36478  -16.159  -54.342  -3.036 0.0000000000
36459  -15.193  -54.378  -2.012 0.0000000000
35390  -11.501  -56.555  -1.211 0.0000000000
36441  -12.988  -54.668  -1.154 0.0000000000
8266  -12.554  -79.298  -17.456 0.0000000000
8278  -10.656  -79.130  -17.926 0.0000000000
9141  -8.012  -77.695  -16.961 0.0000000000
9185  -7.709  -78.810  -20.781 0.0000000000
9164  -6.622  -77.657  -18.889 0.0000000000
11190  -6.602  -75.968  -17.761 0.0000000000
11234  -7.572  -75.795  -20.646 0.0000000000
14600  -7.157  -73.863  -21.278 0.0000000000
15673  -5.482  -71.770  -20.687 0.0000000000
11347  -6.685  -77.204  -28.030 0.0000000000
11331  -5.883  -76.290  -26.537 0.0000000000
146104  -5.688  -74.957  -24.709 0.0000000000
17949  -5.877  -70.725  -26.936 0.0000000000
153906  -4.242  -71.140  -26.561 0.0000000000
14627  -5.599  -73.181  -23.951 0.0000000000
140490  -4.919  -70.862  -23.017 0.0000000000
17861  -3.976  -70.394  -21.452 0.0000000000
17817  -3.625  -70.272  -19.971 0.0000000000
20131  -3.693  -68.269  -19.165 0.0000000000
22513  -4.014  -66.034  -18.785 0.0000000000
23721  -4.098  -64.948  -17.640 0.0000000000
26250  -6.549  -63.462  -17.517 0.0000000000
26227  -5.617  -63.217  -16.230 0.0000000000
6606  -13.045  -81.782  -15.555 0.0000000000
7396  -13.593  -80.913  -14.986 0.0000000000
6608  -13.959  -81.337  -15.817 0.0000000000
148219  -20.770  -85.956  -21.126 0.0000000000
148224  -20.194  -84.176  -20.664 0.0000000000
148128  -21.773  -84.352  -21.420 0.0000000000
36515  -22.066  -54.461  -5.786 0.0000000000
37594  -22.740  -53.935  -5.773 0.0000000000
37593  -21.684  -54.213  -5.502 0.0000000000
37592  -20.796  -54.774  -4.704 0.0000000000
36513  -20.703  -54.907  -4.376 0.0000000000
16510  -17.003  -71.888  2.156 0.0000000000
16511  -17.704  -71.664  1.609 0.0000000000
15409  -17.535  -72.568  1.944 0.0000000000
155597  -32.828  -55.658  -5.189 0.0000000000
147539  -14.779  -73.993  -9.540 0.0000000000
13358  -15.982  -74.539  -10.468 0.0000000000
14563  -5.646  -72.515  -18.300 0.0000000000
14553  -5.759  -73.046  -17.408 0.0000000000
16724  -3.771  -71.372  -17.616 0.0000000000
16726  -3.704  -71.424  -18.669 0.0000000000
129945  -17.228  -86.722  -26.966 0.0000000000
129951  -18.189  -86.252  -26.962 0.0000000000
129950  -18.250  -86.293  -27.668 0.0000000000
23420  -3.175  -65.001  2.525 0.0000000000
22178  -3.584  -65.355  2.137 0.0000000000
22179  -4.506  -65.947  2.111 0.0000000000
20995  -4.804  -66.879  1.777 0.0000000000
19843  -5.352  -67.764  1.796 0.0000000000
21010  -4.389  -67.539  1.357 0.0000000000
13297  -6.507  -74.802  -8.155 0.0000000000
13296  -5.283  -75.375  -7.788 0.0000000000
138880  -5.724  -74.760  -8.689 0.0000000000
135456  -5.617  -74.782  -10.116 0.0000000000
13352  -6.446  -74.814  -9.918 0.0000000000
4438  -6.574  -84.749  -18.679 0.0000000000
4437  -6.314  -84.324  -18.862 0.0000000000
4449  -6.525  -84.587  -19.582 0.0000000000
143244  -5.887  -84.407  -21.542 0.0000000000
3787  -6.935  -85.000  -21.390 0.0000000000
27305  -24.550  -62.461  -3.943 0.0000000000
144451  -25.340  -62.574  -3.363 0.0000000000
27276  -24.869  -62.981  -2.888 0.0000000000
21165  -21.772  -67.656  -9.456 0.0000000000
22374  -22.674  -66.831  -9.882 0.0000000000
22373  -21.669  -66.634  -9.634 0.0000000000
23613  -21.370  -65.625  -9.776 0.0000000000
22372  -20.773  -66.121  -9.407 0.0000000000
18829  -11.938  -69.588  -8.488 0.0000000000
18807  -12.495  -69.199  -7.821 0.0000000000
18806  -11.358  -69.223  -7.825 0.0000000000
28506  -5.935  -61.031  -0.563 0.0000000000
7539  -6.252  -80.892  -27.799 0.0000000000
7523  -6.193  -80.397  -26.907 0.0000000000
8377  -6.417  -80.022  -27.671 0.0000000000
8175  -12.980  -79.593  -10.153 0.0000000000
9057  -13.975  -79.017  -10.808 0.0000000000
8198  -13.113  -79.210  -11.152 0.0000000000
11155  -9.090  -76.315  -15.177 0.0000000000
12254  -9.542  -75.744  -15.503 0.0000000000
156864  -8.940  -75.529  -16.647 0.0000000000
11192  -9.006  -75.640  -17.447 0.0000000000
148589  -8.375  -75.647  -16.844 0.0000000000
2748  -20.450  -86.730  -29.639 0.0000000000
129912  -20.536  -86.282  -30.045 0.0000000000
148053  -20.914  -85.834  -29.105 0.0000000000
130186  -19.035  -79.950  -26.894 0.0000000000
147997  -18.439  -80.546  -27.589 0.0000000000
148030  -18.726  -80.182  -28.403 0.0000000000
8395  -18.986  -79.615  -30.346 0.0000000000
39920  -16.807  -52.317  -3.789 0.0000000000
39926  -17.033  -51.272  -4.195 0.0000000000
39919  -15.934  -52.021  -3.320 0.0000000000
41162  -15.736  -50.961  -3.528 0.0000000000
39908  -15.106  -52.264  -2.144 0.0000000000
23466  -20.074  -65.808  -0.940 0.0000000000
22224  -20.870  -66.562  -1.510 0.0000000000
22223  -20.091  -66.958  -1.120 0.0000000000
142726  -22.147  -71.620  -3.967 0.0000000000
137117  -22.348  -70.985  -4.264 0.0000000000
16592  -22.124  -71.203  -5.673 0.0000000000
16602  -22.332  -70.868  -6.751 0.0000000000
16591  -21.671  -71.558  -5.349 0.0000000000
19978  -4.006  -68.649  -8.123 0.0000000000
18800  -4.529  -68.502  -7.490 0.0000000000
141618  -3.868  -67.843  -7.825 0.0000000000
36533  -29.123  -54.614  -6.830 0.0000000000
158036  -29.261  -53.411  -6.536 0.0000000000
36532  -28.134  -54.509  -6.806 0.0000000000
36531  -27.227  -54.445  -6.770 0.0000000000
12031  -14.211  -76.501  -2.884 0.0000000000
10973  -15.026  -76.831  -2.749 0.0000000000
10985  -14.830  -76.739  -3.668 0.0000000000
16675  -19.512  -71.488  -12.340 0.0000000000
17736  -19.575  -70.761  -11.236 0.0000000000
17752  -18.460  -70.540  -12.170 0.0000000000
17734  -18.029  -70.099  -11.501 0.0000000000
17751  -17.419  -70.535  -12.154 0.0000000000
12273  -14.977  -74.901  -17.077 0.0000000000
13439  -15.577  -74.510  -16.575 0.0000000000
13438  -14.885  -74.206  -17.006 0.0000000000
15607  -7.861  -72.451  -14.097 0.0000000000
15608  -9.295  -72.410  -13.990 0.0000000000
16692  -8.542  -71.870  -13.586 0.0000000000
16664  -8.966  -71.367  -12.751 0.0000000000
16663  -7.973  -71.243  -12.843 0.0000000000
17747  -6.336  -70.669  -12.281 0.0000000000
16661  -5.895  -71.040  -13.063 0.0000000000
22446  -3.337  -66.143  -15.491 0.0000000000
131755  -3.221  -65.792  -13.952 0.0000000000
131915  -3.424  -64.585  -14.845 0.0000000000
24943  -3.372  -64.159  -14.137 0.0000000000
26201  -3.758  -63.635  -14.849 0.0000000000
5176  -15.205  -83.469  -21.001 0.0000000000
5166  -15.630  -82.643  -20.867 0.0000000000
5177  -15.872  -82.994  -21.405 0.0000000000
5233  -13.254  -84.084  -27.120 0.0000000000
5222  -12.695  -83.707  -26.383 0.0000000000
5232  -12.207  -84.150  -27.119 0.0000000000
5231  -11.200  -83.980  -27.351 0.0000000000
4528  -11.215  -84.362  -28.207 0.0000000000
4564  -16.964  -84.104  -33.147 0.0000000000
4563  -15.613  -84.333  -32.805 0.0000000000
4574  -16.493  -83.584  -33.513 0.0000000000
7608  -11.881  -80.331  -35.701 0.0000000000
6034  -11.652  -82.094  -34.893 0.0000000000
6788  -11.022  -81.728  -34.701 0.0000000000
6033  -10.343  -81.901  -34.271 0.0000000000
7597  -10.567  -80.851  -34.439 0.0000000000
7583  -10.369  -80.724  -34.128 0.0000000000
28549  -18.234  -61.243  -4.174 0.0000000000
28548  -17.383  -61.124  -3.973 0.0000000000
27237  -14.584  -62.138  0.981 0.0000000000
27238  -15.508  -62.398  1.084 0.0000000000
25954  -14.692  -63.444  1.627 0.0000000000
140298  -14.851  -64.892  1.677 0.0000000000
24700  -14.394  -64.238  1.796 0.0000000000
19845  -9.877  -68.161  2.978 0.0000000000
20998  -10.404  -67.640  2.327 0.0000000000
19839  -10.742  -69.118  3.376 0.0000000000
18665  -11.243  -69.659  3.631 0.0000000000
17545  -10.612  -70.218  4.207 0.0000000000
16477  -11.449  -71.518  3.801 0.0000000000
131113  -10.004  -71.109  3.891 0.0000000000
16560  -9.194  -71.562  -2.097 0.0000000000
15455  -9.600  -72.025  -2.204 0.0000000000
15472  -9.635  -72.094  -3.014 0.0000000000
15500  -10.729  -72.665  -4.103 0.0000000000
15484  -9.596  -72.163  -3.804 0.0000000000
131522  -3.761  -74.470  -1.829 0.0000000000
14337  -3.429  -73.420  -2.420 0.0000000000
13233  -3.571  -74.519  -2.666 0.0000000000
15550  -6.394  -71.890  -8.885 0.0000000000
135011  -6.728  -72.070  -8.042 0.0000000000
15564  -7.567  -72.390  -9.451 0.0000000000
15552  -7.821  -72.717  -9.077 0.0000000000
15576  -7.865  -72.798  -10.034 0.0000000000
14445  -9.571  -73.747  -10.769 0.0000000000
151360  -8.133  -73.292  -10.557 0.0000000000
12230  -6.022  -75.704  -14.532 0.0000000000
11107  -6.821  -76.325  -14.046 0.0000000000
10093  -6.880  -77.352  -14.133 0.0000000000
10109  -6.456  -77.534  -14.937 0.0000000000
6571  -4.016  -82.253  -11.897 0.0000000000
146167  -4.017  -82.018  -10.989 0.0000000000
7320  -4.206  -80.167  -9.507 0.0000000000
155999  -4.004  -80.819  -10.861 0.0000000000
8195  -4.083  -79.403  -12.107 0.0000000000
7357  -4.160  -80.393  -12.196 0.0000000000
6674  -5.992  -80.817  -20.782 0.0000000000
7454  -5.855  -80.237  -19.958 0.0000000000
6662  -6.804  -80.969  -19.950 0.0000000000
6663  -7.622  -81.162  -19.091 0.0000000000
145945  -7.636  -81.423  -19.917 0.0000000000
5887  -9.047  -82.112  -20.121 0.0000000000
5901  -8.668  -82.352  -20.857 0.0000000000
4505  -7.992  -84.436  -25.714 0.0000000000
4506  -9.005  -84.955  -25.159 0.0000000000
3831  -9.609  -85.555  -25.565 0.0000000000
3830  -8.687  -85.302  -26.080 0.0000000000
1424  -10.161  -88.815  -24.891 0.0000000000
1832  -9.512  -89.217  -26.219 0.0000000000
147522  -10.565  -88.750  -27.323 0.0000000000
1833  -10.573  -89.255  -26.228 0.0000000000
147069  -12.267  -89.295  -26.688 0.0000000000
1834  -11.660  -89.366  -25.909 0.0000000000
147813  -16.925  -91.384  -24.321 0.0000000000
142549  -17.102  -91.130  -25.011 0.0000000000
1027  -17.864  -91.085  -25.067 0.0000000000
1028  -18.660  -91.036  -25.136 0.0000000000
1014  -18.356  -91.459  -24.473 0.0000000000
669  -23.923  -92.144  -22.194 0.0000000000
28531  -29.585  -61.009  -2.527 0.0000000000
29724  -29.996  -60.473  -2.482 0.0000000000
28556  -30.046  -61.089  -2.969 0.0000000000
29746  -30.552  -60.494  -3.106 0.0000000000
28579  -30.475  -61.115  -4.012 0.0000000000
22296  -24.780  -66.550  -5.930 0.0000000000
22297  -25.914  -66.419  -5.964 0.0000000000
22320  -25.509  -66.693  -6.894 0.0000000000
27405  -26.440  -62.860  -8.545 0.0000000000
27406  -27.378  -62.966  -8.461 0.0000000000
138931  -27.710  -62.241  -8.211 0.0000000000
28622  -28.866  -61.402  -7.965 0.0000000000
28650  -28.004  -61.463  -7.982 0.0000000000
29835  -27.576  -60.661  -7.926 0.0000000000
28649  -27.035  -61.403  -8.116 0.0000000000
30921  -21.375  -59.766  -8.370 0.0000000000
30920  -20.580  -59.952  -8.224 0.0000000000
32066  -20.657  -58.772  -7.814 0.0000000000
30898  -20.088  -59.257  -7.810 0.0000000000
14376  -16.665  -73.598  -4.777 0.0000000000
14364  -17.132  -73.540  -3.905 0.0000000000
19909  -15.075  -68.874  -2.944 0.0000000000
18747  -16.206  -69.515  -3.029 0.0000000000
19928  -16.404  -68.690  -3.622 0.0000000000
19929  -17.065  -68.692  -4.466 0.0000000000
21092  -16.194  -67.812  -3.625 0.0000000000
19897  -7.747  -68.373  -2.452 0.0000000000
19898  -8.677  -68.003  -2.475 0.0000000000
21056  -8.168  -67.752  -1.808 0.0000000000
26016  -12.727  -63.095  -3.239 0.0000000000
25994  -12.550  -63.771  -2.421 0.0000000000
26017  -13.432  -63.425  -3.330 0.0000000000
26041  -14.743  -63.755  -4.397 0.0000000000
27330  -14.215  -62.877  -4.875 0.0000000000
27329  -13.372  -62.494  -4.669 0.0000000000
138938  -12.379  -57.930  -4.592 0.0000000000
32015  -12.943  -58.763  -4.858 0.0000000000
32005  -13.395  -57.788  -4.604 0.0000000000
33181  -14.108  -57.198  -4.553 0.0000000000
34295  -13.464  -56.615  -4.221 0.0000000000
34294  -11.998  -56.536  -3.500 0.0000000000
7473  -11.475  -80.236  -21.234 0.0000000000
8300  -11.400  -79.595  -20.663 0.0000000000
7472  -10.316  -80.052  -21.780 0.0000000000
11276  -3.959  -77.053  -22.825 0.0000000000
10213  -3.775  -77.541  -21.912 0.0000000000
11258  -3.808  -76.929  -22.186 0.0000000000
12351  -4.175  -76.054  -22.276 0.0000000000
13499  -5.232  -74.585  -23.174 0.0000000000
22594  -6.742  -66.876  -24.542 0.0000000000
22582  -6.371  -66.346  -23.744 0.0000000000
21346  -5.377  -66.925  -23.288 0.0000000000
23822  -5.931  -65.794  -22.996 0.0000000000
23803  -5.817  -65.508  -22.137 0.0000000000
23804  -6.621  -65.121  -22.477 0.0000000000
6573  -11.944  -80.774  -12.899 0.0000000000
137568  -11.852  -79.909  -12.551 0.0000000000
141285  -12.215  -80.441  -13.535 0.0000000000
152074  -12.109  -79.445  -14.802 0.0000000000
8216  -11.623  -79.265  -13.898 0.0000000000
9112  -11.036  -78.922  -14.728 0.0000000000
9111  -10.073  -78.483  -15.239 0.0000000000
9132  -10.873  -79.069  -15.889 0.0000000000
148038  -21.135  -85.290  -25.843 0.0000000000
129918  -21.606  -85.011  -26.581 0.0000000000
155510  -21.410  -85.135  -25.942 0.0000000000
148176  -21.535  -83.815  -25.749 0.0000000000
148134  -21.160  -83.819  -25.821 0.0000000000
148172  -20.234  -81.517  -23.922 0.0000000000
148126  -19.531  -80.491  -23.867 0.0000000000
148218  -20.385  -80.421  -23.397 0.0000000000
138180  -26.939  -50.964  -5.827 0.0000000000
41198  -27.344  -50.334  -5.645 0.0000000000
152929  -26.006  -51.188  -5.934 0.0000000000
39941  -23.380  -51.703  -5.802 0.0000000000
155033  -24.580  -51.186  -5.833 0.0000000000
142235  -23.903  -51.031  -5.675 0.0000000000
139157  -23.626  -50.270  -5.391 0.0000000000
41194  -23.079  -50.887  -5.468 0.0000000000
41193  -22.334  -50.689  -5.606 0.0000000000
37591  -20.048  -53.874  -4.631 0.0000000000
151231  -19.551  -53.081  -5.185 0.0000000000
38732  -19.177  -53.690  -4.604 0.0000000000
38731  -18.368  -53.504  -4.219 0.0000000000
142937  -17.683  -53.819  -3.729 0.0000000000
19878  -17.258  -68.384  0.139 0.0000000000
19891  -18.651  -67.982  -0.651 0.0000000000
19886  -18.200  -68.622  -0.155 0.0000000000
16525  -19.142  -71.614  0.716 0.0000000000
17591  -19.305  -70.882  0.371 0.0000000000
17600  -19.945  -70.732  -0.128 0.0000000000
16542  -20.777  -71.326  -1.148 0.0000000000
15442  -20.461  -72.153  -1.003 0.0000000000
24854  -3.479  -64.114  -8.526 0.0000000000
23586  -3.144  -64.430  -8.104 0.0000000000
36517  -31.867  -54.588  -6.306 0.0000000000
136253  -32.094  -53.702  -5.913 0.0000000000
36535  -31.007  -54.872  -6.652 0.0000000000
154648  -30.500  -54.233  -6.600 0.0000000000
136474  -14.421  -75.621  -7.125 0.0000000000
11019  -15.411  -76.125  -6.896 0.0000000000
13359  -17.784  -74.306  -10.844 0.0000000000
131797  -17.913  -73.966  -10.265 0.0000000000
14465  -19.183  -73.681  -11.671 0.0000000000
14466  -19.604  -72.906  -12.049 0.0000000000
14483  -19.188  -73.461  -12.634 0.0000000000
14558  -11.339  -73.211  -18.090 0.0000000000
14546  -10.984  -72.915  -16.932 0.0000000000
14556  -9.335  -72.932  -17.409 0.0000000000
14527  -6.520  -73.208  -15.872 0.0000000000
136880  -7.942  -73.111  -15.969 0.0000000000
15649  -6.927  -73.040  -15.249 0.0000000000
15633  -7.404  -72.794  -14.663 0.0000000000
15631  -5.478  -72.546  -14.836 0.0000000000
16715  -4.980  -71.966  -14.356 0.0000000000
16719  -4.396  -71.839  -15.440 0.0000000000
137356  -3.820  -69.758  -17.141 0.0000000000
139755  -4.050  -69.591  -16.191 0.0000000000
20082  -3.434  -68.261  -16.307 0.0000000000
21237  -3.070  -67.742  -15.772 0.0000000000
21253  -3.349  -67.422  -16.749 0.0000000000
3815  -15.825  -85.083  -23.853 0.0000000000
4491  -16.965  -84.026  -23.797 0.0000000000
130408  -17.190  -84.274  -24.561 0.0000000000
148051  -17.198  -84.372  -27.516 0.0000000000
130252  -17.025  -83.829  -26.686 0.0000000000
148073  -16.189  -83.687  -27.297 0.0000000000
147850  -14.201  -83.898  -27.164 0.0000000000
5234  -15.091  -83.891  -27.631 0.0000000000
6806  -17.327  -81.171  -35.207 0.0000000000
6805  -16.489  -81.310  -35.323 0.0000000000
6821  -16.816  -80.624  -35.621 0.0000000000
8445  -15.221  -79.219  -36.462 0.0000000000
9368  -13.016  -78.714  -36.893 0.0000000000
22169  -6.496  -66.758  3.293 0.0000000000
153994  -6.807  -66.073  3.113 0.0000000000
20984  -7.109  -67.696  3.584 0.0000000000
20985  -8.108  -67.845  3.479 0.0000000000
19836  -7.572  -68.540  3.784 0.0000000000
132976  -7.619  -70.043  3.706 0.0000000000
18661  -7.186  -69.238  3.748 0.0000000000
18691  -6.233  -69.368  1.496 0.0000000000
144951  -6.627  -70.260  1.879 0.0000000000
16520  -8.046  -71.339  0.054 0.0000000000
16519  -6.910  -71.166  -0.069 0.0000000000
10996  -4.238  -77.106  -4.804 0.0000000000
12071  -3.596  -76.399  -5.290 0.0000000000
11009  -3.845  -76.609  -5.785 0.0000000000
13295  -3.182  -74.684  -8.053 0.0000000000
153090  -3.081  -74.352  -7.740 0.0000000000
141504  -2.847  -73.507  -8.958 0.0000000000
15562  -4.200  -71.798  -9.265 0.0000000000
152456  -3.875  -72.001  -9.932 0.0000000000
15573  -4.070  -72.178  -10.604 0.0000000000
140473  -3.517  -72.680  -10.242 0.0000000000
13372  -3.339  -74.160  -12.076 0.0000000000
14478  -3.581  -73.664  -12.333 0.0000000000
13388  -3.330  -74.128  -12.770 0.0000000000
13403  -3.951  -74.189  -13.649 0.0000000000
13402  -3.374  -74.407  -13.359 0.0000000000
4397  -5.302  -84.798  -14.903 0.0000000000
148966  -4.859  -84.577  -14.105 0.0000000000
5081  -4.229  -84.154  -12.803 0.0000000000
151905  -4.731  -83.709  -14.792 0.0000000000
136638  -4.780  -82.654  -14.902 0.0000000000
5841  -5.010  -83.458  -15.641 0.0000000000
133831  -5.553  -83.330  -18.984 0.0000000000
5135  -4.916  -82.714  -18.752 0.0000000000
130540  -4.965  -82.715  -19.528 0.0000000000
133327  -4.827  -81.437  -20.565 0.0000000000
5898  -5.018  -82.212  -20.874 0.0000000000
5911  -5.816  -81.902  -21.808 0.0000000000
5922  -4.976  -82.749  -22.180 0.0000000000
136471  -4.974  -84.205  -23.362 0.0000000000
5191  -4.913  -83.664  -23.476 0.0000000000
5200  -4.866  -83.875  -24.285 0.0000000000
5210  -5.865  -83.893  -25.455 0.0000000000
4496  -5.196  -84.347  -25.603 0.0000000000
1402  -9.546  -89.071  -22.856 0.0000000000
1404  -11.308  -88.640  -22.446 0.0000000000
30861  -27.133  -58.868  -5.393 0.0000000000
29764  -26.875  -60.542  -5.008 0.0000000000
28529  -27.110  -62.232  -2.759 0.0000000000
28553  -27.671  -61.451  -2.891 0.0000000000
143394  -27.774  -62.036  -2.555 0.0000000000
27280  -28.263  -62.398  -2.560 0.0000000000
26001  -27.991  -63.281  -2.631 0.0000000000
21157  -25.128  -68.381  -9.508 0.0000000000
21158  -25.766  -67.887  -8.931 0.0000000000
21168  -24.858  -67.347  -9.822 0.0000000000
133940  -23.777  -65.269  -9.741 0.0000000000
148769  -24.602  -65.334  -9.484 0.0000000000
153389  -24.210  -64.587  -9.404 0.0000000000
137302  -25.465  -63.930  -8.879 0.0000000000
26129  -23.777  -63.844  -9.237 0.0000000000
26103  -24.109  -63.180  -8.923 0.0000000000
26128  -22.968  -63.733  -9.329 0.0000000000
26126  -21.157  -63.633  -9.511 0.0000000000
27420  -21.612  -62.868  -9.134 0.0000000000
27419  -20.684  -62.997  -9.151 0.0000000000
27400  -20.956  -62.059  -8.778 0.0000000000
157498  -20.133  -62.095  -8.712 0.0000000000
17660  -16.164  -70.487  -7.570 0.0000000000
16607  -15.608  -70.963  -6.721 0.0000000000
17659  -15.500  -70.005  -7.285 0.0000000000
19963  -14.004  -68.040  -6.669 0.0000000000
149050  -14.658  -68.605  -6.673 0.0000000000
21108  -14.180  -67.780  -6.005 0.0000000000
19947  -14.467  -68.206  -5.537 0.0000000000
21107  -13.826  -67.471  -5.611 0.0000000000
137673  -6.597  -64.917  0.114 0.0000000000
24717  -7.566  -64.829  -0.375 0.0000000000
145246  -6.996  -64.108  -0.296 0.0000000000
27269  -7.833  -61.850  -1.895 0.0000000000
27258  -8.160  -62.680  -1.664 0.0000000000
27270  -8.651  -62.325  -2.358 0.0000000000
27271  -10.192  -62.891  -2.792 0.0000000000
28524  -9.201  -61.997  -3.055 0.0000000000
28546  -10.369  -61.772  -4.038 0.0000000000
28544  -8.894  -61.247  -3.372 0.0000000000
30826  -7.175  -58.996  -3.641 0.0000000000
29753  -8.562  -59.944  -4.194 0.0000000000
30841  -7.881  -59.043  -4.298 0.0000000000
32001  -9.286  -58.033  -4.766 0.0000000000
32000  -8.347  -58.253  -4.376 0.0000000000
140953  -8.630  -57.278  -3.826 0.0000000000
33176  -8.184  -57.447  -2.849 0.0000000000
34271  -7.796  -57.389  -1.457 0.0000000000
6711  -8.106  -81.228  -24.752 0.0000000000
7493  -8.237  -80.384  -23.499 0.0000000000
7501  -6.939  -80.750  -24.771 0.0000000000
9236  -5.631  -79.292  -25.715 0.0000000000
8339  -5.464  -79.655  -24.698 0.0000000000
9223  -5.050  -79.015  -24.674 0.0000000000
133677  -4.712  -78.508  -23.953 0.0000000000
136643  -5.395  -77.526  -25.035 0.0000000000
11050  -14.416  -77.053  -9.773 0.0000000000
10056  -16.135  -77.286  -11.140 0.0000000000
10055  -15.607  -77.756  -10.811 0.0000000000
10098  -15.057  -77.586  -13.179 0.0000000000
10115  -15.314  -77.332  -14.184 0.0000000000
11130  -14.573  -76.961  -14.961 0.0000000000
11160  -15.035  -76.722  -15.931 0.0000000000
9080  -11.142  -77.873  -12.777 0.0000000000
10112  -11.890  -77.098  -13.016 0.0000000000
146673  -11.426  -76.571  -13.758 0.0000000000
133510  -11.833  -75.864  -16.732 0.0000000000
136344  -12.060  -75.711  -15.710 0.0000000000
132846  -12.347  -75.853  -17.384 0.0000000000
11194  -13.256  -75.836  -17.164 0.0000000000
12270  -12.663  -75.502  -17.845 0.0000000000
13445  -12.426  -74.701  -18.699 0.0000000000
12297  -11.765  -75.039  -19.266 0.0000000000
12312  -9.506  -75.250  -20.395 0.0000000000
13465  -10.322  -74.226  -19.982 0.0000000000
130567  -9.004  -73.832  -20.656 0.0000000000
14574  -7.727  -73.413  -19.750 0.0000000000
14586  -7.539  -73.528  -20.633 0.0000000000
2743  -17.312  -86.114  -28.025 0.0000000000
2742  -16.269  -85.556  -28.929 0.0000000000
156995  -17.629  -85.900  -29.086 0.0000000000
156788  -19.695  -85.159  -31.377 0.0000000000
3871  -19.031  -85.447  -31.513 0.0000000000
3884  -19.436  -84.875  -31.829 0.0000000000
4555  -18.615  -84.719  -32.182 0.0000000000
148019  -19.222  -84.090  -31.292 0.0000000000
148191  -20.557  -83.408  -27.685 0.0000000000
147990  -20.264  -83.518  -28.576 0.0000000000
148182  -19.534  -82.682  -27.910 0.0000000000
130420  -17.752  -81.964  -29.827 0.0000000000
147991  -18.495  -82.462  -29.395 0.0000000000
156137  -18.070  -82.602  -30.793 0.0000000000
130320  -18.045  -82.912  -31.806 0.0000000000
148113  -17.489  -82.325  -31.425 0.0000000000
6780  -18.038  -81.850  -33.601 0.0000000000
6770  -17.249  -81.012  -32.575 0.0000000000
9321  -18.887  -78.505  -32.026 0.0000000000
8420  -18.258  -79.276  -33.314 0.0000000000
9352  -18.425  -77.776  -33.988 0.0000000000
41192  -20.821  -50.779  -6.005 0.0000000000
141559  -21.052  -49.845  -6.126 0.0000000000
41191  -20.132  -50.203  -6.056 0.0000000000
41188  -17.655  -50.200  -5.177 0.0000000000
42417  -18.419  -49.794  -5.827 0.0000000000
42416  -17.430  -49.402  -5.547 0.0000000000
24722  -22.654  -63.899  -0.976 0.0000000000
24735  -23.275  -64.413  -1.178 0.0000000000
24734  -22.473  -64.644  -0.935 0.0000000000
22236  -22.061  -66.695  -2.596 0.0000000000
22237  -22.824  -66.663  -2.734 0.0000000000
22252  -22.779  -66.980  -3.718 0.0000000000
22253  -23.495  -66.920  -4.350 0.0000000000
22273  -22.618  -67.216  -4.568 0.0000000000
19899  -20.633  -68.541  -2.310 0.0000000000
21063  -20.795  -67.971  -2.112 0.0000000000
19900  -20.861  -68.982  -3.187 0.0000000000
18770  -22.629  -69.926  -5.479 0.0000000000
19931  -22.138  -68.976  -5.007 0.0000000000
19950  -22.756  -68.854  -5.721 0.0000000000
21111  -23.036  -67.920  -5.830 0.0000000000
19967  -23.271  -68.706  -6.588 0.0000000000
18814  -23.987  -69.989  -8.353 0.0000000000
130355  -21.934  -71.437  -10.047 0.0000000000
148103  -22.213  -71.483  -10.823 0.0000000000
129994  -21.677  -71.108  -10.967 0.0000000000
18874  -21.768  -69.577  -11.313 0.0000000000
18860  -21.593  -70.451  -10.718 0.0000000000
18827  -7.605  -68.766  -8.032 0.0000000000
132759  -7.793  -68.745  -7.166 0.0000000000
18783  -6.990  -68.854  -6.783 0.0000000000
18740  -4.581  -69.108  -4.972 0.0000000000
18761  -6.199  -69.207  -5.499 0.0000000000
19920  -5.924  -69.180  -3.946 0.0000000000
19903  -6.334  -69.046  -3.101 0.0000000000
19902  -5.298  -68.957  -3.246 0.0000000000
22285  -3.412  -66.034  -5.564 0.0000000000
21104  -3.719  -67.526  -5.303 0.0000000000
22265  -3.091  -66.412  -4.519 0.0000000000
22213  -2.660  -65.923  -1.543 0.0000000000
21051  -3.047  -67.240  -2.364 0.0000000000
21040  -3.142  -66.947  -1.704 0.0000000000
21041  -4.105  -67.481  -1.248 0.0000000000
22215  -4.530  -66.820  -0.715 0.0000000000
22207  -5.022  -66.078  -0.227 0.0000000000
22206  -3.642  -65.985  -0.309 0.0000000000
130245  -25.899  -84.762  -24.095 0.0000000000
148178  -26.090  -84.592  -23.876 0.0000000000
148058  -26.058  -85.174  -24.916 0.0000000000
39963  -30.072  -51.980  -6.053 0.0000000000
153635  -28.666  -50.880  -5.765 0.0000000000
147930  -28.131  -52.089  -6.343 0.0000000000
156288  -25.596  -54.365  -6.597 0.0000000000
37610  -26.376  -53.438  -6.422 0.0000000000
36529  -24.896  -54.527  -6.409 0.0000000000
36528  -24.028  -54.400  -5.930 0.0000000000
13181  -15.262  -74.994  0.839 0.0000000000
13182  -16.319  -75.056  0.861 0.0000000000
11988  -15.776  -75.504  0.023 0.0000000000
10987  -16.360  -76.642  -3.277 0.0000000000
10975  -16.610  -76.529  -2.445 0.0000000000
12079  -17.220  -75.785  -4.524 0.0000000000
149444  -17.405  -75.069  -4.925 0.0000000000
13288  -17.860  -74.555  -6.239 0.0000000000
12128  -18.274  -75.164  -7.912 0.0000000000
12116  -17.586  -75.620  -7.331 0.0000000000
13320  -19.237  -74.186  -8.267 0.0000000000
16630  -19.590  -71.200  -9.579 0.0000000000
149950  -19.359  -73.160  -7.772 0.0000000000
16621  -18.765  -71.521  -8.357 0.0000000000
16610  -18.345  -71.935  -7.620 0.0000000000
16620  -17.859  -71.171  -8.148 0.0000000000
17673  -17.423  -70.294  -8.766 0.0000000000
17715  -15.437  -70.261  -10.691 0.0000000000
18872  -16.157  -69.895  -10.153 0.0000000000
18871  -15.193  -70.051  -9.950 0.0000000000
17691  -13.577  -70.034  -9.599 0.0000000000
17713  -13.405  -70.336  -10.216 0.0000000000
11110  -17.459  -76.434  -13.447 0.0000000000
12208  -18.015  -75.741  -13.106 0.0000000000
137018  -17.927  -75.846  -14.011 0.0000000000
14538  -17.146  -73.764  -15.306 0.0000000000
13423  -17.618  -74.126  -15.111 0.0000000000
14521  -17.685  -73.390  -14.901 0.0000000000
15642  -18.021  -72.663  -14.479 0.0000000000
15640  -16.098  -72.692  -14.542 0.0000000000
134069  -11.607  -72.925  -16.170 0.0000000000
14533  -13.110  -72.918  -15.933 0.0000000000
135283  -11.848  -72.706  -15.289 0.0000000000
137442  -12.257  -72.477  -13.362 0.0000000000
15637  -12.571  -72.640  -13.812 0.0000000000
15611  -13.020  -72.562  -13.480 0.0000000000
16696  -15.173  -71.880  -13.356 0.0000000000
15601  -13.396  -72.207  -13.086 0.0000000000
16670  -14.635  -71.513  -12.597 0.0000000000
16669  -13.056  -71.717  -12.483 0.0000000000
17727  -9.813  -70.683  -11.342 0.0000000000
17728  -10.624  -70.793  -11.279 0.0000000000
134991  -10.247  -70.405  -10.706 0.0000000000
157512  -10.637  -70.169  -10.167 0.0000000000
18869  -9.162  -69.814  -10.063 0.0000000000
18850  -8.887  -69.288  -9.397 0.0000000000
18868  -8.309  -69.701  -10.012 0.0000000000
17706  -5.641  -70.044  -11.043 0.0000000000
18866  -6.098  -69.824  -10.327 0.0000000000
18864  -4.253  -69.560  -10.520 0.0000000000
18845  -3.773  -69.089  -9.779 0.0000000000
20011  -3.315  -68.596  -10.409 0.0000000000
17766  -3.976  -70.059  -13.759 0.0000000000
17744  -3.873  -69.989  -12.968 0.0000000000
18905  -3.466  -69.474  -13.327 0.0000000000
149270  -2.859  -66.693  -12.445 0.0000000000
21217  -2.699  -67.496  -12.665 0.0000000000
22403  -2.943  -66.660  -11.661 0.0000000000
131301  -2.999  -67.094  -10.867 0.0000000000
157371  -3.121  -66.166  -11.222 0.0000000000
23627  -3.029  -64.894  -10.432 0.0000000000
23633  -3.103  -65.306  -11.159 0.0000000000
26144  -4.031  -62.918  -11.556 0.0000000000
134894  -14.365  -82.501  -18.242 0.0000000000
146294  -14.839  -81.899  -18.358 0.0000000000
5877  -14.788  -82.309  -18.931 0.0000000000
6687  -15.012  -81.346  -21.324 0.0000000000
7476  -14.685  -80.901  -20.873 0.0000000000
6686  -14.332  -81.226  -21.465 0.0000000000
6685  -13.320  -81.283  -21.608 0.0000000000
5949  -16.272  -82.540  -24.209 0.0000000000
5939  -16.311  -82.503  -23.441 0.0000000000
5948  -15.176  -82.523  -24.335 0.0000000000
5946  -12.639  -83.031  -24.443 0.0000000000
153680  -13.191  -82.714  -23.848 0.0000000000
137002  -12.207  -82.662  -23.818 0.0000000000
140642  -11.910  -82.351  -23.292 0.0000000000
5935  -11.243  -82.419  -23.778 0.0000000000
6713  -10.326  -82.129  -24.127 0.0000000000
5943  -10.064  -82.317  -24.929 0.0000000000
5974  -9.128  -83.009  -27.375 0.0000000000
5967  -9.424  -82.703  -26.549 0.0000000000
5973  -8.023  -82.972  -27.802 0.0000000000
5972  -6.911  -82.686  -27.917 0.0000000000
5979  -7.478  -83.044  -28.527 0.0000000000
151448  -15.798  -86.088  -30.493 0.0000000000
130428  -15.604  -85.254  -29.206 0.0000000000
3234  -15.069  -86.124  -30.569 0.0000000000
3867  -13.291  -85.525  -31.314 0.0000000000
151645  -13.218  -85.608  -30.408 0.0000000000
3232  -13.168  -85.817  -30.666 0.0000000000
130388  -12.728  -84.877  -29.767 0.0000000000
130259  -12.378  -85.485  -30.640 0.0000000000
6037  -14.647  -82.707  -34.519 0.0000000000
139710  -14.342  -83.336  -33.967 0.0000000000
141372  -13.882  -82.906  -34.340 0.0000000000
155122  -11.353  -83.433  -33.310 0.0000000000
4559  -11.337  -84.071  -33.003 0.0000000000
4550  -11.081  -84.409  -32.260 0.0000000000
3864  -10.788  -85.211  -31.223 0.0000000000
4544  -10.097  -84.930  -31.194 0.0000000000
129940  -10.070  -84.583  -30.151 0.0000000000
4541  -9.338  -84.266  -31.102 0.0000000000
6014  -8.537  -81.988  -32.549 0.0000000000
139783  -7.974  -82.815  -31.279 0.0000000000
6004  -7.897  -82.088  -31.834 0.0000000000
6745  -7.580  -81.836  -30.795 0.0000000000
7557  -8.106  -81.168  -30.968 0.0000000000
7551  -8.542  -80.546  -30.771 0.0000000000
7559  -8.768  -80.300  -32.288 0.0000000000
148222  -25.506  -82.246  -22.547 0.0000000000
148127  -23.351  -82.086  -22.053 0.0000000000
148209  -24.282  -81.132  -22.902 0.0000000000
28598  -24.499  -61.168  -5.549 0.0000000000
28575  -20.535  -61.472  -5.391 0.0000000000
27334  -22.260  -62.644  -4.623 0.0000000000
27333  -21.393  -62.758  -4.575 0.0000000000
134222  -22.195  -62.383  -2.571 0.0000000000
141090  -20.980  -62.365  -3.509 0.0000000000
132862  -19.440  -61.505  -1.029 0.0000000000
27261  -20.828  -61.935  -1.495 0.0000000000
27249  -20.029  -62.265  -0.650 0.0000000000
24719  -19.685  -63.909  0.083 0.0000000000
25972  -19.442  -63.013  0.051 0.0000000000
28525  -16.672  -61.159  -2.585 0.0000000000
28509  -17.501  -61.044  -1.585 0.0000000000
28508  -16.711  -60.989  -1.380 0.0000000000
25964  -17.023  -63.360  0.953 0.0000000000
145910  -17.632  -63.922  0.738 0.0000000000
24709  -18.222  -64.329  0.280 0.0000000000
24708  -17.473  -64.781  0.357 0.0000000000
22202  -17.191  -66.475  0.065 0.0000000000
22195  -16.485  -66.261  0.669 0.0000000000
21014  -14.839  -67.408  1.219 0.0000000000
21029  -15.539  -67.612  0.929 0.0000000000
18705  -15.079  -68.845  0.946 0.0000000000
148865  -15.289  -69.642  1.418 0.0000000000
138904  -14.525  -69.159  1.481 0.0000000000
28493  -10.619  -60.502  -0.753 0.0000000000
28494  -11.327  -60.581  -0.961 0.0000000000
28476  -11.835  -61.322  -0.125 0.0000000000
27234  -11.479  -61.970  0.534 0.0000000000
24694  -8.601  -63.766  1.482 0.0000000000
133649  -8.651  -62.828  1.064 0.0000000000
24695  -9.490  -64.274  1.622 0.0000000000
152388  -10.900  -65.790  1.898 0.0000000000
138481  -10.859  -65.007  1.854 0.0000000000
23431  -11.587  -65.564  1.956 0.0000000000
151987  -11.896  -64.073  1.869 0.0000000000
23432  -12.385  -65.387  2.006 0.0000000000
131332  -12.856  -66.122  1.908 0.0000000000
22191  -12.284  -66.982  1.729 0.0000000000
17557  -12.880  -70.134  3.045 0.0000000000
18677  -13.143  -69.484  2.442 0.0000000000
17547  -13.332  -70.676  3.364 0.0000000000
17559  -14.641  -70.600  2.579 0.0000000000
16480  -14.241  -71.761  3.514 0.0000000000
14240  -14.413  -73.308  3.053 0.0000000000
15377  -13.611  -72.363  3.531 0.0000000000
15408  -12.189  -72.994  1.493 0.0000000000
14238  -12.892  -73.261  2.198 0.0000000000
14287  -12.664  -73.357  0.374 0.0000000000
14311  -12.931  -74.042  -0.382 0.0000000000
16507  -9.307  -71.784  1.767 0.0000000000
155406  -9.825  -72.036  2.251 0.0000000000
16523  -10.050  -72.091  0.388 0.0000000000
135035  -10.910  -72.531  -2.309 0.0000000000
15439  -10.946  -72.474  -0.837 0.0000000000
14342  -11.908  -73.433  -2.634 0.0000000000
13221  -12.607  -74.262  -2.348 0.0000000000
14353  -12.186  -74.143  -3.284 0.0000000000
12062  -12.816  -75.284  -4.503 0.0000000000
13263  -12.146  -74.570  -4.146 0.0000000000
13285  -11.504  -74.448  -6.618 0.0000000000
13286  -12.253  -75.001  -6.187 0.0000000000
132170  -12.234  -74.748  -7.421 0.0000000000
135316  -13.708  -74.258  -8.744 0.0000000000
13300  -12.646  -74.168  -8.623 0.0000000000
17583  -3.538  -69.869  0.551 0.0000000000
18702  -3.930  -69.006  -0.027 0.0000000000
16518  -3.733  -70.090  -0.649 0.0000000000
15468  -3.788  -71.349  -2.902 0.0000000000
15451  -5.075  -71.337  -2.969 0.0000000000
15452  -6.138  -71.790  -2.240 0.0000000000
15482  -6.198  -71.751  -3.797 0.0000000000
14372  -3.449  -73.467  -5.935 0.0000000000
15492  -3.449  -72.459  -4.940 0.0000000000
15508  -3.763  -72.580  -5.752 0.0000000000
15539  -6.935  -72.608  -7.175 0.0000000000
15523  -6.202  -72.336  -6.336 0.0000000000
15524  -7.379  -72.597  -6.265 0.0000000000
153744  -7.516  -71.986  -5.009 0.0000000000
15525  -8.275  -72.934  -6.060 0.0000000000
15526  -9.122  -73.053  -5.913 0.0000000000
14384  -8.738  -73.245  -6.770 0.0000000000
14414  -10.568  -73.362  -9.196 0.0000000000
143895  -10.391  -73.651  -8.281 0.0000000000
134145  -11.347  -73.512  -9.699 0.0000000000
14430  -12.578  -73.562  -9.904 0.0000000000
14447  -12.163  -73.866  -10.595 0.0000000000
12152  -12.828  -74.836  -10.574 0.0000000000
13355  -12.486  -74.153  -10.771 0.0000000000
11088  -10.535  -75.688  -11.019 0.0000000000
152414  -11.190  -75.600  -10.633 0.0000000000
11065  -10.938  -76.481  -10.442 0.0000000000
9038  -11.290  -78.302  -9.743 0.0000000000
10052  -10.682  -77.546  -10.334 0.0000000000
14481  -6.568  -73.870  -12.283 0.0000000000
13393  -7.887  -74.243  -12.272 0.0000000000
13392  -7.336  -74.419  -12.645 0.0000000000
10081  -8.225  -77.191  -12.511 0.0000000000
10069  -8.611  -77.764  -11.712 0.0000000000
9056  -9.091  -78.252  -11.143 0.0000000000
149957  -8.988  -78.983  -11.105 0.0000000000
7350  -9.380  -80.093  -11.525 0.0000000000
7358  -8.751  -80.139  -11.974 0.0000000000
7369  -7.519  -79.848  -13.786 0.0000000000
7371  -9.164  -80.714  -13.211 0.0000000000
7383  -9.073  -80.907  -14.107 0.0000000000
6591  -9.866  -81.345  -14.576 0.0000000000
7395  -9.010  -81.103  -14.928 0.0000000000
151675  -4.983  -79.232  -9.039 0.0000000000
9020  -6.107  -78.074  -9.286 0.0000000000
10029  -6.894  -77.179  -9.656 0.0000000000
149827  -5.983  -77.335  -9.974 0.0000000000
139117  -5.755  -76.146  -10.726 0.0000000000
10050  -5.325  -76.977  -10.598 0.0000000000
9064  -3.631  -77.867  -13.380 0.0000000000
10078  -3.531  -77.213  -12.795 0.0000000000
10092  -3.295  -76.867  -13.849 0.0000000000
11123  -3.077  -76.205  -14.736 0.0000000000
11150  -3.264  -76.553  -15.548 0.0000000000
137960  -3.866  -80.555  -16.317 0.0000000000
7393  -3.940  -80.396  -15.556 0.0000000000
7410  -3.118  -80.093  -17.187 0.0000000000
8263  -5.191  -78.521  -18.082 0.0000000000
9139  -3.370  -78.638  -17.832 0.0000000000
9140  -5.230  -78.172  -17.709 0.0000000000
10154  -5.035  -77.094  -17.058 0.0000000000
9128  -5.979  -78.184  -17.105 0.0000000000
9109  -6.296  -78.269  -16.242 0.0000000000
8246  -6.301  -79.017  -16.652 0.0000000000
137137  -9.317  -81.660  -17.919 0.0000000000
7428  -7.844  -80.850  -16.724 0.0000000000
6640  -9.341  -81.602  -17.038 0.0000000000
6622  -10.299  -81.725  -16.691 0.0000000000
6641  -10.769  -81.857  -17.400 0.0000000000
132948  -12.140  -82.457  -17.678 0.0000000000
5862  -11.243  -82.173  -17.974 0.0000000000
5149  -11.101  -83.216  -19.974 0.0000000000
5150  -11.893  -83.475  -19.695 0.0000000000
5162  -11.610  -83.786  -20.430 0.0000000000
4461  -12.972  -84.367  -20.659 0.0000000000
4460  -12.127  -84.313  -20.847 0.0000000000
5184  -8.407  -83.281  -22.810 0.0000000000
5925  -8.351  -82.883  -22.163 0.0000000000
3804  -10.862  -85.151  -23.183 0.0000000000
4478  -10.598  -84.594  -22.617 0.0000000000
3805  -11.431  -85.039  -22.436 0.0000000000
3797  -12.103  -84.938  -21.911 0.0000000000
3806  -12.303  -85.379  -22.559 0.0000000000
3813  -12.659  -85.630  -23.340 0.0000000000
3192  -11.976  -86.443  -25.275 0.0000000000
3187  -12.756  -86.192  -24.773 0.0000000000
130331  -12.762  -86.467  -25.773 0.0000000000
130191  -12.607  -86.651  -26.720 0.0000000000
3803  -8.176  -85.881  -23.489 0.0000000000
2691  -5.750  -87.116  -25.582 0.0000000000
3184  -6.285  -86.439  -25.278 0.0000000000
143311  -5.249  -85.645  -26.626 0.0000000000
3197  -5.648  -86.381  -27.037 0.0000000000
1408  -5.931  -89.661  -24.813 0.0000000000
1817  -5.308  -89.230  -24.580 0.0000000000
136817  -6.202  -89.212  -25.500 0.0000000000
2263  -8.246  -88.116  -27.514 0.0000000000
2253  -7.043  -88.331  -26.773 0.0000000000
2709  -7.407  -87.152  -28.050 0.0000000000
2715  -7.004  -86.703  -28.109 0.0000000000
3212  -8.154  -86.414  -28.343 0.0000000000
129939  -8.924  -86.380  -28.146 0.0000000000
130312  -9.091  -86.513  -28.576 0.0000000000
2274  -11.503  -87.576  -28.341 0.0000000000
133292  -10.341  -87.337  -28.456 0.0000000000
130248  -12.501  -87.441  -28.139 0.0000000000
148068  -12.451  -87.024  -27.474 0.0000000000
2720  -13.579  -87.421  -28.201 0.0000000000
157351  -14.639  -87.465  -28.011 0.0000000000
2287  -13.295  -87.877  -28.578 0.0000000000
145358  -14.559  -89.207  -27.212 0.0000000000
2276  -15.754  -88.011  -28.336 0.0000000000
2277  -16.714  -88.113  -27.998 0.0000000000
2293  -18.694  -88.114  -28.957 0.0000000000
2279  -18.246  -88.360  -28.187 0.0000000000
1022  -13.257  -88.429  -23.530 0.0000000000
145390  -13.660  -88.459  -24.404 0.0000000000
1417  -14.850  -88.652  -25.050 0.0000000000
1432  -17.637  -90.131  -26.113 0.0000000000
1441  -17.110  -89.658  -26.578 0.0000000000
1854  -18.685  -89.413  -27.096 0.0000000000
1862  -19.279  -89.102  -27.622 0.0000000000
1863  -20.037  -89.045  -27.254 0.0000000000
142349  -21.092  -87.837  -27.271 0.0000000000
2267  -20.150  -88.653  -26.565 0.0000000000
1838  -20.259  -89.495  -24.453 0.0000000000
130455  -20.136  -88.699  -24.611 0.0000000000
148231  -20.548  -88.756  -23.676 0.0000000000
148147  -19.912  -88.947  -23.361 0.0000000000
129903  -20.614  -88.828  -24.084 0.0000000000
686  -19.322  -92.143  -23.329 0.0000000000
687  -20.230  -92.094  -23.435 0.0000000000
701  -20.727  -92.023  -24.073 0.0000000000
702  -21.547  -91.840  -24.069 0.0000000000
1033  -24.041  -90.045  -25.327 0.0000000000
1032  -22.823  -90.463  -25.315 0.0000000000
148002  -22.576  -88.231  -25.229 0.0000000000
130207  -23.330  -88.498  -25.550 0.0000000000
155032  -23.895  -87.378  -25.362 0.0000000000
129893  -25.564  -89.400  -23.193 0.0000000000
32009  -31.565  -58.571  -3.541 0.0000000000
33166  -32.352  -57.306  -3.495 0.0000000000
137512  -31.672  -58.509  -4.583 0.0000000000
132078  -25.380  -65.643  -2.315 0.0000000000
24746  -25.731  -64.675  -2.148 0.0000000000
23484  -26.240  -65.510  -2.726 0.0000000000
144452  -27.295  -65.765  -5.205 0.0000000000
23498  -27.342  -65.655  -4.067 0.0000000000
24789  -27.984  -65.334  -4.574 0.0000000000
24809  -28.557  -64.762  -4.936 0.0000000000
23576  -26.627  -66.285  -8.226 0.0000000000
26070  -29.003  -63.836  -7.500 0.0000000000
141245  -28.431  -64.702  -7.429 0.0000000000
26071  -29.340  -63.711  -6.302 0.0000000000
28599  -29.989  -62.362  -6.446 0.0000000000
28600  -30.450  -61.350  -5.278 0.0000000000
28614  -30.310  -61.584  -6.322 0.0000000000
29815  -30.051  -60.383  -7.733 0.0000000000
30872  -30.881  -60.060  -6.689 0.0000000000
138333  -31.116  -59.318  -6.825 0.0000000000
32041  -31.501  -58.599  -6.283 0.0000000000
32040  -31.117  -58.414  -7.267 0.0000000000
135467  -31.575  -57.145  -6.748 0.0000000000
33235  -30.352  -58.135  -7.707 0.0000000000
146892  -27.995  -59.204  -7.778 0.0000000000
33234  -29.443  -57.883  -7.742 0.0000000000
33233  -28.453  -57.601  -7.661 0.0000000000
155018  -27.947  -57.165  -7.565 0.0000000000
33232  -27.548  -57.559  -7.609 0.0000000000
28645  -23.793  -61.715  -8.678 0.0000000000
139323  -24.925  -60.649  -8.454 0.0000000000
139142  -24.080  -60.868  -8.577 0.0000000000
147369  -23.721  -58.896  -8.234 0.0000000000
32098  -24.459  -58.939  -8.160 0.0000000000
32070  -24.485  -58.103  -7.811 0.0000000000
151812  -25.277  -57.688  -7.658 0.0000000000
154649  -24.646  -57.332  -7.588 0.0000000000
151253  -25.137  -56.871  -7.471 0.0000000000
33230  -23.935  -57.320  -7.631 0.0000000000
33227  -21.317  -57.318  -7.404 0.0000000000
34353  -21.629  -56.407  -7.068 0.0000000000
34335  -21.716  -55.655  -6.508 0.0000000000
34352  -20.895  -56.487  -6.924 0.0000000000
13202  -17.771  -75.286  0.001 0.0000000000
13183  -18.136  -74.739  0.479 0.0000000000
13203  -18.460  -74.713  -0.284 0.0000000000
149330  -18.087  -73.109  -2.634 0.0000000000
14329  -18.984  -73.647  -1.466 0.0000000000
15476  -19.477  -72.734  -2.110 0.0000000000
15490  -20.084  -72.235  -2.601 0.0000000000
153256  -19.456  -72.064  -2.809 0.0000000000
16588  -14.468  -71.847  -4.869 0.0000000000
15501  -14.840  -72.536  -4.433 0.0000000000
16576  -13.950  -71.978  -3.803 0.0000000000
17629  -18.351  -70.314  -4.125 0.0000000000
16578  -17.713  -70.908  -3.256 0.0000000000
17630  -19.374  -70.701  -4.387 0.0000000000
16589  -20.270  -71.133  -4.761 0.0000000000
17637  -19.768  -70.558  -5.253 0.0000000000
17648  -21.026  -70.840  -6.479 0.0000000000
17647  -20.056  -70.420  -6.104 0.0000000000
19965  -18.666  -68.016  -6.284 0.0000000000
18811  -20.096  -69.071  -7.104 0.0000000000
19981  -19.880  -68.221  -7.236 0.0000000000
156851  -20.475  -67.907  -8.305 0.0000000000
21142  -20.069  -67.544  -7.779 0.0000000000
18763  -8.640  -69.140  -5.952 0.0000000000
18765  -10.025  -68.989  -5.859 0.0000000000
19943  -9.826  -68.944  -5.052 0.0000000000
21068  -10.658  -67.541  -3.167 0.0000000000
21087  -11.089  -68.026  -3.930 0.0000000000
21069  -11.653  -67.060  -3.502 0.0000000000
22271  -13.145  -66.581  -4.049 0.0000000000
22247  -12.625  -66.556  -3.285 0.0000000000
23459  -9.622  -65.939  -1.078 0.0000000000
22219  -9.824  -66.576  -1.229 0.0000000000
139848  -11.147  -65.389  -1.104 0.0000000000
142342  -13.741  -64.964  -1.739 0.0000000000
23463  -13.125  -65.016  -1.247 0.0000000000
23478  -14.125  -65.652  -1.955 0.0000000000
22232  -14.322  -66.446  -1.793 0.0000000000
23479  -15.033  -65.687  -2.053 0.0000000000
23494  -15.833  -66.217  -3.314 0.0000000000
23518  -15.868  -65.699  -4.049 0.0000000000
134124  -16.438  -64.447  -5.650 0.0000000000
23536  -17.300  -65.701  -5.955 0.0000000000
24807  -17.452  -65.004  -6.346 0.0000000000
22339  -18.630  -66.159  -7.377 0.0000000000
24825  -17.980  -64.908  -6.983 0.0000000000
24842  -18.804  -64.845  -8.202 0.0000000000
24840  -18.042  -64.168  -7.360 0.0000000000
27366  -15.922  -62.186  -6.395 0.0000000000
155391  -17.571  -62.703  -7.480 0.0000000000
27376  -17.419  -61.993  -7.539 0.0000000000
28621  -18.245  -61.709  -7.841 0.0000000000
144829  -16.891  -61.203  -7.353 0.0000000000
28570  -11.664  -61.141  -4.663 0.0000000000
28571  -12.499  -61.211  -5.030 0.0000000000
29773  -12.807  -60.414  -5.284 0.0000000000
30857  -14.988  -59.200  -6.052 0.0000000000
30869  -14.818  -59.831  -6.170 0.0000000000
143565  -16.347  -59.429  -6.688 0.0000000000
30894  -16.742  -59.883  -7.172 0.0000000000
30871  -17.054  -59.219  -7.004 0.0000000000
32039  -17.422  -58.626  -6.764 0.0000000000
32038  -16.704  -58.580  -6.409 0.0000000000
34310  -16.627  -56.375  -5.327 0.0000000000
33192  -17.104  -57.068  -5.724 0.0000000000
34311  -17.491  -56.121  -5.459 0.0000000000
34313  -19.278  -55.504  -5.561 0.0000000000
35427  -17.984  -55.068  -4.982 0.0000000000
35428  -18.913  -54.918  -4.980 0.0000000000
35426  -17.064  -55.420  -4.910 0.0000000000
35393  -14.249  -54.892  -2.847 0.0000000000
36493  -16.218  -54.532  -3.223 0.0000000000
36476  -14.965  -54.617  -2.043 0.0000000000
37548  -15.738  -54.372  -2.392 0.0000000000
34274  -10.159  -55.829  -1.731 0.0000000000
34275  -10.947  -56.976  -1.779 0.0000000000
35389  -10.619  -56.286  -1.189 0.0000000000
36455  -11.396  -54.827  -1.057 0.0000000000
35351  -11.784  -55.407  -0.667 0.0000000000
8282  -14.451  -79.673  -18.267 0.0000000000
134231  -14.370  -79.728  -17.471 0.0000000000
8280  -12.747  -79.230  -18.601 0.0000000000
153121  -10.387  -78.995  -19.340 0.0000000000
8291  -11.024  -79.145  -18.910 0.0000000000
135496  -9.720  -78.743  -18.057 0.0000000000
9142  -8.995  -78.258  -17.286 0.0000000000
9153  -8.901  -78.344  -18.125 0.0000000000
8317  -8.003  -79.578  -22.263 0.0000000000
8307  -8.377  -79.267  -21.479 0.0000000000
8306  -7.397  -79.267  -21.656 0.0000000000
10193  -5.242  -77.260  -19.431 0.0000000000
9173  -5.878  -77.932  -19.534 0.0000000000
10184  -5.717  -77.043  -18.735 0.0000000000
11206  -6.577  -76.482  -17.683 0.0000000000
11205  -6.054  -76.177  -18.272 0.0000000000
12294  -6.859  -75.771  -19.289 0.0000000000
12293  -6.074  -75.875  -19.091 0.0000000000
13474  -5.546  -74.433  -22.008 0.0000000000
13475  -6.665  -74.461  -21.710 0.0000000000
14599  -6.146  -73.518  -21.542 0.0000000000
14585  -6.258  -72.768  -20.655 0.0000000000
156087  -5.609  -72.199  -21.373 0.0000000000
10304  -7.285  -77.612  -28.545 0.0000000000
11361  -7.467  -76.556  -28.861 0.0000000000
14687  -6.420  -73.820  -27.376 0.0000000000
12422  -6.132  -75.361  -27.037 0.0000000000
13538  -6.009  -74.434  -26.574 0.0000000000
12402  -5.565  -75.604  -25.287 0.0000000000
13521  -5.778  -73.596  -25.855 0.0000000000
19079  -5.336  -69.272  -25.440 0.0000000000
17929  -5.302  -70.248  -25.622 0.0000000000
17913  -4.954  -70.499  -25.049 0.0000000000
144115  -4.463  -71.533  -25.811 0.0000000000
16804  -4.964  -71.600  -24.312 0.0000000000
156784  -5.309  -72.363  -23.893 0.0000000000
17899  -4.584  -70.136  -23.565 0.0000000000
19024  -3.860  -68.692  -22.011 0.0000000000
17881  -3.894  -70.142  -22.122 0.0000000000
19023  -3.805  -69.730  -21.697 0.0000000000
17836  -3.970  -70.353  -20.746 0.0000000000
149153  -3.710  -69.691  -20.367 0.0000000000
18993  -3.567  -69.666  -19.719 0.0000000000
21321  -3.847  -67.880  -20.106 0.0000000000
23764  -4.746  -65.728  -19.981 0.0000000000
22530  -4.332  -66.241  -19.507 0.0000000000
23747  -4.641  -65.451  -19.212 0.0000000000
23733  -4.421  -65.197  -18.426 0.0000000000
23734  -5.202  -64.520  -18.855 0.0000000000
25046  -8.214  -63.694  -21.455 0.0000000000
138230  -6.027  -63.389  -16.798 0.0000000000
6594  -12.560  -81.270  -14.187 0.0000000000
7374  -12.640  -80.859  -13.940 0.0000000000
7384  -13.109  -80.922  -14.441 0.0000000000
8233  -13.512  -80.362  -15.067 0.0000000000
8232  -12.887  -79.748  -15.349 0.0000000000
148233  -17.786  -87.128  -22.610 0.0000000000
148039  -18.909  -86.441  -23.899 0.0000000000
148236  -18.509  -85.172  -22.086 0.0000000000
130183  -20.264  -83.490  -22.536 0.0000000000
148206  -21.647  -84.148  -24.784 0.0000000000
38749  -25.271  -52.505  -6.046 0.0000000000
140829  -25.098  -51.750  -5.991 0.0000000000
38748  -24.597  -52.536  -5.881 0.0000000000
38747  -23.727  -52.653  -5.843 0.0000000000
38746  -22.852  -52.439  -5.990 0.0000000000
38745  -21.974  -52.398  -6.090 0.0000000000
132414  -21.324  -53.547  -5.601 0.0000000000
149997  -20.517  -53.882  -4.986 0.0000000000
37578  -19.698  -54.471  -4.158 0.0000000000
17589  -17.056  -70.106  0.895 0.0000000000
17590  -17.875  -70.508  0.770 0.0000000000
17575  -17.366  -70.862  1.217 0.0000000000
149800  -18.482  -71.692  1.190 0.0000000000
15427  -18.922  -72.397  1.007 0.0000000000
144802  -31.714  -55.299  -6.477 0.0000000000
13316  -14.692  -74.215  -8.731 0.0000000000
13317  -16.011  -74.295  -9.168 0.0000000000
13337  -16.391  -73.983  -9.808 0.0000000000
13378  -17.969  -74.806  -11.453 0.0000000000
15659  -7.982  -72.822  -18.186 0.0000000000
14555  -8.425  -72.847  -17.399 0.0000000000
14554  -7.560  -72.780  -17.362 0.0000000000
14542  -6.144  -73.202  -16.590 0.0000000000
15654  -4.955  -73.183  -16.111 0.0000000000
16722  -4.056  -72.171  -16.271 0.0000000000
16721  -3.855  -71.512  -16.737 0.0000000000
154576  -3.888  -70.972  -17.133 0.0000000000
133317  -3.633  -69.233  -17.658 0.0000000000
130261  -16.467  -85.660  -25.523 0.0000000000
130353  -17.029  -85.006  -24.985 0.0000000000
129957  -17.443  -85.403  -26.072 0.0000000000
129956  -18.022  -85.362  -27.519 0.0000000000
129958  -17.335  -84.900  -28.163 0.0000000000
8448  -17.957  -79.552  -35.913 0.0000000000
8446  -16.615  -79.631  -36.415 0.0000000000
24685  -5.196  -63.826  2.869 0.0000000000
23424  -6.351  -64.383  2.532 0.0000000000
23423  -5.970  -65.206  2.769 0.0000000000
20983  -6.419  -67.490  3.351 0.0000000000
18660  -6.450  -69.251  3.296 0.0000000000
19844  -6.053  -68.465  2.777 0.0000000000
19858  -5.746  -68.536  1.643 0.0000000000
18704  -6.031  -69.354  0.361 0.0000000000
132655  -5.413  -76.105  -6.900 0.0000000000
148309  -4.306  -76.118  -6.915 0.0000000000
13311  -4.657  -74.905  -8.537 0.0000000000
13330  -3.718  -74.231  -9.723 0.0000000000
13349  -3.153  -73.612  -10.381 0.0000000000
132918  -4.382  -74.544  -10.348 0.0000000000
140482  -3.651  -74.426  -10.942 0.0000000000
13373  -3.573  -74.596  -11.458 0.0000000000
4415  -5.697  -84.538  -16.156 0.0000000000
155525  -5.634  -83.669  -17.292 0.0000000000
4425  -6.003  -84.100  -17.502 0.0000000000
5148  -6.021  -83.798  -19.178 0.0000000000
4447  -5.668  -83.646  -20.435 0.0000000000
5173  -5.098  -83.390  -21.571 0.0000000000
4466  -5.514  -83.743  -21.191 0.0000000000
4468  -5.458  -84.412  -22.569 0.0000000000
3802  -5.965  -85.052  -23.372 0.0000000000
28576  -25.493  -61.478  -5.089 0.0000000000
28577  -26.460  -61.276  -4.578 0.0000000000
28551  -26.092  -61.895  -4.213 0.0000000000
27307  -26.155  -62.407  -3.261 0.0000000000
27278  -26.719  -62.939  -2.470 0.0000000000
21189  -22.823  -68.779  -11.591 0.0000000000
22375  -23.594  -66.915  -10.188 0.0000000000
142387  -22.831  -65.158  -9.868 0.0000000000
24881  -22.466  -64.360  -9.745 0.0000000000
144039  -21.933  -65.019  -9.958 0.0000000000
24879  -20.788  -64.443  -9.628 0.0000000000
26102  -20.112  -63.840  -9.315 0.0000000000
18832  -14.713  -69.236  -8.610 0.0000000000
18809  -14.589  -69.000  -7.742 0.0000000000
18808  -13.605  -69.051  -7.798 0.0000000000
19979  -13.285  -68.725  -7.195 0.0000000000
19961  -11.793  -68.798  -6.363 0.0000000000
27246  -6.945  -62.746  -0.569 0.0000000000
27256  -6.478  -61.953  -0.580 0.0000000000
28507  -6.854  -61.494  -1.371 0.0000000000
28522  -7.221  -61.042  -2.175 0.0000000000
29713  -7.382  -60.595  -2.904 0.0000000000
30825  -6.701  -59.036  -2.668 0.0000000000
33175  -7.661  -57.933  -2.905 0.0000000000
136355  -6.789  -81.413  -25.992 0.0000000000
7514  -6.340  -80.988  -25.658 0.0000000000
7524  -6.329  -81.103  -26.401 0.0000000000
8364  -5.780  -79.813  -26.223 0.0000000000
9246  -6.005  -79.027  -26.325 0.0000000000
9024  -14.179  -78.700  -9.726 0.0000000000
9041  -15.066  -78.286  -10.809 0.0000000000
9058  -14.672  -78.500  -11.078 0.0000000000
132748  -14.668  -77.703  -12.356 0.0000000000
10097  -13.887  -77.234  -12.754 0.0000000000
11127  -10.718  -76.231  -14.236 0.0000000000
11178  -11.061  -75.526  -15.965 0.0000000000
11210  -10.986  -75.802  -17.898 0.0000000000
12279  -11.485  -75.504  -18.804 0.0000000000
137010  -10.038  -75.836  -17.918 0.0000000000
11224  -9.438  -75.930  -19.297 0.0000000000
157618  -9.284  -75.799  -19.974 0.0000000000
2745  -18.235  -87.153  -29.771 0.0000000000
3225  -18.585  -86.581  -30.487 0.0000000000
3226  -19.429  -86.459  -30.520 0.0000000000
130286  -20.426  -85.789  -30.573 0.0000000000
148183  -20.317  -84.970  -30.428 0.0000000000
148047  -18.742  -81.726  -26.900 0.0000000000
148180  -18.222  -81.120  -27.065 0.0000000000
129917  -17.962  -81.383  -28.542 0.0000000000
133296  -17.716  -80.491  -30.036 0.0000000000
7563  -17.588  -79.868  -31.105 0.0000000000
8394  -18.312  -79.588  -30.720 0.0000000000
8403  -19.043  -79.214  -30.919 0.0000000000
39928  -18.329  -51.660  -4.868 0.0000000000
41190  -19.214  -50.498  -5.815 0.0000000000
41171  -17.718  -51.011  -4.716 0.0000000000
41170  -17.057  -50.455  -4.539 0.0000000000
24733  -21.637  -64.687  -0.720 0.0000000000
23467  -22.128  -65.501  -1.147 0.0000000000
136053  -21.151  -65.609  -1.098 0.0000000000
23480  -21.691  -66.275  -1.691 0.0000000000
22251  -21.795  -67.246  -3.269 0.0000000000
18733  -21.376  -69.884  -2.709 0.0000000000
18737  -21.647  -69.614  -3.487 0.0000000000
18738  -22.205  -70.244  -3.827 0.0000000000
17650  -22.899  -70.301  -7.123 0.0000000000
148829  -23.218  -70.042  -7.849 0.0000000000
17664  -22.412  -70.636  -7.976 0.0000000000
16613  -22.384  -71.011  -8.532 0.0000000000
149332  -22.230  -70.691  -8.158 0.0000000000
131713  -4.801  -69.185  -8.061 0.0000000000
18802  -5.356  -68.927  -7.368 0.0000000000
18801  -4.791  -68.675  -7.299 0.0000000000
18758  -4.207  -68.799  -6.083 0.0000000000
19942  -4.013  -68.983  -5.089 0.0000000000
24782  -3.244  -64.820  -3.874 0.0000000000
23514  -2.894  -65.363  -4.172 0.0000000000
23489  -2.768  -65.313  -3.298 0.0000000000
23472  -2.619  -65.330  -2.271 0.0000000000
22205  -2.773  -65.519  -0.700 0.0000000000
23448  -2.989  -65.200  0.094 0.0000000000
23447  -2.637  -64.725  -0.323 0.0000000000
38764  -30.530  -52.813  -6.139 0.0000000000
150490  -29.691  -52.553  -6.287 0.0000000000
38763  -28.947  -52.843  -6.459 0.0000000000
143283  -27.999  -53.009  -6.565 0.0000000000
143284  -27.694  -53.793  -6.611 0.0000000000
36530  -26.300  -54.265  -6.671 0.0000000000
35454  -25.716  -54.973  -6.921 0.0000000000
13201  -14.209  -75.419  -0.712 0.0000000000
12002  -15.057  -75.816  -0.667 0.0000000000
10963  -15.244  -76.598  -1.927 0.0000000000
11016  -16.914  -76.349  -5.143 0.0000000000
14450  -19.938  -73.159  -10.451 0.0000000000
14433  -20.125  -72.687  -9.593 0.0000000000
15579  -20.233  -72.244  -10.278 0.0000000000
16641  -19.776  -70.958  -10.486 0.0000000000
154010  -18.618  -70.162  -10.153 0.0000000000
18859  -17.895  -69.844  -10.157 0.0000000000
17717  -17.628  -69.918  -10.787 0.0000000000
17716  -16.823  -70.050  -10.802 0.0000000000
17733  -15.644  -70.620  -11.310 0.0000000000
11162  -17.058  -76.071  -15.160 0.0000000000
12231  -17.617  -75.622  -14.754 0.0000000000
12256  -16.619  -75.073  -15.963 0.0000000000
14537  -16.431  -73.739  -15.683 0.0000000000
14536  -15.607  -73.445  -15.805 0.0000000000
14513  -9.509  -72.966  -14.937 0.0000000000
14515  -11.281  -72.667  -14.599 0.0000000000
15635  -9.853  -72.880  -14.311 0.0000000000
15610  -10.962  -72.344  -13.552 0.0000000000
16695  -11.184  -72.058  -12.935 0.0000000000
16667  -11.507  -71.634  -12.401 0.0000000000
16665  -9.873  -71.482  -12.605 0.0000000000
17750  -9.388  -70.963  -12.036 0.0000000000
138651  -8.078  -70.434  -11.382 0.0000000000
17708  -7.628  -70.054  -10.636 0.0000000000
17725  -7.322  -70.369  -11.342 0.0000000000
145267  -6.073  -70.312  -11.652 0.0000000000
17722  -4.334  -70.096  -11.755 0.0000000000
152540  -2.834  -68.293  -14.203 0.0000000000
138520  -2.776  -68.080  -13.360 0.0000000000
138956  -2.778  -67.501  -14.306 0.0000000000
23638  -3.104  -64.859  -12.728 0.0000000000
24905  -3.335  -64.012  -12.443 0.0000000000
24920  -3.320  -64.023  -13.284 0.0000000000
26171  -3.801  -62.814  -13.193 0.0000000000
5153  -14.362  -83.233  -19.556 0.0000000000
5891  -14.873  -82.675  -19.551 0.0000000000
5904  -15.402  -82.237  -20.220 0.0000000000
138783  -15.521  -81.910  -20.936 0.0000000000
6688  -15.517  -81.830  -21.646 0.0000000000
5213  -14.373  -83.318  -25.981 0.0000000000
5958  -14.817  -82.854  -25.246 0.0000000000
5205  -13.656  -83.300  -25.380 0.0000000000
144583  -12.786  -83.441  -25.595 0.0000000000
5956  -11.341  -83.135  -25.192 0.0000000000
5955  -10.532  -82.852  -25.427 0.0000000000
5211  -11.028  -83.321  -25.953 0.0000000000
5219  -9.973  -83.199  -26.994 0.0000000000
142119  -8.898  -83.456  -28.210 0.0000000000
3880  -16.640  -85.122  -32.129 0.0000000000
157386  -15.579  -85.419  -31.633 0.0000000000
3879  -15.779  -85.052  -32.256 0.0000000000
141053  -14.915  -84.591  -32.372 0.0000000000
3887  -13.996  -84.356  -32.564 0.0000000000
144361  -12.804  -81.302  -35.385 0.0000000000
6036  -13.160  -82.682  -34.450 0.0000000000
6035  -12.363  -82.401  -34.675 0.0000000000
6024  -11.210  -83.088  -33.757 0.0000000000
5281  -10.822  -83.379  -33.194 0.0000000000
5273  -9.549  -83.389  -32.201 0.0000000000
5280  -9.959  -83.116  -33.123 0.0000000000
6021  -8.934  -81.857  -33.260 0.0000000000
6778  -8.616  -81.264  -33.082 0.0000000000
137164  -9.125  -80.574  -33.364 0.0000000000
134849  -9.818  -80.580  -33.405 0.0000000000
28574  -19.566  -61.108  -5.124 0.0000000000
27331  -19.931  -61.922  -4.842 0.0000000000
27301  -20.175  -62.350  -4.029 0.0000000000
27272  -19.657  -61.961  -3.307 0.0000000000
28528  -18.908  -61.639  -3.263 0.0000000000
157072  -18.845  -61.219  -1.059 0.0000000000
143276  -15.596  -61.084  -0.226 0.0000000000
28498  -16.600  -61.183  -0.317 0.0000000000
28480  -16.292  -61.822  0.615 0.0000000000
27220  -16.339  -62.806  1.099 0.0000000000
24702  -15.947  -64.162  1.221 0.0000000000
23436  -16.028  -65.534  1.060 0.0000000000
143818  -15.576  -64.850  1.340 0.0000000000
22193  -14.864  -66.435  1.488 0.0000000000
131457  -14.135  -67.095  1.626 0.0000000000
28474  -10.129  -61.075  -0.289 0.0000000000
22188  -9.472  -65.922  1.987 0.0000000000
139259  -9.911  -64.974  1.788 0.0000000000
22183  -9.970  -66.934  1.991 0.0000000000
21011  -10.782  -67.159  1.880 0.0000000000
20999  -11.179  -67.907  2.011 0.0000000000
19859  -12.133  -68.004  1.785 0.0000000000
19847  -11.668  -68.543  2.431 0.0000000000
18666  -12.090  -70.035  3.300 0.0000000000
137604  -12.506  -70.815  3.635 0.0000000000
15376  -12.689  -72.353  3.495 0.0000000000
16478  -12.322  -71.569  3.772 0.0000000000
15375  -11.789  -72.261  3.376 0.0000000000
15407  -11.494  -72.641  1.731 0.0000000000
16539  -9.436  -71.842  -0.636 0.0000000000
16540  -9.898  -72.070  -0.376 0.0000000000
16555  -9.731  -71.998  -1.120 0.0000000000
143114  -10.300  -72.322  -2.097 0.0000000000
15474  -11.304  -72.737  -2.850 0.0000000000
14363  -11.701  -73.823  -3.928 0.0000000000
14362  -11.137  -73.239  -4.187 0.0000000000
135895  -10.888  -73.816  -4.891 0.0000000000
14375  -10.835  -74.004  -5.801 0.0000000000
149160  -3.489  -72.375  -0.515 0.0000000000
16534  -3.671  -70.532  -1.093 0.0000000000
15449  -3.449  -72.356  -1.336 0.0000000000
14323  -3.412  -72.254  -2.243 0.0000000000
15480  -3.751  -71.661  -3.761 0.0000000000
15537  -4.763  -72.148  -7.691 0.0000000000
15538  -5.935  -72.295  -7.365 0.0000000000
14398  -7.405  -72.715  -7.877 0.0000000000
14399  -8.235  -73.275  -7.615 0.0000000000
150241  -8.668  -73.347  -8.278 0.0000000000
134068  -9.964  -73.276  -9.594 0.0000000000
14428  -10.605  -73.510  -10.079 0.0000000000
13354  -11.656  -74.125  -11.007 0.0000000000
134197  -10.452  -73.740  -10.969 0.0000000000
13376  -9.939  -74.135  -11.194 0.0000000000
13375  -9.220  -74.502  -11.603 0.0000000000
147865  -5.934  -74.687  -13.463 0.0000000000
12187  -7.749  -75.300  -12.919 0.0000000000
12207  -7.346  -75.887  -13.472 0.0000000000
11108  -7.499  -76.993  -13.373 0.0000000000
10080  -7.586  -77.850  -12.749 0.0000000000
154843  -7.666  -79.282  -12.583 0.0000000000
9079  -7.264  -79.090  -13.292 0.0000000000
9092  -7.124  -79.312  -14.107 0.0000000000
8215  -7.280  -79.897  -14.562 0.0000000000
155985  -4.329  -79.569  -9.467 0.0000000000
9018  -4.134  -78.631  -10.069 0.0000000000
149077  -4.005  -78.264  -11.018 0.0000000000
133973  -4.053  -79.038  -11.361 0.0000000000
9077  -3.951  -78.778  -12.942 0.0000000000
9076  -3.703  -78.552  -14.085 0.0000000000
7438  -3.317  -80.713  -18.591 0.0000000000
8275  -2.951  -80.104  -18.091 0.0000000000
8290  -4.158  -79.514  -19.260 0.0000000000
7440  -5.372  -79.447  -19.401 0.0000000000
8277  -5.993  -79.451  -18.427 0.0000000000
146390  -6.721  -80.233  -17.904 0.0000000000
7442  -7.120  -80.715  -18.466 0.0000000000
6649  -8.530  -81.471  -18.485 0.0000000000
6650  -9.379  -81.758  -18.813 0.0000000000
5873  -10.102  -82.070  -19.170 0.0000000000
6665  -9.408  -81.961  -19.507 0.0000000000
5903  -10.357  -82.852  -20.320 0.0000000000
5160  -10.040  -83.201  -21.014 0.0000000000
5203  -7.549  -83.549  -24.414 0.0000000000
5195  -8.984  -83.822  -23.155 0.0000000000
4486  -8.678  -84.017  -23.958 0.0000000000
3812  -10.214  -85.140  -23.850 0.0000000000
133526  -10.984  -85.523  -23.770 0.0000000000
3822  -11.467  -85.834  -24.187 0.0000000000
3821  -10.715  -85.650  -24.442 0.0000000000
3832  -10.429  -85.809  -25.250 0.0000000000
3191  -10.809  -86.276  -25.809 0.0000000000
2690  -4.986  -87.811  -25.049 0.0000000000
1410  -8.030  -90.218  -24.968 0.0000000000
1823  -7.169  -89.411  -25.645 0.0000000000
1824  -8.338  -89.476  -25.710 0.0000000000
1831  -8.550  -89.137  -26.369 0.0000000000
137099  -8.741  -88.044  -27.999 0.0000000000
2271  -9.064  -87.466  -28.430 0.0000000000
2264  -9.423  -88.184  -27.973 0.0000000000
2265  -11.060  -88.360  -27.902 0.0000000000
2266  -12.019  -88.564  -27.900 0.0000000000
1857  -12.978  -88.406  -28.199 0.0000000000
1847  -12.947  -89.168  -27.317 0.0000000000
1836  -13.905  -89.306  -26.529 0.0000000000
1010  -14.797  -89.893  -24.019 0.0000000000
145512  -15.056  -89.788  -25.174 0.0000000000
1025  -16.127  -90.279  -25.234 0.0000000000
1034  -17.435  -90.265  -25.141 0.0000000000
1433  -18.380  -90.061  -26.262 0.0000000000
1855  -19.637  -88.875  -25.963 0.0000000000
137792  -19.556  -89.874  -26.255 0.0000000000
1419  -19.707  -90.241  -25.783 0.0000000000
1436  -20.791  -89.701  -25.911 0.0000000000
689  -21.911  -91.640  -23.378 0.0000000000
690  -23.917  -91.720  -23.084 0.0000000000
142624  -29.224  -60.298  -2.366 0.0000000000
30836  -30.925  -59.819  -3.491 0.0000000000
30848  -31.019  -59.787  -4.627 0.0000000000
22255  -25.468  -66.495  -3.847 0.0000000000
23496  -25.930  -66.268  -3.220 0.0000000000
23520  -26.130  -66.293  -4.296 0.0000000000
22276  -26.209  -66.238  -5.181 0.0000000000
24861  -26.122  -64.682  -8.780 0.0000000000
24843  -27.420  -65.278  -8.103 0.0000000000
24863  -27.575  -64.167  -8.349 0.0000000000
26108  -28.306  -63.171  -8.217 0.0000000000
27378  -29.041  -62.920  -7.820 0.0000000000
28613  -30.012  -61.819  -7.188 0.0000000000
155699  -29.489  -59.942  -7.921 0.0000000000
151192  -29.263  -59.042  -7.864 0.0000000000
30902  -28.930  -59.517  -7.886 0.0000000000
30927  -27.298  -59.823  -7.851 0.0000000000
30926  -26.434  -59.640  -7.864 0.0000000000
29830  -22.375  -60.867  -8.547 0.0000000000
29831  -23.575  -60.208  -8.521 0.0000000000
146551  -22.724  -60.256  -8.481 0.0000000000
30922  -22.242  -59.559  -8.354 0.0000000000
32097  -23.016  -58.765  -8.162 0.0000000000
32068  -22.643  -58.063  -7.895 0.0000000000
32067  -21.736  -58.223  -7.802 0.0000000000
147652  -20.927  -58.163  -7.654 0.0000000000
33225  -19.736  -57.755  -7.089 0.0000000000
13241  -18.010  -74.904  -2.394 0.0000000000
13224  -18.472  -74.516  -1.374 0.0000000000
14343  -17.750  -74.002  -2.855 0.0000000000
14354  -17.317  -73.314  -3.212 0.0000000000
15488  -17.269  -72.462  -2.818 0.0000000000
17618  -13.846  -70.374  -3.448 0.0000000000
16564  -14.124  -71.560  -2.940 0.0000000000
17620  -15.474  -70.549  -2.683 0.0000000000
17628  -16.867  -69.985  -3.267 0.0000000000
18768  -18.448  -69.566  -4.972 0.0000000000
18769  -19.307  -69.876  -5.594 0.0000000000
132653  -18.209  -68.794  -5.278 0.0000000000
19949  -18.298  -68.291  -5.670 0.0000000000
21110  -18.101  -67.618  -5.762 0.0000000000
19922  -7.842  -69.104  -3.883 0.0000000000
19924  -9.563  -68.678  -4.211 0.0000000000
19906  -9.248  -68.245  -3.262 0.0000000000
155535  -9.938  -67.758  -2.950 0.0000000000
21058  -10.223  -67.277  -2.328 0.0000000000
24741  -11.254  -64.058  -1.800 0.0000000000
24731  -11.744  -64.841  -1.216 0.0000000000
24742  -12.199  -64.337  -1.713 0.0000000000
24761  -13.903  -64.515  -2.314 0.0000000000
24762  -14.513  -64.537  -2.805 0.0000000000
24788  -15.817  -64.971  -4.274 0.0000000000
26042  -15.397  -64.305  -4.460 0.0000000000
24805  -15.848  -64.418  -5.081 0.0000000000
26059  -15.933  -63.752  -5.654 0.0000000000
26069  -17.128  -63.632  -6.730 0.0000000000
27355  -16.112  -63.081  -6.047 0.0000000000
28594  -14.980  -62.013  -6.124 0.0000000000
30843  -11.673  -59.642  -4.864 0.0000000000
30854  -12.590  -59.647  -5.087 0.0000000000
32016  -13.728  -58.653  -5.115 0.0000000000
32018  -15.329  -58.474  -5.642 0.0000000000
32019  -16.143  -58.198  -5.708 0.0000000000
152467  -15.606  -57.674  -5.253 0.0000000000
146980  -14.927  -57.161  -4.800 0.0000000000
34297  -15.217  -56.004  -4.623 0.0000000000
35408  -14.720  -55.388  -3.860 0.0000000000
35392  -13.317  -55.640  -2.222 0.0000000000
8302  -12.827  -79.797  -20.117 0.0000000000
133635  -12.851  -79.401  -19.492 0.0000000000
8301  -12.090  -79.451  -20.055 0.0000000000
157465  -11.104  -79.171  -19.881 0.0000000000
9167  -10.115  -78.844  -20.008 0.0000000000
9196  -5.258  -79.421  -21.796 0.0000000000
155750  -5.689  -79.285  -21.067 0.0000000000
9183  -4.839  -78.666  -21.000 0.0000000000
10202  -4.514  -77.633  -20.850 0.0000000000
11221  -4.961  -76.528  -19.995 0.0000000000
12308  -5.097  -76.172  -20.542 0.0000000000
131391  -5.122  -75.880  -21.294 0.0000000000
137230  -4.796  -75.315  -22.050 0.0000000000
14613  -5.290  -73.312  -22.427 0.0000000000
143098  -6.370  -72.723  -27.413 0.0000000000
21392  -7.050  -67.088  -26.086 0.0000000000
20203  -5.654  -67.864  -25.627 0.0000000000
20184  -4.530  -68.199  -24.498 0.0000000000
20183  -4.203  -68.768  -23.744 0.0000000000
21359  -4.918  -67.680  -24.047 0.0000000000
148325  -4.590  -67.599  -23.264 0.0000000000
21333  -4.099  -67.684  -21.843 0.0000000000
21322  -4.217  -67.349  -20.889 0.0000000000
22558  -4.646  -66.797  -21.645 0.0000000000
23784  -5.827  -65.133  -21.467 0.0000000000
25029  -5.991  -64.228  -20.234 0.0000000000
137804  -12.236  -80.052  -11.376 0.0000000000
142795  -12.692  -79.738  -11.102 0.0000000000
8197  -12.133  -79.881  -11.731 0.0000000000
9081  -11.534  -78.784  -12.283 0.0000000000
9094  -10.862  -78.428  -13.635 0.0000000000
10111  -10.665  -77.344  -13.659 0.0000000000
133519  -9.873  -77.000  -14.252 0.0000000000
10110  -9.306  -76.816  -14.751 0.0000000000
10136  -8.418  -76.967  -15.721 0.0000000000
155689  -21.272  -86.234  -27.779 0.0000000000
130217  -21.250  -85.695  -28.193 0.0000000000
148086  -21.383  -84.963  -27.685 0.0000000000
148185  -21.313  -84.231  -27.146 0.0000000000
148044  -20.808  -83.348  -26.956 0.0000000000
147972  -20.890  -84.769  -25.258 0.0000000000
148156  -21.046  -83.445  -26.412 0.0000000000
148153  -20.200  -82.455  -26.165 0.0000000000
148166  -19.337  -81.455  -25.074 0.0000000000
147973  -19.191  -80.165  -25.048 0.0000000000
132214  -27.296  -48.975  -5.266 0.0000000000
138788  -26.848  -49.646  -5.465 0.0000000000
142234  -25.151  -50.969  -5.899 0.0000000000
41196  -25.531  -50.394  -5.681 0.0000000000
42425  -25.952  -49.693  -5.456 0.0000000000
42424  -25.088  -49.710  -5.487 0.0000000000
42423  -24.201  -49.608  -5.392 0.0000000000
42422  -23.186  -49.465  -5.149 0.0000000000
152844  -21.628  -50.392  -5.854 0.0000000000
39938  -20.561  -51.773  -5.875 0.0000000000
135946  -21.118  -52.423  -5.946 0.0000000000
38743  -19.708  -52.116  -5.440 0.0000000000
150602  -18.183  -52.463  -4.457 0.0000000000
38730  -17.589  -52.925  -4.054 0.0000000000
38719  -16.228  -53.114  -3.053 0.0000000000
21036  -18.254  -67.240  -0.917 0.0000000000
22222  -19.128  -67.000  -0.978 0.0000000000
21048  -19.217  -67.661  -0.975 0.0000000000
141457  -19.450  -68.507  -1.048 0.0000000000
18729  -19.869  -69.321  -1.082 0.0000000000
18709  -18.591  -70.280  0.318 0.0000000000
18722  -20.014  -69.977  -0.578 0.0000000000
18730  -20.552  -69.827  -1.279 0.0000000000
17610  -21.166  -70.271  -1.913 0.0000000000
17615  -21.690  -70.782  -2.458 0.0000000000
16570  -21.388  -72.007  -3.221 0.0000000000
22347  -3.291  -66.233  -8.618 0.0000000000
132154  -3.431  -66.591  -7.856 0.0000000000
140956  -3.059  -65.274  -7.918 0.0000000000
23548  -3.308  -64.770  -6.245 0.0000000000
24799  -3.513  -64.194  -5.662 0.0000000000
37598  -31.675  -52.870  -5.762 0.0000000000
157947  -31.173  -53.413  -6.159 0.0000000000
36534  -30.062  -54.751  -6.769 0.0000000000
35457  -28.572  -55.308  -7.104 0.0000000000
10998  -14.325  -76.311  -5.030 0.0000000000
11014  -15.638  -76.801  -5.509 0.0000000000
144880  -15.326  -76.515  -6.104 0.0000000000
12115  -16.827  -75.830  -7.536 0.0000000000
13319  -17.960  -74.752  -8.750 0.0000000000
13318  -16.927  -74.561  -9.026 0.0000000000
13339  -18.420  -74.228  -9.411 0.0000000000
14431  -19.010  -73.748  -10.087 0.0000000000
132940  -19.684  -73.160  -11.310 0.0000000000
15603  -19.737  -72.133  -12.247 0.0000000000
16699  -18.581  -71.620  -13.331 0.0000000000
14560  -13.478  -73.876  -17.749 0.0000000000
14548  -13.621  -73.355  -16.902 0.0000000000
14559  -11.961  -73.175  -17.271 0.0000000000
156708  -10.689  -72.890  -16.029 0.0000000000
14544  -8.764  -73.076  -16.394 0.0000000000
14530  -9.201  -73.055  -15.577 0.0000000000
143851  -8.239  -72.989  -14.567 0.0000000000
15606  -6.912  -72.183  -14.168 0.0000000000
16689  -5.417  -71.386  -13.811 0.0000000000
17773  -4.108  -70.907  -14.175 0.0000000000
17772  -4.058  -70.208  -14.538 0.0000000000
17776  -4.203  -70.362  -15.519 0.0000000000
143377  -3.793  -69.339  -15.127 0.0000000000
20067  -3.145  -68.774  -14.577 0.0000000000
21230  -2.866  -68.015  -14.940 0.0000000000
145046  -3.249  -66.903  -16.002 0.0000000000
23710  -3.351  -65.481  -16.269 0.0000000000
4480  -14.922  -84.376  -22.226 0.0000000000
4481  -16.080  -83.814  -22.538 0.0000000000
4482  -16.609  -83.720  -23.205 0.0000000000
5196  -16.811  -83.322  -23.570 0.0000000000
5960  -16.772  -83.059  -24.731 0.0000000000
130371  -17.385  -84.502  -25.471 0.0000000000
5215  -16.776  -83.270  -25.754 0.0000000000
5214  -15.654  -82.963  -25.934 0.0000000000
5224  -15.053  -83.484  -26.762 0.0000000000
4519  -12.823  -84.386  -27.954 0.0000000000
153022  -17.234  -82.675  -34.347 0.0000000000
5294  -16.098  -83.238  -34.060 0.0000000000
6052  -16.107  -82.148  -35.073 0.0000000000
6051  -15.186  -82.185  -35.077 0.0000000000
6803  -14.701  -81.485  -35.360 0.0000000000
140909  -15.891  -79.791  -36.381 0.0000000000
6819  -14.981  -80.779  -35.986 0.0000000000
157190  -14.246  -80.917  -35.884 0.0000000000
7620  -13.146  -79.585  -36.486 0.0000000000
7619  -12.393  -79.431  -36.506 0.0000000000
9366  -11.773  -79.327  -36.406 0.0000000000
9350  -11.750  -79.388  -35.222 0.0000000000
29688  -14.844  -60.896  -1.284 0.0000000000
28478  -14.095  -61.302  0.256 0.0000000000
27236  -13.484  -61.879  0.823 0.0000000000
25948  -7.719  -62.807  1.290 0.0000000000
24688  -7.925  -64.274  1.848 0.0000000000
155352  -6.891  -65.333  2.727 0.0000000000
133832  -7.431  -64.860  2.440 0.0000000000
23425  -8.426  -65.321  2.314 0.0000000000
20996  -8.759  -67.212  2.933 0.0000000000
20997  -9.038  -67.995  3.217 0.0000000000
139400  -8.820  -69.225  4.037 0.0000000000
17544  -9.669  -70.281  4.231 0.0000000000
132834  -8.653  -70.098  4.048 0.0000000000
17543  -8.030  -70.915  3.358 0.0000000000
16506  -8.392  -71.432  1.628 0.0000000000
17554  -6.373  -69.887  2.676 0.0000000000
17571  -7.337  -70.983  1.513 0.0000000000
17588  -8.261  -71.280  0.757 0.0000000000
16538  -8.712  -71.667  -0.806 0.0000000000
16553  -8.847  -71.603  -1.552 0.0000000000
15454  -8.280  -71.808  -1.894 0.0000000000
12041  -3.833  -75.300  -3.084 0.0000000000
13248  -3.425  -74.722  -3.461 0.0000000000
144019  -3.658  -75.879  -3.910 0.0000000000
13271  -3.445  -75.021  -5.783 0.0000000000
14382  -3.531  -74.241  -6.852 0.0000000000
12086  -3.642  -75.948  -6.642 0.0000000000
15535  -3.146  -73.642  -7.688 0.0000000000
15548  -3.858  -72.199  -8.456 0.0000000000
15549  -5.263  -71.734  -9.127 0.0000000000
134864  -6.027  -71.989  -9.819 0.0000000000
14443  -7.262  -73.005  -10.694 0.0000000000
15574  -5.225  -72.315  -10.705 0.0000000000
15592  -5.181  -72.780  -11.413 0.0000000000
142836  -5.818  -73.293  -11.822 0.0000000000
14460  -3.394  -73.463  -11.515 0.0000000000
14479  -4.037  -73.302  -12.608 0.0000000000
14480  -5.240  -73.725  -12.487 0.0000000000
13404  -4.897  -74.397  -13.621 0.0000000000
12205  -5.487  -75.033  -14.062 0.0000000000
12229  -5.039  -75.283  -14.747 0.0000000000
5828  -4.017  -83.462  -12.255 0.0000000000
134733  -4.324  -82.186  -12.852 0.0000000000
6579  -4.497  -81.287  -13.776 0.0000000000
149756  -4.619  -81.641  -14.518 0.0000000000
6590  -4.534  -81.247  -15.471 0.0000000000
6619  -4.568  -81.672  -17.152 0.0000000000
5861  -5.007  -82.738  -17.735 0.0000000000
6637  -4.239  -81.644  -18.038 0.0000000000
6636  -3.654  -81.284  -18.491 0.0000000000
6660  -4.191  -81.120  -19.982 0.0000000000
6661  -5.116  -80.586  -20.609 0.0000000000
6683  -6.093  -81.422  -21.211 0.0000000000
5900  -7.686  -82.163  -21.112 0.0000000000
5912  -6.652  -82.023  -21.510 0.0000000000
5924  -6.306  -82.273  -22.502 0.0000000000
5183  -7.332  -82.745  -22.944 0.0000000000
5182  -4.881  -83.099  -22.757 0.0000000000
5934  -6.118  -82.584  -23.368 0.0000000000
5193  -6.763  -83.030  -23.902 0.0000000000
5202  -6.168  -83.446  -24.705 0.0000000000
4497  -7.088  -83.922  -25.216 0.0000000000
4504  -6.548  -84.281  -26.142 0.0000000000
1400  -7.584  -90.690  -24.212 0.0000000000
1411  -9.207  -90.020  -24.423 0.0000000000
1413  -10.978  -88.683  -23.542 0.0000000000
1405  -11.790  -88.602  -23.199 0.0000000000
997  -11.548  -89.143  -21.117 0.0000000000
1008  -12.470  -89.898  -22.926 0.0000000000
1009  -13.504  -89.434  -24.074 0.0000000000
694  -13.628  -91.060  -24.230 0.0000000000
695  -14.880  -91.500  -24.032 0.0000000000
682  -15.747  -92.065  -23.436 0.0000000000
30834  -28.255  -60.032  -3.873 0.0000000000
29743  -27.256  -61.017  -3.918 0.0000000000
29744  -27.977  -60.700  -3.304 0.0000000000
29745  -28.683  -60.297  -2.795 0.0000000000
29722  -28.861  -60.820  -2.430 0.0000000000
27281  -28.837  -61.861  -2.592 0.0000000000
27309  -29.043  -62.562  -3.000 0.0000000000
21126  -24.537  -67.685  -7.350 0.0000000000
21144  -25.470  -67.338  -7.625 0.0000000000
152561  -25.748  -68.005  -8.014 0.0000000000
147542  -26.021  -67.444  -8.447 0.0000000000
22359  -26.171  -66.589  -8.872 0.0000000000
23616  -24.470  -66.191  -9.784 0.0000000000
23594  -25.477  -65.910  -9.400 0.0000000000
23595  -26.148  -65.633  -8.921 0.0000000000
144098  -25.688  -63.190  -8.676 0.0000000000
28648  -26.252  -61.849  -8.313 0.0000000000
27404  -25.408  -62.318  -8.518 0.0000000000
27403  -24.410  -62.404  -8.679 0.0000000000
142688  -22.929  -61.915  -8.926 0.0000000000
27421  -22.666  -62.865  -9.098 0.0000000000
28643  -21.681  -61.213  -8.608 0.0000000000
147339  -20.870  -61.190  -8.571 0.0000000000
28641  -19.634  -61.042  -8.315 0.0000000000
16599  -16.783  -72.138  -6.569 0.0000000000
15517  -15.637  -73.086  -5.010 0.0000000000
16598  -15.852  -71.861  -6.222 0.0000000000
16597  -14.998  -71.487  -5.846 0.0000000000
16596  -14.381  -71.094  -5.342 0.0000000000
142026  -14.791  -68.761  -7.056 0.0000000000
18788  -14.517  -69.387  -6.276 0.0000000000
17626  -13.810  -70.378  -4.399 0.0000000000
18746  -14.122  -69.700  -3.957 0.0000000000
19927  -14.321  -68.708  -4.044 0.0000000000
19908  -14.624  -68.422  -3.095 0.0000000000
22217  -7.054  -66.801  -0.741 0.0000000000
22218  -8.005  -66.785  -0.898 0.0000000000
22209  -7.525  -66.149  -0.577 0.0000000000
151947  -8.703  -65.713  -1.045 0.0000000000
24729  -9.228  -64.945  -1.329 0.0000000000
145195  -7.650  -63.093  -1.096 0.0000000000
25981  -8.660  -64.098  -1.420 0.0000000000
25982  -9.449  -64.021  -1.604 0.0000000000
25992  -10.558  -63.510  -2.136 0.0000000000
155858  -11.455  -62.837  -3.196 0.0000000000
27299  -11.856  -62.521  -3.679 0.0000000000
27300  -12.654  -62.445  -4.121 0.0000000000
28547  -11.246  -61.855  -4.225 0.0000000000
28569  -10.842  -61.045  -4.400 0.0000000000
29755  -10.402  -60.311  -4.583 0.0000000000
29733  -8.031  -60.556  -3.611 0.0000000000
29754  -9.550  -60.187  -4.408 0.0000000000
145478  -10.767  -59.642  -4.830 0.0000000000
140593  -10.095  -58.934  -4.809 0.0000000000
32002  -10.348  -57.817  -4.610 0.0000000000
142790  -10.863  -56.992  -4.049 0.0000000000
33178  -10.090  -56.945  -3.938 0.0000000000
34292  -10.351  -56.488  -2.774 0.0000000000
147740  -9.673  -55.874  -1.901 0.0000000000
33161  -8.110  -57.497  -1.705 0.0000000000
34273  -9.019  -56.539  -1.703 0.0000000000
7495  -10.139  -81.064  -22.873 0.0000000000
139478  -9.850  -80.395  -22.363 0.0000000000
7494  -9.233  -80.581  -23.112 0.0000000000
8329  -7.613  -79.978  -23.026 0.0000000000
8328  -6.496  -80.011  -23.302 0.0000000000
7491  -6.072  -80.295  -24.249 0.0000000000
8327  -5.597  -79.705  -23.615 0.0000000000
8315  -5.856  -79.757  -22.582 0.0000000000
9208  -4.499  -78.719  -23.019 0.0000000000
9207  -4.299  -77.786  -23.176 0.0000000000
11277  -4.416  -76.894  -23.529 0.0000000000
12153  -14.703  -75.073  -10.572 0.0000000000
12155  -16.140  -75.439  -11.099 0.0000000000
11070  -16.423  -76.594  -11.292 0.0000000000
133734  -16.854  -76.829  -11.933 0.0000000000
11100  -16.877  -77.067  -12.905 0.0000000000
10099  -16.096  -77.566  -13.345 0.0000000000
11132  -16.685  -76.813  -14.831 0.0000000000
11161  -16.467  -76.382  -15.646 0.0000000000
11181  -15.428  -76.074  -16.508 0.0000000000
12272  -14.349  -75.145  -17.447 0.0000000000
10082  -12.962  -78.195  -11.649 0.0000000000
10113  -13.099  -76.863  -13.435 0.0000000000
11129  -13.474  -76.507  -14.525 0.0000000000
11157  -11.767  -75.720  -14.553 0.0000000000
11158  -12.813  -75.914  -15.016 0.0000000000
11159  -13.933  -76.405  -15.675 0.0000000000
11180  -14.059  -76.010  -16.660 0.0000000000
11195  -14.062  -75.651  -17.276 0.0000000000
13441  -13.833  -74.563  -17.777 0.0000000000
13446  -13.018  -74.367  -18.165 0.0000000000
14569  -11.838  -73.615  -18.743 0.0000000000
154937  -10.586  -73.556  -19.197 0.0000000000
13453  -11.186  -74.551  -19.602 0.0000000000
140073  -10.164  -73.747  -19.681 0.0000000000
148736  -9.259  -73.286  -18.878 0.0000000000
14566  -8.438  -73.297  -19.135 0.0000000000
14565  -7.408  -73.087  -18.932 0.0000000000
14572  -6.079  -72.316  -19.512 0.0000000000
129942  -15.344  -86.811  -27.239 0.0000000000
130424  -15.431  -86.104  -28.379 0.0000000000
3215  -16.297  -85.925  -28.541 0.0000000000
3223  -16.830  -85.386  -29.268 0.0000000000
145723  -16.639  -86.127  -30.739 0.0000000000
3237  -18.095  -86.201  -31.046 0.0000000000
3869  -17.700  -85.543  -31.412 0.0000000000
3244  -16.983  -85.511  -31.374 0.0000000000
4554  -18.007  -84.608  -32.351 0.0000000000
4565  -17.670  -84.055  -33.041 0.0000000000
5285  -17.923  -83.414  -33.365 0.0000000000
147977  -21.139  -84.898  -28.895 0.0000000000
130187  -20.598  -84.539  -29.667 0.0000000000
148045  -20.051  -84.103  -30.230 0.0000000000
147982  -19.406  -82.942  -28.934 0.0000000000
148181  -19.406  -83.329  -29.893 0.0000000000
130194  -19.363  -83.717  -30.688 0.0000000000
148015  -18.669  -83.412  -31.262 0.0000000000
5275  -18.218  -83.037  -32.761 0.0000000000
5297  -18.149  -82.819  -33.856 0.0000000000
134874  -18.176  -81.962  -34.084 0.0000000000
6790  -17.958  -81.221  -34.524 0.0000000000
7599  -17.974  -80.479  -34.572 0.0000000000
134650  -17.951  -80.171  -32.937 0.0000000000
136683  -18.029  -80.159  -33.737 0.0000000000
140834  -17.972  -79.733  -34.982 0.0000000000
8435  -17.935  -78.839  -35.439 0.0000000000
42420  -21.666  -49.294  -5.886 0.0000000000
42418  -19.431  -49.630  -6.110 0.0000000000
21009  -3.549  -67.724  1.517 0.0000000000
18689  -3.109  -69.092  0.869 0.0000000000
139544  -3.743  -70.874  1.248 0.0000000000
16505  -3.635  -71.772  0.896 0.0000000000
12072  -5.124  -76.821  -5.062 0.0000000000
12073  -6.325  -76.449  -5.672 0.0000000000
13314  -8.127  -74.847  -8.399 0.0000000000
25996  -23.733  -63.283  -2.095 0.0000000000
25997  -24.531  -63.558  -2.139 0.0000000000
24736  -23.989  -64.026  -1.592 0.0000000000
23483  -24.560  -65.900  -2.257 0.0000000000
23468  -23.040  -65.409  -1.324 0.0000000000
23482  -23.610  -66.151  -2.114 0.0000000000
22274  -24.657  -66.628  -4.621 0.0000000000
22318  -23.933  -67.150  -6.385 0.0000000000
22234  -20.350  -67.594  -1.508 0.0000000000
21075  -21.274  -67.723  -2.865 0.0000000000
21076  -21.450  -67.721  -3.772 0.0000000000
145944  -21.239  -68.849  -3.890 0.0000000000
19930  -21.623  -68.284  -4.309 0.0000000000
21095  -22.966  -67.298  -5.257 0.0000000000
21125  -23.566  -67.821  -6.630 0.0000000000
19983  -24.806  -69.220  -8.898 0.0000000000
19998  -24.424  -69.074  -10.279 0.0000000000
155427  -23.639  -70.761  -9.333 0.0000000000
18861  -23.709  -70.021  -11.167 0.0000000000
20013  -22.773  -69.722  -11.966 0.0000000000
21212  -22.137  -69.581  -12.054 0.0000000000
21187  -22.226  -68.562  -10.163 0.0000000000
20004  -21.640  -68.023  -9.284 0.0000000000
146703  -9.526  -68.958  -8.712 0.0000000000
142719  -10.151  -68.958  -7.957 0.0000000000
139820  -9.246  -68.718  -7.814 0.0000000000
144990  -7.861  -69.270  -5.470 0.0000000000
18782  -5.969  -68.998  -6.467 0.0000000000
142474  -7.024  -69.279  -5.261 0.0000000000
18743  -7.427  -69.275  -4.637 0.0000000000
19904  -7.331  -68.933  -3.099 0.0000000000
19896  -6.736  -68.586  -2.410 0.0000000000
21055  -7.169  -67.956  -1.826 0.0000000000
21121  -3.734  -67.215  -6.201 0.0000000000
21086  -3.820  -68.100  -3.977 0.0000000000
136072  -3.082  -67.212  -3.756 0.0000000000
21066  -3.521  -67.911  -2.985 0.0000000000
132191  -4.361  -68.662  -3.550 0.0000000000
21053  -4.956  -68.181  -1.727 0.0000000000
21054  -6.074  -68.216  -1.683 0.0000000000
21043  -6.554  -67.482  -1.227 0.0000000000
23450  -5.412  -65.261  0.183 0.0000000000
149112  -5.574  -64.528  0.343 0.0000000000
23440  -3.341  -64.652  0.545 0.0000000000
24715  -4.974  -63.923  0.570 0.0000000000
25969  -5.500  -63.199  0.293 0.0000000000
8384  -7.849  -79.587  -29.127 0.0000000000
8378  -7.129  -79.563  -28.409 0.0000000000
8385  -8.618  -79.035  -29.706 0.0000000000
148133  -23.050  -85.211  -23.896 0.0000000000
148212  -23.088  -84.090  -23.210 0.0000000000
148200  -25.156  -84.486  -22.811 0.0000000000
147955  -26.448  -83.900  -22.592 0.0000000000
39942  -27.852  -51.106  -5.902 0.0000000000
38762  -27.382  -52.557  -6.394 0.0000000000
38761  -26.598  -52.677  -6.290 0.0000000000
38760  -25.772  -52.944  -6.179 0.0000000000
37608  -24.605  -53.873  -5.944 0.0000000000
133858  -23.231  -54.206  -5.893 0.0000000000
35432  -21.430  -54.864  -5.652 0.0000000000
14241  -15.937  -73.605  2.676 0.0000000000
14267  -17.342  -73.579  1.913 0.0000000000
13166  -16.964  -74.563  1.579 0.0000000000
11989  -16.828  -75.466  0.170 0.0000000000
12004  -17.254  -75.710  -0.529 0.0000000000
12003  -15.914  -76.088  -0.795 0.0000000000
10964  -17.014  -76.295  -1.800 0.0000000000
12032  -17.610  -75.747  -2.098 0.0000000000
13254  -17.477  -74.876  -3.173 0.0000000000
13264  -17.296  -74.244  -4.381 0.0000000000
14388  -17.259  -73.804  -6.028 0.0000000000
10010  -16.167  -76.854  -5.576 0.0000000000
11022  -17.069  -76.368  -5.996 0.0000000000
12096  -17.612  -75.691  -6.451 0.0000000000
14418  -19.628  -73.561  -8.507 0.0000000000
13289  -18.413  -74.585  -6.895 0.0000000000
14389  -18.096  -74.019  -6.659 0.0000000000
15528  -17.101  -72.914  -6.217 0.0000000000
16609  -17.372  -71.626  -7.359 0.0000000000
17661  -16.978  -70.791  -7.883 0.0000000000
18833  -16.000  -69.594  -8.749 0.0000000000
146636  -17.311  -69.893  -9.520 0.0000000000
18857  -15.718  -69.592  -9.367 0.0000000000
146876  -15.350  -69.333  -8.810 0.0000000000
18856  -14.098  -69.641  -9.167 0.0000000000
18854  -12.436  -69.883  -9.102 0.0000000000
18853  -11.561  -69.851  -9.232 0.0000000000
12174  -17.348  -75.195  -11.559 0.0000000000
12189  -18.034  -75.327  -12.232 0.0000000000
13394  -18.495  -74.646  -12.214 0.0000000000
12232  -18.196  -75.155  -14.402 0.0000000000
12209  -18.603  -74.712  -13.863 0.0000000000
13395  -18.844  -74.181  -13.093 0.0000000000
15643  -18.620  -72.719  -14.058 0.0000000000
15616  -18.296  -72.121  -13.935 0.0000000000
16698  -17.793  -71.572  -13.539 0.0000000000
14549  -14.554  -73.565  -16.663 0.0000000000
14534  -14.099  -73.085  -15.790 0.0000000000
14518  -14.887  -73.019  -15.152 0.0000000000
14516  -12.384  -72.664  -14.540 0.0000000000
15639  -14.291  -72.864  -14.221 0.0000000000
140469  -15.152  -72.841  -14.400 0.0000000000
152973  -15.336  -72.485  -14.034 0.0000000000
16697  -16.199  -71.563  -13.087 0.0000000000
142835  -17.168  -71.265  -12.902 0.0000000000
16655  -14.999  -70.973  -11.843 0.0000000000
17732  -14.215  -70.782  -11.328 0.0000000000
16652  -11.871  -71.194  -11.826 0.0000000000
17730  -12.251  -70.753  -11.174 0.0000000000
17731  -13.225  -70.679  -11.102 0.0000000000
17711  -11.751  -70.471  -10.532 0.0000000000
17688  -11.272  -70.155  -9.971 0.0000000000
146249  -10.369  -69.318  -8.707 0.0000000000
154028  -8.090  -69.275  -9.379 0.0000000000
145798  -7.289  -69.138  -8.951 0.0000000000
18867  -6.899  -69.810  -10.290 0.0000000000
18848  -6.595  -69.567  -9.647 0.0000000000
18826  -4.974  -69.440  -8.788 0.0000000000
133877  -4.160  -69.265  -8.896 0.0000000000
18825  -3.746  -68.936  -8.842 0.0000000000
21163  -3.450  -67.823  -9.375 0.0000000000
17768  -4.973  -70.690  -13.357 0.0000000000
17745  -4.473  -70.243  -12.601 0.0000000000
155461  -3.205  -69.181  -11.806 0.0000000000
20045  -2.952  -69.026  -12.829 0.0000000000
143666  -2.704  -68.346  -12.307 0.0000000000
20026  -3.085  -68.718  -11.113 0.0000000000
21201  -2.905  -68.126  -10.966 0.0000000000
21178  -3.252  -67.953  -10.196 0.0000000000
132614  -3.415  -66.928  -9.190 0.0000000000
22365  -3.254  -66.019  -9.400 0.0000000000
23608  -3.065  -64.887  -9.575 0.0000000000
26120  -3.801  -63.484  -9.811 0.0000000000
26143  -3.570  -63.539  -11.262 0.0000000000
26138  -4.024  -63.082  -10.655 0.0000000000
5850  -13.896  -82.227  -16.832 0.0000000000
6626  -14.248  -81.729  -16.521 0.0000000000
5866  -14.507  -82.052  -17.431 0.0000000000
6651  -14.971  -81.263  -17.915 0.0000000000
8292  -14.459  -79.897  -19.128 0.0000000000
6666  -15.124  -81.182  -19.544 0.0000000000
142458  -14.460  -80.307  -19.742 0.0000000000
7464  -13.249  -80.294  -20.508 0.0000000000
134908  -12.042  -80.695  -21.316 0.0000000000
7486  -11.400  -80.963  -21.816 0.0000000000
5928  -16.093  -82.479  -22.543 0.0000000000
132287  -15.690  -82.159  -23.029 0.0000000000
5927  -14.746  -81.927  -22.708 0.0000000000
149604  -14.162  -82.588  -23.906 0.0000000000
5937  -13.871  -82.377  -23.274 0.0000000000
5926  -13.620  -82.072  -22.696 0.0000000000
6697  -12.821  -81.808  -22.330 0.0000000000
6696  -11.812  -81.609  -22.371 0.0000000000
6695  -10.975  -81.365  -22.595 0.0000000000
6705  -9.688  -81.400  -23.784 0.0000000000
138735  -9.033  -81.481  -24.527 0.0000000000
154540  -8.654  -81.601  -24.969 0.0000000000
5954  -9.727  -82.512  -25.711 0.0000000000
5953  -8.849  -82.232  -26.012 0.0000000000
6722  -7.931  -82.047  -26.325 0.0000000000
5965  -7.450  -82.362  -27.149 0.0000000000
5971  -6.582  -82.193  -28.010 0.0000000000
151109  -6.817  -81.075  -28.977 0.0000000000
3216  -16.804  -85.939  -28.300 0.0000000000
152216  -15.040  -84.713  -28.857 0.0000000000
3233  -14.090  -86.016  -30.687 0.0000000000
130366  -14.781  -84.950  -29.268 0.0000000000
154898  -14.333  -84.742  -29.097 0.0000000000
129955  -13.929  -84.495  -28.653 0.0000000000
130352  -12.849  -84.618  -28.916 0.0000000000
130431  -11.981  -84.634  -28.468 0.0000000000
5293  -15.192  -83.282  -34.041 0.0000000000
4571  -14.095  -83.780  -33.335 0.0000000000
4553  -13.036  -84.441  -32.391 0.0000000000
5283  -12.696  -83.545  -33.431 0.0000000000
4560  -12.281  -84.169  -32.974 0.0000000000
3875  -11.900  -85.134  -31.849 0.0000000000
129941  -11.529  -85.416  -30.942 0.0000000000
130418  -11.642  -84.714  -29.903 0.0000000000
130635  -11.328  -84.593  -29.025 0.0000000000
4527  -10.539  -84.262  -28.798 0.0000000000
4526  -9.815  -84.222  -29.390 0.0000000000
5249  -8.842  -83.824  -29.109 0.0000000000
5267  -8.692  -83.542  -31.120 0.0000000000
5258  -8.145  -83.401  -30.459 0.0000000000
5240  -7.930  -83.387  -29.267 0.0000000000
5985  -7.258  -82.408  -29.528 0.0000000000
6738  -7.500  -81.835  -29.879 0.0000000000
140579  -7.557  -81.134  -29.451 0.0000000000
7545  -8.193  -80.222  -29.763 0.0000000000
8391  -9.664  -79.061  -31.286 0.0000000000
8408  -10.239  -80.194  -32.541 0.0000000000
147951  -22.536  -84.036  -22.662 0.0000000000
148138  -21.092  -82.855  -23.050 0.0000000000
147964  -21.626  -80.800  -23.599 0.0000000000
148159  -23.043  -80.493  -23.486 0.0000000000
148203  -21.544  -79.979  -24.018 0.0000000000
148132  -21.367  -79.968  -25.518 0.0000000000
29781  -24.927  -60.365  -5.628 0.0000000000
27337  -24.702  -62.011  -4.967 0.0000000000
143551  -23.651  -62.692  -3.967 0.0000000000
27335  -23.118  -62.430  -4.677 0.0000000000
27275  -23.497  -62.689  -3.000 0.0000000000
27263  -22.859  -62.894  -2.076 0.0000000000
27262  -22.054  -62.771  -1.674 0.0000000000
25974  -21.773  -63.337  -0.898 0.0000000000
27250  -20.956  -62.865  -0.698 0.0000000000
142873  -21.159  -63.846  -0.389 0.0000000000
137274  -20.373  -64.091  -0.137 0.0000000000
23453  -19.803  -64.733  -0.388 0.0000000000
132619  -19.055  -65.539  -0.639 0.0000000000
28526  -17.400  -61.185  -2.856 0.0000000000
28510  -18.207  -61.138  -1.898 0.0000000000
28500  -18.249  -61.307  -0.794 0.0000000000
28481  -17.279  -61.804  0.230 0.0000000000
27247  -18.009  -62.037  -0.147 0.0000000000
25966  -18.442  -62.825  0.249 0.0000000000
24710  -18.881  -63.685  0.297 0.0000000000
23464  -18.389  -66.314  -0.884 0.0000000000
22210  -17.796  -66.729  -0.522 0.0000000000
21035  -17.430  -67.430  -0.137 0.0000000000
21031  -16.777  -67.887  0.222 0.0000000000
22200  -16.096  -67.036  0.935 0.0000000000
21030  -16.253  -67.775  0.687 0.0000000000
18693  -16.212  -69.835  1.120 0.0000000000
17573  -15.854  -70.390  1.709 0.0000000000
16495  -16.291  -71.920  2.686 0.0000000000
28495  -12.581  -60.562  -1.231 0.0000000000
153918  -12.646  -61.397  0.171 0.0000000000
27217  -13.102  -62.880  1.415 0.0000000000
27232  -9.599  -61.697  0.397 0.0000000000
150533  -10.218  -62.438  0.810 0.0000000000
24696  -10.274  -64.227  1.618 0.0000000000
25950  -10.492  -63.312  1.306 0.0000000000
27215  -11.056  -62.631  1.021 0.0000000000
27216  -12.026  -62.690  1.332 0.0000000000
147765  -12.413  -63.534  1.664 0.0000000000
25953  -13.867  -63.574  1.691 0.0000000000
23433  -13.270  -65.268  1.946 0.0000000000
132464  -13.864  -66.074  1.764 0.0000000000
21013  -13.590  -67.587  1.589 0.0000000000
144339  -13.052  -68.346  1.777 0.0000000000
19849  -13.279  -68.950  1.964 0.0000000000
18692  -13.901  -68.582  1.668 0.0000000000
18679  -14.458  -69.938  1.851 0.0000000000
17560  -15.562  -71.091  2.509 0.0000000000
15393  -15.923  -72.744  2.956 0.0000000000
147482  -15.148  -73.593  2.865 0.0000000000
13164  -14.779  -74.598  1.594 0.0000000000
13180  -14.282  -74.753  0.757 0.0000000000
14222  -13.095  -72.985  3.074 0.0000000000
14289  -13.919  -74.161  1.319 0.0000000000
13179  -13.779  -74.781  -0.075 0.0000000000
12017  -13.843  -75.425  -1.408 0.0000000000
12046  -13.442  -75.874  -3.102 0.0000000000
16493  -9.548  -71.898  3.078 0.0000000000
15406  -10.828  -72.371  1.906 0.0000000000
141321  -11.597  -72.552  0.853 0.0000000000
15424  -10.429  -72.259  -0.022 0.0000000000
15425  -11.130  -72.458  0.055 0.0000000000
15440  -11.780  -72.867  -0.210 0.0000000000
137505  -12.435  -73.525  -1.023 0.0000000000
13240  -13.036  -75.149  -2.619 0.0000000000
139434  -13.389  -75.881  -3.989 0.0000000000
12063  -13.541  -75.925  -4.842 0.0000000000
12078  -13.898  -75.943  -5.711 0.0000000000
141843  -13.923  -75.771  -6.518 0.0000000000
13274  -12.148  -74.852  -5.055 0.0000000000
13287  -12.737  -75.312  -7.055 0.0000000000
12112  -14.087  -74.912  -7.937 0.0000000000
141547  -14.153  -73.875  -9.316 0.0000000000
13335  -14.065  -74.195  -10.018 0.0000000000
19875  -4.638  -68.374  0.290 0.0000000000
18703  -5.012  -68.908  -0.171 0.0000000000
17585  -5.350  -69.726  -0.437 0.0000000000
143291  -4.484  -70.121  -1.032 0.0000000000
16535  -5.443  -70.843  -1.419 0.0000000000
17598  -5.897  -70.497  -0.723 0.0000000000
16551  -6.340  -71.680  -1.637 0.0000000000
15453  -7.076  -72.093  -2.003 0.0000000000
139058  -8.325  -71.714  -3.398 0.0000000000
14349  -3.253  -73.555  -4.158 0.0000000000
15479  -3.220  -72.235  -4.024 0.0000000000
15494  -4.393  -71.733  -4.546 0.0000000000
134049  -5.035  -72.092  -5.901 0.0000000000
15510  -4.932  -71.893  -5.153 0.0000000000
15495  -5.475  -71.787  -4.574 0.0000000000
15496  -6.599  -71.884  -4.760 0.0000000000
139813  -7.613  -71.802  -4.206 0.0000000000
15483  -8.766  -71.902  -4.003 0.0000000000
15498  -9.329  -72.382  -4.671 0.0000000000
14373  -9.786  -73.284  -5.728 0.0000000000
156906  -10.695  -73.951  -7.096 0.0000000000
14400  -9.378  -73.489  -7.627 0.0000000000
14402  -11.038  -74.030  -7.894 0.0000000000
13299  -11.679  -74.269  -7.767 0.0000000000
14417  -12.729  -73.601  -9.289 0.0000000000
13334  -13.284  -73.809  -9.768 0.0000000000
131633  -14.134  -74.585  -10.596 0.0000000000
11068  -14.101  -75.694  -10.355 0.0000000000
11049  -13.516  -76.850  -9.510 0.0000000000
12151  -11.887  -74.991  -10.644 0.0000000000
11048  -12.494  -76.762  -9.526 0.0000000000
10033  -12.985  -77.749  -9.134 0.0000000000
10032  -12.095  -77.913  -9.259 0.0000000000
8157  -11.918  -78.972  -9.453 0.0000000000
137517  -11.215  -79.311  -9.976 0.0000000000
14444  -7.967  -73.653  -11.171 0.0000000000
13374  -8.429  -74.392  -11.982 0.0000000000
12171  -9.407  -75.327  -11.755 0.0000000000
136187  -8.448  -75.575  -12.533 0.0000000000
11099  -8.715  -76.338  -12.394 0.0000000000
11087  -9.369  -76.321  -11.793 0.0000000000
10051  -9.841  -77.897  -10.772 0.0000000000
146245  -11.200  -79.916  -10.347 0.0000000000
7334  -10.745  -80.217  -10.851 0.0000000000
134648  -11.001  -80.692  -12.033 0.0000000000
7360  -10.466  -80.785  -12.465 0.0000000000
132552  -8.523  -80.338  -12.656 0.0000000000
7372  -9.944  -80.885  -12.969 0.0000000000
6581  -10.768  -81.114  -13.221 0.0000000000
6592  -10.937  -81.404  -14.203 0.0000000000
6605  -11.553  -81.627  -15.053 0.0000000000
6624  -12.151  -81.772  -15.672 0.0000000000
140700  -7.938  -75.451  -9.279 0.0000000000
10030  -7.874  -77.014  -9.308 0.0000000000
12134  -7.354  -75.191  -9.664 0.0000000000
141487  -6.201  -75.728  -10.526 0.0000000000
12147  -5.509  -75.514  -10.812 0.0000000000
11085  -3.988  -76.104  -11.682 0.0000000000
10068  -3.951  -77.252  -11.366 0.0000000000
10079  -3.563  -76.697  -12.224 0.0000000000
11097  -3.267  -75.678  -12.534 0.0000000000
12204  -3.069  -75.023  -13.684 0.0000000000
12251  -3.937  -75.564  -15.475 0.0000000000
157067  -5.356  -76.266  -15.883 0.0000000000
7380  -4.182  -80.123  -13.950 0.0000000000
157070  -3.880  -79.321  -14.380 0.0000000000
8212  -3.460  -78.828  -15.033 0.0000000000
8261  -2.950  -79.339  -17.611 0.0000000000
9126  -2.955  -78.389  -16.516 0.0000000000
138155  -3.041  -77.659  -16.299 0.0000000000
11172  -3.453  -76.888  -16.392 0.0000000000
10134  -5.407  -76.707  -16.347 0.0000000000
11153  -5.878  -76.751  -15.513 0.0000000000
9091  -6.546  -78.378  -15.261 0.0000000000
8214  -6.874  -79.201  -14.842 0.0000000000
7394  -7.670  -80.538  -15.091 0.0000000000
7412  -7.052  -80.338  -16.942 0.0000000000
7414  -8.101  -80.906  -15.862 0.0000000000
149839  -8.368  -80.933  -15.215 0.0000000000
147376  -10.234  -81.649  -15.911 0.0000000000
133218  -11.114  -81.779  -15.975 0.0000000000
5847  -11.849  -81.929  -16.434 0.0000000000
144332  -12.448  -82.263  -16.840 0.0000000000
5876  -12.639  -82.840  -18.305 0.0000000000
5137  -12.941  -83.261  -18.847 0.0000000000
5890  -11.426  -82.892  -19.265 0.0000000000
5136  -12.230  -83.138  -19.015 0.0000000000
5152  -13.600  -83.422  -19.267 0.0000000000
5164  -13.295  -83.927  -19.971 0.0000000000
4462  -14.092  -84.039  -20.588 0.0000000000
4473  -14.526  -84.213  -21.467 0.0000000000
5913  -8.289  -82.545  -21.496 0.0000000000
5174  -9.171  -82.911  -21.451 0.0000000000
5175  -10.552  -83.779  -21.448 0.0000000000
4477  -9.803  -84.224  -22.805 0.0000000000
5186  -10.173  -84.019  -22.116 0.0000000000
4459  -11.361  -84.173  -21.209 0.0000000000
138657  -11.933  -84.576  -21.413 0.0000000000
3798  -12.864  -85.076  -21.943 0.0000000000
4479  -13.799  -84.820  -22.071 0.0000000000
3808  -14.280  -85.073  -22.763 0.0000000000
3814  -14.991  -85.069  -23.396 0.0000000000
3824  -14.873  -85.424  -24.134 0.0000000000
3823  -12.218  -85.932  -24.014 0.0000000000
3188  -13.830  -85.814  -24.492 0.0000000000
3834  -15.032  -85.706  -24.995 0.0000000000
130463  -15.381  -86.119  -25.739 0.0000000000
129933  -14.721  -86.434  -26.252 0.0000000000
129931  -15.562  -86.718  -26.923 0.0000000000
134761  -7.609  -85.495  -23.194 0.0000000000
3185  -7.319  -86.482  -24.686 0.0000000000
3819  -6.442  -85.808  -24.818 0.0000000000
3818  -5.098  -84.998  -25.233 0.0000000000
143806  -5.048  -84.649  -25.864 0.0000000000
4510  -5.502  -84.510  -26.851 0.0000000000
4517  -6.177  -84.828  -27.366 0.0000000000
1829  -6.579  -88.766  -26.169 0.0000000000
2252  -6.187  -87.973  -26.627 0.0000000000
2702  -5.839  -87.317  -26.501 0.0000000000
151728  -6.362  -86.613  -27.564 0.0000000000
3855  -6.709  -85.745  -28.082 0.0000000000
3837  -7.258  -85.339  -27.286 0.0000000000
132373  -8.783  -85.808  -26.784 0.0000000000
150898  -9.867  -86.203  -26.764 0.0000000000
3199  -10.460  -86.377  -26.679 0.0000000000
129934  -9.884  -86.743  -28.558 0.0000000000
129928  -10.386  -86.798  -28.212 0.0000000000
148061  -11.700  -86.726  -27.118 0.0000000000
129932  -13.386  -86.760  -27.080 0.0000000000
130406  -14.383  -86.849  -27.197 0.0000000000
131001  -14.584  -87.156  -27.546 0.0000000000
134203  -15.583  -87.331  -27.804 0.0000000000
2289  -16.174  -86.992  -27.274 0.0000000000
2275  -14.582  -88.444  -28.149 0.0000000000
2290  -16.636  -86.997  -27.093 0.0000000000
2732  -17.247  -87.026  -27.212 0.0000000000
2734  -18.939  -87.500  -29.356 0.0000000000
2735  -19.707  -87.239  -29.165 0.0000000000
2736  -20.375  -87.078  -28.894 0.0000000000
1426  -12.275  -88.698  -24.576 0.0000000000
149887  -14.229  -88.645  -25.255 0.0000000000
1428  -14.788  -88.741  -25.576 0.0000000000
1430  -15.961  -90.088  -26.110 0.0000000000
1440  -16.392  -89.592  -26.544 0.0000000000
1851  -16.707  -89.269  -27.168 0.0000000000
145807  -17.698  -88.787  -27.669 0.0000000000
2723  -21.095  -87.920  -28.323 0.0000000000
129906  -21.261  -87.293  -27.975 0.0000000000
130435  -21.140  -86.899  -27.363 0.0000000000
129905  -20.789  -87.000  -26.542 0.0000000000
148072  -19.421  -87.575  -25.222 0.0000000000
2268  -19.457  -88.536  -25.371 0.0000000000
130364  -19.765  -88.005  -25.410 0.0000000000
130250  -18.463  -87.735  -23.941 0.0000000000
147957  -18.612  -87.922  -22.699 0.0000000000
148229  -19.446  -87.275  -21.688 0.0000000000
147963  -20.591  -87.265  -22.208 0.0000000000
666  -15.382  -92.254  -22.518 0.0000000000
683  -16.705  -92.095  -23.300 0.0000000000
140339  -17.963  -92.356  -22.533 0.0000000000
684  -17.563  -92.172  -23.276 0.0000000000
698  -17.999  -92.086  -24.015 0.0000000000
1015  -19.211  -91.415  -24.523 0.0000000000
149822  -21.085  -90.451  -25.367 0.0000000000
149782  -21.518  -89.825  -25.984 0.0000000000
1018  -22.194  -91.199  -24.599 0.0000000000
1422  -22.169  -89.929  -25.872 0.0000000000
130205  -21.999  -89.536  -25.866 0.0000000000
130202  -22.448  -89.156  -25.807 0.0000000000
129901  -21.905  -87.677  -24.376 0.0000000000
148226  -22.554  -86.430  -24.198 0.0000000000
148060  -23.832  -86.253  -24.613 0.0000000000
129900  -24.827  -86.667  -25.793 0.0000000000
1406  -24.722  -88.822  -24.482 0.0000000000
130267  -24.455  -86.455  -23.349 0.0000000000
1840  -24.494  -86.115  -24.192 0.0000000000
136255  -32.642  -56.551  -3.731 0.0000000000
34304  -32.481  -56.833  -4.458 0.0000000000
25998  -25.329  -63.759  -2.144 0.0000000000
157769  -26.014  -63.946  -2.137 0.0000000000
24748  -27.145  -64.384  -2.614 0.0000000000
23497  -26.569  -65.964  -3.715 0.0000000000
24765  -27.617  -64.947  -3.351 0.0000000000
26019  -27.868  -64.162  -2.871 0.0000000000
26020  -28.507  -63.803  -3.214 0.0000000000
26021  -28.893  -63.311  -3.417 0.0000000000
26044  -29.339  -63.034  -4.035 0.0000000000
23554  -26.471  -66.392  -7.004 0.0000000000
23556  -27.318  -65.719  -6.452 0.0000000000
23577  -27.808  -65.321  -7.413 0.0000000000
24826  -28.235  -65.128  -6.560 0.0000000000
147589  -28.548  -64.775  -5.829 0.0000000000
26060  -28.994  -64.202  -5.484 0.0000000000
26061  -29.268  -63.350  -5.152 0.0000000000
28578  -30.049  -61.843  -4.536 0.0000000000
29783  -30.793  -60.552  -4.994 0.0000000000
29797  -30.380  -61.098  -7.169 0.0000000000
30862  -31.064  -59.840  -5.820 0.0000000000
30863  -31.382  -59.076  -5.286 0.0000000000
32024  -31.740  -58.400  -5.408 0.0000000000
33196  -32.164  -57.181  -5.190 0.0000000000
34317  -32.486  -56.312  -5.413 0.0000000000
34316  -31.929  -56.802  -6.031 0.0000000000
151031  -31.588  -56.451  -6.657 0.0000000000
34340  -31.044  -56.576  -7.110 0.0000000000
34360  -30.074  -57.438  -7.627 0.0000000000
35459  -30.365  -56.034  -7.091 0.0000000000
34338  -29.692  -56.253  -7.350 0.0000000000
35476  -28.936  -56.113  -7.375 0.0000000000
35475  -28.009  -55.979  -7.348 0.0000000000
149490  -26.251  -61.040  -8.222 0.0000000000
29833  -25.784  -60.332  -8.156 0.0000000000
29832  -24.370  -60.106  -8.484 0.0000000000
150538  -25.007  -59.298  -8.123 0.0000000000
30900  -26.226  -58.809  -7.764 0.0000000000
139794  -26.060  -57.963  -7.715 0.0000000000
147467  -26.722  -57.342  -7.584 0.0000000000
35474  -27.061  -55.825  -7.343 0.0000000000
35473  -26.186  -55.692  -7.292 0.0000000000
35471  -24.912  -56.100  -7.260 0.0000000000
34337  -24.001  -55.816  -6.952 0.0000000000
33229  -23.043  -57.217  -7.653 0.0000000000
34355  -23.483  -56.480  -7.355 0.0000000000
151814  -23.108  -55.801  -6.974 0.0000000000
34336  -22.386  -55.470  -6.527 0.0000000000
35451  -21.525  -55.132  -5.962 0.0000000000
35431  -20.865  -54.944  -5.261 0.0000000000
14268  -17.980  -73.173  1.634 0.0000000000
14291  -18.549  -73.255  1.106 0.0000000000
14292  -19.160  -73.210  0.436 0.0000000000
14312  -19.112  -73.870  -0.487 0.0000000000
150685  -19.425  -73.301  -0.931 0.0000000000
146330  -19.940  -72.845  -0.922 0.0000000000
15459  -20.182  -72.524  -1.813 0.0000000000
15477  -20.887  -72.118  -2.557 0.0000000000
15504  -21.064  -71.993  -3.982 0.0000000000
15502  -15.544  -73.018  -4.165 0.0000000000
15487  -15.982  -72.507  -3.164 0.0000000000
16565  -15.598  -71.663  -2.817 0.0000000000
16567  -18.037  -71.617  -2.988 0.0000000000
16568  -19.185  -71.637  -3.144 0.0000000000
16581  -20.711  -71.732  -4.346 0.0000000000
133798  -21.406  -71.865  -4.607 0.0000000000
16600  -21.270  -71.267  -5.759 0.0000000000
17649  -21.827  -70.823  -7.289 0.0000000000
17662  -21.377  -70.332  -7.382 0.0000000000
18790  -19.672  -69.502  -6.374 0.0000000000
18812  -20.886  -69.520  -7.651 0.0000000000
18835  -21.410  -69.123  -8.522 0.0000000000
19996  -21.021  -68.273  -8.713 0.0000000000
131888  -20.593  -67.401  -8.709 0.0000000000
22357  -20.341  -66.503  -8.902 0.0000000000
135971  -10.255  -68.967  -6.647 0.0000000000
19960  -10.901  -69.018  -6.073 0.0000000000
19945  -11.507  -68.614  -5.608 0.0000000000
19925  -10.449  -68.577  -4.476 0.0000000000
19926  -11.297  -68.314  -4.819 0.0000000000
21105  -12.144  -67.836  -5.247 0.0000000000
21089  -12.777  -67.103  -4.778 0.0000000000
130602  -13.569  -66.832  -3.523 0.0000000000
21072  -14.153  -67.695  -2.343 0.0000000000
146878  -9.307  -67.015  -1.321 0.0000000000
151062  -10.355  -66.431  -1.327 0.0000000000
22230  -11.560  -66.267  -1.865 0.0000000000
23461  -11.954  -65.341  -1.108 0.0000000000
22221  -12.037  -65.768  -1.351 0.0000000000
22231  -12.695  -66.239  -1.866 0.0000000000
150965  -13.611  -66.461  -1.898 0.0000000000
21060  -14.069  -67.228  -1.761 0.0000000000
21074  -15.659  -67.697  -2.895 0.0000000000
22250  -15.997  -67.009  -3.565 0.0000000000
22272  -16.560  -67.145  -4.579 0.0000000000
22294  -17.849  -66.844  -5.997 0.0000000000
131920  -16.329  -65.480  -4.830 0.0000000000
22315  -17.700  -66.134  -6.284 0.0000000000
22316  -18.254  -66.460  -6.627 0.0000000000
22340  -19.388  -66.692  -7.566 0.0000000000
22356  -19.650  -66.111  -8.221 0.0000000000
23592  -19.403  -65.290  -8.610 0.0000000000
24858  -19.362  -64.383  -8.823 0.0000000000
26101  -19.470  -63.518  -8.803 0.0000000000
26079  -17.693  -63.444  -7.380 0.0000000000
26080  -18.375  -63.473  -7.953 0.0000000000
27397  -18.824  -62.407  -8.259 0.0000000000
146466  -19.566  -61.827  -8.496 0.0000000000
29811  -18.435  -60.870  -7.901 0.0000000000
29812  -18.742  -60.199  -7.837 0.0000000000
27328  -12.735  -61.931  -4.770 0.0000000000
28592  -13.914  -61.170  -5.557 0.0000000000
28593  -14.708  -61.151  -5.956 0.0000000000
29774  -13.537  -60.229  -5.586 0.0000000000
29775  -14.380  -60.367  -5.893 0.0000000000
29795  -15.819  -60.537  -6.675 0.0000000000
29796  -16.482  -60.540  -7.093 0.0000000000
30895  -17.482  -59.761  -7.379 0.0000000000
30896  -18.274  -59.628  -7.532 0.0000000000
32064  -18.601  -58.882  -7.302 0.0000000000
33224  -18.920  -58.069  -6.945 0.0000000000
33208  -16.764  -57.804  -5.905 0.0000000000
33210  -18.381  -57.437  -6.494 0.0000000000
33211  -19.246  -57.109  -6.628 0.0000000000
34332  -19.670  -56.007  -6.163 0.0000000000
35429  -20.227  -55.189  -5.172 0.0000000000
35430  -20.802  -55.193  -4.697 0.0000000000
35413  -19.575  -54.775  -4.174 0.0000000000
35412  -18.652  -54.823  -4.045 0.0000000000
36495  -18.076  -54.554  -3.820 0.0000000000
35410  -16.659  -54.906  -4.154 0.0000000000
36494  -17.022  -54.457  -3.615 0.0000000000
37564  -17.141  -54.254  -3.545 0.0000000000
37563  -16.269  -54.031  -2.937 0.0000000000
38706  -15.835  -53.734  -2.381 0.0000000000
34276  -11.742  -56.799  -2.217 0.0000000000
35391  -12.388  -56.263  -1.657 0.0000000000
35371  -12.937  -55.459  -1.345 0.0000000000
35369  -11.275  -55.888  -0.722 0.0000000000
35352  -12.307  -55.333  -0.838 0.0000000000
36457  -13.675  -54.813  -1.393 0.0000000000
36442  -13.841  -54.359  -1.155 0.0000000000
37546  -14.851  -53.799  -1.695 0.0000000000
38705  -15.301  -53.239  -2.064 0.0000000000
143971  -14.306  -80.313  -16.208 0.0000000000
8267  -13.813  -79.628  -16.832 0.0000000000
8247  -11.744  -79.278  -16.637 0.0000000000
8279  -11.727  -79.241  -18.284 0.0000000000
8265  -11.479  -79.260  -17.466 0.0000000000
9144  -10.736  -79.123  -16.891 0.0000000000
9131  -9.992  -78.671  -16.223 0.0000000000
9129  -8.537  -77.840  -16.531 0.0000000000
10157  -8.179  -77.258  -16.264 0.0000000000
8308  -9.257  -79.352  -21.362 0.0000000000
9186  -8.794  -78.979  -20.740 0.0000000000
9175  -8.324  -78.558  -20.066 0.0000000000
140451  -6.690  -78.582  -20.319 0.0000000000
9174  -7.224  -78.345  -19.800 0.0000000000
134370  -8.523  -78.294  -18.739 0.0000000000
10174  -7.965  -77.885  -17.833 0.0000000000
10166  -7.296  -77.090  -17.343 0.0000000000
11175  -7.809  -75.950  -16.860 0.0000000000
12278  -7.479  -75.671  -18.423 0.0000000000
11222  -7.726  -75.791  -19.635 0.0000000000
12311  -8.093  -75.250  -21.240 0.0000000000
12310  -7.077  -75.624  -21.297 0.0000000000
12331  -7.358  -75.026  -21.620 0.0000000000
12332  -8.005  -74.586  -21.401 0.0000000000
142107  -6.762  -73.291  -20.866 0.0000000000
14584  -5.943  -72.070  -20.458 0.0000000000
15668  -4.665  -72.088  -19.254 0.0000000000
9273  -7.289  -78.540  -28.311 0.0000000000
9258  -6.259  -78.580  -27.085 0.0000000000
10283  -6.043  -78.012  -26.553 0.0000000000
138665  -6.740  -76.270  -28.063 0.0000000000
145606  -6.334  -76.035  -27.377 0.0000000000
138299  -5.870  -77.193  -26.395 0.0000000000
145645  -5.600  -76.141  -25.756 0.0000000000
12384  -5.257  -75.872  -24.514 0.0000000000
16877  -6.042  -70.906  -28.192 0.0000000000
15766  -5.718  -71.650  -27.421 0.0000000000
17930  -5.791  -70.235  -26.259 0.0000000000
16845  -4.624  -70.816  -26.660 0.0000000000
14655  -5.459  -72.583  -26.476 0.0000000000
14654  -5.442  -72.859  -25.586 0.0000000000
154175  -5.816  -73.403  -24.525 0.0000000000
144284  -5.740  -74.224  -24.140 0.0000000000
15712  -5.259  -72.893  -23.034 0.0000000000
15693  -5.250  -72.627  -22.401 0.0000000000
17882  -4.247  -70.138  -22.737 0.0000000000
17862  -4.233  -70.680  -22.129 0.0000000000
16753  -4.634  -71.084  -21.513 0.0000000000
16752  -4.355  -70.620  -20.914 0.0000000000
16734  -4.026  -70.868  -20.250 0.0000000000
16729  -3.665  -71.009  -19.528 0.0000000000
17799  -3.421  -70.587  -18.961 0.0000000000
18974  -3.455  -69.622  -18.401 0.0000000000
130654  -3.587  -68.763  -18.276 0.0000000000
21309  -4.308  -66.996  -19.940 0.0000000000
21295  -3.698  -67.443  -18.721 0.0000000000
21277  -3.540  -67.517  -17.842 0.0000000000
22490  -3.465  -66.597  -17.447 0.0000000000
23720  -3.510  -65.662  -17.149 0.0000000000
23711  -3.755  -64.731  -16.847 0.0000000000
25060  -7.555  -64.458  -22.210 0.0000000000
26308  -7.364  -63.200  -20.566 0.0000000000
25017  -6.676  -63.106  -19.934 0.0000000000
157803  -7.492  -62.669  -18.949 0.0000000000
25006  -6.027  -63.555  -18.354 0.0000000000
24990  -5.557  -63.568  -17.445 0.0000000000
24976  -5.110  -63.395  -16.746 0.0000000000
24965  -4.000  -63.766  -15.716 0.0000000000
442  -17.671  -92.438  -21.907 0.0000000000
447  -16.245  -92.121  -22.509 0.0000000000
681  -14.071  -91.962  -23.522 0.0000000000
685  -18.432  -92.211  -23.273 0.0000000000
696  -15.726  -91.458  -24.187 0.0000000000
697  -17.207  -91.915  -23.911 0.0000000000
699  -18.837  -92.078  -24.041 0.0000000000
703  -22.357  -91.462  -23.917 0.0000000000
999  -23.926  -91.264  -23.831 0.0000000000
1011  -15.424  -90.511  -24.696 0.0000000000
1016  -20.116  -91.344  -24.573 0.0000000000
1024  -14.828  -89.338  -25.080 0.0000000000
1026  -16.760  -90.360  -25.114 0.0000000000
1030  -20.366  -90.658  -25.259 0.0000000000
1031  -21.851  -90.590  -25.250 0.0000000000
1036  -18.917  -90.336  -25.561 0.0000000000
1414  -11.914  -88.601  -23.599 0.0000000000
1416  -14.475  -88.531  -24.753 0.0000000000
1418  -16.234  -90.076  -25.270 0.0000000000
1420  -20.528  -89.771  -25.859 0.0000000000
1421  -21.443  -90.053  -25.854 0.0000000000
1427  -13.755  -88.558  -24.776 0.0000000000
1434  -19.090  -90.008  -26.344 0.0000000000
1435  -19.659  -89.089  -26.226 0.0000000000
1438  -21.920  -89.752  -25.964 0.0000000000
1439  -15.763  -89.480  -26.477 0.0000000000
1442  -17.826  -89.645  -26.685 0.0000000000
1443  -18.467  -89.555  -26.683 0.0000000000
1444  -19.146  -89.299  -26.409 0.0000000000
1822  -5.446  -88.843  -25.153 0.0000000000
1837  -20.080  -89.479  -25.230 0.0000000000
1839  -21.428  -89.352  -25.460 0.0000000000
1844  -8.892  -88.611  -27.169 0.0000000000
1849  -15.198  -89.335  -26.837 0.0000000000
1850  -16.006  -89.241  -27.199 0.0000000000
1853  -18.030  -89.282  -27.209 0.0000000000
1858  -15.236  -88.854  -27.799 0.0000000000
1859  -16.082  -88.495  -27.950 0.0000000000
1860  -17.022  -88.763  -27.610 0.0000000000
1861  -18.423  -88.979  -27.781 0.0000000000
2254  -7.947  -88.585  -26.978 0.0000000000
2255  -20.708  -89.232  -24.587 0.0000000000
2261  -6.574  -87.674  -27.109 0.0000000000
2262  -7.460  -87.817  -27.436 0.0000000000
2272  -9.931  -87.545  -28.390 0.0000000000
2278  -17.516  -88.210  -27.778 0.0000000000
2280  -18.948  -88.430  -28.279 0.0000000000
2281  -19.811  -88.529  -28.145 0.0000000000
2282  -20.559  -88.380  -27.767 0.0000000000
2283  -20.921  -88.194  -27.367 0.0000000000
2288  -14.337  -87.815  -28.456 0.0000000000
2292  -18.305  -87.266  -27.423 0.0000000000
2295  -20.322  -88.028  -28.666 0.0000000000
2697  -5.522  -87.601  -25.707 0.0000000000
2703  -6.017  -87.138  -27.135 0.0000000000
2716  -7.791  -86.819  -28.276 0.0000000000
2717  -8.666  -86.792  -28.700 0.0000000000
2718  -9.548  -86.774  -28.834 0.0000000000
2719  -10.342  -87.094  -28.567 0.0000000000
2721  -14.934  -87.316  -27.727 0.0000000000
2722  -15.775  -86.976  -27.515 0.0000000000
2729  -13.757  -87.659  -28.420 0.0000000000
2731  -16.169  -87.168  -28.208 0.0000000000
2733  -18.497  -86.638  -28.236 0.0000000000
2737  -21.000  -87.147  -28.627 0.0000000000
2744  -17.781  -86.732  -29.530 0.0000000000
2747  -19.968  -87.046  -30.041 0.0000000000
3180  -8.376  -85.765  -22.703 0.0000000000
3182  -7.799  -86.130  -24.209 0.0000000000
3198  -9.247  -86.260  -27.331 0.0000000000
3206  -5.825  -86.012  -27.412 0.0000000000
3207  -6.530  -86.178  -28.020 0.0000000000
3210  -6.069  -85.652  -27.853 0.0000000000
3211  -7.232  -86.243  -28.248 0.0000000000
3221  -14.128  -85.578  -30.223 0.0000000000
3224  -17.726  -86.531  -30.321 0.0000000000
3227  -20.160  -86.293  -30.499 0.0000000000
3231  -10.369  -85.122  -31.205 0.0000000000
3235  -16.000  -86.105  -30.691 0.0000000000
3236  -17.295  -86.181  -30.846 0.0000000000
3239  -19.614  -85.934  -31.164 0.0000000000
3241  -14.591  -85.734  -31.291 0.0000000000
3242  -15.371  -86.123  -31.047 0.0000000000
3245  -20.008  -85.694  -31.107 0.0000000000
3825  -16.638  -84.691  -24.145 0.0000000000
3828  -4.822  -84.891  -26.596 0.0000000000
3833  -11.250  -86.172  -24.991 0.0000000000
3836  -5.173  -85.355  -27.007 0.0000000000
3838  -8.161  -85.481  -26.799 0.0000000000
3840  -10.112  -86.041  -26.031 0.0000000000
3847  -6.134  -85.144  -27.733 0.0000000000
3848  -6.732  -85.402  -27.780 0.0000000000
3849  -8.304  -85.995  -27.544 0.0000000000
3865  -11.535  -85.232  -31.398 0.0000000000
3866  -12.345  -85.442  -31.230 0.0000000000
3870  -18.377  -85.536  -31.454 0.0000000000
3872  -19.468  -85.287  -31.413 0.0000000000
3877  -13.533  -85.124  -32.074 0.0000000000
3878  -14.316  -85.153  -32.050 0.0000000000
3881  -17.453  -85.162  -32.073 0.0000000000
3882  -18.649  -85.124  -32.025 0.0000000000
3883  -19.040  -85.095  -31.984 0.0000000000
3888  -17.156  -84.423  -32.387 0.0000000000
3889  -19.148  -84.732  -32.055 0.0000000000
4405  -5.058  -84.428  -14.941 0.0000000000
4406  -5.442  -84.576  -15.495 0.0000000000
4414  -5.324  -84.245  -15.739 0.0000000000
4424  -5.763  -84.229  -16.614 0.0000000000
4456  -5.921  -84.012  -20.685 0.0000000000
4457  -6.359  -84.500  -20.565 0.0000000000
4458  -7.238  -84.924  -20.403 0.0000000000
4467  -5.087  -83.886  -22.075 0.0000000000
4469  -10.961  -84.386  -21.932 0.0000000000
4472  -13.422  -84.588  -21.336 0.0000000000
4485  -4.795  -84.066  -24.138 0.0000000000
4488  -10.239  -84.702  -23.213 0.0000000000
4489  -15.274  -84.574  -22.831 0.0000000000
4495  -4.977  -84.248  -24.936 0.0000000000
4499  -9.317  -84.707  -24.320 0.0000000000
4503  -5.006  -84.560  -26.484 0.0000000000
4509  -4.973  -84.671  -27.008 0.0000000000
4516  -5.617  -84.800  -27.218 0.0000000000
4534  -8.494  -83.753  -29.865 0.0000000000
4545  -10.566  -84.562  -31.792 0.0000000000
4549  -9.818  -84.197  -31.688 0.0000000000
4551  -11.766  -84.479  -32.289 0.0000000000
4552  -12.354  -84.583  -32.274 0.0000000000
4566  -18.186  -84.090  -32.745 0.0000000000
4572  -14.814  -83.568  -33.467 0.0000000000
4573  -15.591  -83.697  -33.395 0.0000000000
5094  -4.434  -84.145  -13.678 0.0000000000
5095  -4.680  -84.541  -13.307 0.0000000000
5105  -4.680  -84.104  -14.453 0.0000000000
5118  -5.382  -83.618  -16.588 0.0000000000
5127  -6.069  -83.972  -18.396 0.0000000000
5138  -13.582  -82.932  -18.344 0.0000000000
5147  -5.520  -83.364  -19.863 0.0000000000
5163  -12.418  -83.968  -20.155 0.0000000000
5181  -4.874  -83.251  -22.179 0.0000000000
5187  -16.179  -83.026  -22.060 0.0000000000
5188  -16.539  -83.136  -22.850 0.0000000000
5201  -5.132  -83.814  -24.849 0.0000000000
5204  -12.974  -83.245  -25.004 0.0000000000
5206  -17.100  -83.605  -24.348 0.0000000000
5212  -11.915  -83.453  -25.779 0.0000000000
5216  -17.221  -83.740  -25.170 0.0000000000
5220  -10.725  -83.503  -26.708 0.0000000000
5229  -9.814  -83.413  -27.783 0.0000000000
5241  -9.744  -83.807  -28.565 0.0000000000
5248  -7.367  -82.875  -29.179 0.0000000000
5257  -7.559  -83.070  -29.925 0.0000000000
5268  -9.202  -83.661  -31.641 0.0000000000
5284  -17.270  -83.498  -33.497 0.0000000000
5286  -18.254  -83.368  -32.996 0.0000000000
5290  -11.781  -82.754  -34.213 0.0000000000
5291  -12.517  -83.128  -34.089 0.0000000000
5292  -13.425  -83.342  -33.816 0.0000000000
5295  -16.960  -83.155  -34.097 0.0000000000
5846  -5.063  -82.826  -16.664 0.0000000000
5848  -12.600  -82.004  -16.154 0.0000000000
5849  -13.207  -82.195  -16.410 0.0000000000
5864  -13.130  -82.539  -17.395 0.0000000000
5874  -10.908  -82.333  -18.802 0.0000000000
5878  -15.071  -81.667  -19.036 0.0000000000
5888  -9.877  -82.305  -19.910 0.0000000000
5892  -15.213  -81.888  -19.582 0.0000000000
5899  -5.337  -82.292  -21.664 0.0000000000
5910  -5.010  -82.799  -21.582 0.0000000000
5923  -5.375  -82.448  -22.496 0.0000000000
5933  -5.289  -82.843  -23.231 0.0000000000
5938  -15.777  -82.335  -23.697 0.0000000000
5940  -16.745  -82.911  -23.905 0.0000000000
5944  -10.842  -82.663  -24.630 0.0000000000
5957  -12.200  -83.247  -25.067 0.0000000000
5994  -7.531  -82.378  -30.297 0.0000000000
6003  -7.703  -82.242  -31.147 0.0000000000
6015  -9.167  -82.627  -32.763 0.0000000000
6022  -9.681  -82.118  -33.636 0.0000000000
6023  -10.543  -82.682  -33.712 0.0000000000
6025  -18.156  -82.617  -33.475 0.0000000000
6039  -16.501  -82.657  -34.464 0.0000000000
6040  -17.757  -82.366  -34.315 0.0000000000
6048  -12.199  -81.759  -35.220 0.0000000000
6049  -12.943  -82.050  -35.123 0.0000000000
6050  -14.480  -82.120  -35.108 0.0000000000
6053  -17.080  -82.117  -34.958 0.0000000000
6572  -11.371  -80.882  -12.680 0.0000000000
6582  -11.840  -81.214  -13.517 0.0000000000
6584  -12.914  -81.090  -14.283 0.0000000000
6593  -11.916  -81.443  -14.313 0.0000000000
6602  -8.852  -81.248  -15.681 0.0000000000
6603  -9.665  -81.469  -15.393 0.0000000000
6607  -13.509  -81.336  -15.289 0.0000000000
6621  -9.482  -81.566  -16.203 0.0000000000
6623  -11.133  -81.840  -16.751 0.0000000000
6638  -7.869  -81.055  -18.216 0.0000000000
6639  -8.420  -81.282  -17.486 0.0000000000
6642  -14.748  -81.261  -17.036 0.0000000000
6648  -3.666  -81.315  -19.099 0.0000000000
6672  -4.607  -82.059  -20.079 0.0000000000
6676  -8.114  -81.869  -20.358 0.0000000000
6677  -15.169  -81.358  -20.864 0.0000000000
6698  -14.008  -81.628  -22.121 0.0000000000
6707  -11.411  -81.976  -23.013 0.0000000000
6708  -12.113  -82.098  -22.792 0.0000000000
6712  -9.676  -81.853  -24.504 0.0000000000
6717  -8.233  -81.686  -25.519 0.0000000000
6721  -6.995  -81.753  -26.595 0.0000000000
6726  -6.690  -82.046  -27.444 0.0000000000
6730  -6.547  -81.503  -28.437 0.0000000000
6731  -6.897  -81.799  -29.199 0.0000000000
6748  -17.233  -80.720  -30.693 0.0000000000
6754  -7.785  -81.602  -31.624 0.0000000000
6758  -17.136  -80.537  -31.572 0.0000000000
6759  -17.107  -81.463  -31.554 0.0000000000
6779  -9.260  -81.313  -33.611 0.0000000000
6787  -10.462  -81.292  -34.414 0.0000000000
6799  -10.875  -80.935  -35.016 0.0000000000
6800  -11.680  -81.233  -35.155 0.0000000000
6802  -13.740  -81.519  -35.354 0.0000000000
6804  -15.554  -81.408  -35.363 0.0000000000
6807  -17.814  -80.927  -35.118 0.0000000000
6817  -12.697  -80.489  -35.959 0.0000000000
6818  -13.541  -80.603  -36.031 0.0000000000
6822  -17.513  -80.344  -35.495 0.0000000000
7332  -4.026  -80.046  -10.312 0.0000000000
7333  -9.980  -80.069  -11.008 0.0000000000
7335  -11.636  -80.175  -10.752 0.0000000000
7349  -4.056  -81.120  -11.579 0.0000000000
7351  -11.223  -80.447  -11.429 0.0000000000
7352  -11.938  -80.293  -11.421 0.0000000000
7361  -11.634  -80.553  -12.100 0.0000000000
7368  -4.347  -80.821  -12.978 0.0000000000
7370  -8.245  -80.452  -13.618 0.0000000000
7373  -12.006  -80.556  -13.058 0.0000000000
7381  -7.765  -80.318  -14.305 0.0000000000
7392  -3.421  -79.822  -16.178 0.0000000000
7397  -14.010  -80.751  -15.621 0.0000000000
7411  -3.858  -80.828  -17.011 0.0000000000
7413  -7.340  -80.487  -16.006 0.0000000000
7415  -14.439  -81.030  -16.270 0.0000000000
7439  -3.687  -80.462  -19.360 0.0000000000
7443  -14.982  -80.400  -18.507 0.0000000000
7455  -6.781  -80.621  -19.273 0.0000000000
7457  -14.868  -80.578  -19.321 0.0000000000
7466  -14.902  -80.831  -20.151 0.0000000000
7471  -9.613  -79.815  -21.883 0.0000000000
7474  -12.807  -80.767  -21.126 0.0000000000
7475  -13.799  -80.754  -21.011 0.0000000000
7483  -8.557  -80.028  -22.734 0.0000000000
7484  -9.236  -80.086  -22.426 0.0000000000
7502  -7.876  -80.685  -24.187 0.0000000000
7513  -5.902  -80.416  -26.018 0.0000000000
7540  -6.635  -80.566  -28.413 0.0000000000
7555  -17.727  -79.997  -30.451 0.0000000000
7558  -8.143  -80.724  -31.940 0.0000000000
7568  -8.486  -80.648  -32.899 0.0000000000
7569  -9.186  -80.312  -32.855 0.0000000000
7574  -17.572  -79.911  -32.029 0.0000000000
7581  -8.941  -80.829  -33.443 0.0000000000
7582  -9.612  -80.805  -33.925 0.0000000000
7584  -11.201  -80.639  -34.083 0.0000000000
7596  -10.070  -80.933  -34.292 0.0000000000
7607  -11.525  -80.389  -35.332 0.0000000000
7609  -18.002  -79.853  -35.698 0.0000000000
7622  -15.123  -79.910  -36.359 0.0000000000
7623  -16.558  -80.198  -36.164 0.0000000000
7624  -17.203  -80.115  -36.132 0.0000000000
8150  -4.610  -79.862  -9.139 0.0000000000
8156  -4.455  -79.097  -9.515 0.0000000000
8158  -12.562  -79.288  -9.592 0.0000000000
8171  -4.138  -79.378  -9.792 0.0000000000
8173  -10.361  -79.576  -10.553 0.0000000000
8174  -12.037  -79.807  -10.017 0.0000000000
8188  -4.060  -79.980  -11.278 0.0000000000
8189  -8.649  -79.521  -11.534 0.0000000000
8191  -13.193  -79.480  -10.683 0.0000000000
8196  -8.136  -79.768  -12.211 0.0000000000
8203  -4.112  -79.808  -12.967 0.0000000000
8205  -11.165  -78.859  -12.963 0.0000000000
8207  -12.704  -80.536  -14.104 0.0000000000
8213  -3.785  -79.748  -15.119 0.0000000000
8218  -13.178  -80.629  -14.590 0.0000000000
8229  -6.578  -79.140  -15.730 0.0000000000
8230  -7.056  -79.873  -15.395 0.0000000000
8245  -2.947  -79.227  -16.809 0.0000000000
8248  -12.813  -79.485  -16.307 0.0000000000
8264  -5.701  -79.037  -17.996 0.0000000000
8268  -14.637  -80.333  -16.832 0.0000000000
8276  -4.913  -78.710  -18.804 0.0000000000
8281  -13.599  -79.360  -17.940 0.0000000000
8298  -9.685  -79.060  -20.700 0.0000000000
8314  -4.991  -79.376  -22.799 0.0000000000
8316  -6.992  -79.624  -22.463 0.0000000000
8355  -5.334  -79.344  -25.214 0.0000000000
8356  -5.560  -79.844  -25.554 0.0000000000
8371  -6.676  -79.057  -27.638 0.0000000000
8390  -8.884  -79.574  -30.607 0.0000000000
8397  -8.912  -80.012  -31.519 0.0000000000
8412  -18.210  -79.230  -32.397 0.0000000000
8428  -18.194  -78.837  -34.588 0.0000000000
8441  -11.558  -79.629  -36.046 0.0000000000
8442  -11.963  -79.176  -36.707 0.0000000000
8443  -12.603  -79.093  -37.059 0.0000000000
8444  -13.571  -79.151  -36.983 0.0000000000
8447  -17.376  -79.519  -36.239 0.0000000000
9019  -5.076  -78.600  -9.351 0.0000000000
9022  -12.538  -78.546  -9.294 0.0000000000
9023  -13.349  -78.848  -9.491 0.0000000000
9036  -9.614  -78.852  -10.695 0.0000000000
9040  -14.519  -78.645  -10.429 0.0000000000
9055  -8.466  -78.644  -11.499 0.0000000000
9059  -15.318  -78.077  -11.362 0.0000000000
9065  -3.947  -78.497  -11.942 0.0000000000
9066  -7.517  -78.619  -12.641 0.0000000000
9067  -8.036  -78.185  -12.167 0.0000000000
9068  -12.189  -78.936  -11.642 0.0000000000
9069  -13.998  -78.503  -11.307 0.0000000000
9070  -14.761  -78.059  -11.661 0.0000000000
9108  -3.058  -78.205  -15.745 0.0000000000
9127  -5.404  -77.668  -17.317 0.0000000000
9130  -9.211  -78.247  -16.468 0.0000000000
9138  -3.024  -78.499  -17.272 0.0000000000
9143  -9.882  -78.771  -17.160 0.0000000000
9151  -4.286  -78.374  -18.042 0.0000000000
9152  -7.136  -77.490  -18.172 0.0000000000
9165  -7.818  -78.191  -19.132 0.0000000000
9166  -8.742  -78.501  -19.475 0.0000000000
9172  -4.937  -77.863  -20.030 0.0000000000
9182  -4.172  -78.058  -21.576 0.0000000000
9184  -6.656  -79.004  -21.025 0.0000000000
9195  -4.561  -78.778  -22.065 0.0000000000
9289  -7.841  -78.815  -29.006 0.0000000000
9349  -11.419  -79.459  -35.677 0.0000000000
9358  -11.622  -79.237  -35.902 0.0000000000
9359  -12.671  -78.677  -36.185 0.0000000000
9361  -18.217  -77.941  -34.900 0.0000000000
9372  -17.493  -78.832  -35.899 0.0000000000
10034  -13.910  -77.883  -9.318 0.0000000000
10049  -4.407  -77.818  -10.520 0.0000000000
10054  -15.047  -78.094  -10.366 0.0000000000
10071  -15.999  -77.757  -11.566 0.0000000000
10072  -16.407  -77.280  -11.605 0.0000000000
10096  -12.835  -77.412  -12.413 0.0000000000
10108  -3.099  -77.051  -14.895 0.0000000000
10116  -16.160  -77.254  -14.324 0.0000000000
10133  -3.031  -77.339  -15.691 0.0000000000
10135  -6.123  -77.495  -15.839 0.0000000000
10137  -8.777  -77.181  -15.209 0.0000000000
10138  -9.462  -77.681  -14.817 0.0000000000
10153  -4.093  -77.067  -17.071 0.0000000000
10156  -7.707  -76.681  -16.749 0.0000000000
10158  -8.612  -77.658  -15.891 0.0000000000
10164  -3.738  -77.952  -17.498 0.0000000000
10165  -4.589  -77.708  -17.466 0.0000000000
10173  -6.199  -76.891  -18.150 0.0000000000
10191  -4.363  -77.139  -20.940 0.0000000000
10192  -4.713  -77.066  -20.037 0.0000000000
10201  -4.002  -77.373  -21.432 0.0000000000
10225  -3.855  -77.498  -22.416 0.0000000000
10243  -4.792  -77.533  -24.246 0.0000000000
10264  -5.458  -78.597  -25.276 0.0000000000
10265  -5.814  -77.820  -25.767 0.0000000000
10293  -6.368  -77.762  -27.321 0.0000000000
10294  -6.756  -78.110  -27.780 0.0000000000
10950  -16.726  -76.139  -1.025 0.0000000000
10984  -14.218  -76.332  -4.310 0.0000000000
10986  -15.684  -76.895  -3.409 0.0000000000
10988  -16.891  -76.227  -3.065 0.0000000000
10995  -3.926  -77.156  -5.031 0.0000000000
10999  -15.102  -76.706  -4.719 0.0000000000
11000  -15.917  -77.003  -4.846 0.0000000000
11001  -16.382  -76.762  -4.939 0.0000000000
11002  -16.736  -76.403  -4.096 0.0000000000
11010  -4.125  -77.091  -5.319 0.0000000000
11013  -14.844  -76.432  -5.556 0.0000000000
11015  -16.592  -76.634  -5.604 0.0000000000
11017  -4.289  -76.732  -5.998 0.0000000000
11021  -16.515  -76.599  -6.200 0.0000000000
11029  -16.323  -76.364  -6.915 0.0000000000
11030  -17.033  -76.244  -6.779 0.0000000000
11046  -7.429  -76.122  -9.721 0.0000000000
11047  -8.380  -76.110  -9.212 0.0000000000
11061  -5.011  -76.109  -11.150 0.0000000000
11063  -6.789  -75.550  -10.174 0.0000000000
11064  -10.091  -76.732  -11.046 0.0000000000
11066  -11.741  -76.151  -10.208 0.0000000000
11069  -15.786  -76.616  -10.697 0.0000000000
11086  -4.412  -75.327  -11.292 0.0000000000
11090  -17.448  -76.098  -12.323 0.0000000000
11106  -2.948  -75.804  -13.876 0.0000000000
11109  -16.839  -77.088  -13.915 0.0000000000
11124  -5.477  -75.915  -15.359 0.0000000000
11152  -4.695  -75.997  -16.082 0.0000000000
11154  -8.647  -76.491  -15.563 0.0000000000
11173  -4.149  -76.513  -16.449 0.0000000000
11174  -4.685  -76.659  -16.614 0.0000000000
11176  -8.285  -76.319  -16.117 0.0000000000
11177  -10.164  -75.580  -16.132 0.0000000000
11182  -16.184  -75.714  -16.221 0.0000000000
11191  -7.118  -76.170  -17.283 0.0000000000
11193  -10.951  -75.699  -16.864 0.0000000000
11208  -9.657  -75.876  -18.507 0.0000000000
11209  -10.598  -75.759  -18.738 0.0000000000
11223  -8.573  -75.891  -19.419 0.0000000000
11225  -10.170  -75.734  -19.258 0.0000000000
11233  -4.717  -76.621  -20.882 0.0000000000
11235  -8.598  -75.692  -20.461 0.0000000000
11296  -4.927  -76.641  -24.319 0.0000000000
11314  -5.370  -76.506  -25.053 0.0000000000
11315  -5.658  -76.908  -25.753 0.0000000000
11346  -6.187  -76.963  -27.243 0.0000000000
12018  -14.542  -76.028  -1.441 0.0000000000
12019  -15.374  -76.259  -1.275 0.0000000000
12020  -17.512  -75.793  -1.317 0.0000000000
12030  -13.755  -75.858  -2.145 0.0000000000
12042  -4.138  -75.950  -3.535 0.0000000000
12048  -17.364  -75.641  -2.770 0.0000000000
12064  -17.166  -75.725  -3.559 0.0000000000
12087  -5.002  -76.632  -6.238 0.0000000000
12093  -13.149  -75.581  -6.333 0.0000000000
12094  -13.530  -75.449  -7.181 0.0000000000
12106  -3.994  -75.339  -7.949 0.0000000000
12114  -15.950  -75.717  -7.712 0.0000000000
12123  -8.638  -75.324  -8.766 0.0000000000
12125  -15.568  -74.796  -8.533 0.0000000000
12127  -17.405  -75.286  -8.147 0.0000000000
12135  -7.794  -74.877  -9.096 0.0000000000
12136  -13.157  -75.798  -10.168 0.0000000000
12148  -6.133  -75.202  -10.306 0.0000000000
12149  -6.823  -75.022  -9.976 0.0000000000
12154  -15.408  -75.231  -10.697 0.0000000000
12170  -8.779  -75.021  -12.092 0.0000000000
12172  -10.086  -74.824  -11.340 0.0000000000
12173  -16.642  -74.761  -11.128 0.0000000000
12186  -3.113  -74.763  -12.867 0.0000000000
12190  -18.488  -75.064  -13.012 0.0000000000
12227  -3.372  -75.427  -14.598 0.0000000000
12228  -4.089  -75.045  -14.865 0.0000000000
12250  -3.432  -75.922  -15.321 0.0000000000
12252  -4.636  -75.525  -15.347 0.0000000000
12253  -8.812  -75.870  -15.731 0.0000000000
12255  -10.314  -75.567  -15.457 0.0000000000
12257  -17.175  -75.284  -15.403 0.0000000000
12263  -9.198  -75.516  -16.095 0.0000000000
12264  -14.807  -75.645  -16.967 0.0000000000
12265  -15.566  -75.294  -16.704 0.0000000000
12268  -7.158  -75.828  -17.583 0.0000000000
12271  -13.514  -75.287  -17.691 0.0000000000
12277  -6.596  -75.814  -18.249 0.0000000000
12280  -12.213  -75.220  -18.639 0.0000000000
12292  -5.508  -76.096  -20.013 0.0000000000
12295  -10.009  -75.523  -19.875 0.0000000000
12309  -6.019  -75.894  -21.055 0.0000000000
12313  -10.345  -74.855  -20.164 0.0000000000
12329  -4.523  -76.178  -21.719 0.0000000000
12352  -4.782  -75.306  -22.565 0.0000000000
12370  -4.812  -76.131  -23.643 0.0000000000
12403  -5.770  -75.420  -26.120 0.0000000000
13200  -13.450  -74.841  -0.934 0.0000000000
13223  -18.041  -75.282  -1.667 0.0000000000
13258  -3.318  -74.874  -4.177 0.0000000000
13262  -11.502  -74.136  -4.581 0.0000000000
13284  -3.398  -75.027  -7.234 0.0000000000
13298  -7.356  -74.895  -7.836 0.0000000000
13302  -18.817  -74.562  -7.676 0.0000000000
13303  -19.290  -73.900  -7.842 0.0000000000
13309  -2.945  -74.021  -9.052 0.0000000000
13310  -3.836  -74.531  -8.789 0.0000000000
13312  -6.602  -74.566  -8.858 0.0000000000
13329  -3.213  -73.770  -9.876 0.0000000000
13332  -6.114  -74.660  -9.423 0.0000000000
13333  -7.028  -74.650  -9.460 0.0000000000
13336  -15.529  -74.124  -9.768 0.0000000000
13338  -17.342  -74.070  -9.671 0.0000000000
13350  -3.282  -74.027  -10.454 0.0000000000
13353  -10.825  -74.079  -11.241 0.0000000000
13360  -18.569  -73.949  -10.869 0.0000000000
13379  -18.498  -74.268  -11.490 0.0000000000
13389  -3.647  -73.810  -13.044 0.0000000000
13405  -6.846  -75.016  -13.161 0.0000000000
13406  -18.761  -73.969  -13.971 0.0000000000
13422  -4.444  -74.665  -14.248 0.0000000000
13424  -18.281  -74.247  -14.621 0.0000000000
13435  -16.278  -74.461  -16.080 0.0000000000
13444  -11.966  -74.562  -19.153 0.0000000000
13464  -9.478  -74.412  -20.507 0.0000000000
13476  -7.531  -74.382  -21.463 0.0000000000
13477  -8.136  -73.934  -21.108 0.0000000000
13487  -5.184  -74.355  -22.483 0.0000000000
13550  -6.412  -74.638  -27.455 0.0000000000
14223  -13.820  -72.948  3.157 0.0000000000
14224  -15.209  -72.793  3.337 0.0000000000
14239  -13.625  -73.450  2.630 0.0000000000
14262  -12.855  -73.187  1.159 0.0000000000
14263  -13.424  -73.755  1.817 0.0000000000
14265  -15.336  -74.142  2.236 0.0000000000
14266  -16.512  -73.975  2.173 0.0000000000
14290  -17.917  -74.123  1.191 0.0000000000
14310  -12.284  -73.303  -0.442 0.0000000000
14313  -19.601  -73.029  -0.252 0.0000000000
14327  -12.190  -73.504  -1.765 0.0000000000
14328  -12.815  -74.182  -1.370 0.0000000000
14344  -18.835  -73.196  -2.090 0.0000000000
14361  -10.486  -73.130  -4.660 0.0000000000
14374  -10.298  -73.496  -5.529 0.0000000000
14386  -10.346  -73.700  -6.432 0.0000000000
14401  -10.314  -73.764  -7.278 0.0000000000
14410  -2.821  -73.950  -8.352 0.0000000000
14411  -7.806  -73.058  -8.464 0.0000000000
14412  -8.518  -73.155  -8.993 0.0000000000
14415  -11.313  -73.583  -8.865 0.0000000000
14419  -19.982  -72.952  -8.961 0.0000000000
14426  -9.196  -73.137  -9.618 0.0000000000
14429  -11.955  -73.552  -10.107 0.0000000000
14432  -19.809  -73.449  -9.426 0.0000000000
14441  -3.173  -73.293  -10.705 0.0000000000
14442  -6.201  -72.848  -11.164 0.0000000000
14448  -12.806  -73.853  -10.467 0.0000000000
14461  -3.756  -73.023  -11.874 0.0000000000
14462  -4.575  -73.028  -11.954 0.0000000000
14464  -8.605  -74.091  -11.493 0.0000000000
14482  -7.934  -73.989  -11.867 0.0000000000
14493  -18.988  -73.258  -13.566 0.0000000000
14512  -8.724  -73.101  -15.065 0.0000000000
14514  -10.333  -72.864  -14.713 0.0000000000
14520  -16.798  -73.189  -15.148 0.0000000000
14526  -5.628  -73.280  -15.980 0.0000000000
14528  -7.287  -73.128  -15.725 0.0000000000
14529  -8.516  -73.157  -15.569 0.0000000000
14531  -10.066  -72.905  -15.461 0.0000000000
14535  -14.919  -73.303  -16.022 0.0000000000
14541  -5.244  -73.210  -16.703 0.0000000000
14543  -7.158  -73.056  -16.479 0.0000000000
14551  -15.863  -73.994  -16.172 0.0000000000
14557  -10.310  -72.953  -17.639 0.0000000000
14561  -14.230  -73.958  -17.374 0.0000000000
14564  -6.525  -72.763  -18.761 0.0000000000
14568  -10.524  -73.254  -18.554 0.0000000000
14570  -12.326  -74.053  -18.696 0.0000000000
14575  -8.447  -73.585  -20.319 0.0000000000
14577  -10.920  -73.924  -19.512 0.0000000000
14587  -9.665  -73.896  -20.190 0.0000000000
14598  -5.536  -73.468  -22.049 0.0000000000
14637  -5.410  -72.742  -25.072 0.0000000000
15378  -14.404  -72.509  3.424 0.0000000000
15390  -10.422  -72.208  2.673 0.0000000000
15391  -11.287  -72.442  2.675 0.0000000000
15437  -3.544  -71.171  -1.358 0.0000000000
15438  -10.310  -72.259  -0.656 0.0000000000
15441  -20.036  -72.288  -0.252 0.0000000000
15457  -11.478  -72.919  -2.065 0.0000000000
15460  -20.839  -71.886  -1.751 0.0000000000
15469  -6.609  -71.852  -2.778 0.0000000000
15470  -7.817  -71.814  -2.751 0.0000000000
15471  -8.840  -71.644  -2.678 0.0000000000
15475  -19.056  -72.667  -2.492 0.0000000000
15485  -10.368  -72.384  -3.662 0.0000000000
15486  -11.036  -72.606  -3.585 0.0000000000
15491  -20.963  -72.112  -3.320 0.0000000000
15493  -3.684  -71.901  -4.528 0.0000000000
15499  -10.167  -72.597  -4.273 0.0000000000
15512  -7.917  -72.389  -5.516 0.0000000000
15513  -8.792  -72.555  -5.378 0.0000000000
15514  -9.396  -72.824  -5.296 0.0000000000
15521  -4.246  -72.323  -6.260 0.0000000000
15527  -16.039  -72.770  -5.815 0.0000000000
15529  -17.967  -73.285  -6.759 0.0000000000
15536  -3.741  -72.764  -7.653 0.0000000000
15541  -22.378  -70.990  -8.512 0.0000000000
15553  -19.706  -72.651  -8.429 0.0000000000
15561  -3.339  -72.584  -9.304 0.0000000000
15565  -8.250  -72.938  -9.580 0.0000000000
15566  -20.207  -72.088  -9.610 0.0000000000
15575  -6.403  -72.430  -10.498 0.0000000000
15577  -8.836  -73.202  -10.233 0.0000000000
15590  -3.591  -72.798  -11.091 0.0000000000
15593  -20.081  -71.612  -10.796 0.0000000000
15599  -11.912  -72.157  -12.867 0.0000000000
15602  -14.193  -72.094  -13.206 0.0000000000
15609  -10.137  -72.507  -13.721 0.0000000000
15612  -13.788  -72.603  -13.664 0.0000000000
15614  -16.020  -71.966  -13.920 0.0000000000
15615  -17.517  -72.168  -14.117 0.0000000000
15617  -18.930  -72.351  -13.524 0.0000000000
15630  -4.813  -72.316  -15.032 0.0000000000
15632  -6.439  -72.601  -14.761 0.0000000000
15634  -9.052  -72.800  -14.590 0.0000000000
15636  -10.683  -72.708  -14.112 0.0000000000
15638  -13.396  -72.770  -14.098 0.0000000000
15641  -17.191  -72.650  -14.706 0.0000000000
15646  -4.631  -72.580  -15.828 0.0000000000
15648  -6.021  -72.993  -15.350 0.0000000000
15652  -3.859  -72.296  -17.121 0.0000000000
15653  -4.414  -72.954  -16.714 0.0000000000
15657  -3.925  -72.173  -17.983 0.0000000000
15658  -4.271  -72.696  -17.510 0.0000000000
15660  -8.863  -72.941  -18.213 0.0000000000
15663  -4.107  -72.094  -18.787 0.0000000000
15665  -5.305  -72.231  -19.001 0.0000000000
15667  -4.191  -71.548  -19.584 0.0000000000
15669  -5.407  -71.898  -19.786 0.0000000000
15672  -4.950  -71.012  -20.533 0.0000000000
15681  -5.357  -71.679  -21.407 0.0000000000
15692  -5.184  -71.889  -21.999 0.0000000000
15728  -4.920  -72.181  -25.079 0.0000000000
15747  -4.402  -72.121  -25.991 0.0000000000
15765  -4.847  -71.507  -26.751 0.0000000000
15784  -6.691  -71.546  -28.131 0.0000000000
16476  -10.513  -71.769  3.510 0.0000000000
16492  -8.580  -71.547  2.773 0.0000000000
16494  -14.849  -71.416  3.191 0.0000000000
16508  -10.122  -72.101  1.463 0.0000000000
16509  -16.387  -71.175  2.024 0.0000000000
16517  -3.589  -71.076  -0.215 0.0000000000
16521  -8.956  -71.583  0.080 0.0000000000
16522  -9.546  -71.845  0.153 0.0000000000
16526  -19.777  -71.521  0.200 0.0000000000
16533  -3.496  -71.407  -0.639 0.0000000000
16536  -6.582  -71.337  -0.912 0.0000000000
16537  -7.650  -71.479  -0.634 0.0000000000
16541  -20.326  -71.439  -0.443 0.0000000000
16549  -4.277  -70.946  -2.410 0.0000000000
16556  -21.284  -71.207  -1.847 0.0000000000
16561  -21.545  -71.604  -2.652 0.0000000000
16562  -22.022  -71.166  -2.952 0.0000000000
16571  -21.880  -71.668  -3.378 0.0000000000
16577  -14.869  -72.315  -3.529 0.0000000000
16580  -19.826  -71.350  -3.913 0.0000000000
16582  -21.590  -71.958  -3.929 0.0000000000
16611  -19.179  -72.260  -7.944 0.0000000000
16612  -22.242  -70.783  -7.615 0.0000000000
16622  -19.583  -71.788  -8.737 0.0000000000
16623  -19.992  -71.775  -9.353 0.0000000000
16629  -19.030  -71.199  -9.024 0.0000000000
16631  -20.138  -71.600  -9.983 0.0000000000
16651  -11.070  -71.140  -11.888 0.0000000000
16653  -12.697  -71.178  -11.839 0.0000000000
16656  -15.848  -71.000  -11.827 0.0000000000
16658  -19.844  -71.472  -11.603 0.0000000000
16662  -6.926  -71.153  -12.906 0.0000000000
16666  -10.716  -71.548  -12.490 0.0000000000
16668  -12.283  -71.700  -12.403 0.0000000000
16672  -16.464  -71.073  -12.286 0.0000000000
16674  -18.923  -71.181  -12.661 0.0000000000
16688  -4.618  -71.113  -14.048 0.0000000000
16690  -6.412  -71.578  -13.630 0.0000000000
16694  -10.402  -72.001  -13.097 0.0000000000
16700  -19.246  -71.890  -12.901 0.0000000000
16714  -4.569  -71.478  -14.686 0.0000000000
16718  -4.161  -71.307  -15.924 0.0000000000
16777  -4.915  -71.220  -22.200 0.0000000000
16778  -5.214  -71.948  -22.909 0.0000000000
16823  -4.850  -71.110  -25.068 0.0000000000
16844  -4.483  -70.955  -26.147 0.0000000000
16864  -5.182  -70.911  -27.297 0.0000000000
17542  -6.826  -69.909  3.411 0.0000000000
17548  -14.077  -70.981  3.320 0.0000000000
17556  -7.802  -71.226  2.495 0.0000000000
17558  -13.746  -70.177  2.633 0.0000000000
17570  -6.843  -69.983  0.956 0.0000000000
17599  -19.298  -70.161  -0.180 0.0000000000
17609  -20.915  -70.636  -1.329 0.0000000000
17619  -14.012  -70.529  -2.802 0.0000000000
17621  -16.706  -70.813  -2.901 0.0000000000
17623  -22.242  -71.058  -3.531 0.0000000000
17627  -13.679  -71.120  -3.492 0.0000000000
17631  -22.414  -70.859  -5.121 0.0000000000
17635  -13.948  -70.438  -5.357 0.0000000000
17638  -20.595  -70.990  -5.590 0.0000000000
17658  -15.011  -69.282  -7.097 0.0000000000
17663  -22.052  -70.574  -8.267 0.0000000000
17665  -23.119  -70.639  -8.477 0.0000000000
17671  -15.853  -69.874  -8.054 0.0000000000
17672  -16.534  -70.063  -8.380 0.0000000000
17674  -18.341  -70.795  -8.888 0.0000000000
17690  -12.891  -70.160  -9.680 0.0000000000
17692  -14.251  -70.088  -9.914 0.0000000000
17693  -18.083  -70.158  -9.521 0.0000000000
17695  -19.225  -70.629  -10.105 0.0000000000
17710  -9.458  -70.260  -10.722 0.0000000000
17712  -12.592  -70.424  -10.420 0.0000000000
17718  -18.404  -69.981  -10.800 0.0000000000
17719  -19.144  -70.354  -10.716 0.0000000000
17723  -5.173  -70.247  -11.829 0.0000000000
17724  -6.774  -70.460  -11.657 0.0000000000
17726  -8.969  -70.530  -11.394 0.0000000000
17748  -7.426  -70.723  -12.080 0.0000000000
17753  -19.273  -70.895  -11.950 0.0000000000
17784  -3.554  -70.784  -18.243 0.0000000000
17900  -4.875  -70.760  -24.194 0.0000000000
18662  -8.053  -69.284  4.032 0.0000000000
18663  -9.603  -69.453  4.125 0.0000000000
18664  -10.415  -69.518  3.964 0.0000000000
18674  -3.135  -68.948  1.659 0.0000000000
18676  -11.893  -69.276  2.867 0.0000000000
18690  -5.514  -68.674  0.665 0.0000000000
18708  -17.789  -69.479  0.430 0.0000000000
18720  -18.663  -69.477  -0.154 0.0000000000
18721  -19.359  -69.379  -0.617 0.0000000000
18736  -15.055  -69.676  -2.885 0.0000000000
18741  -5.535  -69.213  -4.824 0.0000000000
18745  -9.014  -69.053  -4.832 0.0000000000
18749  -17.603  -69.757  -4.185 0.0000000000
18750  -22.387  -70.086  -4.625 0.0000000000
18759  -4.279  -69.018  -5.649 0.0000000000
18762  -7.006  -69.174  -5.977 0.0000000000
18764  -9.220  -69.109  -5.596 0.0000000000
18766  -14.244  -69.176  -4.917 0.0000000000
18767  -17.615  -69.091  -4.747 0.0000000000
18780  -4.575  -68.767  -6.261 0.0000000000
18781  -5.101  -68.841  -6.605 0.0000000000
18784  -8.783  -68.804  -6.827 0.0000000000
18786  -11.091  -68.960  -6.938 0.0000000000
18792  -22.957  -69.785  -6.375 0.0000000000
18803  -6.232  -68.914  -7.416 0.0000000000
18804  -9.803  -68.876  -7.104 0.0000000000
18805  -10.550  -69.011  -7.453 0.0000000000
18813  -21.830  -69.970  -8.395 0.0000000000
18831  -13.870  -69.296  -8.484 0.0000000000
18836  -21.831  -69.985  -9.430 0.0000000000
18847  -5.597  -69.597  -9.627 0.0000000000
18852  -10.664  -69.798  -9.444 0.0000000000
18855  -13.287  -69.807  -9.052 0.0000000000
18858  -16.542  -69.749  -9.452 0.0000000000
18863  -3.603  -69.127  -10.839 0.0000000000
18865  -5.128  -69.774  -10.368 0.0000000000
18870  -9.985  -69.996  -10.086 0.0000000000
18880  -4.660  -70.041  -11.092 0.0000000000
18895  -3.834  -69.878  -12.127 0.0000000000
19009  -3.813  -69.996  -20.913 0.0000000000
19036  -3.961  -69.380  -22.658 0.0000000000
19052  -4.287  -69.537  -23.321 0.0000000000
19065  -4.469  -69.428  -24.106 0.0000000000
19066  -4.831  -69.491  -24.944 0.0000000000
19080  -5.874  -69.520  -25.915 0.0000000000
19834  -5.809  -67.620  2.913 0.0000000000
19838  -9.344  -68.673  3.658 0.0000000000
19840  -11.268  -69.016  2.945 0.0000000000
19855  -3.172  -68.484  1.153 0.0000000000
19856  -4.090  -68.081  0.905 0.0000000000
19876  -15.703  -68.333  0.841 0.0000000000
19877  -16.476  -68.420  0.612 0.0000000000
19892  -20.127  -68.887  -1.715 0.0000000000
19894  -4.621  -68.484  -2.597 0.0000000000
19910  -20.878  -68.260  -2.907 0.0000000000
19918  -3.926  -68.355  -4.798 0.0000000000
19919  -4.156  -68.871  -4.409 0.0000000000
19921  -6.915  -69.173  -3.863 0.0000000000
19923  -8.706  -68.886  -3.994 0.0000000000
19941  -4.033  -68.701  -5.646 0.0000000000
19946  -12.376  -68.168  -5.971 0.0000000000
19948  -17.637  -68.235  -5.145 0.0000000000
19962  -12.934  -68.316  -6.573 0.0000000000
19964  -14.459  -68.265  -6.424 0.0000000000
19966  -19.399  -68.532  -6.628 0.0000000000
19995  -3.687  -68.335  -8.756 0.0000000000
19997  -22.028  -69.170  -9.644 0.0000000000
20005  -23.568  -69.007  -11.347 0.0000000000
20012  -21.901  -69.598  -11.950 0.0000000000
20057  -3.029  -68.932  -13.734 0.0000000000
20116  -3.658  -68.024  -18.385 0.0000000000
20145  -3.748  -68.949  -20.087 0.0000000000
20158  -3.772  -69.289  -21.043 0.0000000000
20201  -4.514  -68.764  -24.560 0.0000000000
20202  -4.931  -68.453  -25.255 0.0000000000
20220  -6.442  -67.784  -26.102 0.0000000000
21015  -15.458  -66.948  1.188 0.0000000000
21028  -14.924  -68.152  0.922 0.0000000000
21042  -5.347  -67.638  -1.127 0.0000000000
21045  -8.563  -67.195  -1.291 0.0000000000
21046  -9.882  -67.067  -1.568 0.0000000000
21047  -10.617  -66.557  -1.803 0.0000000000
21049  -19.813  -67.499  -1.053 0.0000000000
21061  -14.526  -67.470  -2.109 0.0000000000
21065  -2.780  -66.888  -2.939 0.0000000000
21067  -9.548  -67.672  -2.302 0.0000000000
21070  -12.507  -66.806  -4.109 0.0000000000
21071  -13.626  -67.211  -2.046 0.0000000000
21073  -14.918  -67.989  -2.624 0.0000000000
21077  -22.039  -67.438  -4.083 0.0000000000
21090  -13.566  -67.121  -4.725 0.0000000000
21091  -14.100  -67.661  -5.108 0.0000000000
21106  -13.108  -67.491  -5.613 0.0000000000
21109  -17.300  -67.376  -5.335 0.0000000000
21112  -23.346  -67.408  -5.911 0.0000000000
21122  -13.638  -67.721  -6.155 0.0000000000
21124  -19.257  -67.543  -6.954 0.0000000000
21141  -3.672  -66.969  -7.047 0.0000000000
21166  -22.926  -67.890  -10.651 0.0000000000
21188  -22.247  -68.899  -11.372 0.0000000000
21308  -3.849  -67.490  -19.429 0.0000000000
21345  -4.179  -67.947  -22.746 0.0000000000
21358  -4.283  -68.121  -23.641 0.0000000000
21374  -5.294  -67.683  -25.101 0.0000000000
21375  -6.211  -67.469  -25.664 0.0000000000
22177  -3.046  -65.736  2.307 0.0000000000
22180  -5.557  -65.826  2.802 0.0000000000
22181  -7.688  -65.828  2.729 0.0000000000
22182  -8.619  -66.287  2.663 0.0000000000
22189  -10.407  -66.378  1.883 0.0000000000
22190  -11.359  -66.485  1.851 0.0000000000
22192  -13.243  -66.948  1.643 0.0000000000
22226  -2.708  -66.399  -2.271 0.0000000000
22238  -24.369  -66.425  -2.732 0.0000000000
22240  -2.775  -66.174  -3.595 0.0000000000
22246  -11.897  -66.555  -2.632 0.0000000000
22249  -15.377  -67.042  -2.594 0.0000000000
22254  -24.573  -66.665  -3.503 0.0000000000
22293  -17.103  -66.465  -5.496 0.0000000000
22317  -18.731  -66.811  -7.045 0.0000000000
22331  -3.360  -65.681  -7.108 0.0000000000
22385  -3.332  -66.990  -9.909 0.0000000000
22411  -3.032  -65.809  -13.045 0.0000000000
22423  -3.091  -66.519  -14.537 0.0000000000
22491  -3.751  -65.851  -17.986 0.0000000000
22512  -3.638  -66.696  -18.327 0.0000000000
22529  -3.895  -66.804  -19.112 0.0000000000
22559  -5.270  -65.895  -21.509 0.0000000000
22571  -4.599  -67.210  -22.532 0.0000000000
22610  -6.907  -67.159  -25.391 0.0000000000
23435  -15.278  -65.596  1.416 0.0000000000
23442  -16.753  -65.312  0.620 0.0000000000
23443  -17.369  -65.646  0.109 0.0000000000
23449  -3.975  -65.440  0.395 0.0000000000
23451  -7.283  -65.502  -0.240 0.0000000000
23452  -7.956  -65.539  -0.656 0.0000000000
23456  -2.511  -64.983  -1.227 0.0000000000
23460  -10.452  -66.003  -1.144 0.0000000000
23462  -12.674  -65.376  -1.195 0.0000000000
23531  -3.215  -64.857  -5.407 0.0000000000
23535  -16.771  -65.833  -5.340 0.0000000000
23552  -17.696  -65.526  -6.520 0.0000000000
23567  -3.254  -64.483  -7.254 0.0000000000
23574  -18.440  -65.296  -7.507 0.0000000000
23593  -20.057  -65.692  -9.090 0.0000000000
23612  -20.656  -65.277  -9.550 0.0000000000
23665  -3.265  -64.978  -14.264 0.0000000000
23694  -3.328  -65.024  -15.526 0.0000000000
23765  -5.442  -65.293  -20.652 0.0000000000
23766  -6.025  -64.633  -20.908 0.0000000000
24697  -11.766  -64.774  1.982 0.0000000000
24699  -13.604  -64.423  1.838 0.0000000000
24701  -15.177  -64.124  1.582 0.0000000000
24724  -2.683  -64.216  -0.725 0.0000000000
24730  -10.241  -65.137  -1.233 0.0000000000
24732  -12.567  -64.924  -1.134 0.0000000000
24744  -14.512  -64.980  -2.137 0.0000000000
24764  -26.921  -65.235  -3.109 0.0000000000
24787  -15.131  -64.570  -3.505 0.0000000000
24806  -16.872  -65.139  -5.611 0.0000000000
24824  -17.611  -64.315  -6.833 0.0000000000
24841  -18.373  -64.404  -7.666 0.0000000000
24862  -27.002  -64.548  -8.456 0.0000000000
24874  -3.308  -64.083  -9.289 0.0000000000
24880  -21.609  -64.306  -9.799 0.0000000000
24883  -24.592  -63.915  -9.031 0.0000000000
24892  -3.164  -64.200  -10.097 0.0000000000
24974  -3.492  -64.474  -16.071 0.0000000000
24975  -4.232  -63.879  -16.477 0.0000000000
24989  -4.564  -64.013  -17.247 0.0000000000
25005  -4.954  -64.237  -18.022 0.0000000000
25016  -6.030  -63.828  -19.355 0.0000000000
25030  -6.513  -63.878  -20.753 0.0000000000
25031  -8.616  -63.838  -21.029 0.0000000000
25045  -7.196  -63.953  -21.404 0.0000000000
25059  -6.724  -64.658  -21.870 0.0000000000
25935  -7.217  -63.270  1.665 0.0000000000
25951  -11.522  -63.391  1.555 0.0000000000
25952  -13.152  -63.801  1.630 0.0000000000
25956  -16.368  -63.572  1.186 0.0000000000
25965  -17.690  -63.092  0.594 0.0000000000
25970  -6.498  -63.341  -0.154 0.0000000000
25971  -7.223  -63.443  -0.594 0.0000000000
25975  -22.237  -63.688  -0.942 0.0000000000
25980  -7.827  -63.995  -0.926 0.0000000000
25983  -10.318  -64.153  -1.595 0.0000000000
25984  -22.479  -63.352  -1.269 0.0000000000
25991  -9.818  -63.382  -2.068 0.0000000000
25995  -13.324  -63.858  -2.658 0.0000000000
25999  -26.589  -63.732  -2.272 0.0000000000
26014  -11.142  -63.257  -2.698 0.0000000000
26015  -11.936  -63.174  -2.921 0.0000000000
26040  -13.919  -63.341  -3.941 0.0000000000
26057  -14.827  -63.188  -5.186 0.0000000000
26068  -16.526  -63.755  -6.177 0.0000000000
26081  -28.220  -64.111  -8.088 0.0000000000
26106  -27.050  -63.652  -8.532 0.0000000000
26107  -27.721  -63.629  -8.377 0.0000000000
26152  -3.898  -62.839  -12.450 0.0000000000
26170  -3.477  -63.188  -12.935 0.0000000000
26190  -3.579  -63.100  -13.842 0.0000000000
26226  -4.805  -63.256  -16.067 0.0000000000
26265  -6.791  -62.772  -19.098 0.0000000000
26266  -6.996  -63.115  -18.333 0.0000000000
26310  -8.263  -63.303  -20.750 0.0000000000
26324  -7.987  -63.310  -21.117 0.0000000000
27214  -9.495  -62.634  0.908 0.0000000000
27219  -14.927  -62.787  1.441 0.0000000000
27240  -17.727  -62.447  0.375 0.0000000000
27259  -18.902  -61.333  -2.078 0.0000000000
27273  -20.534  -61.914  -2.743 0.0000000000
27279  -27.483  -62.702  -2.516 0.0000000000
27297  -9.948  -62.266  -3.464 0.0000000000
27302  -21.598  -62.672  -3.615 0.0000000000
27304  -22.839  -62.930  -3.986 0.0000000000
27332  -20.610  -62.385  -4.783 0.0000000000
27336  -23.929  -62.245  -4.750 0.0000000000
27338  -29.607  -62.222  -3.785 0.0000000000
27353  -14.591  -62.488  -5.555 0.0000000000
27354  -15.367  -62.944  -5.774 0.0000000000
27357  -21.797  -62.146  -5.307 0.0000000000
27361  -29.719  -62.588  -4.948 0.0000000000
27368  -17.171  -62.769  -7.143 0.0000000000
27379  -29.395  -62.149  -7.692 0.0000000000
27398  -19.616  -62.674  -8.672 0.0000000000
27399  -20.268  -62.577  -8.897 0.0000000000
27402  -23.550  -62.550  -8.883 0.0000000000
28475  -10.945  -61.199  -0.320 0.0000000000
28477  -13.079  -61.111  -0.258 0.0000000000
28497  -14.545  -60.971  -0.457 0.0000000000
28530  -29.071  -61.235  -2.419 0.0000000000
28545  -9.596  -61.517  -3.713 0.0000000000
28555  -29.437  -61.656  -2.890 0.0000000000
28572  -13.215  -61.664  -5.224 0.0000000000
28611  -15.441  -61.253  -6.407 0.0000000000
28619  -16.689  -62.021  -6.987 0.0000000000
28620  -17.682  -61.062  -7.621 0.0000000000
28640  -18.940  -61.401  -8.231 0.0000000000
28644  -22.434  -61.406  -8.735 0.0000000000
28647  -25.549  -61.268  -8.389 0.0000000000
29731  -6.608  -59.536  -2.297 0.0000000000
29734  -9.097  -60.815  -4.030 0.0000000000
29752  -7.602  -59.607  -3.916 0.0000000000
29757  -12.104  -60.420  -4.873 0.0000000000
29794  -15.110  -60.466  -6.290 0.0000000000
29810  -17.946  -60.309  -7.668 0.0000000000
29813  -28.189  -60.071  -7.876 0.0000000000
29814  -29.114  -60.498  -7.951 0.0000000000
29816  -30.637  -60.462  -7.110 0.0000000000
29828  -20.352  -60.725  -8.369 0.0000000000
30817  -29.854  -59.803  -2.271 0.0000000000
30837  -31.208  -59.204  -2.980 0.0000000000
30846  -27.046  -59.647  -5.251 0.0000000000
30856  -14.184  -59.527  -5.798 0.0000000000
30897  -19.134  -59.481  -7.649 0.0000000000
30899  -20.901  -59.251  -8.111 0.0000000000
30903  -29.816  -59.461  -7.830 0.0000000000
30904  -30.589  -59.802  -7.393 0.0000000000
30923  -23.138  -59.495  -8.336 0.0000000000
31982  -7.076  -58.519  -2.773 0.0000000000
32003  -11.419  -57.940  -4.614 0.0000000000
32010  -31.900  -57.928  -4.017 0.0000000000
32017  -14.449  -58.706  -5.516 0.0000000000
32025  -32.040  -57.909  -4.960 0.0000000000
32071  -26.888  -58.172  -7.657 0.0000000000
32072  -27.793  -58.347  -7.695 0.0000000000
32074  -29.705  -58.671  -7.798 0.0000000000
32096  -22.324  -58.820  -8.110 0.0000000000
33179  -11.743  -57.073  -4.077 0.0000000000
33195  -31.819  -57.721  -5.926 0.0000000000
33209  -17.468  -57.803  -6.327 0.0000000000
33212  -20.093  -56.704  -6.772 0.0000000000
34291  -9.414  -56.653  -2.852 0.0000000000
34309  -15.820  -56.738  -5.019 0.0000000000
34312  -18.341  -55.810  -5.585 0.0000000000
34330  -17.905  -56.811  -5.962 0.0000000000
34334  -21.194  -55.803  -6.507 0.0000000000
34339  -30.264  -56.771  -7.444 0.0000000000
34356  -25.689  -56.311  -7.400 0.0000000000
34357  -26.500  -56.487  -7.467 0.0000000000
34359  -28.360  -56.759  -7.513 0.0000000000
35370  -12.065  -55.996  -0.814 0.0000000000
35394  -15.215  -54.585  -3.112 0.0000000000
35407  -13.766  -55.769  -3.557 0.0000000000
35433  -22.312  -54.939  -6.101 0.0000000000
35434  -31.960  -55.995  -6.295 0.0000000000
35450  -21.027  -55.237  -5.792 0.0000000000
35453  -24.839  -55.355  -6.865 0.0000000000
35460  -31.182  -55.790  -6.783 0.0000000000
35472  -25.475  -55.671  -7.197 0.0000000000
36440  -12.138  -54.722  -0.860 0.0000000000
36458  -14.427  -54.511  -1.578 0.0000000000
36477  -15.754  -54.502  -2.369 0.0000000000
36496  -19.108  -54.676  -3.937 0.0000000000
36498  -20.391  -54.678  -4.332 0.0000000000
36512  -20.371  -54.938  -4.316 0.0000000000
36516  -23.987  -53.956  -5.770 0.0000000000
37532  -14.279  -54.045  -1.230 0.0000000000
37547  -15.491  -54.066  -2.014 0.0000000000
37577  -18.962  -54.354  -3.974 0.0000000000
37595  -23.577  -53.620  -5.815 0.0000000000
37597  -24.999  -53.164  -5.987 0.0000000000
37613  -29.764  -53.181  -6.436 0.0000000000
37614  -30.479  -53.596  -6.426 0.0000000000
38704  -14.634  -52.707  -1.821 0.0000000000
39918  -15.224  -51.426  -2.720 0.0000000000
39936  -19.045  -51.455  -5.453 0.0000000000
39943  -28.649  -51.453  -6.026 0.0000000000
41169  -16.322  -50.710  -4.154 0.0000000000
42421  -22.265  -49.801  -5.558 0.0000000000
129895  -25.850  -85.831  -25.369 0.0000000000
129899  -24.687  -86.246  -25.213 0.0000000000
129907  -21.156  -86.545  -28.405 0.0000000000
129913  -20.920  -86.152  -26.318 0.0000000000
129914  -20.686  -86.024  -29.869 0.0000000000
129916  -20.902  -82.840  -25.596 0.0000000000
129920  -21.181  -83.229  -25.457 0.0000000000
129921  -18.726  -80.085  -29.562 0.0000000000
129925  -17.461  -81.222  -30.102 0.0000000000
129926  -18.804  -83.924  -31.772 0.0000000000
129927  -18.264  -79.956  -30.097 0.0000000000
129930  -10.089  -86.616  -28.143 0.0000000000
129936  -11.518  -85.210  -30.525 0.0000000000
129937  -10.300  -85.174  -30.968 0.0000000000
129943  -10.723  -86.678  -27.549 0.0000000000
129947  -16.087  -86.412  -26.356 0.0000000000
129948  -10.790  -85.013  -30.317 0.0000000000
129949  -13.862  -85.234  -29.871 0.0000000000
129952  -17.348  -86.051  -26.359 0.0000000000
129953  -12.074  -84.732  -29.182 0.0000000000
129954  -16.806  -85.450  -28.800 0.0000000000
129993  -22.972  -71.433  -9.815 0.0000000000
130179  -18.228  -85.063  -21.049 0.0000000000
130180  -18.468  -85.730  -20.558 0.0000000000
130181  -19.090  -84.322  -21.964 0.0000000000
130182  -19.624  -85.029  -19.652 0.0000000000
130185  -19.873  -83.591  -22.083 0.0000000000
130213  -23.334  -71.068  -10.563 0.0000000000
130225  -18.305  -85.807  -27.558 0.0000000000
130226  -18.651  -80.859  -25.626 0.0000000000
130239  -17.544  -84.581  -26.914 0.0000000000
130269  -18.255  -80.564  -28.864 0.0000000000
130302  -21.660  -70.486  -11.614 0.0000000000
130318  -17.753  -80.953  -29.484 0.0000000000
130348  -12.833  -87.706  -28.498 0.0000000000
130367  -11.180  -86.524  -26.501 0.0000000000
130380  -17.823  -85.427  -27.874 0.0000000000
130399  -19.781  -89.369  -23.938 0.0000000000
130403  -9.633  -84.560  -30.695 0.0000000000
130415  -15.342  -86.992  -27.530 0.0000000000
130417  -16.912  -85.006  -28.532 0.0000000000
130422  -9.184  -84.243  -30.027 0.0000000000
130423  -19.207  -84.499  -31.923 0.0000000000
130436  -15.057  -84.326  -28.354 0.0000000000
130471  -10.919  -80.331  -21.652 0.0000000000
130484  -18.114  -85.830  -26.827 0.0000000000
130488  -14.227  -67.930  1.388 0.0000000000
130558  -16.219  -84.743  -28.628 0.0000000000
130566  -18.382  -83.555  -32.130 0.0000000000
130611  -8.404  -86.304  -28.176 0.0000000000
130749  -7.431  -81.665  -25.949 0.0000000000
130826  -14.064  -83.624  -19.898 0.0000000000
131075  -3.379  -69.961  -19.063 0.0000000000
131381  -5.983  -76.447  -6.413 0.0000000000
131610  -12.472  -81.551  -14.894 0.0000000000
131638  -4.295  -81.919  -18.630 0.0000000000
131681  -3.424  -77.670  -14.233 0.0000000000
131831  -6.126  -64.911  -21.938 0.0000000000
131917  -8.728  -73.729  -10.867 0.0000000000
132108  -3.503  -69.254  -19.107 0.0000000000
132122  -11.211  -73.540  -18.980 0.0000000000
132367  -11.532  -67.341  1.834 0.0000000000
132371  -15.612  -65.376  -3.026 0.0000000000
132501  -5.046  -82.737  -20.198 0.0000000000
132598  -16.145  -76.570  -1.631 0.0000000000
132626  -15.588  -76.916  -4.157 0.0000000000
132629  -4.560  -82.482  -13.870 0.0000000000
132662  -20.792  -54.907  -4.470 0.0000000000
132827  -2.786  -68.434  -11.570 0.0000000000
132925  -9.943  -73.406  -19.065 0.0000000000
133214  -3.204  -64.336  -11.010 0.0000000000
133422  -9.999  -86.445  -27.510 0.0000000000
133676  -6.282  -84.524  -17.866 0.0000000000
134074  -3.991  -68.117  -6.077 0.0000000000
134169  -25.503  -49.142  -5.335 0.0000000000
134170  -24.781  -48.980  -5.366 0.0000000000
134171  -23.938  -48.808  -5.288 0.0000000000
134193  -8.253  -71.624  -1.208 0.0000000000
134207  -9.388  -62.726  -2.581 0.0000000000
134295  -3.200  -64.717  -11.860 0.0000000000
134980  -17.788  -66.102  -0.287 0.0000000000
135097  -5.412  -76.757  -5.752 0.0000000000
135235  -3.729  -68.974  -16.775 0.0000000000
135245  -5.756  -72.634  -21.334 0.0000000000
135789  -4.131  -67.889  -6.849 0.0000000000
135845  -6.389  -79.543  -17.345 0.0000000000
135920  -32.812  -56.104  -4.500 0.0000000000
136227  -6.569  -75.888  -20.476 0.0000000000
136432  -4.372  -65.148  2.373 0.0000000000
136741  -15.141  -77.357  -10.171 0.0000000000
136769  -11.672  -75.832  -17.453 0.0000000000
136833  -8.950  -75.033  -20.911 0.0000000000
137150  -6.679  -72.880  -17.305 0.0000000000
137160  -17.714  -75.118  -5.816 0.0000000000
137283  -25.633  -59.435  -7.987 0.0000000000
137329  -5.836  -74.632  -25.535 0.0000000000
137355  -13.691  -79.366  -18.925 0.0000000000
137743  -15.542  -81.901  -22.369 0.0000000000
137841  -5.261  -75.285  -23.831 0.0000000000
137880  -24.576  -59.557  -8.320 0.0000000000
138028  -6.133  -67.343  -25.103 0.0000000000
138065  -4.657  -75.657  -22.950 0.0000000000
138154  -10.862  -71.042  4.041 0.0000000000
138435  -3.315  -73.399  -3.306 0.0000000000
138584  -29.707  -62.974  -5.945 0.0000000000
138895  -4.518  -83.576  -14.140 0.0000000000
138930  -4.150  -70.525  -1.806 0.0000000000
139012  -15.467  -66.162  -2.450 0.0000000000
139016  -17.291  -70.122  -11.390 0.0000000000
139025  -17.269  -74.959  -3.975 0.0000000000
139077  -10.078  -79.450  -21.316 0.0000000000
139169  -6.642  -68.947  -8.185 0.0000000000
139189  -14.114  -65.067  1.985 0.0000000000
139237  -13.712  -88.226  -28.324 0.0000000000
139502  -6.944  -72.142  -5.558 0.0000000000
139516  -3.365  -75.696  -4.711 0.0000000000
140321  -13.817  -71.678  -12.569 0.0000000000
140681  -8.875  -76.993  -11.994 0.0000000000
140761  -11.058  -58.849  -4.898 0.0000000000
140810  -21.521  -67.067  -2.222 0.0000000000
140936  -3.355  -65.527  -14.768 0.0000000000
140996  -14.044  -72.945  -14.692 0.0000000000
141180  -12.842  -73.467  -17.546 0.0000000000
141479  -19.046  -63.192  -8.401 0.0000000000
141692  -17.742  -74.827  -15.035 0.0000000000
141753  -13.944  -70.488  -10.619 0.0000000000
141982  -4.268  -72.429  -7.024 0.0000000000
142018  -18.736  -74.548  -8.477 0.0000000000
142108  -12.101  -73.505  -9.380 0.0000000000
142675  -20.224  -58.359  -7.528 0.0000000000
142779  -22.545  -62.476  -3.270 0.0000000000
142853  -15.179  -85.684  -29.894 0.0000000000
142876  -14.921  -57.999  -5.225 0.0000000000
143058  -23.090  -53.203  -5.950 0.0000000000
143326  -14.491  -79.278  -36.362 0.0000000000
143413  -3.745  -70.466  -17.605 0.0000000000
143469  -7.943  -75.643  -17.444 0.0000000000
143678  -10.892  -72.518  -1.643 0.0000000000
143948  -13.990  -69.784  -5.438 0.0000000000
143958  -10.958  -64.734  -1.365 0.0000000000
144513  -3.819  -76.785  -4.629 0.0000000000
144633  -10.262  -88.246  -27.929 0.0000000000
144647  -15.071  -85.298  -31.800 0.0000000000
144731  -22.061  -71.055  -8.979 0.0000000000
144797  -21.488  -62.489  -1.294 0.0000000000
144862  -3.337  -63.998  -11.733 0.0000000000
145039  -4.873  -71.667  -19.954 0.0000000000
145178  -15.895  -85.271  -29.553 0.0000000000
145204  -28.407  -61.490  -2.562 0.0000000000
145277  -18.075  -75.076  -6.490 0.0000000000
145667  -13.212  -73.732  1.021 0.0000000000
145712  -19.898  -71.144  -11.049 0.0000000000
145783  -16.115  -70.214  -10.900 0.0000000000
145784  -14.980  -70.629  -11.147 0.0000000000
145785  -16.472  -88.842  -27.654 0.0000000000
145889  -6.123  -69.337  -8.895 0.0000000000
146027  -14.391  -61.793  -5.730 0.0000000000
146030  -23.191  -55.261  -6.535 0.0000000000
146055  -16.240  -84.119  -33.142 0.0000000000
146087  -4.517  -78.420  -9.829 0.0000000000
146448  -9.292  -71.637  -2.476 0.0000000000
146511  -21.908  -60.359  -8.480 0.0000000000
146553  -12.999  -85.846  -24.019 0.0000000000
146682  -3.151  -64.449  -8.812 0.0000000000
146793  -10.143  -68.837  3.545 0.0000000000
146825  -13.543  -68.019  1.625 0.0000000000
146896  -12.827  -73.838  -18.134 0.0000000000
146923  -15.839  -76.469  -16.022 0.0000000000
146931  -15.537  -71.974  3.173 0.0000000000
146959  -3.335  -80.035  -18.757 0.0000000000
147248  -16.241  -64.836  1.046 0.0000000000
147279  -16.909  -71.813  -13.621 0.0000000000
147455  -16.733  -75.699  -15.721 0.0000000000
147506  -9.236  -78.704  -20.051 0.0000000000
147675  -16.418  -91.773  -24.029 0.0000000000
147677  -4.605  -68.462  -6.596 0.0000000000
147812  -8.772  -89.474  -22.846 0.0000000000
147953  -19.707  -83.643  -21.875 0.0000000000
147954  -21.140  -83.136  -23.119 0.0000000000
147958  -19.161  -83.873  -21.401 0.0000000000
147959  -19.645  -88.446  -22.678 0.0000000000
147960  -18.854  -84.098  -21.069 0.0000000000
147961  -21.305  -83.663  -26.153 0.0000000000
147962  -19.126  -83.834  -21.574 0.0000000000
147965  -20.483  -84.224  -23.844 0.0000000000
147969  -21.278  -84.149  -24.833 0.0000000000
147975  -20.066  -85.257  -31.101 0.0000000000
147976  -21.331  -84.441  -25.648 0.0000000000
147986  -22.595  -70.774  -11.739 0.0000000000
147992  -19.567  -84.751  -31.478 0.0000000000
148012  -24.538  -85.333  -23.451 0.0000000000
148014  -21.873  -70.798  -11.795 0.0000000000
148023  -25.013  -85.989  -25.296 0.0000000000
148031  -19.702  -81.391  -24.372 0.0000000000
148046  -19.517  -84.344  -22.792 0.0000000000
148052  -17.384  -84.125  -26.111 0.0000000000
148055  -24.053  -87.487  -25.366 0.0000000000
148071  -19.432  -83.660  -21.573 0.0000000000
148122  -24.473  -86.701  -24.177 0.0000000000
148130  -21.454  -83.810  -24.882 0.0000000000
148131  -20.068  -82.974  -21.160 0.0000000000
148135  -19.125  -81.691  -26.021 0.0000000000
148136  -18.906  -84.144  -21.402 0.0000000000
148137  -19.376  -83.639  -21.513 0.0000000000
148142  -25.718  -81.583  -24.069 0.0000000000
148143  -20.962  -83.313  -20.981 0.0000000000
148144  -21.664  -83.698  -24.968 0.0000000000
148149  -19.249  -83.837  -21.666 0.0000000000
148150  -18.089  -86.244  -22.625 0.0000000000
148152  -17.706  -86.103  -21.498 0.0000000000
148154  -19.566  -83.838  -22.101 0.0000000000
148155  -19.171  -85.202  -23.184 0.0000000000
148157  -20.841  -84.719  -25.101 0.0000000000
148158  -20.593  -85.239  -25.169 0.0000000000
148160  -19.597  -86.048  -20.509 0.0000000000
148163  -21.801  -84.073  -23.909 0.0000000000
148179  -21.392  -84.079  -25.951 0.0000000000
148184  -20.667  -84.180  -28.979 0.0000000000
148186  -19.719  -85.330  -24.243 0.0000000000
148195  -21.791  -70.082  -12.067 0.0000000000
148201  -21.612  -86.599  -23.346 0.0000000000
148204  -20.609  -83.015  -21.899 0.0000000000
148205  -21.070  -82.200  -23.638 0.0000000000
148207  -22.169  -84.261  -22.686 0.0000000000
148208  -22.955  -83.117  -22.144 0.0000000000
148210  -21.106  -84.539  -20.128 0.0000000000
148214  -20.109  -83.297  -21.796 0.0000000000
148215  -21.608  -83.934  -24.422 0.0000000000
148216  -19.058  -83.951  -21.484 0.0000000000
148223  -21.351  -83.389  -24.944 0.0000000000
148225  -22.882  -80.858  -25.394 0.0000000000
148228  -18.936  -84.124  -21.440 0.0000000000
148230  -19.102  -84.828  -20.322 0.0000000000
148234  -18.763  -88.953  -23.819 0.0000000000
148235  -19.876  -87.668  -25.871 0.0000000000
148237  -21.504  -83.461  -22.913 0.0000000000
148239  -21.811  -83.592  -21.255 0.0000000000
148296  -19.165  -80.701  -24.502 0.0000000000
148392  -6.518  -84.645  -26.909 0.0000000000
148457  -21.759  -83.413  -22.112 0.0000000000
148500  -13.571  -74.821  -10.582 0.0000000000
148503  -4.279  -71.362  -3.369 0.0000000000
148600  -22.280  -71.319  -9.214 0.0000000000
148723  -21.157  -58.712  -7.930 0.0000000000
148737  -10.284  -80.479  -11.604 0.0000000000
148781  -30.072  -62.039  -5.540 0.0000000000
148783  -27.173  -53.214  -6.498 0.0000000000
148833  -10.984  -70.521  -10.619 0.0000000000
149102  -7.436  -73.995  -12.189 0.0000000000
149242  -10.239  -79.009  -18.672 0.0000000000
149313  -9.858  -83.470  -21.669 0.0000000000
149361  -21.524  -83.885  -25.929 0.0000000000
149480  -12.595  -72.727  -15.313 0.0000000000
149519  -10.817  -79.724  -21.255 0.0000000000
149570  -8.270  -63.414  -1.438 0.0000000000
149770  -6.329  -72.637  -17.943 0.0000000000
149931  -3.781  -77.991  -12.557 0.0000000000
149972  -2.959  -75.451  -13.242 0.0000000000
149983  -4.096  -81.037  -10.169 0.0000000000
150054  -18.644  -72.806  -7.346 0.0000000000
150164  -9.993  -59.689  -4.652 0.0000000000
150192  -12.144  -74.912  -19.047 0.0000000000
150229  -10.003  -81.732  -17.468 0.0000000000
150329  -3.550  -75.315  -6.570 0.0000000000
150401  -9.340  -66.718  2.448 0.0000000000
150537  -18.549  -78.536  -32.681 0.0000000000
150575  -17.850  -80.219  -35.165 0.0000000000
150603  -15.724  -69.032  -2.960 0.0000000000
150672  -21.254  -64.927  -9.809 0.0000000000
150720  -4.374  -68.329  -7.427 0.0000000000
150768  -8.594  -69.222  -5.338 0.0000000000
150955  -22.366  -71.542  -9.834 0.0000000000
151096  -7.051  -68.767  -7.521 0.0000000000
151167  -20.870  -83.578  -23.491 0.0000000000
151190  -12.750  -88.934  -25.303 0.0000000000
151280  -24.186  -63.055  -2.706 0.0000000000
151384  -24.067  -61.679  -5.359 0.0000000000
151901  -14.248  -86.638  -26.762 0.0000000000
152124  -12.177  -60.816  -0.763 0.0000000000
152194  -13.433  -83.522  -25.976 0.0000000000
152296  -5.026  -78.287  -24.675 0.0000000000
152475  -18.009  -79.450  -35.517 0.0000000000
152517  -5.882  -73.711  -24.987 0.0000000000
152528  -12.572  -75.977  -16.708 0.0000000000
152560  -3.772  -68.848  -15.955 0.0000000000
152619  -4.429  -81.233  -16.412 0.0000000000
152686  -5.338  -74.228  -13.053 0.0000000000
152733  -10.576  -73.826  -6.144 0.0000000000
152955  -7.995  -63.736  -21.768 0.0000000000
152983  -12.517  -69.547  2.779 0.0000000000
153169  -13.268  -81.115  -14.713 0.0000000000
153333  -11.425  -86.414  -25.707 0.0000000000
153341  -17.614  -86.588  -22.075 0.0000000000
153457  -6.410  -81.572  -27.803 0.0000000000
153578  -18.156  -79.598  -34.201 0.0000000000
153588  -13.202  -81.000  -35.645 0.0000000000
153640  -3.824  -77.198  -21.776 0.0000000000
153966  -9.629  -71.825  0.792 0.0000000000
154071  -16.916  -65.925  0.330 0.0000000000
154233  -12.646  -74.664  -2.933 0.0000000000
154447  -7.978  -83.439  -29.876 0.0000000000
154469  -13.075  -59.928  -5.378 0.0000000000
154471  -8.443  -78.091  -17.531 0.0000000000
154485  -27.887  -65.250  -3.890 0.0000000000
154633  -4.929  -84.043  -22.696 0.0000000000
154667  -9.013  -75.711  -12.214 0.0000000000
154686  -22.680  -59.168  -8.255 0.0000000000
154718  -7.875  -78.037  -18.483 0.0000000000
154750  -3.742  -69.708  -0.221 0.0000000000
154756  -13.334  -74.829  -17.987 0.0000000000
154821  -9.491  -71.856  -1.750 0.0000000000
154879  -9.511  -71.352  -2.096 0.0000000000
154884  -11.607  -72.373  -13.307 0.0000000000
155123  -10.556  -73.602  -5.192 0.0000000000
155148  -5.763  -70.436  -12.081 0.0000000000
155222  -20.844  -84.780  -25.070 0.0000000000
155255  -12.331  -72.856  -15.867 0.0000000000
155262  -3.975  -76.391  -6.344 0.0000000000
155270  -15.566  -73.232  3.031 0.0000000000
155280  -15.931  -74.134  2.219 0.0000000000
155301  -12.838  -85.338  -30.250 0.0000000000
155345  -10.903  -85.302  -30.849 0.0000000000
155570  -3.407  -72.900  -5.446 0.0000000000
155646  -13.911  -59.072  -5.528 0.0000000000
155893  -19.063  -60.725  -8.113 0.0000000000
155936  -4.720  -71.840  -8.552 0.0000000000
156002  -19.155  -66.188  -7.783 0.0000000000
156028  -16.172  -60.029  -6.861 0.0000000000
156051  -3.566  -69.868  -17.908 0.0000000000
156062  -10.451  -83.571  -27.366 0.0000000000
156071  -5.893  -86.578  -27.248 0.0000000000
156146  -9.667  -62.475  -3.000 0.0000000000
156186  -8.389  -68.692  -7.687 0.0000000000
156267  -3.612  -68.161  -17.944 0.0000000000
156334  -14.460  -64.037  -3.512 0.0000000000
156348  -3.359  -66.233  -16.104 0.0000000000
156373  -13.832  -81.079  -15.381 0.0000000000
156392  -24.078  -58.525  -8.049 0.0000000000
156479  -10.722  -69.205  -8.103 0.0000000000
156577  -24.739  -65.342  -1.914 0.0000000000
156583  -29.828  -62.380  -7.180 0.0000000000
156632  -12.035  -71.045  3.913 0.0000000000
156686  -7.988  -57.748  -3.777 0.0000000000
156768  -7.861  -63.576  1.512 0.0000000000
156842  -18.265  -82.523  -30.126 0.0000000000
156978  -8.220  -66.179  -0.857 0.0000000000
157058  -22.682  -54.550  -6.046 0.0000000000
157311  -14.224  -71.201  -12.061 0.0000000000
157387  -4.468  -69.257  -8.471 0.0000000000
157414  -13.089  -88.514  -24.470 0.0000000000
157419  -14.758  -73.813  -9.167 0.0000000000
157425  -17.034  -71.208  1.693 0.0000000000
157436  -17.963  -71.209  1.029 0.0000000000
157777  -6.990  -71.952  -9.400 0.0000000000
157927  -14.710  -54.233  -1.642 0.0000000000
158000  -4.508  -66.335  -20.019 0.0000000000
