#!ascii label  , from subject sub001 vox2ras=TkReg
6757
110066  45.405  21.823  29.957 0.2000000030
140798  43.911  21.632  29.093 0.3000000119
110079  44.601  21.719  29.447 0.2000000030
110078  45.672  21.490  28.989 0.2000000030
110092  43.567  21.378  28.544 0.2000000030
110105  44.027  21.071  27.868 0.3000000119
110091  44.637  21.419  28.493 0.2000000030
110104  45.041  20.994  27.645 0.3000000119
109323  42.697  20.288  27.698 0.3000000119
109322  43.569  20.459  27.514 0.3000000119
109321  44.458  20.535  27.313 0.2000000030
107143  42.701  17.847  27.863 0.4000000060
137409  42.847  18.677  27.408 0.3000000119
107843  43.725  18.821  27.001 0.4000000060
109342  44.028  19.855  27.010 0.3000000119
108600  44.588  19.239  26.668 0.3000000119
107103  42.719  17.348  28.671 0.5000000000
107829  43.318  18.040  27.410 0.5000000000
107828  43.978  17.892  27.186 0.5000000000
107842  44.426  18.439  26.759 0.4000000060
106380  43.156  16.590  30.831 0.4000000060
129741  43.611  16.889  30.620 0.5000000000
106418  43.710  17.042  29.778 0.5000000000
152997  43.299  17.124  28.889 0.5000000000
107141  44.372  17.380  27.617 0.5000000000
107154  44.760  17.804  26.910 0.5000000000
107841  45.231  18.551  26.418 0.4000000060
105569  43.603  15.918  31.054 0.4000000060
130491  43.828  16.732  31.080 0.4000000060
107118  44.026  17.079  28.565 0.5000000000
107153  45.579  17.683  26.634 0.4000000060
104793  44.273  14.791  31.104 0.4000000060
105568  44.515  16.233  31.292 0.4000000060
106379  44.510  16.991  31.008 0.5000000000
106417  44.643  17.031  29.542 0.5000000000
106436  44.880  17.039  28.184 0.5000000000
107140  45.189  17.306  27.308 0.5000000000
104039  45.427  13.956  31.660 0.5000000000
104789  45.091  14.920  31.402 0.4000000060
105567  45.173  16.828  31.199 0.5000000000
106378  45.397  16.968  30.956 0.5000000000
106416  45.605  16.932  28.837 0.5000000000
106435  45.571  17.005  27.754 0.5000000000
100307  46.074  8.562  27.576 0.8000000119
101862  45.841  10.186  28.002 0.8999999762
102593  45.763  11.791  28.609 0.8000000119
103339  45.375  12.552  30.385 0.6000000238
103319  45.584  13.079  31.236 0.6000000238
104788  45.809  14.910  31.783 0.5000000000
106365  45.969  16.644  31.306 0.5000000000
131436  45.949  16.814  30.006 0.5000000000
106442  45.927  17.082  27.047 0.4000000060
99436  46.374  7.759  27.175 0.8000000119
134352  46.326  9.936  27.628 0.8999999762
150329  45.761  11.000  28.231 0.8000000119
103355  45.992  12.550  29.279 0.8000000119
103318  46.225  13.337  31.182 0.6999999881
104038  46.073  13.812  31.779 0.5000000000
137788  46.112  15.870  31.844 0.5000000000
129373  45.956  16.819  31.020 0.5000000000
106394  45.988  16.816  30.817 0.5000000000
106415  46.514  16.616  28.828 0.5000000000
106434  46.233  16.792  27.784 0.5000000000
97758  45.847  5.493  26.962 0.6999999881
98591  45.960  6.900  27.269 0.8000000119
102601  46.493  11.505  27.951 0.8000000119
136980  46.699  13.098  29.610 0.6999999881
104037  47.062  14.072  32.014 0.6000000238
104787  46.629  14.989  32.173 0.5000000000
106364  46.750  16.391  31.468 0.5000000000
106393  46.772  16.424  30.016 0.5000000000
99446  46.737  7.143  26.747 0.8000000119
101082  46.628  9.312  27.363 0.8999999762
146279  46.957  10.899  27.577 0.8999999762
103354  46.803  12.730  28.699 0.8000000119
104074  47.503  13.378  30.035 0.6999999881
104786  47.316  14.613  32.394 0.5000000000
105559  47.345  16.209  32.061 0.5000000000
128632  46.576  16.513  31.038 0.5000000000
97757  46.339  5.366  26.313 0.6999999881
151629  47.166  9.558  27.239 0.8999999762
131186  46.962  10.113  27.400 0.8999999762
103364  47.068  12.218  28.038 0.8000000119
104092  48.003  13.218  29.110 0.8999999762
148063  47.380  13.527  30.998 0.5000000000
106377  47.436  16.269  31.575 0.5000000000
98597  46.331  6.270  26.627 0.8000000119
100305  47.660  8.333  26.818 0.8999999762
103363  47.945  12.132  27.899 0.8000000119
134935  48.094  13.610  30.970 0.5000000000
104036  47.671  14.150  32.245 0.6000000238
106353  48.054  16.040  32.513 0.5000000000
128821  47.525  16.252  30.706 0.5000000000
94100  50.604  1.035  24.129 0.6000000238
93175  48.966  0.984  23.959 0.6999999881
95084  46.940  2.302  25.373 0.6999999881
143469  46.527  4.331  25.210 0.6999999881
98602  46.874  6.033  25.924 0.6999999881
99445  47.673  7.458  26.541 0.8999999762
101081  47.790  9.710  27.210 0.8999999762
102599  48.345  11.307  27.626 0.8999999762
103352  48.450  12.730  28.383 0.8999999762
104022  48.241  14.151  32.330 0.5000000000
106362  48.357  16.208  32.179 0.5000000000
93174  49.857  0.877  24.086 0.6999999881
94103  47.695  1.505  24.531 0.6999999881
95094  46.699  2.644  24.548 0.6999999881
97763  46.713  5.223  25.557 0.6999999881
98596  47.198  6.707  26.301 0.8000000119
130914  47.991  9.006  26.952 0.8000000119
101860  47.697  10.638  27.470 0.8999999762
104091  48.852  13.412  29.070 0.8999999762
104049  48.818  13.875  30.883 0.6000000238
104777  48.579  14.791  32.893 0.5000000000
93180  50.469  0.744  23.313 0.6999999881
93182  48.719  0.976  23.245 0.6999999881
95093  47.101  1.953  24.570 0.6999999881
96881  46.790  4.170  24.315 0.6999999881
98605  47.393  5.917  25.188 0.6999999881
99450  47.966  6.961  26.068 0.8999999762
149833  48.759  10.278  27.381 0.8999999762
103362  48.907  12.043  27.871 0.8999999762
104035  48.610  14.013  31.710 0.5000000000
93181  49.481  0.747  23.260 0.6999999881
94113  47.423  1.739  23.137 0.6999999881
95103  46.719  2.826  23.697 0.6999999881
97767  46.997  5.045  24.762 0.6999999881
98600  48.029  6.673  25.380 0.8000000119
99444  48.484  7.587  26.219 0.8999999762
100304  48.531  8.575  26.910 0.8000000119
104090  49.654  13.407  29.078 0.8000000119
151305  49.068  14.077  31.453 0.6000000238
93190  49.937  0.546  22.451 0.6999999881
93191  48.941  0.773  22.429 0.6999999881
96018  46.888  3.603  23.600 0.6999999881
97766  47.598  5.587  24.319 0.6999999881
99449  48.479  7.227  25.653 0.8000000119
99443  49.103  8.260  26.495 0.8000000119
100303  49.376  8.834  27.063 0.8000000119
101079  49.568  9.513  27.335 0.8999999762
102591  49.886  11.901  28.046 0.8999999762
93206  48.692  0.939  21.528 0.6999999881
94139  48.005  1.459  21.448 0.6999999881
95112  46.950  3.093  23.004 0.6999999881
96887  47.287  4.415  23.565 0.6999999881
99448  49.160  7.781  25.611 0.8000000119
94156  47.771  1.882  20.745 0.6999999881
94123  47.298  2.168  22.374 0.6999999881
136149  47.671  4.659  23.023 0.6000000238
97774  47.753  5.225  23.511 0.6000000238
98604  48.075  6.335  24.597 0.8000000119
99455  48.735  7.087  24.840 0.8000000119
94173  48.162  1.838  20.035 0.6999999881
95135  47.489  2.571  20.892 0.6000000238
140218  47.560  3.772  21.842 0.6000000238
96898  47.848  4.594  22.358 0.6000000238
97765  48.203  5.983  23.817 0.6000000238
141047  48.622  6.599  24.097 0.8000000119
99454  49.544  7.711  24.696 0.8000000119
96047  47.516  3.315  21.013 0.6000000238
96911  48.169  4.577  21.552 0.6000000238
97773  48.405  5.672  23.048 0.6999999881
98612  48.846  6.375  23.376 0.8000000119
144202  47.555  3.092  20.337 0.6000000238
96927  47.782  3.817  20.249 0.6000000238
96926  48.370  4.573  20.714 0.6000000238
110786  46.156  21.973  30.457 0.2000000030
129465  46.565  21.505  29.493 0.2000000030
110090  45.908  21.105  28.099 0.2000000030
109341  44.895  20.011  26.832 0.2000000030
108599  45.422  19.505  26.415 0.3000000119
99437  45.820  7.684  27.693 0.8000000119
106441  46.723  16.891  26.969 0.4000000060
97751  45.587  5.664  27.518 0.6999999881
141446  46.170  3.798  26.676 0.6999999881
106414  47.412  16.393  28.740 0.5000000000
142971  51.192  1.356  24.558 0.5000000000
94075  49.773  1.625  26.483 0.6000000238
95074  47.025  2.398  26.239 0.6999999881
94099  51.897  1.759  24.995 0.5000000000
94090  48.694  1.370  25.341 0.6999999881
96876  46.314  4.470  26.061 0.6999999881
94110  52.067  1.130  23.425 0.6000000238
94101  49.308  1.130  24.767 0.6999999881
94091  47.480  1.758  25.206 0.6999999881
95075  46.671  2.780  25.883 0.6999999881
106376  48.355  16.212  31.302 0.5000000000
93179  51.387  0.784  22.960 0.6999999881
106352  48.798  16.168  32.836 0.6000000238
106361  49.040  16.333  32.635 0.6000000238
94121  52.163  0.883  22.679 0.6999999881
104034  49.477  14.197  31.963 0.5000000000
104021  48.999  14.331  32.421 0.5000000000
93202  52.262  0.700  21.474 0.6999999881
93189  50.775  0.599  22.472 0.6999999881
93205  49.488  0.564  21.615 0.6999999881
103350  50.392  12.746  28.702 0.8999999762
94155  48.490  1.292  20.670 0.6999999881
102597  50.328  10.934  27.914 0.8999999762
94154  49.245  0.946  20.240 0.6999999881
100315  49.993  8.765  26.674 0.8000000119
101097  50.241  9.195  27.148 0.8000000119
94171  49.388  1.225  19.420 0.6999999881
94172  48.687  1.698  19.091 0.6000000238
148885  48.121  2.119  19.409 0.6999999881
128988  49.018  6.022  22.564 0.6999999881
130974  49.857  7.768  24.047 0.8000000119
95146  47.790  2.681  19.097 0.6000000238
96057  47.653  3.234  19.604 0.6000000238
138498  49.531  6.306  22.121 0.6999999881
99463  49.965  7.535  23.385 0.8000000119
97801  48.834  5.164  21.253 0.6999999881
97813  49.044  5.253  20.286 0.6999999881
96940  47.849  4.001  19.300 0.6000000238
96939  48.333  4.645  19.844 0.6999999881
97821  48.804  5.211  19.454 0.6999999881
110778  46.863  22.059  30.971 0.2000000030
110777  48.637  21.710  31.082 0.2000000030
110065  47.292  21.615  30.014 0.2000000030
110077  46.946  20.962  28.579 0.2000000030
109320  45.363  20.546  27.090 0.2000000030
107840  46.086  18.220  26.065 0.3000000119
143808  47.073  16.567  27.780 0.5000000000
106433  47.959  16.624  27.826 0.5000000000
131817  48.178  16.424  28.573 0.5000000000
94097  53.431  2.125  24.217 0.6000000238
94098  52.677  1.942  24.647 0.5000000000
128822  48.520  16.220  30.126 0.5000000000
128820  47.864  16.256  29.525 0.5000000000
151418  54.035  2.243  23.788 0.6000000238
94107  54.202  1.994  23.094 0.6000000238
94108  53.487  1.754  23.416 0.6000000238
104776  49.423  14.651  33.008 0.5000000000
106351  49.415  16.283  33.144 0.6000000238
129406  54.219  1.486  21.911 0.6000000238
135936  52.816  1.259  23.052 0.6000000238
104070  51.356  13.649  29.906 0.6999999881
143021  50.733  14.013  30.782 0.6999999881
94138  52.905  0.971  21.845 0.6000000238
93203  51.507  0.572  21.056 0.6999999881
93204  50.543  0.490  21.565 0.6999999881
102590  50.835  11.578  28.362 0.8999999762
93217  52.374  0.704  20.600 0.6000000238
101858  50.780  10.104  27.788 0.8999999762
130869  50.352  9.657  27.478 0.8999999762
144399  52.221  0.769  19.629 0.6000000238
93218  51.540  0.602  20.122 0.6000000238
93219  50.723  0.539  20.501 0.6999999881
100314  50.494  8.798  26.288 0.8000000119
143204  50.842  0.703  19.598 0.6000000238
99453  50.264  8.307  24.530 0.8000000119
152730  49.860  8.220  25.248 0.8000000119
93231  50.035  0.770  19.904 0.6999999881
94184  50.438  1.290  18.209 0.5000000000
147502  49.474  1.496  18.469 0.6000000238
95154  48.225  2.212  18.669 0.6000000238
98640  50.021  5.965  20.806 0.6999999881
152077  50.150  6.833  21.963 0.6999999881
94199  50.758  1.450  17.425 0.5000000000
94200  49.893  1.602  17.543 0.5000000000
94201  49.056  1.841  17.667 0.5000000000
95155  47.868  2.742  18.232 0.5000000000
96069  47.710  3.331  18.737 0.6000000238
97812  49.909  5.678  20.252 0.6999999881
94234  50.002  1.807  16.022 0.5000000000
94218  49.365  1.896  16.738 0.5000000000
95165  48.075  2.770  17.298 0.5000000000
96952  47.933  4.122  18.421 0.6000000238
96951  48.340  4.753  18.992 0.6000000238
97829  48.919  5.376  18.714 0.6000000238
133618  48.620  2.394  16.251 0.5000000000
95189  48.053  2.907  16.428 0.5000000000
96087  47.892  3.560  16.925 0.5000000000
144958  48.545  5.009  17.279 0.6000000238
97836  49.020  5.447  17.848 0.6999999881
141858  47.797  3.698  15.835 0.5000000000
96970  48.128  4.458  16.606 0.5000000000
110766  48.216  22.359  32.035 0.2000000030
110765  49.253  21.881  31.679 0.2000000030
110053  47.951  21.667  30.536 0.2000000030
135726  47.711  20.972  29.123 0.2000000030
110785  49.049  21.471  29.965 0.2000000030
110064  48.297  21.201  29.643 0.2000000030
110076  48.351  20.967  29.094 0.2000000030
110103  46.072  20.888  27.324 0.2000000030
110089  46.997  20.917  27.766 0.2000000030
110116  46.207  20.624  26.754 0.2000000030
109340  45.755  20.165  26.618 0.2000000030
110102  46.862  20.973  26.975 0.2000000030
108607  45.951  19.034  25.892 0.3000000119
109339  46.484  20.451  26.209 0.2000000030
109355  46.180  19.810  26.084 0.3000000119
109354  46.843  20.183  25.691 0.3000000119
150077  46.684  18.678  25.642 0.3000000119
107164  46.894  17.977  25.849 0.3000000119
107152  46.398  17.500  26.437 0.4000000060
107850  47.390  18.449  25.455 0.3000000119
106440  47.597  16.868  26.988 0.4000000060
107150  48.127  17.341  26.290 0.3000000119
106439  48.487  16.960  27.089 0.4000000060
106432  48.819  16.666  27.969 0.4000000060
106413  48.721  16.337  28.999 0.4000000060
130862  54.817  2.589  23.668 0.5000000000
128823  50.208  16.531  31.977 0.6000000238
106374  49.989  16.423  31.062 0.6000000238
148918  49.280  16.299  30.657 0.6000000238
129862  56.141  2.556  22.498 0.5000000000
95110  54.897  2.158  22.792 0.6000000238
129923  50.421  16.569  32.810 0.6000000238
106360  49.666  16.506  32.738 0.6000000238
95123  57.608  2.778  21.373 0.5000000000
95109  55.467  2.218  22.447 0.5000000000
95124  55.812  2.014  21.836 0.6000000238
141349  51.410  14.686  34.116 0.6000000238
104775  50.394  14.535  33.347 0.6000000238
104033  50.327  14.238  32.552 0.5000000000
134767  56.727  2.445  21.758 0.5000000000
95134  56.992  2.207  20.661 0.6000000238
94117  54.943  1.810  21.974 0.6000000238
94137  53.607  1.144  21.406 0.6999999881
104785  51.345  14.211  33.265 0.6000000238
130603  51.007  14.084  31.986 0.5000000000
150211  50.200  14.165  31.750 0.5000000000
94136  54.483  1.429  21.212 0.6000000238
93216  53.170  0.915  20.725 0.6000000238
104047  51.690  13.951  30.863 0.5000000000
103349  51.353  12.179  28.875 0.8999999762
94151  55.616  1.639  20.523 0.5000000000
94153  53.881  1.105  20.432 0.5000000000
102589  51.706  11.146  28.673 0.8999999762
101848  51.253  10.614  28.223 0.8000000119
94165  56.219  1.682  19.292 0.5000000000
149895  54.957  1.284  19.606 0.6000000238
94167  54.299  1.146  19.665 0.6000000238
101857  51.614  9.976  27.976 0.8999999762
101078  51.057  9.566  27.413 0.8000000119
94169  52.929  0.990  19.025 0.6000000238
93238  51.912  0.969  18.678 0.6000000238
100326  50.961  8.789  24.677 0.8999999762
129925  55.527  1.468  17.681 0.5000000000
94181  54.226  1.179  18.245 0.6000000238
129067  53.844  1.035  18.954 0.6000000238
94182  52.554  1.185  18.120 0.6000000238
99462  50.316  8.065  23.772 0.8000000119
128850  54.693  1.352  17.589 0.6000000238
94197  52.969  1.309  17.546 0.6000000238
94196  53.777  1.312  17.366 0.6000000238
131804  53.337  1.676  15.764 0.6000000238
94215  51.922  1.573  16.582 0.5000000000
94217  50.309  1.660  16.768 0.5000000000
97820  49.646  5.595  19.374 0.6999999881
135715  50.394  6.476  21.069 0.6999999881
94231  52.400  1.784  15.500 0.6000000238
94232  51.370  1.719  15.914 0.5000000000
97819  50.459  6.077  18.746 0.8000000119
94249  52.154  2.083  14.568 0.5000000000
94250  51.463  1.933  15.001 0.5000000000
95187  49.291  2.087  15.894 0.5000000000
146683  49.104  5.489  17.104 0.6000000238
97827  50.644  6.192  17.753 0.8000000119
143159  53.410  1.951  14.847 0.5000000000
95204  50.647  2.111  14.536 0.5000000000
134111  48.834  2.420  15.315 0.5000000000
95188  48.166  2.860  15.535 0.5000000000
96978  48.135  4.702  15.601 0.5000000000
97849  48.711  5.526  15.216 0.5000000000
97841  49.510  5.953  15.604 0.6000000238
95203  51.578  2.307  13.871 0.5000000000
95218  50.503  2.544  13.373 0.5000000000
95219  49.467  2.656  13.508 0.5000000000
96109  48.101  3.409  13.838 0.5000000000
96979  47.706  4.209  14.775 0.5000000000
136828  49.837  2.821  12.559 0.5000000000
95220  48.687  2.923  13.632 0.5000000000
95214  54.913  3.007  12.252 0.4000000060
145048  54.396  3.049  11.560 0.4000000060
110763  50.953  22.563  32.384 0.2000000030
110749  52.689  22.842  34.203 0.1000000015
110762  51.726  22.853  32.967 0.1000000015
138812  49.867  21.952  31.629 0.2000000030
110776  49.332  21.652  30.877 0.2000000030
111400  52.504  23.589  32.792 0.1000000015
111408  51.059  22.964  31.936 0.1000000015
110784  49.473  22.273  30.360 0.2000000030
111413  49.970  23.088  30.689 0.2000000030
110075  48.632  21.415  29.298 0.2000000030
111414  49.340  23.202  30.148 0.2000000030
111416  48.984  22.362  29.605 0.2000000030
130783  47.793  20.947  28.366 0.2000000030
139165  48.738  23.423  29.715 0.2000000030
110789  48.420  22.215  28.871 0.2000000030
111421  47.820  22.289  28.009 0.2000000030
132865  47.810  21.390  27.917 0.2000000030
150746  47.425  22.080  27.059 0.2000000030
110101  47.254  21.444  26.639 0.2000000030
110141  48.008  21.058  24.762 0.2000000030
110131  47.634  21.355  25.390 0.3000000119
110114  47.347  21.547  25.961 0.3000000119
110115  46.895  20.948  26.310 0.3000000119
109365  47.919  20.161  24.790 0.3000000119
110132  47.069  20.874  25.750 0.3000000119
107855  49.236  19.110  24.659 0.3000000119
108612  48.547  19.664  24.608 0.3000000119
107857  47.874  19.266  24.937 0.3000000119
132890  47.267  19.049  25.333 0.3000000119
107839  50.400  18.329  25.810 0.3000000119
107848  48.989  18.407  25.011 0.3000000119
107856  48.542  18.941  24.798 0.3000000119
107849  48.102  18.446  25.145 0.3000000119
107147  50.835  17.969  26.617 0.4000000060
107148  50.048  17.701  26.386 0.3000000119
107161  49.511  18.016  25.646 0.3000000119
107162  48.586  17.840  25.576 0.3000000119
107163  47.710  17.840  25.672 0.3000000119
131248  50.458  17.484  26.993 0.4000000060
106411  50.182  16.774  28.265 0.4000000060
128312  49.824  17.239  27.031 0.4000000060
107139  49.187  17.026  27.239 0.4000000060
106391  50.242  16.516  29.896 0.6000000238
130698  50.011  16.555  28.979 0.5000000000
106392  49.386  16.385  29.506 0.5000000000
106348  52.366  16.352  33.518 0.6000000238
106349  51.219  16.398  33.370 0.6000000238
106359  51.129  16.587  32.171 0.6000000238
104774  52.139  14.571  34.122 0.6000000238
104761  52.092  14.970  34.625 0.6000000238
104784  52.402  14.322  33.204 0.6000000238
147979  57.931  2.644  20.514 0.6000000238
104045  53.681  13.551  30.956 0.6999999881
104031  53.060  14.236  31.902 0.6000000238
104069  52.311  13.382  30.054 0.8000000119
103316  54.155  12.488  30.509 0.6999999881
103335  52.765  12.259  29.646 0.8999999762
102588  52.465  10.895  28.847 0.8999999762
103334  53.711  11.782  29.916 0.8000000119
102572  53.160  11.164  29.294 0.8999999762
101846  53.012  10.507  28.610 0.8999999762
101095  51.546  9.382  26.940 0.8999999762
94179  55.834  1.520  18.459 0.5000000000
101845  53.947  10.427  28.600 0.6999999881
101076  52.701  9.845  27.533 0.8999999762
134953  52.224  9.562  27.083 0.8999999762
101105  52.194  9.446  26.188 0.8999999762
101075  53.565  9.971  27.402 0.8999999762
101104  53.249  9.557  25.939 0.8999999762
101111  52.718  9.316  25.141 0.8999999762
128303  56.229  1.685  16.859 0.5000000000
94195  54.451  1.423  16.894 0.6000000238
100337  51.849  8.743  23.696 0.8999999762
99482  50.803  7.603  22.155 0.8999999762
94211  55.724  1.704  15.979 0.6000000238
94213  53.888  1.544  16.385 0.6000000238
100348  52.176  8.534  22.889 0.8999999762
99472  51.481  8.178  22.465 0.8999999762
99481  51.673  7.797  21.561 0.8999999762
94210  56.552  1.989  15.845 0.5000000000
94229  55.258  1.930  15.166 0.6000000238
98647  51.262  6.296  18.960 0.8999999762
94228  56.322  2.301  14.867 0.5000000000
94246  55.736  2.499  13.999 0.6000000238
154933  54.874  2.113  14.510 0.6000000238
94247  54.280  2.225  14.207 0.6000000238
98664  50.552  6.223  16.760 0.8000000119
147275  55.032  2.433  13.732 0.6000000238
95201  53.606  2.490  13.639 0.5000000000
143271  52.281  2.722  12.784 0.5000000000
98683  50.417  6.545  14.767 0.8000000119
98693  49.415  6.698  13.218 0.6000000238
95200  54.689  2.800  13.078 0.6000000238
95216  53.256  2.951  12.684 0.5000000000
146416  52.918  3.309  11.951 0.5000000000
95233  50.742  3.096  11.778 0.5000000000
96987  47.820  4.610  13.583 0.5000000000
96986  48.096  5.052  14.587 0.5000000000
97856  48.619  6.286  12.910 0.5000000000
95215  54.184  3.170  12.380 0.5000000000
95231  53.681  3.379  11.745 0.5000000000
96118  53.794  3.283  11.210 0.4000000060
95232  51.988  3.174  11.566 0.5000000000
95244  51.288  3.410  10.649 0.5000000000
95234  49.716  3.236  11.374 0.5000000000
96122  48.491  3.552  12.627 0.5000000000
96992  47.940  4.953  11.909 0.5000000000
97870  48.182  6.055  10.691 0.5000000000
111399  53.530  23.759  33.352 0.1000000015
112113  50.382  23.999  31.259 0.1000000015
112119  49.559  24.183  30.782 0.1000000015
111417  48.506  23.112  29.199 0.2000000030
110813  47.653  22.215  25.712 0.2000000030
110803  47.374  22.165  26.236 0.2000000030
112129  46.471  23.918  27.367 0.2000000030
110130  48.143  22.038  25.195 0.3000000119
110814  47.135  23.050  25.790 0.2000000030
111427  46.692  23.356  26.847 0.2000000030
110139  49.791  21.980  24.324 0.3000000119
147224  49.166  22.576  24.481 0.3000000119
110140  48.773  21.708  24.556 0.3000000119
109364  48.618  20.576  24.493 0.3000000119
109362  50.795  20.654  24.391 0.3000000119
146132  50.042  20.272  24.281 0.3000000119
107854  49.999  19.420  24.581 0.3000000119
107846  50.766  19.172  25.225 0.3000000119
108598  51.780  19.415  25.683 0.4000000060
107838  51.261  18.658  26.146 0.4000000060
107137  51.112  17.531  27.485 0.4000000060
107827  51.633  18.259  27.005 0.4000000060
107136  51.979  17.932  27.890 0.4000000060
107116  51.501  17.222  28.505 0.4000000060
106410  50.696  16.767  28.849 0.4000000060
107102  52.004  17.146  29.284 0.4000000060
144729  50.997  16.582  30.858 0.6000000238
131466  52.985  16.597  32.293 0.6000000238
129924  51.933  16.597  32.581 0.6000000238
106347  53.407  16.233  33.598 0.6000000238
105539  52.739  15.388  34.586 0.6000000238
104773  52.913  14.597  33.867 0.6000000238
104783  53.355  14.393  32.896 0.6000000238
102570  55.091  10.848  29.834 0.6999999881
101831  54.576  10.622  29.213 0.6999999881
101830  55.718  10.599  29.241 0.6999999881
101854  54.293  10.141  27.998 0.8999999762
101092  55.035  9.581  26.493 0.8999999762
101093  53.889  9.752  26.642 0.8999999762
133642  53.776  9.203  25.034 0.8999999762
101102  55.483  9.391  25.643 0.8000000119
101110  54.903  9.176  24.938 0.8999999762
101122  54.538  9.001  24.089 0.8999999762
100347  53.261  8.567  22.495 0.8999999762
99480  52.902  7.896  20.882 0.8999999762
99490  51.928  6.989  19.827 0.8999999762
99489  52.840  7.437  19.990 0.8999999762
98654  52.193  6.552  18.115 0.8999999762
98681  52.452  7.418  15.001 0.8000000119
98682  51.446  6.913  14.909 0.8000000119
98699  51.383  7.878  12.596 0.6999999881
111454  46.683  23.882  25.388 0.3000000119
112126  47.193  24.425  28.740 0.2000000030
110828  51.378  22.914  24.551 0.2000000030
110138  50.852  21.760  24.374 0.3000000119
110830  49.803  22.959  24.357 0.3000000119
129012  48.453  22.837  24.790 0.3000000119
152954  47.176  23.499  25.189 0.3000000119
112136  46.415  24.336  25.671 0.3000000119
112872  46.806  25.506  27.527 0.2000000030
110129  52.900  21.847  25.260 0.3000000119
110827  52.324  22.660  24.933 0.3000000119
110137  51.695  21.942  24.562 0.3000000119
129254  51.556  21.058  24.538 0.3000000119
111453  47.680  23.527  24.734 0.3000000119
112894  46.439  24.927  25.279 0.3000000119
112883  46.686  25.561  26.478 0.2000000030
113642  47.589  26.203  27.985 0.1000000015
110128  53.681  22.018  25.789 0.3000000119
109351  53.221  21.281  25.725 0.3000000119
109352  52.611  20.981  25.321 0.3000000119
109360  52.053  20.706  24.896 0.3000000119
108604  52.305  20.163  25.395 0.3000000119
128811  53.444  20.185  26.745 0.3000000119
108597  52.640  19.705  26.166 0.3000000119
107837  52.101  18.995  26.580 0.3000000119
107809  52.866  18.257  28.246 0.5000000000
107115  52.414  17.597  28.725 0.4000000060
107100  53.762  17.621  29.985 0.5000000000
107114  53.301  17.920  29.090 0.5000000000
107101  52.789  17.291  29.619 0.5000000000
107086  54.936  17.350  31.501 0.6000000238
107087  54.029  16.883  31.668 0.6000000238
106373  52.043  16.680  31.439 0.5000000000
105549  56.266  14.956  32.365 0.5000000000
105550  55.458  15.269  33.185 0.6000000238
105537  54.188  15.411  34.067 0.6000000238
129059  53.924  16.553  32.616 0.6000000238
104027  56.633  13.248  31.731 0.6000000238
104018  55.236  14.020  32.819 0.6000000238
104019  54.299  14.268  32.730 0.6000000238
104758  54.229  15.035  33.957 0.6000000238
103313  56.836  11.964  30.728 0.6000000238
103314  55.937  11.896  30.913 0.6000000238
104029  55.004  13.320  31.836 0.6999999881
104030  54.011  13.864  31.870 0.6000000238
102553  57.416  11.578  30.045 0.5000000000
102554  56.500  11.352  30.261 0.6000000238
102555  55.528  11.340  30.341 0.6999999881
103315  55.066  12.274  30.866 0.6999999881
102587  57.647  11.005  28.983 0.5000000000
101829  56.938  10.633  29.137 0.6000000238
102569  56.145  10.863  29.788 0.6000000238
102556  54.616  11.495  30.207 0.6999999881
136985  58.172  10.341  27.352 0.6000000238
101072  57.359  9.764  26.812 0.6000000238
101843  56.513  10.352  28.521 0.6000000238
102605  58.512  10.876  26.582 0.6000000238
101090  58.042  9.861  25.972 0.6999999881
101091  56.430  9.595  26.253 0.6999999881
101119  58.279  10.283  23.267 0.6999999881
101109  55.923  9.117  24.042 0.6999999881
100335  54.181  8.794  23.107 0.8999999762
142288  58.577  10.885  23.570 0.6999999881
101131  57.908  9.999  22.388 0.6999999881
100334  55.482  8.624  22.270 0.8000000119
100360  53.719  8.291  21.463 0.8999999762
101138  57.589  9.736  21.569 0.8000000119
100344  57.032  8.859  20.834 0.8000000119
100359  55.088  8.387  20.890 0.8000000119
141065  53.967  7.678  19.184 0.8999999762
98661  53.308  7.334  17.282 0.8999999762
100405  51.694  8.575  15.465 0.8999999762
101139  57.274  9.310  20.782 0.8000000119
100371  55.426  8.380  19.976 0.8000000119
99488  54.760  8.087  19.620 0.8000000119
99516  54.064  7.873  16.757 0.8999999762
99525  53.560  8.047  15.561 0.8999999762
100369  55.996  8.891  19.640 0.8000000119
100370  55.924  8.666  19.756 0.8000000119
150145  55.414  8.410  19.465 0.8000000119
99496  54.960  8.118  18.245 0.8000000119
100378  55.400  8.526  19.095 0.8000000119
110829  50.484  22.698  24.363 0.2000000030
110800  56.134  22.656  26.596 0.2000000030
111449  51.718  23.629  24.322 0.2000000030
111470  47.570  24.104  24.051 0.2000000030
113657  47.260  26.273  25.925 0.2000000030
113649  47.469  26.246  26.979 0.2000000030
109316  56.521  21.535  27.987 0.2000000030
110100  55.812  21.977  27.766 0.2000000030
110113  54.464  22.217  26.465 0.2000000030
109337  53.861  21.209  26.469 0.3000000119
112161  47.679  24.687  23.427 0.2000000030
112901  46.810  25.330  24.562 0.2000000030
113666  47.846  26.925  25.436 0.2000000030
113656  48.093  26.875  26.458 0.2000000030
110087  56.303  21.371  28.346 0.2000000030
109318  55.341  21.211  28.100 0.2000000030
109319  54.342  20.730  27.413 0.3000000119
108565  56.135  20.025  29.388 0.4000000060
108571  55.994  20.351  29.355 0.4000000060
108573  54.265  19.479  28.449 0.3000000119
108583  53.858  19.810  27.597 0.3000000119
107825  53.346  18.991  27.868 0.3000000119
107801  55.269  18.877  29.973 0.4000000060
107802  54.253  18.387  29.567 0.4000000060
106356  56.379  16.369  31.378 0.4000000060
107093  55.571  17.617  31.078 0.6000000238
107094  55.109  17.808  30.878 0.5000000000
105556  57.681  14.871  30.696 0.5000000000
105557  56.772  15.463  31.469 0.5000000000
150528  55.825  16.640  31.900 0.5000000000
106345  55.243  16.278  32.640 0.5000000000
130609  58.295  14.586  29.887 0.4000000060
104782  57.235  13.992  31.280 0.6000000238
104769  56.495  14.088  32.214 0.6000000238
140916  48.887  12.947  23.880 0.6000000238
104116  48.481  13.724  23.611 0.6000000238
104087  58.027  12.949  29.465 0.4000000060
104792  57.952  13.905  30.453 0.6000000238
104026  57.505  13.148  30.895 0.6000000238
104113  50.522  13.446  24.652 0.6999999881
104849  49.972  13.942  24.234 0.6000000238
134382  48.221  13.057  23.574 0.6000000238
104088  57.790  13.354  29.181 0.4000000060
104068  58.126  12.570  29.884 0.5000000000
132646  57.722  12.308  30.434 0.6000000238
103388  50.677  12.615  24.586 0.6000000238
103389  49.761  12.948  24.337 0.6000000238
103392  49.338  12.201  23.807 0.6000000238
153549  48.386  11.568  23.075 0.6000000238
104089  56.995  13.318  28.643 0.4000000060
103348  57.950  12.268  28.916 0.5000000000
102586  57.749  11.449  29.424 0.5000000000
151183  51.171  13.122  25.054 0.6999999881
103387  51.510  12.322  24.860 0.6000000238
102625  51.097  11.877  24.245 0.6000000238
102636  49.878  11.469  23.439 0.6000000238
103361  56.168  12.950  28.049 0.4000000060
103360  57.587  12.068  28.306 0.5000000000
103359  57.730  11.332  28.528 0.5000000000
102635  50.797  11.427  23.509 0.6000000238
103366  57.005  11.986  27.659 0.6000000238
102606  58.004  11.637  26.893 0.6000000238
102613  58.693  11.047  25.450 0.6000000238
102624  52.019  11.692  24.402 0.6000000238
102633  52.791  11.424  23.548 0.6000000238
102652  52.526  11.071  22.719 0.6000000238
102653  51.480  10.981  22.771 0.6000000238
102614  58.019  11.666  25.992 0.6999999881
102651  53.707  11.210  22.627 0.6000000238
101897  53.397  10.836  21.821 0.6000000238
101915  51.787  10.343  21.231 0.6999999881
137789  58.395  11.198  23.737 0.6999999881
102630  57.574  11.318  23.115 0.6999999881
102650  55.128  11.307  22.524 0.6999999881
101896  54.751  10.928  21.689 0.6999999881
145148  53.153  10.116  20.401 0.8000000119
101152  53.234  9.728  19.835 0.8000000119
101894  57.397  10.636  21.769 0.6999999881
101895  56.221  10.896  21.593 0.6999999881
101912  55.907  10.426  20.812 0.6999999881
145045  54.370  9.571  19.433 0.8000000119
101164  53.902  9.330  18.947 0.8000000119
100389  53.028  8.736  17.388 0.8000000119
100395  52.874  8.586  16.466 0.8999999762
101149  56.642  9.621  20.347 0.8000000119
101927  55.615  9.856  20.156 0.8000000119
101163  54.987  9.187  18.899 0.8000000119
99515  54.255  8.121  17.088 0.8000000119
101150  56.106  9.220  19.835 0.8000000119
101162  55.655  9.004  19.251 0.8000000119
109349  55.866  21.379  26.028 0.2000000030
110127  56.256  22.182  25.985 0.2000000030
109350  55.198  20.371  25.905 0.2000000030
110111  56.405  21.713  26.867 0.2000000030
151369  55.253  19.994  26.330 0.2000000030
144294  56.430  21.150  28.402 0.3000000119
133084  56.278  19.807  29.285 0.4000000060
107799  56.099  19.252  29.762 0.4000000060
107794  55.904  18.630  30.170 0.4000000060
107113  56.502  17.296  28.972 0.3000000119
107098  56.200  17.975  29.956 0.3000000119
107092  55.955  17.835  30.645 0.3000000119
107795  55.631  18.315  30.432 0.4000000060
106388  56.887  16.574  29.414 0.3000000119
106370  56.481  16.802  30.487 0.4000000060
106409  57.731  16.295  28.444 0.4000000060
105565  58.158  15.378  29.678 0.5000000000
104115  49.260  13.720  23.924 0.6999999881
104856  48.963  14.454  23.413 0.6999999881
147614  58.167  15.695  28.788 0.4000000060
154180  58.220  14.495  29.736 0.4000000060
104848  50.659  14.365  24.439 0.6000000238
145629  49.604  14.429  23.760 0.5000000000
104826  58.150  15.339  28.741 0.4000000060
104106  51.675  13.947  25.343 0.5000000000
104847  51.353  14.683  24.679 0.5000000000
149592  56.609  14.265  28.360 0.4000000060
104823  57.575  14.284  28.840 0.4000000060
103380  51.936  12.879  25.407 0.6999999881
103386  52.384  12.098  25.131 0.5000000000
102607  56.609  11.969  26.767 0.5000000000
102632  54.057  11.520  23.517 0.6999999881
103367  55.338  12.718  27.318 0.5000000000
102615  56.453  11.961  25.675 0.6000000238
102622  54.419  11.824  24.493 0.6999999881
137495  57.168  11.508  23.955 0.6999999881
102631  55.793  11.568  23.511 0.6999999881
108610  54.606  19.771  25.012 0.2000000030
108603  54.959  19.433  25.950 0.2000000030
108596  56.037  20.158  27.582 0.2000000030
109317  56.457  20.743  28.324 0.2000000030
107836  55.657  18.881  27.204 0.2000000030
108581  56.142  19.538  28.063 0.2000000030
108570  56.319  19.562  28.763 0.2000000030
107824  55.956  18.398  27.843 0.3000000119
134986  56.195  17.960  28.450 0.3000000119
128981  57.030  16.836  27.976 0.3000000119
106428  58.220  16.538  26.758 0.3000000119
153102  58.171  16.549  27.109 0.3000000119
105603  58.154  15.736  26.824 0.3000000119
105592  58.201  16.151  28.171 0.3000000119
129508  51.785  15.470  24.224 0.5000000000
105638  50.565  15.398  23.443 0.5000000000
105599  57.215  15.470  27.413 0.3000000119
104827  57.403  14.964  28.190 0.3000000119
105614  52.716  15.173  25.279 0.5000000000
104846  52.051  14.993  25.031 0.5000000000
104828  55.995  14.695  27.654 0.4000000060
104834  53.521  14.574  26.379 0.5000000000
104837  53.073  14.904  25.796 0.5000000000
104835  52.859  14.080  26.215 0.5000000000
103379  52.854  12.738  25.707 0.5000000000
104829  54.933  14.181  27.529 0.5000000000
104100  53.567  13.600  26.591 0.5000000000
104101  52.955  13.385  26.152 0.5000000000
102617  53.418  12.098  25.277 0.6000000238
104099  54.446  13.471  27.177 0.5000000000
103368  54.156  12.927  26.675 0.5000000000
103378  53.825  12.544  25.981 0.5000000000
103377  55.024  12.316  26.413 0.6000000238
102621  56.064  11.849  24.641 0.6999999881
107861  55.740  17.982  24.041 0.2000000030
107852  55.227  18.355  25.168 0.2000000030
107176  56.882  17.550  23.868 0.2000000030
140630  55.432  19.586  26.670 0.2000000030
131709  57.783  17.374  23.829 0.2000000030
107168  56.504  17.581  24.733 0.2000000030
107160  56.240  17.604  25.833 0.2000000030
107134  56.491  17.428  27.502 0.3000000119
136119  58.064  17.199  23.866 0.2000000030
107166  58.047  17.164  24.685 0.2000000030
107159  57.617  17.179  25.856 0.3000000119
107135  55.890  17.890  26.876 0.3000000119
107158  58.161  16.951  25.549 0.2000000030
107146  56.952  17.250  26.637 0.3000000119
107133  57.953  16.711  27.119 0.3000000119
106438  58.273  16.568  26.060 0.3000000119
134666  58.073  15.990  25.965 0.3000000119
105637  51.260  15.567  23.622 0.5000000000
105604  57.247  15.636  26.440 0.3000000119
138531  52.654  15.491  24.655 0.5000000000
105651  51.934  16.046  22.641 0.3000000119
141232  55.969  15.316  26.864 0.3000000119
130423  55.065  15.387  26.279 0.4000000060
151402  53.689  15.215  25.902 0.5000000000
104832  54.958  14.974  26.996 0.4000000060
104833  54.143  14.368  26.974 0.5000000000
105605  54.246  15.112  26.389 0.5000000000
107860  56.239  17.834  23.120 0.2000000030
107873  56.749  17.817  22.158 0.2000000030
107174  57.880  17.374  23.125 0.2000000030
106463  58.169  16.863  22.525 0.2000000030
107173  58.095  17.178  23.158 0.2000000030
105608  57.931  16.442  24.923 0.2000000030
107157  58.181  16.881  25.301 0.3000000119
105620  57.584  16.113  24.292 0.2000000030
105633  56.918  15.765  23.695 0.2000000030
105610  57.217  15.666  25.487 0.3000000119
129068  52.592  15.805  23.803 0.5000000000
105636  51.856  15.875  23.374 0.5000000000
128832  51.685  16.080  21.941 0.3000000119
131015  56.102  15.538  25.983 0.4000000060
128840  56.203  15.593  25.028 0.3000000119
105612  54.309  15.455  25.665 0.4000000060
105623  54.431  15.639  24.711 0.5000000000
105624  53.442  15.694  24.239 0.5000000000
105635  53.445  15.794  23.158 0.3000000119
107198  57.411  17.644  21.498 0.2000000030
137133  57.802  17.392  20.954 0.2000000030
105678  57.938  16.095  20.206 0.2000000030
131802  57.078  15.935  19.702 0.2000000030
105716  56.006  15.293  17.616 0.2000000030
107189  57.602  17.512  22.353 0.2000000030
107197  57.841  17.366  21.767 0.2000000030
105679  57.692  15.903  20.457 0.2000000030
105717  55.071  15.292  17.741 0.2000000030
105718  54.066  15.405  17.905 0.2000000030
148087  53.047  15.440  18.131 0.2000000030
105645  57.950  16.336  21.896 0.2000000030
105680  56.874  15.869  20.716 0.2000000030
128828  56.216  15.978  19.713 0.2000000030
105699  54.634  15.976  18.838 0.2000000030
105719  52.552  14.649  16.966 0.2000000030
105738  51.793  14.128  16.478 0.2000000030
105646  57.578  16.161  22.268 0.2000000030
105664  57.004  15.928  21.729 0.2000000030
105700  53.610  16.025  19.017 0.2000000030
105720  51.475  14.904  17.638 0.2000000030
105632  57.527  16.175  23.300 0.2000000030
105647  56.809  15.853  22.659 0.2000000030
105634  56.005  15.605  23.272 0.2000000030
105649  54.728  15.741  22.244 0.2000000030
105666  54.255  15.900  21.485 0.2000000030
105667  53.251  16.116  21.544 0.3000000119
148290  52.355  16.270  20.209 0.3000000119
129428  50.881  16.066  19.805 0.3000000119
105621  57.062  15.700  24.601 0.2000000030
128839  56.155  15.580  24.156 0.2000000030
128838  55.218  15.578  23.898 0.2000000030
128836  55.046  15.629  23.029 0.2000000030
128834  53.850  15.816  22.281 0.3000000119
128833  52.469  16.109  22.064 0.3000000119
105668  52.231  16.230  21.177 0.3000000119
128830  50.690  16.024  20.895 0.3000000119
105622  55.422  15.583  24.636 0.2000000030
128837  54.294  15.650  23.654 0.3000000119
105735  55.512  14.718  16.671 0.2000000030
105736  54.610  14.683  16.739 0.2000000030
104927  53.960  14.518  15.921 0.2000000030
104912  52.618  13.685  15.242 0.2000000030
145118  53.379  13.964  15.845 0.2000000030
105737  53.630  14.704  16.805 0.2000000030
105681  55.735  15.969  20.651 0.2000000030
128827  55.209  16.097  19.773 0.2000000030
105739  50.933  14.207  16.750 0.2000000030
128826  54.211  16.147  19.885 0.2000000030
105701  52.050  15.504  18.440 0.2000000030
105682  54.731  16.020  20.687 0.2000000030
104897  49.115  14.309  17.052 0.2000000030
145652  56.165  15.858  21.480 0.2000000030
105648  55.769  15.724  22.310 0.2000000030
105665  55.214  15.847  21.467 0.2000000030
105683  53.785  16.114  20.749 0.2000000030
105703  50.282  15.631  19.079 0.2000000030
105740  50.016  14.319  16.975 0.2000000030
104911  55.058  14.587  16.154 0.2000000030
140993  53.447  13.829  14.912 0.2000000030
105752  55.402  14.682  15.885 0.2000000030
105754  53.785  14.578  15.327 0.2000000030
104915  49.496  13.935  15.791 0.2000000030
128825  53.244  16.215  20.012 0.2000000030
148987  52.621  16.022  19.246 0.2000000030
105702  51.139  15.622  18.760 0.2000000030
105684  52.972  16.262  20.748 0.2000000030
128824  51.709  16.128  19.483 0.2000000030
105722  49.598  15.018  18.305 0.2000000030
109309  43.124  20.939  28.057 0.2000000030
108585  43.184  19.630  27.312 0.3000000119
107810  42.020  18.528  27.867 0.3000000119
107142  43.448  17.429  27.918 0.5000000000
149812  42.850  16.805  30.411 0.4000000060
154980  44.230  17.084  30.574 0.5000000000
104052  44.772  13.692  31.476 0.5000000000
105561  45.442  16.087  31.566 0.5000000000
131135  45.335  16.990  30.081 0.5000000000
104051  45.182  13.253  31.506 0.6000000238
106395  45.592  16.982  30.825 0.5000000000
101083  45.976  9.438  27.786 0.8000000119
101861  46.360  10.620  27.746 0.8999999762
102592  46.407  12.197  28.435 0.8000000119
103338  46.059  13.043  30.347 0.6999999881
100306  46.786  8.491  27.052 0.8000000119
104093  47.282  13.114  29.104 0.6999999881
132278  46.752  13.340  30.600 0.6999999881
105560  46.716  16.171  31.968 0.5000000000
96870  45.965  4.655  26.806 0.6999999881
104779  47.427  15.534  32.470 0.5000000000
99435  46.998  7.852  26.776 0.8999999762
102600  47.399  11.487  27.695 0.8999999762
103353  47.575  12.730  28.444 0.8000000119
104778  47.861  14.681  32.642 0.5000000000
104073  48.421  13.581  29.983 0.8999999762
128159  50.303  1.230  24.924 0.6000000238
96010  46.534  3.457  24.899 0.6999999881
98601  47.497  6.464  25.784 0.8999999762
100316  48.315  8.006  26.648 0.8000000119
101080  48.682  9.267  27.187 0.8999999762
95102  46.964  2.160  23.830 0.6999999881
104072  49.293  13.801  29.900 0.8000000119
103351  49.363  12.723  28.443 0.8999999762
104764  49.094  15.241  33.260 0.5000000000
140190  48.166  1.233  22.803 0.6999999881
102598  49.347  11.157  27.656 0.8999999762
104071  50.340  13.707  29.683 0.8000000119
104048  49.684  14.073  30.921 0.6999999881
96035  47.237  3.235  22.386 0.6999999881
95125  47.325  2.793  21.782 0.6000000238
97784  48.493  5.292  22.184 0.6999999881
98611  49.299  7.123  23.898 0.8000000119
98622  49.577  6.773  22.871 0.8000000119
97783  49.220  5.722  21.771 0.6999999881
94109  52.753  1.589  23.834 0.6000000238
106375  49.228  16.365  31.917 0.6000000238
103337  51.088  13.144  29.206 0.8000000119
97800  49.519  5.576  20.991 0.6999999881
151986  50.210  7.358  22.692 0.8000000119
105542  49.948  15.999  33.821 0.6000000238
93229  53.034  0.893  19.998 0.6000000238
100319  50.595  8.689  25.476 0.8000000119
100313  51.174  9.127  26.194 0.8000000119
94183  51.255  1.195  18.039 0.6000000238
128787  52.286  1.375  17.350 0.6000000238
95174  48.627  2.252  17.092 0.5000000000
98639  50.510  6.160  20.330 0.6999999881
94233  50.660  1.832  15.466 0.5000000000
96961  48.048  4.265  17.541 0.6000000238
97835  49.730  5.842  17.414 0.6999999881
96103  47.845  3.430  14.800 0.5000000000
97842  48.764  5.320  16.324 0.6000000238
110790  48.268  21.345  28.567 0.2000000030
110088  47.369  21.192  27.488 0.2000000030
107151  47.238  17.351  26.308 0.3000000119
107149  49.125  17.404  26.420 0.3000000119
106412  49.467  16.575  28.544 0.4000000060
105541  50.849  15.934  34.057 0.6000000238
94150  56.211  1.797  20.201 0.6000000238
94166  55.546  1.510  19.855 0.5000000000
104032  52.004  14.193  32.049 0.6999999881
103336  51.846  12.733  29.425 0.8999999762
101847  52.081  10.415  28.445 0.8999999762
101856  52.418  10.050  28.071 0.8999999762
128796  53.378  1.161  18.213 0.6000000238
100318  51.615  9.144  25.187 0.8999999762
154581  56.257  1.623  17.786 0.5000000000
99473  50.687  8.010  23.066 0.8000000119
98632  50.936  7.165  21.306 0.8999999762
98638  51.119  6.694  20.504 0.8999999762
128514  51.222  6.396  19.733 0.8000000119
145226  51.201  6.297  18.278 0.8999999762
95202  52.606  2.408  13.725 0.5000000000
139077  49.635  5.857  16.543 0.6999999881
150858  49.901  2.337  14.232 0.5000000000
95205  49.117  2.510  14.428 0.5000000000
95206  48.420  2.854  14.605 0.5000000000
95217  51.423  2.701  12.721 0.5000000000
95235  49.111  3.086  12.526 0.5000000000
110774  50.456  22.335  31.752 0.2000000030
111401  51.499  23.079  32.520 0.1000000015
110775  49.941  22.318  31.069 0.2000000030
111409  50.520  23.001  31.332 0.2000000030
109353  47.439  20.579  25.221 0.3000000119
107847  49.848  18.665  25.043 0.4000000060
106390  51.264  16.816  29.566 0.5000000000
104772  53.675  14.613  33.463 0.6000000238
103317  53.259  12.933  30.244 0.8000000119
102571  54.157  11.016  29.603 0.6999999881
101844  55.059  10.357  28.630 0.6999999881
101855  53.291  10.156  28.032 0.8999999762
101094  52.937  9.697  26.834 0.8999999762
100324  52.290  9.070  24.339 0.8999999762
100325  51.511  8.920  24.354 0.8999999762
101123  53.352  9.086  24.195 0.8999999762
100361  52.464  8.294  21.953 0.8999999762
130979  51.814  7.410  20.652 0.8999999762
98646  52.098  6.601  19.045 0.8999999762
98663  51.556  6.522  16.876 0.8000000119
98674  50.472  6.330  15.810 0.8000000119
148723  48.189  5.441  13.677 0.5000000000
98684  49.413  6.264  14.524 0.6000000238
98673  51.498  6.703  15.930 0.8000000119
98700  50.515  7.831  12.117 0.6000000238
98692  50.411  7.045  13.514 0.6999999881
96110  47.878  4.126  12.996 0.5000000000
97857  48.109  5.619  12.460 0.5000000000
96121  48.983  3.647  11.054 0.5000000000
96123  48.416  4.267  11.259 0.5000000000
96998  48.215  5.041  10.196 0.5000000000
112873  46.394  24.734  26.978 0.2000000030
111435  46.550  23.637  26.095 0.3000000119
109363  49.421  20.910  24.250 0.3000000119
109361  51.464  20.074  24.856 0.3000000119
107826  52.481  18.599  27.405 0.5000000000
106389  52.041  16.879  30.214 0.5000000000
106372  53.157  16.941  30.788 0.6000000238
106338  53.275  15.715  34.318 0.6000000238
101074  54.665  9.912  27.274 0.6999999881
101853  55.634  10.088  27.886 0.6000000238
101103  54.298  9.439  25.798 0.8999999762
142372  56.024  9.346  24.861 0.6999999881
99479  54.308  8.139  20.443 0.8000000119
98645  53.018  7.160  18.296 0.8999999762
98662  52.497  6.912  17.009 0.8999999762
98672  52.564  7.199  15.985 0.8000000119
98671  53.550  7.693  16.147 0.8999999762
98691  51.345  7.319  13.835 0.6999999881
98690  52.292  7.693  13.996 0.8000000119
154192  51.984  7.925  13.136 0.8000000119
139069  47.028  24.063  24.717 0.3000000119
111452  48.313  23.570  24.202 0.2000000030
112884  46.325  24.867  26.012 0.2000000030
148632  52.161  23.463  24.718 0.2000000030
112143  47.091  24.696  24.186 0.3000000119
112893  46.653  25.538  25.466 0.2000000030
109338  53.029  20.533  25.941 0.3000000119
108584  52.974  19.338  27.025 0.3000000119
107099  54.746  18.116  30.340 0.4000000060
107095  54.309  17.434  30.845 0.6000000238
106358  54.685  16.726  32.220 0.6000000238
104017  56.013  13.662  32.539 0.6000000238
104757  54.718  15.178  33.805 0.6000000238
104028  55.823  13.170  32.060 0.6999999881
103301  55.627  12.619  31.392 0.6999999881
136488  57.912  11.538  29.012 0.5000000000
144325  57.671  10.584  28.262 0.6000000238
101852  57.375  9.946  27.639 0.6000000238
102596  58.026  11.101  27.616 0.5000000000
137183  58.633  10.437  26.005 0.6999999881
101101  56.904  9.658  25.333 0.6999999881
101100  58.211  9.993  25.005 0.6999999881
101108  57.434  9.719  24.211 0.6999999881
102619  58.841  10.992  24.448 0.6999999881
101120  57.292  9.374  22.868 0.8000000119
101121  55.716  8.800  23.075 0.8000000119
100346  54.569  8.511  21.952 0.8000000119
102648  57.914  10.978  22.511 0.6999999881
144685  57.644  9.323  21.797 0.8000000119
100345  56.014  8.567  21.300 0.8000000119
101133  56.943  8.826  21.798 0.8000000119
99498  53.735  7.467  18.487 0.8999999762
99497  54.586  7.778  18.236 0.8999999762
152237  53.826  7.942  16.133 0.8999999762
100403  53.480  8.222  15.749 0.8999999762
135733  53.232  8.093  14.782 0.8000000119
100409  53.137  8.283  14.834 0.8000000119
100386  54.945  8.360  18.245 0.8000000119
111468  49.051  23.637  23.676 0.2000000030
110794  56.424  22.184  27.294 0.2000000030
110110  56.411  22.214  26.785 0.2000000030
112908  47.389  25.315  23.659 0.2000000030
109308  55.799  20.785  28.915 0.2000000030
110112  55.326  22.408  26.999 0.2000000030
109336  54.833  21.694  27.288 0.3000000119
109307  56.291  20.750  28.947 0.4000000060
108582  54.780  20.385  28.338 0.3000000119
108572  55.252  20.012  29.063 0.2000000030
108566  55.690  19.663  29.589 0.4000000060
107807  54.736  19.226  29.298 0.3000000119
107808  53.775  18.666  28.713 0.4000000060
105566  57.192  15.790  30.565 0.5000000000
106371  55.997  17.192  31.335 0.5000000000
106369  57.384  16.013  29.819 0.5000000000
103393  48.466  12.263  23.449 0.6000000238
104117  47.696  13.622  23.341 0.6000000238
103347  58.080  12.007  29.388 0.5000000000
104854  50.212  14.777  23.902 0.6000000238
102638  47.796  11.889  23.027 0.6000000238
103391  50.212  12.082  24.061 0.6000000238
102655  49.558  10.985  22.710 0.6000000238
102634  51.746  11.362  23.560 0.6000000238
101899  51.137  10.645  21.996 0.6000000238
102623  53.076  11.714  24.466 0.6000000238
101898  52.201  10.720  21.935 0.6000000238
101914  53.028  10.450  20.990 0.8000000119
101929  52.397  10.018  20.541 0.6999999881
102649  56.740  11.247  22.403 0.6999999881
101913  54.461  10.510  20.895 0.6999999881
101928  54.171  10.011  20.157 0.8000000119
101172  54.530  8.794  18.224 0.8000000119
101173  53.213  9.070  18.356 0.8000000119
100388  54.050  8.571  17.428 0.8999999762
130818  51.840  8.690  17.499 0.8000000119
107806  56.259  18.827  29.338 0.3000000119
106387  58.044  15.935  29.008 0.5000000000
106430  58.267  16.338  27.585 0.3000000119
105625  50.948  15.122  24.097 0.5000000000
104838  52.412  14.470  25.631 0.5000000000
104105  52.372  13.538  25.831 0.5000000000
104097  55.783  13.838  28.075 0.4000000060
153808  55.205  13.449  27.623 0.4000000060
130439  55.370  18.596  26.289 0.2000000030
105598  58.142  15.975  27.640 0.3000000119
105613  53.445  15.482  25.210 0.5000000000
103369  53.399  13.009  26.240 0.5000000000
102616  54.740  12.119  25.455 0.6000000238
107167  57.527  17.370  24.457 0.2000000030
105619  57.899  16.525  23.967 0.2000000030
105609  57.788  16.025  25.186 0.3000000119
128835  52.557  15.999  22.915 0.3000000119
107196  58.120  17.094  21.229 0.2000000030
105662  58.074  16.075  21.003 0.2000000030
105696  57.097  16.005  18.810 0.2000000030
105697  56.515  15.815  18.661 0.2000000030
105698  55.621  15.808  18.727 0.2000000030
105715  56.877  15.492  17.466 0.2000000030
105721  50.568  14.978  17.985 0.2000000030
105669  51.527  16.223  20.484 0.3000000119
104916  48.624  13.847  15.777 0.2000000030
94025  55.043  2.075  31.110 0.3000000119
94004  54.280  1.927  32.199 0.3000000119
95011  54.239  2.140  32.926 0.3000000119
94976  53.668  2.771  34.494 0.3000000119
130590  62.150  -7.109  30.951 0.2000000030
86701  61.913  -7.328  33.187 0.2000000030
95024  55.132  2.254  31.990 0.3000000119
95010  55.098  2.302  32.758 0.3000000119
94994  54.041  2.370  33.709 0.3000000119
95898  54.374  3.277  35.362 0.3000000119
95899  53.130  3.402  35.161 0.3000000119
147149  61.086  -5.809  30.194 0.2000000030
95023  56.272  2.669  31.713 0.3000000119
94993  55.169  2.469  33.630 0.3000000119
94975  54.756  2.743  34.508 0.3000000119
140713  54.517  3.914  36.113 0.3000000119
95869  52.897  4.360  36.430 0.3000000119
88659  61.763  -3.687  29.723 0.2000000030
90460  62.384  -1.908  29.827 0.3000000119
92177  62.926  0.434  29.821 0.3000000119
92220  60.800  0.365  27.716 0.3000000119
95009  56.196  2.729  32.753 0.3000000119
94992  56.477  2.990  33.731 0.3000000119
95897  56.493  3.626  35.333 0.3000000119
95868  53.975  4.387  36.612 0.3000000119
96754  53.392  4.772  36.960 0.3000000119
94991  57.224  3.458  33.265 0.3000000119
95896  57.322  4.172  34.927 0.3000000119
95881  56.207  4.325  35.960 0.3000000119
96742  54.441  5.588  37.161 0.3000000119
98529  53.718  6.399  36.553 0.3000000119
95997  58.761  4.456  26.169 0.3000000119
97670  55.476  5.884  36.475 0.3000000119
97683  55.471  5.915  35.707 0.3000000119
97672  53.481  6.420  35.807 0.3000000119
96004  60.107  5.654  25.090 0.3000000119
96872  60.035  6.441  25.542 0.3000000119
97799  60.770  5.878  22.491 0.3000000119
97781  61.138  6.003  22.577 0.3000000119
96908  61.213  5.392  21.363 0.3000000119
94046  54.152  1.344  29.846 0.3000000119
94026  54.269  1.678  31.470 0.3000000119
94027  53.605  1.435  31.766 0.3000000119
141459  53.022  1.700  32.634 0.3000000119
93987  52.665  2.013  33.094 0.3000000119
94996  52.192  2.462  33.716 0.3000000119
83768  62.565  -8.607  33.298 0.2000000030
135310  54.748  1.706  29.356 0.3000000119
94995  53.104  2.358  33.745 0.3000000119
94977  52.633  2.870  34.455 0.3000000119
94978  51.652  3.046  34.452 0.3000000119
87679  60.131  -6.093  31.915 0.2000000030
86711  61.864  -7.193  32.190 0.2000000030
93159  55.420  0.776  25.783 0.3000000119
147463  55.619  1.591  26.112 0.3000000119
149169  55.344  2.183  29.708 0.3000000119
95884  52.462  4.017  35.812 0.3000000119
95870  51.833  4.347  36.402 0.3000000119
92242  56.915  -0.025  25.520 0.3000000119
93168  56.580  0.622  25.389 0.3000000119
94071  55.536  2.011  26.888 0.3000000119
95040  56.122  2.665  29.536 0.3000000119
96755  52.419  4.684  36.744 0.3000000119
97661  50.696  5.252  36.969 0.2000000030
89580  61.863  -2.535  30.217 0.3000000119
92179  62.159  0.349  31.109 0.3000000119
92211  61.897  0.455  29.564 0.3000000119
92230  59.206  -0.074  26.677 0.3000000119
93167  57.334  0.654  25.229 0.3000000119
152212  56.531  2.783  27.435 0.3000000119
95036  57.086  3.204  31.152 0.3000000119
95008  57.263  3.397  32.537 0.3000000119
98522  52.096  6.188  36.818 0.3000000119
98532  50.622  7.161  35.691 0.2000000030
92194  62.213  0.431  30.268 0.3000000119
92213  60.335  -0.228  28.331 0.3000000119
95974  58.620  4.602  28.433 0.3000000119
95948  58.229  3.943  30.965 0.3000000119
95919  57.971  4.134  32.988 0.3000000119
96762  57.154  4.678  35.315 0.3000000119
97669  56.225  5.457  36.127 0.3000000119
98540  51.813  6.802  35.531 0.4000000060
98531  51.338  7.092  35.835 0.3000000119
96859  59.382  5.599  27.867 0.3000000119
95947  59.104  4.862  30.701 0.3000000119
96804  58.767  5.262  31.818 0.3000000119
96791  57.983  5.242  33.019 0.3000000119
97684  54.242  6.019  35.286 0.3000000119
97686  52.092  6.271  34.871 0.4000000060
97697  51.531  5.817  34.182 0.4000000060
96866  59.806  6.358  26.249 0.3000000119
143751  59.409  5.430  29.270 0.3000000119
97729  59.343  5.731  30.680 0.3000000119
96805  58.469  5.470  32.180 0.3000000119
96793  55.591  5.081  32.932 0.3000000119
96779  54.398  5.105  33.374 0.3000000119
97696  52.551  5.568  34.191 0.4000000060
96781  52.015  5.004  33.437 0.4000000060
97755  59.626  6.460  26.237 0.3000000119
96807  54.967  4.822  31.877 0.3000000119
144826  54.356  4.757  32.446 0.3000000119
96794  53.456  4.582  32.556 0.3000000119
96795  52.504  4.502  32.638 0.4000000060
96873  58.645  5.852  24.937 0.4000000060
96044  59.955  4.502  21.148 0.4000000060
96886  58.951  5.279  23.374 0.4000000060
96054  60.927  4.505  19.724 0.3000000119
96924  61.188  4.835  20.440 0.3000000119
96086  60.431  3.516  17.465 0.5000000000
96078  60.527  3.727  18.288 0.4000000060
95144  59.127  2.991  18.615 0.5000000000
95161  59.822  3.401  17.050 0.5000000000
95152  59.382  3.116  17.605 0.5000000000
93109  52.301  0.720  30.984 0.3000000119
94028  52.096  1.168  31.737 0.3000000119
94007  51.467  1.578  32.389 0.3000000119
135174  61.490  -7.251  33.623 0.2000000030
85688  61.536  -7.554  33.699 0.2000000030
93145  53.509  0.559  28.437 0.3000000119
93134  53.483  0.723  29.520 0.3000000119
93120  53.169  0.697  30.296 0.3000000119
94006  52.354  1.636  32.482 0.3000000119
93988  51.810  2.065  33.016 0.3000000119
94997  51.236  2.535  33.707 0.3000000119
94979  50.640  3.146  34.601 0.3000000119
86712  61.186  -6.762  32.835 0.2000000030
86681  62.476  -7.839  33.162 0.2000000030
92244  55.352  -0.065  25.701 0.3000000119
93160  54.673  0.273  26.071 0.3000000119
93133  54.107  1.166  28.944 0.3000000119
95902  50.056  3.588  35.809 0.3000000119
92223  57.927  -0.866  26.921 0.3000000119
93153  54.293  0.804  26.885 0.3000000119
94054  54.744  1.645  28.419 0.3000000119
141831  50.664  4.393  36.734 0.2000000030
95872  49.923  3.914  36.861 0.2000000030
89573  60.719  -2.439  31.661 0.3000000119
88660  60.810  -3.387  30.529 0.3000000119
92232  57.404  -0.512  26.125 0.3000000119
96757  49.455  4.171  37.000 0.2000000030
96764  48.762  4.549  36.647 0.2000000030
89581  61.399  -2.202  30.972 0.3000000119
91291  62.155  -0.337  31.693 0.3000000119
140214  60.955  -0.165  29.305 0.3000000119
92214  59.329  -0.746  28.030 0.3000000119
97673  49.751  6.134  36.191 0.2000000030
90449  61.957  -1.354  31.036 0.3000000119
99383  48.999  7.531  34.032 0.2000000030
97706  49.458  6.393  33.306 0.4000000060
97699  49.927  6.651  33.824 0.4000000060
97707  48.906  6.079  32.751 0.4000000060
97739  59.271  5.810  28.769 0.3000000119
96839  57.517  5.893  29.785 0.3000000119
143461  57.491  5.659  31.428 0.3000000119
134736  55.688  4.928  31.128 0.3000000119
96782  50.996  5.319  33.472 0.4000000060
96812  49.463  4.361  32.070 0.4000000060
97749  59.457  6.142  27.705 0.3000000119
97750  58.552  6.150  28.284 0.4000000060
96830  56.297  5.247  30.222 0.3000000119
95950  53.263  3.762  30.222 0.4000000060
95931  52.276  4.003  31.339 0.4000000060
96811  50.770  4.108  32.002 0.4000000060
95954  49.549  3.478  30.669 0.4000000060
97762  58.112  5.871  26.198 0.4000000060
96868  56.941  5.347  26.817 0.4000000060
96841  55.088  4.478  28.635 0.4000000060
95962  53.445  3.584  29.383 0.4000000060
136302  51.968  3.227  29.942 0.4000000060
95964  51.464  3.022  29.761 0.4000000060
95966  49.913  2.985  30.021 0.4000000060
95967  48.710  3.093  29.309 0.5000000000
96068  59.399  3.408  19.623 0.4000000060
96067  60.440  3.983  19.134 0.3000000119
96055  60.175  4.106  20.153 0.4000000060
96897  58.939  4.656  22.509 0.4000000060
133453  57.389  4.922  24.874 0.4000000060
96869  55.751  4.466  26.540 0.4000000060
96862  55.026  4.090  27.030 0.4000000060
95977  53.624  3.513  28.619 0.4000000060
95978  52.868  3.106  28.838 0.4000000060
95050  51.957  2.688  28.493 0.4000000060
95052  49.834  2.515  28.699 0.4000000060
95043  49.437  2.838  29.338 0.5000000000
96033  57.878  3.930  22.776 0.4000000060
96025  56.885  3.973  23.775 0.4000000060
95145  58.039  2.403  18.918 0.5000000000
86684  59.479  -6.768  34.205 0.2000000030
142842  59.065  -7.323  33.696 0.1000000015
92197  51.997  -0.117  29.755 0.3000000119
93122  51.751  0.295  30.482 0.3000000119
93123  50.914  0.263  30.625 0.3000000119
87654  59.553  -5.429  34.080 0.2000000030
86665  60.223  -6.511  34.094 0.2000000030
85677  60.338  -6.825  34.235 0.2000000030
84767  60.249  -8.066  33.607 0.1000000015
90500  54.737  -2.013  26.493 0.3000000119
92236  53.660  -0.443  26.595 0.3000000119
92215  52.995  -0.081  27.919 0.3000000119
147588  52.393  -0.191  29.168 0.3000000119
93110  51.456  0.724  31.123 0.3000000119
94029  51.053  1.175  31.747 0.3000000119
141944  50.138  2.000  32.858 0.3000000119
93990  49.421  2.135  33.155 0.3000000119
87653  60.308  -6.465  34.011 0.2000000030
84766  61.242  -8.102  33.802 0.1000000015
91343  54.516  -1.086  26.141 0.3000000119
93154  53.597  0.296  27.281 0.3000000119
93146  52.935  0.126  28.887 0.3000000119
93135  52.782  0.250  29.695 0.3000000119
94998  50.157  2.556  33.685 0.3000000119
94999  49.115  2.695  34.051 0.3000000119
87680  59.572  -5.030  31.621 0.3000000119
87666  59.447  -5.115  32.896 0.3000000119
91342  57.042  -1.137  26.637 0.3000000119
136501  56.167  -1.248  26.399 0.3000000119
93161  54.051  0.106  26.517 0.3000000119
93144  54.069  1.101  27.885 0.3000000119
94967  49.130  3.245  36.112 0.2000000030
88652  59.856  -3.770  31.362 0.3000000119
133660  60.194  -5.633  30.750 0.3000000119
92234  55.737  -0.670  25.909 0.3000000119
95873  49.017  3.428  36.912 0.2000000030
96758  48.451  3.542  36.992 0.2000000030
87698  60.030  -4.538  30.693 0.3000000119
97674  48.899  5.939  35.641 0.2000000030
138067  48.322  4.976  35.894 0.2000000030
96765  47.876  4.039  36.669 0.2000000030
92195  61.572  0.141  30.527 0.3000000119
99373  48.710  7.545  34.246 0.3000000119
142263  48.154  6.768  34.791 0.3000000119
98560  48.332  7.470  32.939 0.4000000060
135982  48.491  6.817  32.692 0.4000000060
96815  47.048  5.489  31.347 0.6000000238
96814  47.780  5.162  31.790 0.5000000000
149040  47.862  3.899  30.638 0.5000000000
95980  48.026  3.163  28.880 0.5000000000
95053  48.830  2.727  28.561 0.6000000238
95981  47.330  3.191  28.444 0.6000000238
96056  59.228  3.669  20.661 0.4000000060
96046  58.207  3.507  21.951 0.5000000000
96015  56.603  4.202  24.471 0.4000000060
96016  55.643  3.725  24.811 0.4000000060
96009  53.911  3.171  26.273 0.4000000060
95070  53.325  2.864  26.655 0.4000000060
140757  52.089  2.500  27.676 0.4000000060
94074  50.660  1.816  26.728 0.4000000060
94064  49.062  1.892  27.061 0.5000000000
95073  47.882  2.037  26.668 0.6000000238
95993  47.006  2.957  27.703 0.6000000238
153186  58.623  3.111  20.319 0.4000000060
95107  57.446  3.080  22.112 0.4000000060
95101  56.370  3.189  23.182 0.4000000060
96026  55.803  3.333  23.921 0.4000000060
151574  54.224  2.693  24.556 0.4000000060
135813  53.385  2.463  25.056 0.4000000060
94086  52.579  2.258  25.540 0.4000000060
94073  51.290  1.878  26.155 0.4000000060
94088  50.457  1.563  25.880 0.5000000000
94076  48.828  1.613  26.167 0.6000000238
95143  59.927  3.560  18.683 0.4000000060
95108  56.921  3.090  22.606 0.4000000060
95132  58.428  2.743  19.667 0.4000000060
95133  57.534  2.292  19.802 0.5000000000
88600  59.221  -4.244  36.080 0.2000000030
87624  58.930  -4.981  35.647 0.2000000030
87641  58.333  -5.542  35.054 0.2000000030
141476  59.390  -5.446  34.756 0.2000000030
86666  59.635  -6.126  34.356 0.2000000030
86667  58.692  -6.242  34.458 0.2000000030
90488  55.402  -2.668  27.082 0.3000000119
91344  53.821  -1.743  26.438 0.3000000119
91345  53.126  -1.959  26.709 0.3000000119
91335  52.477  -1.805  27.162 0.3000000119
92217  51.787  -0.761  28.919 0.3000000119
92198  51.375  -0.598  29.503 0.3000000119
92182  51.216  -0.217  30.057 0.3000000119
93111  50.555  0.751  31.192 0.3000000119
147241  59.506  -4.368  34.624 0.3000000119
87639  59.649  -5.886  34.324 0.2000000030
90475  56.675  -2.742  28.062 0.3000000119
90487  56.257  -2.439  27.344 0.3000000119
91334  53.240  -1.198  26.724 0.3000000119
93124  50.049  0.301  30.696 0.3000000119
94009  49.634  1.575  32.382 0.3000000119
88625  59.372  -4.212  33.557 0.3000000119
90474  57.491  -2.283  28.301 0.3000000119
90499  55.751  -1.913  26.722 0.3000000119
95000  48.262  2.506  34.415 0.3000000119
143199  47.963  1.964  33.531 0.3000000119
88640  59.412  -4.064  32.366 0.3000000119
90473  58.228  -2.026  28.842 0.3000000119
91332  57.535  -1.591  27.490 0.3000000119
94982  47.897  2.543  35.711 0.2000000030
93974  47.183  1.949  36.321 0.3000000119
91300  59.441  -1.279  29.531 0.3000000119
91319  58.882  -1.393  28.637 0.3000000119
95874  47.471  2.991  37.201 0.2000000030
94969  47.667  2.396  36.940 0.2000000030
90442  61.411  -1.221  32.566 0.3000000119
92180  61.655  0.276  31.754 0.3000000119
92196  60.384  -0.573  29.961 0.3000000119
91318  59.858  -0.782  28.939 0.3000000119
96771  47.759  4.899  35.456 0.2000000030
96766  47.253  4.038  35.766 0.2000000030
94961  46.861  2.306  37.311 0.2000000030
99394  48.066  7.758  33.267 0.5000000000
98545  47.411  7.062  34.315 0.3000000119
98569  47.323  7.515  32.139 0.6000000238
96834  46.605  4.798  30.683 0.6000000238
96833  47.384  4.479  31.061 0.6000000238
96851  45.843  4.336  29.254 0.6000000238
95969  46.404  3.883  29.294 0.6000000238
139895  46.573  3.558  28.396 0.6000000238
95067  46.531  2.986  26.615 0.6000000238
88601  58.618  -4.399  36.269 0.2000000030
88599  59.457  -4.047  35.772 0.2000000030
87625  57.985  -5.002  35.642 0.2000000030
136744  59.646  -3.792  35.298 0.3000000119
88613  59.457  -4.914  35.019 0.2000000030
89601  57.010  -2.909  28.860 0.3000000119
89613  55.920  -3.156  27.768 0.3000000119
89624  54.512  -2.833  26.992 0.3000000119
90502  53.398  -2.435  26.751 0.3000000119
91336  51.636  -2.066  27.672 0.3000000119
133986  50.707  -0.694  29.613 0.3000000119
92183  50.398  -0.218  30.156 0.3000000119
92184  49.543  -0.200  30.203 0.3000000119
90451  58.479  -2.188  30.449 0.3000000119
90462  57.701  -2.546  29.168 0.3000000119
94031  49.448  1.168  31.785 0.3000000119
93113  48.798  0.861  31.488 0.3000000119
90461  58.330  -2.194  29.600 0.3000000119
144557  48.964  1.334  32.110 0.3000000119
153475  48.082  1.622  32.805 0.3000000119
94011  47.402  1.503  32.866 0.3000000119
89574  59.903  -3.136  32.202 0.3000000119
89563  59.674  -3.137  33.154 0.3000000119
91301  59.004  -1.717  30.034 0.3000000119
93992  47.489  2.194  34.780 0.2000000030
93993  46.347  1.350  34.516 0.2000000030
93976  45.867  0.974  35.616 0.2000000030
89562  60.586  -2.147  32.855 0.3000000119
92172  61.104  0.176  32.239 0.3000000119
91292  59.850  -1.069  30.514 0.3000000119
93956  47.076  2.036  37.244 0.2000000030
93958  45.566  1.783  37.330 0.2000000030
93066  45.214  0.819  36.426 0.2000000030
91282  61.717  -0.156  32.481 0.3000000119
92171  61.596  0.177  32.467 0.3000000119
97700  46.235  6.409  33.749 0.3000000119
96784  46.431  5.285  34.077 0.2000000030
95889  46.561  3.305  36.412 0.2000000030
153562  45.171  2.523  36.463 0.2000000030
94963  44.656  1.542  37.257 0.2000000030
93058  44.969  1.235  37.245 0.2000000030
90441  61.818  -0.694  32.168 0.3000000119
92170  61.794  0.086  32.290 0.3000000119
97718  46.756  6.816  31.461 0.5000000000
99396  46.749  7.880  32.665 0.4000000060
98554  46.012  7.219  33.496 0.3000000119
132147  61.903  0.280  32.014 0.3000000119
97731  45.582  6.053  29.909 0.5000000000
97736  45.372  5.715  29.038 0.6000000238
96852  45.583  4.749  28.651 0.6000000238
95983  45.946  4.088  28.024 0.6000000238
96863  45.974  4.141  27.309 0.6000000238
95994  46.376  3.461  27.406 0.6000000238
88589  55.963  -4.336  37.163 0.2000000030
88602  57.582  -4.561  36.336 0.2000000030
87612  56.450  -4.796  36.371 0.2000000030
88586  59.057  -3.750  36.686 0.2000000030
142680  60.009  -2.846  35.279 0.3000000119
89589  57.271  -2.982  29.556 0.3000000119
132149  56.606  -3.503  29.539 0.3000000119
89603  55.424  -3.761  28.440 0.3000000119
89625  53.735  -2.987  26.977 0.3000000119
89626  53.020  -3.055  27.024 0.3000000119
90489  52.070  -2.647  27.360 0.3000000119
91337  50.834  -2.241  28.014 0.3000000119
91323  50.524  -1.708  28.605 0.3000000119
92199  49.898  -0.708  29.671 0.3000000119
89552  59.747  -3.217  34.368 0.3000000119
90452  57.816  -2.672  29.969 0.3000000119
137665  57.891  -2.721  30.879 0.3000000119
92185  48.665  -0.226  30.247 0.3000000119
93114  47.836  0.701  31.521 0.3000000119
93126  48.276  0.270  30.870 0.3000000119
139088  58.604  -2.050  31.340 0.3000000119
94032  48.176  1.287  32.201 0.3000000119
93098  47.384  1.043  32.098 0.3000000119
93127  47.378  0.161  30.928 0.3000000119
91293  59.248  -1.510  31.002 0.3000000119
93099  46.562  1.021  32.479 0.2000000030
93100  45.684  0.619  32.653 0.2000000030
93101  44.948  0.309  32.994 0.2000000030
90431  61.198  -1.004  33.528 0.3000000119
91284  60.168  -0.603  31.650 0.3000000119
93076  45.284  0.615  35.240 0.2000000030
93077  44.654  0.392  35.586 0.2000000030
93068  43.637  0.505  36.907 0.2000000030
93060  43.063  0.531  36.868 0.2000000030
91283  61.421  -0.394  32.941 0.3000000119
91273  61.330  -0.022  32.883 0.3000000119
96786  45.254  5.347  33.207 0.3000000119
95904  45.578  3.518  34.351 0.2000000030
153124  44.434  2.546  34.832 0.2000000030
93967  43.402  1.535  36.775 0.2000000030
93968  42.620  1.381  36.263 0.2000000030
93961  42.126  0.942  36.475 0.2000000030
99430  45.478  7.503  28.675 0.6000000238
99419  45.607  7.758  30.625 0.5000000000
99387  46.004  7.630  33.030 0.4000000060
97701  45.513  6.427  33.391 0.3000000119
96798  44.495  5.004  32.798 0.3000000119
95002  43.982  2.598  34.064 0.2000000030
94985  43.078  2.033  34.318 0.2000000030
93978  42.373  1.606  35.196 0.2000000030
93970  41.125  1.027  35.474 0.2000000030
98585  45.397  6.458  28.491 0.6000000238
95920  44.215  4.137  32.764 0.3000000119
95921  43.512  3.612  32.522 0.2000000030
95013  42.481  2.236  33.070 0.2000000030
95014  41.649  2.248  32.537 0.2000000030
88588  57.050  -4.082  37.064 0.2000000030
88590  54.985  -4.454  37.306 0.2000000030
88587  58.287  -3.782  37.106 0.2000000030
89528  59.577  -3.243  36.538 0.2000000030
90415  60.337  -1.979  35.664 0.3000000119
133821  60.091  -2.109  36.394 0.2000000030
89540  59.912  -3.062  35.937 0.2000000030
89564  57.098  -3.362  31.898 0.3000000119
89575  57.192  -3.316  31.095 0.3000000119
88675  55.861  -4.031  29.847 0.3000000119
153538  55.378  -4.368  29.948 0.3000000119
134024  54.516  -4.770  29.204 0.3000000119
90398  60.326  -1.020  35.854 0.2000000030
90425  58.880  -1.343  34.245 0.3000000119
90434  57.661  -2.727  32.645 0.3000000119
89590  55.907  -3.828  29.165 0.3000000119
88687  55.274  -4.298  29.343 0.3000000119
89604  54.590  -3.983  28.050 0.3000000119
88699  53.801  -4.210  27.838 0.3000000119
88700  52.967  -4.285  27.762 0.3000000119
89617  51.764  -3.474  27.517 0.3000000119
90490  51.226  -2.833  27.614 0.3000000119
90476  50.062  -2.353  28.353 0.3000000119
92200  49.049  -0.743  29.693 0.3000000119
91325  49.127  -1.760  28.893 0.3000000119
90424  60.468  -1.997  34.852 0.3000000119
90423  60.655  -0.990  35.087 0.3000000119
91269  59.544  -0.773  33.821 0.3000000119
90443  58.465  -2.069  32.181 0.3000000119
140533  57.745  -2.827  31.685 0.3000000119
92201  48.170  -0.801  29.730 0.3000000119
90432  60.507  -2.050  33.917 0.3000000119
91267  60.820  -0.335  34.677 0.3000000119
91274  60.179  -0.317  33.364 0.3000000119
91285  59.480  -1.100  32.166 0.3000000119
92202  47.286  -0.819  29.750 0.3000000119
138080  46.078  -0.438  30.415 0.2000000030
91307  46.828  -1.409  29.305 0.3000000119
92154  61.014  -0.236  33.816 0.3000000119
92162  61.010  0.064  33.641 0.3000000119
92173  45.654  -0.165  31.124 0.2000000030
92174  44.709  -0.449  31.212 0.2000000030
92163  44.378  -0.109  32.306 0.2000000030
92175  43.849  -0.721  31.718 0.2000000030
92165  42.921  -0.892  33.169 0.2000000030
139725  60.646  -0.088  32.754 0.3000000119
92155  44.177  0.048  33.455 0.2000000030
92141  44.036  0.088  34.684 0.2000000030
92128  42.719  -0.479  36.070 0.2000000030
92143  42.599  -0.878  35.182 0.2000000030
142999  41.020  0.058  36.387 0.2000000030
93062  41.578  0.461  36.428 0.2000000030
93069  40.817  0.468  36.003 0.2000000030
93070  39.945  0.201  35.640 0.2000000030
100298  45.621  8.249  28.233 0.6999999881
99427  45.477  7.853  29.702 0.5000000000
99388  45.225  7.505  32.685 0.4000000060
97702  44.681  6.231  33.007 0.4000000060
93994  42.105  1.711  34.077 0.2000000030
93995  41.289  1.597  33.927 0.2000000030
93091  40.030  0.768  34.079 0.2000000030
138233  45.711  8.978  28.096 0.6999999881
100295  45.441  8.361  29.077 0.6000000238
99420  44.574  8.235  30.357 0.5000000000
99398  44.348  7.389  32.217 0.4000000060
145008  43.987  6.492  32.802 0.3000000119
96799  43.734  4.659  32.453 0.3000000119
95935  41.837  3.595  31.719 0.3000000119
95026  41.346  2.825  31.889 0.4000000060
94014  41.105  1.799  33.012 0.2000000030
99421  43.763  7.968  30.978 0.5000000000
99399  43.309  7.209  32.250 0.4000000060
98564  42.904  6.774  32.485 0.3000000119
143226  42.536  6.153  32.387 0.3000000119
88573  55.462  -3.620  38.035 0.2000000030
88574  54.510  -3.565  38.240 0.2000000030
89520  58.323  -3.008  37.757 0.2000000030
88571  57.472  -3.303  37.780 0.2000000030
152618  47.829  -5.178  35.616 0.1000000015
87632  47.554  -5.351  35.110 0.1000000015
89519  59.119  -2.996  37.339 0.2000000030
88618  50.055  -4.245  34.924 0.1000000015
88619  49.150  -4.448  35.105 0.1000000015
87645  48.700  -4.922  34.369 0.1000000015
87646  47.920  -5.263  34.369 0.1000000015
87647  47.011  -5.589  34.357 0.1000000015
86690  46.175  -5.959  34.052 0.1000000015
86676  44.698  -6.694  34.333 0.1000000015
85697  43.811  -7.126  33.868 0.1000000015
143900  43.106  -7.561  33.836 0.1000000015
84771  41.889  -7.992  33.963 0.1000000015
135470  39.972  -8.241  33.434 0.2000000030
88631  50.785  -4.535  34.305 0.1000000015
88632  49.975  -4.803  33.952 0.1000000015
133041  49.164  -5.132  33.624 0.1000000015
87656  48.383  -5.289  33.644 0.1000000015
87657  47.585  -5.468  33.542 0.1000000015
87658  46.738  -5.662  33.422 0.1000000015
86691  45.360  -6.286  33.783 0.1000000015
86692  44.523  -6.589  33.411 0.1000000015
86693  43.771  -6.874  32.972 0.1000000015
85700  41.644  -7.836  33.131 0.1000000015
133249  40.245  -7.627  32.919 0.1000000015
132713  39.015  -7.076  32.983 0.2000000030
90426  57.917  -2.328  33.715 0.3000000119
89553  56.779  -3.366  32.670 0.3000000119
89576  56.612  -3.634  31.357 0.3000000119
88662  55.497  -4.246  30.534 0.3000000119
129333  49.891  -5.342  33.142 0.1000000015
130217  48.239  -5.600  32.819 0.1000000015
132022  47.012  -5.644  31.893 0.1000000015
87673  45.735  -5.734  32.406 0.1000000015
86713  43.961  -6.049  31.922 0.1000000015
86705  43.052  -6.907  32.566 0.1000000015
86706  42.284  -6.748  32.320 0.1000000015
137489  40.651  -6.894  32.554 0.1000000015
86695  38.413  -6.697  33.292 0.2000000030
90378  59.958  -1.232  36.579 0.2000000030
135136  59.979  -0.332  35.508 0.3000000119
150167  57.138  -2.929  33.325 0.3000000119
89565  56.336  -3.699  31.994 0.3000000119
88654  55.185  -4.263  31.365 0.3000000119
88676  54.854  -4.710  30.023 0.3000000119
87716  54.041  -5.161  29.756 0.3000000119
88688  53.378  -4.814  28.312 0.3000000119
88689  52.513  -4.867  28.248 0.3000000119
89618  50.792  -3.566  27.742 0.3000000119
154087  49.054  -6.152  31.504 0.1000000015
87687  47.491  -5.865  30.963 0.1000000015
87688  46.542  -5.562  31.255 0.1000000015
134014  45.896  -5.338  30.833 0.1000000015
87690  44.337  -5.539  31.392 0.1000000015
87693  42.039  -5.268  31.825 0.1000000015
87675  41.461  -5.528  32.132 0.1000000015
86708  39.868  -6.117  32.661 0.1000000015
87660  39.229  -5.469  33.003 0.1000000015
89605  49.941  -3.565  28.089 0.3000000119
90492  49.691  -2.936  28.196 0.3000000119
145197  48.627  -2.065  28.761 0.3000000119
87706  46.744  -5.521  30.336 0.1000000015
88664  45.230  -4.721  29.898 0.1000000015
88665  44.516  -4.727  30.300 0.1000000015
144120  41.713  -3.984  31.737 0.1000000015
88647  41.567  -4.712  31.950 0.1000000015
89560  39.828  -3.810  33.729 0.1000000015
88620  39.186  -4.128  34.021 0.1000000015
89550  37.104  -3.853  34.935 0.1000000015
91326  47.945  -2.020  28.822 0.3000000119
91327  47.235  -1.889  28.901 0.3000000119
145201  46.563  -2.107  28.975 0.2000000030
144170  46.487  -2.781  28.808 0.2000000030
150351  45.759  -3.876  29.164 0.1000000015
89593  43.850  -3.470  29.902 0.1000000015
132265  42.233  -2.825  31.359 0.1000000015
89567  41.363  -3.331  32.194 0.1000000015
89547  40.193  -3.061  34.220 0.1000000015
142776  38.572  -3.129  35.127 0.1000000015
89534  38.108  -2.942  35.360 0.1000000015
89535  37.450  -3.060  35.384 0.2000000030
91294  45.167  -1.244  29.987 0.2000000030
90464  44.216  -2.218  29.777 0.2000000030
91287  43.379  -1.420  31.269 0.2000000030
90435  42.160  -1.913  32.007 0.2000000030
90428  41.166  -2.290  33.909 0.2000000030
90419  40.678  -2.245  34.714 0.1000000015
90388  38.892  -1.650  35.894 0.1000000015
91244  37.311  -1.218  35.844 0.2000000030
90391  36.636  -1.703  35.942 0.2000000030
91264  41.475  -1.727  34.718 0.2000000030
92121  40.096  -0.699  36.251 0.2000000030
92130  39.355  -0.632  36.051 0.1000000015
149362  37.661  -0.554  35.252 0.1000000015
92146  37.067  -0.538  34.864 0.2000000030
93080  38.828  0.176  34.711 0.1000000015
139162  37.895  0.157  33.377 0.2000000030
93093  36.370  0.225  33.550 0.2000000030
94015  40.379  1.678  32.646 0.2000000030
94033  39.866  2.134  32.071 0.3000000119
93102  39.284  0.711  33.285 0.3000000119
144329  38.465  0.510  33.036 0.3000000119
97711  42.059  5.428  31.981 0.3000000119
96817  41.359  4.566  31.626 0.4000000060
95027  40.436  2.757  31.804 0.3000000119
94034  38.929  1.984  31.924 0.4000000060
100296  45.041  8.936  29.392 0.6000000238
100284  44.422  8.664  29.894 0.5000000000
138142  43.745  8.412  30.378 0.4000000060
99407  42.877  7.732  31.767 0.3000000119
99400  42.431  7.210  32.357 0.3000000119
98570  41.766  6.286  32.273 0.3000000119
78610  41.495  -14.067  42.814 0.1000000015
79666  39.793  -13.818  41.785 0.1000000015
79680  39.468  -13.543  40.941 0.1000000015
79652  41.707  -13.778  42.084 0.1000000015
79679  40.425  -13.613  41.186 0.1000000015
146750  38.283  -12.845  40.135 0.1000000015
80744  37.131  -12.227  39.815 0.1000000015
80759  41.552  -12.382  39.555 0.1000000015
79694  40.896  -12.807  40.008 0.1000000015
130280  39.530  -12.750  39.341 0.1000000015
80763  37.970  -12.531  39.469 0.1000000015
81783  36.717  -11.634  39.325 0.1000000015
82735  36.308  -10.963  38.898 0.1000000015
81780  43.910  -11.225  40.141 0.1000000015
81781  43.083  -11.606  39.842 0.1000000015
80760  40.769  -12.524  39.272 0.1000000015
80783  40.492  -12.340  38.764 0.1000000015
80785  38.839  -12.470  38.823 0.1000000015
81799  37.556  -11.768  38.103 0.1000000015
81800  36.804  -11.531  38.458 0.1000000015
82716  44.145  -10.563  39.779 0.1000000015
81795  42.138  -11.343  38.614 0.1000000015
81796  40.361  -12.011  38.236 0.1000000015
81797  39.445  -11.988  38.042 0.1000000015
81809  37.533  -11.451  37.378 0.1000000015
82748  36.332  -10.921  38.003 0.1000000015
87607  50.820  -5.570  37.675 0.2000000030
84707  44.770  -8.978  39.060 0.1000000015
82732  43.150  -10.250  38.595 0.1000000015
82734  41.687  -11.110  38.040 0.2000000030
82747  40.342  -11.107  37.221 0.2000000030
81816  38.790  -11.301  37.057 0.2000000030
81817  37.955  -11.263  36.854 0.1000000015
82760  36.414  -10.849  37.100 0.1000000015
90370  50.390  -1.704  39.385 0.2000000030
89489  49.703  -2.002  39.488 0.2000000030
84721  43.667  -8.777  38.095 0.1000000015
83731  43.061  -9.195  37.671 0.1000000015
83732  42.327  -9.530  37.362 0.2000000030
82757  40.605  -10.271  36.651 0.2000000030
81815  39.559  -10.826  36.678 0.2000000030
82758  38.578  -10.828  36.457 0.1000000015
81818  37.148  -11.142  36.855 0.1000000015
133058  56.758  -2.802  38.299 0.2000000030
88572  56.445  -3.535  37.819 0.2000000030
88575  53.576  -3.413  38.422 0.2000000030
89509  50.500  -2.012  38.321 0.2000000030
89510  49.784  -2.375  38.481 0.2000000030
88579  49.193  -3.336  37.717 0.2000000030
84733  43.984  -8.004  37.780 0.1000000015
85659  43.595  -7.673  37.101 0.1000000015
83739  41.934  -9.096  36.735 0.2000000030
83740  41.188  -9.427  36.364 0.2000000030
83750  39.146  -9.938  35.683 0.2000000030
82768  37.730  -10.119  35.507 0.2000000030
82770  36.233  -9.951  35.677 0.2000000030
90386  51.399  -1.949  37.727 0.2000000030
89522  50.760  -2.442  37.332 0.2000000030
89523  49.932  -2.981  37.208 0.2000000030
88594  48.574  -4.169  37.058 0.2000000030
87619  47.302  -5.230  36.592 0.1000000015
87633  46.660  -5.739  36.206 0.1000000015
147295  44.794  -6.530  36.011 0.1000000015
85672  44.116  -6.886  35.859 0.1000000015
85665  43.387  -7.566  36.369 0.1000000015
84748  42.165  -8.230  35.633 0.2000000030
83748  41.000  -9.111  35.631 0.2000000030
83762  38.415  -9.326  34.755 0.2000000030
83763  37.631  -9.196  34.613 0.2000000030
89521  51.247  -2.924  36.294 0.2000000030
88603  50.483  -3.620  35.717 0.2000000030
88604  49.763  -3.867  36.001 0.1000000015
88605  48.865  -4.403  36.048 0.1000000015
86659  46.168  -6.069  35.486 0.1000000015
86675  45.598  -6.322  34.768 0.1000000015
85681  44.036  -7.058  34.889 0.1000000015
84756  42.043  -8.116  34.784 0.2000000030
84757  41.387  -8.500  34.363 0.2000000030
134806  39.077  -9.052  34.262 0.2000000030
84759  38.260  -8.766  34.198 0.2000000030
89546  51.817  -3.527  35.217 0.2000000030
88617  50.995  -3.901  35.169 0.2000000030
132121  38.592  -7.559  33.358 0.2000000030
84775  37.195  -7.960  33.935 0.2000000030
142703  59.655  -2.191  37.001 0.2000000030
91235  59.484  -0.927  36.570 0.2000000030
91251  58.794  -0.895  36.731 0.2000000030
140445  57.436  -1.995  35.507 0.2000000030
89541  55.993  -3.203  34.244 0.2000000030
89555  55.572  -3.598  33.519 0.2000000030
88626  55.058  -4.029  32.831 0.2000000030
130097  49.115  -5.605  32.753 0.1000000015
139906  37.729  -6.291  33.607 0.2000000030
86696  37.137  -6.659  33.981 0.2000000030
91250  59.523  -0.635  36.036 0.3000000119
90399  58.563  -1.111  35.917 0.3000000119
90427  57.025  -2.655  34.272 0.3000000119
89554  56.402  -3.309  33.462 0.3000000119
89566  55.962  -3.724  32.756 0.3000000119
88642  54.902  -4.240  32.032 0.3000000119
87733  52.915  -5.303  28.848 0.3000000119
88690  51.642  -4.844  28.281 0.3000000119
88702  51.216  -4.226  27.863 0.3000000119
87702  50.267  -6.261  30.835 0.1000000015
87648  37.017  -5.415  34.313 0.2000000030
87649  36.244  -5.457  34.538 0.2000000030
87717  53.233  -5.395  29.579 0.3000000119
137457  50.805  -4.850  28.380 0.3000000119
88692  49.483  -4.272  28.365 0.3000000119
146969  49.004  -3.422  28.369 0.3000000119
86731  49.211  -6.144  29.837 0.1000000015
87704  48.346  -6.062  30.213 0.1000000015
87686  48.433  -6.110  31.196 0.1000000015
152045  35.540  -2.549  35.809 0.2000000030
88622  36.678  -4.674  34.657 0.2000000030
87735  51.186  -5.436  28.759 0.3000000119
87736  49.990  -4.899  28.593 0.3000000119
88693  47.820  -4.457  28.691 0.2000000030
88677  47.364  -4.949  29.101 0.1000000015
87705  47.538  -5.750  30.143 0.1000000015
90392  35.803  -1.958  35.883 0.2000000030
92132  36.324  -0.868  35.252 0.2000000030
92133  35.436  -1.156  35.375 0.2000000030
92134  34.663  -0.888  35.008 0.2000000030
92159  35.756  0.006  34.023 0.2000000030
92160  35.033  0.023  33.951 0.2000000030
93103  37.742  0.836  32.640 0.3000000119
93105  36.076  0.925  32.959 0.2000000030
94036  37.484  2.250  31.902 0.3000000119
95016  36.722  2.211  32.112 0.3000000119
95017  35.507  2.383  32.433 0.3000000119
151328  41.117  6.457  32.147 0.3000000119
96818  40.498  5.023  31.604 0.4000000060
142387  39.490  4.228  31.567 0.3000000119
95029  38.660  2.852  31.630 0.4000000060
140236  37.000  2.896  31.740 0.3000000119
96822  36.938  4.465  31.681 0.3000000119
101069  45.544  9.633  28.368 0.6999999881
101064  44.933  9.721  29.065 0.6000000238
101065  44.278  9.292  29.610 0.5000000000
100273  43.012  8.266  30.953 0.4000000060
100274  42.265  8.308  31.580 0.4000000060
99409  41.099  7.723  31.985 0.3000000119
140855  40.693  6.955  32.153 0.4000000060
99410  40.190  7.663  31.779 0.4000000060
128083  38.814  -13.770  43.045 0.1000000015
80722  38.241  -13.225  43.089 0.1000000015
78604  39.551  -13.981  43.133 0.1000000015
79653  39.221  -13.924  42.384 0.1000000015
79655  37.833  -12.809  42.362 0.1000000015
128598  43.773  -13.694  42.777 0.1000000015
138390  39.078  -13.779  41.677 0.1000000015
79667  38.637  -13.434  41.237 0.1000000015
138988  37.642  -12.707  40.992 0.1000000015
81764  37.088  -12.203  40.785 0.1000000015
85611  51.986  -6.485  41.771 0.1000000015
79649  45.483  -13.233  42.693 0.1000000015
80721  45.060  -13.004  42.162 0.1000000015
79664  42.515  -13.201  41.431 0.1000000015
79677  41.840  -13.207  41.001 0.1000000015
81765  36.680  -11.614  40.195 0.1000000015
85622  51.343  -6.938  40.857 0.1000000015
85623  50.496  -6.797  40.304 0.1000000015
80739  44.121  -12.201  41.072 0.1000000015
80757  43.001  -12.151  40.415 0.1000000015
80741  42.534  -12.695  40.770 0.1000000015
135072  36.373  -10.949  39.763 0.1000000015
82706  44.631  -10.855  40.389 0.1000000015
81763  43.661  -11.859  40.506 0.1000000015
83699  35.771  -9.357  38.900 0.1000000015
89488  50.318  -2.002  39.934 0.2000000030
130811  45.578  -9.705  40.299 0.1000000015
82715  44.849  -10.128  40.033 0.1000000015
82736  35.880  -10.280  38.456 0.1000000015
87593  50.396  -5.316  38.522 0.2000000030
90344  49.941  -1.812  39.981 0.2000000030
90345  49.392  -2.176  40.307 0.2000000030
89475  48.985  -2.331  40.457 0.2000000030
88543  48.473  -3.126  41.045 0.2000000030
85633  46.263  -7.370  39.809 0.1000000015
84705  46.126  -8.262  39.924 0.1000000015
84706  45.512  -8.719  39.514 0.1000000015
137423  35.394  -9.648  37.106 0.1000000015
84737  34.424  -8.372  36.990 0.1000000015
87606  51.480  -4.939  37.764 0.2000000030
144521  50.752  -1.571  39.544 0.2000000030
89490  49.169  -2.135  39.888 0.2000000030
143674  48.651  -2.639  39.910 0.2000000030
88550  48.515  -2.901  40.413 0.2000000030
87595  47.376  -4.621  39.509 0.2000000030
86616  47.182  -5.345  40.057 0.2000000030
86617  46.575  -6.317  39.769 0.2000000030
85646  45.322  -7.283  38.599 0.1000000015
84719  45.106  -8.166  38.808 0.1000000015
83734  35.001  -9.066  36.689 0.1000000015
90387  51.030  -1.637  38.296 0.2000000030
90369  50.992  -1.413  39.129 0.2000000030
89511  49.084  -2.640  38.826 0.2000000030
88559  48.552  -2.993  39.132 0.2000000030
87608  47.480  -4.523  38.582 0.2000000030
87609  46.809  -5.249  38.693 0.1000000015
85647  44.652  -7.617  38.178 0.1000000015
85658  44.294  -7.157  37.381 0.1000000015
154911  35.716  -9.780  35.994 0.2000000030
88592  53.129  -4.469  37.591 0.2000000030
87605  52.242  -4.542  37.716 0.2000000030
154498  51.885  -1.585  38.247 0.2000000030
88595  47.728  -4.674  37.535 0.2000000030
148769  46.975  -5.131  37.968 0.2000000030
86650  46.081  -6.010  36.943 0.1000000015
86644  44.828  -6.569  37.248 0.1000000015
83753  36.150  -9.332  34.937 0.2000000030
84744  34.736  -8.650  36.005 0.1000000015
89502  58.513  -2.338  37.754 0.2000000030
89503  57.467  -2.406  38.165 0.2000000030
89504  55.909  -2.734  38.619 0.2000000030
90406  52.000  -2.158  37.221 0.2000000030
84762  35.527  -8.047  34.606 0.2000000030
84752  35.059  -8.467  35.177 0.2000000030
90405  52.766  -2.109  36.924 0.2000000030
89531  53.062  -2.715  35.805 0.2000000030
89545  52.645  -3.382  35.115 0.2000000030
88616  51.564  -4.240  34.483 0.2000000030
84776  36.386  -7.851  34.211 0.2000000030
91236  58.738  -1.095  37.210 0.2000000030
91223  57.844  -1.370  37.622 0.2000000030
90401  56.651  -1.894  36.286 0.2000000030
90418  56.293  -2.572  35.153 0.2000000030
89542  55.361  -3.012  34.874 0.2000000030
136937  55.256  -3.403  34.149 0.2000000030
88614  53.069  -3.873  34.362 0.2000000030
88630  51.430  -4.772  33.719 0.2000000030
87655  50.675  -5.093  33.474 0.1000000015
87651  34.995  -5.759  34.674 0.2000000030
89556  54.767  -3.714  33.725 0.2000000030
88643  54.337  -4.373  32.417 0.3000000119
87681  54.406  -4.617  31.531 0.3000000119
87700  53.419  -5.305  30.388 0.3000000119
87682  53.495  -5.044  31.382 0.3000000119
88645  52.956  -4.686  33.034 0.2000000030
151055  52.614  -5.058  32.553 0.2000000030
87684  51.267  -5.654  32.054 0.2000000030
129270  50.480  -5.959  31.771 0.1000000015
87669  49.842  -5.794  32.337 0.1000000015
87634  34.994  -4.957  35.027 0.2000000030
134045  52.729  -5.533  30.141 0.3000000119
131300  51.897  -5.710  30.361 0.3000000119
128851  51.143  -5.931  31.090 0.2000000030
90411  34.948  -2.190  35.946 0.2000000030
88608  35.429  -4.047  35.267 0.2000000030
87720  50.639  -5.851  29.339 0.3000000119
87721  49.731  -5.673  29.186 0.1000000015
154399  34.623  -1.519  35.703 0.2000000030
93082  34.242  0.094  33.992 0.3000000119
92149  33.854  -0.485  34.641 0.2000000030
93998  35.194  1.127  33.017 0.2000000030
93095  34.700  0.617  33.499 0.2000000030
95018  34.766  2.655  32.595 0.3000000119
96823  35.985  4.222  31.822 0.3000000119
95923  35.364  3.126  32.280 0.3000000119
98571  39.824  6.781  31.775 0.4000000060
97721  39.415  6.001  31.663 0.4000000060
145670  38.635  5.882  31.568 0.3000000119
97723  37.592  5.110  31.566 0.3000000119
141885  36.124  5.079  31.645 0.3000000119
101850  44.575  10.632  29.264 0.6000000238
101052  43.534  9.659  30.098 0.5000000000
101053  42.711  9.717  30.850 0.4000000060
100287  41.779  8.880  31.435 0.3000000119
100275  41.021  8.583  31.537 0.2000000030
99411  39.254  7.433  31.500 0.3000000119
98572  38.902  6.629  31.553 0.4000000060
130709  37.398  -11.834  42.422 0.1000000015
81746  37.072  -11.780  41.566 0.1000000015
81747  36.698  -11.370  41.037 0.1000000015
85610  52.683  -6.971  41.765 0.1000000015
80718  47.275  -12.281  42.574 0.1000000015
80708  46.848  -12.906  43.231 0.1000000015
80720  45.830  -12.871  42.224 0.1000000015
82707  36.270  -10.131  40.274 0.1000000015
86614  49.982  -6.413  39.863 0.1000000015
81721  48.034  -11.940  42.804 0.2000000030
81734  46.808  -11.941  41.911 0.2000000030
81745  44.870  -11.972  41.247 0.1000000015
82719  36.033  -10.232  39.352 0.1000000015
132438  49.827  -5.816  39.274 0.1000000015
81733  47.544  -11.420  42.026 0.2000000030
82695  46.627  -10.201  41.312 0.2000000030
82705  45.331  -10.470  40.666 0.1000000015
84709  35.675  -8.365  39.037 0.1000000015
83685  46.251  -9.496  40.776 0.1000000015
84722  35.267  -8.772  38.331 0.1000000015
88557  50.329  -3.800  39.543 0.2000000030
88558  49.786  -4.004  40.043 0.2000000030
143992  49.142  -2.578  40.755 0.2000000030
89465  48.915  -2.885  41.633 0.2000000030
85624  46.829  -7.110  40.424 0.2000000030
128711  46.566  -7.874  40.329 0.2000000030
84723  34.649  -8.269  37.934 0.1000000015
88534  48.242  -4.031  41.465 0.2000000030
87577  47.702  -4.938  40.940 0.2000000030
130083  47.278  -6.144  40.583 0.2000000030
85613  47.490  -7.026  41.090 0.2000000030
85660  34.087  -7.713  37.587 0.1000000015
88576  52.666  -3.298  38.637 0.2000000030
85667  34.181  -7.860  36.260 0.1000000015
89505  54.962  -2.557  38.801 0.2000000030
84763  34.931  -7.772  34.961 0.2000000030
86662  33.721  -6.522  36.114 0.2000000030
86653  33.460  -6.485  36.871 0.2000000030
89482  56.321  -2.099  38.695 0.2000000030
90404  53.573  -2.083  36.650 0.2000000030
137511  53.432  -3.283  34.963 0.2000000030
86661  34.185  -6.484  35.413 0.2000000030
136964  33.443  -5.789  36.486 0.2000000030
91224  56.891  -1.466  38.123 0.2000000030
90380  56.971  -1.386  37.313 0.2000000030
91238  56.069  -1.131  37.853 0.2000000030
90381  55.944  -1.424  37.107 0.2000000030
90402  55.448  -2.257  36.005 0.2000000030
88628  53.413  -4.234  33.571 0.2000000030
87636  33.879  -5.773  35.800 0.2000000030
133229  32.859  -4.005  36.905 0.2000000030
89529  54.606  -2.823  35.324 0.2000000030
89543  54.648  -3.338  34.499 0.2000000030
87683  52.675  -5.265  31.825 0.2000000030
88610  34.206  -4.865  35.725 0.2000000030
88627  54.195  -4.124  33.258 0.2000000030
88644  53.652  -4.509  32.780 0.2000000030
87667  53.213  -4.915  32.284 0.2000000030
87701  52.687  -5.405  30.916 0.2000000030
90412  34.077  -2.036  36.307 0.2000000030
91245  33.216  -1.958  36.375 0.2000000030
91256  32.760  -1.359  35.839 0.2000000030
93981  33.163  1.064  33.992 0.3000000119
148269  34.004  -1.106  35.279 0.2000000030
95005  33.274  2.364  33.577 0.3000000119
94000  33.614  1.589  33.528 0.3000000119
95019  34.163  2.984  32.754 0.3000000119
93999  34.390  1.364  33.218 0.3000000119
96801  35.160  4.864  31.932 0.3000000119
95943  35.210  3.900  32.096 0.3000000119
99413  37.444  7.250  31.211 0.3000000119
151773  36.859  5.291  31.580 0.3000000119
97724  36.361  5.968  31.532 0.3000000119
102574  45.149  11.962  29.467 0.6999999881
101819  43.133  10.499  30.777 0.5000000000
101054  42.050  9.530  31.234 0.3000000119
101046  41.240  9.620  31.110 0.4000000060
100276  40.273  8.457  31.507 0.3000000119
100288  39.051  8.815  30.895 0.4000000060
99412  38.345  7.287  31.303 0.3000000119
82697  36.965  -10.911  41.916 0.1000000015
86598  52.571  -5.957  42.499 0.1000000015
86607  50.071  -5.987  40.701 0.1000000015
86615  49.778  -5.918  39.642 0.2000000030
84661  50.504  -8.142  43.322 0.1000000015
83665  50.575  -9.091  43.265 0.1000000015
83666  49.977  -9.603  43.033 0.1000000015
81732  48.356  -11.127  42.413 0.1000000015
87594  49.968  -5.123  39.300 0.2000000030
86608  49.770  -5.437  40.435 0.1000000015
83671  49.821  -8.574  42.870 0.1000000015
153620  48.013  -9.668  41.948 0.1000000015
82686  47.881  -10.532  41.943 0.2000000030
85636  35.490  -7.627  39.288 0.1000000015
153642  50.950  -2.943  39.450 0.2000000030
87584  49.703  -4.922  40.059 0.2000000030
134586  48.214  -8.779  41.980 0.2000000030
83678  47.380  -9.910  41.606 0.2000000030
88549  49.457  -3.167  40.845 0.2000000030
88542  49.077  -2.963  41.715 0.2000000030
88532  49.173  -3.339  42.149 0.2000000030
88524  49.107  -3.802  42.519 0.2000000030
87559  49.440  -4.318  42.895 0.2000000030
84679  47.755  -8.022  41.517 0.2000000030
87566  49.378  -3.646  42.203 0.1000000015
87567  48.809  -4.446  42.514 0.2000000030
86602  47.875  -5.937  41.388 0.2000000030
85612  48.180  -6.870  41.789 0.2000000030
84691  47.051  -7.896  40.873 0.2000000030
85661  33.618  -7.148  37.238 0.1000000015
87610  33.014  -5.712  37.321 0.1000000015
90353  55.738  -1.629  38.742 0.2000000030
89484  54.560  -1.744  39.018 0.2000000030
89485  53.687  -1.806  38.921 0.2000000030
89507  53.147  -2.211  39.037 0.2000000030
90384  53.360  -1.504  37.867 0.2000000030
88582  32.523  -4.849  37.382 0.1000000015
91213  56.100  -1.490  38.532 0.2000000030
91215  54.896  -1.428  38.679 0.2000000030
90366  54.107  -1.278  38.507 0.2000000030
90383  54.163  -1.437  37.527 0.2000000030
89530  53.839  -2.730  35.606 0.2000000030
89512  32.061  -4.080  37.519 0.2000000030
91226  55.552  -0.966  38.243 0.2000000030
90382  55.000  -1.465  37.140 0.2000000030
90403  54.411  -2.135  36.333 0.2000000030
89526  32.245  -3.183  37.104 0.2000000030
89557  53.937  -3.700  34.176 0.2000000030
90393  33.465  -2.602  36.536 0.2000000030
90394  32.671  -2.521  36.651 0.2000000030
138853  31.135  -0.847  36.680 0.2000000030
93072  32.288  0.204  35.091 0.2000000030
92137  31.793  -0.101  35.708 0.2000000030
93982  32.512  1.480  34.443 0.2000000030
93085  32.191  0.905  34.886 0.2000000030
95915  32.881  3.253  33.908 0.3000000119
94986  32.664  2.358  34.190 0.3000000119
152558  33.244  4.461  33.472 0.3000000119
141252  34.205  6.010  32.207 0.3000000119
97712  34.280  5.230  32.279 0.3000000119
102557  44.203  11.997  31.062 0.5000000000
103321  43.607  11.892  31.133 0.4000000060
103322  42.970  11.808  31.100 0.4000000060
129647  41.429  10.982  30.595 0.4000000060
99414  36.603  7.293  31.223 0.3000000119
100279  36.158  7.971  31.028 0.3000000119
99415  34.888  7.216  31.570 0.3000000119
102575  44.363  11.453  29.883 0.6000000238
102558  43.594  11.298  30.803 0.4000000060
101820  42.681  10.551  31.000 0.4000000060
101821  42.004  10.284  31.077 0.4000000060
101822  40.765  10.382  30.623 0.4000000060
101823  39.773  10.450  30.277 0.4000000060
101056  38.563  9.450  30.454 0.4000000060
100290  37.349  8.658  30.603 0.3000000119
86590  52.428  -4.901  43.474 0.1000000015
86591  51.527  -4.704  43.625 0.1000000015
131907  52.359  -4.675  44.007 0.1000000015
86599  51.212  -5.948  41.910 0.1000000015
136550  51.758  -5.302  42.731 0.1000000015
87565  50.711  -4.754  42.773 0.1000000015
87557  50.553  -4.516  43.485 0.1000000015
86582  50.721  -4.790  43.863 0.1000000015
153824  50.816  -7.326  43.622 0.1000000015
86606  50.546  -5.953  41.384 0.1000000015
85592  50.180  -5.392  43.627 0.1000000015
85591  50.739  -5.928  43.928 0.1000000015
132687  48.948  -8.647  42.384 0.1000000015
83672  48.599  -9.438  42.219 0.1000000015
86600  49.863  -4.749  41.718 0.1000000015
132335  49.922  -4.141  42.895 0.1000000015
87558  50.087  -4.294  43.296 0.1000000015
86583  50.321  -4.560  43.624 0.1000000015
85601  49.496  -6.055  43.162 0.1000000015
84670  48.524  -7.749  42.160 0.1000000015
87576  49.514  -4.073  41.196 0.2000000030
128279  49.516  -3.984  42.559 0.1000000015
86592  49.780  -4.808  43.387 0.1000000015
86593  49.125  -5.272  42.854 0.1000000015
85602  48.825  -6.544  42.526 0.2000000030
86601  48.501  -5.670  42.162 0.2000000030
92123  30.843  -0.045  36.750 0.1000000015
91228  30.920  -1.389  37.263 0.1000000015
93962  31.051  1.351  36.438 0.1000000015
152091  31.368  -0.310  36.269 0.2000000030
95892  31.783  2.903  35.866 0.2000000030
94972  31.685  2.252  35.479 0.2000000030
96767  32.487  4.400  35.391 0.2000000030
152824  31.961  2.831  35.225 0.2000000030
94987  32.149  2.263  34.834 0.2000000030
96788  32.873  4.189  33.961 0.3000000119
99389  33.217  7.394  33.547 0.2000000030
98556  33.261  6.509  33.332 0.2000000030
98566  34.190  6.802  32.104 0.3000000119
98567  33.716  6.446  32.588 0.3000000119
133737  44.860  12.637  31.187 0.5000000000
103323  41.953  11.986  30.519 0.4000000060
100291  36.521  8.656  30.668 0.3000000119
100292  35.706  8.685  30.899 0.3000000119
150975  34.390  8.754  31.676 0.3000000119
102560  40.449  11.102  30.161 0.4000000060
101835  39.035  10.796  29.849 0.4000000060
101066  38.054  10.079  30.041 0.4000000060
101838  36.828  10.780  29.746 0.4000000060
136804  35.643  8.660  37.375 0.2000000030
98524  34.039  6.832  36.631 0.2000000030
97664  33.304  5.803  36.474 0.2000000030
150280  32.024  3.489  36.188 0.2000000030
94965  31.308  2.270  36.264 0.2000000030
102528  36.680  11.384  36.459 0.2000000030
101022  34.846  9.810  36.335 0.2000000030
100252  33.702  7.968  35.743 0.2000000030
97677  32.776  5.142  35.404 0.2000000030
95891  32.201  3.537  35.443 0.2000000030
101789  35.068  10.737  35.965 0.2000000030
101791  33.893  9.903  35.121 0.3000000119
100256  33.442  8.244  35.079 0.2000000030
98546  33.030  6.251  34.111 0.2000000030
139255  33.284  8.583  34.257 0.2000000030
152341  33.228  8.090  33.724 0.2000000030
155015  33.083  6.876  34.069 0.2000000030
100271  33.579  8.626  32.582 0.2000000030
130161  44.380  12.693  31.269 0.4000000060
131449  43.571  12.536  31.116 0.3000000119
104055  41.856  13.179  30.043 0.4000000060
153681  40.430  12.244  29.714 0.4000000060
101839  35.943  10.958  30.027 0.3000000119
101827  34.726  10.326  31.055 0.3000000119
101049  34.495  9.428  31.464 0.2000000030
103340  41.087  12.610  29.796 0.4000000060
102577  39.717  12.208  29.601 0.4000000060
103342  38.315  12.715  29.444 0.4000000060
102580  37.335  11.397  29.586 0.4000000060
102581  36.530  11.590  29.693 0.4000000060
102534  35.459  11.457  35.567 0.3000000119
132489  34.085  10.452  34.924 0.3000000119
102540  34.465  11.553  33.815 0.3000000119
101028  33.364  9.451  33.975 0.2000000030
148559  34.138  11.259  32.780 0.2000000030
101802  34.161  11.105  32.179 0.2000000030
104053  44.011  13.495  31.158 0.3000000119
135450  42.741  12.750  30.615 0.3000000119
102582  35.877  11.777  29.949 0.4000000060
102563  34.840  12.064  30.771 0.3000000119
103344  37.018  12.989  29.676 0.4000000060
147674  36.255  12.503  29.832 0.3000000119
142848  34.395  11.674  33.123 0.3000000119
102542  34.391  11.774  32.437 0.2000000030
133286  34.476  11.767  31.569 0.2000000030
104056  35.723  13.140  30.362 0.3000000119
103302  35.147  12.818  30.816 0.3000000119
85632  50.018  -6.536  39.017 0.1000000015
89487  51.204  -1.867  39.478 0.2000000030
90355  51.526  -1.506  39.266 0.2000000030
88578  50.947  -4.400  38.619 0.2000000030
89508  52.176  -2.048  39.254 0.2000000030
88577  51.702  -3.381  38.861 0.2000000030
90385  52.529  -1.575  38.107 0.2000000030
135870  45.094  11.274  28.913 0.6999999881
103320  44.728  12.135  30.466 0.5000000000
96864  45.642  4.873  27.619 0.6000000238
98592  45.518  6.290  27.740 0.6000000238
152261  45.586  7.616  28.106 0.6000000238
97741  45.417  5.585  28.181 0.6000000238
94063  50.042  1.885  27.322 0.4000000060
149695  48.017  1.633  25.744 0.6000000238
95092  55.026  3.139  24.423 0.4000000060
94040  54.228  1.497  30.664 0.3000000119
94045  54.859  1.868  30.208 0.3000000119
93986  53.436  2.027  33.063 0.3000000119
153001  55.727  2.552  33.197 0.3000000119
135968  55.431  3.167  35.179 0.3000000119
95900  52.063  3.562  35.140 0.3000000119
95022  57.370  3.373  31.878 0.3000000119
94974  55.916  2.989  34.540 0.3000000119
95882  55.450  3.720  35.844 0.3000000119
90448  62.392  -0.939  30.711 0.3000000119
92221  59.737  -0.152  27.439 0.3000000119
92212  61.461  0.391  28.651 0.3000000119
95911  56.991  3.447  34.662 0.3000000119
96752  55.126  5.424  36.835 0.3000000119
98512  53.591  6.055  37.103 0.3000000119
96745  52.138  4.995  36.947 0.3000000119
95910  57.486  3.987  33.958 0.3000000119
95895  57.558  4.644  34.250 0.3000000119
98519  54.564  6.173  36.861 0.3000000119
149769  52.617  6.504  35.486 0.3000000119
131494  52.046  6.664  36.277 0.3000000119
96867  59.712  5.751  26.829 0.3000000119
95989  58.670  4.645  27.258 0.3000000119
97694  55.030  5.530  34.584 0.3000000119
97685  53.097  6.118  34.978 0.3000000119
154822  59.722  6.336  26.852 0.3000000119
97760  59.899  6.514  25.196 0.3000000119
96909  60.704  5.406  21.661 0.4000000060
152567  58.859  5.521  23.974 0.4000000060
134662  59.511  6.126  24.529 0.3000000119
97772  61.100  5.974  22.835 0.3000000119
96885  59.955  6.175  23.999 0.3000000119
94047  53.671  1.101  30.281 0.3000000119
94041  53.531  1.146  30.974 0.3000000119
130601  52.965  1.389  32.086 0.3000000119
93989  50.899  2.023  32.986 0.3000000119
86702  61.165  -6.880  33.730 0.2000000030
84765  61.941  -8.313  33.628 0.2000000030
95885  51.421  4.045  35.922 0.3000000119
152737  59.708  -5.628  32.401 0.2000000030
94072  54.986  1.210  26.478 0.3000000119
92233  56.552  -0.632  25.992 0.3000000119
94061  54.797  1.537  27.408 0.3000000119
94085  56.193  1.338  25.510 0.3000000119
95037  55.892  2.528  30.514 0.3000000119
94053  55.408  2.175  28.924 0.3000000119
96756  51.446  4.585  36.657 0.2000000030
95886  50.615  3.946  36.129 0.2000000030
92241  57.626  0.038  25.626 0.3000000119
92231  58.328  -0.230  26.225 0.3000000119
94060  55.459  2.199  27.911 0.3000000119
94070  56.412  2.348  26.171 0.3000000119
95049  56.273  2.735  28.590 0.3000000119
95039  57.036  3.275  30.241 0.3000000119
97662  50.046  5.169  36.912 0.2000000030
98523  50.549  6.278  36.511 0.2000000030
97660  51.307  5.818  36.896 0.3000000119
92222  58.824  -0.567  27.174 0.3000000119
95998  57.519  3.432  26.668 0.3000000119
95059  57.355  3.460  28.439 0.3000000119
149709  58.029  3.821  31.640 0.3000000119
95928  58.265  4.107  32.331 0.3000000119
128621  51.363  6.700  36.376 0.2000000030
98534  49.508  7.053  35.404 0.2000000030
98542  50.097  7.368  34.900 0.2000000030
95990  57.705  3.717  27.636 0.3000000119
95975  58.170  4.007  29.188 0.3000000119
95960  58.289  4.000  30.037 0.3000000119
95959  59.173  4.985  29.621 0.3000000119
95927  58.810  4.710  31.695 0.3000000119
95909  57.960  4.801  33.186 0.3000000119
95918  58.521  4.739  32.346 0.3000000119
96777  57.480  5.061  34.038 0.3000000119
97692  57.101  5.358  34.931 0.3000000119
98550  50.164  7.036  34.448 0.3000000119
96847  59.350  5.442  28.803 0.3000000119
96858  59.418  5.730  28.246 0.3000000119
96838  59.374  5.361  30.253 0.3000000119
96790  58.407  5.170  32.373 0.3000000119
97715  58.961  5.930  31.364 0.3000000119
96778  55.966  5.329  34.005 0.3000000119
97695  53.710  5.531  34.237 0.3000000119
97735  58.830  6.096  30.390 0.3000000119
96829  57.929  6.045  30.709 0.3000000119
96792  57.184  5.354  33.613 0.3000000119
96806  56.879  5.356  32.385 0.3000000119
96796  51.481  4.509  32.597 0.4000000060
97756  58.666  6.277  27.150 0.4000000060
97761  59.136  6.302  25.584 0.4000000060
96808  53.775  4.373  31.775 0.3000000119
95930  53.094  4.032  31.091 0.4000000060
96810  51.565  4.004  31.698 0.4000000060
96874  57.648  5.396  25.442 0.4000000060
96879  57.932  5.006  24.307 0.4000000060
96045  59.046  4.051  21.591 0.4000000060
96024  57.863  4.590  23.561 0.4000000060
146446  52.916  0.767  30.813 0.3000000119
94030  50.154  1.196  31.765 0.3000000119
86683  60.977  -6.957  34.022 0.2000000030
94980  49.605  3.160  34.868 0.2000000030
87665  60.206  -6.204  33.348 0.2000000030
92245  54.769  -0.422  25.949 0.3000000119
151161  48.767  3.210  36.802 0.2000000030
91331  58.454  -1.176  27.728 0.3000000119
98544  48.771  7.302  34.834 0.2000000030
98559  48.867  7.033  33.175 0.3000000119
99384  48.376  7.663  33.786 0.3000000119
98551  49.349  7.187  33.819 0.3000000119
96797  49.547  5.170  32.779 0.4000000060
96813  48.648  4.859  32.258 0.4000000060
97716  48.202  6.039  32.341 0.5000000000
97740  58.631  6.136  29.367 0.3000000119
96848  57.287  5.741  28.758 0.4000000060
139159  50.045  4.415  32.202 0.4000000060
95934  49.090  3.971  31.447 0.5000000000
95933  50.057  3.847  31.432 0.4000000060
96860  57.161  5.581  27.760 0.4000000060
96840  56.140  5.136  29.143 0.4000000060
96849  56.011  4.941  28.221 0.4000000060
138674  55.243  4.664  29.405 0.4000000060
95949  54.008  3.922  29.929 0.4000000060
96831  54.857  4.514  30.077 0.4000000060
95963  52.657  3.331  29.701 0.4000000060
95951  52.326  3.604  30.535 0.4000000060
143795  51.709  3.695  31.028 0.4000000060
95953  50.438  3.349  30.599 0.4000000060
95932  50.990  3.629  31.217 0.4000000060
95955  48.663  3.668  30.655 0.5000000000
96861  55.914  4.719  27.349 0.4000000060
96875  56.646  4.883  25.979 0.4000000060
95961  54.354  3.996  29.167 0.4000000060
95991  54.354  3.711  27.434 0.4000000060
154162  53.251  3.206  28.320 0.4000000060
95965  50.769  2.954  29.918 0.4000000060
95041  51.172  2.727  29.180 0.4000000060
96007  55.499  3.996  25.720 0.4000000060
95999  55.012  3.881  26.389 0.4000000060
96001  53.817  3.270  27.033 0.4000000060
96000  54.419  3.593  26.680 0.4000000060
95061  52.848  2.867  27.949 0.4000000060
95062  51.357  2.325  27.880 0.4000000060
95063  50.460  2.257  28.093 0.4000000060
95064  49.445  2.237  27.922 0.5000000000
95065  48.434  2.335  27.642 0.6000000238
85690  59.952  -7.338  34.027 0.1000000015
85689  60.859  -7.370  34.077 0.2000000030
92224  53.167  -0.419  27.125 0.3000000119
92216  52.437  -0.474  28.401 0.3000000119
93991  48.706  2.215  33.522 0.3000000119
94981  48.678  2.946  35.276 0.3000000119
91333  56.628  -1.758  27.033 0.3000000119
94959  48.163  2.902  37.122 0.2000000030
95888  47.126  3.410  36.876 0.2000000030
97675  48.162  5.710  35.255 0.2000000030
96772  47.105  5.029  34.787 0.2000000030
99385  47.860  7.744  33.602 0.3000000119
97687  47.611  5.988  34.733 0.3000000119
97708  47.965  7.076  32.437 0.5000000000
98561  47.719  7.692  32.741 0.5000000000
146033  46.464  5.714  30.938 0.5000000000
95956  47.031  3.923  30.143 0.6000000238
95968  47.219  3.478  29.172 0.6000000238
95066  47.613  2.518  27.423 0.6000000238
96008  54.562  3.517  25.939 0.4000000060
141994  52.817  2.549  26.281 0.4000000060
95072  51.566  2.210  27.017 0.4000000060
86668  57.521  -6.126  34.500 0.2000000030
135354  55.023  -3.333  27.604 0.3000000119
91321  52.021  -1.255  27.945 0.3000000119
93112  49.694  0.787  31.269 0.3000000119
134719  47.069  1.800  33.963 0.3000000119
93975  46.513  1.444  35.993 0.2000000030
92181  60.811  -0.217  31.137 0.3000000119
95903  46.535  3.987  34.790 0.2000000030
95876  45.908  2.713  36.990 0.2000000030
94962  46.103  2.235  37.309 0.2000000030
149271  47.193  7.836  32.489 0.4000000060
99375  47.349  7.599  33.756 0.3000000119
99404  46.677  7.867  31.913 0.5000000000
96835  45.968  5.328  30.347 0.5000000000
95957  46.122  4.418  29.935 0.6000000238
96842  45.612  5.017  29.556 0.6000000238
95982  45.965  4.028  28.745 0.6000000238
91322  51.296  -1.540  28.345 0.3000000119
91303  50.237  -1.228  29.184 0.3000000119
93125  49.173  0.312  30.790 0.3000000119
94012  46.650  1.404  33.391 0.2000000030
93966  45.895  1.430  36.909 0.2000000030
93089  45.622  0.833  34.389 0.2000000030
132922  45.323  2.135  37.272 0.2000000030
93067  44.429  0.663  36.850 0.2000000030
141846  45.870  5.613  33.560 0.3000000119
95890  45.814  3.103  35.761 0.2000000030
94983  44.433  2.407  35.937 0.2000000030
94984  43.842  2.052  36.455 0.2000000030
93959  43.835  1.218  37.266 0.2000000030
98580  46.122  7.525  31.135 0.5000000000
97730  46.085  6.491  30.730 0.5000000000
99397  46.069  7.819  32.304 0.4000000060
98555  45.255  7.184  33.141 0.4000000060
98581  45.681  7.248  30.272 0.5000000000
98583  45.430  6.822  29.336 0.5000000000
89582  57.228  -3.212  30.256 0.3000000119
89615  53.379  -3.621  27.379 0.3000000119
89616  52.599  -3.625  27.409 0.3000000119
91304  49.445  -1.271  29.258 0.3000000119
138831  46.902  -0.346  30.341 0.3000000119
91275  59.225  -1.225  32.921 0.3000000119
93116  46.108  0.339  31.798 0.3000000119
92187  46.514  0.014  31.020 0.2000000030
93090  44.882  0.404  34.237 0.2000000030
93117  45.223  0.145  31.964 0.2000000030
92126  43.912  0.167  35.961 0.2000000030
93960  43.019  1.012  36.937 0.2000000030
92119  42.514  -0.012  36.628 0.2000000030
92142  43.292  -0.406  35.217 0.2000000030
96785  45.836  4.621  33.739 0.2000000030
95001  44.786  3.038  34.031 0.2000000030
95912  44.948  4.134  33.327 0.2000000030
137265  43.820  2.222  35.228 0.2000000030
93977  43.166  1.820  35.751 0.2000000030
93969  41.828  1.257  35.825 0.2000000030
99405  45.902  7.786  31.478 0.4000000060
99406  44.861  7.843  31.105 0.5000000000
134729  45.281  8.050  30.238 0.5000000000
97709  43.859  5.664  32.683 0.3000000119
95012  43.438  2.674  33.168 0.2000000030
95913  44.216  3.313  33.186 0.2000000030
93979  41.563  1.419  34.863 0.2000000030
93980  40.816  1.208  34.549 0.2000000030
148272  42.914  2.902  32.491 0.2000000030
95922  42.678  3.592  32.046 0.2000000030
95025  42.200  2.803  32.120 0.4000000060
149712  54.819  -4.320  28.699 0.3000000119
91262  60.475  -0.170  35.098 0.3000000119
90416  59.263  -0.818  35.286 0.3000000119
90433  58.573  -1.797  33.210 0.3000000119
91305  48.580  -1.431  29.212 0.3000000119
92140  60.706  -0.198  34.539 0.3000000119
92204  45.760  -0.890  29.984 0.2000000030
91308  45.902  -1.531  29.498 0.2000000030
92189  44.724  -0.993  30.482 0.2000000030
92164  43.630  -0.491  32.771 0.2000000030
91276  43.093  -1.036  32.152 0.2000000030
91286  44.089  -1.139  30.801 0.2000000030
91277  42.450  -1.424  32.510 0.2000000030
132086  42.333  -1.407  33.520 0.2000000030
91270  42.185  -1.358  34.545 0.2000000030
92157  42.801  -0.901  34.261 0.2000000030
92156  43.464  -0.399  33.906 0.2000000030
143804  41.655  -0.089  36.557 0.2000000030
91252  41.940  -1.082  35.597 0.2000000030
92120  40.809  -0.429  36.308 0.2000000030
93078  40.391  0.684  35.154 0.3000000119
93063  40.229  -0.161  36.113 0.1000000015
93079  39.598  0.386  34.912 0.3000000119
99428  45.206  8.433  29.778 0.5000000000
98562  44.482  7.064  32.834 0.4000000060
139081  45.293  7.719  31.967 0.4000000060
98563  43.729  6.893  32.588 0.3000000119
93996  40.620  1.356  33.570 0.3000000119
93997  40.016  1.069  33.159 0.4000000060
145761  39.272  0.459  34.170 0.2000000030
100299  45.441  8.994  28.726 0.6999999881
138248  43.787  7.587  31.675 0.3000000119
97710  43.322  6.237  32.599 0.3000000119
96800  43.079  4.325  32.154 0.3000000119
144256  43.034  5.283  32.202 0.3000000119
146443  40.941  3.558  31.624 0.4000000060
96816  42.372  4.481  31.839 0.3000000119
99401  41.574  7.025  32.394 0.3000000119
89506  54.056  -2.341  38.922 0.2000000030
88606  48.037  -4.942  36.281 0.1000000015
149453  47.360  -5.350  35.836 0.1000000015
87631  48.307  -4.942  35.249 0.1000000015
135093  46.848  -5.664  35.282 0.1000000015
87644  49.395  -4.687  34.376 0.1000000015
85682  43.333  -7.521  34.569 0.1000000015
85698  43.134  -7.361  33.193 0.1000000015
85699  42.483  -7.702  33.481 0.1000000015
85683  42.615  -7.793  34.287 0.1000000015
85701  40.812  -8.109  33.270 0.1000000015
84773  38.995  -8.388  33.614 0.2000000030
151876  39.728  -8.762  33.920 0.2000000030
85702  39.414  -7.670  33.134 0.1000000015
130117  47.324  -5.611  32.697 0.1000000015
87659  45.933  -5.869  33.211 0.1000000015
87672  46.501  -5.636  32.618 0.1000000015
86703  45.129  -6.116  32.910 0.1000000015
86704  44.322  -6.332  32.609 0.1000000015
85714  42.385  -7.394  32.795 0.1000000015
85715  41.585  -7.233  32.586 0.1000000015
85716  39.679  -6.987  32.751 0.1000000015
90417  58.192  -1.801  34.801 0.3000000119
87670  48.654  -5.927  32.045 0.1000000015
87671  47.856  -5.824  31.920 0.1000000015
132130  46.302  -5.550  31.974 0.1000000015
87674  44.888  -5.843  32.020 0.1000000015
86714  43.027  -6.220  31.947 0.1000000015
86715  42.170  -5.979  31.991 0.1000000015
86707  41.487  -6.428  32.299 0.1000000015
86694  39.060  -6.349  32.909 0.1000000015
87661  38.408  -5.750  33.376 0.1000000015
88663  54.833  -4.587  30.801 0.3000000119
87685  49.701  -6.161  31.547 0.1000000015
148516  44.625  -5.196  30.872 0.1000000015
131762  45.110  -5.413  31.230 0.1000000015
87707  45.217  -5.120  30.518 0.1000000015
87691  43.499  -5.520  31.456 0.1000000015
87708  43.941  -5.000  30.925 0.1000000015
87692  42.686  -5.427  31.599 0.1000000015
88648  40.807  -4.750  32.403 0.1000000015
88656  43.122  -4.802  31.131 0.1000000015
88649  39.985  -5.136  32.679 0.1000000015
88636  38.203  -5.068  33.916 0.1000000015
88635  38.810  -4.900  33.605 0.1000000015
90478  48.310  -2.702  28.519 0.3000000119
129504  47.229  -5.409  29.701 0.1000000015
88678  45.972  -4.516  29.458 0.1000000015
88679  45.104  -4.117  29.494 0.1000000015
152402  44.780  -4.433  29.836 0.1000000015
88667  42.766  -4.041  30.936 0.1000000015
88666  43.614  -4.228  30.420 0.1000000015
139011  41.196  -4.111  32.146 0.1000000015
88633  40.141  -4.226  32.911 0.1000000015
135413  38.855  -3.611  34.657 0.1000000015
89559  40.413  -3.440  33.405 0.1000000015
89548  39.544  -3.353  34.439 0.1000000015
88634  39.493  -4.615  33.267 0.1000000015
89549  38.052  -3.695  34.914 0.1000000015
89536  36.629  -3.139  35.429 0.2000000030
89606  47.845  -3.603  28.500 0.3000000119
90480  45.718  -2.513  29.173 0.2000000030
89607  46.864  -3.430  28.696 0.2000000030
89608  46.069  -3.334  28.918 0.2000000030
137890  47.154  -4.204  28.760 0.2000000030
89592  44.577  -3.458  29.555 0.1000000015
90463  44.809  -2.697  29.460 0.2000000030
151494  46.703  -4.576  29.109 0.1000000015
89583  43.101  -3.295  30.459 0.1000000015
90454  43.154  -2.503  30.503 0.1000000015
135673  41.462  -2.643  32.614 0.2000000030
90446  41.829  -2.569  31.926 0.2000000030
90455  42.658  -2.695  30.914 0.2000000030
90429  40.670  -2.773  33.866 0.1000000015
90421  39.165  -2.879  35.055 0.1000000015
90420  39.893  -2.583  34.938 0.1000000015
90408  38.601  -2.390  35.553 0.1000000015
90409  37.803  -2.331  35.741 0.1000000015
90410  37.013  -2.354  35.872 0.2000000030
132958  36.223  -2.443  35.841 0.2000000030
91295  44.418  -1.534  30.083 0.2000000030
90465  43.621  -2.683  30.007 0.2000000030
90444  42.944  -2.053  30.990 0.2000000030
91271  41.761  -1.860  33.806 0.2000000030
91253  40.184  -1.788  35.572 0.1000000015
91243  38.032  -1.145  35.984 0.1000000015
91242  38.751  -1.119  36.060 0.1000000015
129625  37.169  -0.887  35.507 0.2000000030
136008  41.036  -1.478  35.590 0.2000000030
92131  38.805  -0.401  35.730 0.1000000015
92144  38.313  -0.225  35.202 0.2000000030
92145  37.689  -0.316  34.744 0.2000000030
144016  36.372  -0.321  34.395 0.2000000030
93081  38.115  -0.047  34.327 0.2000000030
141874  37.121  0.281  33.093 0.3000000119
93104  36.852  0.938  32.716 0.3000000119
95028  39.522  2.797  31.687 0.3000000119
94016  39.540  1.395  32.548 0.4000000060
94017  38.664  1.132  32.513 0.3000000119
94035  38.032  1.632  32.095 0.3000000119
97719  41.200  5.675  31.849 0.4000000060
95936  40.561  4.245  31.562 0.4000000060
95937  40.020  3.635  31.603 0.3000000119
95938  39.137  3.570  31.575 0.3000000119
95030  37.827  2.928  31.668 0.4000000060
152609  43.782  8.924  30.030 0.5000000000
100285  43.171  8.886  30.477 0.4000000060
99408  41.961  7.731  32.117 0.3000000119
79665  40.744  -13.891  42.118 0.1000000015
78611  39.956  -13.975  42.509 0.1000000015
78609  42.306  -13.941  42.630 0.1000000015
79695  39.479  -13.101  40.085 0.1000000015
133564  41.965  -13.488  41.575 0.1000000015
79651  42.457  -13.600  42.003 0.1000000015
79678  41.069  -13.280  40.677 0.1000000015
140793  40.237  -13.232  40.420 0.1000000015
80762  38.804  -12.867  39.693 0.1000000015
80742  41.701  -12.794  40.318 0.1000000015
80758  42.348  -12.255  40.008 0.1000000015
81782  42.234  -11.786  39.249 0.1000000015
154946  40.153  -12.606  39.135 0.1000000015
80786  37.972  -12.202  38.692 0.1000000015
80764  37.276  -12.078  38.959 0.1000000015
82718  42.878  -10.995  39.058 0.1000000015
80782  41.305  -11.940  38.632 0.1000000015
81798  38.472  -11.952  38.133 0.1000000015
82717  43.623  -10.405  39.194 0.1000000015
83697  44.312  -9.788  39.338 0.1000000015
81805  40.862  -11.457  37.833 0.1000000015
81806  40.135  -11.642  37.698 0.1000000015
132023  38.895  -11.670  37.609 0.1000000015
82749  35.822  -10.320  37.525 0.1000000015
83714  44.030  -9.221  38.696 0.1000000015
147304  43.707  -9.848  38.826 0.1000000015
83696  45.124  -9.441  39.668 0.1000000015
82745  42.009  -10.326  37.666 0.2000000030
83716  42.729  -9.921  37.994 0.1000000015
82746  41.186  -10.702  37.396 0.2000000030
82761  35.872  -10.202  36.534 0.1000000015
84720  44.367  -8.450  38.451 0.1000000015
84734  43.335  -8.420  37.419 0.1000000015
84735  42.656  -8.777  37.077 0.1000000015
83733  41.547  -9.882  37.026 0.2000000030
83742  39.807  -10.142  36.093 0.2000000030
82766  39.111  -10.389  36.175 0.2000000030
82759  37.626  -10.751  36.162 0.2000000030
82769  36.678  -10.615  36.294 0.1000000015
88580  48.485  -3.610  38.127 0.2000000030
84741  43.023  -8.125  36.757 0.1000000015
84743  41.641  -8.746  36.053 0.2000000030
84742  42.347  -8.436  36.413 0.2000000030
83749  40.435  -9.303  35.298 0.2000000030
83741  40.468  -9.637  35.944 0.2000000030
142770  39.843  -9.608  35.460 0.2000000030
83751  38.465  -9.799  35.326 0.2000000030
139983  37.025  -9.745  35.052 0.2000000030
83754  35.442  -9.275  35.566 0.2000000030
90368  51.467  -1.457  38.732 0.2000000030
88593  49.287  -3.832  36.783 0.1000000015
87620  46.804  -5.431  37.182 0.1000000015
86660  45.454  -6.362  35.713 0.1000000015
86651  45.259  -6.319  36.624 0.1000000015
86652  44.470  -6.668  36.636 0.1000000015
137156  44.816  -6.689  35.245 0.1000000015
85673  43.464  -7.444  35.544 0.1000000015
85666  42.846  -7.905  35.999 0.1000000015
85674  42.754  -7.829  35.141 0.1000000015
84749  41.524  -8.643  35.202 0.2000000030
84750  40.857  -8.985  34.804 0.2000000030
83764  36.826  -9.048  34.512 0.2000000030
84760  37.431  -8.572  34.191 0.2000000030
89532  52.222  -2.746  35.993 0.2000000030
85703  37.713  -7.238  33.645 0.2000000030
84774  38.021  -8.098  33.763 0.2000000030
86678  36.459  -6.946  34.294 0.2000000030
139988  35.817  -7.293  34.439 0.2000000030
91237  57.977  -1.182  37.351 0.2000000030
87668  50.587  -5.548  32.638 0.1000000015
87650  35.525  -5.444  34.673 0.2000000030
87734  52.030  -5.355  28.793 0.3000000119
86721  50.022  -6.294  29.946 0.1000000015
88623  35.841  -4.747  34.834 0.2000000030
87723  47.897  -5.530  29.533 0.1000000015
87722  48.733  -5.669  29.339 0.1000000015
88607  36.245  -3.945  35.080 0.2000000030
152447  34.953  -3.201  35.714 0.2000000030
153610  35.395  -1.664  35.718 0.2000000030
87719  51.510  -5.727  29.437 0.3000000119
140949  48.569  -4.345  28.523 0.3000000119
87737  49.098  -5.051  28.710 0.1000000015
92147  35.461  -0.540  34.623 0.2000000030
92148  34.637  -0.385  34.404 0.2000000030
93096  33.913  0.816  33.707 0.2000000030
94018  37.208  1.552  32.295 0.3000000119
94020  35.691  1.649  32.621 0.2000000030
94019  36.432  1.558  32.492 0.2000000030
95941  36.564  3.596  31.799 0.3000000119
95942  35.862  3.530  31.990 0.3000000119
97720  40.344  6.035  31.796 0.4000000060
96820  38.805  4.341  31.563 0.4000000060
97722  38.502  5.130  31.545 0.4000000060
96819  39.516  5.101  31.562 0.3000000119
141300  40.007  4.456  31.573 0.4000000060
95939  38.292  3.633  31.613 0.4000000060
95940  37.419  3.653  31.678 0.3000000119
101849  45.283  10.435  28.595 0.6999999881
101833  44.176  9.990  29.520 0.6000000238
101834  43.812  10.613  29.959 0.5000000000
100286  42.443  8.905  31.073 0.4000000060
139492  41.619  8.238  31.759 0.3000000119
100277  39.543  8.230  31.358 0.4000000060
79654  38.494  -13.527  42.186 0.1000000015
79668  38.000  -13.049  41.516 0.1000000015
79650  44.776  -13.460  42.864 0.1000000015
79662  44.236  -13.219  42.086 0.1000000015
147871  36.485  -10.929  40.487 0.1000000015
80730  43.790  -12.796  41.463 0.1000000015
80728  45.370  -12.459  41.694 0.1000000015
80731  43.073  -12.862  41.314 0.1000000015
81762  44.394  -11.552  40.723 0.1000000015
81761  45.111  -11.211  41.011 0.1000000015
84692  46.569  -8.647  40.650 0.1000000015
151784  45.569  -9.238  39.887 0.1000000015
83717  35.487  -9.593  37.983 0.1000000015
89474  49.565  -2.154  40.283 0.2000000030
155025  49.395  -2.440  40.572 0.2000000030
88551  48.026  -3.765  40.281 0.2000000030
88544  48.024  -3.880  40.958 0.2000000030
85634  45.722  -7.791  39.273 0.1000000015
88560  48.098  -3.603  39.459 0.2000000030
87596  46.799  -5.503  39.368 0.2000000030
137418  47.618  -4.501  40.329 0.2000000030
86628  46.222  -5.980  38.910 0.2000000030
85645  45.883  -6.838  39.145 0.2000000030
88581  48.054  -3.865  38.538 0.2000000030
86629  45.603  -6.447  38.367 0.1000000015
86642  46.207  -5.754  37.951 0.1000000015
85657  44.970  -6.830  37.910 0.1000000015
90367  52.122  -1.524  38.824 0.2000000030
135189  53.231  -1.583  38.695 0.2000000030
86643  45.429  -6.259  37.534 0.1000000015
143716  34.552  -7.877  35.521 0.2000000030
90354  55.040  -1.624  38.802 0.2000000030
85684  35.125  -7.187  34.604 0.2000000030
88615  52.304  -4.012  34.487 0.2000000030
145252  52.027  -4.469  33.920 0.2000000030
140801  51.369  -5.289  32.940 0.2000000030
86679  34.750  -6.426  34.757 0.2000000030
87635  34.459  -5.710  35.139 0.2000000030
88646  52.159  -4.889  33.195 0.2000000030
130187  52.018  -5.341  32.353 0.2000000030
88609  34.754  -4.169  35.526 0.2000000030
129344  50.919  -6.140  30.118 0.2000000030
91255  33.689  -1.531  35.873 0.2000000030
89524  34.210  -2.763  36.304 0.2000000030
93083  33.443  0.275  34.203 0.3000000119
94021  34.911  1.867  32.737 0.2000000030
95924  34.608  3.431  32.457 0.3000000119
95003  34.058  2.233  32.983 0.3000000119
151869  39.023  5.516  31.580 0.4000000060
150095  37.989  5.673  31.519 0.3000000119
98573  37.940  6.436  31.408 0.3000000119
141222  37.289  5.841  31.502 0.3000000119
101047  40.437  9.138  31.213 0.3000000119
100278  38.705  8.063  31.122 0.3000000119
80719  46.529  -12.611  42.409 0.1000000015
80727  46.114  -12.260  41.817 0.1000000015
81742  46.749  -11.113  41.619 0.2000000030
81743  46.260  -11.599  41.597 0.1000000015
82685  48.558  -10.249  42.276 0.1000000015
83679  46.908  -9.320  41.226 0.2000000030
82696  45.912  -10.878  41.281 0.1000000015
82704  45.922  -10.125  40.907 0.1000000015
84680  47.149  -8.595  41.201 0.2000000030
88533  48.679  -3.569  42.114 0.2000000030
87568  48.292  -4.757  41.770 0.2000000030
88597  33.129  -4.991  36.721 0.2000000030
88596  33.567  -4.383  36.321 0.2000000030
89525  33.527  -3.421  36.479 0.2000000030
89537  34.189  -3.777  36.007 0.2000000030
92135  33.246  -0.926  35.236 0.2000000030
92136  32.467  -0.604  35.403 0.2000000030
91246  32.308  -1.825  36.391 0.2000000030
91257  31.875  -0.992  36.082 0.2000000030
93084  32.711  0.573  34.487 0.2000000030
94001  33.007  1.756  33.894 0.3000000119
92150  32.946  -0.229  34.740 0.2000000030
95004  33.587  3.040  33.187 0.3000000119
150453  33.635  4.347  32.912 0.3000000119
96802  34.337  4.325  32.392 0.3000000119
98576  34.817  6.306  31.766 0.3000000119
97725  35.460  5.726  31.695 0.3000000119
99423  36.982  7.952  30.914 0.3000000119
99422  37.834  7.976  30.972 0.3000000119
98574  36.983  6.576  31.358 0.3000000119
148410  36.259  6.725  31.385 0.3000000119
98575  35.579  6.531  31.516 0.3000000119
151301  41.372  10.327  30.843 0.4000000060
152574  39.996  9.371  30.994 0.4000000060
100289  38.202  8.711  30.704 0.3000000119
101055  39.479  9.565  30.666 0.4000000060
82684  49.290  -9.720  42.580 0.1000000015
81731  49.071  -10.763  42.762 0.1000000015
83677  47.550  -9.054  41.611 0.2000000030
88561  31.925  -4.790  38.024 0.1000000015
135914  31.558  -1.625  36.700 0.2000000030
93983  31.915  1.547  35.126 0.2000000030
153207  31.302  1.049  35.934 0.2000000030
94971  32.343  3.042  34.677 0.2000000030
97713  33.603  5.675  32.786 0.3000000119
97703  33.148  5.660  33.645 0.3000000119
141200  43.078  11.190  31.123 0.4000000060
102559  42.411  11.098  30.949 0.4000000060
100280  35.360  8.004  31.296 0.3000000119
131858  34.615  8.112  31.629 0.3000000119
131865  40.288  9.761  30.805 0.4000000060
102561  39.533  11.364  29.754 0.4000000060
101824  38.877  10.176  30.159 0.4000000060
101057  37.705  9.385  30.331 0.4000000060
101058  36.878  9.355  30.300 0.4000000060
87549  51.332  -4.739  43.806 0.1000000015
84662  50.073  -6.978  43.348 0.1000000015
84669  49.260  -7.436  42.744 0.1000000015
97689  32.924  5.598  34.609 0.2000000030
96774  32.720  4.709  34.647 0.2000000030
95905  32.518  3.874  34.649 0.2000000030
96773  33.001  4.944  33.907 0.2000000030
99402  33.562  7.249  32.693 0.3000000119
140758  33.355  8.026  33.052 0.2000000030
99417  33.695  7.980  32.482 0.3000000119
99416  34.134  7.616  32.051 0.3000000119
102576  40.955  11.746  30.021 0.4000000060
101059  36.052  9.391  30.516 0.3000000119
101060  35.229  9.441  30.890 0.3000000119
100281  34.957  8.730  31.277 0.3000000119
101050  33.941  9.131  32.042 0.2000000030
150323  40.219  11.717  29.812 0.4000000060
102579  38.622  11.344  29.615 0.4000000060
102578  38.881  12.064  29.492 0.4000000060
101837  37.624  10.701  29.729 0.4000000060
152489  37.979  11.220  29.597 0.4000000060
101825  36.419  10.108  30.128 0.4000000060
100248  34.974  8.081  36.993 0.2000000030
101021  35.070  8.940  36.758 0.2000000030
101018  35.687  9.668  37.105 0.2000000030
99365  33.863  7.380  36.168 0.2000000030
99364  34.440  7.385  36.791 0.2000000030
100251  34.263  8.134  36.321 0.2000000030
96759  32.588  4.825  36.075 0.2000000030
97665  32.881  5.384  36.082 0.2000000030
98525  33.473  6.587  36.055 0.2000000030
101786  35.526  10.427  36.576 0.2000000030
154240  34.699  8.519  36.576 0.2000000030
137991  34.478  8.921  36.217 0.2000000030
101025  34.130  9.471  35.654 0.2000000030
99368  33.443  7.393  35.404 0.2000000030
100255  33.853  8.666  35.672 0.2000000030
97676  33.039  5.864  35.599 0.2000000030
98535  33.156  6.587  34.903 0.2000000030
101790  34.406  10.259  35.554 0.3000000119
101026  33.554  9.212  34.907 0.2000000030
101795  33.662  10.054  34.474 0.2000000030
99376  33.229  7.599  34.433 0.2000000030
100264  33.320  8.839  33.353 0.2000000030
101813  33.951  10.166  32.023 0.2000000030
136164  33.546  10.069  32.830 0.2000000030
149739  43.296  13.397  30.695 0.3000000119
104054  42.572  13.867  30.230 0.3000000119
104076  40.979  13.634  29.681 0.4000000060
152835  35.243  10.850  30.529 0.2000000030
102545  34.347  10.942  31.522 0.2000000030
132701  37.109  12.169  29.539 0.4000000060
102538  34.639  11.477  34.466 0.3000000119
101794  34.044  10.903  34.283 0.2000000030
101798  33.997  11.090  33.395 0.2000000030
101030  33.403  9.630  33.266 0.2000000030
102562  35.327  11.540  30.364 0.3000000119
103324  35.483  12.326  30.293 0.3000000119
103303  34.770  12.493  31.318 0.3000000119
92358  58.157  -0.624  15.223 0.2000000030
90590  57.268  -3.176  13.612 0.3000000119
89718  56.629  -3.822  13.267 0.2000000030
106397  42.860  17.064  29.863 0.4000000060
95196  59.697  2.906  14.910 0.4000000060
95171  59.434  3.182  15.503 0.4000000060
93285  59.065  1.541  14.479 0.4000000060
93273  59.807  1.333  15.501 0.4000000060
92357  58.621  0.078  15.041 0.4000000060
93274  59.198  0.759  15.124 0.2000000030
94209  60.458  1.942  15.822 0.3000000119
91443  57.526  -1.325  14.208 0.3000000119
143471  56.686  -2.720  13.284 0.2000000030
89719  56.192  -3.832  12.898 0.2000000030
90592  55.914  -3.023  13.218 0.2000000030
89720  55.507  -3.579  13.322 0.1000000015
89712  54.728  -3.202  14.398 0.1000000015
90577  53.766  -2.293  15.872 0.1000000015
90578  53.132  -2.458  16.468 0.1000000015
110780  44.849  22.405  31.801 0.2000000030
137340  43.731  21.759  29.805 0.2000000030
110056  43.419  21.773  31.548 0.2000000030
94193  58.009  2.392  17.089 0.4000000060
140315  58.770  3.089  14.857 0.4000000060
95162  59.172  2.969  16.694 0.4000000060
142063  58.399  2.648  14.270 0.4000000060
92368  58.048  -0.363  14.581 0.3000000119
90597  57.095  -2.672  13.469 0.2000000030
90584  55.268  -2.405  14.203 0.2000000030
143415  54.104  -2.931  15.278 0.1000000015
91440  53.980  -1.452  15.703 0.1000000015
91432  52.599  -1.645  16.811 0.1000000015
92348  53.402  -0.908  15.873 0.1000000015
91431  53.297  -1.551  16.301 0.1000000015
92362  52.021  -0.286  15.528 0.2000000030
92350  51.352  -0.409  16.219 0.2000000030
93291  49.346  0.420  14.626 0.2000000030
93306  49.218  0.593  13.730 0.2000000030
94164  57.140  1.969  19.098 0.4000000060
94178  57.537  2.162  18.188 0.4000000060
152680  58.032  2.651  15.256 0.4000000060
95183  58.604  2.783  14.436 0.4000000060
94245  57.913  2.402  13.838 0.4000000060
140696  56.710  0.427  13.554 0.3000000119
92378  57.414  -0.274  14.013 0.3000000119
92379  56.673  -0.838  13.633 0.3000000119
92380  56.037  -0.674  13.512 0.3000000119
91449  57.230  -1.665  13.782 0.3000000119
134433  56.395  -1.415  13.534 0.3000000119
91451  56.259  -1.933  13.493 0.3000000119
92369  55.642  -1.057  13.702 0.3000000119
90591  56.339  -2.942  13.174 0.2000000030
91444  55.848  -2.142  13.630 0.2000000030
91445  55.212  -1.333  14.246 0.2000000030
91439  54.593  -1.421  14.967 0.1000000015
92360  53.957  -0.556  15.234 0.1000000015
92361  52.900  -0.391  15.395 0.1000000015
133311  46.166  0.540  16.292 0.1000000015
92373  52.217  0.089  14.680 0.2000000030
93275  51.173  0.153  14.998 0.2000000030
130247  49.897  0.430  14.096 0.2000000030
150636  46.682  0.681  15.652 0.1000000015
93292  48.436  0.667  13.879 0.2000000030
128779  48.029  0.608  14.506 0.2000000030
149213  56.668  1.757  18.388 0.4000000060
94194  57.014  1.890  17.453 0.4000000060
95163  57.355  2.214  16.242 0.4000000060
95173  57.247  2.466  15.115 0.4000000060
95212  57.205  2.557  13.639 0.4000000060
94259  57.060  2.319  13.293 0.4000000060
142798  56.463  2.582  13.211 0.4000000060
154148  56.413  2.364  12.918 0.4000000060
93299  56.637  1.646  13.077 0.3000000119
94260  55.913  1.823  12.711 0.4000000060
93300  55.974  0.758  13.188 0.3000000119
92381  55.313  0.323  13.380 0.3000000119
92370  54.952  -0.337  13.988 0.3000000119
92359  54.585  -0.703  14.619 0.2000000030
92372  53.213  0.039  14.514 0.2000000030
93253  45.477  0.438  17.021 0.1000000015
130185  50.146  0.299  14.805 0.2000000030
93278  46.755  0.990  14.869 0.2000000030
93294  47.529  0.818  14.450 0.2000000030
95199  56.293  2.686  13.217 0.5000000000
94270  55.771  2.570  12.731 0.4000000060
94271  55.092  2.252  12.308 0.4000000060
93312  55.223  1.408  12.664 0.3000000119
93313  54.550  1.773  12.037 0.4000000060
93288  53.534  0.446  13.565 0.2000000030
94251  47.202  1.190  13.997 0.2000000030
93293  47.900  0.873  13.672 0.2000000030
94235  45.904  1.288  14.822 0.2000000030
94253  45.417  1.879  14.347 0.2000000030
95243  53.247  2.924  10.598 0.3000000119
144909  51.817  1.367  11.319 0.3000000119
93316  51.511  1.029  12.150 0.3000000119
93304  51.083  0.715  13.124 0.2000000030
93305  50.178  0.588  13.323 0.2000000030
96132  52.783  3.018  10.437 0.3000000119
140598  52.187  2.448  10.469 0.3000000119
93317  50.624  0.955  12.370 0.3000000119
94275  51.091  1.259  11.312 0.3000000119
94276  50.154  1.267  11.476 0.2000000030
93318  49.657  0.868  12.637 0.2000000030
93307  48.639  0.933  12.968 0.2000000030
94277  49.207  1.328  11.782 0.2000000030
94252  46.375  1.481  14.230 0.2000000030
94262  47.502  1.342  13.162 0.2000000030
94263  46.796  1.691  13.494 0.2000000030
95252  51.759  3.006  10.158 0.3000000119
96120  52.022  3.202  10.516 0.4000000060
94300  51.437  2.672  10.070 0.4000000060
94301  50.484  2.754  9.682 0.4000000060
94290  49.700  1.793  10.529 0.2000000030
94289  50.666  1.919  10.310 0.3000000119
94278  48.417  1.444  12.005 0.2000000030
94237  44.244  1.619  15.377 0.1000000015
95209  43.254  2.874  14.447 0.2000000030
94261  48.014  1.144  12.832 0.2000000030
96106  42.575  3.310  14.705 0.2000000030
95245  50.437  3.367  10.366 0.4000000060
94254  44.485  2.001  14.697 0.1000000015
152129  43.947  2.513  14.410 0.1000000015
96930  43.324  4.379  20.418 0.3000000119
95253  50.669  3.054  9.704 0.4000000060
95254  49.925  2.999  9.342 0.4000000060
94291  48.916  1.904  10.837 0.2000000030
95208  44.591  2.510  14.091 0.2000000030
94302  50.044  2.517  9.781 0.3000000119
95221  46.326  2.493  13.095 0.2000000030
95207  45.383  2.504  13.638 0.2000000030
94279  47.812  1.646  12.266 0.3000000119
96981  42.977  4.629  14.665 0.3000000119
131026  42.659  4.417  15.370 0.2000000030
96973  43.375  4.600  16.104 0.3000000119
96929  44.735  4.723  19.866 0.4000000060
96942  43.400  4.183  19.455 0.3000000119
95255  49.372  3.034  9.639 0.3000000119
96105  43.005  3.788  13.959 0.2000000030
96941  44.248  4.403  19.248 0.3000000119
94303  49.475  2.584  9.900 0.3000000119
95246  48.865  2.683  10.206 0.4000000060
94264  46.063  1.977  13.777 0.2000000030
94280  47.196  2.015  12.678 0.2000000030
96980  43.427  4.911  15.195 0.3000000119
133997  44.109  4.567  16.703 0.3000000119
97816  44.287  4.869  20.579 0.3000000119
96997  48.604  4.151  10.122 0.4000000060
96143  48.893  3.307  9.912 0.4000000060
97005  48.767  3.777  10.069 0.4000000060
94292  48.261  2.105  11.201 0.3000000119
96953  45.171  4.722  18.272 0.3000000119
96928  45.027  4.698  19.112 0.3000000119
96971  44.938  4.820  16.743 0.3000000119
96962  45.243  4.852  17.509 0.3000000119
97006  48.180  4.890  10.017 0.4000000060
96137  47.543  4.481  10.474 0.4000000060
97815  45.058  5.122  20.302 0.4000000060
96136  48.284  3.847  10.087 0.4000000060
95248  47.542  3.378  11.025 0.4000000060
95237  46.960  2.884  12.170 0.3000000119
95238  46.223  3.263  12.497 0.3000000119
97814  45.633  5.669  20.276 0.4000000060
98642  45.439  6.366  20.829 0.4000000060
95247  48.225  2.953  10.550 0.4000000060
95236  47.625  2.420  11.629 0.3000000119
148110  45.456  5.132  19.703 0.4000000060
96988  43.091  4.483  14.093 0.3000000119
97831  45.711  5.158  18.852 0.3000000119
97822  46.286  5.731  19.457 0.4000000060
97851  44.124  5.266  14.872 0.3000000119
96972  44.334  4.979  15.823 0.3000000119
133452  47.935  6.095  9.670 0.4000000060
98709  48.112  7.254  10.052 0.4000000060
130642  47.906  5.873  9.774 0.4000000060
95222  45.425  3.172  13.008 0.2000000030
95223  44.576  3.137  13.510 0.2000000030
96112  43.856  3.823  13.535 0.3000000119
95224  43.838  3.119  13.982 0.3000000119
99493  45.873  7.083  20.829 0.4000000060
99483  45.124  7.188  21.126 0.4000000060
135250  44.882  7.977  21.373 0.4000000060
100375  45.818  7.945  21.112 0.4000000060
96994  43.437  4.343  13.697 0.3000000119
98641  46.333  6.512  20.250 0.4000000060
97844  45.716  5.256  17.001 0.3000000119
146140  44.874  5.549  14.551 0.3000000119
153379  44.870  5.317  15.246 0.3000000119
97845  45.449  5.298  15.932 0.3000000119
97837  46.443  5.653  17.471 0.3000000119
147249  42.491  10.080  20.626 0.4000000060
101923  43.056  9.705  20.844 0.4000000060
98701  49.265  7.498  11.911 0.4000000060
101145  43.872  9.326  21.196 0.6000000238
100364  44.473  8.672  21.399 0.6000000238
97876  48.025  7.020  9.573 0.4000000060
97877  47.530  6.431  10.227 0.4000000060
96125  45.647  4.036  12.313 0.3000000119
100363  45.361  8.743  21.413 0.5000000000
96111  44.726  3.865  13.062 0.3000000119
96993  44.251  4.591  13.340 0.3000000119
99492  46.528  7.477  20.546 0.4000000060
99502  47.082  7.158  19.906 0.5000000000
97867  43.709  4.864  13.852 0.3000000119
97859  44.192  5.316  14.123 0.3000000119
98657  47.098  6.027  18.034 0.5000000000
140066  46.916  6.049  18.812 0.5000000000
97850  46.081  5.912  15.355 0.3000000119
97843  46.348  5.724  16.405 0.3000000119
102677  42.237  10.989  19.656 0.3000000119
101933  42.158  10.561  20.167 0.2000000030
101932  42.734  10.487  20.459 0.4000000060
102671  43.397  11.043  20.965 0.5000000000
130084  43.536  10.141  21.078 0.6000000238
98716  47.989  7.510  9.868 0.4000000060
101922  44.475  10.216  21.506 0.6000000238
97882  47.924  7.102  9.907 0.4000000060
98717  47.540  7.162  10.373 0.4000000060
101921  45.392  10.316  21.746 0.6000000238
97871  45.656  5.869  12.059 0.4000000060
98704  46.058  6.503  12.196 0.4000000060
101143  45.822  9.546  21.554 0.6000000238
97872  44.972  5.230  12.803 0.3000000119
97866  44.533  5.233  13.516 0.3000000119
100362  46.212  8.853  21.229 0.6000000238
133828  44.989  5.734  13.754 0.3000000119
97858  45.644  6.144  14.293 0.4000000060
98649  46.965  6.494  19.402 0.5000000000
98656  47.438  6.624  18.583 0.5000000000
98648  47.398  7.072  19.232 0.5000000000
99491  47.244  7.918  20.206 0.5000000000
98677  46.929  6.330  15.771 0.4000000060
142908  47.591  6.505  17.785 0.5000000000
99510  47.843  7.370  18.760 0.6000000238
103414  43.464  12.193  20.953 0.3000000119
102676  42.728  11.256  20.088 0.3000000119
98708  48.870  8.033  10.852 0.5000000000
102670  44.125  11.645  21.609 0.5000000000
99558  49.095  8.275  11.152 0.5000000000
144263  44.086  10.836  21.479 0.5000000000
99559  48.225  8.207  10.654 0.4000000060
102669  44.928  11.189  21.836 0.6000000238
98703  46.495  7.124  12.343 0.4000000060
97865  45.237  5.829  12.923 0.4000000060
98702  47.188  7.592  12.552 0.4000000060
98695  46.383  6.865  13.485 0.4000000060
98686  46.626  6.525  14.643 0.4000000060
98685  47.493  6.967  15.020 0.5000000000
99501  47.587  7.686  19.481 0.6999999881
98676  47.738  6.754  16.156 0.5000000000
98666  47.966  6.800  17.171 0.5000000000
99519  48.044  7.019  18.014 0.5000000000
98665  48.705  7.412  17.329 0.5000000000
98707  50.062  8.593  11.516 0.5000000000
99557  50.598  9.051  11.696 0.6000000238
99552  48.988  8.652  11.536 0.5000000000
148305  47.989  8.248  11.581 0.4000000060
99553  48.106  7.966  12.668 0.5000000000
101158  46.918  8.974  20.965 0.6999999881
99546  48.169  7.687  14.028 0.5000000000
100373  47.399  8.692  20.448 0.6999999881
99537  48.439  7.400  15.362 0.6000000238
99500  48.157  8.057  19.032 0.6999999881
98675  48.371  7.130  16.498 0.6000000238
99509  48.507  7.668  18.281 0.6000000238
99529  49.095  7.527  16.235 0.6000000238
99508  49.316  8.020  17.836 0.6000000238
99543  51.578  8.461  12.663 0.5000000000
99550  51.770  8.717  12.910 0.6000000238
100420  49.881  9.174  11.919 0.5000000000
100423  51.138  9.002  12.146 0.6000000238
99545  49.734  8.711  12.972 0.6000000238
100418  51.543  8.904  12.973 0.6999999881
142370  49.048  8.160  14.067 0.6000000238
99535  50.564  8.487  14.667 0.6000000238
150997  52.528  8.499  14.704 0.6999999881
99536  49.516  7.864  15.061 0.6000000238
99517  50.653  8.281  16.305 0.6000000238
99528  50.082  7.949  15.813 0.6999999881
99518  49.723  7.754  16.907 0.6999999881
100397  50.291  8.281  17.341 0.6999999881
100396  51.523  8.522  16.631 0.6000000238
139044  43.558  21.793  30.663 0.2000000030
110067  44.410  21.912  30.348 0.2000000030
93287  54.424  0.435  13.414 0.3000000119
93302  53.966  0.988  12.668 0.3000000119
93303  53.012  0.867  12.753 0.2000000030
140800  51.591  0.403  13.908 0.2000000030
93290  50.662  0.423  14.029 0.2000000030
140926  55.558  2.836  13.027 0.5000000000
133417  55.005  2.814  12.334 0.4000000060
96117  53.973  3.170  11.163 0.3000000119
151052  54.671  2.634  11.819 0.3000000119
95184  57.255  2.696  14.125 0.4000000060
95185  56.619  2.671  13.802 0.4000000060
96133  51.033  3.262  9.981 0.4000000060
99527  50.939  8.531  15.314 0.6000000238
99534  51.804  8.748  14.182 0.6000000238
96093  60.703  3.235  16.542 0.4000000060
95170  59.866  3.362  16.066 0.4000000060
95180  60.629  3.033  15.956 0.4000000060
91437  57.624  -1.549  14.611 0.3000000119
90581  57.441  -2.553  14.279 0.2000000030
95181  60.007  3.198  15.520 0.4000000060
152729  59.985  2.195  15.080 0.4000000060
95197  59.029  2.837  14.471 0.4000000060
92367  58.639  0.683  14.573 0.4000000060
91450  56.769  -1.966  13.520 0.3000000119
139930  57.808  2.623  14.007 0.4000000060
93286  58.405  1.546  14.104 0.4000000060
90585  54.416  -2.251  15.174 0.1000000015
93298  57.502  1.333  13.681 0.4000000060
92371  54.150  -0.013  14.305 0.2000000030
93289  52.568  0.423  13.724 0.2000000030
93301  54.684  1.000  12.750 0.3000000119
94287  52.868  2.570  10.609 0.3000000119
94273  53.179  2.063  11.125 0.3000000119
94272  54.059  2.487  11.294 0.3000000119
94288  51.622  1.837  10.597 0.3000000119
94274  52.375  1.874  10.907 0.3000000119
93315  52.503  1.276  11.821 0.3000000119
136384  52.022  0.737  12.917 0.3000000119
96134  49.558  3.385  10.115 0.4000000060
96135  49.035  3.633  9.980 0.4000000060
98643  44.890  5.582  20.816 0.4000000060
97838  45.754  5.267  17.932 0.3000000119
154639  47.846  5.215  9.872 0.4000000060
97007  47.225  5.357  10.463 0.4000000060
96124  46.709  3.772  11.626 0.3000000119
97830  46.399  5.619  18.445 0.4000000060
96999  46.457  4.643  11.327 0.4000000060
97878  46.411  5.755  11.209 0.4000000060
101144  44.896  9.467  21.551 0.6000000238
96126  44.964  4.587  12.730 0.3000000119
97000  45.625  5.085  11.956 0.3000000119
100374  46.693  8.306  20.787 0.6000000238
98667  47.192  6.229  16.978 0.4000000060
99563  47.992  7.791  10.130 0.5000000000
98710  46.904  7.234  11.244 0.4000000060
101142  46.720  9.545  21.370 0.6000000238
98694  47.262  7.253  13.800 0.5000000000
100419  50.660  9.133  12.486 0.6000000238
99544  50.072  8.511  13.836 0.6000000238
93314  53.604  1.511  11.830 0.3000000119
149843  36.388  13.428  30.019 0.2000000030
104057  35.425  13.599  30.964 0.2000000030
110060  39.726  20.937  31.676 0.2000000030
109294  39.051  20.730  31.059 0.2000000030
109296  37.617  20.090  31.453 0.2000000030
109300  37.695  20.082  30.745 0.2000000030
107797  36.461  18.182  30.628 0.2000000030
107088  36.020  17.635  31.212 0.2000000030
108569  37.655  19.270  29.675 0.2000000030
138909  37.048  16.941  30.262 0.2000000030
106384  36.742  16.259  30.651 0.2000000030
105563  35.788  15.254  31.525 0.2000000030
128608  35.329  13.934  31.721 0.2000000030
107804  37.760  18.204  29.631 0.2000000030
105575  36.712  15.306  30.590 0.2000000030
105574  37.547  15.613  30.396 0.3000000119
109289  38.912  20.601  31.950 0.2000000030
110072  39.848  21.066  30.770 0.2000000030
108555  36.622  19.239  31.689 0.2000000030
151018  35.913  17.927  31.879 0.2000000030
109305  37.924  19.949  29.984 0.2000000030
107803  38.335  18.918  29.245 0.2000000030
108553  38.020  20.234  32.223 0.2000000030
107789  36.287  18.548  32.370 0.2000000030
106341  35.594  16.302  32.523 0.2000000030
103297  34.695  12.550  32.168 0.2000000030
107109  37.719  17.141  29.975 0.2000000030
106383  37.704  16.310  30.383 0.2000000030
133829  35.490  14.970  32.604 0.2000000030
104023  35.124  13.395  32.411 0.2000000030
104796  38.205  15.019  30.086 0.3000000119
110041  44.070  22.021  32.151 0.1000000015
110042  43.299  21.721  32.437 0.1000000015
110043  41.877  21.469  32.049 0.1000000015
110044  41.139  21.278  32.190 0.2000000030
131785  42.630  21.588  31.811 0.1000000015
110058  41.373  21.393  31.536 0.1000000015
110045  40.350  21.062  32.344 0.2000000030
110070  41.270  21.439  30.823 0.1000000015
110059  40.607  21.244  31.387 0.2000000030
132913  37.524  19.753  32.689 0.2000000030
107783  36.256  18.131  33.071 0.2000000030
109304  38.692  20.265  29.713 0.2000000030
108577  38.841  19.372  29.025 0.2000000030
107788  36.882  19.320  32.592 0.2000000030
107077  35.701  17.015  32.907 0.2000000030
154813  35.401  14.234  32.555 0.2000000030
107108  38.496  17.392  29.714 0.3000000119
142270  38.525  16.509  30.244 0.2000000030
103296  34.980  12.790  33.028 0.2000000030
105573  38.447  15.807  30.412 0.3000000119
104080  37.737  13.324  29.548 0.3000000119
101754  43.711  10.375  40.221 0.1000000015
100990  41.666  9.147  40.254 0.1000000015
110779  45.799  22.479  31.353 0.1000000015
110031  43.949  21.982  33.045 0.1000000015
110055  44.218  22.023  31.251 0.1000000015
110032  43.192  21.597  33.413 0.1000000015
130015  41.685  21.365  32.850 0.1000000015
96749  32.654  4.443  37.323 0.1000000015
95865  31.844  3.307  37.349 0.1000000015
110069  41.971  21.521  30.290 0.1000000015
110046  39.569  20.818  32.584 0.2000000030
95877  32.172  3.825  36.859 0.1000000015
110083  40.728  21.276  29.628 0.2000000030
109302  40.257  20.851  29.171 0.2000000030
108547  38.104  19.950  33.268 0.2000000030
110095  40.990  21.112  28.913 0.2000000030
108567  39.053  20.027  29.137 0.2000000030
132309  38.578  18.170  29.359 0.3000000119
108546  37.885  19.498  33.860 0.2000000030
105544  35.543  15.581  32.998 0.2000000030
107107  39.199  17.665  29.380 0.3000000119
104015  35.475  13.610  33.293 0.2000000030
129421  39.271  16.870  29.994 0.3000000119
105580  39.038  15.240  30.020 0.2000000030
104079  38.543  13.544  29.519 0.3000000119
129999  46.155  10.698  40.307 0.1000000015
100987  45.767  9.851  40.845 0.1000000015
100986  46.577  9.909  40.873 0.1000000015
154044  45.612  11.173  39.805 0.1000000015
101753  44.379  10.807  40.014 0.1000000015
101765  43.653  11.009  39.635 0.1000000015
101755  42.845  10.464  40.042 0.1000000015
100989  42.462  9.390  40.400 0.1000000015
100996  41.889  10.022  39.940 0.1000000015
100997  41.059  9.645  39.877 0.1000000015
100229  40.242  8.382  39.875 0.1000000015
100998  40.308  9.235  39.726 0.1000000015
100999  39.616  8.790  39.488 0.1000000015
98503  37.633  6.798  38.715 0.1000000015
130833  47.553  22.241  31.431 0.1000000015
97640  34.750  5.528  38.375 0.1000000015
110769  44.696  22.350  32.755 0.1000000015
130751  33.236  4.945  37.706 0.1000000015
110054  45.101  22.228  30.855 0.1000000015
96748  32.960  5.096  36.801 0.1000000015
141434  32.529  4.489  36.632 0.1000000015
110068  42.904  21.680  30.049 0.1000000015
110033  42.263  21.427  33.496 0.1000000015
134338  40.899  21.151  33.015 0.2000000030
109283  39.429  20.771  33.449 0.2000000030
110080  43.174  21.564  29.254 0.1000000015
110094  41.839  21.159  28.813 0.2000000030
109313  39.804  20.262  28.834 0.2000000030
146698  36.537  17.985  33.627 0.2000000030
106340  35.710  16.294  33.366 0.2000000030
104766  35.623  14.713  33.325 0.2000000030
109310  42.258  20.756  28.232 0.2000000030
108575  40.239  19.650  28.346 0.2000000030
107813  39.145  18.585  28.905 0.2000000030
103294  34.821  12.147  33.457 0.2000000030
108574  41.024  19.910  28.029 0.2000000030
135728  40.528  18.170  28.480 0.2000000030
106400  39.335  16.052  30.404 0.3000000119
105572  40.026  16.545  30.176 0.3000000119
105579  39.793  15.404  30.027 0.2000000030
104078  39.387  13.770  29.561 0.3000000119
104810  40.177  14.862  29.790 0.4000000060
103341  39.157  12.879  29.484 0.3000000119
148786  40.137  13.046  29.570 0.3000000119
149563  47.584  8.584  41.600 0.1000000015
99320  47.759  7.213  42.588 0.1000000015
100977  47.070  9.190  41.227 0.1000000015
99319  48.772  7.441  42.681 0.1000000015
154575  46.911  10.544  40.548 0.1000000015
135074  48.886  9.503  41.333 0.1000000015
100203  49.133  8.295  42.195 0.1000000015
102488  46.209  11.482  39.655 0.1000000015
101752  46.912  11.228  40.121 0.1000000015
101751  47.635  10.784  40.504 0.1000000015
100984  48.285  10.169  40.932 0.1000000015
100975  51.325  9.657  41.736 0.1000000015
146283  44.954  11.586  39.191 0.1000000015
129997  48.667  11.098  40.443 0.1000000015
101747  49.326  10.340  41.040 0.1000000015
100976  49.962  9.663  41.506 0.1000000015
102501  42.948  11.212  39.192 0.1000000015
147869  42.370  11.389  38.805 0.1000000015
102502  42.123  10.860  39.415 0.1000000015
101766  41.263  10.496  39.439 0.1000000015
100230  39.571  7.954  39.564 0.1000000015
101775  41.535  11.250  38.834 0.1000000015
101767  40.412  10.102  39.408 0.1000000015
101768  39.671  9.621  39.290 0.1000000015
99343  38.997  7.487  39.217 0.1000000015
99344  38.426  6.992  38.964 0.1000000015
101777  39.662  10.525  38.874 0.1000000015
143785  39.126  9.150  39.123 0.1000000015
100238  38.128  8.323  38.623 0.1000000015
99351  37.909  7.519  38.539 0.1000000015
99352  37.269  7.308  38.328 0.1000000015
98504  36.778  6.673  38.412 0.1000000015
97639  35.562  5.681  38.647 0.1000000015
100247  36.374  8.374  37.819 0.1000000015
98505  35.191  6.135  38.050 0.1000000015
99360  35.763  7.652  37.598 0.1000000015
138758  34.914  6.545  37.611 0.1000000015
97653  34.390  6.012  37.660 0.1000000015
110767  47.101  22.764  32.383 0.1000000015
110768  45.512  22.646  32.353 0.1000000015
137603  46.141  22.777  32.816 0.1000000015
110756  45.423  22.550  33.400 0.1000000015
110757  44.565  22.157  33.643 0.1000000015
111422  46.985  23.080  27.493 0.1000000015
111419  46.894  23.610  28.119 0.1000000015
132614  43.926  21.771  33.788 0.1000000015
110034  41.431  21.298  33.683 0.2000000030
144466  40.123  21.021  33.188 0.2000000030
108545  38.309  19.850  34.022 0.2000000030
103293  35.382  12.727  33.820 0.2000000030
109324  41.838  20.108  27.825 0.2000000030
107073  36.588  17.300  34.111 0.2000000030
105543  35.829  15.527  33.741 0.2000000030
108586  42.331  19.444  27.544 0.2000000030
153079  41.400  18.704  27.933 0.2000000030
140182  40.730  17.499  29.190 0.3000000119
107120  41.303  18.072  28.372 0.3000000119
106399  40.717  16.950  30.086 0.3000000119
107119  42.074  17.719  28.512 0.3000000119
152057  41.334  17.136  29.955 0.3000000119
106382  41.531  16.640  30.343 0.3000000119
107104  42.229  17.276  29.330 0.3000000119
104809  40.830  14.637  29.799 0.4000000060
106398  42.098  17.085  30.131 0.3000000119
147929  41.375  15.509  30.198 0.3000000119
105570  42.777  15.883  30.730 0.3000000119
135488  42.071  15.987  30.446 0.3000000119
104794  43.344  14.600  30.569 0.2000000030
97595  48.519  5.989  44.380 0.1000000015
98470  48.353  6.625  43.270 0.1000000015
135663  45.545  11.586  39.325 0.1000000015
102498  46.968  11.879  39.618 0.1000000015
102497  47.808  12.177  39.614 0.1000000015
102486  48.606  11.925  39.891 0.1000000015
101746  50.547  10.444  41.207 0.1000000015
101743  52.565  11.286  41.766 0.1000000015
103242  45.248  11.910  38.993 0.1000000015
102500  43.657  11.542  38.973 0.1000000015
103255  44.085  12.483  38.359 0.1000000015
102510  43.654  11.899  38.532 0.1000000015
102511  42.961  11.670  38.387 0.1000000015
102512  42.112  11.717  38.283 0.1000000015
101776  40.631  10.877  38.938 0.1000000015
140114  41.388  11.698  38.252 0.1000000015
102514  40.106  11.312  38.405 0.1000000015
138762  38.838  10.493  38.549 0.1000000015
101008  38.444  9.159  38.828 0.1000000015
101009  37.624  9.137  38.476 0.1000000015
102515  39.201  11.124  38.260 0.1000000015
101778  38.125  10.010  38.493 0.1000000015
141505  37.302  9.871  38.051 0.1000000015
100246  36.827  9.106  38.063 0.1000000015
136846  36.169  9.149  37.667 0.1000000015
110754  47.682  22.806  33.054 0.1000000015
111418  47.784  23.355  28.727 0.1000000015
148735  42.750  21.459  34.076 0.1000000015
110023  42.014  21.395  34.296 0.1000000015
110036  39.916  21.048  33.888 0.2000000030
102537  35.189  11.773  34.858 0.2000000030
107779  37.508  18.918  33.993 0.2000000030
107072  37.106  18.146  34.094 0.2000000030
129470  35.914  12.907  34.304 0.2000000030
104752  35.934  14.064  33.926 0.2000000030
99476  41.685  7.864  22.826 0.2000000030
99464  41.192  7.465  23.180 0.3000000119
98625  41.674  7.027  22.915 0.2000000030
99485  43.376  7.906  21.697 0.3000000119
99475  42.321  7.464  22.463 0.2000000030
98624  42.319  6.466  22.434 0.2000000030
98635  43.759  6.761  21.668 0.3000000119
142732  43.724  7.443  21.657 0.3000000119
99474  43.091  7.176  22.051 0.3000000119
98623  43.128  6.235  21.934 0.3000000119
140881  43.755  6.022  21.594 0.3000000119
98634  44.506  6.375  21.294 0.3000000119
97802  44.063  5.478  21.211 0.3000000119
103253  45.463  12.542  38.746 0.1000000015
103241  46.178  12.124  39.152 0.1000000015
103254  44.803  12.274  38.681 0.1000000015
103256  43.251  12.284  38.009 0.1000000015
103257  42.474  12.165  37.839 0.1000000015
102519  40.710  11.909  37.866 0.1000000015
102520  39.701  11.723  37.699 0.1000000015
102521  38.775  11.474  37.540 0.1000000015
101781  38.378  10.840  38.074 0.1000000015
101782  37.105  10.580  37.526 0.1000000015
101017  36.545  9.849  37.599 0.1000000015
149440  49.867  21.939  32.103 0.1000000015
137576  47.073  22.755  34.042 0.1000000015
154832  46.021  22.686  33.471 0.1000000015
140982  43.511  21.579  34.396 0.1000000015
103284  35.964  12.038  35.121 0.2000000030
109281  39.386  20.688  34.392 0.2000000030
107778  38.184  19.266  34.523 0.2000000030
106334  36.260  16.278  34.159 0.2000000030
105532  36.403  15.316  34.365 0.2000000030
103289  35.643  12.353  34.509 0.2000000030
100351  41.604  8.599  22.665 0.3000000119
100339  41.000  8.285  23.200 0.3000000119
101135  41.890  9.049  22.048 0.3000000119
150995  42.801  7.871  22.040 0.2000000030
100350  42.271  8.330  22.234 0.3000000119
137522  44.085  7.988  21.491 0.3000000119
99484  44.337  7.301  21.429 0.3000000119
100382  47.802  8.389  19.749 0.6000000238
103969  46.136  12.994  38.850 0.1000000015
103979  44.178  13.325  38.163 0.1000000015
103266  43.527  13.102  37.875 0.1000000015
103989  43.004  13.953  37.674 0.1000000015
103267  42.735  12.933  37.618 0.1000000015
150238  42.113  13.828  37.293 0.1000000015
135200  40.191  12.304  37.084 0.1000000015
103275  39.705  12.705  36.462 0.1000000015
103270  39.275  12.067  36.948 0.1000000015
102526  38.373  11.812  36.784 0.1000000015
102522  37.813  11.190  37.396 0.1000000015
103276  38.835  12.479  36.306 0.1000000015
102527  37.524  11.580  36.581 0.1000000015
102523  37.049  11.137  37.045 0.1000000015
103277  37.995  12.164  36.078 0.1000000015
102532  37.179  11.888  35.888 0.1000000015
101783  36.301  10.669  37.013 0.1000000015
110753  49.002  22.536  32.735 0.1000000015
103283  36.763  12.280  35.314 0.2000000030
136645  48.188  22.885  33.896 0.1000000015
110740  46.073  22.549  34.105 0.1000000015
104005  37.075  12.965  34.978 0.2000000030
102533  36.318  11.702  35.768 0.1000000015
102529  35.845  11.127  36.291 0.1000000015
110741  45.170  22.273  34.312 0.1000000015
110021  44.363  21.864  34.389 0.1000000015
104010  37.328  13.873  34.912 0.2000000030
110024  41.085  21.347  34.618 0.2000000030
138429  36.926  15.812  34.659 0.2000000030
104011  36.449  13.444  34.442 0.2000000030
106333  37.147  16.586  34.692 0.2000000030
112127  46.574  24.609  27.976 0.1000000015
103395  46.966  13.261  23.021 0.5000000000
103401  47.046  12.288  22.869 0.5000000000
103402  46.138  12.747  22.714 0.5000000000
102659  45.587  11.932  22.323 0.5000000000
102637  49.031  11.540  23.276 0.5000000000
100366  42.925  8.388  21.620 0.4000000060
101146  43.084  8.993  21.112 0.4000000060
102656  48.020  11.242  22.636 0.5000000000
102657  47.301  11.454  22.540 0.5000000000
100365  43.662  8.541  21.360 0.5000000000
102654  50.496  10.953  22.773 0.5000000000
149058  48.737  11.100  22.651 0.5000000000
101900  50.140  10.577  21.987 0.6000000238
100372  48.051  9.050  20.089 0.6000000238
100379  50.135  9.028  19.096 0.6000000238
100380  49.307  8.832  19.185 0.6000000238
132164  50.850  8.558  17.695 0.6000000238
100391  49.918  8.598  18.337 0.6000000238
100392  48.927  8.334  18.676 0.6000000238
103978  44.797  12.979  38.436 0.1000000015
103977  45.457  13.488  38.629 0.1000000015
103976  46.064  13.866  38.842 0.1000000015
104719  43.797  14.118  37.996 0.1000000015
104729  43.357  14.964  37.699 0.1000000015
103995  41.408  14.132  36.925 0.1000000015
103990  41.310  13.293  36.944 0.1000000015
103997  39.984  13.404  36.191 0.1000000015
104002  39.521  13.745  35.862 0.1000000015
103998  39.259  13.140  35.943 0.1000000015
110752  50.237  22.386  32.762 0.1000000015
103281  38.356  12.986  35.705 0.2000000030
103282  37.524  12.557  35.543 0.2000000030
136754  49.469  22.857  33.938 0.1000000015
104004  38.134  13.788  35.367 0.2000000030
148500  46.581  22.561  34.770 0.1000000015
107066  38.286  17.669  35.088 0.2000000030
106326  37.651  15.860  35.047 0.2000000030
105529  37.242  14.985  34.896 0.2000000030
110020  44.902  21.972  35.038 0.1000000015
110022  42.663  21.475  34.804 0.1000000015
108544  38.704  20.043  34.548 0.2000000030
141224  38.453  18.531  35.152 0.2000000030
106332  37.522  17.470  34.652 0.2000000030
112123  48.020  24.188  29.491 0.1000000015
142037  48.770  24.276  30.212 0.1000000015
109280  40.158  21.145  34.572 0.2000000030
107071  37.854  18.341  34.580 0.2000000030
112853  47.650  25.320  29.244 0.1000000015
112852  48.350  25.300  29.964 0.1000000015
113627  47.735  26.059  28.760 0.1000000015
104857  48.003  14.422  23.073 0.5000000000
104121  47.099  14.062  22.893 0.5000000000
134723  46.306  13.763  22.684 0.5000000000
104122  45.538  13.420  22.439 0.5000000000
104129  45.090  13.761  21.810 0.4000000060
103403  45.368  12.659  22.400 0.4000000060
104123  44.845  12.989  22.059 0.4000000060
103413  44.304  12.461  21.634 0.4000000060
101147  42.375  9.501  21.236 0.4000000060
102658  46.456  11.720  22.482 0.5000000000
101904  45.921  11.069  22.043 0.5000000000
101903  46.846  10.911  22.080 0.6000000238
101901  48.350  10.823  22.182 0.6000000238
101919  47.360  10.206  21.545 0.6000000238
101917  49.786  10.150  21.209 0.6000000238
101141  48.086  9.980  21.100 0.6000000238
101930  51.406  9.895  20.606 0.6000000238
101931  50.449  9.810  20.535 0.6000000238
101154  51.143  9.565  19.874 0.6000000238
101168  48.858  9.192  19.854 0.6000000238
101167  49.583  9.226  19.669 0.6000000238
100390  50.895  8.867  18.375 0.6000000238
101166  51.001  9.228  19.107 0.6000000238
101174  51.963  8.925  18.343 0.6999999881
142400  44.875  15.232  38.409 0.1000000015
104717  45.535  14.690  38.699 0.1000000015
104728  44.152  15.291  37.969 0.1000000015
105498  45.969  15.528  38.958 0.1000000015
105504  43.602  15.799  37.502 0.1000000015
134009  43.096  15.618  37.361 0.1000000015
104730  42.655  14.869  37.377 0.1000000015
140052  41.887  15.004  36.911 0.1000000015
104740  41.118  14.696  36.724 0.2000000030
105515  41.171  15.577  36.626 0.2000000030
104741  40.507  14.879  36.456 0.2000000030
104742  40.004  14.215  36.085 0.2000000030
105516  40.425  15.750  36.216 0.2000000030
105517  39.812  15.108  36.070 0.2000000030
105527  38.975  15.350  35.681 0.2000000030
135802  50.799  22.719  33.735 0.1000000015
146734  38.388  15.886  35.355 0.2000000030
104746  38.564  14.476  35.484 0.2000000030
110738  48.559  22.801  34.735 0.1000000015
133497  38.836  17.173  35.529 0.2000000030
105528  38.119  15.169  35.294 0.2000000030
141241  48.402  22.673  35.593 0.1000000015
110739  47.519  22.698  34.958 0.1000000015
110724  45.808  22.298  35.072 0.1000000015
109271  39.235  20.078  35.740 0.2000000030
142734  38.128  16.709  35.164 0.2000000030
130001  44.119  21.693  35.123 0.1000000015
110009  41.135  21.330  35.546 0.2000000030
129549  39.116  20.264  35.084 0.2000000030
104863  48.776  15.011  22.853 0.5000000000
104865  45.828  14.176  22.203 0.4000000060
104130  44.230  13.244  21.251 0.4000000060
104131  43.463  13.005  20.470 0.2000000030
101920  46.350  10.275  21.738 0.6000000238
101157  47.567  9.446  20.865 0.6000000238
101916  50.770  10.233  21.268 0.6000000238
101155  49.451  9.636  20.389 0.6000000238
101140  48.853  10.059  21.124 0.6000000238
101165  51.983  9.287  19.192 0.6999999881
144790  52.832  9.403  19.288 0.6999999881
105499  45.380  15.774  38.601 0.1000000015
105500  44.753  16.016  38.102 0.1000000015
105493  45.869  16.152  39.064 0.1000000015
105501  43.984  16.248  37.714 0.1000000015
106312  43.215  16.109  37.329 0.1000000015
128105  42.332  16.295  37.280 0.1000000015
105505  42.573  15.728  37.092 0.1000000015
105506  41.934  15.859  36.868 0.2000000030
106316  40.781  16.241  36.478 0.2000000030
106313  41.334  16.389  36.897 0.2000000030
106317  40.247  16.533  36.109 0.2000000030
106318  39.584  16.853  35.789 0.2000000030
105526  39.761  16.016  35.805 0.2000000030
110737  49.412  22.722  35.188 0.1000000015
110723  47.531  22.696  35.851 0.1000000015
110708  46.804  22.708  36.187 0.1000000015
106325  38.970  16.340  35.591 0.2000000030
143310  46.664  22.535  35.479 0.1000000015
110004  45.994  22.362  35.899 0.1000000015
110006  43.861  21.704  36.068 0.1000000015
131483  43.011  21.607  36.080 0.2000000030
110008  42.478  21.505  35.623 0.2000000030
108528  39.363  19.660  36.376 0.2000000030
107771  38.919  18.581  35.811 0.2000000030
110005  45.250  22.091  35.735 0.1000000015
110007  43.288  21.575  35.343 0.1000000015
109256  39.752  20.414  36.228 0.2000000030
146972  39.083  19.363  35.895 0.2000000030
109992  40.419  20.983  35.946 0.2000000030
105653  50.267  15.692  22.656 0.4000000060
104855  49.653  15.114  23.268 0.4000000060
104864  47.286  14.538  22.383 0.5000000000
104874  46.484  14.644  21.673 0.3000000119
104875  45.456  14.329  21.399 0.3000000119
105494  45.160  16.289  38.647 0.1000000015
106307  44.533  16.402  38.257 0.1000000015
106298  43.846  16.752  38.414 0.1000000015
106309  42.134  16.861  38.022 0.2000000030
107055  41.401  16.826  37.619 0.2000000030
130328  40.786  16.966  37.248 0.2000000030
106314  40.540  16.812  36.669 0.2000000030
107056  40.165  17.532  37.168 0.2000000030
107060  39.839  17.371  36.373 0.2000000030
107057  39.634  18.112  36.979 0.2000000030
107065  39.196  17.659  35.931 0.2000000030
109988  44.686  21.931  36.342 0.1000000015
109990  42.270  21.441  36.504 0.2000000030
148505  39.443  18.952  36.981 0.2000000030
151484  39.208  18.965  36.288 0.2000000030
109989  43.169  21.658  36.820 0.2000000030
109991  41.240  21.148  36.431 0.2000000030
108527  39.797  19.925  36.966 0.2000000030
106299  42.689  16.988  38.606 0.1000000015
106300  41.782  17.204  38.861 0.2000000030
107039  41.901  17.271  39.817 0.1000000015
107049  41.226  17.265  38.476 0.2000000030
133085  40.565  17.529  37.987 0.2000000030
107050  40.768  17.791  38.759 0.2000000030
107751  40.437  18.386  38.542 0.2000000030
109247  40.503  20.139  37.553 0.2000000030
107760  39.930  18.425  37.725 0.2000000030
109246  41.263  20.632  37.785 0.2000000030
108519  39.909  19.375  37.561 0.2000000030
109254  41.017  20.789  37.153 0.2000000030
129311  44.056  21.867  37.103 0.2000000030
109255  40.430  20.618  36.732 0.2000000030
106289  43.052  17.024  39.527 0.1000000015
129259  44.104  16.901  39.266 0.1000000015
107040  41.204  17.671  39.355 0.2000000030
107041  40.765  18.247  39.166 0.2000000030
108506  40.692  19.031  39.092 0.2000000030
109239  41.627  20.511  38.544 0.2000000030
108513  41.093  19.814  38.976 0.2000000030
108514  40.363  19.308  38.253 0.2000000030
109240  40.867  20.068  38.333 0.2000000030
109962  41.922  20.955  37.877 0.2000000030
107024  41.825  17.744  40.709 0.1000000015
107032  42.480  17.307  40.630 0.1000000015
108505  41.216  19.368  39.687 0.2000000030
109231  41.686  20.125  39.382 0.2000000030
110093  42.696  21.271  28.677 0.2000000030
108587  41.537  19.291  27.762 0.2000000030
106381  42.408  16.604  30.554 0.3000000119
97654  33.616  5.593  37.295 0.1000000015
98515  34.449  6.692  37.183 0.1000000015
128763  37.975  11.926  29.465 0.3000000119
104075  41.684  14.299  29.901 0.2000000030
104790  35.670  14.399  31.230 0.2000000030
142207  36.003  13.994  30.526 0.2000000030
99361  35.010  7.198  37.343 0.1000000015
130854  42.735  21.643  30.933 0.1000000015
104798  36.596  14.463  30.348 0.2000000030
109298  39.243  20.693  30.218 0.2000000030
108559  37.043  19.748  31.121 0.2000000030
108561  37.239  19.557  30.358 0.2000000030
107097  36.504  17.264  30.627 0.2000000030
107796  37.010  18.729  30.104 0.2000000030
107792  36.236  18.474  31.398 0.2000000030
106354  35.754  16.151  31.737 0.2000000030
106366  36.056  16.728  31.179 0.2000000030
108568  38.370  19.684  29.411 0.2000000030
105562  36.189  15.783  31.145 0.2000000030
105554  35.556  15.523  32.199 0.2000000030
136124  35.487  14.743  31.927 0.2000000030
104797  37.340  14.756  30.149 0.3000000119
110071  40.598  21.304  30.422 0.2000000030
110084  40.019  21.001  29.924 0.2000000030
107083  35.902  17.730  32.579 0.2000000030
134033  37.936  14.169  29.726 0.3000000119
110057  41.969  21.521  31.243 0.1000000015
140795  41.181  21.473  30.103 0.2000000030
107782  36.784  18.694  33.348 0.2000000030
107076  36.075  17.549  33.358 0.2000000030
108576  39.455  19.482  28.684 0.2000000030
140794  46.469  22.671  31.828 0.1000000015
110082  41.481  21.388  29.490 0.2000000030
109311  41.404  20.634  28.366 0.2000000030
107121  39.861  17.895  28.823 0.3000000119
107106  39.965  17.241  29.686 0.3000000119
135504  38.776  14.415  29.706 0.2000000030
100985  47.391  9.986  40.904 0.1000000015
100231  38.932  8.351  39.063 0.1000000015
99350  38.512  7.702  38.824 0.1000000015
97641  33.958  5.310  38.074 0.1000000015
110081  42.331  21.458  29.409 0.1000000015
107812  39.969  18.731  28.434 0.2000000030
107811  40.815  18.931  28.053 0.2000000030
154529  40.081  15.980  30.268 0.3000000119
105571  40.699  16.257  30.311 0.3000000119
104811  39.556  14.648  29.734 0.2000000030
104077  40.173  14.098  29.654 0.4000000060
105578  40.498  15.465  30.071 0.3000000119
100204  48.134  8.042  42.080 0.1000000015
100209  48.501  8.774  41.649 0.1000000015
138145  47.940  9.349  41.281 0.1000000015
100208  49.474  8.974  41.738 0.1000000015
100974  52.365  10.087  41.993 0.1000000015
100239  37.279  8.150  38.210 0.1000000015
99359  36.629  7.506  37.990 0.1000000015
98513  36.157  6.945  37.951 0.1000000015
98514  35.523  6.761  37.759 0.1000000015
107105  41.614  17.396  29.251 0.3000000119
104795  42.344  15.023  30.215 0.2000000030
103268  41.904  12.761  37.429 0.1000000015
103288  36.339  12.649  34.748 0.2000000030
97787  41.838  5.611  22.290 0.2000000030
97803  43.193  5.382  21.596 0.3000000119
103269  41.071  12.536  37.237 0.1000000015
101134  42.519  8.856  21.598 0.4000000060
103274  40.536  12.960  36.643 0.1000000015
110010  40.469  21.200  35.227 0.2000000030
101902  47.683  10.822  22.097 0.6000000238
137642  49.096  10.601  21.910 0.6000000238
101156  48.461  9.572  20.543 0.6000000238
103996  40.697  13.907  36.565 0.2000000030
104003  38.891  13.729  35.637 0.2000000030
108538  38.766  19.478  35.279 0.2000000030
109270  39.728  20.769  35.350 0.2000000030
113626  48.357  26.271  29.399 0.1000000015
102660  44.844  12.156  22.065 0.4000000060
104876  44.655  14.036  21.103 0.2000000030
106308  43.145  16.565  37.741 0.1000000015
87852  62.413  -5.671  16.479 0.1000000015
85809  62.345  -7.037  19.210 0.1000000015
131900  62.366  -6.175  17.571 0.1000000015
87819  62.460  -6.057  20.050 0.1000000015
87841  62.124  -5.516  17.324 0.1000000015
86837  62.343  -6.208  19.204 0.1000000015
87842  61.751  -5.459  17.377 0.1000000015
149644  62.774  -6.734  20.835 0.1000000015
84849  62.864  -7.608  21.606 0.1000000015
131298  62.072  -5.755  19.036 0.1000000015
87830  61.291  -5.555  18.168 0.1000000015
87812  61.477  -5.607  20.335 0.1000000015
139271  61.532  -5.528  18.952 0.1000000015
85774  63.234  -7.449  22.245 0.1000000015
148450  63.375  -7.013  22.236 0.1000000015
84837  63.005  -7.795  22.238 0.1000000015
87798  62.685  -6.416  21.689 0.1000000015
86819  63.016  -6.721  21.579 0.1000000015
87811  62.110  -5.829  20.524 0.1000000015
86847  59.794  -6.118  18.756 0.1000000015
87822  60.037  -5.714  19.447 0.1000000015
87821  60.875  -5.558  19.764 0.1000000015
85835  59.631  -7.036  17.436 0.1000000015
85836  58.952  -7.612  17.887 0.1000000015
84884  58.273  -8.076  18.263 0.1000000015
85773  63.718  -7.422  23.480 0.1000000015
86809  63.593  -7.107  23.064 0.1000000015
87786  63.194  -6.734  22.447 0.1000000015
153328  62.301  -6.356  22.585 0.1000000015
87787  62.207  -6.182  21.971 0.1000000015
87788  61.662  -6.162  22.448 0.1000000015
87789  60.864  -5.932  22.270 0.1000000015
87790  60.004  -5.948  22.042 0.1000000015
86838  59.312  -6.132  19.576 0.1000000015
87801  59.884  -5.714  21.214 0.1000000015
87777  59.158  -6.260  22.706 0.1000000015
85822  59.319  -6.869  18.278 0.1000000015
86848  58.941  -6.638  19.027 0.1000000015
85811  57.567  -7.468  19.651 0.1000000015
85812  56.897  -7.848  19.927 0.1000000015
134914  49.057  -7.183  12.988 0.1000000015
85874  48.031  -7.500  12.385 0.1000000015
83965  47.877  -9.370  12.968 0.1000000015
85873  49.033  -6.357  12.067 0.1000000015
86792  63.582  -6.866  23.368 0.1000000015
87757  62.738  -6.443  23.911 0.1000000015
87773  62.909  -6.524  23.071 0.1000000015
87758  61.947  -6.376  24.054 0.1000000015
87776  60.179  -6.228  22.885 0.1000000015
142332  58.665  -6.362  23.694 0.1000000015
86839  58.656  -6.569  19.677 0.1000000015
86820  58.291  -6.365  20.916 0.1000000015
86810  58.399  -6.277  22.158 0.1000000015
86830  58.044  -6.810  20.177 0.1000000015
85797  57.259  -7.303  20.389 0.1000000015
85799  56.102  -7.803  21.050 0.1000000015
84878  55.837  -8.810  19.937 0.1000000015
81986  51.743  -11.230  16.347 0.1000000015
81987  51.109  -10.903  15.380 0.1000000015
82017  51.246  -10.782  12.966 0.1000000015
82035  50.663  -11.093  12.761 0.1000000015
82954  50.297  -10.403  15.505 0.1000000015
82965  49.590  -10.178  14.349 0.1000000015
82987  49.390  -10.713  12.831 0.1000000015
82977  49.004  -10.055  13.049 0.1000000015
83964  48.158  -9.541  12.807 0.1000000015
83975  47.899  -9.857  12.610 0.1000000015
85859  50.545  -7.131  14.180 0.1000000015
84931  48.033  -8.517  13.109 0.1000000015
86757  61.772  -6.455  25.724 0.1000000015
86747  62.353  -6.383  26.608 0.1000000015
86758  60.624  -6.441  25.708 0.1000000015
86772  61.235  -6.396  24.669 0.1000000015
86771  62.405  -6.398  24.762 0.1000000015
135396  60.222  -6.406  24.853 0.1000000015
87759  61.328  -6.340  23.761 0.1000000015
130844  57.696  -6.376  23.910 0.1000000015
86822  57.108  -6.816  21.706 0.1000000015
138110  56.571  -6.878  22.585 0.1000000015
85786  56.832  -7.248  21.055 0.1000000015
85775  55.797  -7.370  22.351 0.1000000015
84853  54.345  -8.460  21.964 0.1000000015
83890  54.190  -9.539  20.713 0.1000000015
83891  53.255  -9.810  20.991 0.1000000015
82903  52.407  -10.805  19.802 0.1000000015
82904  51.671  -10.582  19.656 0.1000000015
81954  51.625  -11.134  18.233 0.1000000015
82920  50.959  -10.442  17.977 0.1000000015
86800  54.071  -6.817  23.787 0.1000000015
85777  53.581  -7.694  22.926 0.1000000015
84840  52.878  -8.112  22.608 0.1000000015
84855  52.362  -8.598  22.071 0.1000000015
82887  51.967  -10.343  20.387 0.1000000015
147038  51.071  -9.480  19.768 0.1000000015
152001  50.874  -10.087  18.641 0.1000000015
151458  50.759  -10.430  17.161 0.1000000015
86802  52.329  -6.072  23.294 0.1000000015
84841  52.016  -7.721  22.485 0.1000000015
86823  51.434  -6.665  21.652 0.1000000015
84867  51.111  -8.631  20.231 0.1000000015
84879  50.849  -8.617  19.095 0.1000000015
83916  50.736  -9.488  18.032 0.1000000015
82939  50.267  -10.003  16.477 0.1000000015
82955  49.614  -9.667  15.323 0.1000000015
87792  52.173  -5.301  22.944 0.1000000015
87804  51.577  -5.809  21.700 0.1000000015
87814  51.880  -5.175  21.149 0.1000000015
86831  51.344  -6.786  20.614 0.1000000015
87834  51.751  -6.190  18.993 0.1000000015
85825  50.988  -7.794  18.275 0.1000000015
154735  51.296  -7.357  17.574 0.1000000015
85837  51.282  -7.482  16.763 0.1000000015
84911  50.183  -8.739  16.127 0.1000000015
84921  49.190  -8.800  14.757 0.1000000015
83954  48.771  -9.381  13.863 0.1000000015
88733  52.361  -4.536  22.523 0.1000000015
88738  52.303  -4.323  21.498 0.1000000015
88746  52.351  -4.546  20.465 0.1000000015
137906  51.977  -5.329  20.176 0.1000000015
87823  52.172  -5.548  19.221 0.1000000015
86850  51.534  -6.818  18.263 0.1000000015
86862  51.715  -6.881  17.129 0.1000000015
86878  51.786  -7.010  16.089 0.1000000015
85860  49.803  -7.977  14.945 0.1000000015
88745  52.701  -3.760  20.691 0.1000000015
89672  53.330  -3.350  20.128 0.1000000015
89679  53.441  -3.555  19.246 0.1000000015
88759  52.793  -5.086  18.609 0.1000000015
87832  53.033  -5.318  17.614 0.1000000015
87844  52.700  -5.978  17.095 0.1000000015
85848  51.006  -7.467  15.641 0.1000000015
85861  48.568  -8.032  13.372 0.1000000015
87855  53.760  -5.958  15.392 0.1000000015
86877  52.476  -6.661  15.419 0.1000000015
86895  51.712  -6.891  14.873 0.1000000015
87871  54.041  -6.086  14.139 0.1000000015
86741  61.927  -6.169  27.215 0.1000000015
87746  60.329  -5.925  27.025 0.1000000015
86749  59.993  -6.219  26.419 0.1000000015
87747  59.482  -5.729  26.870 0.1000000015
86773  59.309  -6.405  24.508 0.1000000015
86759  59.589  -6.370  25.598 0.1000000015
86761  57.613  -6.158  25.522 0.1000000015
86750  59.002  -6.115  26.279 0.1000000015
86776  56.370  -6.263  24.609 0.1000000015
86777  55.479  -6.347  24.430 0.1000000015
86778  54.573  -6.380  24.334 0.1000000015
88710  54.502  -4.574  24.954 0.1000000015
145225  53.404  -6.614  23.724 0.1000000015
87762  53.446  -5.614  24.310 0.1000000015
89642  53.364  -3.655  23.584 0.1000000015
90547  54.338  -2.327  21.774 0.1000000015
90548  53.744  -2.703  21.357 0.1000000015
89665  53.169  -3.147  20.961 0.1000000015
90553  54.354  -2.321  20.923 0.1000000015
90560  53.884  -2.757  19.576 0.1000000015
136567  54.261  -2.422  18.942 0.1000000015
89686  54.357  -3.312  17.857 0.1000000015
89695  53.994  -4.046  17.626 0.1000000015
88765  54.348  -4.497  16.589 0.1000000015
88774  54.081  -5.266  16.025 0.1000000015
88773  54.801  -4.977  15.515 0.1000000015
87854  54.543  -5.688  14.795 0.1000000015
87742  61.126  -5.648  27.435 0.1000000015
87743  60.033  -5.288  27.347 0.1000000015
88698  59.732  -4.447  27.498 0.1000000015
88704  58.288  -4.886  26.870 0.1000000015
87744  59.133  -5.070  27.164 0.1000000015
89621  57.975  -3.974  26.732 0.1000000015
86751  58.061  -5.989  26.195 0.1000000015
89622  57.149  -4.230  26.353 0.1000000015
88708  56.042  -4.980  25.780 0.1000000015
89629  55.809  -4.071  25.565 0.1000000015
90511  56.513  -2.336  24.539 0.1000000015
137939  54.552  -3.725  24.662 0.1000000015
90517  54.537  -2.578  23.573 0.1000000015
91365  55.578  -1.543  22.384 0.1000000015
141912  55.312  -1.559  21.714 0.1000000015
92289  56.863  -0.556  20.293 0.1000000015
91383  55.438  -1.435  21.052 0.1000000015
91401  54.882  -1.770  20.419 0.1000000015
91408  54.531  -2.071  19.557 0.1000000015
91416  54.736  -1.889  18.736 0.1000000015
91423  55.536  -1.750  17.278 0.1000000015
90564  54.918  -2.698  17.259 0.1000000015
89694  54.622  -3.674  16.952 0.1000000015
89703  55.029  -4.216  15.999 0.1000000015
89702  55.725  -4.052  15.293 0.1000000015
88783  55.362  -5.330  14.326 0.1000000015
155052  55.911  -5.079  13.730 0.1000000015
87869  55.456  -5.348  13.452 0.1000000015
89724  55.537  -4.304  12.908 0.1000000015
87730  63.495  -6.006  28.442 0.1000000015
144668  61.881  -4.179  28.415 0.1000000015
88695  62.430  -4.982  28.332 0.1000000015
88697  60.684  -4.635  27.734 0.1000000015
89611  60.355  -3.547  27.673 0.1000000015
89620  59.464  -3.240  27.151 0.1000000015
151882  59.576  -3.837  27.430 0.1000000015
148027  58.682  -3.419  26.786 0.1000000015
90496  59.858  -2.416  26.646 0.1000000015
90498  58.149  -3.015  26.339 0.1000000015
90506  57.570  -2.673  25.658 0.1000000015
90507  56.824  -2.679  25.261 0.1000000015
133455  57.884  -1.621  24.373 0.1000000015
91354  57.128  -1.787  24.124 0.1000000015
136495  56.915  -1.374  23.363 0.1000000015
91364  56.398  -1.123  22.470 0.2000000030
92271  57.666  -0.273  21.549 0.2000000030
92303  58.159  0.199  20.196 0.2000000030
93228  58.895  0.499  19.615 0.2000000030
92304  57.522  -0.190  19.804 0.1000000015
150630  58.084  0.190  19.432 0.1000000015
92320  56.879  -0.601  18.435 0.1000000015
91415  55.454  -1.496  18.393 0.1000000015
91414  56.192  -1.104  17.939 0.1000000015
92333  58.352  0.212  17.859 0.2000000030
92334  57.617  -0.271  17.895 0.2000000030
91430  56.064  -1.843  16.418 0.1000000015
89693  55.340  -3.396  16.234 0.1000000015
90575  56.518  -2.413  15.639 0.1000000015
90582  57.073  -3.139  14.556 0.1000000015
89711  56.455  -3.957  14.483 0.1000000015
89710  56.905  -3.796  13.817 0.1000000015
88807  55.805  -4.612  12.935 0.1000000015
86729  64.194  -6.910  28.981 0.1000000015
86728  64.383  -7.467  28.771 0.1000000015
139483  63.795  -9.073  27.987 0.1000000015
84805  64.490  -8.394  27.381 0.1000000015
137524  62.770  -5.060  29.094 0.1000000015
87715  63.277  -5.793  28.893 0.1000000015
87714  63.803  -6.286  28.778 0.1000000015
88673  62.429  -4.130  28.947 0.1000000015
88674  62.271  -3.943  29.200 0.1000000015
89600  61.984  -3.392  28.528 0.2000000030
90472  62.256  -2.653  28.654 0.2000000030
88686  62.292  -4.220  28.743 0.1000000015
90483  61.867  -2.408  28.072 0.2000000030
91330  62.253  -1.505  27.763 0.2000000030
146959  61.315  -3.163  28.057 0.2000000030
90494  61.508  -1.834  27.368 0.1000000015
92229  61.995  -0.872  26.083 0.2000000030
90485  60.207  -2.766  27.280 0.1000000015
91341  60.436  -1.721  26.194 0.1000000015
137414  60.302  -1.365  25.507 0.1000000015
92251  60.456  -0.598  24.416 0.2000000030
92252  59.433  -0.784  24.170 0.1000000015
93178  60.906  0.383  23.299 0.1000000015
128209  61.029  0.967  22.461 0.2000000030
92257  58.357  -0.587  23.148 0.1000000015
136935  60.290  0.637  22.525 0.2000000030
93199  59.564  0.852  21.122 0.2000000030
93214  59.660  0.899  20.213 0.2000000030
94163  61.034  1.774  19.372 0.2000000030
94177  61.002  1.863  18.442 0.2000000030
137886  59.221  0.642  18.850 0.2000000030
93237  59.132  0.601  18.073 0.2000000030
94176  61.222  2.469  17.883 0.2000000030
93250  59.104  0.480  16.964 0.1000000015
92346  57.826  -0.508  16.213 0.1000000015
91429  56.707  -1.561  15.975 0.1000000015
91428  57.460  -1.175  15.527 0.1000000015
91438  57.288  -2.152  15.039 0.1000000015
82796  63.332  -9.639  31.185 0.1000000015
82800  63.224  -9.776  30.164 0.1000000015
83792  63.787  -9.311  30.592 0.1000000015
82809  63.068  -9.689  29.200 0.1000000015
83799  63.769  -9.381  29.675 0.1000000015
83801  63.808  -9.292  28.770 0.1000000015
89587  62.318  -3.086  29.153 0.1000000015
138341  62.674  -0.945  30.055 0.2000000030
90482  62.460  -1.847  28.500 0.2000000030
91317  62.852  -1.166  29.136 0.2000000030
91299  62.996  -0.376  29.797 0.2000000030
92219  63.314  0.359  28.014 0.2000000030
91316  63.155  -0.341  28.486 0.2000000030
154536  62.597  -0.856  27.474 0.2000000030
93149  63.410  0.953  27.603 0.2000000030
92227  63.354  0.253  27.119 0.2000000030
94059  63.038  1.467  27.400 0.2000000030
95069  57.591  3.070  25.711 0.2000000030
95080  56.858  2.168  25.406 0.2000000030
92238  63.189  0.164  26.192 0.2000000030
93155  63.503  0.827  26.706 0.2000000030
93163  62.902  0.174  25.427 0.2000000030
95091  58.589  3.271  24.662 0.2000000030
92240  61.761  -0.570  25.159 0.2000000030
152149  62.665  0.231  24.899 0.2000000030
92249  61.820  -0.101  24.541 0.2000000030
95086  62.918  2.229  24.293 0.2000000030
95099  61.454  3.339  23.361 0.2000000030
96014  59.497  4.450  24.645 0.2000000030
93172  61.796  0.320  23.937 0.2000000030
95098  62.690  2.259  23.449 0.2000000030
96022  61.006  4.774  23.105 0.2000000030
96012  60.381  5.302  23.795 0.2000000030
93186  61.812  0.787  23.208 0.2000000030
94115  62.479  1.793  22.817 0.2000000030
95106  62.392  2.736  22.412 0.2000000030
143872  61.213  5.216  22.756 0.2000000030
96883  60.891  5.815  23.178 0.2000000030
94131  62.133  2.221  21.839 0.2000000030
96894  61.836  4.653  21.749 0.2000000030
96895  61.455  5.367  22.181 0.2000000030
93198  60.316  1.266  20.796 0.2000000030
95121  61.932  2.713  20.845 0.2000000030
94148  61.013  1.651  20.377 0.2000000030
96053  61.811  4.201  20.212 0.2000000030
144562  61.358  2.421  18.774 0.2000000030
96065  61.255  3.756  18.637 0.2000000030
95150  61.366  3.087  18.156 0.2000000030
94191  61.022  2.491  17.088 0.2000000030
93261  59.429  0.637  15.957 0.2000000030
92345  58.684  0.069  15.900 0.1000000015
84782  62.991  -8.469  32.733 0.1000000015
83788  63.315  -9.435  32.092 0.1000000015
85720  63.107  -8.071  32.228 0.1000000015
85708  63.296  -8.400  32.204 0.1000000015
86710  62.660  -7.649  32.065 0.1000000015
85719  63.483  -8.338  31.470 0.1000000015
83791  63.781  -8.907  30.721 0.1000000015
85724  63.353  -7.930  31.203 0.1000000015
86719  63.075  -7.300  30.587 0.1000000015
151792  62.760  -6.647  30.061 0.1000000015
93141  62.984  1.093  28.880 0.2000000030
93132  62.863  0.724  29.473 0.2000000030
93151  62.871  1.256  28.168 0.2000000030
93157  60.102  0.483  26.714 0.2000000030
93158  59.070  0.362  25.882 0.2000000030
93156  62.508  1.318  27.380 0.2000000030
136494  61.386  0.847  27.122 0.2000000030
140667  57.129  1.478  25.119 0.2000000030
94068  62.829  1.642  26.597 0.2000000030
135880  58.820  1.045  24.914 0.2000000030
93173  57.876  1.339  24.827 0.2000000030
92239  62.550  -0.308  25.686 0.2000000030
143867  63.455  1.351  26.362 0.2000000030
94082  60.852  1.443  25.247 0.2000000030
94083  59.751  1.457  24.716 0.2000000030
95079  57.709  2.562  24.973 0.2000000030
95078  62.879  2.025  25.064 0.2000000030
148042  62.725  1.849  25.745 0.2000000030
94094  60.632  2.005  24.318 0.2000000030
94096  58.254  2.293  24.649 0.2000000030
95077  63.207  1.805  25.034 0.2000000030
141538  61.447  2.545  24.029 0.2000000030
95088  60.505  2.881  23.694 0.2000000030
95089  59.834  3.569  23.884 0.2000000030
95090  59.186  3.406  24.347 0.2000000030
137356  61.652  3.858  19.441 0.2000000030
96076  61.075  3.336  17.657 0.2000000030
96084  61.035  3.123  17.033 0.2000000030
145970  61.914  -6.340  30.085 0.1000000015
86720  61.022  -6.659  31.122 0.1000000015
132743  60.871  -4.722  30.073 0.1000000015
87642  57.293  -5.627  35.105 0.1000000015
130134  56.070  -6.354  34.683 0.1000000015
87628  54.913  -5.679  35.862 0.1000000015
86656  53.552  -6.294  35.480 0.1000000015
87616  52.705  -5.338  36.801 0.1000000015
87618  51.251  -5.759  37.086 0.1000000015
86649  50.790  -6.349  36.962 0.1000000015
86641  50.356  -6.377  37.721 0.1000000015
87643  56.356  -5.866  35.202 0.1000000015
87627  55.894  -5.507  35.794 0.1000000015
87615  53.592  -5.251  36.707 0.1000000015
87617  51.874  -5.491  36.904 0.1000000015
93268  42.739  1.080  16.955 0.1000000015
94238  43.354  1.774  15.530 0.1000000015
87626  56.904  -5.206  35.696 0.1000000015
87614  54.492  -5.169  36.599 0.1000000015
95175  41.807  2.132  15.861 0.1000000015
94222  41.453  1.935  16.547 0.1000000015
94239  42.449  1.961  15.632 0.1000000015
94223  40.944  2.149  17.035 0.1000000015
96096  40.789  3.395  16.910 0.1000000015
95166  40.593  2.830  17.214 0.1000000015
95190  42.827  2.450  15.034 0.1000000015
88591  54.038  -4.469  37.430 0.1000000015
95156  40.287  2.812  17.919 0.1000000015
95192  41.657  3.542  15.803 0.1000000015
95176  41.415  2.745  16.003 0.1000000015
95177  40.954  2.751  16.605 0.1000000015
96958  40.444  4.203  18.334 0.1000000015
96945  39.756  4.299  19.424 0.1000000015
96917  39.536  4.764  20.728 0.1000000015
134157  38.632  4.869  20.919 0.1000000015
96100  42.216  3.742  15.228 0.1000000015
95191  41.988  2.799  15.331 0.1000000015
96095  41.175  3.462  16.409 0.1000000015
151379  40.822  4.418  18.807 0.1000000015
96944  40.368  4.391  19.198 0.1000000015
96088  41.031  3.940  16.989 0.1000000015
96089  40.524  3.679  17.560 0.1000000015
132319  40.753  4.542  19.939 0.1000000015
96916  40.729  4.732  20.823 0.1000000015
97807  39.229  5.203  21.551 0.1000000015
97808  38.347  5.257  21.516 0.1000000015
153537  42.042  4.113  15.782 0.1000000015
96974  41.625  4.142  16.453 0.1000000015
130091  41.761  4.389  17.785 0.1000000015
96957  41.232  4.386  18.412 0.1000000015
96932  41.424  4.497  20.398 0.1000000015
96965  42.178  4.408  17.099 0.1000000015
129123  42.667  4.278  17.837 0.1000000015
96956  42.406  4.162  18.750 0.1000000015
131800  42.606  4.130  19.755 0.1000000015
96931  42.272  4.332  20.458 0.1000000015
96964  43.300  4.371  17.155 0.2000000030
96955  43.598  4.250  18.384 0.1000000015
97805  41.345  5.057  21.757 0.1000000015
96963  44.457  4.481  17.618 0.2000000030
97804  42.290  5.091  21.739 0.1000000015
96914  42.792  4.668  21.164 0.2000000030
97786  42.564  5.718  22.036 0.2000000030
96913  43.572  4.864  21.069 0.2000000030
140579  41.400  6.251  22.764 0.1000000015
101124  40.446  8.906  23.282 0.2000000030
101125  39.693  9.073  23.588 0.2000000030
100340  40.082  8.191  23.505 0.2000000030
100352  41.061  9.325  22.688 0.2000000030
101884  39.737  9.936  23.276 0.1000000015
150610  41.610  9.658  21.818 0.2000000030
101905  40.955  10.121  21.930 0.1000000015
101924  41.720  10.199  21.025 0.2000000030
146757  48.721  15.340  22.224 0.3000000119
105654  48.069  14.979  22.398 0.3000000119
105652  51.185  15.887  22.830 0.3000000119
128301  49.415  15.487  22.447 0.3000000119
105670  50.056  15.808  21.742 0.2000000030
128831  50.892  15.970  21.879 0.2000000030
105685  49.363  15.519  20.467 0.2000000030
105704  49.521  15.409  19.529 0.2000000030
130853  50.104  15.829  20.126 0.2000000030
86730  63.533  -6.545  29.433 0.1000000015
84792  63.915  -8.612  29.758 0.1000000015
85723  63.595  -7.905  30.560 0.1000000015
128829  49.882  15.765  20.949 0.2000000030
86700  62.553  -7.754  32.919 0.1000000015
87697  62.071  -5.015  29.627 0.1000000015
89588  62.179  -2.978  29.524 0.2000000030
92193  63.179  0.226  29.512 0.2000000030
92178  62.486  0.247  30.584 0.2000000030
93152  62.011  0.873  28.016 0.2000000030
95100  60.556  4.195  23.448 0.2000000030
96023  60.657  5.440  23.459 0.2000000030
96907  61.513  5.178  21.591 0.2000000030
96043  61.874  4.531  21.063 0.2000000030
93166  58.152  0.477  25.375 0.2000000030
87613  55.438  -5.025  36.483 0.1000000015
88794  55.939  -4.914  13.225 0.1000000015
94192  60.643  1.789  16.909 0.2000000030
96954  44.530  4.455  18.539 0.2000000030
87853  62.030  -5.404  16.720 0.1000000015
87840  62.339  -5.780  17.428 0.1000000015
87810  62.577  -6.282  20.940 0.1000000015
87829  61.893  -5.547  18.110 0.1000000015
85785  63.059  -7.163  21.561 0.1000000015
87820  61.862  -5.645  19.781 0.1000000015
87831  60.664  -5.617  18.885 0.1000000015
86846  60.524  -5.817  18.229 0.1000000015
132658  61.515  -5.702  20.984 0.1000000015
134053  60.750  -5.711  21.491 0.1000000015
153974  62.705  -6.459  22.310 0.1000000015
87800  61.551  -5.876  21.728 0.1000000015
86860  60.066  -6.312  17.862 0.1000000015
87813  59.769  -5.695  20.277 0.1000000015
134342  60.710  -5.589  20.672 0.1000000015
85810  58.269  -7.096  19.347 0.1000000015
84894  59.319  -7.867  17.107 0.1000000015
84885  57.550  -8.438  18.581 0.1000000015
84896  57.981  -8.802  17.935 0.1000000015
87775  61.076  -6.253  23.054 0.1000000015
86795  59.547  -6.346  23.508 0.1000000015
87802  59.057  -5.962  20.994 0.1000000015
86829  58.846  -6.229  20.278 0.1000000015
87791  59.184  -6.071  21.767 0.1000000015
84864  56.272  -8.179  20.279 0.1000000015
85798  56.667  -7.666  20.531 0.1000000015
84932  47.886  -8.794  13.300 0.1000000015
86770  63.532  -6.582  24.644 0.1000000015
86756  62.997  -6.397  25.659 0.1000000015
86760  58.583  -6.309  25.532 0.1000000015
86774  58.168  -6.344  24.659 0.1000000015
136730  57.874  -6.443  21.591 0.1000000015
86796  58.095  -6.335  23.007 0.1000000015
85788  55.752  -7.700  21.748 0.1000000015
85787  56.367  -7.283  21.737 0.1000000015
83889  55.085  -9.200  20.347 0.1000000015
84852  55.306  -8.231  21.470 0.1000000015
82953  50.882  -10.729  16.442 0.1000000015
131281  51.900  -11.132  15.100 0.1000000015
82003  50.537  -10.725  14.319 0.1000000015
82976  50.026  -10.637  13.188 0.1000000015
82988  48.353  -10.297  12.564 0.1000000015
86748  61.127  -6.317  26.683 0.1000000015
87752  57.214  -5.720  25.996 0.1000000015
86775  57.224  -6.296  24.749 0.1000000015
86811  57.528  -6.501  22.373 0.1000000015
86798  56.169  -6.643  23.680 0.1000000015
144738  56.900  -6.447  24.063 0.1000000015
85789  55.139  -7.865  22.175 0.1000000015
86812  55.754  -7.080  23.043 0.1000000015
86799  55.060  -6.932  23.673 0.1000000015
85776  54.382  -7.845  22.598 0.1000000015
84839  53.693  -8.209  22.502 0.1000000015
84854  53.258  -8.719  22.137 0.1000000015
82902  53.252  -10.777  19.743 0.1000000015
83892  52.377  -9.837  20.997 0.1000000015
83903  51.107  -10.129  19.361 0.1000000015
131541  51.578  -9.573  20.654 0.1000000015
86779  53.744  -6.273  24.194 0.1000000015
86801  53.039  -6.119  23.823 0.1000000015
141331  52.736  -7.377  23.004 0.1000000015
85778  52.087  -6.856  22.933 0.1000000015
84856  51.619  -8.257  21.685 0.1000000015
85790  51.507  -7.454  21.951 0.1000000015
83882  51.486  -8.794  21.051 0.1000000015
83931  50.578  -9.733  17.333 0.1000000015
87778  52.777  -5.314  23.723 0.1000000015
148668  52.559  -4.698  23.238 0.1000000015
86813  51.724  -6.117  22.505 0.1000000015
135376  51.325  -7.515  21.242 0.1000000015
85813  51.085  -7.700  19.271 0.1000000015
148422  51.410  -6.864  19.544 0.1000000015
84887  50.797  -8.642  18.149 0.1000000015
83945  50.366  -9.304  16.715 0.1000000015
136162  53.173  -3.302  22.707 0.1000000015
88723  52.782  -4.020  23.040 0.1000000015
87815  51.524  -5.954  20.880 0.1000000015
86849  52.117  -6.385  17.446 0.1000000015
84897  50.925  -7.973  17.442 0.1000000015
85838  50.729  -8.121  16.448 0.1000000015
89654  53.067  -3.069  21.815 0.1000000015
88752  52.901  -4.045  19.822 0.1000000015
87833  52.283  -5.866  18.161 0.1000000015
88753  52.572  -4.819  19.534 0.1000000015
86861  52.326  -6.533  16.576 0.1000000015
135667  54.310  -2.358  20.195 0.1000000015
143464  53.136  -4.342  18.960 0.1000000015
89687  53.621  -3.851  18.449 0.1000000015
88758  53.366  -4.576  18.069 0.1000000015
88766  53.653  -4.840  17.089 0.1000000015
87843  53.373  -5.603  16.575 0.1000000015
87856  52.998  -6.221  16.007 0.1000000015
86876  53.283  -6.439  14.749 0.1000000015
88696  61.714  -4.813  27.972 0.1000000015
87749  57.752  -5.393  26.439 0.1000000015
89612  58.919  -4.147  27.204 0.1000000015
86763  55.910  -5.886  25.078 0.1000000015
87753  56.398  -5.511  25.676 0.1000000015
87750  56.893  -5.109  26.241 0.1000000015
87760  55.036  -5.883  24.870 0.1000000015
87754  55.542  -5.413  25.328 0.1000000015
87755  54.701  -5.313  25.068 0.1000000015
88712  53.915  -5.094  24.705 0.1000000015
89630  55.047  -4.135  25.178 0.1000000015
89635  53.728  -4.203  24.389 0.1000000015
90518  53.843  -2.955  23.179 0.1000000015
91366  54.860  -1.839  22.170 0.1000000015
90530  54.379  -2.383  22.666 0.1000000015
91407  55.339  -1.479  19.479 0.1000000015
89678  53.971  -3.122  18.640 0.1000000015
149522  54.924  -1.981  17.963 0.1000000015
88772  55.401  -4.710  15.137 0.1000000015
87870  54.775  -5.736  13.733 0.1000000015
88705  57.585  -4.783  26.578 0.1000000015
90497  58.999  -2.696  26.447 0.1000000015
144010  57.476  -3.422  26.233 0.1000000015
89628  56.738  -3.466  25.817 0.1000000015
89633  56.101  -3.051  25.178 0.1000000015
90515  55.983  -2.137  24.033 0.1000000015
90513  54.836  -2.919  24.331 0.1000000015
90516  55.317  -2.306  23.817 0.1000000015
91359  55.966  -1.735  23.285 0.1000000015
92262  57.057  -0.652  22.025 0.1000000015
91382  56.180  -0.974  20.869 0.1000000015
134904  56.474  -0.881  21.651 0.1000000015
91399  56.141  -0.916  19.877 0.1000000015
91406  56.128  -0.969  18.929 0.1000000015
92305  56.859  -0.549  19.368 0.1000000015
90576  55.683  -2.508  16.363 0.1000000015
88782  55.941  -4.695  14.396 0.1000000015
89610  61.326  -3.941  28.184 0.1000000015
90484  60.977  -2.639  27.595 0.2000000030
91340  61.320  -1.456  26.549 0.2000000030
90505  58.547  -2.358  25.730 0.1000000015
90510  57.348  -2.181  24.833 0.1000000015
91353  58.747  -1.423  24.586 0.1000000015
91348  58.933  -1.794  25.205 0.1000000015
91357  58.385  -1.009  23.835 0.1000000015
92256  59.144  -0.400  23.447 0.1000000015
91363  57.160  -0.871  22.729 0.2000000030
92261  57.874  -0.492  22.463 0.2000000030
92270  58.449  0.059  21.868 0.2000000030
92287  58.237  0.136  21.041 0.2000000030
93235  60.459  1.418  18.934 0.2000000030
92319  57.618  -0.159  18.868 0.1000000015
92335  56.907  -0.731  17.494 0.1000000015
93249  59.857  1.095  17.488 0.2000000030
92347  57.086  -0.918  16.543 0.1000000015
86718  63.716  -7.457  29.967 0.1000000015
85732  64.301  -8.028  29.151 0.1000000015
84799  64.345  -8.448  28.737 0.1000000015
87696  62.830  -5.861  29.380 0.1000000015
89599  62.271  -3.311  28.879 0.2000000030
90471  62.507  -2.348  29.019 0.2000000030
141194  62.773  -1.006  28.180 0.2000000030
91329  63.082  -0.333  27.652 0.2000000030
92228  62.762  -0.461  26.709 0.2000000030
91347  61.120  -1.125  25.700 0.1000000015
91351  60.800  -0.881  25.003 0.1000000015
92254  61.114  -0.051  24.131 0.2000000030
92255  60.166  -0.211  23.752 0.1000000015
92259  59.771  0.196  23.008 0.1000000015
94116  61.802  1.457  22.353 0.2000000030
93187  59.409  0.494  22.063 0.2000000030
94133  61.005  1.422  21.473 0.2000000030
93213  60.404  1.343  19.837 0.2000000030
93236  59.829  1.050  18.465 0.2000000030
133005  58.121  -0.034  16.997 0.1000000015
85718  63.674  -8.507  30.683 0.1000000015
153979  61.958  1.310  26.673 0.2000000030
94080  63.147  1.696  25.927 0.2000000030
93170  62.835  0.556  24.526 0.2000000030
94095  59.639  2.255  24.117 0.2000000030
131044  62.294  2.843  23.442 0.2000000030
93177  62.501  0.670  23.840 0.2000000030
94106  62.848  1.379  23.600 0.2000000030
96020  62.202  3.306  22.681 0.2000000030
93185  62.342  1.151  23.198 0.2000000030
96031  62.139  3.760  22.019 0.2000000030
94132  61.532  1.950  21.131 0.2000000030
95130  62.074  3.689  20.808 0.2000000030
94147  61.552  2.366  19.893 0.2000000030
93164  60.995  1.045  26.229 0.2000000030
93165  59.891  0.912  25.614 0.2000000030
94069  61.952  1.593  25.926 0.2000000030
94081  61.997  2.102  24.960 0.2000000030
96933  40.011  4.583  19.940 0.1000000015
96934  39.328  4.346  19.894 0.1000000015
96935  38.760  4.358  20.358 0.1000000015
96918  38.268  4.360  20.823 0.1000000015
151186  38.059  4.903  21.098 0.1000000015
96943  41.455  4.359  19.451 0.1000000015
96966  41.461  4.277  17.170 0.1000000015
96967  40.985  4.245  17.652 0.1000000015
145185  42.482  4.405  16.300 0.1000000015
96915  41.847  4.628  21.147 0.1000000015
101906  40.328  10.070  22.684 0.1000000015
101883  40.275  9.497  23.146 0.1000000015
105671  49.194  15.569  21.485 0.2000000030
139070  41.410  17.816  40.144 0.1000000015
107741  41.541  18.354  40.544 0.1000000015
153575  41.377  18.960  40.317 0.1000000015
107747  41.067  18.456  39.833 0.1000000015
109230  42.301  20.485  39.737 0.1000000015
109238  42.173  20.670  39.040 0.1000000015
108492  41.790  18.977  40.881 0.1000000015
108500  41.797  19.693  40.255 0.1000000015
109960  43.254  21.556  38.493 0.1000000015
109947  42.761  21.076  39.181 0.1000000015
146205  43.306  21.655  37.643 0.1000000015
109961  42.460  21.091  38.370 0.1000000015
109229  42.932  20.953  40.013 0.1000000015
109976  42.539  21.379  37.482 0.1000000015
109977  41.711  21.082  37.204 0.1000000015
99465  40.530  7.438  23.391 0.1000000015
110795  56.069  22.416  27.256 0.1000000015
110802  54.943  22.911  26.381 0.1000000015
110809  56.129  22.804  25.721 0.1000000015
110134  55.971  22.561  25.097 0.1000000015
109358  55.870  21.876  25.360 0.1000000015
102641  36.330  11.587  23.516 0.1000000015
103396  35.981  12.348  23.064 0.1000000015
102640  37.198  11.395  23.357 0.1000000015
141760  35.230  12.608  23.155 0.1000000015
103397  34.439  12.915  23.076 0.1000000015
102662  39.352  11.374  22.141 0.1000000015
110811  54.238  22.881  25.803 0.1000000015
111426  55.648  23.364  25.828 0.1000000015
111431  55.737  23.709  25.216 0.1000000015
110826  55.930  23.254  24.758 0.1000000015
112157  55.030  24.229  23.932 0.1000000015
110143  55.703  22.787  24.195 0.1000000015
110832  55.634  23.513  23.945 0.1000000015
110135  55.500  21.862  24.578 0.1000000015
110834  55.372  23.421  23.194 0.1000000015
109359  55.231  21.061  25.193 0.1000000015
110833  55.460  22.911  23.354 0.1000000015
139378  54.934  22.290  23.054 0.1000000015
110144  55.158  22.036  23.726 0.1000000015
109367  54.533  20.825  24.190 0.1000000015
105672  48.294  15.321  21.649 0.1000000015
102664  37.624  11.838  22.653 0.1000000015
103406  36.429  12.870  22.411 0.1000000015
152133  35.711  12.908  22.689 0.1000000015
103408  35.187  13.277  22.828 0.1000000015
103398  33.889  12.226  23.454 0.1000000015
103409  33.459  12.840  22.974 0.1000000015
102663  38.439  11.616  22.480 0.1000000015
103405  37.335  12.599  22.100 0.1000000015
104124  36.507  13.518  22.317 0.1000000015
104119  33.879  13.526  22.981 0.1000000015
102661  40.235  10.774  22.091 0.1000000015
102674  38.665  12.088  21.729 0.1000000015
101934  41.421  10.863  20.434 0.1000000015
139301  53.283  22.822  25.404 0.1000000015
110810  54.922  23.623  25.868 0.1000000015
111434  53.886  23.683  25.422 0.1000000015
111433  54.523  24.183  25.261 0.1000000015
111432  55.289  24.029  25.325 0.1000000015
112156  55.524  24.015  24.249 0.1000000015
112140  55.183  24.280  24.553 0.1000000015
112170  54.805  24.022  23.053 0.1000000015
111473  55.009  23.595  22.599 0.1000000015
110835  55.074  22.879  22.541 0.1000000015
109368  54.341  21.329  23.249 0.1000000015
109372  53.640  20.876  22.602 0.1000000015
108615  53.936  20.281  23.238 0.1000000015
107875  54.541  18.640  22.724 0.1000000015
107853  54.695  18.705  24.178 0.1000000015
107874  55.527  18.154  22.450 0.1000000015
104866  37.892  14.697  21.983 0.1000000015
104867  37.155  14.417  22.368 0.1000000015
105657  37.516  15.234  22.699 0.1000000015
105658  36.684  15.008  22.996 0.1000000015
104858  35.733  14.898  23.144 0.1000000015
104878  38.264  14.222  21.182 0.1000000015
104868  36.256  14.165  22.534 0.1000000015
104132  38.197  13.337  21.044 0.1000000015
104133  37.534  13.090  21.519 0.1000000015
104869  35.220  14.086  22.826 0.1000000015
105686  48.608  15.346  20.803 0.1000000015
150744  47.797  15.240  20.993 0.1000000015
103424  39.491  12.697  20.156 0.1000000015
103425  38.852  13.192  20.418 0.1000000015
103415  38.791  12.629  20.912 0.1000000015
103416  38.020  12.664  21.483 0.1000000015
104860  34.281  14.201  23.138 0.1000000015
153648  47.122  14.963  21.141 0.2000000030
103423  40.487  12.210  19.658 0.1000000015
102680  39.994  11.853  20.499 0.1000000015
102673  39.362  11.944  21.239 0.1000000015
105673  47.504  14.973  21.732 0.1000000015
102683  42.009  11.368  18.891 0.1000000015
102678  41.847  11.004  19.528 0.1000000015
138751  40.650  11.246  20.715 0.1000000015
113677  47.856  26.815  24.411 0.1000000015
113691  48.024  26.608  23.513 0.1000000015
114315  48.497  27.560  25.048 0.1000000015
114314  49.158  28.101  25.741 0.1000000015
111448  52.631  23.894  24.612 0.1000000015
111467  50.065  23.583  23.613 0.1000000015
112920  48.539  25.256  22.344 0.1000000015
113701  48.175  25.750  22.626 0.1000000015
114323  48.688  27.495  23.980 0.1000000015
114322  49.254  28.205  24.815 0.1000000015
114901  49.878  28.538  26.497 0.1000000015
112142  53.272  24.248  24.361 0.1000000015
111466  51.185  23.747  23.605 0.1000000015
139396  49.894  24.688  21.721 0.1000000015
112928  49.326  25.350  21.842 0.1000000015
113699  49.172  26.853  22.445 0.1000000015
114900  50.653  29.406  26.174 0.1000000015
114890  50.730  29.342  27.045 0.1000000015
115448  51.407  30.171  27.559 0.1000000015
112159  53.015  24.278  23.472 0.1000000015
147152  51.427  23.969  22.317 0.1000000015
154359  50.623  24.704  21.432 0.1000000015
113713  49.605  26.235  21.736 0.1000000015
114337  50.191  28.219  23.093 0.1000000015
114338  49.767  28.362  23.975 0.1000000015
114907  50.587  29.442  25.308 0.1000000015
115473  51.374  30.257  25.924 0.1000000015
115465  51.424  30.244  26.765 0.1000000015
116556  51.270  31.325  27.988 0.1000000015
112172  52.662  24.107  22.406 0.1000000015
112187  51.247  25.076  20.988 0.1000000015
113712  50.489  26.503  21.345 0.1000000015
113698  50.042  27.129  21.898 0.1000000015
114925  50.750  28.939  23.639 0.1000000015
114915  50.588  29.252  24.465 0.1000000015
115472  51.725  30.977  26.430 0.1000000015
116018  51.559  31.285  27.411 0.1000000015
116034  51.134  31.454  27.272 0.1000000015
112179  54.164  24.148  21.469 0.1000000015
133118  53.347  24.425  20.912 0.1000000015
114365  50.964  27.309  21.650 0.1000000015
114354  50.807  27.888  22.404 0.1000000015
114924  51.768  29.386  23.318 0.1000000015
115481  51.377  30.118  25.039 0.1000000015
115480  51.940  31.033  25.601 0.1000000015
116575  51.577  31.397  26.944 0.1000000015
111478  54.623  23.636  21.745 0.1000000015
147559  54.781  23.206  21.971 0.1000000015
116039  52.106  31.701  25.977 0.1000000015
110146  54.284  21.873  22.558 0.1000000015
109382  53.215  20.632  21.813 0.1000000015
108634  53.500  19.834  22.338 0.1000000015
107895  54.419  18.664  20.734 0.1000000015
107885  54.753  18.501  21.777 0.1000000015
136046  55.589  18.240  20.922 0.1000000015
107884  55.863  18.092  21.674 0.1000000015
104917  47.789  13.630  15.791 0.1000000015
104934  47.031  13.615  14.995 0.1000000015
104947  46.489  13.880  14.655 0.1000000015
105723  48.691  14.731  18.217 0.1000000015
104899  47.406  14.069  17.248 0.1000000015
104169  45.652  13.731  14.923 0.1000000015
105770  45.824  14.048  14.648 0.1000000015
106473  39.828  15.837  21.687 0.1000000015
105655  39.164  15.802  22.156 0.1000000015
105639  37.090  15.827  23.264 0.1000000015
105640  36.215  15.701  23.448 0.1000000015
105641  35.301  15.662  23.504 0.1000000015
106460  34.900  16.408  23.578 0.1000000015
105724  47.891  14.551  18.334 0.1000000015
104918  46.824  13.726  16.111 0.1000000015
104154  45.149  13.538  16.142 0.1000000015
104948  45.081  13.952  15.170 0.1000000015
105763  44.058  14.369  15.754 0.1000000015
104921  43.263  14.057  16.147 0.1000000015
105726  43.327  15.511  17.997 0.1000000015
105709  42.294  15.387  19.052 0.1000000015
105710  41.577  15.117  19.317 0.1000000015
105689  42.007  15.725  19.972 0.1000000015
105690  41.207  15.539  20.136 0.1000000015
105674  40.127  15.558  21.087 0.1000000015
105675  39.370  15.319  21.291 0.1000000015
105676  38.622  15.039  21.592 0.1000000015
104859  34.791  14.893  23.381 0.1000000015
105705  48.340  14.969  19.203 0.1000000015
104889  47.047  14.469  18.533 0.1000000015
104900  46.454  14.101  17.507 0.1000000015
147565  44.578  13.606  15.601 0.1000000015
104937  43.782  13.730  15.587 0.1000000015
104903  42.140  14.243  17.340 0.1000000015
104904  41.457  14.006  17.718 0.1000000015
104894  40.293  14.167  19.003 0.1000000015
152750  39.755  13.947  19.434 0.1000000015
104884  40.085  14.541  19.886 0.1000000015
104877  38.955  14.593  20.814 0.1000000015
140796  48.095  15.102  20.143 0.1000000015
105706  47.575  14.824  19.404 0.1000000015
105707  46.747  14.742  19.654 0.1000000015
104901  45.502  14.067  17.800 0.1000000015
104902  44.723  13.914  18.076 0.1000000015
104920  44.787  13.551  16.983 0.1000000015
104164  43.860  13.476  15.789 0.1000000015
104157  42.734  13.330  16.728 0.1000000015
103440  42.041  12.948  17.129 0.1000000015
104150  41.467  13.281  17.593 0.1000000015
104905  40.884  13.705  18.323 0.1000000015
104144  40.241  13.438  18.950 0.1000000015
104139  39.469  13.456  19.835 0.1000000015
104885  39.388  14.186  20.125 0.1000000015
104886  38.787  13.792  20.516 0.1000000015
105643  33.565  15.881  23.260 0.1000000015
132441  45.830  14.637  20.871 0.2000000030
104891  45.251  14.294  19.008 0.1000000015
104147  43.873  13.304  17.703 0.1000000015
104148  43.130  13.029  17.126 0.1000000015
104149  42.599  12.980  17.053 0.1000000015
103435  42.080  12.580  17.656 0.1000000015
103430  41.720  12.151  18.317 0.1000000015
154016  41.239  12.595  18.154 0.1000000015
103432  40.002  12.898  19.402 0.1000000015
104137  43.940  13.805  20.304 0.1000000015
104141  43.718  13.649  19.151 0.1000000015
104138  43.249  13.032  19.519 0.1000000015
103428  42.588  12.347  18.776 0.1000000015
102684  41.464  11.611  19.040 0.1000000015
103422  42.311  11.500  19.153 0.1000000015
111450  50.643  23.296  24.174 0.1000000015
137658  49.742  23.274  24.102 0.1000000015
113678  47.351  26.048  23.942 0.1000000015
151169  49.177  27.890  26.457 0.1000000015
111476  48.774  24.034  22.991 0.1000000015
112175  48.383  24.582  22.747 0.1000000015
112176  47.890  25.243  22.908 0.1000000015
114309  48.587  27.471  26.010 0.1000000015
114891  50.163  28.557  27.433 0.1000000015
114875  50.797  29.271  27.888 0.1000000015
116009  51.326  31.239  28.110 0.1000000015
116035  50.571  31.167  27.562 0.1000000015
116020  50.548  30.882  28.364 0.1000000015
112186  52.241  24.696  20.821 0.1000000015
112932  51.160  25.985  20.795 0.1000000015
115450  49.108  29.808  27.269 0.1000000015
112184  54.434  23.952  21.391 0.1000000015
129822  53.198  24.859  20.128 0.1000000015
113719  52.023  26.913  20.504 0.1000000015
148424  51.607  27.973  21.924 0.1000000015
114353  51.995  28.793  22.484 0.1000000015
141868  52.447  30.339  23.774 0.1000000015
131946  52.255  30.729  24.739 0.1000000015
116040  51.390  31.645  26.120 0.1000000015
136243  50.562  31.196  26.591 0.1000000015
115466  49.797  30.509  26.886 0.1000000015
110837  54.408  23.166  21.322 0.1000000015
128267  52.636  26.504  19.875 0.1000000015
114363  52.841  28.134  20.790 0.1000000015
115498  52.790  29.893  22.880 0.1000000015
116589  52.418  32.115  25.385 0.1000000015
110838  54.164  22.412  21.863 0.1000000015
130077  53.583  21.448  22.099 0.1000000015
114374  53.102  27.567  19.987 0.1000000015
114940  53.309  29.474  22.101 0.1000000015
115485  53.227  30.753  23.289 0.1000000015
148263  52.958  31.998  24.854 0.1000000015
116590  51.788  32.231  25.431 0.1000000015
116041  50.348  31.236  25.527 0.1000000015
108641  52.785  20.557  20.878 0.1000000015
133261  53.215  19.771  21.349 0.1000000015
135548  55.348  18.394  20.162 0.1000000015
107883  56.665  17.967  21.138 0.1000000015
104932  48.934  14.053  15.041 0.1000000015
104946  48.235  14.288  14.790 0.1000000015
105769  46.716  14.342  14.500 0.1000000015
105760  46.784  14.917  14.848 0.1000000015
105761  45.939  14.735  15.107 0.1000000015
153802  45.663  15.287  15.965 0.1000000015
106499  44.122  16.150  18.507 0.1000000015
106488  43.455  16.153  19.103 0.1000000015
153271  43.488  16.588  19.994 0.1000000015
106466  37.886  16.032  22.932 0.1000000015
106457  37.470  16.608  23.376 0.1000000015
105725  44.481  15.296  16.813 0.1000000015
106498  44.748  16.061  17.777 0.1000000015
105708  42.885  15.650  18.787 0.1000000015
106489  42.776  16.107  19.737 0.1000000015
106481  40.858  15.843  20.927 0.1000000015
107209  42.954  16.880  20.713 0.1000000015
106471  42.010  16.840  21.289 0.1000000015
135120  41.184  16.479  21.452 0.1000000015
106472  40.450  16.154  21.588 0.1000000015
107190  40.682  16.832  22.060 0.1000000015
155073  34.660  16.909  23.566 0.1000000015
106461  34.102  16.647  23.430 0.1000000015
103421  42.879  12.258  19.870 0.1000000015
139951  48.813  27.418  26.850 0.1000000015
114300  49.671  28.020  27.884 0.1000000015
114868  50.595  28.340  29.021 0.1000000015
131232  50.965  29.131  28.696 0.1000000015
115431  51.371  30.006  28.357 0.1000000015
116011  50.892  30.787  29.094 0.1000000015
114892  48.319  29.335  27.709 0.1000000015
142471  47.706  28.900  27.287 0.1000000015
112185  54.078  24.225  20.458 0.1000000015
114902  48.229  29.283  26.794 0.1000000015
111481  54.344  23.737  20.979 0.1000000015
113718  53.370  26.832  19.380 0.1000000015
115474  49.670  30.529  25.868 0.1000000015
115467  49.017  29.790  26.247 0.1000000015
110847  54.029  23.303  20.595 0.1000000015
110167  53.516  22.467  21.093 0.1000000015
114971  54.012  28.754  20.365 0.1000000015
116064  53.632  31.099  22.768 0.1000000015
116055  53.257  31.383  23.506 0.1000000015
117115  51.989  32.440  24.839 0.1000000015
116042  49.524  30.768  25.143 0.1000000015
110848  53.059  22.556  20.315 0.1000000015
110168  52.671  21.637  20.702 0.1000000015
114951  54.347  29.720  20.804 0.1000000015
115509  54.204  30.524  21.171 0.1000000015
108640  53.133  19.650  20.485 0.1000000015
107904  55.655  18.377  19.324 0.1000000015
107894  56.478  18.140  20.092 0.1000000015
107204  58.107  17.029  20.429 0.1000000015
104914  50.418  13.836  15.634 0.1000000015
140833  47.567  14.616  14.667 0.1000000015
106522  47.231  15.480  15.603 0.1000000015
105741  46.290  15.521  16.047 0.1000000015
106487  45.061  16.595  18.884 0.1000000015
106478  44.265  16.685  19.621 0.1000000015
133315  46.875  16.175  16.988 0.1000000015
128937  46.113  16.115  17.228 0.1000000015
106486  45.855  16.810  18.717 0.1000000015
107207  44.595  17.442  20.169 0.1000000015
134930  39.966  17.376  22.604 0.1000000015
131963  45.641  17.236  19.354 0.1000000015
107908  46.003  18.095  19.633 0.1000000015
107898  44.115  18.009  20.618 0.1000000015
133109  43.845  17.196  20.443 0.1000000015
107208  43.366  17.786  20.975 0.1000000015
132666  41.783  17.647  21.798 0.1000000015
150054  48.390  26.917  27.516 0.1000000015
114286  49.139  27.436  28.361 0.1000000015
114301  49.117  27.550  27.540 0.1000000015
113625  49.195  26.917  29.838 0.1000000015
114270  49.772  27.589  29.319 0.1000000015
116001  51.172  30.521  29.463 0.1000000015
116002  51.061  30.560  29.681 0.1000000015
115432  50.027  30.305  29.153 0.1000000015
115433  49.355  29.899  28.249 0.1000000015
114877  48.358  29.224  28.488 0.1000000015
114903  47.095  28.440  27.391 0.1000000015
136212  47.419  28.688  26.431 0.1000000015
114303  45.779  27.589  27.158 0.1000000015
112189  53.850  24.404  19.543 0.1000000015
112929  53.672  24.977  19.462 0.1000000015
112934  53.660  26.015  18.934 0.1000000015
115468  48.158  29.295  25.768 0.1000000015
114310  46.501  28.057  26.653 0.1000000015
114311  45.770  27.491  26.284 0.1000000015
111482  54.189  23.925  20.113 0.1000000015
140878  53.807  25.122  18.973 0.1000000015
113717  54.123  28.036  19.421 0.1000000015
114970  54.457  29.325  19.713 0.1000000015
116605  53.160  31.690  23.104 0.1000000015
116596  52.419  32.302  23.914 0.1000000015
116597  51.590  32.557  24.245 0.1000000015
116049  49.785  31.521  24.741 0.1000000015
115476  48.014  29.546  24.823 0.1000000015
114909  47.495  28.807  25.318 0.1000000015
114316  46.344  27.885  25.659 0.1000000015
114317  45.696  27.400  25.393 0.1000000015
110861  53.663  23.430  19.836 0.1000000015
114386  54.529  28.690  19.017 0.1000000015
116079  53.891  31.130  21.522 0.1000000015
116606  52.399  31.945  23.023 0.1000000015
138837  50.712  32.557  24.009 0.1000000015
116051  47.924  31.496  24.099 0.1000000015
114917  47.286  29.180  24.564 0.1000000015
130307  46.867  28.405  25.002 0.1000000015
114324  46.226  27.967  24.719 0.1000000015
109400  52.352  20.918  20.066 0.1000000015
107905  54.603  18.669  19.716 0.1000000015
107906  53.724  19.064  20.112 0.1000000015
107903  56.678  18.100  18.947 0.1000000015
107211  57.954  16.928  19.658 0.1000000015
107212  57.693  17.203  19.176 0.1000000015
104931  49.913  13.905  14.769 0.1000000015
104945  49.348  14.410  14.642 0.1000000015
105759  48.650  14.748  14.741 0.1000000015
144588  48.997  15.425  15.175 0.1000000015
106521  48.130  15.419  15.430 0.1000000015
106509  47.726  16.179  16.698 0.1000000015
106496  46.478  16.618  18.145 0.1000000015
107221  47.406  17.661  18.753 0.1000000015
107213  46.465  17.376  18.978 0.1000000015
107909  45.764  18.993  19.806 0.1000000015
108642  44.936  19.170  20.148 0.1000000015
108643  44.019  19.614  20.452 0.1000000015
107907  46.835  18.302  19.300 0.1000000015
134558  46.363  18.819  19.531 0.1000000015
108654  46.223  19.593  19.458 0.1000000015
108655  45.485  19.918  19.745 0.1000000015
109403  44.211  20.866  19.677 0.1000000015
114260  51.296  28.023  30.546 0.1000000015
114855  51.419  28.744  30.328 0.1000000015
114854  51.372  29.420  30.508 0.1000000015
115406  51.201  30.153  30.151 0.1000000015
114259  51.727  28.705  31.057 0.1000000015
134168  51.504  29.135  31.192 0.1000000015
115399  51.200  29.704  30.806 0.1000000015
115421  50.569  30.332  29.862 0.1000000015
139297  49.113  29.580  29.005 0.1000000015
114878  47.643  28.696  28.764 0.1000000015
114893  47.646  28.830  27.993 0.1000000015
113658  45.182  27.175  26.768 0.1000000015
113668  45.143  27.000  25.981 0.1000000015
111492  53.874  24.084  19.419 0.1000000015
112940  53.908  25.952  18.298 0.1000000015
139017  54.054  26.678  18.512 0.1000000015
113669  44.439  26.673  25.755 0.1000000015
110862  52.487  22.655  19.587 0.1000000015
111493  52.945  23.545  19.089 0.1000000015
111505  53.544  24.351  18.820 0.1000000015
114393  54.517  28.679  18.286 0.1000000015
115534  53.963  30.477  20.028 0.1000000015
116096  52.692  30.738  21.140 0.1000000015
116065  51.160  31.690  22.781 0.1000000015
116598  49.642  32.265  23.943 0.1000000015
116052  47.043  31.633  23.779 0.1000000015
136255  46.799  29.801  24.129 0.1000000015
114918  46.585  28.854  24.286 0.1000000015
114325  45.464  27.626  24.411 0.1000000015
113679  44.983  27.054  25.155 0.1000000015
108662  52.952  19.831  19.072 0.1000000015
115566  54.383  29.690  19.029 0.1000000015
116066  49.622  31.708  22.913 0.1000000015
116608  48.915  32.030  23.504 0.1000000015
116600  47.360  31.600  23.767 0.1000000015
114926  46.018  29.851  23.880 0.1000000015
114919  45.784  28.638  23.923 0.1000000015
113680  44.252  26.831  24.853 0.1000000015
107915  54.917  18.679  18.822 0.1000000015
108650  53.871  19.175  19.176 0.1000000015
107902  57.348  17.600  18.510 0.1000000015
104929  51.982  13.251  14.113 0.1000000015
104944  50.247  14.138  14.044 0.1000000015
105758  49.602  14.808  14.498 0.1000000015
141086  48.527  16.149  16.411 0.1000000015
106508  48.890  16.672  17.231 0.1000000015
107220  48.860  17.361  18.068 0.1000000015
130564  48.066  17.312  18.282 0.1000000015
108685  49.903  19.863  16.969 0.1000000015
108664  48.267  19.357  18.573 0.1000000015
107918  47.595  18.753  19.000 0.1000000015
109431  49.418  20.347  16.372 0.1000000015
109411  47.180  20.498  18.364 0.1000000015
108666  46.725  20.075  18.991 0.1000000015
109401  45.981  20.449  19.214 0.1000000015
109413  45.671  21.132  18.732 0.1000000015
136391  48.974  20.613  15.013 0.1000000015
114248  52.174  28.233  31.706 0.1000000015
114825  51.716  28.751  31.760 0.1000000015
114844  50.261  29.029  31.699 0.1000000015
115400  50.227  29.429  31.192 0.1000000015
114856  49.358  29.241  30.731 0.1000000015
114869  48.424  29.045  29.293 0.1000000015
114894  47.016  28.338  28.234 0.1000000015
128395  48.465  28.840  30.142 0.1000000015
114870  47.630  28.525  29.572 0.1000000015
114287  46.408  27.843  28.500 0.1000000015
114288  45.775  27.528  27.992 0.1000000015
113650  45.169  27.194  27.517 0.1000000015
113659  44.609  26.763  26.516 0.1000000015
113660  43.864  26.394  26.466 0.1000000015
108672  54.017  19.681  17.593 0.1000000015
109419  52.483  20.641  17.804 0.1000000015
110189  51.834  21.334  18.301 0.1000000015
113736  54.332  26.916  17.962 0.1000000015
113670  43.638  26.442  25.502 0.1000000015
113661  43.042  26.150  26.142 0.1000000015
109409  52.427  20.539  18.671 0.1000000015
110190  51.594  22.281  18.322 0.1000000015
112199  53.236  24.801  17.984 0.1000000015
114996  54.349  29.349  18.443 0.1000000015
115535  52.937  30.431  20.469 0.1000000015
116081  51.759  30.828  21.781 0.1000000015
115512  50.745  29.985  21.382 0.1000000015
108661  53.618  19.585  18.472 0.1000000015
116082  50.334  30.737  22.213 0.1000000015
116609  47.900  31.774  23.507 0.1000000015
116057  45.968  31.563  23.756 0.1000000015
115488  45.228  30.917  23.946 0.1000000015
114340  44.822  28.381  23.753 0.1000000015
107913  56.853  18.163  17.758 0.1000000015
108660  54.448  19.207  18.284 0.1000000015
106504  57.716  16.017  17.209 0.1000000015
105734  56.354  14.835  16.556 0.1000000015
148566  53.367  14.052  14.270 0.1000000015
105756  51.645  14.526  13.976 0.1000000015
105757  50.525  14.713  14.164 0.1000000015
106520  49.833  15.508  15.073 0.1000000015
106507  50.192  16.366  16.480 0.1000000015
107219  49.915  17.814  18.003 0.1000000015
107916  49.296  18.110  18.310 0.1000000015
109430  50.171  20.149  16.161 0.1000000015
108675  49.553  19.474  17.739 0.1000000015
109440  49.604  20.434  15.586 0.1000000015
114209  50.961  27.740  32.943 0.1000000015
114227  51.565  28.370  32.398 0.1000000015
114826  50.869  28.804  32.028 0.1000000015
135412  49.390  28.853  31.461 0.1000000015
114857  48.465  28.587  31.002 0.1000000015
114262  47.508  28.262  30.454 0.1000000015
114273  46.401  27.749  29.291 0.1000000015
144629  45.144  27.103  28.307 0.1000000015
113651  44.504  26.708  27.741 0.1000000015
113652  43.801  26.303  27.359 0.1000000015
112885  43.168  26.009  26.935 0.1000000015
112886  42.566  25.866  26.602 0.1000000015
111515  51.677  23.533  17.541 0.1000000015
113671  42.762  26.269  25.287 0.1000000015
111514  52.200  24.187  17.719 0.1000000015
112951  54.160  26.418  17.418 0.1000000015
142364  52.113  29.778  20.343 0.1000000015
115511  51.837  30.189  20.926 0.1000000015
113681  43.328  26.800  24.420 0.1000000015
132723  55.981  18.735  17.514 0.1000000015
149625  54.213  26.970  16.502 0.1000000015
114406  54.376  28.651  16.934 0.1000000015
114990  53.329  29.448  18.817 0.1000000015
116083  49.132  30.756  22.339 0.1000000015
116068  47.505  31.523  22.896 0.1000000015
116058  45.828  31.789  23.905 0.1000000015
137428  44.316  29.578  23.653 0.1000000015
114326  44.087  27.570  23.955 0.1000000015
114327  42.647  27.282  23.897 0.1000000015
113682  42.353  26.601  24.472 0.1000000015
107922  57.305  17.875  16.725 0.1000000015
114972  51.755  29.055  19.933 0.1000000015
114973  50.619  28.601  20.370 0.1000000015
115514  48.668  29.781  21.831 0.1000000015
116069  46.669  31.436  22.920 0.1000000015
116071  45.185  31.373  23.482 0.1000000015
114928  43.546  30.242  23.741 0.1000000015
139722  43.239  27.937  23.693 0.1000000015
105733  57.042  15.020  16.378 0.1000000015
116086  46.286  30.847  22.356 0.1000000015
104910  55.891  14.544  16.033 0.1000000015
105755  52.705  14.223  13.973 0.1000000015
106519  50.890  15.530  15.263 0.1000000015
107226  50.435  17.267  17.395 0.1000000015
107927  49.846  18.598  18.071 0.1000000015
143418  49.336  20.377  14.194 0.1000000015
108717  48.589  19.576  12.226 0.1000000015
109465  48.757  20.255  13.481 0.1000000015
109451  50.311  20.120  14.304 0.1000000015
113558  49.059  26.996  33.365 0.1000000015
138241  50.182  26.947  33.433 0.1000000015
145076  49.740  27.617  32.995 0.1000000015
149728  49.367  27.981  32.631 0.1000000015
114250  48.532  28.381  31.847 0.1000000015
114827  49.606  28.502  32.154 0.1000000015
114251  47.648  28.116  31.411 0.1000000015
152629  46.882  27.946  30.315 0.1000000015
137447  45.780  27.435  28.802 0.1000000015
114252  46.682  27.695  30.956 0.1000000015
114264  45.844  27.319  30.408 0.1000000015
114274  45.792  27.370  29.604 0.1000000015
113643  45.162  27.018  29.132 0.1000000015
113645  43.834  26.273  28.216 0.1000000015
114253  45.832  27.204  31.140 0.1000000015
113628  45.189  26.956  29.944 0.1000000015
112887  41.854  25.633  26.694 0.1000000015
109417  54.047  19.984  16.779 0.1000000015
109418  53.333  20.287  17.300 0.1000000015
110201  52.111  21.258  17.282 0.1000000015
133830  51.499  23.268  16.895 0.1000000015
112895  42.242  25.908  25.970 0.1000000015
108671  54.826  19.658  16.751 0.1000000015
109428  53.542  20.505  16.381 0.1000000015
110202  51.577  21.945  17.519 0.1000000015
112212  51.761  24.135  16.947 0.1000000015
112952  53.847  26.115  16.743 0.1000000015
112896  41.274  25.592  25.958 0.1000000015
108670  55.857  19.203  16.618 0.1000000015
107935  56.622  18.810  16.028 0.1000000015
110214  51.827  21.897  16.509 0.1000000015
110880  51.546  22.917  16.034 0.1000000015
149366  52.019  24.599  16.243 0.1000000015
112964  54.042  27.058  15.439 0.1000000015
115003  54.040  29.028  16.856 0.1000000015
114998  53.826  29.279  17.786 0.1000000015
112903  40.204  26.049  25.000 0.1000000015
107923  56.706  18.544  16.752 0.1000000015
107933  57.507  17.415  15.914 0.1000000015
112223  52.683  25.427  15.637 0.1000000015
140747  53.988  28.311  15.646 0.1000000015
140905  53.662  28.564  16.366 0.1000000015
114395  52.810  28.586  18.103 0.1000000015
114991  51.082  28.229  19.807 0.1000000015
114974  49.542  28.201  20.653 0.1000000015
115515  47.722  29.824  21.805 0.1000000015
115489  44.120  30.801  23.824 0.1000000015
114929  42.509  29.793  23.587 0.1000000015
114343  42.334  28.437  23.647 0.1000000015
114328  41.893  27.299  23.930 0.1000000015
106526  57.672  16.218  15.864 0.1000000015
106527  57.410  16.223  15.595 0.1000000015
114402  52.535  28.046  17.149 0.1000000015
143823  51.732  27.680  18.413 0.1000000015
114388  50.887  27.448  19.357 0.1000000015
114975  48.504  28.186  21.025 0.1000000015
114957  47.311  28.932  21.490 0.1000000015
115516  46.777  29.880  21.741 0.1000000015
116059  43.697  30.839  23.849 0.1000000015
115490  43.071  30.550  23.758 0.1000000015
114930  41.762  29.494  23.488 0.1000000015
104909  56.584  14.669  15.977 0.1000000015
146473  55.544  15.442  15.750 0.1000000015
137056  53.117  14.899  14.784 0.1000000015
106505  52.449  16.345  16.331 0.1000000015
130365  51.047  17.510  17.310 0.1000000015
107926  50.629  18.162  17.712 0.1000000015
108673  51.091  18.795  17.202 0.1000000015
108674  50.345  19.114  17.533 0.1000000015
109439  50.315  20.221  15.298 0.1000000015
108684  50.678  19.586  16.734 0.1000000015
107980  49.703  18.584  10.998 0.1000000015
108729  49.121  19.166  11.614 0.1000000015
107996  48.185  17.926  10.203 0.1000000015
108730  48.083  19.053  11.520 0.1000000015
112786  48.827  25.631  34.244 0.1000000015
112801  49.417  26.166  33.722 0.1000000015
114229  48.591  28.011  32.500 0.1000000015
113559  48.118  26.946  33.250 0.1000000015
114211  47.772  27.460  32.837 0.1000000015
136264  47.744  27.927  32.238 0.1000000015
113580  47.006  27.160  33.011 0.1000000015
114230  47.044  27.458  32.516 0.1000000015
152653  47.082  27.701  31.855 0.1000000015
113644  44.515  26.659  28.656 0.1000000015
113629  44.536  26.627  29.489 0.1000000015
113630  43.863  26.324  29.060 0.1000000015
112874  43.154  25.898  27.776 0.1000000015
112875  42.462  25.712  27.282 0.1000000015
112876  41.528  25.437  27.592 0.1000000015
108689  56.300  19.321  14.923 0.1000000015
108681  55.379  19.724  15.983 0.1000000015
110225  53.219  20.941  15.494 0.1000000015
143662  52.439  21.555  15.801 0.1000000015
112890  38.456  25.234  26.345 0.1000000015
108679  56.837  18.668  15.272 0.1000000015
110227  51.947  22.238  15.438 0.1000000015
112235  52.122  24.574  15.393 0.1000000015
133932  40.010  26.711  24.421 0.1000000015
107945  57.262  17.801  15.029 0.1000000015
107240  57.243  17.116  15.315 0.1000000015
129820  53.758  27.593  15.032 0.1000000015
114408  53.077  28.066  15.872 0.1000000015
114344  41.384  28.283  23.669 0.1000000015
114329  40.451  27.194  24.105 0.1000000015
147044  56.460  15.535  15.553 0.1000000015
113757  53.466  27.332  14.223 0.1000000015
113737  51.414  26.991  17.836 0.1000000015
114389  49.925  26.930  19.885 0.1000000015
114958  46.422  28.902  21.419 0.1000000015
116088  44.594  30.798  22.480 0.1000000015
116060  43.188  30.860  23.783 0.1000000015
132921  54.708  16.008  15.964 0.1000000015
107234  53.214  16.966  16.554 0.1000000015
107924  52.128  17.559  16.899 0.1000000015
108683  51.446  19.298  16.469 0.1000000015
108699  51.046  19.895  14.988 0.1000000015
108693  50.953  19.909  15.919 0.1000000015
107283  49.957  17.325  9.584 0.1000000015
108728  50.126  19.184  11.751 0.1000000015
108715  50.430  19.516  12.579 0.1000000015
108706  50.792  19.729  13.445 0.1000000015
133563  47.844  25.583  34.337 0.1000000015
112802  48.441  26.249  33.638 0.1000000015
114231  46.251  27.252  31.951 0.1000000015
113612  45.204  26.912  30.736 0.1000000015
113613  44.546  26.612  30.295 0.1000000015
112854  43.320  26.120  29.445 0.1000000015
135932  54.679  20.431  14.854 0.1000000015
112865  42.376  25.632  28.139 0.1000000015
112877  40.547  25.246  27.391 0.1000000015
112878  39.682  25.094  27.122 0.1000000015
129852  38.972  25.031  26.893 0.1000000015
133274  37.824  25.114  26.902 0.1000000015
108690  55.726  19.739  15.327 0.1000000015
109438  54.185  20.475  15.550 0.1000000015
154755  53.945  20.725  14.962 0.1000000015
112889  39.480  25.312  26.171 0.1000000015
113662  37.049  25.827  26.271 0.1000000015
110226  52.579  21.661  14.915 0.1000000015
110888  51.741  22.983  15.046 0.1000000015
113685  39.425  26.176  24.865 0.1000000015
113673  38.835  25.674  25.495 0.1000000015
131336  38.163  25.999  25.348 0.1000000015
107953  56.695  18.192  14.325 0.1000000015
107248  56.951  17.852  14.680 0.1000000015
110887  52.206  22.558  14.308 0.1000000015
111529  51.763  23.713  15.220 0.1000000015
112978  53.616  26.460  14.745 0.1000000015
139072  39.926  27.417  24.054 0.1000000015
114330  39.203  26.985  24.236 0.1000000015
113686  38.623  26.330  24.815 0.1000000015
107241  56.626  17.318  15.131 0.1000000015
107936  54.394  17.605  16.047 0.1000000015
112252  52.433  24.582  14.288 0.1000000015
112994  53.522  26.463  13.764 0.1000000015
113752  52.395  27.338  15.520 0.1000000015
113738  50.503  26.354  18.332 0.1000000015
113720  49.045  26.716  20.122 0.1000000015
114976  47.742  28.290  21.225 0.1000000015
145144  45.709  28.780  21.239 0.1000000015
115518  43.915  30.219  21.967 0.1000000015
115491  41.409  30.018  23.212 0.1000000015
114931  40.855  29.258  23.483 0.1000000015
114345  40.450  28.079  23.744 0.1000000015
114346  39.435  28.128  23.791 0.1000000015
114331  38.293  26.997  24.311 0.1000000015
113687  37.808  26.484  24.919 0.1000000015
107232  54.990  16.767  15.976 0.1000000015
113759  51.691  26.610  15.251 0.1000000015
113746  50.861  26.325  17.404 0.1000000015
113739  49.667  25.926  18.803 0.1000000015
113721  48.063  26.715  20.214 0.1000000015
145037  46.969  28.135  21.122 0.1000000015
115517  44.686  29.865  21.640 0.1000000015
136796  43.175  30.549  22.354 0.1000000015
115492  40.563  29.685  23.161 0.1000000015
114932  40.033  29.029  23.417 0.1000000015
107949  53.043  18.568  15.783 0.1000000015
107938  52.679  18.123  16.639 0.1000000015
108682  52.205  18.960  16.183 0.1000000015
107939  51.834  18.491  16.872 0.1000000015
108692  51.658  19.513  15.619 0.1000000015
135826  51.152  19.791  14.177 0.1000000015
106565  50.432  16.636  8.609 0.1000000015
112770  47.876  24.975  35.515 0.1000000015
147747  48.486  25.167  35.018 0.1000000015
113560  47.323  26.872  33.233 0.1000000015
113581  46.389  26.958  32.816 0.1000000015
113582  45.536  26.683  32.545 0.1000000015
113598  45.190  26.785  31.617 0.1000000015
144620  44.596  26.624  30.996 0.1000000015
129892  43.875  26.341  29.857 0.1000000015
113614  43.112  26.122  30.129 0.1000000015
154097  42.304  25.641  28.897 0.1000000015
129114  40.864  25.231  29.204 0.1000000015
112867  40.727  25.223  28.293 0.1000000015
132048  38.834  24.809  27.774 0.1000000015
109436  55.562  19.941  14.669 0.1000000015
112880  37.794  25.043  27.749 0.1000000015
108688  56.689  18.563  14.536 0.1000000015
109450  54.149  20.761  14.307 0.1000000015
113655  35.958  26.652  26.816 0.1000000015
113675  36.662  26.279  25.867 0.1000000015
110236  52.751  21.832  13.859 0.1000000015
113664  35.510  26.975  26.211 0.1000000015
107249  56.434  17.954  14.233 0.1000000015
107946  55.737  17.902  14.858 0.1000000015
153621  52.587  22.477  13.560 0.1000000015
110894  52.746  23.354  13.091 0.1000000015
112251  53.353  25.601  13.373 0.1000000015
113764  53.165  27.123  13.803 0.1000000015
113758  52.874  27.381  14.485 0.1000000015
137756  38.694  27.629  23.958 0.1000000015
114333  36.412  27.277  24.565 0.1000000015
113688  36.935  26.618  25.123 0.1000000015
107947  54.676  18.073  15.399 0.1000000015
111553  53.435  24.673  12.156 0.1000000015
112270  53.351  25.399  12.484 0.1000000015
113006  53.264  26.212  13.061 0.1000000015
112979  52.194  26.622  14.332 0.1000000015
112966  50.631  25.685  15.979 0.1000000015
112941  49.953  25.718  17.985 0.1000000015
113729  48.445  26.096  19.659 0.1000000015
113722  47.033  26.612  20.361 0.1000000015
114977  46.106  28.076  20.985 0.1000000015
114960  44.184  29.257  21.159 0.1000000015
115499  41.893  30.383  23.126 0.1000000015
115493  39.784  29.495  23.015 0.1000000015
114332  37.426  27.102  24.399 0.1000000015
112967  49.592  25.036  16.497 0.1000000015
112954  49.111  25.159  17.594 0.1000000015
112936  47.938  25.493  19.191 0.1000000015
113723  46.078  26.619  20.333 0.1000000015
114979  44.506  28.359  20.620 0.1000000015
115537  41.928  29.549  21.146 0.1000000015
115500  41.036  30.074  22.979 0.1000000015
114933  39.232  28.999  23.311 0.1000000015
135314  38.584  28.323  23.552 0.1000000015
114348  37.098  27.703  23.808 0.1000000015
107968  53.038  18.644  12.296 0.1000000015
107956  52.958  18.889  14.894 0.1000000015
113724  45.259  26.826  20.078 0.1000000015
114382  44.075  27.813  20.094 0.1000000015
139963  43.676  28.640  20.511 0.1000000015
107977  52.855  18.313  11.308 0.1000000015
108713  52.160  19.075  12.802 0.1000000015
108698  51.757  19.534  14.652 0.1000000015
107992  52.572  17.785  10.448 0.1000000015
108714  51.379  19.347  12.704 0.1000000015
108705  51.766  19.400  13.625 0.1000000015
107282  51.043  17.267  9.574 0.1000000015
108727  51.119  19.142  11.847 0.1000000015
136009  48.703  24.771  35.925 0.1000000015
154136  47.059  26.401  33.493 0.1000000015
113561  46.591  26.528  33.357 0.1000000015
113583  44.593  26.404  32.332 0.1000000015
113599  44.212  26.448  31.561 0.1000000015
133984  43.787  26.374  30.754 0.1000000015
113601  42.754  26.143  30.976 0.1000000015
131439  40.944  25.298  29.959 0.1000000015
113600  43.412  26.309  31.474 0.1000000015
131801  41.746  25.485  29.550 0.1000000015
112869  38.294  25.113  28.567 0.1000000015
113654  36.563  26.324  27.383 0.1000000015
109448  55.567  19.801  13.819 0.1000000015
114895  35.725  27.918  27.497 0.1000000015
114305  35.450  27.327  26.898 0.1000000015
114304  36.077  27.075  27.507 0.1000000015
108696  56.198  19.281  14.177 0.1000000015
109449  54.905  20.341  14.070 0.1000000015
135741  53.535  21.265  13.729 0.1000000015
114319  35.240  27.475  25.435 0.1000000015
107960  56.289  18.323  13.810 0.1000000015
110243  53.020  22.441  12.793 0.1000000015
114318  36.003  26.819  25.472 0.1000000015
114334  35.498  27.682  24.449 0.1000000015
107260  55.946  18.285  13.313 0.1000000015
107954  54.888  18.195  14.498 0.1000000015
112287  53.339  25.183  11.973 0.1000000015
113021  53.187  25.631  12.302 0.1000000015
113007  53.039  26.254  12.821 0.1000000015
112980  50.973  25.902  14.974 0.1000000015
112968  48.438  24.835  16.748 0.1000000015
114349  36.210  27.809  23.769 0.1000000015
107256  55.385  17.981  12.970 0.1000000015
112955  47.923  24.899  17.689 0.1000000015
112937  46.994  25.552  19.217 0.1000000015
146827  40.791  29.832  22.296 0.1000000015
114942  39.114  29.375  22.817 0.1000000015
114944  37.400  28.746  22.701 0.1000000015
114350  35.534  28.080  23.708 0.1000000015
153863  53.978  18.187  12.212 0.1000000015
107962  54.209  18.409  13.875 0.1000000015
112945  46.533  25.390  18.480 0.1000000015
139964  45.712  26.264  19.671 0.1000000015
114981  42.812  29.014  20.470 0.1000000015
130769  41.067  29.589  21.385 0.1000000015
132827  39.497  29.513  22.170 0.1000000015
115502  38.653  29.390  22.170 0.1000000015
114945  36.452  28.715  22.579 0.1000000015
114936  35.941  28.311  23.152 0.1000000015
107272  53.599  17.937  10.692 0.1000000015
112958  45.642  25.750  17.614 0.1000000015
113732  45.442  26.047  18.963 0.1000000015
114391  43.903  27.593  19.443 0.1000000015
115553  42.077  29.054  20.041 0.1000000015
144063  41.355  29.287  20.408 0.1000000015
144059  38.890  29.452  21.337 0.1000000015
115523  38.166  29.419  21.412 0.1000000015
115505  36.028  29.221  21.898 0.1000000015
113747  45.223  26.510  17.775 0.1000000015
134638  44.671  27.092  18.273 0.1000000015
114398  43.915  27.579  18.635 0.1000000015
115554  41.453  29.336  19.391 0.1000000015
115555  40.724  29.390  19.830 0.1000000015
115538  38.361  29.601  20.649 0.1000000015
131084  37.764  29.658  20.889 0.1000000015
115504  36.974  29.227  22.071 0.1000000015
129721  45.373  26.074  16.462 0.1000000015
114409  45.239  26.841  16.787 0.1000000015
114404  44.178  27.754  17.831 0.1000000015
115000  42.762  28.702  18.534 0.1000000015
115568  42.135  29.152  18.961 0.1000000015
115556  39.400  29.725  19.633 0.1000000015
115004  44.757  28.136  17.258 0.1000000015
115005  43.839  28.624  17.331 0.1000000015
115006  42.988  28.836  17.746 0.1000000015
115570  40.654  29.772  18.873 0.1000000015
115571  39.761  30.069  18.942 0.1000000015
115578  41.737  30.121  17.774 0.1000000015
116107  40.971  30.293  18.076 0.1000000015
113536  46.838  25.827  33.989 0.1000000015
113562  45.747  26.386  33.270 0.1000000015
132279  44.884  26.204  33.094 0.1000000015
131624  43.653  26.277  32.184 0.1000000015
112830  42.051  26.019  31.427 0.1000000015
132426  41.970  25.874  30.879 0.1000000015
139047  35.418  28.638  27.443 0.1000000015
151932  55.510  19.690  13.314 0.1000000015
109463  54.957  20.179  13.183 0.1000000015
109464  54.191  20.748  13.438 0.1000000015
114896  35.010  28.158  27.009 0.1000000015
114312  34.976  27.693  26.277 0.1000000015
107965  55.569  18.338  12.413 0.1000000015
109473  55.421  19.557  12.747 0.1000000015
134696  53.472  21.529  12.661 0.1000000015
114335  34.696  28.046  24.827 0.1000000015
110900  53.331  22.703  11.744 0.1000000015
111569  53.173  24.441  11.667 0.1000000015
112271  52.645  25.540  12.409 0.1000000015
113008  52.103  25.724  13.273 0.1000000015
112253  50.861  25.141  13.827 0.1000000015
114920  34.897  28.252  23.981 0.1000000015
112996  51.524  25.859  14.118 0.1000000015
112236  50.380  25.172  14.660 0.1000000015
114947  34.655  28.894  22.609 0.1000000015
112274  49.050  24.256  13.844 0.1000000015
112255  48.639  24.569  14.416 0.1000000015
112982  48.879  24.785  15.805 0.1000000015
114946  35.522  28.768  22.507 0.1000000015
112275  47.485  24.268  13.556 0.1000000015
112256  47.613  24.588  14.345 0.1000000015
112239  47.210  24.713  15.202 0.1000000015
112213  47.371  24.814  16.837 0.1000000015
112276  46.880  24.695  13.713 0.1000000015
112240  46.208  25.087  15.308 0.1000000015
112957  46.072  25.258  17.159 0.1000000015
115525  36.601  29.640  21.351 0.1000000015
115526  35.636  29.770  21.184 0.1000000015
112998  45.588  25.597  14.952 0.1000000015
112226  46.070  25.149  16.320 0.1000000015
116102  38.954  30.336  19.142 0.1000000015
116097  37.736  30.133  20.234 0.1000000015
116109  39.409  30.769  18.542 0.1000000015
116104  37.374  30.776  19.808 0.1000000015
146292  39.898  31.173  18.160 0.1000000015
116629  38.672  31.136  18.835 0.1000000015
133557  45.045  25.891  33.732 0.1000000015
149108  43.975  26.056  32.949 0.1000000015
113646  36.790  26.846  28.145 0.1000000015
116015  36.784  30.169  27.988 0.1000000015
116022  35.998  30.159  27.657 0.1000000015
114880  36.467  27.762  28.053 0.1000000015
140837  36.219  28.723  27.875 0.1000000015
115452  35.633  29.369  27.571 0.1000000015
115453  34.836  29.136  27.105 0.1000000015
114911  34.169  28.687  25.197 0.1000000015
110909  53.278  22.629  11.278 0.1000000015
111585  53.049  23.701  11.405 0.1000000015
111570  52.622  24.399  11.691 0.1000000015
112272  51.441  25.017  12.989 0.1000000015
115477  34.135  29.368  25.815 0.1000000015
114912  33.774  29.106  24.488 0.1000000015
114921  34.207  28.594  24.233 0.1000000015
111571  51.374  23.800  12.226 0.1000000015
114938  34.390  28.705  23.398 0.1000000015
111572  50.117  23.357  12.658 0.1000000015
112273  50.258  24.425  13.619 0.1000000015
111555  49.548  23.782  13.297 0.1000000015
128465  34.980  29.290  21.775 0.1000000015
146293  34.108  29.357  22.135 0.1000000015
110925  49.327  22.323  11.660 0.1000000015
111573  48.848  23.206  12.721 0.1000000015
111556  48.210  23.765  13.323 0.1000000015
115541  35.670  30.317  20.663 0.1000000015
116098  36.891  30.501  20.259 0.1000000015
115540  36.345  30.137  20.737 0.1000000015
116623  37.497  31.410  19.478 0.1000000015
116628  39.296  31.699  18.433 0.1000000015
117136  37.743  32.145  19.278 0.1000000015
128220  42.655  26.188  31.965 0.1000000015
116014  37.228  30.893  28.095 0.1000000015
110922  53.025  23.042  11.341 0.1000000015
110923  52.870  23.128  11.311 0.1000000015
111587  51.971  23.555  11.716 0.1000000015
115484  33.466  29.799  24.307 0.1000000015
110257  53.299  22.301  10.947 0.1000000015
110931  52.946  22.502  10.886 0.1000000015
110932  52.142  22.347  11.014 0.1000000015
110924  51.983  22.940  11.468 0.1000000015
154638  34.026  29.103  22.850 0.1000000015
110267  53.126  21.674  10.499 0.1000000015
110911  50.686  22.816  11.901 0.1000000015
115527  33.617  29.836  21.943 0.1000000015
110269  51.052  21.595  10.694 0.1000000015
110259  50.148  21.942  11.260 0.1000000015
149348  34.215  29.828  21.384 0.1000000015
110260  49.016  21.792  11.013 0.1000000015
116074  34.606  30.816  20.504 0.1000000015
147621  34.923  29.752  21.261 0.1000000015
116620  35.717  31.269  19.880 0.1000000015
116099  36.102  30.691  20.234 0.1000000015
116624  36.644  31.198  19.724 0.1000000015
117637  38.248  32.792  19.235 0.1000000015
151279  37.043  28.493  28.387 0.1000000015
115436  36.967  29.375  28.194 0.1000000015
116567  35.637  30.843  27.358 0.1000000015
110268  52.296  21.688  10.521 0.1000000015
110258  51.173  22.294  11.294 0.1000000015
112814  41.630  26.069  32.047 0.1000000015
112843  40.472  25.541  30.663 0.1000000015
139879  42.997  26.178  32.869 0.1000000015
113667  47.164  26.195  24.876 0.1000000015
108614  54.203  19.578  23.881 0.1000000015
107862  55.117  18.302  23.324 0.1000000015
107206  57.323  17.736  20.582 0.1000000015
144090  57.558  15.984  19.726 0.1000000015
104913  51.435  13.714  15.453 0.1000000015
104898  48.283  14.100  17.102 0.1000000015
106516  54.708  14.997  15.770 0.1000000015
105751  56.340  14.815  15.711 0.1000000015
130245  54.081  15.766  15.996 0.1000000015
105714  57.321  16.076  17.953 0.1000000015
107217  57.760  16.836  18.973 0.1000000015
149417  57.385  15.527  16.944 0.1000000015
104883  44.902  14.346  20.261 0.2000000030
101925  40.830  10.749  21.259 0.1000000015
147581  48.857  15.139  19.920 0.1000000015
102665  36.798  12.108  22.817 0.1000000015
146522  34.662  12.250  23.485 0.1000000015
112158  54.107  24.283  23.689 0.1000000015
103417  37.041  13.283  22.006 0.1000000015
103407  35.872  13.468  22.541 0.1000000015
102672  40.061  11.333  21.346 0.1000000015
104118  34.601  13.594  22.929 0.1000000015
103404  38.018  12.182  22.085 0.1000000015
112171  53.922  24.187  22.526 0.1000000015
112178  54.550  23.902  22.124 0.1000000015
108624  54.000  19.338  23.004 0.1000000015
149756  54.414  18.867  23.427 0.1000000015
107876  53.951  18.994  22.328 0.1000000015
104880  36.928  13.830  22.184 0.1000000015
104879  37.550  13.814  21.690 0.1000000015
105687  47.305  14.980  20.362 0.1000000015
152068  39.381  12.305  20.703 0.1000000015
105688  46.532  14.858  20.672 0.1000000015
102679  41.037  11.494  20.004 0.1000000015
103431  40.840  12.545  18.767 0.1000000015
103429  42.114  12.079  18.416 0.1000000015
148404  48.631  27.022  23.143 0.1000000015
111465  52.263  24.068  24.076 0.1000000015
111474  50.362  23.878  22.747 0.1000000015
112182  49.123  24.696  22.189 0.1000000015
112919  48.775  25.975  22.209 0.1000000015
114339  49.337  27.632  23.188 0.1000000015
114908  49.887  28.723  25.550 0.1000000015
114916  49.971  28.788  24.797 0.1000000015
114308  49.463  27.980  27.117 0.1000000015
112173  50.533  24.177  21.895 0.1000000015
132980  49.871  27.568  22.566 0.1000000015
112181  51.349  24.419  21.438 0.1000000015
114941  51.044  28.646  22.972 0.1000000015
116010  51.159  31.199  28.376 0.1000000015
112180  52.372  24.304  21.554 0.1000000015
115486  51.502  29.820  24.147 0.1000000015
114364  51.827  27.608  21.283 0.1000000015
109383  53.203  21.523  21.460 0.1000000015
107886  53.742  19.062  21.597 0.1000000015
104933  48.023  13.696  14.926 0.1000000015
132830  47.335  14.049  14.660 0.1000000015
104935  46.033  13.569  15.535 0.1000000015
152921  45.030  13.758  15.359 0.1000000015
105762  45.053  14.180  15.311 0.1000000015
106464  39.921  16.414  22.195 0.1000000015
105656  38.286  15.497  22.354 0.1000000015
105642  34.406  15.742  23.482 0.1000000015
104919  45.769  13.718  16.580 0.1000000015
105742  45.079  14.931  15.926 0.1000000015
105743  43.641  14.888  16.883 0.1000000015
105744  42.880  14.533  17.110 0.1000000015
105727  42.531  15.039  18.061 0.1000000015
153312  44.041  15.645  17.617 0.1000000015
105728  41.821  14.722  18.313 0.1000000015
104893  41.112  14.453  18.681 0.1000000015
105711  40.788  14.869  19.569 0.1000000015
105691  40.467  15.246  20.371 0.1000000015
105692  39.728  14.919  20.592 0.1000000015
104155  44.031  13.250  16.316 0.1000000015
104165  43.291  13.537  16.115 0.1000000015
104922  42.710  13.769  16.640 0.1000000015
104923  42.073  13.539  17.071 0.1000000015
142560  33.864  15.000  23.379 0.1000000015
104882  45.879  14.653  19.943 0.1000000015
104890  46.161  14.375  18.784 0.1000000015
104892  44.363  14.080  19.006 0.1000000015
104156  43.295  13.319  16.461 0.1000000015
103436  41.571  12.711  17.729 0.1000000015
103437  40.936  13.030  18.142 0.1000000015
154119  44.166  14.096  19.743 0.1000000015
104142  43.069  12.912  18.263 0.1000000015
104143  42.499  12.665  17.808 0.1000000015
132283  51.104  30.846  28.893 0.1000000015
112931  52.180  25.594  20.313 0.1000000015
114953  52.553  28.516  21.643 0.1000000015
116056  52.893  31.333  24.243 0.1000000015
112930  53.087  25.749  19.592 0.1000000015
114952  53.760  29.169  21.291 0.1000000015
115510  54.108  30.037  21.693 0.1000000015
116588  52.611  32.258  24.686 0.1000000015
128512  50.992  32.421  24.493 0.1000000015
107896  53.562  19.183  20.856 0.1000000015
106510  45.430  15.679  16.866 0.1000000015
144366  38.605  16.144  22.715 0.1000000015
106479  42.291  16.347  20.543 0.1000000015
106480  41.599  16.134  20.743 0.1000000015
107199  42.566  17.625  21.361 0.1000000015
145602  41.346  17.070  21.807 0.1000000015
107181  35.316  17.819  23.735 0.1000000015
107182  34.478  17.489  23.480 0.1000000015
113726  53.928  27.053  18.887 0.1000000015
115496  54.050  30.832  21.984 0.1000000015
116050  48.910  31.037  24.538 0.1000000015
116094  54.083  30.739  20.785 0.1000000015
108652  52.695  20.072  19.949 0.1000000015
108651  53.237  19.538  19.755 0.1000000015
107893  57.297  17.719  19.592 0.1000000015
104930  50.877  13.680  14.451 0.1000000015
130772  47.404  16.723  17.971 0.1000000015
106497  45.607  16.380  17.989 0.1000000015
151898  45.003  17.084  19.653 0.1000000015
154426  45.383  18.418  19.989 0.1000000015
107897  44.810  18.232  20.295 0.1000000015
136348  44.309  18.766  20.525 0.1000000015
107899  43.572  18.781  20.879 0.1000000015
114271  48.907  27.040  29.108 0.1000000015
114269  50.810  28.173  29.850 0.1000000015
114867  51.300  29.102  29.617 0.1000000015
115409  49.451  29.626  29.847 0.1000000015
114302  46.420  27.955  27.661 0.1000000015
114910  46.902  28.348  25.816 0.1000000015
148608  53.811  24.588  19.098 0.1000000015
114394  54.388  27.689  18.569 0.1000000015
116616  53.242  31.458  22.281 0.1000000015
128178  51.393  32.399  23.617 0.1000000015
116591  50.047  32.134  24.341 0.1000000015
115482  48.265  30.463  24.504 0.1000000015
116095  53.637  30.864  20.938 0.1000000015
116617  52.417  31.466  22.309 0.1000000015
116607  50.170  32.224  23.547 0.1000000015
116599  48.291  31.877  23.728 0.1000000015
110178  51.791  21.939  19.101 0.1000000015
136699  52.068  21.125  19.268 0.1000000015
107914  55.913  18.487  18.406 0.1000000015
107218  57.657  16.859  18.049 0.1000000015
137612  49.309  16.211  16.311 0.1000000015
106495  48.235  16.694  17.536 0.1000000015
151626  46.940  17.041  18.534 0.1000000015
108656  44.660  20.180  20.025 0.1000000015
109392  43.967  20.386  20.154 0.1000000015
108653  46.898  19.206  19.247 0.1000000015
109402  45.111  20.843  19.411 0.1000000015
150200  50.851  29.741  30.890 0.1000000015
115408  50.304  29.824  30.540 0.1000000015
112210  53.786  25.589  17.773 0.1000000015
113735  54.531  27.853  17.715 0.1000000015
140065  51.968  22.710  18.915 0.1000000015
110868  51.901  23.311  18.307 0.1000000015
144158  54.386  28.940  17.623 0.1000000015
115551  53.988  30.106  19.212 0.1000000015
115487  46.362  30.936  23.974 0.1000000015
109408  53.052  20.039  18.160 0.1000000015
116067  48.455  31.687  22.931 0.1000000015
116610  46.975  31.588  23.670 0.1000000015
114927  45.087  29.736  23.719 0.1000000015
107912  57.492  17.399  17.426 0.1000000015
154410  49.434  17.623  18.065 0.1000000015
107227  49.580  17.039  17.464 0.1000000015
107917  48.397  18.241  18.593 0.1000000015
108676  48.782  19.856  17.971 0.1000000015
108665  47.472  19.724  18.791 0.1000000015
109412  46.403  20.779  18.535 0.1000000015
110191  45.964  21.334  17.942 0.1000000015
110179  45.002  21.426  18.773 0.1000000015
114272  46.952  28.083  29.788 0.1000000015
110873  51.491  22.758  17.618 0.1000000015
113744  54.409  27.329  17.063 0.1000000015
154421  53.404  25.416  17.387 0.1000000015
114997  54.167  29.210  17.728 0.1000000015
115552  53.065  29.931  19.698 0.1000000015
115513  49.676  29.802  21.742 0.1000000015
114954  50.116  29.080  21.090 0.1000000015
108659  55.080  19.228  17.476 0.1000000015
138493  44.915  31.130  23.737 0.1000000015
114341  43.874  28.767  23.628 0.1000000015
105732  57.493  15.448  16.313 0.1000000015
107921  57.602  17.183  16.589 0.1000000015
106518  52.024  15.338  15.206 0.1000000015
106506  51.226  16.543  16.616 0.1000000015
114228  50.358  28.200  32.539 0.1000000015
114263  46.423  27.688  30.056 0.1000000015
113672  41.876  26.071  25.184 0.1000000015
112211  52.674  25.152  16.855 0.1000000015
115536  51.139  29.416  20.662 0.1000000015
113750  54.253  27.841  15.995 0.1000000015
114387  51.997  28.465  19.151 0.1000000015
116084  48.103  30.773  22.318 0.1000000015
113684  40.720  26.590  24.489 0.1000000015
107934  57.208  18.207  15.873 0.1000000015
114375  50.285  27.754  20.125 0.1000000015
114955  49.110  28.955  21.306 0.1000000015
152684  44.828  31.347  23.059 0.1000000015
105749  57.528  15.606  15.840 0.1000000015
107225  51.631  17.255  17.034 0.1000000015
108707  49.724  19.937  13.330 0.1000000015
108716  49.502  19.601  12.391 0.1000000015
114210  48.733  27.556  32.960 0.1000000015
112864  43.089  25.930  28.716 0.1000000015
148928  41.116  25.412  26.806 0.1000000015
112888  40.406  25.345  26.503 0.1000000015
109427  54.546  20.111  16.135 0.1000000015
109429  52.635  21.117  16.419 0.1000000015
111522  51.602  23.881  16.158 0.1000000015
112965  53.401  26.127  15.866 0.1000000015
150806  39.659  25.683  25.423 0.1000000015
108680  56.179  19.312  15.691 0.1000000015
114401  53.398  28.708  17.216 0.1000000015
107239  57.488  16.899  15.623 0.1000000015
112234  53.048  25.556  14.480 0.1000000015
113751  53.432  27.735  15.007 0.1000000015
114376  49.531  27.357  20.327 0.1000000015
105768  57.055  15.403  15.561 0.1000000015
106528  56.934  16.310  15.417 0.1000000015
113745  51.877  27.229  16.661 0.1000000015
114396  50.970  26.912  18.666 0.1000000015
114377  48.731  27.441  20.527 0.1000000015
145075  45.626  29.954  21.730 0.1000000015
116089  43.592  31.086  22.866 0.1000000015
106517  53.390  15.587  15.846 0.1000000015
107925  51.383  17.968  17.289 0.1000000015
107981  48.639  18.568  10.878 0.1000000015
112866  41.595  25.409  28.603 0.1000000015
112977  53.730  27.066  14.191 0.1000000015
107231  56.020  16.480  15.583 0.1000000015
113727  50.218  26.583  19.122 0.1000000015
116090  42.913  31.087  22.989 0.1000000015
107233  54.145  16.917  16.287 0.1000000015
107994  50.353  17.902  10.328 0.1000000015
129113  39.814  25.007  28.054 0.1000000015
112881  37.132  25.550  27.040 0.1000000015
110235  53.386  21.171  14.573 0.1000000015
111538  52.130  23.579  14.196 0.1000000015
108695  56.385  18.627  13.912 0.1000000015
107254  56.367  18.201  14.015 0.1000000015
107242  55.389  17.406  15.586 0.1000000015
107948  53.883  18.217  15.803 0.1000000015
111537  53.125  24.609  13.128 0.1000000015
112993  53.418  26.783  13.626 0.1000000015
113753  51.263  26.400  16.350 0.1000000015
113728  49.357  26.261  19.488 0.1000000015
114378  47.658  27.509  20.750 0.1000000015
114959  45.014  29.027  21.180 0.1000000015
107937  53.548  17.796  16.371 0.1000000015
112953  50.270  25.608  17.027 0.1000000015
112942  49.180  25.453  18.455 0.1000000015
115520  41.443  30.023  22.336 0.1000000015
114961  43.244  29.668  21.339 0.1000000015
108691  52.365  19.178  15.278 0.1000000015
107979  50.758  18.529  11.115 0.1000000015
112995  52.710  26.554  13.512 0.1000000015
107955  53.810  18.503  14.945 0.1000000015
110901  53.355  23.723  11.899 0.1000000015
112943  48.402  25.201  18.497 0.1000000015
113731  46.540  26.034  19.844 0.1000000015
114380  45.657  27.351  20.572 0.1000000015
112981  50.006  25.037  15.533 0.1000000015
112944  47.434  25.174  18.506 0.1000000015
114943  38.402  28.966  22.925 0.1000000015
114935  36.809  28.274  23.240 0.1000000015
141303  53.238  18.761  14.087 0.1000000015
108704  52.683  18.952  13.363 0.1000000015
107976  53.834  18.096  11.466 0.1000000015
107967  53.602  18.485  13.095 0.1000000015
108697  52.438  19.138  14.303 0.1000000015
114390  44.558  27.186  19.729 0.1000000015
107978  51.808  18.435  11.185 0.1000000015
107969  52.067  18.961  11.974 0.1000000015
107993  51.470  17.776  10.376 0.1000000015
108703  55.992  19.183  13.355 0.1000000015
107250  55.722  17.996  13.836 0.1000000015
155000  54.989  18.085  13.562 0.1000000015
112288  53.028  25.201  11.802 0.1000000015
107966  54.625  18.028  12.722 0.1000000015
115521  40.256  29.517  21.532 0.1000000015
107263  54.595  17.930  11.695 0.1000000015
107271  54.418  17.930  11.011 0.1000000015
148416  46.123  25.373  17.861 0.1000000015
112956  46.822  25.041  17.643 0.1000000015
114397  44.439  27.025  19.051 0.1000000015
114993  42.702  28.624  19.537 0.1000000015
115522  39.552  29.432  21.153 0.1000000015
112969  45.665  25.620  16.730 0.1000000015
113740  45.407  26.055  18.304 0.1000000015
113741  44.995  26.495  18.664 0.1000000015
114992  43.293  28.109  19.043 0.1000000015
129417  39.986  29.398  20.356 0.1000000015
114403  44.995  27.379  17.421 0.1000000015
114999  43.398  28.190  18.138 0.1000000015
115557  38.583  29.918  19.850 0.1000000015
112983  45.532  25.676  15.798 0.1000000015
113760  45.197  26.482  15.905 0.1000000015
130526  42.361  30.017  17.442 0.1000000015
115569  41.526  29.678  18.452 0.1000000015
115010  44.845  28.763  16.843 0.1000000015
108712  55.777  18.911  12.512 0.1000000015
114904  34.535  28.596  26.250 0.1000000015
110910  53.111  23.508  11.460 0.1000000015
112289  52.055  24.767  12.262 0.1000000015
112254  49.747  24.617  14.313 0.1000000015
112237  49.264  24.833  14.956 0.1000000015
132546  48.172  24.316  13.905 0.1000000015
112238  48.220  24.698  15.095 0.1000000015
112224  47.796  24.667  15.968 0.1000000015
112257  46.679  24.907  14.437 0.1000000015
112225  46.805  24.785  16.085 0.1000000015
111554  50.775  24.187  12.875 0.1000000015
115494  33.721  29.213  23.599 0.1000000015
110912  49.447  22.795  12.257 0.1000000015
130092  48.048  -0.493  19.399 0.1000000015
92340  47.228  0.074  18.036 0.1000000015
92323  48.434  -0.471  18.753 0.1000000015
131113  47.965  -0.123  18.155 0.1000000015
92338  49.354  -0.365  17.629 0.1000000015
91433  51.886  -1.089  16.984 0.1000000015
93251  47.244  0.273  17.115 0.1000000015
92339  47.958  0.126  17.426 0.1000000015
92352  49.529  -0.192  16.776 0.1000000015
92353  48.726  0.024  17.023 0.1000000015
139510  50.194  -0.564  17.430 0.1000000015
93263  48.939  0.258  16.039 0.1000000015
92363  50.357  -0.011  15.679 0.1000000015
128217  48.004  0.314  16.431 0.1000000015
151921  47.731  0.431  15.828 0.1000000015
93262  49.526  0.248  15.392 0.1000000015
147803  48.903  0.394  15.188 0.1000000015
129973  48.649  0.515  14.542 0.1000000015
93276  48.239  0.433  15.387 0.1000000015
92349  52.542  -0.812  16.255 0.1000000015
130301  48.587  -0.219  17.889 0.1000000015
93264  47.138  0.462  16.240 0.1000000015
92364  49.725  -0.050  16.082 0.1000000015
79637  46.123  -13.179  42.929 0.1000000015
79663  43.274  -13.339  41.914 0.1000000015
79681  38.791  -13.192  40.454 0.1000000015
79682  38.159  -13.005  40.766 0.1000000015
80729  44.589  -12.629  41.591 0.1000000015
80732  37.461  -12.441  41.608 0.1000000015
80740  43.368  -12.414  40.924 0.1000000015
80743  37.677  -12.615  40.323 0.1000000015
80761  40.160  -12.830  39.721 0.1000000015
80784  39.808  -12.409  38.694 0.1000000015
81744  45.613  -11.754  41.417 0.1000000015
81807  39.544  -11.451  37.355 0.1000000015
81808  38.188  -11.606  37.505 0.1000000015
81810  36.939  -11.329  37.623 0.1000000015
81938  51.354  -10.635  18.863 0.1000000015
82694  47.257  -10.642  41.672 0.2000000030
82733  42.445  -10.677  38.309 0.1000000015
82767  38.446  -10.326  35.868 0.2000000030
82886  52.808  -10.380  20.444 0.1000000015
82888  51.416  -10.111  20.050 0.1000000015
82938  51.293  -10.992  17.313 0.1000000015
82997  48.737  -10.887  12.615 0.1000000015
83715  43.403  -9.549  38.306 0.1000000015
83743  35.419  -9.536  36.323 0.1000000015
83744  35.121  -9.162  36.124 0.2000000030
83752  37.852  -9.646  35.047 0.2000000030
83760  39.964  -9.119  34.676 0.2000000030
83761  39.161  -9.470  35.035 0.2000000030
83765  36.172  -8.634  34.504 0.2000000030
83778  63.003  -9.088  32.762 0.1000000015
83787  63.742  -9.129  31.470 0.1000000015
83798  64.079  -8.956  29.205 0.1000000015
83879  53.746  -9.167  21.480 0.1000000015
83880  52.782  -9.278  21.597 0.1000000015
83881  51.959  -9.146  21.451 0.1000000015
83915  50.789  -9.439  18.857 0.1000000015
83976  47.584  -9.946  13.002 0.1000000015
84693  45.955  -9.023  40.157 0.1000000015
84736  35.012  -8.970  37.517 0.1000000015
84751  35.596  -8.823  34.874 0.2000000030
84758  40.607  -8.682  33.946 0.2000000030
84761  36.777  -8.439  34.229 0.2000000030
84772  41.279  -8.272  33.688 0.1000000015
84781  63.462  -8.854  32.197 0.1000000015
84789  63.649  -8.700  31.531 0.1000000015
84802  64.511  -8.300  27.984 0.1000000015
84865  55.563  -8.504  20.688 0.1000000015
84866  54.722  -8.863  21.118 0.1000000015
84876  57.199  -8.119  19.246 0.1000000015
84877  56.539  -8.478  19.584 0.1000000015
84898  50.653  -8.795  17.240 0.1000000015
85664  43.864  -7.119  36.603 0.1000000015
85668  33.769  -7.176  36.505 0.2000000030
85675  34.086  -7.209  35.796 0.2000000030
85685  34.559  -7.174  35.124 0.2000000030
85687  62.228  -7.934  33.421 0.2000000030
85704  36.994  -7.353  34.018 0.2000000030
85709  62.866  -8.064  32.772 0.1000000015
85733  64.064  -7.676  29.498 0.1000000015
85735  64.537  -7.835  28.258 0.1000000015
85762  55.088  -7.424  22.837 0.1000000015
85763  54.291  -7.339  23.200 0.1000000015
85764  53.465  -7.114  23.365 0.1000000015
85765  52.789  -6.695  23.391 0.1000000015
85779  51.634  -6.993  22.396 0.1000000015
85800  51.195  -7.633  20.338 0.1000000015
85823  58.592  -7.338  18.622 0.1000000015
85824  57.855  -7.716  18.902 0.1000000015
86645  33.264  -6.531  37.686 0.1000000015
86669  56.724  -6.136  34.698 0.1000000015
86674  46.359  -5.918  34.780 0.1000000015
86677  36.636  -6.137  34.289 0.2000000030
86682  61.991  -7.589  33.365 0.2000000030
86762  56.763  -5.984  25.354 0.1000000015
86793  63.436  -6.654  23.783 0.1000000015
86794  60.414  -6.353  23.868 0.1000000015
86797  57.158  -6.513  23.261 0.1000000015
86821  57.538  -6.775  20.964 0.1000000015
86845  62.284  -6.224  18.368 0.1000000015
87550  50.488  -4.591  43.608 0.1000000015
87621  33.615  -5.176  36.185 0.2000000030
87623  59.274  -4.872  35.394 0.2000000030
87640  59.173  -5.530  35.032 0.2000000030
87662  37.678  -5.534  33.882 0.2000000030
87676  40.713  -5.827  32.431 0.1000000015
87689  45.731  -5.505  31.639 0.1000000015
87699  54.207  -4.974  30.637 0.3000000119
87703  49.275  -6.280  30.699 0.1000000015
87718  52.384  -5.538  29.502 0.3000000119
87724  46.643  -5.072  29.571 0.1000000015
87725  45.933  -5.118  30.056 0.1000000015
87732  53.757  -5.152  28.968 0.3000000119
87738  48.228  -5.051  28.903 0.2000000030
87748  58.594  -5.571  26.657 0.1000000015
87761  54.203  -5.792  24.652 0.1000000015
87774  61.989  -6.368  23.251 0.1000000015
87799  62.171  -5.991  21.269 0.1000000015
87803  51.857  -5.171  22.103 0.1000000015
87824  51.633  -6.090  19.900 0.1000000015
87828  62.189  -5.779  18.200 0.1000000015
87884  55.493  -5.078  13.068 0.1000000015
88548  49.734  -2.674  40.333 0.2000000030
88621  38.484  -4.376  34.298 0.1000000015
88629  52.658  -4.381  33.764 0.2000000030
88641  55.554  -3.972  32.036 0.3000000119
88653  55.940  -3.939  31.292 0.3000000119
88655  53.821  -4.696  32.080 0.3000000119
88657  42.309  -4.595  31.512 0.1000000015
88661  56.435  -3.733  30.553 0.3000000119
88680  44.363  -4.102  29.836 0.1000000015
88691  50.369  -4.234  28.125 0.3000000119
88694  46.397  -4.020  28.921 0.1000000015
88701  52.103  -4.250  27.775 0.3000000119
88709  55.235  -4.814  25.407 0.1000000015
88713  53.307  -4.943  24.272 0.1000000015
88722  53.016  -4.449  23.767 0.1000000015
88781  56.401  -4.485  13.612 0.1000000015
89470  48.841  -2.656  40.957 0.2000000030
89483  55.325  -2.074  39.099 0.2000000030
89486  52.571  -1.782  38.923 0.2000000030
89518  59.176  -2.122  37.435 0.2000000030
89533  50.440  -3.202  36.458 0.2000000030
89544  54.078  -3.199  34.880 0.2000000030
89558  40.988  -2.921  33.090 0.1000000015
89568  40.740  -3.778  32.612 0.1000000015
89577  42.467  -3.334  31.078 0.1000000015
89578  41.946  -3.307  31.584 0.1000000015
89591  45.319  -3.345  29.253 0.2000000030
89602  56.300  -3.368  28.590 0.3000000119
89614  54.185  -3.512  27.445 0.3000000119
89623  56.485  -4.439  26.043 0.1000000015
89634  55.317  -3.420  24.931 0.1000000015
89641  54.046  -3.249  24.063 0.1000000015
89655  52.681  -3.761  22.180 0.1000000015
89666  52.715  -3.557  21.410 0.1000000015
90352  56.764  -1.878  38.521 0.2000000030
90364  58.619  -1.638  37.522 0.2000000030
90365  57.739  -1.763  38.017 0.2000000030
90379  59.361  -1.446  37.125 0.2000000030
90389  38.228  -1.645  35.946 0.1000000015
90390  37.468  -1.654  36.000 0.2000000030
90395  31.914  -2.384  36.831 0.2000000030
90400  57.804  -1.314  36.634 0.2000000030
90407  39.389  -2.089  35.560 0.1000000015
90436  41.869  -2.004  32.791 0.2000000030
90445  42.399  -2.270  31.456 0.2000000030
90450  61.581  -1.481  31.704 0.3000000119
90453  43.619  -1.886  30.378 0.2000000030
90477  49.218  -2.420  28.523 0.3000000119
90479  47.301  -2.638  28.662 0.3000000119
90486  56.936  -2.167  27.641 0.3000000119
90491  50.389  -2.922  27.886 0.3000000119
90495  60.677  -2.137  26.969 0.1000000015
90501  54.010  -2.415  26.626 0.3000000119
90503  52.748  -2.506  26.970 0.3000000119
90504  59.525  -1.929  25.792 0.1000000015
90509  58.162  -2.003  25.060 0.1000000015
90512  55.659  -2.674  24.496 0.1000000015
90529  55.008  -1.897  23.024 0.1000000015
90531  53.735  -2.748  22.253 0.1000000015
90554  53.782  -2.747  20.501 0.1000000015
90565  54.510  -2.563  18.258 0.1000000015
90583  56.191  -3.272  15.418 0.1000000015
90589  57.487  -2.277  13.893 0.3000000119
90598  56.743  -3.288  13.196 0.2000000030
91214  55.495  -1.455  38.649 0.2000000030
91225  56.147  -1.230  38.341 0.2000000030
91227  54.825  -1.158  38.155 0.2000000030
91239  55.484  -1.123  37.797 0.2000000030
91240  41.342  -0.787  36.172 0.2000000030
91241  40.502  -1.073  36.181 0.2000000030
91249  60.114  -0.575  35.745 0.3000000119
91254  36.051  -1.405  35.717 0.2000000030
91261  60.497  -0.340  35.105 0.3000000119
91263  59.901  -0.332  34.827 0.3000000119
91268  60.404  0.234  34.360 0.3000000119
91281  62.185  0.176  31.538 0.3000000119
91288  42.674  -1.632  31.686 0.2000000030
91290  62.585  -0.229  30.704 0.2000000030
91298  63.218  -0.276  29.146 0.2000000030
91302  51.033  -1.152  29.080 0.3000000119
91306  47.672  -1.398  29.281 0.3000000119
91309  44.992  -1.918  29.592 0.2000000030
91320  58.134  -1.716  28.187 0.3000000119
91324  49.759  -1.764  28.788 0.3000000119
91339  62.084  -1.131  27.007 0.2000000030
91349  55.303  -1.270  26.211 0.3000000119
91352  59.721  -1.223  24.957 0.2000000030
91355  56.504  -1.861  23.875 0.1000000015
91358  57.693  -0.931  23.237 0.1000000015
91384  54.838  -1.826  21.344 0.1000000015
91400  55.593  -1.315  20.341 0.1000000015
91422  56.328  -1.244  16.920 0.1000000015
92118  43.080  0.108  36.592 0.2000000030
92122  38.587  -0.799  35.930 0.1000000015
92127  43.352  -0.067  36.222 0.2000000030
92129  42.051  -0.522  36.319 0.2000000030
92158  37.230  -0.162  33.979 0.2000000030
92186  47.779  -0.283  30.296 0.3000000119
92188  45.330  -0.671  30.500 0.2000000030
92203  46.435  -0.850  29.818 0.3000000119
92210  63.299  0.342  28.812 0.2000000030
92225  52.671  -0.850  27.490 0.3000000119
92235  54.258  -0.450  26.222 0.3000000119
92243  56.133  -0.056  25.590 0.3000000119
92248  62.350  -0.084  24.986 0.2000000030
92250  61.262  -0.460  24.605 0.2000000030
92260  58.814  -0.103  22.681 0.1000000015
92272  56.957  -0.580  21.179 0.1000000015
92288  57.553  -0.210  20.680 0.2000000030
92318  58.426  0.311  18.730 0.2000000030
93059  44.162  1.015  37.383 0.2000000030
93061  42.367  0.505  36.654 0.2000000030
93064  31.250  0.484  36.190 0.2000000030
93071  39.134  0.030  35.424 0.1000000015
93073  31.694  0.800  35.492 0.2000000030
93088  45.994  1.053  33.437 0.2000000030
93092  38.637  0.312  33.811 0.2000000030
93094  35.510  0.480  33.465 0.2000000030
93115  46.960  0.557  31.614 0.3000000119
93119  62.510  0.439  30.101 0.3000000119
93121  52.515  0.426  30.340 0.3000000119
93131  63.100  0.775  29.188 0.2000000030
93140  63.251  0.942  28.456 0.2000000030
93142  62.658  0.676  29.562 0.2000000030
93143  62.524  0.860  28.876 0.2000000030
93150  63.083  1.242  27.983 0.2000000030
93162  63.467  0.713  25.867 0.2000000030
93169  55.921  0.477  25.558 0.3000000119
93171  62.312  0.231  24.463 0.2000000030
93188  51.569  0.631  22.050 0.6999999881
93200  58.895  0.427  21.334 0.2000000030
93201  52.868  0.852  21.209 0.6000000238
93215  58.890  0.501  20.583 0.2000000030
93220  49.834  0.535  20.777 0.6999999881
93221  49.101  0.723  20.947 0.6999999881
93227  59.773  0.973  19.325 0.2000000030
93230  51.511  0.753  19.354 0.6000000238
93239  51.022  0.951  18.796 0.6000000238
93248  60.515  1.509  17.989 0.2000000030
93260  59.943  1.167  16.420 0.3000000119
93277  47.477  0.607  15.275 0.1000000015
93284  59.553  1.610  14.862 0.4000000060
93957  46.394  1.886  37.345 0.2000000030
93965  46.658  1.709  36.987 0.2000000030
93971  31.417  1.558  35.748 0.2000000030
94005  53.595  1.728  32.430 0.3000000119
94008  50.559  1.566  32.353 0.3000000119
94010  48.725  1.725  32.777 0.3000000119
94013  41.735  1.873  33.292 0.2000000030
94042  52.931  1.057  31.400 0.3000000119
94062  50.822  2.067  27.423 0.4000000060
94066  63.301  1.317  27.159 0.2000000030
94067  63.175  1.496  26.730 0.2000000030
94077  47.413  1.976  25.857 0.6999999881
94079  63.418  1.331  25.556 0.2000000030
94084  58.495  1.737  24.605 0.2000000030
94087  51.799  1.983  25.659 0.4000000060
94089  49.566  1.379  25.608 0.6000000238
94093  63.287  1.168  24.765 0.2000000030
94102  48.437  1.222  24.581 0.6999999881
94105  63.082  1.032  24.130 0.2000000030
94111  51.276  1.062  23.767 0.6000000238
94112  48.029  1.236  23.741 0.6999999881
94118  54.379  1.757  22.448 0.6000000238
94119  53.574  1.393  22.463 0.6000000238
94120  52.333  0.803  22.097 0.6999999881
94122  47.734  1.620  22.219 0.6999999881
94134  56.121  1.925  21.033 0.6000000238
94135  55.317  1.663  21.163 0.5000000000
94140  47.500  2.005  21.549 0.6999999881
94149  56.810  1.951  19.826 0.6000000238
94152  54.883  1.368  20.361 0.5000000000
94168  53.597  0.999  19.614 0.6000000238
94170  50.199  1.043  19.044 0.6999999881
94180  55.040  1.343  18.358 0.5000000000
94185  48.746  1.852  18.343 0.6000000238
94198  51.531  1.409  17.327 0.6000000238
94203  41.276  1.442  17.344 0.1000000015
94208  60.805  2.556  16.255 0.4000000060
94212  54.781  1.574  16.130 0.6000000238
94214  52.918  1.491  16.649 0.6000000238
94216  51.099  1.576  16.700 0.5000000000
94227  60.329  2.742  15.541 0.4000000060
94230  54.227  1.802  15.318 0.6000000238
94243  59.408  2.334  14.563 0.4000000060
94244  58.819  2.280  14.238 0.4000000060
94248  52.812  2.103  14.498 0.5000000000
94286  53.467  2.707  10.815 0.3000000119
94299  52.543  2.879  10.384 0.3000000119
94960  47.453  2.421  37.215 0.2000000030
94964  44.048  1.694  37.104 0.2000000030
94968  48.377  2.867  36.526 0.2000000030
94970  44.527  2.100  36.982 0.2000000030
95015  40.891  2.247  32.276 0.2000000030
95031  36.154  2.841  32.056 0.3000000119
95042  50.278  2.708  29.345 0.4000000060
95048  57.134  3.331  29.332 0.3000000119
95051  51.113  2.479  28.498 0.4000000060
95054  47.868  2.820  28.105 0.6000000238
95060  53.265  2.977  27.312 0.4000000060
95071  52.589  2.608  27.018 0.4000000060
95081  54.036  2.991  25.485 0.4000000060
95082  53.366  2.705  25.894 0.4000000060
95083  52.090  2.306  26.258 0.4000000060
95087  62.334  2.453  24.150 0.2000000030
95097  63.153  1.683  24.234 0.2000000030
95111  47.008  2.411  23.084 0.6999999881
95120  62.246  3.154  21.553 0.2000000030
95122  58.396  3.240  21.080 0.4000000060
95131  61.936  3.356  19.956 0.2000000030
95142  61.634  3.184  19.069 0.2000000030
95151  59.947  3.486  17.901 0.5000000000
95153  58.536  2.637  17.876 0.4000000060
95160  61.202  2.990  17.336 0.2000000030
95164  48.405  2.247  17.876 0.5000000000
95169  61.004  2.915  16.683 0.2000000030
95172  58.516  2.703  15.902 0.4000000060
95182  59.303  3.081  14.844 0.4000000060
95186  49.767  2.099  15.135 0.5000000000
95198  57.006  2.603  13.555 0.4000000060
95213  55.661  2.696  12.810 0.5000000000
95230  54.219  3.245  11.616 0.4000000060
95242  53.826  3.018  10.919 0.3000000119
95251  53.102  2.919  10.471 0.3000000119
95867  55.146  4.564  36.511 0.3000000119
95871  50.737  4.232  36.471 0.2000000030
95875  46.628  2.827  37.206 0.2000000030
95880  56.881  4.277  35.497 0.3000000119
95883  53.552  3.919  35.890 0.3000000119
95887  49.451  3.546  36.697 0.3000000119
95901  51.068  3.611  35.351 0.3000000119
95914  33.347  3.820  33.357 0.3000000119
95925  33.903  3.650  32.775 0.3000000119
95929  54.186  4.253  30.866 0.4000000060
95952  51.377  3.321  30.430 0.4000000060
95976  54.323  3.852  28.243 0.4000000060
95979  52.024  3.007  29.313 0.4000000060
95992  53.618  3.364  27.842 0.4000000060
95996  59.933  5.740  25.860 0.3000000119
96002  46.406  3.488  25.816 0.6999999881
96005  58.875  4.169  25.187 0.2000000030
96006  56.482  4.474  25.209 0.4000000060
96013  60.046  5.245  24.353 0.3000000119
96017  54.797  3.346  25.156 0.4000000060
96021  61.538  3.946  22.710 0.2000000030
96027  47.359  3.898  22.834 0.6000000238
96032  61.725  4.468  22.257 0.2000000030
96034  57.136  3.701  23.192 0.4000000060
96066  60.969  4.195  18.805 0.3000000119
96070  39.897  4.047  18.906 0.1000000015
96077  60.832  3.599  17.999 0.2000000030
96079  47.814  3.426  17.845 0.6000000238
96085  60.739  3.367  17.164 0.2000000030
96094  60.373  3.406  16.671 0.5000000000
96099  60.367  3.301  16.111 0.4000000060
96104  47.691  3.942  14.063 0.5000000000
96119  53.065  3.328  11.085 0.4000000060
96131  53.476  3.086  10.781 0.3000000119
96141  50.149  3.183  9.609 0.4000000060
96142  49.419  3.217  9.759 0.4000000060
96743  53.807  5.175  37.228 0.3000000119
96744  53.036  5.107  37.116 0.3000000119
96746  51.220  4.875  36.972 0.2000000030
96747  50.355  4.490  36.952 0.2000000030
96751  55.949  5.121  36.440 0.3000000119
96753  54.344  4.984  37.071 0.3000000119
96763  56.643  4.847  35.817 0.3000000119
96770  57.412  4.933  34.860 0.3000000119
96780  53.077  4.961  33.384 0.4000000060
96783  50.484  4.800  32.776 0.4000000060
96787  33.391  4.998  33.217 0.3000000119
96809  52.874  4.194  31.907 0.4000000060
96821  37.927  4.382  31.609 0.4000000060
96828  59.057  5.361  31.070 0.3000000119
96832  48.200  4.242  31.399 0.5000000000
96850  55.043  4.281  27.807 0.4000000060
96877  59.687  5.942  24.015 0.3000000119
96878  60.098  6.206  24.845 0.3000000119
96880  47.278  4.899  24.093 0.6999999881
96884  60.339  5.827  23.454 0.2000000030
96896  60.095  5.774  23.158 0.3000000119
96910  59.878  5.097  22.122 0.4000000060
96912  47.849  3.981  21.069 0.6000000238
96923  61.482  4.789  20.745 0.3000000119
96925  60.801  4.856  20.719 0.3000000119
96938  61.308  4.362  19.677 0.2000000030
96960  48.431  4.871  18.144 0.6000000238
96982  42.673  4.080  14.570 0.2000000030
97008  46.366  5.183  11.260 0.4000000060
97650  53.687  5.643  37.222 0.3000000119
97651  52.812  5.728  37.140 0.3000000119
97652  51.931  5.461  36.985 0.3000000119
97657  55.556  5.644  36.578 0.3000000119
97658  55.040  5.947  37.022 0.3000000119
97659  54.276  6.020  37.101 0.3000000119
97663  49.402  5.125  36.634 0.2000000030
97671  54.553  6.232  36.253 0.3000000119
97681  56.917  5.202  35.443 0.3000000119
97682  56.346  5.558  35.658 0.3000000119
97688  46.924  6.198  34.218 0.2000000030
97693  56.337  5.582  34.987 0.3000000119
97698  50.615  6.285  34.041 0.4000000060
97705  50.150  5.785  33.393 0.4000000060
97717  47.494  6.359  31.932 0.6000000238
97726  34.770  5.623  31.936 0.3000000119
97734  59.266  5.662  29.871 0.3000000119
97748  59.662  6.112  27.246 0.3000000119
97754  60.011  6.641  25.717 0.3000000119
97771  61.193  5.851  22.533 0.2000000030
97780  61.246  5.763  22.136 0.2000000030
97782  60.875  5.976  23.064 0.3000000119
97785  48.022  5.115  22.817 0.6000000238
97798  61.056  5.877  21.979 0.2000000030
97811  50.498  6.009  19.594 0.6999999881
97828  49.719  5.769  18.335 0.6999999881
97852  43.470  4.998  14.411 0.3000000119
97864  48.483  6.949  11.375 0.4000000060
98516  33.855  6.265  36.929 0.2000000030
98520  53.884  6.218  36.936 0.3000000119
98521  53.015  6.276  36.768 0.3000000119
98530  52.767  6.600  36.112 0.3000000119
98533  50.091  7.028  35.849 0.2000000030
98541  51.149  6.663  34.730 0.3000000119
98543  49.568  7.362  34.360 0.2000000030
98552  48.636  7.508  33.515 0.3000000119
98553  46.717  7.167  33.864 0.3000000119
98565  42.220  6.713  32.425 0.3000000119
98598  45.777  6.127  27.183 0.6999999881
98633  49.789  6.140  21.453 0.6999999881
98655  51.616  6.417  17.643 0.8999999762
98696  45.692  6.426  13.178 0.4000000060
98711  46.593  6.557  11.210 0.4000000060
98715  48.116  7.872  10.281 0.4000000060
98721  48.005  7.455  9.950 0.4000000060
99367  49.971  7.307  35.265 0.2000000030
99372  49.391  7.437  34.657 0.2000000030
99374  48.052  7.564  34.222 0.3000000119
99386  46.705  7.636  33.354 0.3000000119
99395  47.407  7.821  33.111 0.5000000000
99487  55.047  8.070  18.908 0.8000000119
99499  52.898  7.209  19.147 0.8999999762
99506  54.575  7.947  17.545 0.8000000119
99507  54.060  7.602  17.675 0.8999999762
99514  54.702  8.135  17.706 0.8000000119
99524  53.863  8.012  16.244 0.8999999762
99526  53.314  7.818  15.164 0.8999999762
99532  52.780  8.283  14.226 0.8000000119
99533  53.006  7.962  14.294 0.8000000119
99542  52.266  8.285  13.525 0.6000000238
99551  51.009  8.604  11.895 0.5000000000
99554  47.426  7.751  11.373 0.4000000060
99564  47.783  7.726  10.403 0.4000000060
100207  50.415  9.129  41.853 0.1000000015
100282  34.036  8.367  32.052 0.2000000030
100320  49.865  8.414  25.988 0.8000000119
100336  52.818  8.841  23.461 0.8999999762
100338  50.953  8.580  23.870 0.8000000119
100349  51.410  8.435  23.206 0.8999999762
100357  56.610  9.012  20.123 0.8000000119
100358  56.167  8.685  20.371 0.8000000119
100381  48.492  8.660  19.410 0.6000000238
100387  54.567  8.347  17.656 0.8000000119
100394  53.754  8.339  16.598 0.8999999762
100404  52.692  8.531  15.534 0.8999999762
100410  52.600  8.470  14.211 0.8000000119
100411  51.042  8.916  13.532 0.6000000238
100417  52.201  8.591  13.600 0.6999999881
100424  50.501  9.200  11.797 0.5000000000
100428  50.010  9.044  11.552 0.6000000238
100973  52.563  10.466  42.074 0.1000000015
101007  38.958  9.846  38.892 0.1000000015
101038  33.547  9.424  32.657 0.2000000030
101048  39.792  8.950  31.159 0.3000000119
101067  37.238  10.047  29.954 0.4000000060
101073  56.069  9.720  27.110 0.6000000238
101077  51.914  9.692  27.575 0.8999999762
101096  50.763  9.143  26.817 0.8000000119
101107  58.568  10.547  24.272 0.6999999881
101132  57.701  9.029  21.221 0.8000000119
101151  55.321  9.453  19.526 0.8000000119
101153  52.107  9.605  19.946 0.6999999881
101171  55.171  8.746  18.757 0.8000000119
101763  45.025  11.218  39.634 0.1000000015
101764  44.356  11.365  39.359 0.1000000015
101799  33.585  10.295  33.570 0.2000000030
101803  33.817  10.677  32.780 0.2000000030
101826  35.589  10.172  30.484 0.3000000119
101832  53.756  10.696  29.073 0.6999999881
101836  38.364  10.713  29.780 0.4000000060
101859  49.846  10.260  27.587 0.8999999762
101868  58.323  9.975  26.819 0.6000000238
101874  58.687  10.532  25.184 0.6999999881
101882  58.310  10.692  22.858 0.6999999881
101893  57.828  10.418  22.263 0.6999999881
101911  57.100  10.155  20.949 0.8000000119
101918  48.235  10.447  21.613 0.6000000238
102487  47.749  11.576  40.029 0.1000000015
102499  44.403  11.812  38.865 0.1000000015
102513  40.867  11.429  38.483 0.1000000015
102518  41.648  12.114  37.785 0.1000000015
102535  34.613  11.073  35.143 0.2000000030
102568  57.121  11.065  29.589 0.5000000000
102573  52.217  11.645  29.154 0.8999999762
102620  57.932  11.488  24.806 0.6999999881
102629  58.419  11.066  23.085 0.6999999881
103240  47.134  12.407  39.376 0.1000000015
103290  35.053  11.984  34.141 0.2000000030
103300  56.285  12.522  31.371 0.6000000238
103333  57.981  11.873  29.850 0.5000000000
103343  37.629  12.616  29.490 0.4000000060
103394  47.680  12.727  23.267 0.6000000238
104012  35.781  13.371  33.986 0.2000000030
104020  49.732  14.365  32.609 0.5000000000
104024  35.057  13.148  31.538 0.3000000119
104043  57.027  12.593  31.076 0.6000000238
104044  54.444  13.108  31.130 0.6000000238
104046  52.710  13.936  30.876 0.6000000238
104050  47.727  13.810  31.712 0.6000000238
104081  37.059  13.878  29.883 0.3000000119
104161  46.128  13.606  14.902 0.1000000015
104162  45.399  13.690  15.309 0.1000000015
104163  44.405  13.708  15.473 0.1000000015
104716  46.366  14.721  39.118 0.1000000015
104718  44.666  14.148  38.353 0.1000000015
104745  39.304  14.419  35.787 0.2000000030
104747  37.879  14.457  35.210 0.2000000030
104751  36.562  14.405  34.422 0.2000000030
104759  53.534  14.874  34.045 0.6000000238
104760  52.764  14.931  34.448 0.6000000238
104762  50.672  15.267  33.962 0.6000000238
104763  49.803  15.275  33.475 0.6000000238
104765  36.005  14.814  33.987 0.2000000030
104770  55.019  14.698  33.543 0.6000000238
104771  54.364  14.651  33.495 0.6000000238
104799  36.133  14.862  30.894 0.2000000030
104808  58.171  13.691  29.864 0.4000000060
104822  58.020  14.232  29.497 0.4000000060
104928  52.880  13.672  14.083 0.1000000015
104936  44.314  13.944  15.370 0.1000000015
104942  52.187  13.804  13.688 0.1000000015
104943  51.247  13.872  13.615 0.1000000015
105538  53.481  15.328  34.306 0.6000000238
105540  51.922  15.763  34.311 0.6000000238
105551  54.632  15.686  33.589 0.6000000238
105552  49.230  15.913  33.379 0.5000000000
105553  48.598  15.697  33.071 0.5000000000
105558  56.033  15.888  32.229 0.5000000000
105577  58.340  15.014  29.381 0.4000000060
105597  58.161  16.377  26.669 0.3000000119
105611  55.197  15.562  25.424 0.3000000119
105631  57.923  16.524  22.924 0.2000000030
105650  53.125  16.007  22.371 0.3000000119
105663  57.717  15.945  21.314 0.2000000030
105695  57.601  16.262  19.245 0.1000000015
105750  57.083  14.965  15.844 0.1000000015
105753  54.585  14.739  15.943 0.2000000030
106337  53.934  15.830  34.060 0.6000000238
106339  52.777  15.910  34.257 0.6000000238
106346  54.342  16.227  33.200 0.6000000238
106350  50.175  16.332  33.392 0.6000000238
106357  55.420  17.018  31.782 0.6000000238
106363  47.569  16.252  31.962 0.5000000000
106396  44.939  17.059  30.746 0.5000000000
106408  58.185  16.169  28.171 0.3000000119
106429  58.234  16.410  27.355 0.3000000119
106431  49.650  16.868  27.740 0.4000000060
106445  58.133  16.732  25.303 0.3000000119
106448  58.094  16.784  24.540 0.2000000030
106456  58.197  16.909  23.670 0.2000000030
106470  58.168  16.636  21.554 0.2000000030
106477  58.180  16.531  20.716 0.2000000030
106485  58.017  16.531  19.925 0.2000000030
106493  57.784  16.585  19.274 0.1000000015
106494  57.580  16.424  18.458 0.1000000015
106515  57.817  15.989  16.283 0.1000000015
107089  35.698  17.108  31.972 0.2000000030
107096  37.006  17.749  30.120 0.2000000030
107117  50.808  17.018  28.086 0.4000000060
107138  50.358  17.131  27.575 0.4000000060
107145  58.149  17.116  26.138 0.3000000119
107165  58.183  16.999  24.608 0.2000000030
107175  57.331  17.592  23.046 0.2000000030
107188  57.972  17.272  22.496 0.2000000030
107205  57.747  17.329  20.102 0.1000000015
107214  45.267  17.726  19.898 0.1000000015
107224  57.719  16.622  16.910 0.1000000015
107230  57.688  16.668  16.127 0.1000000015
107255  55.921  18.134  13.437 0.1000000015
107270  54.778  17.922  11.367 0.1000000015
107285  47.983  17.539  9.586 0.1000000015
107293  50.671  16.800  9.043 0.1000000015
107767  39.299  18.250  36.407 0.2000000030
107800  55.953  19.231  30.015 0.4000000060
107961  56.020  18.533  13.240 0.1000000015
107995  49.251  17.938  10.252 0.1000000015
108499  42.193  19.579  40.955 0.1000000015
108548  37.417  19.389  33.326 0.2000000030
108554  37.236  19.781  31.952 0.2000000030
108562  36.641  19.089  30.825 0.2000000030
108564  56.376  20.527  28.908 0.4000000060
108602  55.831  20.686  26.788 0.2000000030
108605  47.341  19.783  25.261 0.3000000119
108606  46.684  19.428  25.616 0.3000000119
108611  49.304  19.946  24.375 0.3000000119
109284  38.760  20.351  33.783 0.2000000030
109295  38.259  20.407  31.306 0.2000000030
109299  38.439  20.396  30.473 0.2000000030
109303  39.504  20.532  29.469 0.2000000030
109312  40.585  20.487  28.555 0.2000000030
109334  56.506  21.825  27.495 0.2000000030
109335  56.436  20.942  27.613 0.2000000030
109437  55.047  20.121  15.426 0.1000000015
109452  49.718  20.421  14.863 0.1000000015
109476  48.963  19.949  12.835 0.1000000015
109975  43.870  21.888  37.963 0.1000000015
110035  40.595  21.189  33.829 0.2000000030
110052  48.783  21.378  30.191 0.2000000030
110063  48.637  21.154  29.607 0.2000000030
110086  56.501  21.568  27.993 0.2000000030
110098  56.493  21.912  27.549 0.2000000030
110099  56.444  22.294  27.827 0.2000000030
110136  52.202  21.491  24.815 0.3000000119
110755  46.644  22.791  33.334 0.1000000015
110764  50.451  22.139  32.165 0.1000000015
110793  56.416  22.281  26.982 0.2000000030
110799  56.209  22.556  26.393 0.2000000030
110801  55.579  22.922  26.494 0.1000000015
110804  47.020  22.909  26.434 0.2000000030
110812  47.742  22.880  25.298 0.3000000119
110825  55.908  23.396  25.180 0.1000000015
111425  56.001  23.109  25.797 0.1000000015
111446  55.730  23.754  24.584 0.1000000015
111447  53.527  24.144  24.993 0.1000000015
111451  49.066  23.169  24.339 0.3000000119
111464  55.374  23.818  23.583 0.1000000015
111469  48.195  24.073  23.425 0.2000000030
111475  49.475  23.904  22.939 0.1000000015
111506  52.742  24.047  18.447 0.1000000015
111586  52.845  23.805  11.420 0.1000000015
112131  46.352  24.134  26.492 0.3000000119
112134  55.524  24.120  24.826 0.1000000015
112135  55.048  24.362  24.996 0.1000000015
112141  54.389  24.355  24.627 0.1000000015
112144  46.625  24.568  24.941 0.3000000119
112160  52.048  23.995  23.223 0.1000000015
112174  49.722  24.230  22.284 0.1000000015
112198  53.733  25.050  18.558 0.1000000015
112803  47.579  26.308  33.573 0.1000000015
112831  41.245  25.831  31.282 0.1000000015
112841  42.297  25.816  30.251 0.1000000015
112842  41.465  25.584  30.443 0.1000000015
112855  42.652  25.841  29.493 0.1000000015
112863  47.132  25.424  28.440 0.1000000015
112879  38.368  24.930  27.117 0.1000000015
112891  37.641  25.457  26.296 0.1000000015
112897  40.340  25.567  25.671 0.1000000015
112898  38.097  25.580  25.784 0.1000000015
112902  40.993  25.976  25.126 0.1000000015
112927  50.273  25.433  21.296 0.1000000015
112935  48.841  25.611  19.093 0.1000000015
112938  46.131  25.746  19.137 0.1000000015
112946  45.835  25.681  18.404 0.1000000015
113663  36.552  26.179  26.622 0.1000000015
113674  37.471  25.997  25.642 0.1000000015
113683  41.502  26.556  24.487 0.1000000015
113692  47.728  25.886  23.142 0.1000000015
113700  48.328  26.359  22.779 0.1000000015
113711  51.258  26.837  21.105 0.1000000015
113730  47.487  26.002  19.801 0.1000000015
113733  45.018  26.595  19.382 0.1000000015
113743  54.496  28.140  16.850 0.1000000015
113749  54.209  28.456  16.306 0.1000000015
113754  45.409  26.093  17.085 0.1000000015
113763  53.464  27.052  13.759 0.1000000015
113768  53.257  26.721  13.463 0.1000000015
114320  34.632  28.029  25.618 0.1000000015
114342  43.047  29.359  23.671 0.1000000015
114347  37.967  27.626  23.816 0.1000000015
114379  46.564  27.336  20.716 0.1000000015
114381  44.849  27.549  20.298 0.1000000015
114385  54.510  29.370  19.012 0.1000000015
114400  54.494  28.466  17.461 0.1000000015
114407  54.049  28.678  16.244 0.1000000015
114410  45.347  28.028  16.655 0.1000000015
114843  51.072  29.339  31.402 0.1000000015
114866  51.368  29.794  29.067 0.1000000015
114876  50.360  28.513  28.244 0.1000000015
114879  46.983  28.227  29.029 0.1000000015
114934  37.721  28.294  23.330 0.1000000015
114937  35.135  28.458  23.210 0.1000000015
114956  48.190  28.941  21.468 0.1000000015
114978  45.315  28.173  20.773 0.1000000015
114980  43.390  28.211  19.885 0.1000000015
115002  54.216  28.964  17.081 0.1000000015
115008  54.128  28.787  16.611 0.1000000015
115407  50.998  30.190  30.408 0.1000000015
115420  51.379  30.021  29.667 0.1000000015
115430  51.298  30.565  28.789 0.1000000015
115447  51.544  30.853  27.903 0.1000000015
115449  49.895  30.516  27.720 0.1000000015
115451  36.336  29.561  27.859 0.1000000015
115464  51.715  30.870  27.103 0.1000000015
115475  48.826  30.078  25.224 0.1000000015
115478  33.763  29.496  25.077 0.1000000015
115483  47.397  30.498  24.197 0.1000000015
115497  53.661  30.387  22.448 0.1000000015
115501  40.319  29.714  22.680 0.1000000015
115503  37.857  29.189  22.135 0.1000000015
115506  33.597  29.619  22.680 0.1000000015
115519  42.377  30.294  22.335 0.1000000015
115524  37.419  29.502  21.455 0.1000000015
115532  54.437  29.768  19.383 0.1000000015
115533  54.304  30.142  20.145 0.1000000015
115539  37.134  29.943  20.829 0.1000000015
115550  54.299  29.977  19.351 0.1000000015
115567  54.213  29.679  18.619 0.1000000015
116019  51.189  31.371  27.970 0.1000000015
116033  51.664  31.430  26.660 0.1000000015
116047  52.955  31.891  24.118 0.1000000015
116048  52.531  31.642  25.182 0.1000000015
116061  42.713  30.851  23.372 0.1000000015
116070  45.992  31.475  23.220 0.1000000015
116072  44.249  31.199  23.464 0.1000000015
116073  43.313  31.102  23.547 0.1000000015
116080  53.106  31.240  21.607 0.1000000015
116085  47.188  30.763  22.279 0.1000000015
116087  45.403  31.143  22.680 0.1000000015
116091  35.324  30.769  20.359 0.1000000015
116092  34.903  30.235  20.856 0.1000000015
116103  38.144  30.733  19.522 0.1000000015
116108  40.197  30.513  18.349 0.1000000015
116564  51.375  31.333  27.669 0.1000000015
116582  51.988  31.908  26.190 0.1000000015
116583  50.855  31.964  25.051 0.1000000015
116592  48.794  32.030  24.081 0.1000000015
116593  47.785  31.735  23.849 0.1000000015
116601  46.517  31.664  23.787 0.1000000015
116604  53.657  31.238  22.275 0.1000000015
116622  38.126  31.506  19.240 0.1000000015
117120  52.167  32.464  24.455 0.1000000015
117135  38.479  31.978  18.859 0.1000000015
128123  50.264  9.427  19.785 0.6000000238
128182  52.269  21.771  19.879 0.1000000015
128223  42.306  29.405  17.939 0.1000000015
128250  48.973  8.485  12.797 0.5000000000
128495  57.004  -1.358  37.857 0.2000000030
128630  55.220  1.470  16.878 0.6000000238
128733  49.062  3.183  29.994 0.5000000000
128793  51.154  1.609  25.362 0.5000000000
129023  52.895  23.614  25.070 0.1000000015
129070  51.955  -5.577  31.430 0.2000000030
129119  54.628  1.190  18.993 0.6000000238
129762  46.888  1.794  35.078 0.2000000030
130255  51.980  1.452  24.209 0.5000000000
130300  54.327  -1.615  38.849 0.2000000030
130479  46.572  14.274  22.418 0.5000000000
130490  48.104  3.481  29.816 0.5000000000
130674  45.560  7.066  27.963 0.6000000238
130784  61.291  0.124  32.896 0.3000000119
130909  55.887  -1.238  21.686 0.1000000015
131124  51.521  22.506  16.934 0.1000000015
131151  60.240  1.063  21.773 0.2000000030
131154  58.946  2.432  24.333 0.2000000030
131393  49.057  24.253  22.559 0.1000000015
131465  33.807  4.910  32.667 0.3000000119
131574  32.311  4.131  36.104 0.2000000030
131601  64.301  -8.793  28.175 0.1000000015
131734  39.120  29.507  20.447 0.1000000015
131861  41.295  -13.590  41.403 0.1000000015
132000  42.494  21.518  32.669 0.1000000015
132046  55.374  1.396  19.106 0.6000000238
132050  44.037  4.436  19.959 0.3000000119
132069  50.169  21.098  24.166 0.3000000119
132285  48.951  6.129  43.949 0.1000000015
134080  55.574  2.642  23.096 0.5000000000
134785  48.689  5.849  14.148 0.5000000000
135092  43.537  -10.970  39.585 0.1000000015
135566  37.988  -0.741  35.700 0.1000000015
135814  40.108  29.637  19.496 0.1000000015
136383  47.379  1.700  23.953 0.6999999881
136585  41.463  -2.365  33.253 0.2000000030
136803  58.755  -1.743  29.308 0.3000000119
136912  47.322  9.075  27.060 0.8999999762
136961  39.575  -1.248  36.113 0.1000000015
137063  35.673  -6.332  34.487 0.2000000030
137064  58.109  0.582  14.176 0.4000000060
137292  35.964  6.312  38.235 0.1000000015
137385  38.800  20.479  32.879 0.2000000030
137602  47.747  2.504  20.015 0.6000000238
138232  33.917  -7.693  36.892 0.1000000015
138573  60.961  1.982  17.659 0.2000000030
138677  34.723  11.271  30.894 0.2000000030
138772  48.023  1.427  25.100 0.6999999881
139300  46.858  13.669  31.434 0.6000000238
139400  35.994  16.907  33.621 0.2000000030
139458  45.405  5.615  15.081 0.3000000119
139716  45.966  -6.157  36.194 0.1000000015
140527  35.822  -3.214  35.516 0.2000000030
140634  37.236  -6.002  33.989 0.2000000030
141368  57.496  -0.492  17.060 0.1000000015
141575  37.613  -4.671  34.414 0.1000000015
141778  35.797  7.289  31.322 0.3000000119
142302  48.073  15.390  32.842 0.5000000000
142351  48.479  -3.382  41.499 0.2000000030
142475  51.418  15.264  34.375 0.6000000238
142502  41.077  27.286  24.013 0.1000000015
142759  48.719  1.459  19.834 0.6999999881
142910  42.962  -13.765  42.474 0.1000000015
143111  50.855  7.171  35.190 0.3000000119
143378  43.637  -6.500  32.387 0.1000000015
143388  35.215  30.052  27.289 0.1000000015
143739  53.879  -1.002  26.316 0.3000000119
143787  61.050  -1.221  34.443 0.3000000119
143830  63.161  0.635  25.155 0.2000000030
143967  42.464  30.445  23.410 0.1000000015
144056  44.172  -2.894  29.673 0.2000000030
144077  54.171  -4.618  28.463 0.3000000119
144118  41.864  21.419  35.126 0.2000000030
144223  44.576  21.844  35.651 0.1000000015
144334  42.241  -3.854  31.380 0.1000000015
144347  47.158  2.719  22.530 0.6999999881
144440  53.749  7.819  20.046 0.8000000119
144450  36.098  2.131  32.330 0.2000000030
144506  55.751  14.391  32.901 0.6000000238
144714  57.975  2.730  14.468 0.4000000060
144787  44.293  26.612  27.035 0.1000000015
144812  52.449  -3.068  27.234 0.3000000119
144843  43.556  0.876  37.240 0.2000000030
144898  52.138  4.205  32.024 0.4000000060
144954  50.570  2.519  28.779 0.4000000060
145078  44.732  26.910  27.115 0.1000000015
145258  58.556  -6.218  21.490 0.1000000015
145697  58.104  17.100  21.928 0.2000000030
145739  53.984  -3.583  18.155 0.1000000015
145741  52.762  1.042  22.429 0.6999999881
145940  55.092  -0.693  25.915 0.3000000119
145966  52.420  10.785  41.730 0.1000000015
145986  48.728  -5.417  33.212 0.1000000015
146247  49.272  -5.976  32.057 0.1000000015
146377  53.349  24.223  21.697 0.1000000015
146397  49.910  27.983  28.567 0.1000000015
146451  56.218  -4.390  13.085 0.2000000030
146643  44.764  27.363  24.344 0.1000000015
146717  46.630  3.323  24.204 0.6999999881
146726  58.035  13.075  30.304 0.5000000000
146834  48.290  1.196  22.084 0.6999999881
146864  32.950  -3.141  36.728 0.2000000030
146874  57.522  17.288  25.170 0.2000000030
147229  63.750  -9.212  29.879 0.1000000015
147247  49.923  -9.310  16.002 0.1000000015
147264  57.064  5.375  34.424 0.3000000119
147299  62.082  4.006  21.441 0.2000000030
147370  46.575  24.971  16.812 0.1000000015
147553  63.487  -7.342  22.851 0.1000000015
147804  63.890  -8.198  29.910 0.1000000015
147961  43.460  30.854  23.917 0.1000000015
148169  41.471  0.863  36.127 0.2000000030
148253  38.183  2.316  31.796 0.4000000060
148491  51.741  28.711  31.437 0.1000000015
148535  45.083  2.750  35.164 0.2000000030
148549  37.686  13.234  35.323 0.2000000030
148780  58.124  16.343  25.801 0.3000000119
149110  58.269  16.262  26.250 0.3000000119
149201  52.468  20.471  19.406 0.1000000015
149209  50.697  1.697  16.177 0.5000000000
149281  50.080  3.853  36.596 0.2000000030
149365  47.044  2.575  26.983 0.6000000238
149449  36.079  26.517  26.219 0.1000000015
149599  59.015  1.725  24.459 0.2000000030
150097  51.068  13.897  24.851 0.6999999881
150148  63.002  0.033  30.071 0.3000000119
150172  36.685  -1.211  35.718 0.2000000030
150215  40.733  19.566  38.671 0.2000000030
150257  37.920  30.911  28.396 0.1000000015
150313  57.600  -1.361  23.780 0.1000000015
150447  45.399  0.659  33.511 0.2000000030
150643  56.891  14.681  31.594 0.6000000238
150793  40.392  2.211  32.158 0.2000000030
150811  48.408  1.784  19.590 0.6999999881
151277  54.267  15.675  22.871 0.3000000119
151378  36.492  13.948  30.163 0.2000000030
151409  42.909  21.413  37.978 0.1000000015
151520  46.382  31.678  23.782 0.1000000015
151526  51.311  -8.197  20.958 0.1000000015
151568  55.250  18.795  18.095 0.1000000015
151778  40.651  8.094  31.726 0.4000000060
151846  50.619  19.857  24.607 0.4000000060
152266  53.139  21.709  13.264 0.1000000015
152371  55.586  23.800  24.098 0.1000000015
152379  58.173  -2.464  31.503 0.3000000119
152446  46.662  2.932  27.179 0.6000000238
152459  52.515  29.233  19.403 0.1000000015
152826  57.958  0.055  18.360 0.1000000015
152870  39.473  -0.166  35.842 0.1000000015
153022  51.903  1.234  17.899 0.6000000238
153071  48.991  15.115  19.063 0.1000000015
153235  40.693  29.382  20.658 0.1000000015
153282  57.667  1.866  24.830 0.2000000030
153504  41.788  21.411  35.856 0.2000000030
153522  37.025  -10.315  35.682 0.2000000030
153585  51.400  16.148  21.273 0.2000000030
153623  41.001  -7.621  32.804 0.1000000015
153625  62.665  -8.112  33.117 0.1000000015
153710  37.720  10.525  37.936 0.1000000015
153787  46.612  2.896  25.307 0.6999999881
153862  56.440  15.833  22.050 0.2000000030
153888  52.803  20.744  17.036 0.1000000015
153907  50.463  -5.379  28.810 0.3000000119
153909  42.592  29.628  21.236 0.1000000015
153994  35.761  27.297  24.983 0.1000000015
154164  36.596  0.550  33.040 0.3000000119
154230  47.660  18.793  25.202 0.3000000119
154354  38.728  17.899  35.535 0.2000000030
154357  56.276  -0.093  13.496 0.3000000119
154563  34.636  12.201  32.849 0.2000000030
154736  48.350  2.585  16.771 0.5000000000
154744  43.677  -7.214  36.092 0.1000000015
