#!ascii label  , from subject sub001 vox2ras=TkReg
5168
37556  4.487  -53.023  56.142 0.6250000000
153932  4.640  -53.052  56.491 0.6250000000
36431  4.407  -53.775  55.699 0.6250000000
36422  4.636  -53.479  56.167 0.5000000000
37530  4.749  -51.998  58.029 0.5000000000
37542  4.810  -52.534  57.423 0.5000000000
37550  4.673  -52.602  57.007 0.6250000000
36409  5.896  -52.964  56.934 0.5000000000
36400  5.677  -52.496  57.444 0.5000000000
36411  5.071  -53.126  56.958 0.5000000000
37549  6.292  -52.424  56.981 0.5000000000
36419  6.082  -53.100  56.421 0.5000000000
36420  5.850  -53.303  56.457 0.5000000000
36410  5.443  -53.155  56.880 0.5000000000
36412  4.776  -53.080  56.720 0.5000000000
35283  5.135  -53.681  56.456 0.5000000000
36421  4.830  -53.678  56.342 0.5000000000
37566  4.409  -53.375  55.703 0.6250000000
37580  4.093  -53.505  54.744 0.7500000000
39668  5.481  -50.253  60.106 0.7500000000
38635  5.108  -50.536  59.731 0.7500000000
39675  4.715  -50.663  59.360 0.7500000000
153007  4.645  -50.903  59.007 0.7500000000
39683  4.491  -50.827  58.663 0.6250000000
39656  6.589  -49.819  60.353 0.7500000000
39667  6.126  -50.269  59.996 0.7500000000
38648  5.372  -50.867  59.263 0.7500000000
38649  5.015  -51.036  59.095 0.7500000000
154442  4.764  -51.105  58.868 0.7500000000
38650  4.637  -51.419  58.399 0.5000000000
136785  4.517  -51.484  57.971 0.6250000000
39674  6.315  -50.511  59.404 0.7500000000
38647  5.875  -50.963  59.094 0.6250000000
37528  5.452  -51.393  58.644 0.6250000000
37529  4.954  -51.617  58.451 0.5000000000
38661  4.619  -52.020  57.703 0.6250000000
145791  4.495  -52.020  57.285 0.6250000000
39681  6.859  -50.639  58.178 0.6250000000
37538  6.324  -51.463  58.034 0.6250000000
37539  5.886  -51.875  57.984 0.6250000000
36401  5.152  -52.613  57.469 0.5000000000
133890  4.540  -52.372  56.823 0.6250000000
132304  6.597  -51.414  57.617 0.5000000000
37548  6.569  -51.826  57.194 0.5000000000
132967  6.241  -52.171  57.362 0.5000000000
133928  4.483  -52.692  56.188 0.6250000000
38672  6.862  -50.968  57.705 0.5000000000
38673  6.713  -51.604  57.212 0.5000000000
133927  4.403  -52.881  55.640 0.6250000000
134082  4.331  -52.924  55.047 0.6250000000
37574  4.207  -53.533  55.267 0.6250000000
39734  4.483  -51.584  54.244 0.6250000000
38720  4.381  -52.208  54.624 0.6250000000
38732  4.485  -52.115  53.690 0.6250000000
138262  4.279  -52.889  54.257 0.7500000000
36438  4.080  -53.991  55.270 0.7500000000
37597  4.497  -53.066  53.248 0.6250000000
36446  3.899  -54.111  54.862 0.7500000000
39659  4.962  -50.039  60.193 0.7500000000
137483  4.474  -49.586  59.944 0.7500000000
39682  4.434  -50.288  59.374 0.7500000000
39657  5.907  -49.892  60.433 0.7500000000
145058  4.818  -49.022  60.557 0.7500000000
41800  4.549  -48.841  60.254 0.7500000000
41801  4.482  -49.195  59.822 0.8750000000
141800  4.391  -49.537  58.731 0.7500000000
39692  4.432  -50.839  58.190 0.6250000000
40693  7.059  -49.437  61.027 0.7500000000
40684  6.277  -48.845  61.567 0.7500000000
40685  5.724  -48.700  61.396 0.7500000000
139715  4.456  -49.257  57.263 0.6250000000
39702  4.410  -50.774  57.578 0.6250000000
38674  4.461  -51.615  57.374 0.6250000000
39665  7.326  -49.686  59.487 0.7500000000
41866  4.469  -49.276  56.375 0.6250000000
40769  4.418  -50.517  56.884 0.6250000000
39713  4.414  -51.383  56.669 0.6250000000
38687  4.450  -51.991  56.661 0.6250000000
39672  7.095  -50.075  59.043 0.7500000000
42935  4.563  -48.579  55.860 0.6250000000
41883  4.528  -49.457  55.404 0.6250000000
142782  4.420  -50.843  56.168 0.6250000000
39691  7.056  -50.558  57.855 0.5000000000
39727  4.438  -51.498  54.955 0.6250000000
38710  4.404  -52.231  55.393 0.6250000000
39726  4.593  -50.858  54.283 0.6250000000
40820  5.025  -50.717  53.097 0.6250000000
40813  4.770  -50.916  53.559 0.6250000000
39741  5.107  -51.347  52.719 0.6250000000
38742  4.783  -52.422  52.836 0.6250000000
40819  5.360  -50.948  52.633 0.5000000000
38766  5.736  -52.780  51.316 0.5000000000
37605  5.283  -53.240  51.636 0.5000000000
36493  5.542  -54.649  50.873 0.5000000000
46154  8.885  -45.870  62.152 0.7500000000
46162  8.220  -45.740  61.637 0.7500000000
46155  7.955  -45.977  61.543 0.7500000000
47261  9.951  -45.047  62.544 0.7500000000
45127  8.527  -46.221  62.065 0.7500000000
45129  6.818  -46.458  61.371 0.7500000000
43972  5.956  -46.583  61.460 0.7500000000
43973  5.378  -46.611  61.273 0.8750000000
43983  4.986  -46.744  61.035 0.8750000000
42886  4.378  -47.808  60.007 0.7500000000
139327  4.408  -47.162  59.708 0.7500000000
149842  10.644  -44.098  61.857 0.7500000000
47245  10.271  -44.929  62.591 0.7500000000
46153  9.761  -45.410  62.477 0.7500000000
42839  8.134  -47.190  62.284 0.8750000000
42840  7.348  -47.125  61.743 0.8750000000
43961  6.628  -46.955  61.499 0.7500000000
141059  5.179  -47.777  61.318 0.8750000000
41773  4.638  -48.527  60.593 0.8750000000
42874  4.438  -48.346  60.154 0.7500000000
141572  4.376  -47.911  59.422 0.8750000000
41755  9.374  -47.848  61.867 0.8750000000
152491  8.227  -48.859  61.213 0.7500000000
40682  7.450  -48.997  61.589 0.7500000000
41758  6.943  -48.256  61.956 0.7500000000
144486  4.512  -47.056  57.186 0.8750000000
142380  4.435  -48.044  58.531 0.8750000000
41786  8.811  -48.338  60.603 0.7500000000
40701  8.194  -48.813  59.994 0.6250000000
40692  7.784  -49.246  60.994 0.7500000000
143357  4.736  -47.985  55.533 0.7500000000
42936  4.470  -48.428  56.788 0.8750000000
41813  8.611  -48.211  59.337 0.6250000000
40709  8.050  -48.805  59.413 0.6250000000
44050  4.577  -47.798  56.123 0.7500000000
143174  8.637  -48.218  58.821 0.6250000000
40721  7.984  -48.868  58.824 0.6250000000
40735  7.377  -49.737  58.437 0.5000000000
44089  5.272  -48.064  54.490 0.7500000000
42952  4.693  -48.594  55.137 0.7500000000
41829  8.394  -48.557  58.153 0.6250000000
40734  7.922  -49.056  58.028 0.6250000000
41928  5.699  -48.910  53.586 0.6250000000
41929  5.030  -49.343  54.086 0.6250000000
40788  4.617  -49.932  54.551 0.6250000000
41849  8.619  -48.754  57.189 0.6250000000
40749  7.978  -49.368  57.491 0.6250000000
39701  7.312  -50.663  57.062 0.5000000000
41942  5.927  -49.553  52.914 0.6250000000
41943  5.308  -49.863  53.379 0.6250000000
128586  4.846  -50.251  53.787 0.6250000000
150487  7.445  -50.869  56.489 0.3750000000
38696  7.074  -51.495  56.494 0.3750000000
41951  6.133  -50.056  52.327 0.5000000000
40825  6.392  -50.603  51.823 0.5000000000
39749  5.494  -51.536  52.246 0.5000000000
40832  7.123  -50.442  51.354 0.5000000000
39760  6.597  -51.350  51.286 0.5000000000
39748  6.016  -51.248  51.867 0.5000000000
38764  7.114  -51.912  50.493 0.5000000000
38765  6.341  -52.315  50.965 0.5000000000
38775  6.899  -52.793  50.238 0.5000000000
38773  8.154  -52.071  49.245 0.5000000000
47297  10.067  -43.622  60.355 0.7500000000
44017  4.372  -47.152  59.028 0.7500000000
46152  10.319  -44.876  62.474 0.6250000000
46143  10.017  -45.523  62.643 0.8750000000
44037  4.463  -47.114  58.115 1.0000000000
47259  11.300  -44.373  62.322 0.6250000000
131263  10.098  -45.566  62.691 0.7500000000
43947  9.181  -46.760  62.658 0.7500000000
46251  4.616  -45.611  56.541 0.8750000000
45192  4.594  -46.359  56.802 0.8750000000
42873  10.372  -47.517  60.999 0.7500000000
45201  4.940  -46.281  55.496 0.8750000000
45191  4.669  -46.317  56.065 0.7500000000
44074  5.378  -47.218  54.578 0.7500000000
44075  4.970  -47.803  55.005 0.7500000000
131021  9.407  -47.704  59.840 0.6250000000
140234  5.823  -47.093  53.984 0.7500000000
133515  9.126  -47.924  58.548 0.6250000000
44087  6.307  -47.177  53.420 0.8750000000
44088  5.607  -47.939  53.987 0.7500000000
41828  9.120  -48.075  57.787 0.6250000000
43045  6.886  -48.555  52.446 0.5000000000
42922  9.714  -47.580  57.450 0.6250000000
43044  7.409  -48.455  51.943 0.5000000000
41941  6.547  -49.321  52.428 0.6250000000
41957  7.502  -49.741  51.380 0.6250000000
41950  6.825  -49.769  51.828 0.5000000000
40838  8.322  -50.735  49.781 0.6250000000
39759  7.532  -51.020  50.661 0.6250000000
39768  8.480  -51.397  49.013 0.5000000000
38780  8.308  -52.046  48.446 0.5000000000
39769  7.910  -51.597  49.878 0.5000000000
49471  12.655  -42.494  60.554 0.6250000000
128063  10.865  -43.562  61.158 0.7500000000
49457  12.641  -42.925  61.521 0.7500000000
48355  11.234  -43.778  62.090 0.7500000000
48353  13.310  -43.194  62.689 0.6250000000
48343  12.156  -43.978  62.475 0.6250000000
46142  10.567  -45.239  62.837 0.7500000000
47358  4.649  -44.656  56.407 1.0000000000
47359  4.496  -45.127  57.197 1.0000000000
47226  13.154  -44.244  62.551 0.7500000000
45115  12.177  -45.229  62.363 0.7500000000
46141  10.962  -45.088  62.910 0.7500000000
47376  5.051  -44.558  55.632 1.0000000000
46150  13.937  -44.856  62.246 0.7500000000
45126  12.685  -45.258  61.904 0.7500000000
43971  11.374  -46.863  61.315 0.7500000000
46281  6.625  -45.633  53.685 1.0000000000
46282  6.152  -45.486  54.224 1.0000000000
42884  11.003  -46.882  60.407 0.7500000000
144206  6.902  -44.907  53.513 1.0000000000
45218  6.760  -46.319  53.296 0.8750000000
42895  10.150  -47.306  59.613 0.6250000000
150737  7.514  -45.223  52.919 1.0000000000
144248  7.382  -46.166  52.846 0.7500000000
148865  9.699  -47.510  58.918 0.6250000000
150456  8.033  -45.905  52.481 1.0000000000
148107  7.801  -46.854  52.222 0.8750000000
45234  8.544  -46.298  51.694 0.6250000000
43060  8.033  -48.473  51.362 0.6250000000
42933  10.271  -47.089  57.127 0.6250000000
141880  8.716  -47.761  50.746 0.6250000000
43059  8.561  -48.565  50.687 0.6250000000
43067  9.045  -48.285  49.870 0.6250000000
41956  8.037  -50.036  50.654 0.6250000000
41964  8.712  -49.807  49.502 0.6250000000
41965  8.840  -49.548  48.377 0.5000000000
41967  8.275  -48.831  47.605 0.5000000000
40841  8.570  -50.449  47.817 0.5000000000
40842  7.925  -50.378  47.214 0.5000000000
41968  7.458  -49.441  46.942 0.5000000000
39776  6.654  -51.204  46.549 0.5000000000
51411  14.715  -41.159  59.105 0.6250000000
50432  13.533  -41.815  59.458 0.6250000000
50431  14.656  -41.469  59.711 0.6250000000
130887  14.080  -41.775  59.967 0.6250000000
49470  13.511  -42.559  61.155 0.6250000000
48477  5.148  -43.580  55.573 0.8750000000
51418  16.485  -40.357  58.917 0.6250000000
50430  15.126  -41.484  59.893 0.6250000000
49456  13.843  -42.733  61.663 0.5000000000
49435  13.696  -43.048  62.577 0.6250000000
47393  5.401  -44.056  55.179 0.8750000000
142674  5.838  -44.870  54.541 1.0000000000
51401  16.710  -40.860  59.926 0.5000000000
50413  15.489  -41.845  60.586 0.5000000000
49444  14.670  -42.453  61.256 0.5000000000
128241  14.929  -45.131  62.966 0.6250000000
154634  13.197  -45.269  61.394 0.7500000000
43970  12.003  -46.462  61.188 0.7500000000
47410  6.352  -43.641  54.041 1.0000000000
148916  14.536  -43.337  62.154 0.5000000000
131840  14.004  -44.650  61.803 0.7500000000
45134  13.617  -44.905  61.558 0.7500000000
42871  11.427  -46.849  60.936 0.7500000000
43980  13.384  -45.232  60.967 0.7500000000
131521  11.837  -46.190  59.930 0.6250000000
42894  10.875  -46.765  59.523 0.6250000000
43992  12.423  -45.891  60.207 0.6250000000
44002  11.539  -46.313  59.299 0.6250000000
44016  10.904  -46.642  58.693 0.6250000000
46299  8.535  -45.511  51.957 1.0000000000
42921  10.298  -47.069  58.064 0.6250000000
140651  9.296  -45.382  50.395 0.8750000000
46307  8.991  -45.801  51.036 1.0000000000
44036  10.868  -46.601  57.814 0.6250000000
46313  9.319  -45.964  49.907 0.7500000000
45242  9.009  -46.470  50.657 0.7500000000
44049  10.772  -46.649  56.821 0.6250000000
45258  9.289  -46.557  49.552 0.5000000000
44197  9.262  -47.337  49.444 0.5000000000
132895  9.025  -48.902  49.203 0.5000000000
43072  8.699  -48.006  47.938 0.5000000000
142377  7.422  -48.577  47.003 0.5000000000
40843  6.986  -50.355  46.678 0.5000000000
40844  6.231  -50.346  46.236 0.3750000000
137910  18.980  -39.050  59.590 0.5000000000
52545  17.867  -39.493  59.317 0.6250000000
52559  16.652  -39.722  58.244 0.6250000000
49547  5.296  -41.848  55.317 0.8750000000
137512  18.128  -39.585  59.835 0.5000000000
51409  17.668  -39.944  59.702 0.5000000000
53819  19.252  -39.299  60.498 0.5000000000
52531  18.679  -39.429  60.069 0.5000000000
51400  17.467  -40.395  60.165 0.5000000000
50407  15.861  -42.015  60.839 0.5000000000
48351  14.901  -42.819  61.867 0.5000000000
49574  6.764  -42.382  53.428 0.8750000000
48514  6.701  -43.240  53.661 1.0000000000
52522  19.504  -39.266  60.961 0.5000000000
51390  17.843  -40.618  60.903 0.5000000000
134606  16.685  -41.897  61.179 0.5000000000
48350  15.763  -42.873  61.391 0.5000000000
45133  15.510  -45.553  62.765 0.7500000000
45144  13.762  -44.874  60.669 0.7500000000
49573  7.432  -42.673  53.047 1.0000000000
48538  7.183  -43.342  53.358 1.0000000000
51381  18.819  -40.196  61.175 0.3750000000
151680  17.380  -41.895  61.322 0.5000000000
135666  16.753  -42.660  61.312 0.3750000000
129202  15.276  -44.090  61.580 0.5000000000
45148  14.827  -44.347  60.724 0.5000000000
49588  8.071  -42.937  52.572 1.0000000000
47441  8.438  -44.741  52.144 1.0000000000
45151  13.075  -45.362  59.805 0.6250000000
144860  12.275  -45.620  58.751 0.6250000000
48560  8.335  -43.897  52.366 1.0000000000
47440  8.996  -45.057  51.317 1.0000000000
44035  11.423  -46.189  57.469 0.6250000000
44034  11.932  -45.658  57.032 0.6250000000
46325  9.223  -45.940  48.663 0.6250000000
45279  9.150  -46.646  48.534 0.5000000000
45295  8.521  -46.675  47.753 0.5000000000
44220  9.038  -47.301  48.241 0.5000000000
44234  8.194  -47.311  47.537 0.5000000000
45296  7.605  -46.655  47.307 0.5000000000
43073  7.816  -47.992  47.291 0.5000000000
44235  7.267  -47.313  47.119 0.5000000000
43074  7.138  -47.972  47.037 0.5000000000
44236  6.727  -47.298  47.033 0.3750000000
141933  6.401  -49.526  46.391 0.5000000000
41970  6.219  -48.885  46.221 0.3750000000
43077  6.276  -48.265  46.217 0.3750000000
43078  6.103  -48.140  45.948 0.3750000000
44248  6.085  -47.064  46.037 0.3750000000
150772  4.968  -42.218  55.795 0.8750000000
50491  6.004  -41.537  54.094 0.8750000000
50476  5.588  -41.336  54.674 0.8750000000
58175  24.178  -34.418  62.855 0.3750000000
130368  23.712  -34.916  62.266 0.3750000000
57192  23.099  -35.667  61.151 0.3750000000
56200  22.416  -36.489  60.128 0.3750000000
149148  20.740  -38.029  60.169 0.3750000000
53832  20.309  -38.290  60.155 0.3750000000
48515  6.404  -42.944  53.867 0.8750000000
58159  24.858  -34.357  63.934 0.2500000000
58160  24.322  -34.807  63.519 0.2500000000
57176  23.626  -35.434  62.885 0.3750000000
57177  23.032  -36.184  62.533 0.2500000000
56180  22.005  -37.207  61.251 0.2500000000
55017  21.397  -37.551  60.783 0.3750000000
140449  19.796  -38.944  60.898 0.5000000000
50490  6.419  -41.647  53.600 0.8750000000
57166  24.602  -35.121  63.972 0.2500000000
57162  24.280  -35.794  64.041 0.2500000000
56160  23.635  -36.304  63.622 0.2500000000
56171  22.655  -36.782  62.670 0.2500000000
54995  21.517  -37.784  62.286 0.2500000000
53785  20.017  -38.930  61.394 0.3750000000
52513  19.157  -39.689  61.052 0.3750000000
56156  24.664  -35.951  64.332 0.2500000000
135197  24.343  -36.847  64.135 0.2500000000
53754  22.902  -37.564  63.457 0.2500000000
54985  22.173  -37.801  63.185 0.2500000000
51374  20.708  -39.351  62.290 0.3750000000
50403  19.761  -40.153  61.696 0.5000000000
49454  18.418  -41.839  61.183 0.5000000000
47276  17.405  -43.036  60.597 0.5000000000
46176  16.575  -43.475  60.208 0.5000000000
46193  15.209  -44.454  59.767 0.5000000000
45149  14.451  -44.685  60.073 0.5000000000
45157  13.844  -44.967  59.369 0.5000000000
138934  7.583  -42.134  52.655 1.0000000000
142750  20.102  -40.445  61.669 0.3750000000
49452  19.873  -41.283  60.941 0.5000000000
47275  18.148  -42.735  60.334 0.5000000000
47296  17.488  -43.107  59.945 0.5000000000
46192  15.910  -44.047  59.326 0.5000000000
46209  15.571  -44.483  59.193 0.5000000000
45166  14.621  -44.902  58.943 0.3750000000
45167  13.814  -44.964  58.678 0.6250000000
45168  12.907  -45.147  58.343 0.6250000000
145238  17.478  -42.989  59.369 0.5000000000
147216  16.994  -43.359  59.086 0.5000000000
144669  16.449  -43.793  59.016 0.5000000000
46222  15.208  -44.630  58.525 0.3750000000
45180  13.694  -44.975  57.849 0.5000000000
44014  12.100  -45.626  57.971 0.6250000000
48559  8.703  -43.278  51.615 1.0000000000
45181  12.778  -45.182  57.489 0.6250000000
138999  9.368  -44.640  50.302 0.8750000000
45190  12.571  -45.151  56.559 0.6250000000
44047  11.631  -45.727  55.975 0.6250000000
139615  9.396  -45.333  49.365 0.8750000000
136237  9.045  -45.210  48.241 0.7500000000
150334  8.755  -46.169  47.939 0.5000000000
142854  7.960  -46.066  47.475 0.5000000000
46340  7.449  -45.415  47.242 0.6250000000
139318  7.085  -46.001  47.098 0.6250000000
46341  6.743  -45.377  46.925 0.5000000000
142454  6.660  -46.038  46.840 0.3750000000
131967  6.141  -45.978  46.424 0.3750000000
46353  6.215  -45.487  46.300 0.5000000000
46368  5.983  -45.343  46.196 0.3750000000
44237  6.503  -47.600  46.699 0.3750000000
45309  6.283  -46.994  46.106 0.3750000000
46355  5.896  -46.491  46.013 0.3750000000
47521  5.976  -45.821  45.830 0.3750000000
136456  6.478  -46.036  45.368 0.2500000000
59217  26.950  -33.778  64.279 0.2500000000
59225  26.763  -33.137  64.107 0.2500000000
59220  25.371  -33.496  64.128 0.3750000000
51443  5.630  -40.485  54.591 0.8750000000
50477  5.399  -40.973  55.285 0.8750000000
59218  26.370  -33.689  64.329 0.2500000000
59219  25.802  -33.562  64.290 0.2500000000
57159  27.177  -35.340  64.476 0.2500000000
57160  26.367  -35.079  64.609 0.2500000000
58151  25.519  -34.164  64.342 0.2500000000
50503  6.263  -40.734  53.559 0.8750000000
134419  5.697  -39.679  54.406 0.8750000000
56154  27.483  -35.999  64.305 0.2500000000
56146  26.292  -36.165  64.410 0.2500000000
56147  25.742  -36.029  64.507 0.2500000000
50502  6.690  -41.238  53.143 0.8750000000
52621  5.972  -39.275  53.758 0.8750000000
56153  28.333  -36.277  64.128 0.2500000000
54973  27.464  -36.626  63.794 0.3750000000
53748  25.625  -36.921  64.213 0.2500000000
53766  23.758  -38.267  63.373 0.3750000000
52502  23.070  -38.850  63.163 0.3750000000
50401  21.442  -39.935  61.741 0.3750000000
51378  21.235  -39.642  62.232 0.3750000000
50501  7.107  -41.738  52.932 1.0000000000
51466  6.569  -40.211  52.799 0.8750000000
140033  29.036  -36.546  63.925 0.3750000000
139731  27.712  -36.778  63.391 0.5000000000
52498  26.631  -37.202  62.666 0.6250000000
52495  25.725  -37.420  63.331 0.5000000000
51371  23.690  -39.014  62.156 0.5000000000
50409  22.470  -39.782  60.789 0.5000000000
49450  21.081  -40.711  60.715 0.5000000000
48380  19.473  -42.046  59.900 0.5000000000
48381  18.832  -42.440  60.123 0.5000000000
50515  6.908  -40.798  52.657 1.0000000000
52519  26.710  -37.279  61.295 0.7500000000
52521  25.466  -38.039  61.580 0.3750000000
51386  24.701  -38.536  61.003 0.5000000000
50408  23.368  -39.439  60.637 0.5000000000
50420  22.011  -40.132  60.093 0.6250000000
48379  20.122  -41.574  59.658 0.6250000000
47327  18.170  -42.590  58.393 0.6250000000
46235  16.686  -43.245  58.088 0.6250000000
46237  15.761  -44.291  57.994 0.3750000000
46238  15.061  -44.457  57.737 0.3750000000
46239  14.311  -44.654  57.391 0.5000000000
49587  8.195  -42.080  51.938 1.0000000000
51478  7.126  -40.309  52.040 1.0000000000
51407  24.805  -38.686  59.488 0.5000000000
50418  23.690  -39.354  59.827 0.6250000000
50429  22.430  -40.100  59.258 0.6250000000
49494  20.867  -41.369  58.483 0.6250000000
48416  20.251  -41.617  58.010 0.6250000000
47340  17.325  -42.760  57.516 0.6250000000
46247  16.746  -43.266  57.309 0.6250000000
46249  14.886  -44.323  56.883 0.3750000000
46250  14.128  -44.424  56.617 0.5000000000
49605  8.951  -42.554  50.837 1.0000000000
50526  8.736  -41.490  50.904 1.0000000000
47354  19.029  -42.309  56.376 0.6250000000
47355  18.171  -42.503  56.505 0.6250000000
47357  16.879  -43.347  56.423 0.5000000000
139006  15.430  -44.110  56.294 0.3750000000
147159  14.714  -44.238  56.231 0.5000000000
45189  13.492  -44.831  57.017 0.5000000000
49622  9.340  -42.980  49.737 0.8750000000
134950  9.057  -40.957  49.814 0.8750000000
51514  8.788  -40.440  48.833 0.8750000000
47374  17.117  -43.101  55.721 0.5000000000
47375  16.625  -43.528  55.725 0.3750000000
46262  14.005  -44.162  55.898 0.5000000000
47472  8.541  -44.522  47.781 0.7500000000
49636  8.746  -43.064  47.999 0.7500000000
50572  8.350  -40.950  47.768 0.8750000000
51530  7.696  -40.041  47.540 0.7500000000
46270  15.485  -43.611  55.152 0.2500000000
154278  14.795  -43.783  55.177 0.3750000000
46339  8.451  -45.549  47.711 0.6250000000
48622  8.108  -43.615  47.571 0.7500000000
138099  7.770  -41.788  47.278 0.7500000000
51531  7.076  -40.106  46.944 0.6250000000
50574  6.918  -41.103  46.648 0.6250000000
46279  14.839  -43.570  54.418 0.3750000000
142258  7.494  -44.194  47.274 0.6250000000
48623  7.182  -43.239  46.994 0.6250000000
50590  6.665  -41.783  46.375 0.6250000000
139376  6.682  -40.902  46.311 0.6250000000
51544  6.534  -40.246  46.085 0.6250000000
47484  7.851  -44.909  47.409 0.6250000000
141076  7.022  -44.127  46.945 0.6250000000
48624  6.822  -43.814  46.662 0.6250000000
49669  6.802  -42.826  46.522 0.6250000000
143109  6.500  -42.476  46.045 0.6250000000
50591  6.475  -41.277  46.006 0.6250000000
47486  6.691  -44.739  46.719 0.6250000000
48643  6.464  -43.707  45.866 0.5000000000
49680  6.610  -42.800  45.484 0.5000000000
50608  6.560  -41.711  45.408 0.5000000000
47487  6.449  -45.031  46.465 0.6250000000
47498  6.322  -44.846  46.070 0.6250000000
47505  6.570  -44.542  45.502 0.5000000000
48653  6.777  -43.574  45.183 0.3750000000
46386  6.859  -44.992  44.999 0.2500000000
139545  7.036  -44.406  44.721 0.2500000000
136625  7.009  -45.817  44.846 0.2500000000
60281  27.352  -32.629  63.831 0.2500000000
132810  28.290  -33.047  63.850 0.2500000000
52603  5.590  -39.282  54.903 0.7500000000
153198  28.711  -33.601  63.925 0.2500000000
58148  27.542  -34.188  64.312 0.2500000000
57157  29.117  -35.388  64.339 0.1250000000
57158  28.192  -35.589  64.405 0.2500000000
51467  6.324  -39.710  53.275 0.8750000000
133317  6.369  -38.906  53.153 0.8750000000
56152  29.289  -36.117  64.182 0.2500000000
52639  6.638  -39.245  52.609 0.8750000000
151686  6.552  -38.714  52.692 0.8750000000
149986  29.471  -36.782  63.158 0.6250000000
53763  28.316  -36.752  62.856 0.6250000000
52507  26.900  -37.125  62.127 0.6250000000
52658  6.868  -39.633  51.883 0.8750000000
52659  6.811  -39.106  51.907 0.8750000000
52679  6.729  -38.525  51.431 0.7500000000
53928  6.533  -37.838  51.589 0.7500000000
155042  6.716  -38.108  51.153 0.7500000000
153223  6.424  -37.469  51.150 0.7500000000
128582  29.865  -36.958  62.862 0.7500000000
130244  28.731  -36.627  62.420 0.7500000000
52506  27.545  -36.904  61.782 0.7500000000
150615  25.950  -37.780  61.187 0.7500000000
52657  7.004  -39.617  51.435 0.8750000000
52677  7.357  -39.248  50.841 0.7500000000
53943  6.855  -38.299  50.662 0.7500000000
53944  6.548  -37.738  50.702 0.7500000000
132235  6.189  -36.997  50.592 0.7500000000
52529  26.896  -37.297  60.443 0.6250000000
51397  25.378  -38.194  59.996 0.6250000000
50427  24.126  -39.230  59.079 0.5000000000
49492  22.003  -40.586  58.590 0.5000000000
49493  21.472  -41.103  58.124 0.6250000000
51489  7.605  -39.961  51.250 0.8750000000
52676  8.175  -39.564  50.388 0.7500000000
52697  7.796  -38.896  49.991 0.7500000000
53958  7.313  -38.319  49.585 0.7500000000
53959  6.765  -37.835  49.669 0.7500000000
53960  6.475  -37.342  49.631 0.7500000000
51406  25.404  -38.332  59.307 0.6250000000
51417  24.816  -38.802  58.718 0.6250000000
49505  22.907  -40.106  57.569 0.5000000000
48435  21.327  -41.264  57.411 0.5000000000
48456  20.149  -41.741  56.755 0.5000000000
47353  19.552  -41.986  56.077 0.6250000000
47372  18.537  -42.318  55.845 0.6250000000
51502  8.660  -40.126  49.811 0.8750000000
52714  8.329  -39.483  49.202 0.8750000000
52715  7.802  -38.825  49.067 0.8750000000
142113  7.163  -37.950  48.807 0.8750000000
55156  6.941  -37.530  48.709 0.8750000000
47371  19.285  -42.022  55.556 0.3750000000
130693  18.116  -42.396  55.297 0.5000000000
47391  16.311  -43.438  55.135 0.3750000000
53996  7.485  -38.512  48.287 0.8750000000
53978  7.163  -38.049  47.773 0.8750000000
149950  17.718  -42.506  54.760 0.6250000000
139288  16.686  -43.340  54.527 0.3750000000
52731  7.241  -39.293  47.483 0.7500000000
52745  6.760  -39.396  46.949 0.7500000000
54016  6.742  -38.723  46.947 0.7500000000
151027  18.025  -42.821  52.852 0.2500000000
47406  16.655  -43.472  53.839 0.3750000000
51543  6.778  -40.166  46.517 0.6250000000
52746  6.578  -39.430  46.468 0.6250000000
150734  6.512  -39.975  45.631 0.6250000000
51561  6.529  -40.670  45.552 0.5000000000
50625  6.767  -41.561  44.913 0.3750000000
141058  7.058  -42.769  44.686 0.3750000000
47519  7.250  -43.939  44.580 0.1250000000
47518  7.730  -44.544  44.708 0.1250000000
59223  29.331  -33.374  63.661 0.1250000000
58157  30.064  -34.220  63.922 0.1250000000
57156  30.072  -35.523  64.252 0.2500000000
55084  5.574  -37.649  54.863 0.7500000000
56150  31.045  -36.403  64.132 0.3750000000
146126  29.817  -36.675  63.882 0.2500000000
139887  5.811  -38.437  53.650 0.8750000000
132028  6.310  -38.228  52.865 0.8750000000
53761  30.567  -37.433  63.095 0.5000000000
55112  6.151  -37.466  52.777 0.8750000000
129502  6.387  -37.866  52.302 0.8750000000
55123  6.194  -37.240  52.150 0.8750000000
56295  6.240  -36.395  52.069 0.7500000000
53780  29.482  -36.690  62.233 0.7500000000
53801  28.504  -36.631  61.841 0.6250000000
53816  28.550  -36.573  61.164 0.6250000000
57290  6.501  -35.837  52.385 0.7500000000
128715  6.516  -35.692  51.730 0.7500000000
52528  27.488  -37.108  60.020 0.6250000000
52557  25.950  -37.988  59.147 0.6250000000
150128  25.424  -38.379  58.800 0.6250000000
148550  6.591  -36.179  49.409 0.7500000000
133316  6.301  -36.088  50.256 0.7500000000
53841  27.628  -36.884  58.960 0.6250000000
52541  27.160  -37.252  59.263 0.6250000000
142513  25.775  -38.112  58.565 0.6250000000
50447  24.076  -39.458  57.421 0.6250000000
138412  22.591  -40.316  57.056 0.5000000000
142469  21.143  -41.374  56.068 0.5000000000
149634  19.851  -41.813  55.617 0.5000000000
56342  6.904  -36.963  47.893 0.7500000000
55157  6.699  -37.104  48.643 0.8750000000
51425  25.401  -38.303  57.121 0.6250000000
51434  24.716  -38.803  56.564 0.5000000000
50455  24.106  -39.394  56.434 0.5000000000
49522  21.947  -40.736  55.629 0.5000000000
48474  21.059  -41.284  55.254 0.5000000000
144652  19.209  -41.819  54.693 0.3750000000
151003  18.791  -42.139  55.198 0.5000000000
56361  7.118  -37.281  47.255 0.7500000000
55172  7.033  -37.423  47.803 0.8750000000
47403  19.104  -41.626  53.783 0.5000000000
47404  17.983  -42.227  54.057 0.6250000000
47405  17.374  -42.886  54.142 0.6250000000
55196  7.137  -37.574  46.798 0.7500000000
55197  6.986  -37.970  46.951 0.7500000000
47421  17.996  -42.434  53.432 0.2500000000
55219  6.824  -38.099  46.242 0.6250000000
52761  6.438  -39.418  45.951 0.6250000000
138606  18.496  -42.342  52.695 0.2500000000
54040  6.835  -38.543  45.506 0.5000000000
52775  6.537  -39.501  45.425 0.3750000000
52774  6.746  -39.608  44.905 0.3750000000
51575  6.681  -40.847  45.053 0.5000000000
50639  8.092  -40.880  44.194 0.1250000000
50623  7.460  -41.288  44.438 0.1250000000
50624  7.027  -41.013  44.715 0.3750000000
49689  7.411  -42.118  44.487 0.1250000000
49690  6.984  -41.875  44.636 0.2500000000
50638  8.799  -40.939  43.985 0.1250000000
135803  7.401  -42.828  44.590 0.1250000000
48650  7.727  -43.305  44.639 0.1250000000
133416  32.091  -34.634  63.937 0.2500000000
58156  31.179  -34.332  63.825 0.1250000000
56149  32.591  -35.624  63.942 0.5000000000
58145  31.746  -34.918  64.205 0.1250000000
142489  5.597  -37.481  54.003 0.7500000000
54980  32.695  -37.133  63.187 0.5000000000
54970  31.391  -36.886  63.799 0.5000000000
129316  5.907  -37.725  53.301 0.7500000000
55103  5.927  -37.030  53.318 0.8750000000
57270  6.131  -35.696  53.810 0.7500000000
58270  6.467  -35.004  53.853 0.7500000000
53777  32.562  -37.771  62.763 0.5000000000
53760  31.334  -37.772  63.248 0.5000000000
56278  6.125  -36.279  53.256 0.8750000000
57279  6.489  -35.615  53.080 0.8750000000
58284  6.897  -35.094  53.104 0.8750000000
53776  33.530  -37.830  62.279 0.6250000000
53797  31.592  -37.872  61.744 0.6250000000
53798  30.747  -37.714  62.112 0.7500000000
53800  29.273  -36.484  61.612 0.6250000000
55013  33.444  -37.373  60.128 0.6250000000
55025  31.661  -36.859  60.188 0.7500000000
55016  30.703  -36.883  60.768 0.7500000000
53814  29.854  -36.442  60.604 0.7500000000
144686  28.373  -36.664  60.473 0.6250000000
58320  7.014  -35.076  51.066 0.7500000000
53854  35.306  -37.168  58.329 0.7500000000
55036  34.447  -37.230  58.729 0.7500000000
56196  33.336  -37.053  59.314 0.7500000000
56198  31.412  -36.134  59.601 0.8750000000
55026  30.467  -36.295  60.123 0.7500000000
137007  28.456  -36.493  59.478 0.6250000000
52555  26.771  -37.389  58.399 0.6250000000
57327  7.330  -35.686  49.143 0.8750000000
57313  7.334  -35.254  50.084 0.8750000000
53853  35.981  -37.050  57.743 0.7500000000
129837  34.623  -36.816  58.111 0.7500000000
56222  33.399  -36.277  58.255 0.7500000000
56210  32.294  -35.891  58.880 0.7500000000
56199  30.571  -35.815  59.573 0.7500000000
55039  28.928  -36.063  59.194 0.7500000000
53856  27.315  -36.873  58.135 0.6250000000
53857  26.587  -37.333  57.497 0.6250000000
52582  25.914  -37.842  56.857 0.6250000000
50454  24.414  -39.040  55.733 0.5000000000
50463  23.973  -39.445  55.418 0.5000000000
149269  22.397  -40.595  54.794 0.5000000000
48475  20.289  -41.587  55.051 0.5000000000
56339  7.962  -36.252  47.330 0.6250000000
56340  7.519  -36.499  47.384 0.7500000000
53869  36.363  -36.744  57.168 0.7500000000
55048  36.037  -36.530  57.038 0.7500000000
55050  34.652  -36.407  57.505 0.7500000000
141223  34.090  -36.508  57.957 0.7500000000
57210  31.676  -35.225  58.346 0.7500000000
57211  30.560  -35.068  58.585 0.6250000000
56225  28.744  -35.283  57.928 0.8750000000
55053  27.714  -36.222  57.904 0.6250000000
53871  26.319  -37.260  56.529 0.6250000000
52596  25.712  -37.870  56.134 0.5000000000
50473  24.304  -39.144  54.982 0.3750000000
50475  23.368  -39.991  54.017 0.5000000000
49545  21.622  -40.998  53.544 0.6250000000
48492  20.238  -41.440  54.192 0.3750000000
48513  19.191  -41.741  52.944 0.5000000000
56358  8.209  -36.729  46.848 0.5000000000
56359  7.569  -36.834  46.937 0.5000000000
55076  36.216  -36.086  56.086 0.6250000000
57232  29.944  -34.512  57.515 0.5000000000
56236  28.415  -35.024  57.243 0.6250000000
55078  27.100  -35.831  56.294 0.5000000000
53885  26.295  -36.877  55.807 0.5000000000
52597  25.272  -38.176  55.488 0.5000000000
51442  24.581  -38.963  54.561 0.5000000000
49557  22.639  -40.398  53.318 0.5000000000
48531  21.052  -41.410  52.466 0.5000000000
48532  20.356  -41.629  52.313 0.3750000000
48534  19.041  -41.979  52.410 0.2500000000
55194  7.718  -37.360  46.418 0.5000000000
55218  7.188  -37.896  45.925 0.6250000000
50499  23.674  -39.870  52.830 0.2500000000
49570  22.179  -40.861  52.075 0.3750000000
49572  21.940  -41.407  51.810 0.3750000000
48533  19.717  -41.831  52.156 0.3750000000
129342  19.435  -42.169  51.745 0.2500000000
55192  9.705  -37.759  46.148 0.1250000000
55216  8.956  -37.969  45.442 0.3750000000
143141  7.574  -38.444  45.212 0.2500000000
50510  23.495  -40.032  51.890 0.2500000000
49583  22.471  -41.799  51.501 0.2500000000
153890  9.680  -38.255  45.240 0.1250000000
54038  9.332  -38.458  44.765 0.3750000000
54060  7.978  -38.893  44.511 0.2500000000
54061  7.177  -39.026  44.783 0.3750000000
54036  11.716  -38.577  44.796 0.1250000000
141519  10.915  -38.505  44.836 0.1250000000
54037  10.218  -38.570  44.565 0.1250000000
52771  9.213  -39.579  43.984 0.1250000000
153147  7.732  -39.268  44.401 0.1250000000
52773  7.460  -39.705  44.394 0.2500000000
54056  11.093  -38.809  44.139 0.1250000000
54057  10.410  -39.183  43.921 0.1250000000
52787  9.551  -39.954  43.398 0.1250000000
52788  8.770  -39.965  43.764 0.1250000000
51591  8.426  -40.305  43.900 0.1250000000
52786  10.311  -39.777  43.118 0.1250000000
51589  9.949  -40.041  43.126 0.1250000000
51590  9.183  -40.170  43.579 0.1250000000
137531  36.175  -35.731  62.187 0.6250000000
141127  35.250  -35.520  62.801 0.6250000000
57165  33.317  -34.871  63.671 0.5000000000
53755  36.191  -37.979  62.752 0.6250000000
53756  35.428  -37.425  62.556 0.6250000000
138983  33.910  -36.188  63.250 0.5000000000
144320  35.308  -38.048  61.114 0.5000000000
53794  35.717  -38.018  61.939 0.7500000000
54978  34.617  -36.728  62.796 0.5000000000
53810  35.666  -38.058  60.335 0.6250000000
53795  34.145  -37.933  61.669 0.7500000000
53796  33.308  -37.791  61.534 0.6250000000
52554  36.471  -37.451  58.283 0.7500000000
53828  35.833  -38.001  59.467 0.6250000000
53811  34.866  -37.917  60.305 0.6250000000
55014  32.490  -37.331  60.558 0.7500000000
58319  7.460  -35.174  51.194 0.7500000000
53852  36.372  -37.144  57.769 0.7500000000
53840  35.943  -37.590  58.506 0.6250000000
140792  9.065  -35.504  50.156 0.7500000000
58338  8.308  -35.352  50.532 0.7500000000
58339  7.822  -35.281  50.342 0.8750000000
57301  6.953  -35.138  50.576 0.7500000000
138827  11.627  -35.516  48.289 0.2500000000
57337  10.556  -35.874  48.170 0.1250000000
57324  9.862  -35.650  48.804 0.5000000000
131419  8.156  -35.636  48.638 0.7500000000
57326  7.806  -35.459  49.425 0.7500000000
53882  37.321  -36.244  55.412 0.6250000000
53883  36.950  -36.189  56.029 0.6250000000
57336  12.238  -35.487  47.730 0.1250000000
56336  10.910  -36.303  47.477 0.1250000000
56337  9.836  -36.401  47.543 0.1250000000
57338  9.331  -35.919  48.122 0.5000000000
53894  37.722  -36.355  54.297 0.5000000000
57361  11.894  -36.074  47.329 0.1250000000
56355  11.346  -36.792  46.846 0.1250000000
55193  8.625  -37.413  46.224 0.3750000000
56373  12.796  -37.259  46.166 0.1250000000
55190  11.837  -37.480  46.275 0.1250000000
56357  9.204  -36.849  46.803 0.3750000000
56372  13.626  -36.951  45.939 0.1250000000
55214  11.353  -38.274  45.634 0.1250000000
55215  10.441  -38.271  45.497 0.2500000000
55212  13.185  -37.859  45.350 0.1250000000
55236  15.112  -37.385  44.002 0.1250000000
55237  14.231  -37.799  44.233 0.1250000000
135270  13.157  -38.396  43.536 0.1250000000
54055  12.090  -38.863  44.009 0.1250000000
52784  12.026  -39.555  42.913 0.1250000000
54991  36.684  -36.911  61.419 0.6250000000
57182  36.408  -34.822  62.173 0.5000000000
55002  36.983  -37.152  60.989 0.5000000000
141795  36.341  -36.571  62.002 0.6250000000
53809  37.045  -37.943  60.352 0.5000000000
136837  36.902  -38.049  61.573 0.6250000000
59352  7.642  -34.274  54.061 0.8750000000
59353  7.176  -34.329  54.185 0.8750000000
53826  36.994  -37.609  59.122 0.5000000000
147712  36.487  -38.094  60.203 0.6250000000
58267  7.884  -34.613  53.271 0.8750000000
58282  7.643  -34.953  52.719 0.8750000000
52553  36.788  -37.379  58.062 0.7500000000
52539  36.589  -37.588  58.656 0.6250000000
148594  9.777  -35.471  49.892 0.6250000000
58317  9.180  -35.375  51.123 0.7500000000
58300  8.038  -35.290  51.345 0.8750000000
58301  7.665  -35.251  51.879 0.7500000000
150495  37.126  -37.131  57.452 0.7500000000
138761  11.167  -35.332  49.418 0.5000000000
58354  10.248  -35.457  49.399 0.5000000000
147245  8.855  -35.427  50.658 0.7500000000
150101  7.795  -35.227  50.869 0.8750000000
53867  37.088  -36.453  56.348 0.6250000000
52581  36.766  -36.792  57.081 0.7500000000
58366  12.517  -35.022  48.230 0.1250000000
57323  10.880  -35.508  48.825 0.3750000000
135128  37.510  -36.475  55.746 0.6250000000
57359  13.637  -35.387  46.584 0.1250000000
58382  12.867  -35.065  47.595 0.1250000000
56354  12.329  -36.528  46.706 0.1250000000
53905  37.996  -36.561  53.435 0.3750000000
56353  13.191  -36.268  46.478 0.1250000000
52633  38.397  -37.328  52.033 0.5000000000
57377  13.842  -36.095  46.163 0.1250000000
57391  14.979  -36.153  45.316 0.1250000000
56385  13.975  -37.493  45.136 0.1250000000
153742  16.200  -35.890  44.052 0.1250000000
56383  15.295  -36.623  44.644 0.1250000000
57404  16.797  -35.648  43.671 0.1250000000
56396  15.798  -36.575  44.062 0.1250000000
55022  38.930  -36.477  58.810 0.6250000000
56187  37.656  -36.507  60.409 0.3750000000
52537  37.966  -37.121  57.759 0.5000000000
53807  38.071  -36.915  59.177 0.6250000000
53839  39.015  -37.300  57.390 0.6250000000
52538  37.098  -37.396  58.214 0.6250000000
143526  38.746  -37.328  56.189 0.6250000000
52552  37.460  -37.179  57.515 0.6250000000
58336  10.485  -35.398  49.964 0.6250000000
58298  10.307  -35.184  51.583 0.7500000000
145721  39.453  -37.510  54.726 0.5000000000
129638  38.030  -37.117  56.195 0.7500000000
129573  12.034  -34.998  49.393 0.2500000000
52608  38.895  -37.126  54.012 0.6250000000
134597  38.073  -36.933  55.515 0.5000000000
147351  12.466  -34.866  48.857 0.1250000000
58353  11.822  -35.237  48.857 0.2500000000
131793  39.424  -37.369  53.369 0.6250000000
52609  38.450  -36.772  53.791 0.6250000000
58381  13.397  -34.914  47.179 0.1250000000
52632  39.121  -37.479  52.059 0.6250000000
58395  15.413  -34.380  45.773 0.1250000000
58380  14.309  -34.365  46.656 0.1250000000
52668  38.698  -37.988  51.191 0.5000000000
57375  15.170  -35.208  45.511 0.1250000000
57376  14.387  -35.544  45.979 0.1250000000
57390  15.662  -35.746  44.714 0.1250000000
58409  16.635  -34.419  44.717 0.1250000000
57188  38.946  -35.190  59.020 0.6250000000
56186  38.256  -36.395  59.628 0.6250000000
53838  39.929  -37.402  57.100 0.6250000000
55021  39.533  -36.698  58.251 0.6250000000
53851  40.358  -37.489  56.641 0.6250000000
52577  40.381  -37.526  55.797 0.6250000000
52565  39.949  -37.490  56.322 0.6250000000
58335  11.433  -35.156  49.995 0.5000000000
58352  13.047  -34.556  48.614 0.1250000000
128914  39.933  -37.466  53.499 0.6250000000
128911  40.011  -37.632  51.544 0.7500000000
129128  39.555  -37.776  51.491 0.6250000000
136293  40.053  -39.335  49.558 0.6250000000
58364  13.925  -34.344  47.205 0.1250000000
58365  13.382  -34.543  47.873 0.1250000000
130666  38.644  -38.692  50.996 0.5000000000
59445  15.551  -33.722  46.021 0.1250000000
59435  14.554  -33.699  46.986 0.1250000000
56194  39.915  -35.992  58.429 0.6250000000
56195  39.001  -35.797  59.027 0.6250000000
143287  40.890  -35.873  58.047 0.6250000000
55035  40.268  -36.587  57.890 0.6250000000
53837  40.800  -37.305  57.042 0.6250000000
52564  40.770  -37.532  56.213 0.6250000000
149035  41.052  -37.504  55.801 0.7500000000
136968  39.987  -37.541  55.152 0.6250000000
52593  40.610  -37.427  54.589 0.6250000000
128915  40.461  -37.378  53.786 0.6250000000
52631  40.347  -37.356  51.776 0.6250000000
52666  40.601  -38.540  50.487 0.6250000000
132035  39.972  -39.012  50.458 0.6250000000
150216  40.138  -39.266  48.330 0.3750000000
53970  39.799  -38.909  47.296 0.2500000000
60463  15.735  -32.962  46.617 0.1250000000
59446  14.936  -34.001  46.345 0.1250000000
142145  41.896  -36.445  57.470 0.6250000000
53866  41.516  -37.411  56.126 0.6250000000
52576  41.616  -37.332  55.531 0.7500000000
52605  41.737  -37.042  54.493 0.7500000000
52629  41.284  -36.918  52.772 0.6250000000
52630  40.727  -37.091  52.199 0.6250000000
151106  40.537  -38.159  50.356 0.7500000000
52702  41.271  -38.911  49.229 0.7500000000
53969  41.038  -38.882  48.414 0.5000000000
55165  41.031  -38.030  47.079 0.3750000000
55179  40.692  -37.387  47.175 0.2500000000
55181  39.888  -38.148  45.947 0.2500000000
55204  39.709  -37.388  45.775 0.2500000000
56378  39.212  -36.262  45.574 0.2500000000
56379  39.194  -36.716  44.843 0.1250000000
53880  43.015  -37.386  55.342 0.7500000000
52615  42.226  -36.934  54.178 0.7500000000
148543  41.238  -37.105  51.201 0.7500000000
52685  41.147  -38.334  49.558 0.8750000000
52645  41.034  -37.061  51.617 0.7500000000
53968  41.581  -38.342  48.706 0.6250000000
55164  41.470  -37.645  47.804 0.3750000000
56368  39.536  -36.680  46.069 0.2500000000
57370  39.582  -35.874  46.316 0.2500000000
135902  38.636  -35.757  45.051 0.1250000000
58404  38.542  -34.685  45.455 0.3750000000
58405  38.175  -34.842  44.693 0.1250000000
53893  42.917  -37.222  54.612 0.6250000000
144245  42.320  -36.824  53.011 0.7500000000
53936  41.362  -37.495  49.937 0.8750000000
53967  41.901  -37.970  48.962 0.8750000000
150828  41.819  -37.507  48.253 0.7500000000
55178  40.914  -36.905  47.787 0.5000000000
56367  40.059  -36.373  46.719 0.3750000000
141456  39.419  -35.107  46.401 0.3750000000
57371  39.055  -35.396  45.842 0.2500000000
58406  37.697  -34.349  44.408 0.1250000000
53892  43.364  -37.090  54.274 0.6250000000
55098  43.017  -36.831  53.473 0.6250000000
53914  42.584  -36.747  52.640 0.6250000000
53935  41.997  -36.787  50.859 0.8750000000
55138  41.881  -36.998  49.909 0.8750000000
55149  41.902  -37.434  48.759 0.8750000000
56328  41.302  -36.357  48.144 0.8750000000
56329  40.651  -36.158  47.435 0.3750000000
57369  40.167  -35.795  46.902 0.3750000000
57350  39.915  -35.212  46.834 0.3750000000
58390  39.034  -34.389  46.219 0.3750000000
59442  38.475  -33.697  45.830 0.2500000000
59457  37.904  -33.884  45.077 0.2500000000
59458  37.322  -33.688  44.532 0.1250000000
55097  43.822  -36.860  53.874 0.6250000000
53934  42.496  -36.586  51.273 0.8750000000
55148  41.873  -36.949  49.353 1.0000000000
57320  41.743  -35.676  48.675 1.0000000000
57331  41.153  -35.523  47.923 0.6250000000
57349  40.516  -35.341  47.359 0.6250000000
58372  40.319  -34.556  47.273 0.5000000000
59430  39.452  -33.610  46.685 0.5000000000
59441  38.921  -33.458  46.333 0.3750000000
60487  38.106  -32.826  45.536 0.2500000000
56273  44.401  -36.473  53.491 0.6250000000
55118  43.306  -36.377  52.061 0.7500000000
136075  43.279  -36.064  51.222 0.7500000000
55128  42.410  -36.569  50.488 0.8750000000
141479  42.515  -35.884  49.725 1.0000000000
57319  42.313  -35.364  49.341 1.0000000000
58346  42.130  -34.657  48.937 1.0000000000
59415  41.422  -34.124  48.132 1.0000000000
59429  40.112  -33.704  47.149 0.5000000000
58373  39.683  -34.465  46.760 0.5000000000
60460  40.592  -32.858  47.419 0.5000000000
60470  39.274  -32.674  46.485 0.3750000000
60471  38.673  -32.755  46.066 0.2500000000
56292  43.925  -35.971  51.958 0.7500000000
136487  43.613  -35.362  50.931 0.6250000000
56308  43.003  -35.854  50.314 0.8750000000
58328  42.807  -34.451  49.498 1.0000000000
57308  42.989  -35.159  49.851 1.0000000000
59403  41.972  -33.936  48.587 1.0000000000
135181  41.671  -33.332  48.263 0.8750000000
59416  40.903  -33.753  47.705 0.6250000000
60461  39.894  -32.737  46.958 0.5000000000
61537  39.842  -31.581  46.467 0.3750000000
56291  44.728  -35.485  52.336 0.5000000000
57286  44.160  -35.305  51.597 0.5000000000
57307  43.590  -34.911  50.457 0.7500000000
58327  43.540  -34.294  50.033 0.7500000000
59402  42.620  -33.695  49.154 0.8750000000
60451  41.326  -32.740  47.876 0.7500000000
132064  41.028  -32.131  47.571 0.6250000000
61528  40.467  -31.903  47.151 0.6250000000
57295  44.824  -34.621  51.619 0.5000000000
58308  44.863  -34.084  51.157 0.6250000000
57296  44.193  -34.710  51.061 0.6250000000
59374  44.812  -33.441  50.770 0.6250000000
58309  44.180  -34.133  50.643 0.6250000000
59386  44.100  -33.473  50.273 0.6250000000
59387  43.375  -33.544  49.702 0.8750000000
60443  42.368  -32.969  48.789 0.7500000000
60450  42.042  -32.318  48.386 0.8750000000
61516  41.675  -31.769  47.886 0.6250000000
61527  41.217  -31.315  47.329 0.7500000000
59372  46.189  -32.938  51.387 0.3750000000
59373  45.515  -33.482  51.297 0.3750000000
132263  45.440  -32.775  50.866 0.3750000000
60434  44.459  -31.920  49.881 0.6250000000
60442  43.213  -32.667  49.344 0.7500000000
133887  42.857  -31.969  48.768 0.7500000000
61515  42.538  -31.267  48.214 0.8750000000
61526  42.063  -30.846  47.549 1.0000000000
62614  41.553  -30.330  46.909 0.7500000000
60433  45.258  -31.990  50.448 0.3750000000
61497  45.084  -31.329  49.952 0.5000000000
60441  43.715  -31.579  49.228 0.6250000000
61514  43.257  -30.977  48.579 0.7500000000
153485  43.029  -30.623  48.224 0.7500000000
62602  42.808  -30.348  47.796 0.8750000000
62612  43.300  -29.561  47.294 0.8750000000
62613  42.451  -29.942  47.096 0.7500000000
61496  45.752  -31.136  50.412 0.3750000000
61485  46.625  -31.475  50.993 0.3750000000
61504  45.180  -30.483  49.629 0.5000000000
62591  44.667  -29.873  48.943 0.5000000000
61505  44.513  -30.941  49.432 0.5000000000
62600  44.357  -29.442  48.186 0.5000000000
61513  43.973  -30.464  48.766 0.6250000000
62611  44.188  -29.191  47.388 0.5000000000
62601  43.515  -30.022  48.107 0.6250000000
66969  46.733  -26.889  46.006 0.1250000000
136669  46.647  -27.806  46.518 0.1250000000
63775  44.960  -28.802  46.555 0.5000000000
64974  46.277  -28.064  45.878 0.3750000000
63784  45.586  -28.581  45.748 0.5000000000
63776  44.026  -29.140  46.511 0.6250000000
64975  46.178  -28.284  45.354 0.5000000000
63785  44.761  -28.930  45.700 0.5000000000
62623  43.039  -29.314  46.442 0.8750000000
64976  46.135  -28.672  45.052 0.5000000000
63786  43.758  -29.079  45.647 0.5000000000
62578  45.741  -30.036  49.871 0.3750000000
62599  45.096  -29.038  48.126 0.5000000000
150952  47.008  -26.653  46.902 0.2500000000
66968  46.952  -27.526  46.732 0.2500000000
64966  46.491  -27.978  46.669 0.2500000000
63774  45.656  -28.341  46.575 0.5000000000
62610  45.054  -28.863  47.320 0.5000000000
151377  46.696  -26.317  46.155 0.1250000000
64967  46.223  -27.993  46.116 0.3750000000
67965  46.495  -25.850  45.424 0.2500000000
64905  47.464  -28.472  49.314 0.2500000000
63737  46.442  -28.905  49.478 0.3750000000
62577  46.292  -29.650  50.084 0.3750000000
63751  46.797  -28.520  48.829 0.2500000000
62589  45.837  -29.121  49.186 0.3750000000
62590  45.279  -29.439  49.024 0.3750000000
64947  47.361  -28.034  48.127 0.2500000000
63763  46.487  -28.238  47.853 0.2500000000
63752  46.127  -28.508  48.437 0.3750000000
62598  45.608  -28.723  48.161 0.3750000000
64948  46.785  -28.126  47.515 0.2500000000
63764  45.925  -28.244  47.404 0.2500000000
63765  45.581  -28.419  47.249 0.5000000000
66956  47.510  -27.313  47.723 0.2500000000
65968  47.056  -27.921  47.320 0.2500000000
63772  46.251  -28.051  46.952 0.3750000000
63773  45.815  -28.269  46.686 0.5000000000
67979  46.395  -25.790  44.588 0.3750000000
69004  46.481  -24.775  44.612 0.5000000000
67990  46.315  -25.993  44.045 0.3750000000
147161  47.495  -27.761  47.969 0.2500000000
150405  47.393  -26.583  47.854 0.2500000000
67955  46.442  -25.546  46.494 0.2500000000
142146  46.514  -24.823  43.969 0.3750000000
68993  46.344  -24.612  45.585 0.3750000000
68002  46.254  -25.457  43.411 0.3750000000
69028  46.553  -24.384  43.446 0.6250000000
68012  45.972  -25.649  42.780 0.6250000000
69040  46.115  -24.911  42.502 0.7500000000
68023  45.499  -25.754  41.873 0.6250000000
69056  45.546  -24.756  41.720 0.6250000000
69039  46.371  -24.742  42.963 0.8750000000
155014  45.834  -25.067  42.163 0.6250000000
140987  45.498  -23.882  41.486 0.6250000000
69995  44.717  -23.540  40.875 0.2500000000
136341  46.801  -23.822  43.792 0.5000000000
141833  46.589  -24.095  43.068 0.8750000000
69046  46.400  -24.174  42.626 0.8750000000
69047  46.060  -24.252  42.072 0.6250000000
73741  47.281  -19.403  41.593 0.3750000000
136851  45.320  -23.076  41.227 0.2500000000
74709  46.718  -18.809  40.868 0.1250000000
72811  46.048  -20.508  41.194 0.3750000000
71835  45.286  -21.513  41.018 0.3750000000
154699  44.791  -22.483  40.838 0.2500000000
69963  46.808  -23.702  43.388 0.7500000000
69977  47.113  -23.234  43.215 0.8750000000
70897  47.331  -22.793  43.004 0.7500000000
69989  46.403  -23.609  42.230 0.6250000000
70910  46.189  -22.962  41.665 0.5000000000
69990  45.986  -23.555  41.720 0.6250000000
70913  45.393  -22.369  41.180 0.3750000000
75667  48.744  -17.444  42.023 0.3750000000
74691  47.917  -18.817  42.006 0.5000000000
152667  46.284  -21.701  41.560 0.3750000000
76618  48.286  -16.594  41.197 0.2500000000
73742  46.605  -20.012  41.324 0.3750000000
72803  45.889  -21.272  41.324 0.3750000000
70877  48.172  -22.239  44.704 0.7500000000
135830  48.013  -22.507  44.788 0.6250000000
70887  47.857  -22.333  44.208 0.7500000000
69962  47.187  -23.235  43.751 0.7500000000
70888  47.522  -22.678  43.707 0.8750000000
70898  46.810  -23.059  42.473 0.6250000000
76587  53.452  -15.949  45.061 0.6250000000
76588  52.629  -16.205  44.897 0.6250000000
70908  47.108  -22.277  42.447 0.7500000000
77563  53.743  -15.320  44.755 0.6250000000
77565  52.060  -15.706  44.387 0.7500000000
75652  50.807  -16.904  44.209 0.8750000000
75653  50.062  -17.274  43.745 0.7500000000
75654  49.610  -17.665  43.395 0.6250000000
74673  49.402  -18.414  43.567 0.5000000000
73710  48.715  -19.757  43.341 0.5000000000
72786  47.613  -21.258  42.635 0.3750000000
71829  46.636  -21.969  41.814 0.5000000000
70909  46.598  -22.549  41.942 0.3750000000
78588  54.021  -14.771  44.542 0.6250000000
77564  52.983  -15.483  44.587 0.7500000000
76600  51.117  -16.073  43.982 0.7500000000
76601  50.287  -16.500  43.455 0.7500000000
74689  49.193  -17.799  42.764 0.5000000000
74690  48.590  -18.323  42.355 0.6250000000
73722  47.787  -19.982  42.300 0.5000000000
72801  47.185  -20.597  41.858 0.5000000000
77575  52.467  -15.023  44.130 0.8750000000
76602  49.597  -16.942  42.933 0.6250000000
72802  46.516  -21.123  41.594 0.3750000000
71828  47.042  -21.524  42.035 0.3750000000
71830  46.061  -22.119  41.491 0.3750000000
77576  51.486  -15.316  43.752 0.8750000000
77577  50.561  -15.706  43.265 0.6250000000
76610  49.833  -16.117  42.728 0.6250000000
77581  50.841  -14.964  43.178 0.6250000000
77583  49.437  -15.751  42.122 0.6250000000
76612  48.784  -16.737  41.770 0.5000000000
76617  48.816  -16.038  41.586 0.3750000000
76631  48.207  -16.018  40.989 0.3750000000
77590  48.721  -15.541  41.208 0.3750000000
71793  48.691  -21.774  45.212 0.7500000000
71800  48.907  -21.385  45.025 0.8750000000
71801  48.324  -21.954  44.639 0.7500000000
74648  52.358  -18.513  46.293 0.7500000000
71808  47.959  -22.021  43.928 0.8750000000
75619  52.758  -17.622  45.803 0.7500000000
75620  51.854  -17.983  45.567 0.8750000000
71817  48.140  -21.407  43.542 0.7500000000
77550  54.944  -15.471  45.239 0.3750000000
75636  52.232  -17.041  45.242 0.6250000000
74660  50.199  -18.613  44.659 0.7500000000
71809  47.636  -22.161  43.241 0.8750000000
77561  55.179  -15.014  44.967 0.5000000000
76589  51.682  -16.522  44.639 0.7500000000
75637  51.339  -17.413  44.879 0.7500000000
74672  49.835  -18.026  44.045 0.7500000000
74661  49.664  -18.790  44.201 0.7500000000
78587  55.027  -14.646  44.649 0.5000000000
75638  50.519  -17.753  44.430 0.7500000000
72785  48.268  -20.428  43.048 0.5000000000
77574  53.255  -14.881  44.364 0.6250000000
136794  52.815  -14.561  43.965 0.7500000000
78600  51.909  -14.588  43.580 0.6250000000
78607  49.652  -15.150  42.078 0.6250000000
78617  49.938  -14.477  42.036 0.5000000000
77589  49.167  -15.496  41.666 0.3750000000
78618  49.268  -14.923  41.465 0.3750000000
73691  52.062  -19.391  46.759 0.7500000000
73693  50.733  -19.958  46.099 0.8750000000
72761  49.496  -20.974  45.742 0.8750000000
74650  50.479  -19.298  45.395 0.8750000000
72768  49.908  -20.180  45.595 0.8750000000
74659  50.970  -18.348  45.145 0.8750000000
73702  49.743  -19.499  44.798 0.8750000000
72769  49.226  -20.594  44.790 0.8750000000
72770  48.546  -21.458  44.363 0.8750000000
72777  48.702  -20.598  43.860 0.8750000000
149025  55.697  -14.726  44.773 0.3750000000
73709  49.215  -19.514  43.940 0.8750000000
78597  55.286  -14.188  44.370 0.3750000000
78598  54.348  -14.285  44.283 0.5000000000
78599  53.451  -14.397  44.113 0.6250000000
79636  52.747  -14.084  43.586 0.7500000000
78606  51.109  -14.353  42.971 0.6250000000
78605  51.839  -14.003  43.221 0.6250000000
79647  51.296  -13.646  42.604 0.6250000000
79660  50.455  -13.628  41.955 0.6250000000
132157  49.095  -14.402  41.023 0.5000000000
79661  49.643  -14.053  41.470 0.6250000000
145947  50.534  -12.520  40.894 0.7500000000
79631  59.652  -14.026  43.923 0.5000000000
79632  58.439  -13.490  43.969 0.6250000000
79620  56.184  -14.209  44.487 0.5000000000
81724  60.287  -11.495  43.191 0.5000000000
81725  59.090  -11.854  42.504 0.5000000000
80712  57.589  -12.679  43.092 0.5000000000
80703  57.182  -13.351  43.718 0.6250000000
79634  54.843  -13.798  44.047 0.6250000000
81726  57.358  -11.749  42.413 0.7500000000
80713  56.041  -12.146  43.005 0.6250000000
80704  55.510  -13.181  43.637 0.6250000000
79635  53.759  -13.861  43.778 0.6250000000
82683  58.216  -11.245  41.816 0.7500000000
81736  56.910  -11.005  41.654 0.7500000000
81727  55.899  -11.230  42.085 0.6250000000
80714  54.624  -12.445  43.052 0.6250000000
80705  54.320  -13.281  43.532 0.6250000000
79645  53.115  -13.351  43.333 0.6250000000
81728  54.777  -11.630  42.256 0.7500000000
81729  53.737  -12.060  42.418 0.6250000000
80716  52.791  -12.554  42.666 0.6250000000
79646  52.240  -13.417  43.009 0.6250000000
81756  54.340  -11.323  40.230 0.6250000000
81738  54.959  -11.142  41.307 0.6250000000
81739  53.771  -11.459  41.397 0.7500000000
81730  53.042  -11.895  41.905 0.7500000000
139843  51.114  -12.995  42.092 0.7500000000
81757  53.223  -11.504  40.357 0.6250000000
80736  51.164  -12.179  40.997 0.7500000000
80726  51.481  -12.396  41.699 0.7500000000
80737  50.832  -12.167  40.314 0.5000000000
82682  59.427  -11.072  42.313 0.6250000000
82690  59.166  -10.454  41.873 0.6250000000
82692  57.706  -10.880  41.288 0.8750000000
81737  55.982  -10.899  41.172 0.8750000000
129564  55.354  -11.134  40.489 0.7500000000
81776  55.502  -11.664  39.543 0.7500000000
145001  53.959  -12.207  38.627 0.6250000000
143815  53.612  -11.686  39.469 0.6250000000
81778  52.780  -11.690  39.613 0.6250000000
155020  58.945  -10.118  41.074 0.8750000000
82703  58.040  -10.812  40.615 0.8750000000
82693  57.009  -10.891  40.893 0.8750000000
81754  57.513  -11.260  40.038 0.8750000000
81755  56.335  -11.209  40.286 0.7500000000
81775  56.957  -11.792  39.397 0.7500000000
81777  54.459  -11.807  39.251 0.6250000000
80774  55.730  -12.716  38.203 0.7500000000
80751  55.078  -12.297  38.713 0.7500000000
140448  58.586  -10.391  40.630 0.7500000000
83684  58.444  -9.297  40.298 0.5000000000
81773  58.505  -10.558  39.733 0.7500000000
82714  58.540  -10.389  39.586 0.6250000000
81793  58.374  -10.985  39.120 0.7500000000
81774  58.062  -11.634  38.852 0.7500000000
83706  58.385  -10.345  39.250 0.6250000000
80749  57.499  -12.236  38.631 0.8750000000
81794  58.024  -11.621  38.514 0.7500000000
146887  57.078  -13.092  37.505 0.7500000000
79702  56.389  -13.065  37.728 0.7500000000
79706  56.679  -13.445  37.099 0.6250000000
79716  57.002  -13.910  36.324 0.8750000000
78666  55.419  -14.573  35.003 0.6250000000
78680  55.594  -14.924  33.909 0.7500000000
83690  58.217  -9.695  39.560 0.5000000000
83707  57.939  -10.091  38.925 0.5000000000
82729  58.185  -10.829  38.697 0.6250000000
130128  57.791  -12.236  38.157 0.6250000000
81803  57.777  -12.049  37.726 0.6250000000
79715  57.225  -13.246  37.019 0.7500000000
80797  57.454  -12.726  37.038 0.6250000000
78653  56.307  -14.362  35.777 0.8750000000
78665  56.406  -14.807  34.899 0.8750000000
78696  55.268  -14.860  33.080 0.6250000000
83691  57.351  -9.459  39.339 0.3750000000
82730  57.560  -10.467  38.347 0.5000000000
82740  57.820  -11.237  38.099 0.6250000000
81804  57.398  -11.481  37.386 0.6250000000
81812  57.492  -12.136  36.956 0.6250000000
139063  57.281  -13.454  36.328 0.6250000000
79730  56.982  -14.455  35.554 0.6250000000
78664  57.142  -14.728  34.829 0.6250000000
78679  56.739  -15.365  34.129 0.8750000000
79743  57.541  -14.351  34.774 0.6250000000
132874  57.829  -14.359  34.011 0.6250000000
149239  57.273  -12.571  33.707 0.3750000000
80809  57.981  -13.453  33.641 0.5000000000
81842  57.187  -11.270  32.751 0.3750000000
82731  56.675  -10.202  38.177 0.3750000000
82752  56.626  -10.846  37.181 0.5000000000
81813  56.779  -11.441  36.469 0.5000000000
80798  57.325  -12.683  36.168 0.5000000000
81820  56.898  -12.699  35.019 0.5000000000
80803  57.364  -13.614  35.447 0.6250000000
154167  56.265  -11.829  34.700 0.5000000000
81825  56.610  -12.118  34.103 0.3750000000
80806  57.436  -13.372  34.398 0.5000000000
81830  56.743  -11.750  33.311 0.3750000000
82753  55.807  -10.495  36.731 0.2500000000
131304  56.483  -11.763  35.450 0.5000000000
81814  55.553  -10.864  35.770 0.3750000000
81821  55.649  -11.233  34.950 0.3750000000
81826  55.768  -11.342  34.246 0.3750000000
81832  55.284  -10.861  33.828 0.3750000000
81831  56.011  -11.269  33.583 0.3750000000
82778  55.581  -10.607  33.200 0.3750000000
82792  55.239  -9.860  32.921 0.3750000000
81843  56.320  -10.954  32.936 0.3750000000
82791  56.673  -10.515  32.616 0.3750000000
81822  55.023  -10.755  35.077 0.2500000000
81827  55.106  -10.845  34.450 0.2500000000
129512  56.023  -10.193  32.667 0.3750000000
82779  54.842  -10.312  33.538 0.3750000000
37540  5.296  -52.063  58.016 0.5000000000
38634  5.680  -50.578  59.648 0.7500000000
40695  5.033  -49.462  60.491 0.7500000000
131604  4.623  -50.155  59.884 0.7500000000
133979  6.781  -50.036  59.733 0.7500000000
38646  6.450  -50.855  58.675 0.7500000000
39673  6.892  -50.231  59.003 0.7500000000
128360  6.567  -52.088  56.830 0.5000000000
38698  4.413  -52.098  56.024 0.6250000000
39733  4.627  -51.366  53.737 0.6250000000
132577  4.773  -53.107  52.497 0.6250000000
152586  4.605  -49.105  60.274 0.7500000000
40711  4.354  -49.809  59.525 0.7500000000
40723  4.281  -50.190  58.921 0.7500000000
42863  4.797  -47.773  61.011 0.7500000000
146412  4.560  -48.126  60.592 0.6250000000
140170  4.437  -48.552  59.738 0.8750000000
41814  4.479  -49.189  59.415 0.8750000000
141249  4.302  -50.122  58.323 0.6250000000
141339  4.475  -48.712  59.117 0.8750000000
39666  7.262  -49.623  60.229 0.7500000000
41759  6.272  -48.059  61.754 0.7500000000
42850  5.885  -47.489  61.600 0.7500000000
41867  4.466  -49.843  56.890 0.6250000000
42923  4.499  -48.639  57.774 0.7500000000
40751  4.383  -49.950  57.711 0.6250000000
141805  4.476  -49.289  58.019 0.7500000000
40702  7.801  -49.288  60.075 0.7500000000
40789  4.459  -50.100  56.166 0.6250000000
39680  7.085  -50.187  58.352 0.5000000000
40807  4.458  -50.597  55.314 0.6250000000
39719  4.414  -51.479  55.778 0.6250000000
39742  4.808  -51.531  53.117 0.6250000000
39750  5.110  -52.014  52.501 0.6250000000
38753  5.383  -52.389  51.932 0.5000000000
38754  5.047  -52.811  52.223 0.6250000000
39761  5.861  -51.924  51.593 0.5000000000
37618  5.669  -53.677  51.002 0.5000000000
36494  5.052  -55.110  51.259 0.5000000000
45128  7.691  -46.354  61.594 0.7500000000
43949  7.957  -46.963  62.117 0.8750000000
45137  5.788  -46.103  61.296 0.7500000000
42862  5.351  -47.164  61.387 0.8750000000
143412  4.981  -47.132  61.158 0.7500000000
42875  4.526  -47.658  60.435 0.7500000000
47260  10.609  -44.709  62.543 0.7500000000
45120  8.867  -46.327  62.433 0.8750000000
41757  7.570  -48.342  62.023 0.7500000000
42838  8.640  -47.154  62.501 0.8750000000
41745  7.627  -47.675  62.118 0.7500000000
42837  9.116  -47.503  62.495 0.8750000000
41770  8.704  -48.400  61.375 0.7500000000
42848  9.990  -47.384  62.019 0.7500000000
41798  9.536  -47.807  60.510 0.8750000000
42836  9.859  -47.027  62.523 0.7500000000
40691  8.282  -48.890  60.693 0.7500000000
45182  4.537  -46.356  57.647 1.0000000000
44051  4.478  -47.825  57.522 0.8750000000
150834  4.508  -47.631  56.769 0.8750000000
42904  4.519  -48.879  58.476 0.8750000000
41799  8.688  -48.198  59.938 0.6250000000
40710  7.677  -49.292  59.407 0.6250000000
144106  4.598  -47.052  56.388 0.8750000000
44063  4.777  -47.166  55.646 0.7500000000
41812  9.258  -47.771  59.185 0.6250000000
40722  7.540  -49.475  58.920 0.5000000000
42967  4.978  -48.617  54.588 0.7500000000
40750  7.375  -49.974  57.734 0.6250000000
42991  5.310  -48.602  54.156 0.7500000000
143829  4.698  -49.181  54.702 0.7500000000
140289  5.536  -50.316  52.758 0.6250000000
44106  6.049  -48.041  53.420 0.6250000000
140043  7.609  -50.161  56.903 0.6250000000
43017  6.367  -48.754  52.986 0.6250000000
40826  5.815  -50.796  52.310 0.5000000000
38774  7.643  -52.412  49.709 0.5000000000
37617  6.190  -53.152  50.720 0.5000000000
38786  7.972  -52.729  48.008 0.5000000000
48382  10.703  -43.139  60.190 0.7500000000
49458  11.661  -42.887  60.730 0.7500000000
45169  4.412  -46.257  58.626 0.7500000000
47243  11.348  -44.562  62.414 0.6250000000
48354  12.098  -43.797  62.378 0.6250000000
43945  10.500  -46.577  62.533 0.7500000000
46252  4.577  -45.800  57.205 1.0000000000
42872  11.014  -47.116  60.934 0.7500000000
42847  10.739  -47.153  61.587 0.7500000000
46263  4.796  -45.481  55.876 1.0000000000
46273  5.188  -45.486  55.315 1.0000000000
140306  5.055  -46.953  55.138 0.7500000000
45211  5.311  -46.302  54.977 0.8750000000
42885  10.309  -47.391  60.438 0.7500000000
46272  5.595  -45.536  54.768 0.8750000000
45210  5.750  -46.334  54.429 0.7500000000
154109  5.896  -47.557  53.686 0.7500000000
45219  6.254  -46.346  53.867 1.0000000000
42903  9.706  -47.537  58.298 0.6250000000
44105  6.598  -47.882  52.853 0.7500000000
45235  6.946  -47.003  52.772 0.7500000000
44131  7.231  -47.742  52.319 0.5000000000
133522  7.080  -49.086  52.108 0.5000000000
44163  7.922  -47.721  51.687 0.5000000000
41949  7.488  -49.141  51.660 0.6250000000
138185  8.097  -49.205  51.073 0.6250000000
40837  8.776  -50.541  48.703 0.5000000000
48366  11.819  -43.455  61.828 0.7500000000
50424  12.755  -42.159  59.689 0.6250000000
48365  12.747  -43.308  62.371 0.6250000000
49446  13.653  -43.010  62.373 0.7500000000
48341  13.408  -43.229  62.720 0.6250000000
47227  12.419  -44.187  62.625 0.7500000000
46140  11.835  -44.999  62.577 0.7500000000
47341  4.436  -44.849  58.023 0.8750000000
47241  13.936  -44.021  62.407 0.6250000000
43958  11.720  -45.947  62.217 0.7500000000
137287  11.937  -46.212  61.637 0.7500000000
142570  5.447  -44.757  55.005 1.0000000000
133644  14.721  -45.799  63.324 0.7500000000
42859  11.434  -46.894  61.038 0.8750000000
46290  7.067  -45.644  53.262 0.7500000000
137609  6.350  -44.570  54.086 1.0000000000
42902  10.281  -47.128  58.864 0.6250000000
44130  8.537  -47.036  51.305 0.6250000000
41955  8.660  -49.127  50.186 0.6250000000
44162  9.040  -47.021  50.376 0.6250000000
143260  8.938  -48.663  48.390 0.5000000000
143951  8.312  -49.739  47.533 0.5000000000
50423  13.477  -42.142  60.270 0.6250000000
50440  14.120  -41.432  59.246 0.6250000000
128169  12.943  -41.948  58.939 0.6250000000
50422  14.565  -41.817  60.323 0.6250000000
150193  14.072  -42.158  60.605 0.6250000000
52546  17.250  -39.909  59.032 0.5000000000
51410  16.883  -40.555  59.619 0.6250000000
51402  16.071  -41.173  59.839 0.5000000000
130156  14.977  -41.851  60.552 0.5000000000
50421  15.822  -41.563  60.292 0.5000000000
49455  14.570  -42.305  60.979 0.5000000000
48352  14.157  -42.924  62.121 0.6250000000
136827  5.246  -42.711  55.429 0.8750000000
48495  5.560  -43.310  54.996 0.8750000000
47392  5.831  -44.046  54.604 1.0000000000
50412  16.328  -41.503  60.465 0.5000000000
46149  15.298  -45.558  63.042 0.7500000000
43981  12.792  -45.809  61.014 0.7500000000
48494  5.996  -43.107  54.352 1.0000000000
47409  6.843  -43.979  53.672 1.0000000000
48338  15.210  -43.923  61.886 0.6250000000
133740  12.489  -46.034  60.660 0.6250000000
42883  11.788  -46.468  60.510 0.6250000000
47427  7.400  -44.258  53.234 1.0000000000
44001  12.286  -45.757  59.485 0.6250000000
146823  11.370  -46.541  59.987 0.6250000000
46300  8.034  -45.195  52.489 1.0000000000
47426  7.909  -44.523  52.726 1.0000000000
151406  11.888  -45.921  59.011 0.6250000000
44015  11.554  -46.128  58.448 0.6250000000
136219  8.843  -44.240  51.501 0.8750000000
43070  9.203  -48.057  48.829 0.5000000000
52544  18.351  -39.354  59.627 0.3750000000
53833  19.674  -38.700  60.039 0.3750000000
131144  19.270  -39.147  60.185 0.3750000000
53844  18.270  -39.057  59.013 0.5000000000
50465  5.061  -41.483  55.943 0.8750000000
52532  18.117  -39.786  60.150 0.5000000000
49546  5.666  -42.322  54.682 0.8750000000
53818  19.634  -38.964  60.506 0.3750000000
51389  18.473  -40.159  60.914 0.5000000000
52524  18.098  -40.134  60.567 0.5000000000
154467  16.732  -41.446  60.693 0.5000000000
51391  17.255  -40.926  60.609 0.5000000000
49443  15.714  -42.249  61.073 0.5000000000
50405  18.103  -40.757  61.181 0.3750000000
49442  17.429  -41.447  61.149 0.3750000000
144663  16.710  -42.083  61.300 0.5000000000
46160  15.740  -45.071  62.486 0.6250000000
47238  15.590  -43.717  61.540 0.6250000000
45143  14.419  -44.487  61.448 0.7500000000
45150  13.774  -45.015  59.912 0.7500000000
48537  7.790  -43.606  52.988 1.0000000000
49441  18.119  -41.384  61.287 0.5000000000
50404  18.965  -40.597  61.423 0.5000000000
48349  17.670  -42.177  61.246 0.5000000000
47257  17.233  -42.886  61.142 0.5000000000
46159  15.839  -43.887  61.167 0.5000000000
147296  15.468  -43.923  60.445 0.5000000000
45158  13.008  -45.191  59.132 0.6250000000
45297  6.964  -46.620  47.125 0.5000000000
45298  6.539  -46.718  46.749 0.3750000000
43075  6.413  -48.068  46.479 0.3750000000
45345  6.363  -46.599  45.604 0.2500000000
134900  5.854  -40.825  54.151 0.8750000000
57167  23.947  -35.616  63.591 0.2500000000
57184  23.164  -35.792  61.904 0.3750000000
56188  22.591  -36.465  61.027 0.3750000000
56179  22.568  -36.648  61.915 0.2500000000
55028  21.208  -37.632  60.095 0.3750000000
56189  21.918  -37.128  60.465 0.2500000000
53817  20.125  -38.557  60.713 0.3750000000
55029  20.645  -37.925  59.657 0.3750000000
56170  23.281  -36.162  63.081 0.2500000000
56172  22.040  -37.307  62.093 0.2500000000
55005  21.275  -37.753  61.446 0.3750000000
55006  20.620  -38.228  61.186 0.3750000000
152931  25.256  -35.144  64.383 0.2500000000
56157  24.055  -36.424  64.026 0.2500000000
56161  22.913  -36.846  63.241 0.2500000000
54986  21.716  -37.901  62.843 0.1250000000
54996  20.890  -38.200  61.764 0.2500000000
53783  21.219  -38.235  62.406 0.2500000000
52511  20.294  -39.020  61.954 0.3750000000
51380  19.428  -39.861  61.442 0.5000000000
54968  25.190  -36.113  64.479 0.2500000000
53752  24.920  -37.231  64.015 0.2500000000
54975  23.659  -37.060  63.835 0.3750000000
52503  22.352  -38.850  63.235 0.3750000000
53769  21.648  -38.269  62.963 0.2500000000
51373  21.863  -39.245  62.768 0.2500000000
49439  19.673  -41.008  61.418 0.5000000000
150086  19.504  -40.655  61.515 0.5000000000
49453  19.156  -41.585  61.108 0.5000000000
48364  17.959  -42.511  60.906 0.5000000000
152886  16.177  -43.723  59.747 0.5000000000
45156  14.554  -44.848  59.450 0.5000000000
50402  20.794  -40.191  61.736 0.5000000000
48362  19.346  -41.863  60.519 0.5000000000
49451  20.575  -41.006  60.841 0.5000000000
46208  16.752  -43.517  59.471 0.5000000000
143134  15.817  -44.360  58.699 0.6250000000
46210  15.239  -44.782  59.094 0.5000000000
46223  14.515  -44.839  58.205 0.3750000000
47313  18.160  -42.656  59.100 0.5000000000
46220  16.832  -43.360  58.695 0.6250000000
47314  17.448  -42.874  58.830 0.6250000000
46221  16.348  -43.897  58.629 0.6250000000
48580  9.130  -43.861  50.787 1.0000000000
48596  9.441  -43.852  49.636 1.0000000000
45199  13.255  -44.607  56.203 0.5000000000
47460  9.372  -44.631  48.870 0.7500000000
140998  6.640  -45.974  46.869 0.5000000000
46342  6.448  -45.511  46.636 0.5000000000
47485  7.078  -44.775  47.070 0.6250000000
46387  6.598  -45.375  45.298 0.3750000000
136039  6.912  -46.004  44.961 0.2500000000
44268  6.709  -47.240  44.801 0.2500000000
58149  26.823  -34.465  64.463 0.2500000000
57161  25.633  -34.924  64.548 0.2500000000
54965  26.922  -36.611  64.028 0.3750000000
143813  27.612  -34.881  64.493 0.2500000000
53747  26.280  -36.901  64.080 0.3750000000
53765  26.277  -37.175  63.569 0.3750000000
52496  25.153  -37.604  63.471 0.2500000000
138968  23.791  -38.737  62.864 0.5000000000
52501  24.530  -38.170  63.128 0.3750000000
52510  22.520  -39.220  62.787 0.2500000000
51376  22.729  -39.363  62.176 0.3750000000
50400  22.097  -39.777  61.553 0.5000000000
52520  26.192  -37.535  61.695 0.6250000000
52508  26.066  -37.513  62.217 0.5000000000
51370  24.546  -38.394  62.507 0.5000000000
52509  25.340  -37.969  62.309 0.5000000000
51388  23.038  -39.433  61.451 0.3750000000
51375  24.606  -38.503  61.807 0.5000000000
50410  21.627  -40.210  60.879 0.5000000000
49468  20.721  -41.166  60.232 0.6250000000
48398  18.876  -42.467  59.482 0.6250000000
50514  7.442  -41.299  52.452 1.0000000000
51479  6.758  -40.114  52.350 0.8750000000
52530  26.042  -37.758  60.571 0.6250000000
51398  24.768  -38.565  60.216 0.3750000000
51399  24.155  -39.034  60.449 0.5000000000
51408  24.324  -38.986  59.784 0.5000000000
50419  22.857  -39.732  59.966 0.3750000000
49479  21.693  -40.646  59.401 0.5000000000
49480  20.933  -41.208  59.389 0.6250000000
48396  20.170  -41.595  58.827 0.6250000000
48417  19.571  -42.000  58.324 0.6250000000
48397  19.497  -42.017  59.159 0.6250000000
47326  18.995  -42.431  57.907 0.6250000000
47328  17.367  -42.780  58.204 0.6250000000
46236  16.386  -43.979  57.952 0.6250000000
46248  15.761  -44.143  57.141 0.5000000000
50513  7.965  -40.891  51.704 1.0000000000
50439  22.866  -40.068  58.355 0.3750000000
48436  20.529  -41.607  57.342 0.6250000000
48437  19.715  -41.950  57.412 0.6250000000
47339  18.200  -42.549  57.586 0.6250000000
47356  17.418  -42.773  56.810 0.6250000000
46259  16.280  -43.869  56.394 0.3750000000
50541  9.209  -42.032  49.790 1.0000000000
143247  18.534  -42.497  56.924 0.6250000000
48457  19.587  -42.039  56.633 0.6250000000
47373  17.655  -42.690  56.012 0.5000000000
49621  9.176  -42.544  48.722 0.8750000000
149041  9.284  -43.318  48.828 0.7500000000
50556  9.021  -41.502  48.685 0.8750000000
47389  17.508  -42.740  55.394 0.5000000000
46260  15.896  -43.759  55.726 0.5000000000
46261  14.943  -44.029  55.644 0.5000000000
128546  8.601  -42.081  47.838 0.7500000000
50573  7.442  -40.935  47.143 0.6250000000
52730  7.904  -39.248  48.212 0.8750000000
146005  15.964  -43.345  54.487 0.3750000000
49653  7.924  -42.697  47.418 0.6250000000
49654  7.272  -42.339  47.026 0.6250000000
148787  7.154  -41.684  46.917 0.6250000000
49655  6.934  -42.172  46.720 0.6250000000
139387  6.659  -43.442  46.311 0.6250000000
150423  6.945  -44.136  44.933 0.2500000000
138936  7.009  -44.087  44.745 0.2500000000
60280  29.007  -32.385  63.404 0.1250000000
53903  5.573  -38.434  54.602 0.7500000000
138318  28.467  -34.708  64.353 0.2500000000
58158  29.068  -34.115  64.043 0.1250000000
140906  6.624  -38.506  52.179 0.8750000000
54983  30.130  -36.964  63.387 0.3750000000
56304  6.197  -36.204  51.200 0.7500000000
52518  27.672  -36.863  61.213 0.6250000000
52542  26.641  -37.511  59.581 0.6250000000
52543  26.026  -37.820  59.816 0.6250000000
50438  23.606  -39.596  58.507 0.5000000000
128121  22.152  -40.618  57.688 0.3750000000
56314  6.400  -36.740  49.518 0.7500000000
51416  25.181  -38.547  58.254 0.6250000000
50437  24.171  -39.364  58.241 0.6250000000
49506  21.827  -40.858  56.727 0.5000000000
49520  23.338  -39.835  56.931 0.5000000000
48455  20.925  -41.523  56.766 0.5000000000
149475  19.957  -41.795  56.194 0.6250000000
141227  7.007  -38.780  47.408 0.7500000000
54017  6.574  -38.724  46.359 0.7500000000
47422  17.463  -43.255  53.296 0.2500000000
47420  18.569  -41.902  53.379 0.3750000000
48651  7.105  -43.483  44.638 0.1250000000
59222  30.389  -33.531  63.413 0.1250000000
58146  30.701  -34.903  64.216 0.2500000000
56151  30.359  -36.261  64.135 0.3750000000
57155  31.160  -35.573  64.288 0.2500000000
57154  32.146  -35.199  64.174 0.3750000000
54969  32.218  -36.599  63.707 0.5000000000
53779  30.267  -37.235  62.459 0.7500000000
56286  6.151  -36.762  52.715 0.8750000000
145628  6.308  -36.169  52.705 0.7500000000
58303  6.874  -35.429  52.305 0.7500000000
53831  27.989  -36.814  59.743 0.6250000000
52556  26.413  -37.688  58.880 0.6250000000
57314  6.785  -35.535  49.880 0.7500000000
57328  6.959  -36.087  48.832 0.7500000000
57302  6.561  -35.388  50.882 0.7500000000
137392  28.911  -36.528  60.216 0.6250000000
51426  24.968  -38.671  57.509 0.6250000000
150074  26.125  -37.830  58.309 0.6250000000
51435  24.497  -39.085  57.168 0.5000000000
49521  22.707  -40.294  56.295 0.5000000000
128600  20.393  -41.648  55.772 0.5000000000
57342  7.028  -36.555  48.121 0.7500000000
51433  25.191  -38.367  56.198 0.6250000000
52570  26.076  -37.813  57.698 0.6250000000
50456  23.470  -39.837  55.902 0.5000000000
144609  22.931  -40.346  55.345 0.5000000000
48476  19.756  -41.735  54.899 0.3750000000
56341  7.178  -36.765  47.520 0.7500000000
48512  19.699  -41.623  53.089 0.5000000000
55195  7.242  -37.479  46.619 0.7500000000
54041  6.508  -38.863  45.766 0.6250000000
51574  6.903  -40.263  44.725 0.3750000000
50622  8.132  -41.569  44.352 0.1250000000
49688  8.174  -42.456  44.530 0.1250000000
150149  8.767  -41.773  44.375 0.1250000000
48649  8.672  -43.168  44.791 0.1250000000
131458  33.226  -34.727  63.662 0.3750000000
139902  31.145  -33.594  63.207 0.1250000000
56148  33.466  -35.383  63.581 0.5000000000
138460  5.831  -36.472  53.904 0.7500000000
53778  31.672  -38.005  62.642 0.5000000000
54979  33.619  -36.918  62.910 0.5000000000
58255  6.777  -34.536  54.405 0.7500000000
53813  30.749  -37.355  61.376 0.6250000000
58269  6.934  -34.648  53.660 0.8750000000
53757  34.379  -37.495  62.455 0.6250000000
55004  32.441  -37.682  61.299 0.7500000000
151593  30.243  -36.742  61.166 0.7500000000
53815  29.394  -36.435  61.025 0.7500000000
58321  6.860  -35.308  51.507 0.7500000000
150250  7.222  -35.183  52.529 0.7500000000
146309  34.603  -37.974  61.137 0.6250000000
55023  34.075  -37.421  59.351 0.6250000000
56197  32.435  -36.536  59.519 0.6250000000
55049  35.380  -36.708  57.642 0.7500000000
151913  35.337  -37.932  59.808 0.6250000000
55037  33.813  -36.897  58.550 0.7500000000
56211  31.106  -35.478  59.122 0.7500000000
55038  29.777  -35.897  59.528 0.7500000000
55027  29.371  -36.310  59.896 0.7500000000
53855  28.120  -36.409  58.698 0.6250000000
57341  7.381  -36.185  48.123 0.7500000000
58340  7.364  -35.119  50.747 0.8750000000
56223  32.828  -35.615  57.894 0.6250000000
55051  29.366  -35.626  58.982 0.7500000000
56224  29.512  -35.231  58.467 0.7500000000
55052  28.612  -35.728  58.433 0.7500000000
134184  26.941  -36.648  57.301 0.6250000000
51440  24.730  -38.699  55.337 0.5000000000
50464  23.521  -39.952  54.950 0.5000000000
142367  22.226  -40.651  53.878 0.6250000000
48491  20.948  -41.252  54.364 0.5000000000
57340  7.849  -36.000  47.910 0.7500000000
57339  8.407  -35.890  47.973 0.5000000000
53868  36.708  -36.517  56.738 0.7500000000
137895  35.714  -36.063  56.384 0.7500000000
154125  29.999  -34.816  58.125 0.6250000000
56237  27.682  -35.414  56.695 0.7500000000
55065  28.039  -35.550  57.587 0.6250000000
53870  26.737  -36.435  56.450 0.5000000000
52610  25.781  -37.537  55.679 0.5000000000
50487  24.277  -39.328  54.383 0.5000000000
49558  22.006  -40.841  52.694 0.5000000000
48511  20.289  -41.469  53.254 0.5000000000
56338  8.768  -36.276  47.435 0.5000000000
52611  25.367  -37.883  54.974 0.3750000000
149321  24.950  -38.493  54.764 0.3750000000
51451  24.423  -39.282  53.942 0.3750000000
50489  23.148  -40.199  53.060 0.3750000000
48551  21.118  -41.617  51.702 0.3750000000
55217  8.053  -37.929  45.715 0.2500000000
51464  24.408  -39.134  53.370 0.2500000000
51465  24.010  -39.556  52.627 0.2500000000
50500  22.904  -40.428  52.086 0.2500000000
49571  22.293  -41.551  51.795 0.2500000000
48552  20.482  -41.804  51.562 0.2500000000
56356  10.291  -36.970  46.879 0.1250000000
55191  10.827  -37.737  46.335 0.1250000000
54039  8.468  -38.414  44.964 0.2500000000
54058  9.703  -39.069  44.265 0.1250000000
52772  8.294  -39.536  44.156 0.1250000000
52770  9.864  -39.529  43.660 0.1250000000
52785  11.079  -39.768  42.845 0.1250000000
57181  36.949  -35.057  61.676 0.6250000000
56169  35.787  -35.719  62.475 0.6250000000
54977  35.429  -36.505  62.610 0.6250000000
57164  34.769  -35.109  62.961 0.5000000000
56158  34.568  -35.696  63.119 0.6250000000
146689  34.036  -35.049  63.302 0.5000000000
53773  36.517  -38.058  62.501 0.5000000000
53774  35.497  -37.898  62.474 0.6250000000
58268  7.393  -34.573  53.478 0.8750000000
52540  36.356  -37.776  59.050 0.5000000000
58281  8.130  -35.132  52.344 0.8750000000
136570  7.490  -35.162  52.365 0.7500000000
57325  8.900  -35.696  48.779 0.7500000000
58355  9.385  -35.563  49.477 0.6250000000
58337  9.652  -35.453  50.412 0.7500000000
58356  8.471  -35.488  49.664 0.7500000000
58318  8.301  -35.323  50.897 0.7500000000
144547  11.473  -35.805  47.814 0.1250000000
52595  38.130  -36.631  54.799 0.6250000000
53895  37.066  -36.083  54.746 0.5000000000
55213  12.296  -38.144  45.574 0.1250000000
57360  12.803  -35.618  47.080 0.1250000000
54035  12.585  -38.461  44.623 0.1250000000
56384  14.711  -37.065  44.909 0.1250000000
55256  13.613  -38.209  43.480 0.1250000000
55012  37.685  -37.061  60.129 0.5000000000
59351  8.380  -34.313  53.973 0.8750000000
53825  37.618  -37.217  58.656 0.6250000000
58316  10.621  -35.293  50.708 0.7500000000
58299  8.676  -35.298  51.764 0.8750000000
58266  8.693  -34.760  53.167 0.8750000000
52568  37.240  -36.931  57.016 0.7500000000
52567  37.984  -37.108  56.845 0.6250000000
141544  13.823  -34.730  46.790 0.1250000000
53915  37.019  -36.113  52.891 0.3750000000
133130  38.602  -37.062  52.858 0.7500000000
56371  14.283  -36.534  45.628 0.1250000000
58396  14.714  -34.721  46.137 0.1250000000
53823  39.650  -37.143  57.711 0.6250000000
52550  39.464  -37.409  56.812 0.6250000000
52579  38.957  -37.391  55.455 0.5000000000
52594  38.808  -37.275  54.722 0.6250000000
128913  40.355  -37.261  52.856 0.6250000000
128912  39.886  -37.437  52.532 0.7500000000
52667  39.312  -38.333  51.088 0.5000000000
150866  40.362  -37.103  57.389 0.6250000000
53850  41.216  -37.402  56.598 0.6250000000
52648  39.867  -38.177  50.992 0.6250000000
52703  40.760  -39.263  49.050 0.7500000000
151348  42.390  -36.700  57.133 0.6250000000
134485  41.292  -37.246  54.858 0.7500000000
52617  40.869  -37.108  53.267 0.6250000000
52616  41.516  -36.949  53.721 0.6250000000
52665  40.888  -38.475  49.959 0.8750000000
52686  41.204  -38.725  49.636 0.7500000000
53987  40.656  -38.612  47.564 0.2500000000
54004  40.319  -38.346  46.688 0.3750000000
53881  42.365  -37.324  55.483 0.7500000000
52592  41.900  -37.204  55.059 0.7500000000
52628  41.968  -36.857  53.347 0.7500000000
150166  41.647  -36.867  52.378 0.7500000000
147824  40.782  -37.644  50.472 0.8750000000
53950  41.452  -38.387  49.329 0.8750000000
53986  41.433  -38.212  47.901 0.6250000000
153652  40.441  -36.733  47.170 0.2500000000
55203  40.004  -37.034  46.600 0.2500000000
55180  40.297  -37.810  46.493 0.2500000000
147481  39.528  -36.886  45.292 0.2500000000
52644  41.911  -36.871  52.070 0.7500000000
53923  42.174  -36.787  51.744 0.7500000000
52663  41.483  -37.064  50.963 0.7500000000
53985  41.963  -37.863  48.303 0.8750000000
53904  42.655  -36.882  53.852 0.7500000000
53948  41.820  -36.984  50.079 0.8750000000
53949  41.490  -37.880  49.432 0.8750000000
53966  41.765  -37.542  49.412 0.8750000000
56319  41.747  -36.668  48.769 0.8750000000
55108  43.406  -36.616  52.943 0.7500000000
53922  42.763  -36.613  52.184 0.6250000000
56309  42.279  -36.530  49.871 1.0000000000
56318  42.048  -36.261  49.304 1.0000000000
58347  41.557  -34.786  48.340 1.0000000000
58361  40.977  -34.700  47.777 0.7500000000
56282  44.132  -36.213  52.647 0.6250000000
61538  39.131  -31.837  46.002 0.3750000000
59385  44.687  -32.705  50.396 0.5000000000
60435  43.927  -32.748  49.905 0.6250000000
153552  43.830  -32.252  49.617 0.6250000000
63736  47.100  -28.807  49.834 0.2500000000
62576  46.891  -29.469  50.334 0.2500000000
65953  47.845  -27.597  48.693 0.2500000000
75678  48.388  -17.147  41.472 0.3750000000
152116  49.136  -17.038  42.307 0.3750000000
73721  48.348  -19.329  42.721 0.5000000000
70866  48.509  -22.100  45.224 0.5000000000
70878  47.621  -22.730  44.222 0.7500000000
76586  54.204  -15.734  45.169 0.5000000000
74674  48.922  -18.839  43.109 0.5000000000
77582  50.072  -15.401  42.618 0.6250000000
77598  48.191  -15.589  40.707 0.2500000000
79648  50.583  -14.194  42.460 0.5000000000
74649  51.427  -19.069  45.965 0.8750000000
72760  50.226  -20.578  46.240 0.8750000000
79633  56.040  -13.767  44.190 0.5000000000
80717  51.829  -12.807  42.376 0.6250000000
79659  50.776  -12.782  41.505 0.6250000000
81717  58.606  -12.637  42.825 0.5000000000
80715  53.663  -12.777  43.139 0.6250000000
80725  52.274  -12.058  41.874 0.6250000000
81740  52.750  -11.684  41.177 0.7500000000
81741  51.961  -11.930  41.080 0.7500000000
81759  51.604  -11.904  40.336 0.6250000000
152075  50.554  -12.218  39.678 0.6250000000
139910  57.848  -11.668  39.222 0.8750000000
80750  56.253  -12.342  38.802 0.7500000000
141910  56.635  -12.696  38.274 0.6250000000
82702  58.804  -10.076  40.348 0.6250000000
80773  57.198  -12.739  38.030 0.8750000000
78654  55.232  -14.081  35.906 0.6250000000
83708  56.979  -9.827  38.688 0.3750000000
82741  57.113  -10.723  37.763 0.3750000000
29524  3.847  -60.134  54.018 0.1250000000
29536  3.983  -60.617  54.236 0.1250000000
29523  3.996  -59.896  54.260 0.1250000000
30687  3.888  -59.630  54.043 0.1250000000
31858  3.618  -59.147  53.679 0.1250000000
30686  4.064  -59.361  54.284 0.1250000000
153676  3.323  -59.456  53.079 0.1250000000
30699  5.239  -59.579  54.205 0.1250000000
30684  4.695  -58.896  54.505 0.1250000000
30685  4.221  -59.164  54.418 0.1250000000
129356  3.501  -58.635  52.396 0.2500000000
31857  5.330  -58.543  54.305 0.1250000000
33101  4.003  -57.906  51.681 0.2500000000
133585  5.836  -58.095  53.957 0.1250000000
133637  3.389  -58.766  53.067 0.2500000000
34217  4.560  -56.536  51.339 0.2500000000
131628  4.304  -57.299  51.435 0.2500000000
35384  6.532  -55.913  49.670 0.2500000000
34234  6.186  -56.672  50.010 0.2500000000
31847  4.132  -58.652  54.433 0.1250000000
148541  4.252  -57.813  54.505 0.1250000000
33059  3.962  -57.998  54.389 0.1250000000
33067  3.638  -58.148  53.854 0.1250000000
31853  3.964  -58.887  54.245 0.1250000000
151450  4.635  -57.577  54.544 0.1250000000
31846  4.438  -58.381  54.522 0.1250000000
34180  3.600  -57.163  52.981 0.3750000000
33086  3.755  -57.698  52.232 0.3750000000
31856  5.467  -57.501  54.310 0.1250000000
34201  4.213  -57.140  51.681 0.3750000000
138880  5.388  -55.490  50.780 0.2500000000
34216  4.720  -56.677  51.070 0.2500000000
149378  5.925  -55.862  50.389 0.2500000000
35369  5.279  -56.172  50.718 0.2500000000
131108  6.827  -55.342  49.445 0.3750000000
35396  6.910  -55.798  48.660 0.3750000000
33066  3.810  -57.130  54.191 0.2500000000
33058  4.152  -56.956  54.443 0.2500000000
33075  3.579  -57.188  53.694 0.2500000000
31852  4.998  -57.862  54.505 0.2500000000
34179  3.680  -56.456  53.443 0.2500000000
33065  5.839  -56.998  54.041 0.1250000000
33057  5.657  -56.613  54.371 0.1250000000
142423  3.953  -56.592  52.439 0.3750000000
35350  4.404  -56.060  51.786 0.3750000000
35370  4.913  -55.978  51.004 0.2500000000
35385  6.220  -55.179  50.294 0.3750000000
37648  7.779  -53.448  48.476 0.3750000000
36511  7.456  -54.145  49.047 0.3750000000
37666  7.580  -53.306  47.760 0.3750000000
36525  7.387  -54.109  47.853 0.3750000000
38787  7.459  -52.673  47.383 0.3750000000
34155  4.383  -55.807  54.863 0.3750000000
151785  4.344  -54.945  55.293 0.5000000000
35305  4.100  -55.205  54.945 0.5000000000
34154  4.831  -55.966  55.108 0.3750000000
34164  3.855  -55.898  54.369 0.5000000000
33052  4.549  -56.848  54.589 0.2500000000
34172  3.725  -56.349  54.124 0.5000000000
33050  5.345  -56.784  54.537 0.2500000000
143854  3.971  -55.645  53.042 0.5000000000
128389  4.376  -55.146  52.274 0.3750000000
35371  4.730  -55.792  51.360 0.3750000000
37633  7.541  -53.268  49.443 0.3750000000
36492  6.181  -54.268  50.486 0.3750000000
36512  6.868  -54.669  49.733 0.3750000000
39774  8.240  -51.042  47.522 0.3750000000
39772  8.579  -51.249  48.042 0.3750000000
39775  7.535  -51.161  47.027 0.3750000000
133916  3.945  -54.691  55.007 0.5000000000
134822  3.849  -54.879  54.466 0.5000000000
34153  5.266  -55.971  55.076 0.3750000000
34144  5.116  -55.139  55.529 0.3750000000
133988  3.886  -55.037  53.778 0.5000000000
33049  5.696  -55.899  54.761 0.3750000000
136193  4.188  -54.698  53.109 0.3750000000
36464  4.403  -54.306  52.507 0.3750000000
36475  4.561  -54.352  52.016 0.3750000000
137619  4.834  -54.463  51.633 0.3750000000
37619  5.186  -54.128  51.381 0.3750000000
150336  6.144  -53.677  50.610 0.3750000000
34145  4.687  -55.058  55.455 0.3750000000
34143  5.721  -54.977  55.356 0.3750000000
135445  6.084  -55.164  54.979 0.3750000000
37596  4.563  -53.688  52.484 0.3750000000
35289  5.036  -54.297  55.980 0.3750000000
35295  4.211  -54.470  55.332 0.5000000000
36430  6.319  -53.644  55.547 0.2500000000
35294  6.149  -54.396  55.346 0.3750000000
37586  4.085  -53.548  54.026 0.5000000000
35304  6.377  -54.403  55.069 0.2500000000
35290  4.578  -54.239  55.729 0.3750000000
35287  5.990  -53.785  55.857 0.3750000000
144791  5.438  -54.394  55.792 0.3750000000
37565  6.506  -52.783  55.826 0.2500000000
36437  6.608  -53.501  55.243 0.2500000000
38708  7.158  -51.908  55.623 0.2500000000
37573  6.829  -52.706  55.419 0.2500000000
38709  7.253  -52.506  54.942 0.1250000000
39718  7.663  -51.423  55.336 0.2500000000
40785  8.956  -49.436  55.001 0.2500000000
147819  8.466  -50.773  54.572 0.2500000000
36418  6.401  -52.557  56.394 0.3750000000
145667  6.670  -52.134  56.289 0.3750000000
138116  6.276  -53.079  55.961 0.2500000000
38697  6.810  -52.084  55.958 0.3750000000
40768  7.886  -50.413  56.064 0.2500000000
40786  8.484  -49.728  55.599 0.2500000000
41864  9.290  -48.360  55.839 0.2500000000
41882  9.003  -49.039  55.487 0.2500000000
42950  10.227  -47.384  54.967 0.3750000000
42951  9.747  -47.836  55.358 0.2500000000
38686  6.726  -51.860  56.758 0.3750000000
40767  8.234  -49.554  56.567 0.3750000000
39712  7.539  -51.190  55.869 0.2500000000
41865  8.800  -48.914  56.232 0.3750000000
42934  9.696  -47.635  56.435 0.5000000000
133259  10.169  -47.117  56.044 0.3750000000
44061  11.096  -46.380  55.248 0.5000000000
44062  10.685  -46.706  55.716 0.3750000000
44060  11.577  -45.809  54.985 0.5000000000
38685  7.006  -51.288  57.078 0.3750000000
56234  34.076  -35.762  56.385 0.6250000000
56235  33.286  -35.424  56.886 0.5000000000
56247  33.502  -35.337  55.869 0.3750000000
44048  11.264  -46.235  56.503 0.5000000000
45200  12.357  -45.115  55.621 0.5000000000
57221  32.225  -34.934  57.442 0.5000000000
57242  32.952  -34.853  55.419 0.3750000000
57250  33.683  -35.161  54.974 0.1250000000
45208  13.003  -44.454  55.340 0.3750000000
57251  33.180  -34.676  54.561 0.1250000000
57233  29.052  -34.557  56.888 0.3750000000
56246  34.209  -35.503  55.451 0.3750000000
57267  33.327  -34.452  53.741 0.1250000000
58273  32.417  -33.859  52.512 0.1250000000
56261  34.271  -35.299  54.551 0.2500000000
57266  33.849  -34.988  54.156 0.1250000000
151197  33.060  -34.312  51.855 0.1250000000
151527  4.358  -45.831  59.202 0.6250000000
149896  34.559  -36.081  56.864 0.6250000000
53924  36.950  -36.925  51.214 0.2500000000
140782  9.430  -35.278  51.830 0.6250000000
58278  11.047  -34.578  52.129 0.6250000000
58297  11.367  -34.776  51.324 0.5000000000
43984  4.719  -46.935  60.632 0.7500000000
46240  4.501  -45.613  57.920 0.7500000000
135143  4.588  -42.702  56.881 0.7500000000
148662  4.803  -42.967  56.050 0.7500000000
58209  6.479  -34.650  58.233 0.5000000000
142565  6.405  -33.881  58.089 0.5000000000
56245  34.922  -35.802  56.081 0.3750000000
129840  6.421  -33.316  58.484 0.5000000000
55077  35.722  -35.707  55.354 0.3750000000
56260  34.902  -35.417  54.978 0.3750000000
59299  6.459  -33.638  57.540 0.5000000000
53896  36.739  -36.038  55.598 0.5000000000
55088  35.441  -35.457  54.233 0.3750000000
56275  34.444  -35.170  53.708 0.1250000000
59310  6.585  -33.738  56.679 0.5000000000
60355  6.749  -32.617  57.462 0.5000000000
60366  7.379  -32.609  56.798 0.5000000000
55087  36.081  -35.662  54.306 0.2500000000
56274  35.146  -35.386  53.282 0.1250000000
56284  34.619  -35.140  52.766 0.1250000000
58241  6.768  -34.442  55.233 0.6250000000
59328  6.917  -33.940  55.846 0.5000000000
53907  36.780  -35.941  53.584 0.2500000000
55100  35.697  -35.713  52.639 0.2500000000
142931  34.579  -35.298  51.735 0.1250000000
57287  34.023  -34.759  52.314 0.1250000000
59297  6.909  -33.228  56.499 0.5000000000
149062  8.156  -32.409  56.994 0.5000000000
56301  34.290  -35.665  50.820 0.1250000000
57275  33.333  -34.300  52.860 0.1250000000
59343  7.081  -34.160  54.961 0.6250000000
59309  7.631  -33.017  56.105 0.6250000000
60365  8.867  -32.559  56.759 0.5000000000
138023  37.012  -36.425  52.085 0.2500000000
57309  33.596  -35.263  50.364 0.1250000000
59327  7.397  -33.672  55.509 0.7500000000
59326  8.034  -33.335  55.538 0.7500000000
148183  9.468  -32.701  56.415 0.6250000000
52688  39.252  -39.211  50.323 0.5000000000
58280  9.082  -35.130  52.432 0.7500000000
59359  11.590  -33.862  52.617 0.6250000000
59347  12.125  -33.218  53.136 0.6250000000
59367  11.923  -34.184  51.864 0.5000000000
59358  12.390  -33.502  52.361 0.5000000000
45152  4.428  -45.864  59.721 0.7500000000
46195  4.465  -45.112  59.640 0.7500000000
46224  4.390  -45.406  58.693 0.7500000000
151959  4.404  -44.746  59.242 0.7500000000
133006  4.491  -44.298  57.264 0.7500000000
48438  4.427  -43.974  58.128 0.7500000000
48459  4.619  -43.662  56.617 0.7500000000
153663  4.492  -43.515  57.323 0.7500000000
51444  5.496  -40.093  55.142 0.7500000000
147743  6.455  -34.958  57.364 0.5000000000
58197  6.372  -33.943  58.789 0.5000000000
59274  6.373  -33.284  59.332 0.5000000000
141113  5.909  -36.346  55.574 0.5000000000
57240  6.403  -35.208  56.570 0.5000000000
58218  6.452  -34.551  56.878 0.5000000000
56257  5.869  -35.845  55.038 0.6250000000
57247  6.268  -35.432  55.687 0.5000000000
58230  6.531  -34.698  56.236 0.5000000000
60337  6.517  -32.447  58.356 0.5000000000
56271  5.906  -35.821  54.434 0.6250000000
58242  6.523  -34.816  55.454 0.6250000000
58229  6.699  -34.294  56.068 0.5000000000
60336  6.859  -31.949  58.189 0.5000000000
57274  34.024  -34.796  53.299 0.1250000000
57262  6.203  -35.306  54.909 0.6250000000
60354  7.645  -32.125  57.562 0.5000000000
60335  8.678  -31.916  58.184 0.5000000000
57298  32.999  -34.609  50.862 0.1250000000
60353  8.852  -32.257  57.451 0.5000000000
57297  33.842  -34.975  51.319 0.1250000000
58310  32.272  -34.236  50.292 0.1250000000
59342  7.448  -34.091  54.713 0.7500000000
59308  8.629  -32.859  55.991 0.7500000000
59307  9.610  -32.947  55.757 0.7500000000
57310  32.874  -34.788  49.872 0.1250000000
59325  8.847  -33.361  55.312 0.7500000000
59340  9.107  -33.945  54.625 0.7500000000
59350  9.408  -34.314  53.826 0.7500000000
59324  9.862  -33.362  55.088 0.7500000000
59349  10.431  -34.003  53.591 0.7500000000
132971  11.764  -32.692  54.735 0.6250000000
58265  9.770  -34.685  53.086 0.7500000000
59338  11.042  -33.443  54.081 0.7500000000
60391  11.831  -32.953  53.970 0.7500000000
58279  10.095  -34.960  52.359 0.7500000000
59348  11.301  -33.599  53.364 0.7500000000
60390  12.508  -32.249  54.485 0.6250000000
60401  12.689  -32.512  53.652 0.6250000000
60413  12.875  -32.788  52.827 0.3750000000
45146  4.655  -46.295  60.312 0.7500000000
48420  4.416  -43.275  58.607 0.7500000000
49510  4.429  -42.964  57.793 0.7500000000
49499  4.437  -42.327  58.332 0.7500000000
50452  4.717  -41.211  57.374 0.7500000000
50446  4.541  -41.436  58.137 0.7500000000
150718  4.852  -41.601  56.394 0.7500000000
53836  5.589  -38.143  59.457 0.5000000000
53847  5.574  -38.041  58.588 0.5000000000
55033  5.886  -37.303  59.299 0.5000000000
143372  6.321  -36.199  60.065 0.5000000000
51439  5.217  -40.157  56.515 0.7500000000
52575  5.206  -39.730  57.085 0.7500000000
144326  5.366  -38.734  58.179 0.5000000000
55045  5.851  -37.224  58.412 0.5000000000
142057  6.242  -36.356  59.468 0.5000000000
57195  6.384  -35.652  60.259 0.5000000000
52590  5.342  -39.506  56.444 0.7500000000
53879  5.401  -39.041  56.812 0.6250000000
144631  5.461  -38.405  57.328 0.5000000000
56229  6.104  -36.613  57.805 0.5000000000
56218  6.179  -36.469  58.652 0.5000000000
57203  6.409  -35.569  58.856 0.5000000000
143371  6.414  -35.018  59.790 0.5000000000
154963  5.545  -38.917  55.343 0.6250000000
53878  5.522  -38.284  56.328 0.6250000000
55059  5.656  -37.554  56.689 0.5000000000
137926  6.349  -35.879  57.145 0.5000000000
140473  6.473  -34.781  59.140 0.5000000000
53890  5.542  -38.277  55.457 0.6250000000
135304  5.905  -36.832  56.213 0.6250000000
56243  6.221  -36.076  56.317 0.5000000000
134227  6.423  -32.823  58.615 0.5000000000
61414  6.608  -31.823  58.945 0.5000000000
137431  5.686  -36.680  54.748 0.6250000000
61413  7.228  -31.472  58.906 0.5000000000
154677  7.706  -31.787  58.338 0.5000000000
60352  10.506  -31.912  57.665 0.5000000000
146605  10.264  -32.665  56.381 0.6250000000
128098  11.141  -32.433  56.232 0.6250000000
58329  32.214  -34.177  49.263 0.1250000000
60379  10.574  -32.890  55.608 0.6250000000
60378  11.480  -32.543  55.464 0.6250000000
60377  12.251  -32.023  55.267 0.6250000000
59323  10.917  -33.134  54.811 0.6250000000
61462  13.190  -31.732  54.106 0.3750000000
144829  5.159  -39.448  58.441 0.6250000000
52563  5.034  -39.948  57.839 0.6250000000
53863  5.282  -39.243  57.623 0.5000000000
135053  6.409  -34.157  59.686 0.5000000000
131834  6.297  -32.603  59.972 0.5000000000
60323  6.296  -32.074  59.938 0.5000000000
61399  6.444  -31.712  59.718 0.5000000000
60334  9.648  -31.976  57.936 0.5000000000
60351  11.234  -31.594  57.344 0.6250000000
61442  12.446  -31.312  55.638 0.5000000000
62625  41.034  -29.742  46.230 0.5000000000
62631  41.648  -29.059  45.584 0.5000000000
63798  41.274  -28.688  44.786 0.3750000000
80702  59.013  -13.672  43.324 0.2500000000
63808  42.056  -28.356  44.066 0.5000000000
63818  41.851  -28.164  43.167 0.2500000000
79619  57.482  -13.603  44.319 0.2500000000
142197  57.117  -13.684  44.224 0.3750000000
81715  60.243  -12.463  43.969 0.3750000000
80791  53.804  -12.590  37.863 0.6250000000
79720  52.916  -13.049  36.452 0.6250000000
79721  51.977  -13.047  36.008 0.6250000000
63787  42.734  -29.056  45.630 0.8750000000
63797  42.390  -28.648  44.863 0.6250000000
65004  42.606  -28.129  42.391 0.5000000000
65005  41.681  -28.188  42.244 0.5000000000
76573  53.110  -16.724  45.433 0.6250000000
65033  41.971  -28.297  40.316 0.5000000000
80775  54.744  -12.624  38.060 0.6250000000
79708  54.573  -13.006  37.369 0.6250000000
79719  53.899  -13.274  36.610 0.6250000000
79733  52.479  -13.385  35.395 0.5000000000
79734  51.642  -13.376  35.077 0.2500000000
78669  51.294  -13.779  34.374 0.1250000000
147797  49.386  -14.131  33.081 0.1250000000
78719  48.749  -14.260  32.656 0.1250000000
78667  53.038  -13.744  34.818 0.5000000000
79732  53.344  -13.490  35.758 0.5000000000
78735  48.093  -14.432  31.997 0.1250000000
71792  49.208  -21.440  45.853 0.6250000000
72759  51.016  -20.434  46.713 0.6250000000
65017  43.468  -28.094  40.832 0.5000000000
148032  43.272  -28.159  41.692 0.5000000000
68030  44.975  -25.450  41.322 0.5000000000
67052  44.249  -26.245  40.923 0.5000000000
66071  43.805  -27.709  40.397 0.5000000000
65031  43.566  -27.996  40.101 0.5000000000
65032  42.911  -28.202  40.167 0.5000000000
65018  42.466  -28.182  41.273 0.5000000000
66083  43.700  -27.084  40.461 0.5000000000
149598  43.266  -27.715  40.028 0.5000000000
65050  43.074  -28.050  39.721 0.5000000000
69057  44.916  -24.400  41.099 0.5000000000
68039  44.169  -25.074  40.769 0.3750000000
68040  43.396  -25.787  40.334 0.2500000000
67062  42.958  -26.885  40.215 0.3750000000
66084  42.679  -27.923  39.550 0.3750000000
142117  50.977  -14.056  33.964 0.2500000000
78701  50.102  -14.025  33.269 0.2500000000
78718  49.541  -14.001  32.726 0.1250000000
154117  53.719  -13.824  35.218 0.5000000000
78668  52.173  -13.761  34.376 0.5000000000
78684  51.571  -13.967  33.816 0.3750000000
78717  50.484  -13.872  32.881 0.2500000000
137874  49.668  -13.791  32.253 0.1250000000
141017  48.728  -14.161  32.316 0.1250000000
78683  52.431  -13.935  33.538 0.3750000000
78700  51.830  -13.968  33.283 0.3750000000
131114  51.311  -13.921  33.007 0.2500000000
145096  48.659  -14.085  31.956 0.1250000000
78743  48.120  -14.224  31.302 0.1250000000
79795  49.648  -13.241  30.604 0.1250000000
64996  42.887  -28.248  43.267 0.6250000000
68013  45.741  -25.807  42.314 0.5000000000
67041  45.431  -26.834  41.961 0.5000000000
66060  44.140  -27.873  40.680 0.5000000000
67051  44.973  -26.585  41.484 0.5000000000
66070  44.361  -27.410  40.947 0.5000000000
78682  53.069  -13.984  33.883 0.3750000000
78697  54.180  -14.258  32.763 0.3750000000
78699  52.728  -13.899  32.996 0.3750000000
78716  52.065  -13.844  32.813 0.2500000000
79780  50.230  -13.353  31.621 0.2500000000
78742  49.072  -13.697  31.422 0.1250000000
78731  54.012  -13.966  32.099 0.3750000000
78732  53.290  -13.658  32.157 0.3750000000
79777  52.719  -13.266  31.687 0.3750000000
79778  51.907  -13.333  31.828 0.2500000000
78734  51.172  -13.553  32.383 0.2500000000
79775  54.247  -13.549  31.610 0.2500000000
79776  53.570  -13.368  31.612 0.3750000000
79794  50.770  -12.942  30.861 0.1250000000
79792  52.998  -12.779  31.034 0.1250000000
79793  51.932  -12.938  31.073 0.1250000000
79806  50.282  -12.709  29.758 0.1250000000
151887  53.746  -12.133  30.188 0.1250000000
80859  52.545  -11.902  29.702 0.1250000000
80860  51.727  -12.032  29.607 0.1250000000
148854  50.944  -12.206  29.457 0.1250000000
80856  55.086  -12.029  30.102 0.2500000000
80857  54.261  -12.025  30.073 0.1250000000
80866  52.469  -11.541  28.894 0.1250000000
81871  53.250  -11.314  28.773 0.1250000000
66059  44.841  -27.894  41.242 0.6250000000
65016  44.227  -28.125  41.547 0.6250000000
78712  55.286  -14.635  32.680 0.6250000000
78730  54.692  -14.107  32.147 0.3750000000
78729  55.598  -14.222  32.202 0.7500000000
78728  56.611  -14.270  32.214 0.6250000000
79774  54.977  -13.585  31.623 0.2500000000
79787  57.878  -13.649  31.560 0.8750000000
79772  56.819  -13.624  31.603 0.7500000000
79789  55.231  -12.965  31.070 0.2500000000
79790  54.499  -12.972  31.071 0.2500000000
79791  53.815  -12.874  31.049 0.2500000000
79759  59.511  -13.809  32.089 0.7500000000
80836  56.474  -12.425  30.588 0.5000000000
80837  55.531  -12.417  30.553 0.3750000000
81864  54.750  -11.741  29.721 0.1250000000
35288  5.449  -53.778  56.237 0.3750000000
151736  3.935  -53.843  54.517 0.6250000000
43993  4.514  -47.086  60.181 0.6250000000
134330  4.449  -46.568  59.895 0.7500000000
136755  4.384  -46.457  59.416 0.7500000000
37634  6.847  -53.758  50.106 0.3750000000
41848  9.198  -48.195  56.832 0.3750000000
48458  4.817  -43.879  56.034 0.7500000000
143352  7.178  -51.958  46.914 0.3750000000
145175  11.147  -46.278  55.862 0.5000000000
50459  4.993  -41.039  56.601 0.7500000000
58256  6.482  -34.874  54.682 0.6250000000
150883  36.348  -35.865  55.188 0.3750000000
59341  8.054  -33.898  54.857 0.7500000000
52619  37.708  -36.648  52.659 0.2500000000
52634  37.642  -37.033  51.737 0.2500000000
62624  42.052  -29.508  46.340 0.6250000000
67028  45.597  -26.682  42.439 0.6250000000
149647  54.789  -14.522  32.706 0.3750000000
129045  4.277  -53.895  53.200 0.3750000000
37606  4.812  -53.649  51.939 0.3750000000
55073  5.670  -37.379  55.671 0.6250000000
138365  36.605  -35.866  54.449 0.2500000000
132325  36.509  -36.055  52.576 0.2500000000
150713  3.916  -59.927  54.107 0.1250000000
33102  3.737  -58.459  51.966 0.2500000000
30736  3.458  -59.165  51.993 0.2500000000
33076  3.445  -57.905  53.033 0.2500000000
36526  7.172  -54.983  48.517 0.3750000000
33051  5.128  -57.038  54.659 0.2500000000
151826  4.205  -55.865  52.317 0.3750000000
36476  4.673  -55.157  51.682 0.3750000000
38793  6.705  -52.628  46.770 0.3750000000
35316  3.917  -55.470  54.558 0.5000000000
35326  3.743  -55.663  53.984 0.5000000000
36454  3.905  -54.269  54.041 0.5000000000
40787  8.109  -50.749  55.282 0.2500000000
134844  8.681  -50.113  54.803 0.2500000000
148612  34.816  -35.311  54.127 0.3750000000
150105  4.388  -45.279  59.251 0.7500000000
59360  10.736  -34.215  52.847 0.6250000000
134450  4.762  -42.111  56.278 0.7500000000
59311  6.485  -34.128  56.816 0.5000000000
59288  6.469  -33.058  57.953 0.5000000000
59298  6.553  -33.289  57.238 0.5000000000
150795  35.758  -35.585  53.497 0.1250000000
55099  36.257  -35.801  53.269 0.2500000000
56283  35.159  -35.511  52.184 0.1250000000
132421  9.820  -32.456  57.152 0.5000000000
141813  4.393  -44.132  58.952 0.7500000000
49509  4.528  -42.045  57.536 0.7500000000
143962  4.711  -41.772  56.817 0.7500000000
52604  5.423  -39.635  55.757 0.6250000000
60338  6.387  -32.732  59.208 0.5000000000
60322  6.392  -32.306  59.107 0.5000000000
59339  10.154  -33.746  54.360 0.7500000000
51424  4.746  -40.652  57.991 0.7500000000
51432  4.973  -40.450  57.238 0.7500000000
151518  5.485  -38.221  57.947 0.5000000000
133531  5.682  -37.571  57.676 0.5000000000
57196  6.390  -35.592  59.597 0.5000000000
53891  5.458  -38.950  56.024 0.6250000000
57216  6.420  -35.677  58.006 0.5000000000
141515  5.959  -36.760  56.960 0.5000000000
147042  11.432  -31.900  56.719 0.6250000000
52549  5.013  -39.637  59.256 0.5000000000
151584  52.939  -12.812  37.095 0.6250000000
135218  53.520  -12.859  37.197 0.6250000000
131789  50.963  -14.016  33.451 0.2500000000
79796  48.558  -13.753  30.266 0.1250000000
66069  45.031  -27.359  41.476 0.6250000000
66058  45.352  -27.567  41.824 0.6250000000
78698  53.382  -13.994  33.120 0.3750000000
78714  53.627  -13.938  32.551 0.3750000000
78715  52.887  -13.746  32.610 0.3750000000
79779  51.215  -13.197  31.609 0.2500000000
80841  51.359  -12.468  30.229 0.1250000000
80840  52.364  -12.360  30.363 0.1250000000
134742  53.297  -12.315  30.369 0.1250000000
80839  54.063  -12.457  30.544 0.1250000000
80858  53.373  -11.797  29.704 0.1250000000
80838  54.753  -12.480  30.542 0.2500000000
136481  54.089  -11.534  29.436 0.1250000000
148219  56.367  -14.896  32.803 0.7500000000
78711  57.439  -14.747  32.785 0.7500000000
79773  55.861  -13.603  31.624 0.2500000000
139765  56.977  -13.070  31.082 0.6250000000
79760  58.839  -14.033  32.458 0.6250000000
79771  58.933  -14.011  31.809 0.7500000000
79788  56.103  -12.940  31.103 0.6250000000
80835  57.660  -12.695  30.753 0.5000000000
79785  59.444  -13.721  31.535 0.6250000000
39725  8.042  -51.411  54.692 0.1250000000
40805  9.239  -49.614  54.341 0.1250000000
40806  8.989  -50.420  54.099 0.1250000000
39724  8.600  -51.148  53.983 0.1250000000
38730  8.826  -51.789  53.329 0.1250000000
42949  10.639  -47.042  54.645 0.1250000000
41880  9.992  -48.212  54.414 0.1250000000
42989  10.814  -47.384  53.853 0.1250000000
42990  10.726  -48.075  53.453 0.1250000000
41881  9.392  -48.744  54.848 0.1250000000
41905  9.692  -49.018  53.863 0.1250000000
42966  10.469  -47.787  54.124 0.1250000000
153444  4.762  -43.107  60.244 0.6250000000
49474  4.507  -42.908  59.826 0.6250000000
49487  4.450  -42.627  59.088 0.6250000000
49486  4.497  -42.017  59.722 0.6250000000
50436  4.491  -41.709  58.910 0.6250000000
47284  5.603  -44.279  60.846 0.6250000000
48370  5.000  -44.219  60.472 0.6250000000
148101  20.238  -30.604  55.498 0.2500000000
60374  19.655  -32.610  54.815 0.2500000000
59321  18.705  -33.328  54.992 0.2500000000
48369  5.183  -43.352  60.625 0.6250000000
144313  20.010  -31.767  55.016 0.2500000000
60375  18.626  -32.467  55.496 0.2500000000
49462  5.380  -41.762  60.963 0.6250000000
63673  19.472  -29.557  55.577 0.2500000000
133343  19.256  -31.752  55.286 0.2500000000
140913  19.331  -28.760  55.507 0.2500000000
62529  18.798  -30.148  55.618 0.2500000000
61441  18.985  -30.972  55.530 0.2500000000
60376  17.943  -33.089  55.959 0.2500000000
50417  5.203  -40.988  61.097 0.6250000000
51405  4.753  -40.610  60.346 0.6250000000
63674  18.687  -29.292  55.574 0.2500000000
62521  18.123  -30.786  55.955 0.2500000000
60362  17.854  -32.401  56.276 0.2500000000
50435  4.563  -41.129  59.586 0.6250000000
51414  4.720  -40.334  59.439 0.5000000000
153200  19.226  -28.110  55.310 0.2500000000
150648  18.645  -28.447  55.423 0.2500000000
135419  4.877  -40.142  58.618 0.5000000000
52704  39.234  -39.439  49.075 0.3750000000
52705  38.529  -39.441  48.603 0.2500000000
57255  20.851  -35.174  54.585 0.2500000000
56266  18.605  -36.457  54.489 0.2500000000
55091  18.027  -37.168  54.664 0.2500000000
153963  16.173  -38.204  55.079 0.5000000000
146141  5.415  -45.800  60.974 0.6250000000
60387  21.219  -32.901  54.662 0.2500000000
59335  20.793  -33.717  54.411 0.2500000000
57258  19.092  -35.629  54.380 0.2500000000
53901  15.845  -37.829  54.837 0.5000000000
62520  20.717  -29.364  56.274 0.2500000000
60372  21.346  -32.085  55.133 0.2500000000
59336  19.923  -34.015  54.364 0.2500000000
58253  18.662  -34.875  54.330 0.2500000000
56268  16.652  -36.313  54.466 0.2500000000
49460  6.485  -42.011  60.712 0.6250000000
48367  6.355  -42.874  60.811 0.6250000000
62527  20.812  -30.389  55.945 0.2500000000
61439  20.631  -31.347  55.313 0.2500000000
60373  20.601  -32.233  54.818 0.2500000000
59337  19.104  -34.107  54.453 0.2500000000
58254  17.833  -34.931  54.482 0.2500000000
56269  15.738  -36.532  54.634 0.5000000000
50425  7.221  -41.520  60.499 0.5000000000
153511  6.752  -41.492  60.805 0.6250000000
48368  5.863  -43.149  60.972 0.6250000000
135557  20.497  -28.065  55.674 0.2500000000
63672  20.096  -28.882  55.837 0.2500000000
132420  20.179  -29.846  55.716 0.2500000000
58240  16.785  -34.809  55.270 0.2500000000
56254  15.349  -35.942  54.919 0.5000000000
56255  14.269  -36.768  55.296 0.5000000000
52548  8.506  -39.848  60.160 0.5000000000
51403  7.916  -40.314  60.556 0.5000000000
49459  6.992  -40.948  61.108 0.6250000000
49461  6.093  -42.053  60.998 0.6250000000
65900  20.866  -27.519  54.093 0.2500000000
64828  20.285  -27.682  54.903 0.2500000000
59305  17.346  -33.591  56.527 0.2500000000
57236  15.946  -35.333  55.294 0.3750000000
56241  14.120  -36.170  55.937 0.5000000000
147661  12.101  -37.152  57.214 0.5000000000
55057  11.343  -37.671  57.782 0.5000000000
53846  9.795  -39.000  59.041 0.5000000000
52533  8.867  -39.125  60.504 0.3750000000
51404  7.407  -40.706  60.908 0.5000000000
50415  6.515  -41.174  61.094 0.6250000000
66912  20.814  -26.787  53.609 0.1250000000
58226  17.213  -34.211  56.032 0.2500000000
57237  15.609  -35.305  56.282 0.5000000000
56242  13.594  -36.343  56.420 0.5000000000
146335  12.734  -36.591  57.563 0.3750000000
55044  10.837  -37.983  58.693 0.5000000000
53835  9.625  -38.725  60.042 0.3750000000
51392  7.693  -40.059  61.207 0.3750000000
51382  7.097  -40.166  62.057 0.3750000000
146333  5.674  -40.671  61.565 0.3750000000
67908  22.011  -25.721  53.270 0.1250000000
65901  20.051  -27.031  54.327 0.1250000000
64808  19.812  -28.138  55.471 0.2500000000
60363  17.334  -32.966  56.829 0.2500000000
58228  15.901  -34.958  57.084 0.3750000000
57226  15.187  -35.309  57.210 0.3750000000
130348  13.416  -36.217  57.224 0.5000000000
55032  10.839  -37.702  59.768 0.3750000000
53821  9.369  -38.461  60.818 0.3750000000
53805  8.531  -38.799  61.854 0.3750000000
51384  5.788  -40.233  61.994 0.3750000000
52536  4.891  -39.805  60.147 0.5000000000
67909  21.051  -25.722  53.564 0.1250000000
65902  19.264  -27.065  54.644 0.2500000000
61432  17.576  -31.568  56.563 0.1250000000
151673  17.321  -32.359  56.947 0.2500000000
52514  7.911  -39.261  62.115 0.3750000000
147915  5.164  -39.208  59.876 0.3750000000
67891  20.362  -25.237  54.027 0.1250000000
66901  19.418  -26.394  54.356 0.1250000000
64809  18.750  -27.581  55.080 0.1250000000
64810  17.973  -27.964  55.462 0.1250000000
63656  17.975  -29.824  55.892 0.1250000000
53848  5.323  -38.853  59.121 0.3750000000
65903  18.739  -26.743  54.758 0.1250000000
63675  17.951  -28.870  55.743 0.1250000000
57183  23.562  -34.959  61.523 0.2500000000
57200  22.945  -35.708  59.898 0.2500000000
56202  21.133  -37.404  59.217 0.2500000000
53842  19.434  -38.506  59.307 0.3750000000
146865  16.174  -40.826  59.353 0.5000000000
58174  24.679  -33.925  63.434 0.2500000000
57199  23.466  -34.767  59.809 0.2500000000
56213  22.357  -36.281  59.258 0.2500000000
55040  20.397  -37.624  58.842 0.2500000000
55041  19.578  -37.928  58.529 0.2500000000
55042  18.803  -38.033  57.795 0.3750000000
52558  17.477  -39.159  58.457 0.3750000000
153695  15.832  -40.688  58.903 0.5000000000
57224  22.708  -35.225  57.705 0.2500000000
56226  21.522  -36.447  57.754 0.2500000000
55055  19.470  -37.526  57.333 0.2500000000
53859  17.448  -38.653  57.524 0.3750000000
132026  15.143  -40.701  58.548 0.5000000000
50441  13.510  -41.442  58.536 0.5000000000
49472  11.158  -42.678  59.892 0.5000000000
47279  9.017  -44.621  61.224 0.6250000000
46179  7.520  -45.353  61.253 0.6250000000
60348  23.146  -32.497  57.433 0.2500000000
58214  23.063  -34.451  57.332 0.2500000000
56238  21.348  -36.199  56.666 0.2500000000
56239  20.668  -36.611  56.172 0.2500000000
55056  18.800  -37.766  56.679 0.2500000000
53873  17.469  -38.415  56.515 0.2500000000
52560  15.944  -39.791  57.758 0.5000000000
131857  14.482  -40.537  57.643 0.5000000000
51421  13.836  -41.000  57.868 0.5000000000
49482  11.200  -42.426  59.204 0.5000000000
48399  10.529  -42.870  59.426 0.5000000000
47298  9.276  -43.916  60.465 0.6250000000
45136  6.249  -46.155  61.359 0.6250000000
143301  22.875  -31.560  57.765 0.2500000000
58225  22.553  -34.324  55.782 0.2500000000
57245  22.190  -34.945  55.606 0.2500000000
56252  20.423  -36.444  55.256 0.2500000000
55081  18.183  -37.708  55.214 0.2500000000
53886  17.489  -38.180  55.605 0.3750000000
52584  15.214  -39.388  56.233 0.5000000000
52573  14.816  -39.894  56.920 0.5000000000
50449  13.048  -41.171  57.434 0.5000000000
49496  11.232  -42.154  58.548 0.5000000000
49483  10.477  -42.470  58.690 0.5000000000
47315  9.578  -43.531  59.761 0.6250000000
47299  8.444  -44.194  60.544 0.6250000000
47281  7.065  -44.679  61.043 0.6250000000
46164  6.172  -45.289  61.237 0.6250000000
60360  22.636  -32.002  56.666 0.2500000000
60361  22.027  -32.009  55.739 0.2500000000
58250  21.323  -34.501  54.524 0.2500000000
56264  20.120  -36.254  54.773 0.2500000000
136979  16.794  -38.265  55.254 0.3750000000
137473  13.103  -40.452  56.508 0.5000000000
133571  12.069  -41.382  57.461 0.5000000000
49507  10.867  -41.908  58.087 0.5000000000
49508  10.180  -41.986  58.170 0.5000000000
48400  8.669  -43.357  59.666 0.6250000000
47300  7.543  -44.182  60.643 0.6250000000
47282  6.516  -44.358  60.967 0.6250000000
47262  6.278  -44.764  61.089 0.6250000000
63654  21.909  -28.704  57.261 0.2500000000
62519  21.343  -29.781  56.723 0.2500000000
59319  21.941  -32.837  55.085 0.2500000000
52599  14.813  -38.971  55.544 0.5000000000
51429  12.227  -40.812  56.814 0.5000000000
50458  10.737  -40.880  57.133 0.5000000000
50444  9.585  -41.771  58.263 0.5000000000
49484  8.368  -42.651  59.503 0.5000000000
135312  7.263  -43.245  60.473 0.6250000000
153319  6.478  -43.575  60.811 0.6250000000
47263  5.989  -44.891  61.083 0.6250000000
64791  21.488  -28.311  56.643 0.2500000000
61438  21.409  -31.247  55.760 0.2500000000
144998  14.456  -38.274  55.145 0.5000000000
144269  12.787  -39.681  56.045 0.5000000000
52588  11.323  -39.592  56.454 0.5000000000
50451  9.926  -41.151  57.598 0.5000000000
140354  9.297  -41.058  58.205 0.5000000000
50433  8.471  -42.037  59.173 0.5000000000
128565  21.654  -28.012  55.056 0.2500000000
64848  21.768  -27.894  54.088 0.2500000000
52601  13.063  -39.074  55.668 0.5000000000
53876  11.481  -38.696  56.446 0.5000000000
51431  9.579  -40.536  57.732 0.5000000000
52561  9.352  -39.635  58.641 0.5000000000
51412  8.326  -40.628  59.763 0.5000000000
65913  21.556  -27.296  53.508 0.2500000000
55082  13.862  -37.525  55.271 0.5000000000
55071  12.291  -37.602  56.233 0.5000000000
53877  10.870  -38.972  56.707 0.5000000000
53862  9.827  -39.195  58.036 0.5000000000
52562  8.803  -40.076  59.222 0.5000000000
152853  22.115  -27.014  53.125 0.1250000000
55070  12.853  -36.797  56.478 0.5000000000
53860  11.014  -38.341  57.049 0.5000000000
55058  10.771  -38.264  57.829 0.5000000000
67907  22.915  -25.801  53.159 0.1250000000
66911  21.634  -26.480  53.252 0.1250000000
56228  13.303  -36.157  58.207 0.3750000000
56216  12.606  -36.508  58.587 0.3750000000
57208  41.434  -35.099  58.202 0.5000000000
58216  15.679  -34.744  57.805 0.3750000000
57227  14.010  -35.801  57.933 0.3750000000
53790  6.329  -39.047  62.469 0.3750000000
53806  5.744  -38.986  61.899 0.3750000000
57206  43.332  -35.078  58.151 0.5000000000
56207  42.805  -35.417  57.892 0.6250000000
67906  23.474  -25.243  53.501 0.1250000000
68942  22.555  -25.154  53.591 0.1250000000
59295  16.843  -33.409  57.399 0.3750000000
57215  13.781  -35.654  58.850 0.3750000000
56204  12.608  -36.089  59.682 0.3750000000
55031  11.336  -36.968  60.049 0.3750000000
53804  9.195  -38.282  61.524 0.3750000000
53788  7.572  -38.935  62.676 0.3750000000
56221  44.075  -36.017  57.372 0.3750000000
57220  43.836  -35.402  57.936 0.3750000000
56208  42.356  -35.938  57.693 0.6250000000
67890  24.042  -24.931  54.147 0.1250000000
68944  20.943  -24.946  53.872 0.1250000000
61423  17.069  -31.928  57.442 0.1250000000
60350  16.378  -33.228  58.177 0.2500000000
57214  14.423  -35.246  58.526 0.3750000000
57201  13.967  -34.842  59.313 0.3750000000
57194  12.547  -35.559  60.494 0.3750000000
151599  11.200  -36.618  60.815 0.3750000000
142031  5.450  -38.576  60.093 0.3750000000
147070  43.409  -36.382  57.119 0.6250000000
53849  41.985  -37.179  56.577 0.6250000000
128543  23.718  -24.741  54.822 0.1250000000
68929  23.161  -24.802  54.198 0.1250000000
68932  19.918  -24.883  54.482 0.1250000000
66893  18.193  -26.234  55.071 0.1250000000
62522  17.331  -30.401  56.549 0.1250000000
62512  17.062  -31.177  57.115 0.1250000000
55074  45.102  -36.686  55.893 0.6250000000
55061  44.087  -36.917  56.322 0.6250000000
55062  43.391  -36.981  56.547 0.5000000000
53865  42.211  -37.304  56.053 0.6250000000
68930  22.236  -24.699  54.307 0.1250000000
132399  20.565  -24.634  54.413 0.1250000000
55085  44.879  -36.881  55.198 0.6250000000
127603  44.367  -37.100  55.736 0.6250000000
55075  43.617  -37.293  55.884 0.5000000000
144021  44.150  -37.104  54.671 0.5000000000
55086  43.691  -37.302  55.123 0.5000000000
56259  45.644  -36.439  54.790 0.5000000000
55096  44.716  -36.717  54.340 0.6250000000
59243  24.527  -33.428  62.731 0.2500000000
58180  24.134  -34.021  61.971 0.2500000000
58186  23.857  -34.135  61.141 0.2500000000
148553  23.740  -34.190  60.465 0.2500000000
140159  25.173  -32.829  63.749 0.2500000000
59254  24.699  -32.455  62.595 0.2500000000
59255  24.424  -32.913  61.953 0.2500000000
134341  23.936  -33.242  60.716 0.2500000000
58204  23.460  -34.267  58.960 0.2500000000
136588  24.211  -32.516  61.259 0.2500000000
154011  24.057  -32.300  60.642 0.2500000000
58193  23.731  -33.727  59.837 0.2500000000
58205  23.174  -34.651  58.185 0.2500000000
62499  23.138  -29.705  59.024 0.2500000000
152418  23.559  -32.611  58.749 0.2500000000
63626  22.839  -29.083  58.686 0.2500000000
61422  22.620  -30.669  58.073 0.2500000000
63652  24.274  -28.712  56.745 0.2500000000
62510  22.552  -29.725  58.281 0.2500000000
63670  23.546  -28.451  56.172 0.2500000000
64780  22.262  -28.447  57.590 0.2500000000
62518  22.028  -30.287  57.293 0.2500000000
64805  22.996  -28.363  55.324 0.2500000000
149506  22.670  -28.223  56.309 0.2500000000
64825  23.321  -28.545  54.234 0.2500000000
64865  24.883  -28.187  52.636 0.2500000000
64866  23.984  -28.086  52.756 0.2500000000
64846  23.659  -28.442  53.369 0.2500000000
57198  39.921  -35.222  58.539 0.5000000000
67919  25.392  -26.061  52.729 0.1250000000
65925  24.465  -27.258  52.505 0.2500000000
65926  23.531  -27.313  52.673 0.2500000000
154015  40.853  -34.420  58.379 0.6250000000
67920  24.667  -25.783  52.926 0.1250000000
67921  23.868  -25.864  52.910 0.1250000000
132639  41.881  -33.800  58.389 0.5000000000
67905  24.355  -25.394  53.453 0.1250000000
142928  6.688  -38.450  62.614 0.3750000000
55001  6.193  -38.363  62.056 0.3750000000
58200  43.365  -34.333  58.495 0.3750000000
145674  42.735  -34.170  58.470 0.3750000000
67889  24.907  -25.284  54.206 0.1250000000
55007  10.921  -36.612  61.423 0.3750000000
55009  9.653  -37.572  61.850 0.3750000000
53771  7.252  -38.427  62.884 0.3750000000
57218  45.504  -35.192  57.667 0.3750000000
57204  44.904  -34.730  58.240 0.3750000000
143954  16.661  -32.180  58.285 0.2500000000
59286  15.830  -33.421  58.592 0.2500000000
58208  14.643  -34.503  58.852 0.2500000000
57202  13.246  -35.360  59.760 0.3750000000
56190  12.038  -35.677  61.111 0.3750000000
57219  44.570  -35.369  57.879 0.3750000000
67893  18.857  -25.852  54.653 0.1250000000
63657  17.322  -29.299  56.305 0.1250000000
56231  45.341  -36.281  56.496 0.3750000000
56220  45.031  -35.867  57.255 0.3750000000
68909  22.893  -24.637  55.198 0.1250000000
68910  21.830  -24.401  55.113 0.1250000000
65892  18.098  -27.072  55.234 0.1250000000
66894  17.614  -26.494  55.591 0.1250000000
56244  45.696  -36.416  55.556 0.3750000000
143404  45.402  -36.231  53.959 0.5000000000
59226  26.116  -32.937  64.142 0.2500000000
60284  25.426  -32.174  63.519 0.2500000000
60285  25.039  -32.126  63.088 0.2500000000
62452  25.187  -30.988  61.017 0.2500000000
60310  24.297  -31.744  60.922 0.2500000000
60319  23.957  -31.622  60.115 0.2500000000
59271  23.818  -32.679  59.996 0.2500000000
62477  25.576  -30.559  60.286 0.2500000000
62478  24.982  -30.213  59.952 0.2500000000
61393  23.956  -30.716  59.789 0.2500000000
60332  23.641  -32.182  59.339 0.2500000000
63623  25.801  -29.904  58.696 0.2500000000
63625  24.336  -29.106  58.733 0.2500000000
132158  23.369  -28.929  58.778 0.2500000000
63634  26.206  -29.932  57.715 0.2500000000
143153  25.180  -29.321  58.125 0.2500000000
133670  25.658  -29.450  57.053 0.2500000000
63636  23.926  -28.747  57.888 0.2500000000
63649  27.222  -29.864  56.220 0.2500000000
131032  26.150  -29.382  56.030 0.2500000000
63668  25.454  -28.875  55.203 0.2500000000
132774  24.692  -28.730  54.759 0.2500000000
63667  26.797  -29.385  55.459 0.2500000000
141500  26.280  -29.074  55.139 0.2500000000
63686  25.189  -28.806  54.141 0.2500000000
64824  24.311  -28.738  53.918 0.2500000000
64842  26.984  -28.620  53.112 0.2500000000
64863  26.602  -28.174  52.723 0.2500000000
63699  25.690  -28.782  53.521 0.2500000000
64845  24.512  -28.622  53.075 0.2500000000
67917  27.539  -26.220  52.750 0.1250000000
64862  27.373  -28.109  52.831 0.2500000000
65923  26.243  -27.500  52.471 0.2500000000
64844  25.307  -28.656  52.971 0.2500000000
67916  28.425  -26.106  52.946 0.1250000000
154310  26.759  -26.055  52.795 0.1250000000
66919  25.852  -26.736  52.483 0.2500000000
67901  27.968  -25.701  53.312 0.1250000000
67902  27.118  -25.720  53.313 0.1250000000
67903  26.166  -25.729  53.246 0.1250000000
67885  28.420  -25.338  53.900 0.1250000000
67886  27.578  -25.396  53.988 0.1250000000
67887  26.696  -25.428  54.029 0.1250000000
67888  25.803  -25.397  54.096 0.1250000000
55000  6.548  -37.806  62.289 0.3750000000
68924  28.059  -25.162  54.746 0.1250000000
68925  27.177  -25.275  54.806 0.1250000000
68926  26.345  -25.311  54.846 0.1250000000
56183  10.756  -36.608  62.006 0.3750000000
54987  9.105  -37.424  63.082 0.3750000000
54990  6.940  -37.821  62.852 0.3750000000
55011  6.348  -37.743  61.548 0.3750000000
130994  29.018  -24.600  56.127 0.1250000000
68905  27.560  -25.050  55.708 0.1250000000
146228  16.093  -33.032  58.743 0.2500000000
58195  14.268  -34.211  59.707 0.2500000000
132466  11.423  -36.137  61.236 0.3750000000
148963  6.218  -37.624  60.824 0.3750000000
68885  28.227  -24.705  56.515 0.1250000000
146438  27.343  -24.876  56.556 0.1250000000
68907  25.329  -25.113  55.784 0.1250000000
64792  16.779  -27.997  56.597 0.1250000000
62513  16.815  -30.481  57.395 0.1250000000
56193  6.205  -36.980  60.248 0.3750000000
57241  47.238  -35.606  55.794 0.2500000000
57229  46.936  -35.339  56.625 0.2500000000
140931  25.970  -25.063  56.414 0.1250000000
68928  24.574  -25.021  55.093 0.1250000000
68912  20.063  -24.410  55.136 0.1250000000
151041  17.838  -25.821  55.515 0.1250000000
65883  17.023  -27.542  56.299 0.1250000000
57249  47.260  -35.563  54.884 0.2500000000
56230  46.287  -36.020  56.154 0.3750000000
57264  47.060  -35.336  54.006 0.2500000000
56258  46.525  -36.111  55.266 0.3750000000
57265  46.080  -35.614  53.594 0.3750000000
56272  46.400  -35.961  54.413 0.3750000000
57273  45.713  -35.224  52.828 0.3750000000
138533  45.057  -35.894  53.142 0.3750000000
60282  26.552  -32.337  63.825 0.1250000000
61351  25.713  -31.634  63.198 0.2500000000
61368  25.600  -31.410  62.494 0.2500000000
134291  25.802  -30.870  60.774 0.2500000000
150797  26.067  -30.482  60.055 0.2500000000
62461  26.429  -30.733  60.754 0.2500000000
63622  26.903  -30.273  58.360 0.2500000000
62496  26.426  -30.290  59.347 0.2500000000
62495  27.530  -30.461  59.096 0.2500000000
150048  28.354  -30.298  57.330 0.2500000000
63633  27.342  -30.242  57.294 0.2500000000
128377  28.123  -30.163  56.667 0.2500000000
63683  27.809  -29.142  54.489 0.2500000000
130342  28.118  -29.813  55.970 0.2500000000
63696  28.052  -28.838  53.867 0.2500000000
63682  28.578  -28.925  54.376 0.2500000000
66917  28.176  -26.751  52.648 0.2500000000
65910  28.506  -27.903  53.124 0.2500000000
64823  28.611  -28.483  53.687 0.2500000000
66916  28.958  -26.650  52.852 0.1250000000
65909  29.355  -27.421  53.141 0.2500000000
66909  29.788  -26.539  53.132 0.1250000000
67915  29.188  -25.953  53.160 0.1250000000
149514  10.582  -35.726  63.073 0.2500000000
135207  10.048  -36.253  62.927 0.2500000000
67900  29.181  -25.389  53.686 0.1250000000
56173  11.265  -35.719  62.558 0.2500000000
56175  9.757  -36.875  62.696 0.3750000000
57171  8.639  -36.411  63.400 0.2500000000
56165  7.708  -36.667  63.370 0.3750000000
68922  29.961  -24.818  54.721 0.1250000000
58188  13.504  -34.531  60.811 0.2500000000
57186  12.437  -35.340  61.541 0.2500000000
56174  10.444  -36.461  62.447 0.3750000000
56164  8.458  -37.190  63.368 0.3750000000
141707  7.060  -36.396  63.053 0.3750000000
68903  29.453  -24.648  55.422 0.1250000000
68892  19.977  -24.176  56.019 0.1250000000
133419  19.420  -24.477  55.633 0.1250000000
68913  18.732  -24.803  55.743 0.1250000000
63639  16.577  -29.630  57.799 0.1250000000
62500  16.598  -30.598  58.407 0.1250000000
129329  16.217  -32.484  59.075 0.2500000000
58194  14.879  -33.768  59.255 0.2500000000
57193  13.072  -35.007  60.613 0.2500000000
132553  6.754  -37.303  62.517 0.3750000000
55010  6.557  -37.173  61.921 0.3750000000
57180  6.616  -35.718  61.953 0.3750000000
142553  22.247  -24.415  56.023 0.1250000000
132550  20.601  -24.156  55.714 0.1250000000
63658  16.799  -29.641  56.909 0.1250000000
61424  16.824  -31.347  57.953 0.1250000000
56185  6.396  -37.072  61.143 0.3750000000
56192  6.416  -36.369  60.712 0.3750000000
68908  23.899  -24.675  55.651 0.1250000000
67875  18.420  -25.453  55.239 0.1250000000
57263  47.811  -34.891  54.469 0.2500000000
136595  25.720  -24.852  57.163 0.1250000000
57272  46.664  -34.957  53.219 0.3750000000
57284  46.255  -34.653  52.633 0.3750000000
61350  26.292  -31.593  63.351 0.2500000000
62440  25.933  -31.221  61.841 0.2500000000
61366  26.771  -31.103  62.747 0.2500000000
62449  26.989  -30.729  61.513 0.2500000000
62450  26.226  -30.995  61.299 0.2500000000
62509  27.999  -30.443  58.078 0.2500000000
68808  16.522  -25.380  64.174 0.1250000000
143175  16.348  -26.232  64.404 0.1250000000
149823  16.186  -27.473  64.100 0.1250000000
68814  16.996  -24.314  63.036 0.1250000000
68811  16.640  -25.123  63.313 0.1250000000
67821  16.514  -25.965  63.520 0.1250000000
66842  16.374  -26.863  63.699 0.1250000000
134538  17.080  -24.331  62.274 0.1250000000
149355  16.724  -24.888  62.660 0.1250000000
141196  16.447  -27.278  62.925 0.1250000000
143747  16.299  -27.569  63.564 0.1250000000
140007  28.347  -29.348  55.220 0.2500000000
69826  17.730  -23.733  61.827 0.1250000000
66846  16.529  -26.398  62.860 0.1250000000
64822  29.405  -28.532  54.135 0.2500000000
69824  19.580  -23.518  61.039 0.1250000000
69835  18.692  -23.612  60.742 0.1250000000
67827  16.681  -25.309  61.459 0.1250000000
137937  16.562  -25.875  62.129 0.1250000000
65842  16.399  -27.463  62.237 0.1250000000
64839  29.871  -27.939  53.688 0.2500000000
67832  17.008  -24.793  60.812 0.1250000000
66852  16.573  -26.134  61.459 0.1250000000
65846  16.473  -26.954  61.495 0.1250000000
65908  30.273  -27.222  53.475 0.1250000000
69833  20.367  -23.948  60.721 0.1250000000
69834  19.429  -23.788  60.214 0.1250000000
132417  17.557  -24.601  60.072 0.1250000000
67840  16.713  -25.718  59.934 0.1250000000
58163  11.718  -34.683  63.251 0.1250000000
58164  10.686  -35.045  63.355 0.2500000000
64821  30.577  -27.718  54.062 0.1250000000
147097  21.176  -24.210  59.745 0.1250000000
68841  20.296  -24.086  59.745 0.1250000000
129846  18.718  -24.232  59.024 0.1250000000
68858  17.721  -24.833  58.353 0.1250000000
149120  13.147  -34.564  62.235 0.1250000000
58176  12.455  -34.821  62.745 0.1250000000
57179  11.278  -35.397  62.990 0.2500000000
57169  9.883  -35.706  63.287 0.2500000000
68855  20.900  -24.176  58.981 0.1250000000
137239  20.657  -24.230  58.120 0.1250000000
68873  19.465  -24.345  57.471 0.1250000000
67857  17.412  -25.292  57.631 0.1250000000
129757  16.009  -30.365  60.449 0.1250000000
62465  16.046  -31.168  60.552 0.1250000000
59263  15.081  -33.043  60.673 0.1250000000
58181  13.881  -33.978  61.707 0.1250000000
148275  11.537  -35.746  62.210 0.2500000000
147390  8.079  -35.909  63.393 0.2500000000
57172  7.398  -35.789  63.244 0.3750000000
146135  21.459  -24.268  58.305 0.1250000000
68893  19.241  -24.442  56.472 0.1250000000
67867  17.662  -25.250  56.735 0.1250000000
66880  17.070  -25.872  56.971 0.1250000000
65874  16.425  -27.308  57.783 0.1250000000
135623  16.389  -28.088  58.188 0.1250000000
62481  16.306  -30.760  59.570 0.1250000000
60321  15.419  -32.980  59.903 0.1250000000
134427  13.978  -34.183  60.387 0.2500000000
146316  12.877  -34.962  61.747 0.1250000000
57173  6.879  -35.747  62.759 0.3750000000
128976  22.903  -24.519  57.892 0.1250000000
130898  21.319  -24.192  55.845 0.1250000000
67866  18.010  -25.281  55.933 0.1250000000
65884  16.656  -27.349  56.901 0.1250000000
64781  16.496  -28.773  57.575 0.1250000000
59264  14.515  -33.728  60.261 0.2500000000
68889  23.237  -24.578  56.289 0.1250000000
68890  21.652  -24.327  56.730 0.1250000000
66886  17.050  -26.703  56.361 0.1250000000
133827  16.516  -28.037  57.253 0.1250000000
57187  6.453  -35.686  61.039 0.3750000000
68887  25.162  -24.870  56.512 0.1250000000
68888  24.275  -24.658  56.616 0.1250000000
58244  48.291  -34.292  54.952 0.2500000000
58258  48.206  -34.314  54.042 0.2500000000
58259  47.524  -34.652  53.610 0.2500000000
58272  47.054  -34.311  52.797 0.2500000000
58288  46.235  -34.186  52.259 0.2500000000
61365  28.512  -30.793  62.840 0.1250000000
151192  27.604  -30.896  62.858 0.2500000000
67815  15.617  -26.356  67.200 0.1250000000
66827  15.160  -26.943  67.419 0.1250000000
65812  14.515  -27.617  67.653 0.1250000000
64724  14.114  -28.300  67.412 0.1250000000
61349  27.180  -31.663  63.409 0.2500000000
143139  27.304  -30.733  62.178 0.2500000000
66830  15.847  -26.444  66.525 0.1250000000
66831  15.548  -26.891  66.838 0.1250000000
65816  15.252  -27.466  66.856 0.1250000000
65817  14.864  -28.079  66.826 0.1250000000
64729  14.555  -28.645  66.681 0.1250000000
64730  13.715  -28.835  67.199 0.1250000000
63558  13.359  -29.386  66.889 0.1250000000
128991  27.888  -30.494  61.723 0.2500000000
67817  16.210  -25.836  66.082 0.1250000000
150168  15.961  -26.619  65.918 0.1250000000
65820  15.663  -27.202  66.197 0.1250000000
64728  15.383  -27.958  66.232 0.1250000000
150400  15.111  -28.460  66.280 0.1250000000
63557  14.290  -29.244  66.476 0.1250000000
62460  27.660  -30.535  60.925 0.2500000000
67819  16.365  -25.589  65.122 0.1250000000
134396  16.162  -26.427  65.282 0.1250000000
66834  15.940  -27.166  65.406 0.1250000000
65825  15.658  -27.856  65.555 0.1250000000
64731  15.394  -28.568  65.631 0.1250000000
64732  14.998  -29.008  66.057 0.1250000000
63564  13.975  -29.907  66.176 0.1250000000
62414  13.060  -29.943  66.436 0.1250000000
62508  28.959  -30.144  57.916 0.2500000000
62475  28.149  -30.490  59.890 0.2500000000
66838  16.184  -27.011  64.613 0.1250000000
65824  15.889  -27.785  64.721 0.1250000000
64735  15.474  -28.929  64.847 0.1250000000
63562  15.218  -29.303  65.325 0.1250000000
63563  14.767  -29.675  65.798 0.1250000000
62419  13.629  -30.588  65.754 0.1250000000
63648  29.004  -29.853  56.948 0.2500000000
62494  28.612  -30.330  58.863 0.2500000000
65836  16.225  -28.086  63.207 0.1250000000
64734  15.720  -28.515  64.400 0.1250000000
63567  15.351  -29.613  64.572 0.1250000000
62417  15.011  -30.034  65.029 0.1250000000
62426  14.054  -31.169  65.084 0.1250000000
61340  12.594  -31.120  65.370 0.1250000000
63665  28.884  -29.448  56.005 0.2500000000
64743  15.833  -28.848  63.040 0.1250000000
63572  15.445  -29.910  63.900 0.1250000000
62425  14.719  -30.839  64.738 0.1250000000
61342  13.677  -31.901  64.488 0.1250000000
63664  29.660  -28.939  55.728 0.2500000000
63647  29.474  -29.338  56.445 0.2500000000
153904  16.348  -27.769  62.718 0.1250000000
63575  15.611  -29.642  62.862 0.1250000000
63576  15.478  -30.165  63.259 0.1250000000
62430  15.322  -30.694  63.605 0.1250000000
61355  14.305  -32.166  64.066 0.1250000000
61343  12.938  -31.800  64.628 0.1250000000
63681  29.139  -28.954  55.060 0.2500000000
143397  15.807  -29.090  62.375 0.1250000000
62441  15.545  -30.429  62.612 0.1250000000
61353  15.173  -31.453  63.225 0.1250000000
61354  14.714  -32.102  63.451 0.1250000000
60288  13.618  -32.707  64.015 0.1250000000
60290  12.055  -33.391  63.662 0.1250000000
61356  11.574  -32.717  63.757 0.2500000000
152639  30.119  -28.237  54.254 0.2500000000
67833  16.696  -25.554  60.765 0.1250000000
64746  16.023  -28.634  61.871 0.1250000000
63583  15.660  -29.944  62.174 0.1250000000
62454  15.572  -31.149  62.244 0.1250000000
59230  13.627  -33.530  63.225 0.1250000000
60289  12.915  -33.209  63.867 0.1250000000
59234  9.848  -33.804  63.407 0.2500000000
64820  30.618  -28.136  54.715 0.2500000000
67849  16.800  -25.832  58.959 0.1250000000
154920  16.505  -26.869  60.246 0.1250000000
64751  16.042  -28.714  61.137 0.1250000000
62453  15.836  -30.393  61.327 0.1250000000
61377  15.475  -31.803  61.816 0.1250000000
61370  15.354  -31.588  62.538 0.1250000000
59244  14.244  -33.180  62.800 0.1250000000
58161  13.120  -34.213  62.989 0.1250000000
151812  10.637  -34.293  63.426 0.2500000000
58165  9.514  -35.048  63.451 0.2500000000
66866  16.568  -26.572  59.561 0.1250000000
133913  16.355  -28.251  59.357 0.1250000000
63594  15.927  -29.591  60.786 0.1250000000
61382  15.756  -31.940  60.529 0.1250000000
60306  15.221  -32.472  61.409 0.1250000000
60298  14.779  -32.675  62.212 0.1250000000
59245  13.748  -33.821  62.522 0.1250000000
58162  12.438  -34.407  63.203 0.1250000000
58166  8.516  -34.617  63.467 0.2500000000
67858  16.874  -25.885  57.947 0.1250000000
66873  16.561  -26.571  58.391 0.1250000000
63610  16.090  -29.765  59.859 0.1250000000
61383  15.524  -32.040  61.121 0.1250000000
59256  14.788  -32.990  61.437 0.1250000000
58167  7.845  -34.996  63.411 0.3750000000
66881  16.669  -26.590  57.358 0.1250000000
65865  16.446  -27.348  58.836 0.1250000000
152646  16.242  -29.122  59.354 0.1250000000
58168  7.107  -34.949  63.092 0.3750000000
58177  6.695  -34.854  62.464 0.3750000000
58189  6.368  -34.904  60.429 0.3750000000
61384  7.678  -30.624  60.202 0.3750000000
61398  6.918  -31.173  59.725 0.3750000000
58271  47.899  -34.082  53.283 0.2500000000
59356  47.453  -33.663  52.582 0.2500000000
62483  9.244  -30.536  59.814 0.3750000000
61397  8.227  -31.080  59.724 0.3750000000
131334  46.809  -33.836  52.273 0.2500000000
144030  8.469  -31.590  58.982 0.3750000000
145776  9.155  -31.248  59.389 0.3750000000
62438  28.161  -30.469  62.296 0.2500000000
148634  28.478  -30.262  61.358 0.2500000000
63592  29.712  -29.774  60.426 0.2500000000
63593  28.750  -30.185  60.644 0.2500000000
63606  30.063  -29.596  59.579 0.2500000000
63621  29.669  -29.848  58.714 0.2500000000
153054  30.288  -29.419  59.028 0.2500000000
131837  31.025  -28.628  57.924 0.2500000000
63631  30.362  -29.144  57.419 0.2500000000
134324  29.766  -29.462  57.003 0.2500000000
134489  12.202  -31.584  64.804 0.2500000000
62427  11.277  -31.080  64.974 0.2500000000
64779  30.843  -28.458  56.920 0.2500000000
63646  30.176  -28.902  56.444 0.2500000000
60278  12.449  -32.487  64.135 0.1250000000
61344  11.487  -31.922  64.186 0.2500000000
64801  31.100  -28.004  55.354 0.2500000000
64802  30.387  -28.499  55.493 0.2500000000
60291  10.898  -33.380  63.456 0.2500000000
139549  9.115  -34.242  63.479 0.2500000000
59236  7.736  -33.799  63.437 0.2500000000
142393  7.347  -34.231  63.278 0.3750000000
59246  6.870  -34.070  62.953 0.3750000000
58183  6.401  -34.691  61.428 0.3750000000
63596  7.255  -29.386  60.946 0.3750000000
62468  6.971  -30.476  60.574 0.3750000000
58184  6.372  -34.107  60.557 0.3750000000
58243  48.503  -33.722  54.388 0.1250000000
63595  8.220  -29.020  60.579 0.3750000000
62485  6.568  -31.051  60.332 0.3750000000
59265  6.317  -33.307  60.229 0.3750000000
59354  48.601  -32.750  53.163 0.1250000000
60404  48.231  -32.507  52.573 0.2500000000
149122  8.125  -28.029  60.391 0.3750000000
62466  8.840  -29.745  60.230 0.3750000000
62467  7.954  -29.900  60.491 0.3750000000
59355  48.182  -33.362  53.008 0.2500000000
59363  46.887  -33.239  51.971 0.2500000000
64752  8.991  -28.994  60.077 0.3750000000
63612  9.526  -29.667  59.813 0.3750000000
61396  9.993  -30.905  59.108 0.3750000000
61411  10.309  -31.461  58.357 0.3750000000
61364  29.410  -30.871  62.715 0.2500000000
62437  29.088  -30.313  62.355 0.2500000000
62447  29.675  -29.915  61.918 0.2500000000
62448  28.748  -30.126  61.859 0.2500000000
141485  30.167  -29.605  61.488 0.2500000000
63591  30.503  -29.205  60.325 0.2500000000
63605  30.762  -28.981  59.509 0.2500000000
61345  10.416  -31.367  64.340 0.2500000000
61346  9.267  -30.757  64.532 0.2500000000
61358  9.472  -31.792  63.884 0.2500000000
61357  10.627  -32.315  63.724 0.2500000000
150273  8.548  -32.319  63.740 0.2500000000
60292  9.681  -32.822  63.550 0.2500000000
140945  8.793  -33.323  63.542 0.2500000000
59235  7.824  -32.855  63.631 0.2500000000
59257  6.454  -33.840  62.237 0.3750000000
63584  6.639  -28.809  61.503 0.3750000000
62455  5.962  -30.384  61.524 0.3750000000
62456  5.812  -30.845  61.573 0.3750000000
59258  6.273  -33.514  61.241 0.3750000000
150067  6.444  -30.727  60.756 0.3750000000
62469  6.176  -30.937  60.935 0.3750000000
61386  6.112  -31.503  60.886 0.3750000000
59344  49.009  -32.442  53.652 0.1250000000
61385  6.312  -31.526  60.356 0.3750000000
142084  6.194  -32.164  60.569 0.3750000000
60403  48.945  -32.055  52.889 0.1250000000
60423  46.960  -32.365  51.508 0.2500000000
60424  46.020  -32.085  51.003 0.2500000000
62482  9.942  -30.175  59.467 0.3750000000
62502  10.429  -30.088  58.848 0.3750000000
62501  10.746  -30.768  58.374 0.3750000000
61347  8.243  -30.640  64.488 0.2500000000
136991  8.359  -31.363  64.089 0.2500000000
62429  7.742  -30.031  64.551 0.2500000000
63573  6.866  -29.510  64.330 0.2500000000
62432  6.934  -30.422  64.259 0.2500000000
62431  7.537  -30.961  64.280 0.2500000000
130370  7.606  -31.820  63.921 0.2500000000
61359  6.745  -31.231  63.934 0.3750000000
60293  7.060  -32.191  63.760 0.2500000000
139891  7.299  -32.913  63.552 0.2500000000
59237  7.093  -33.412  63.331 0.3750000000
61361  6.031  -31.043  63.424 0.3750000000
61360  6.433  -31.743  63.378 0.3750000000
60294  6.808  -32.555  63.379 0.3750000000
60299  6.279  -32.189  62.757 0.3750000000
140553  6.583  -33.123  62.888 0.3750000000
59247  6.204  -32.811  62.043 0.3750000000
62434  5.637  -30.668  63.035 0.3750000000
60300  6.009  -31.893  61.895 0.3750000000
61378  5.798  -31.271  61.745 0.3750000000
60312  6.159  -32.503  60.983 0.3750000000
140129  6.070  -31.760  61.181 0.3750000000
60402  49.246  -31.845  53.566 0.1250000000
141641  47.828  -31.558  51.848 0.2500000000
60422  47.326  -31.606  51.441 0.2500000000
62433  6.085  -30.144  63.711 0.3750000000
61463  49.264  -31.343  53.189 0.2500000000
61472  48.830  -31.282  52.507 0.2500000000
62545  48.661  -30.424  52.079 0.2500000000
61483  47.614  -31.047  51.479 0.2500000000
61484  47.053  -30.905  51.017 0.2500000000
61495  46.379  -30.567  50.545 0.2500000000
62564  47.421  -30.235  51.002 0.2500000000
62565  46.827  -30.186  50.599 0.2500000000
63796  43.462  -28.864  44.845 0.5000000000
63795  44.512  -29.045  44.794 0.3750000000
63807  43.200  -28.529  44.060 0.5000000000
63794  45.517  -28.996  44.891 0.3750000000
63806  44.205  -28.875  44.025 0.5000000000
64995  43.877  -28.467  43.301 0.3750000000
74707  48.185  -17.855  41.639 0.2500000000
64985  45.213  -29.018  44.081 0.5000000000
65003  43.553  -28.260  42.473 0.5000000000
81779  52.034  -11.801  39.622 0.5000000000
80753  52.484  -11.905  38.925 0.5000000000
80754  51.745  -11.998  38.884 0.5000000000
80777  52.253  -12.233  38.385 0.5000000000
64983  46.280  -28.568  44.694 0.3750000000
64984  46.040  -28.740  44.347 0.5000000000
64993  45.739  -28.495  43.594 0.5000000000
64994  44.842  -28.612  43.386 0.5000000000
65051  42.475  -28.154  39.594 0.1250000000
80776  53.006  -12.307  38.285 0.5000000000
134878  52.997  -12.633  37.567 0.5000000000
79709  52.315  -12.809  37.020 0.3750000000
66022  46.193  -28.078  44.233 0.5000000000
64992  46.246  -28.327  43.925 0.5000000000
151991  46.182  -28.071  43.642 0.3750000000
67015  45.742  -27.415  42.717 0.5000000000
66047  45.163  -28.114  41.925 0.5000000000
65001  45.440  -28.249  42.788 0.5000000000
144191  42.660  -27.477  39.859 0.2500000000
79707  55.695  -13.357  37.250 0.5000000000
79731  54.237  -13.703  35.916 0.5000000000
146664  54.459  -14.155  35.127 0.5000000000
137336  44.388  -22.852  40.628 0.1250000000
80790  55.425  -12.947  37.711 0.5000000000
83693  55.161  -9.155  39.050 0.2500000000
83709  55.827  -9.701  38.422 0.2500000000
83711  53.776  -9.332  38.198 0.1250000000
83710  54.739  -9.434  38.344 0.1250000000
83727  53.423  -9.614  37.411 0.1250000000
82743  55.044  -10.011  37.169 0.1250000000
82742  55.998  -10.246  37.635 0.2500000000
82744  54.100  -9.928  36.872 0.1250000000
82754  54.827  -10.214  36.334 0.1250000000
82755  53.879  -9.989  36.009 0.1250000000
82764  54.551  -10.380  35.522 0.1250000000
78678  57.448  -15.114  34.150 0.6250000000
82689  59.387  -10.208  42.473 0.3750000000
83692  56.234  -9.319  39.202 0.2500000000
83736  53.118  -9.801  36.554 0.1250000000
83712  52.793  -9.211  37.990 0.1250000000
82775  53.107  -9.686  34.945 0.1250000000
82765  53.760  -10.007  35.221 0.1250000000
82774  53.736  -9.909  34.606 0.1250000000
79753  58.148  -14.366  33.457 0.7500000000
80810  57.621  -12.278  33.224 0.2500000000
79752  58.591  -13.902  33.102 0.5000000000
78710  58.222  -14.238  32.324 0.7500000000
83737  52.153  -9.630  36.283 0.1250000000
83713  51.827  -9.087  37.791 0.1250000000
82780  54.095  -10.011  33.986 0.2500000000
83771  54.464  -9.568  33.334 0.1250000000
147863  57.465  -14.175  32.150 0.7500000000
80817  58.584  -12.985  33.227 0.2500000000
147365  58.999  -12.546  32.828 0.5000000000
81863  55.420  -11.542  29.639 0.1250000000
80854  56.916  -11.840  30.167 0.1250000000
85713  55.222  -8.116  32.953 0.1250000000
137446  54.557  -8.321  33.184 0.1250000000
85712  56.099  -8.033  32.862 0.1250000000
84787  55.685  -8.646  32.680 0.1250000000
132212  57.260  -10.465  32.495 0.2500000000
83782  57.899  -9.865  32.416 0.2500000000
82790  57.998  -10.991  32.484 0.2500000000
81840  58.915  -11.698  32.636 0.2500000000
80826  60.073  -13.368  31.754 0.5000000000
80853  57.991  -11.935  30.231 0.1250000000
81861  57.392  -11.296  29.791 0.1250000000
82827  55.584  -10.466  28.394 0.1250000000
128720  55.884  -10.046  27.595 0.1250000000
84785  57.374  -8.887  32.454 0.1250000000
82789  59.020  -10.584  32.498 0.2500000000
81838  60.539  -11.665  32.434 0.3750000000
80832  60.303  -12.724  31.113 0.3750000000
81851  59.788  -12.097  30.442 0.5000000000
145976  57.865  -10.775  29.415 0.1250000000
153037  56.038  -10.192  28.359 0.1250000000
82826  56.618  -9.998  28.201 0.1250000000
82831  56.808  -9.804  27.260 0.1250000000
83821  56.175  -9.855  26.733 0.1250000000
82836  55.266  -10.020  25.395 0.1250000000
83844  56.116  -9.803  25.055 0.1250000000
82841  56.277  -10.176  24.207 0.1250000000
82854  56.384  -10.511  23.380 0.1250000000
83781  58.881  -9.549  32.529 0.2500000000
142067  60.238  -10.652  32.631 0.2500000000
80825  60.873  -12.113  32.108 0.3750000000
81850  60.479  -11.884  30.602 0.3750000000
81866  58.842  -10.737  29.470 0.2500000000
81865  59.649  -10.623  29.521 0.2500000000
82817  58.350  -10.101  28.849 0.2500000000
82825  57.709  -9.723  27.907 0.1250000000
83820  56.873  -9.753  26.301 0.1250000000
83832  56.060  -9.764  25.926 0.1250000000
83831  56.779  -9.782  25.546 0.1250000000
83843  57.103  -9.902  24.798 0.1250000000
82840  57.100  -10.146  23.934 0.1250000000
82863  58.956  -9.855  21.703 0.1250000000
82852  57.976  -10.017  22.835 0.1250000000
83871  59.942  -9.372  22.438 0.1250000000
81849  61.098  -11.433  30.895 0.3750000000
153161  60.113  -10.504  29.525 0.2500000000
129233  60.245  -10.098  29.008 0.1250000000
82816  59.396  -10.089  28.895 0.1250000000
82824  59.052  -9.695  27.940 0.1250000000
83810  58.462  -9.607  27.144 0.1250000000
83819  57.674  -9.676  26.726 0.1250000000
131178  57.674  -9.830  25.665 0.1250000000
154841  57.744  -10.070  24.353 0.1250000000
83858  59.710  -9.526  23.343 0.1250000000
83859  58.812  -9.931  23.505 0.1250000000
83872  58.943  -9.845  22.642 0.1250000000
83878  59.820  -9.491  21.442 0.1250000000
82815  61.024  -9.945  28.928 0.1250000000
82823  60.065  -9.836  28.237 0.1250000000
83807  61.446  -9.432  27.738 0.1250000000
83808  60.616  -9.622  27.637 0.1250000000
83809  59.308  -9.615  26.892 0.1250000000
83818  58.578  -9.734  26.243 0.1250000000
152286  61.706  -9.243  27.076 0.1250000000
83828  61.178  -9.210  25.621 0.1250000000
146111  60.487  -9.495  25.991 0.1250000000
83830  58.671  -10.020  25.291 0.1250000000
83841  60.226  -9.226  24.096 0.1250000000
83829  59.572  -9.829  24.775 0.1250000000
130206  57.970  -10.073  24.902 0.1250000000
132133  59.465  -9.756  24.036 0.1250000000
83842  58.601  -10.039  24.381 0.1250000000
83870  60.815  -8.886  22.532 0.1250000000
83816  62.012  -8.938  26.332 0.1250000000
83827  61.919  -8.739  25.160 0.1250000000
128853  61.064  -8.979  24.598 0.1250000000
83840  61.773  -8.644  24.130 0.1250000000
129124  61.027  -8.784  23.660 0.1250000000
83856  61.711  -8.573  23.179 0.1250000000
83857  60.474  -8.991  23.195 0.1250000000
59306  16.846  -34.050  57.035 0.3750000000
139830  9.294  -45.104  61.980 0.6250000000
46178  8.495  -45.340  61.571 0.6250000000
46163  7.212  -45.679  61.305 0.6250000000
47278  9.924  -43.982  61.224 0.6250000000
140025  10.114  -43.358  59.672 0.5000000000
57191  23.412  -35.084  60.672 0.2500000000
145255  22.873  -35.923  60.570 0.2500000000
56201  21.817  -37.023  59.655 0.2500000000
145785  41.719  -35.865  57.932 0.5000000000
57285  45.453  -34.736  52.188 0.2500000000
58289  45.524  -34.108  51.731 0.2500000000
59364  46.198  -33.629  51.829 0.2500000000
79676  49.362  -13.574  40.783 0.5000000000
81758  52.371  -11.683  40.384 0.5000000000
80752  53.138  -11.913  38.942 0.5000000000
78681  54.601  -14.484  34.143 0.5000000000
78694  57.738  -14.919  33.449 0.5000000000
83725  55.167  -9.814  37.853 0.2500000000
83785  54.947  -8.958  32.833 0.1250000000
83783  56.753  -9.715  32.419 0.2500000000
82773  54.376  -10.406  34.678 0.1250000000
135527  6.154  -45.770  61.301 0.6250000000
49481  11.891  -42.394  59.854 0.5000000000
51420  14.306  -41.049  58.509 0.5000000000
50442  12.576  -41.712  58.181 0.5000000000
53843  18.890  -38.558  58.749 0.3750000000
55030  20.002  -38.199  59.446 0.2500000000
55046  42.878  -36.118  57.393 0.5000000000
81760  51.266  -11.998  39.621 0.5000000000
132729  50.863  -12.198  38.851 0.5000000000
44073  11.045  -46.604  54.368 0.1250000000
46165  5.803  -45.596  61.176 0.6250000000
46182  4.652  -45.487  60.162 0.6250000000
47302  4.657  -44.687  60.078 0.6250000000
47317  4.458  -44.372  59.516 0.6250000000
48386  4.629  -43.748  60.051 0.6250000000
48402  4.440  -43.539  59.318 0.6250000000
46181  5.045  -45.713  60.680 0.6250000000
47285  5.083  -44.968  60.552 0.6250000000
128970  4.637  -40.871  58.765 0.6250000000
79718  54.929  -13.569  36.670 0.5000000000
146942  53.740  -14.113  34.422 0.3750000000
80855  55.899  -11.833  30.143 0.1250000000
80815  59.881  -13.308  32.372 0.5000000000
66046  45.678  -27.814  42.381 0.5000000000
80834  58.611  -12.650  30.640 0.2500000000
80833  59.500  -12.998  30.961 0.3750000000
41904  10.261  -48.544  53.634 0.1250000000
48385  4.868  -42.432  60.461 0.6250000000
50426  4.735  -41.469  60.452 0.6250000000
46166  5.570  -45.255  60.928 0.6250000000
47283  6.185  -43.976  60.917 0.6250000000
62528  19.605  -30.366  55.486 0.2500000000
60389  20.071  -33.335  54.475 0.2500000000
58238  18.304  -34.223  54.725 0.2500000000
129566  5.517  -42.536  60.883 0.6250000000
61431  18.380  -31.684  55.833 0.2500000000
59322  17.877  -33.763  55.566 0.2500000000
50416  5.908  -41.187  61.281 0.6250000000
51395  6.267  -40.690  61.683 0.6250000000
51396  5.214  -40.136  61.171 0.3750000000
57256  20.730  -35.829  54.840 0.2500000000
56265  19.472  -36.372  54.621 0.2500000000
58251  20.444  -34.645  54.398 0.2500000000
55080  19.000  -37.200  54.796 0.2500000000
53900  16.604  -37.796  54.807 0.5000000000
55092  17.113  -37.148  54.598 0.3750000000
53887  16.116  -38.541  55.596 0.5000000000
60388  20.489  -32.935  54.559 0.2500000000
57259  18.195  -35.647  54.370 0.2500000000
55093  16.231  -37.193  54.611 0.5000000000
55094  15.422  -37.285  54.724 0.5000000000
64807  21.207  -28.031  55.848 0.2500000000
49473  6.841  -42.222  60.530 0.6250000000
149654  17.181  -35.004  54.689 0.2500000000
57260  16.600  -35.428  54.680 0.3750000000
56270  14.971  -36.668  54.841 0.5000000000
51413  7.794  -41.110  60.167 0.5000000000
149106  15.276  -35.684  55.572 0.5000000000
56256  13.540  -36.788  55.776 0.5000000000
52547  9.158  -39.411  59.648 0.5000000000
58227  16.394  -34.723  56.354 0.3750000000
57239  14.212  -35.789  56.926 0.5000000000
55072  11.642  -37.896  56.743 0.5000000000
53845  10.280  -38.563  58.363 0.5000000000
56217  11.925  -37.004  58.283 0.5000000000
53834  10.239  -38.310  59.393 0.3750000000
52534  8.244  -39.617  60.910 0.5000000000
53820  10.047  -37.942  60.318 0.3750000000
51393  7.264  -40.402  61.473 0.3750000000
51394  6.819  -40.591  61.606 0.6250000000
56205  12.009  -36.749  59.388 0.3750000000
52525  8.057  -39.428  61.496 0.3750000000
53822  8.637  -38.912  61.169 0.3750000000
51383  6.462  -40.243  62.178 0.3750000000
52526  7.557  -39.848  61.758 0.3750000000
52515  7.319  -39.576  62.345 0.3750000000
58215  16.174  -34.372  57.409 0.3750000000
148825  14.626  -35.459  57.773 0.3750000000
55019  10.648  -37.196  60.748 0.3750000000
52517  5.990  -39.660  62.348 0.3750000000
52516  6.698  -39.686  62.454 0.3750000000
52527  5.578  -39.620  61.730 0.3750000000
53787  8.324  -38.572  62.591 0.3750000000
53786  9.057  -38.162  62.249 0.3750000000
56214  21.699  -36.778  58.740 0.2500000000
59242  24.834  -33.005  63.341 0.2500000000
57212  22.962  -35.321  58.871 0.2500000000
57213  22.221  -35.980  58.253 0.2500000000
56215  20.914  -36.997  58.323 0.2500000000
55054  20.167  -37.248  57.869 0.2500000000
53858  18.099  -38.162  57.129 0.3750000000
51419  15.908  -40.259  58.346 0.5000000000
57225  22.071  -35.745  57.153 0.2500000000
56227  20.769  -36.738  57.269 0.2500000000
55067  20.087  -37.050  56.770 0.2500000000
52571  16.297  -39.282  57.396 0.5000000000
51428  15.295  -40.106  57.753 0.5000000000
47280  7.973  -44.913  60.907 0.6250000000
58213  23.387  -33.848  58.107 0.2500000000
61421  23.015  -31.113  58.587 0.2500000000
59294  23.202  -33.514  57.128 0.2500000000
150516  22.889  -34.206  56.554 0.2500000000
57235  21.899  -35.602  56.047 0.2500000000
55068  19.465  -37.375  56.207 0.2500000000
56251  21.134  -36.021  55.608 0.2500000000
53872  18.165  -38.005  56.077 0.2500000000
53874  16.792  -38.783  56.956 0.5000000000
52572  15.599  -39.599  57.074 0.5000000000
147431  13.753  -40.770  57.143 0.5000000000
50443  11.661  -41.824  58.067 0.5000000000
48418  9.837  -43.155  59.154 0.6250000000
47316  8.900  -43.730  59.945 0.6250000000
140665  6.492  -45.576  61.296 0.6250000000
136978  22.961  -32.878  56.576 0.2500000000
60371  22.553  -32.803  55.822 0.2500000000
59318  22.366  -33.605  55.282 0.2500000000
58237  22.105  -34.421  54.962 0.2500000000
142805  19.457  -37.247  55.335 0.2500000000
52583  16.011  -38.931  56.449 0.5000000000
52585  14.382  -39.565  56.087 0.5000000000
49497  9.686  -42.531  58.625 0.5000000000
151179  9.277  -43.376  59.497 0.5000000000
48383  8.141  -43.693  60.241 0.6250000000
46180  6.634  -45.124  61.217 0.6250000000
61430  22.030  -31.160  56.469 0.2500000000
141142  21.489  -30.522  56.419 0.2500000000
52586  13.523  -39.664  56.038 0.5000000000
142275  10.464  -41.521  57.672 0.5000000000
50457  11.535  -41.012  57.085 0.5000000000
154810  9.999  -41.625  57.849 0.5000000000
48419  9.132  -42.999  59.114 0.5000000000
49498  8.956  -42.304  58.828 0.5000000000
48401  8.015  -43.119  60.084 0.6250000000
47301  6.794  -43.859  60.777 0.6250000000
64806  22.041  -28.076  55.893 0.2500000000
52600  13.915  -39.028  55.494 0.5000000000
51437  11.435  -40.425  56.688 0.5000000000
51438  10.813  -40.167  56.795 0.5000000000
50445  8.848  -41.607  58.729 0.5000000000
50434  7.946  -41.904  59.844 0.6250000000
49485  7.541  -42.473  60.181 0.6250000000
48384  6.623  -42.921  60.697 0.6250000000
52602  12.215  -39.156  56.042 0.5000000000
136955  12.016  -38.322  56.166 0.5000000000
52589  10.552  -39.568  56.872 0.5000000000
51422  9.187  -40.317  58.366 0.5000000000
51423  8.764  -40.861  58.907 0.5000000000
136122  8.346  -41.412  59.410 0.5000000000
64826  22.417  -28.204  54.653 0.2500000000
53875  12.647  -38.363  55.743 0.5000000000
53861  10.430  -38.879  57.392 0.5000000000
65911  23.120  -27.921  53.012 0.2500000000
66922  23.220  -26.502  52.817 0.2500000000
56203  13.189  -36.041  59.059 0.3750000000
57207  42.192  -35.112  58.063 0.6250000000
152276  41.868  -34.698  58.188 0.6250000000
58206  15.709  -33.996  58.059 0.3750000000
58207  15.197  -34.245  58.368 0.3750000000
53803  9.818  -37.648  61.126 0.3750000000
53789  6.964  -39.084  62.704 0.3750000000
57205  44.030  -34.885  58.314 0.3750000000
56206  43.349  -35.712  57.653 0.6250000000
130408  42.762  -34.736  58.264 0.3750000000
60349  16.842  -32.722  57.682 0.1250000000
56191  11.846  -36.228  60.428 0.3750000000
55008  10.335  -37.061  61.573 0.3750000000
54999  8.927  -38.005  62.819 0.3750000000
53770  7.804  -38.370  62.996 0.3750000000
52535  5.363  -39.207  60.865 0.3750000000
56232  44.508  -36.447  56.734 0.3750000000
56233  43.881  -36.583  56.787 0.6250000000
59287  15.368  -33.683  58.692 0.3750000000
58196  13.632  -34.608  60.108 0.2500000000
129246  5.916  -38.337  61.061 0.3750000000
151463  42.971  -36.713  56.972 0.5000000000
60305  24.527  -31.919  61.755 0.2500000000
59285  23.663  -33.188  59.009 0.2500000000
61375  24.946  -31.362  61.664 0.2500000000
61394  23.483  -30.310  59.335 0.2500000000
61408  23.438  -31.114  59.313 0.2500000000
63637  22.843  -28.571  58.041 0.2500000000
63669  24.536  -28.716  55.676 0.2500000000
64789  22.741  -28.317  57.109 0.2500000000
135299  41.510  -34.422  58.292 0.6250000000
68927  25.500  -25.278  54.971 0.1250000000
56181  11.787  -35.744  61.703 0.2500000000
54997  10.085  -36.973  62.169 0.3750000000
56219  46.008  -35.637  56.996 0.2500000000
58199  44.243  -34.162  58.558 0.3750000000
61410  16.518  -31.583  58.888 0.1250000000
59272  15.752  -32.984  59.236 0.2500000000
146654  12.612  -35.299  61.041 0.2500000000
55020  5.844  -37.832  60.168 0.3750000000
61374  25.419  -31.261  61.779 0.2500000000
62463  24.943  -30.553  60.262 0.2500000000
62464  24.488  -30.557  59.969 0.2500000000
62497  25.404  -30.055  59.576 0.2500000000
63624  25.018  -29.480  58.956 0.2500000000
63608  24.614  -29.655  59.374 0.2500000000
63609  23.896  -29.382  59.244 0.2500000000
154602  24.585  -28.950  58.033 0.2500000000
63650  26.518  -29.876  56.846 0.2500000000
63651  25.185  -28.953  56.333 0.2500000000
63685  26.014  -28.908  54.349 0.2500000000
63700  24.987  -28.797  53.405 0.2500000000
63697  27.371  -28.884  53.755 0.2500000000
64841  27.819  -28.425  53.314 0.2500000000
65922  27.081  -27.536  52.481 0.2500000000
56166  7.060  -37.094  63.011 0.3750000000
140137  26.796  -25.200  55.465 0.1250000000
68886  26.751  -25.072  56.175 0.1250000000
133089  11.001  -36.109  62.281 0.2500000000
56163  9.270  -36.750  63.182 0.3750000000
54988  8.392  -37.938  63.150 0.3750000000
54989  7.628  -37.690  63.205 0.3750000000
69862  30.210  -24.215  57.390 0.1250000000
135672  15.067  -33.373  59.977 0.2500000000
57248  47.891  -35.068  55.365 0.2500000000
56162  10.789  -35.954  62.700 0.2500000000
57170  9.379  -36.183  63.280 0.2500000000
57168  11.934  -34.947  63.012 0.1250000000
143687  8.843  -35.594  63.424 0.2500000000
58187  13.995  -34.072  60.955 0.1250000000
58182  13.406  -34.519  61.456 0.2500000000
56176  6.760  -36.585  62.420 0.3750000000
141415  19.955  -24.261  56.736 0.1250000000
68871  21.134  -24.273  57.427 0.1250000000
68894  18.366  -24.787  56.573 0.1250000000
64772  16.390  -28.937  58.509 0.1250000000
63627  16.390  -29.797  58.890 0.1250000000
61395  16.142  -31.818  59.776 0.1250000000
56184  6.547  -36.466  61.535 0.3750000000
135561  22.590  -24.460  56.966 0.1250000000
68810  16.844  -24.478  63.892 0.1250000000
65829  16.078  -28.050  63.950 0.1250000000
67823  16.592  -25.581  62.745 0.1250000000
68822  17.085  -24.519  61.539 0.1250000000
68831  17.791  -24.112  60.891 0.1250000000
69836  18.295  -23.577  61.323 0.1250000000
140109  16.514  -26.687  62.192 0.1250000000
68843  18.450  -24.069  59.918 0.1250000000
67839  16.931  -25.082  60.189 0.1250000000
66858  16.558  -26.420  60.627 0.1250000000
68842  19.348  -24.080  59.368 0.1250000000
67848  17.214  -25.064  59.313 0.1250000000
68844  17.984  -24.475  59.149 0.1250000000
59232  12.314  -33.956  63.468 0.1250000000
59233  11.471  -34.202  63.430 0.2500000000
138269  9.980  -34.575  63.444 0.2500000000
68856  19.327  -24.243  58.488 0.1250000000
68857  18.548  -24.452  58.169 0.1250000000
145259  12.318  -35.275  62.180 0.2500000000
136845  19.985  -24.259  58.016 0.1250000000
68874  18.031  -24.768  57.427 0.1250000000
60311  15.462  -32.528  60.554 0.1250000000
133776  14.510  -33.487  61.054 0.1250000000
138745  14.366  -33.374  61.971 0.1250000000
68870  22.001  -24.371  57.636 0.1250000000
58257  48.352  -33.825  53.668 0.2500000000
149911  15.608  -28.346  65.033 0.1250000000
64739  15.551  -29.182  64.153 0.1250000000
62418  14.421  -30.407  65.468 0.1250000000
61339  13.311  -31.248  65.223 0.1250000000
64738  15.810  -28.689  63.714 0.1250000000
62424  15.203  -30.398  64.293 0.1250000000
61341  14.920  -31.352  64.012 0.1250000000
148667  15.688  -30.690  61.993 0.1250000000
62442  15.420  -30.910  62.933 0.1250000000
60277  13.158  -32.477  64.220 0.1250000000
135495  16.275  -27.877  61.531 0.1250000000
60286  15.020  -32.090  62.774 0.1250000000
59229  14.111  -32.850  63.538 0.1250000000
133914  16.317  -28.050  60.507 0.1250000000
61376  15.734  -31.350  61.394 0.1250000000
139941  15.232  -32.136  62.159 0.1250000000
59231  12.994  -33.766  63.454 0.1250000000
64765  16.127  -28.907  60.195 0.1250000000
59345  48.729  -33.182  53.841 0.1250000000
128481  47.578  -32.878  52.282 0.2500000000
128752  30.767  -28.335  56.073 0.2500000000
146492  8.301  -33.780  63.497 0.2500000000
64771  31.178  -28.548  58.964 0.2500000000
62423  9.546  -29.858  65.405 0.2500000000
63585  6.062  -29.565  61.815 0.3750000000
60415  47.707  -32.096  52.004 0.2500000000
60414  48.299  -31.782  52.297 0.2500000000
137845  8.673  -30.051  64.953 0.2500000000
62536  49.234  -30.810  53.576 0.1250000000
62555  47.982  -30.583  51.559 0.2500000000
61473  48.226  -31.163  51.950 0.2500000000
62544  49.167  -30.664  52.882 0.2500000000
65002  44.533  -28.313  42.555 0.3750000000
80778  51.622  -12.337  38.188 0.5000000000
80792  52.323  -12.535  37.819 0.5000000000
66008  46.238  -28.352  45.132 0.3750000000
80799  51.435  -12.826  36.569 0.5000000000
66037  46.115  -28.054  43.128 0.5000000000
83694  54.154  -9.084  38.962 0.1250000000
83726  54.374  -9.699  37.650 0.1250000000
83728  52.409  -9.565  37.164 0.1250000000
84716  52.177  -8.779  38.612 0.1250000000
84717  51.249  -8.554  38.352 0.1250000000
84769  54.131  -8.839  33.314 0.1250000000
81862  56.317  -11.234  29.618 0.1250000000
84786  56.439  -8.775  32.514 0.1250000000
81839  59.715  -12.536  32.587 0.5000000000
80814  60.315  -12.744  32.267 0.5000000000
81860  58.418  -11.347  29.885 0.2500000000
80852  58.963  -12.098  30.285 0.2500000000
81868  56.273  -10.515  28.951 0.1250000000
81867  56.963  -10.808  29.400 0.1250000000
84784  58.401  -8.847  32.603 0.2500000000
131732  59.717  -11.487  32.602 0.2500000000
131115  59.274  -11.340  29.999 0.3750000000
82818  57.253  -10.264  28.857 0.1250000000
82832  55.271  -10.004  26.499 0.1250000000
82855  55.627  -10.740  23.679 0.1250000000
80824  61.314  -11.465  31.783 0.3750000000
147975  60.026  -11.110  30.030 0.3750000000
83860  57.898  -10.033  23.695 0.1250000000
82812  60.540  -10.390  29.489 0.2500000000
82811  61.267  -10.208  29.488 0.2500000000
82822  60.847  -9.742  28.415 0.1250000000
82821  61.432  -9.652  28.480 0.1250000000
82810  62.218  -10.035  29.701 0.2500000000
83817  61.093  -9.393  26.760 0.1250000000
152873  59.903  -9.701  27.472 0.1250000000
150693  60.177  -9.588  26.750 0.1250000000
129125  60.388  -9.469  25.106 0.1250000000
130374  59.612  -9.715  25.843 0.1250000000
130622  61.100  -8.740  23.022 0.1250000000
83869  61.375  -8.637  22.598 0.1250000000
83815  63.046  -8.769  26.570 0.1250000000
83826  62.852  -8.632  25.699 0.1250000000
83839  62.707  -8.542  24.612 0.1250000000
58190  39.967  -34.731  58.512 0.5000000000
135631  39.614  -34.505  58.544 0.5000000000
149067  40.844  -33.584  58.416 0.2500000000
146264  39.850  -33.861  58.341 0.3750000000
150493  38.894  -33.748  58.221 0.3750000000
58203  38.694  -34.406  58.721 0.3750000000
58192  37.575  -34.249  59.387 0.3750000000
59284  35.882  -33.358  58.958 0.3750000000
60345  36.773  -32.189  57.627 0.2500000000
62493  35.830  -29.736  59.197 0.1250000000
61379  32.869  -30.809  60.475 0.1250000000
60303  31.314  -31.455  61.694 0.1250000000
63580  31.556  -28.814  61.272 0.1250000000
61392  33.559  -30.285  60.204 0.1250000000
65845  34.145  -28.158  60.004 0.1250000000
64764  31.152  -28.519  60.474 0.1250000000
65863  33.807  -27.482  59.183 0.1250000000
65864  32.977  -27.429  58.617 0.1250000000
64787  32.109  -27.463  56.089 0.1250000000
65853  36.072  -27.780  59.655 0.1250000000
65870  35.532  -26.882  58.818 0.1250000000
65880  34.331  -27.012  57.351 0.1250000000
133643  33.743  -26.533  55.553 0.1250000000
67856  37.642  -25.114  57.763 0.1250000000
66877  36.654  -25.530  57.511 0.1250000000
66884  35.824  -25.801  56.740 0.1250000000
68901  35.178  -24.122  55.622 0.1250000000
69856  37.536  -22.730  56.285 0.1250000000
150321  36.915  -22.795  56.591 0.1250000000
69865  36.115  -22.121  56.751 0.1250000000
69877  36.277  -22.759  53.906 0.1250000000
130186  36.688  -21.782  55.839 0.1250000000
70782  36.595  -21.864  56.482 0.1250000000
58296  12.259  -34.361  51.103 0.3750000000
70791  35.911  -21.938  54.718 0.1250000000
150379  12.895  -34.014  50.918 0.3750000000
59366  12.669  -33.812  51.587 0.3750000000
61433  12.260  -30.839  56.201 0.2500000000
63660  11.560  -29.625  56.474 0.1250000000
63659  12.172  -29.987  55.938 0.2500000000
63677  11.763  -29.516  55.844 0.1250000000
61451  12.893  -31.327  54.960 0.2500000000
143648  12.568  -29.936  55.295 0.2500000000
61450  13.371  -30.834  54.297 0.1250000000
62535  12.988  -30.346  54.892 0.2500000000
59357  13.130  -33.182  52.074 0.3750000000
60400  13.379  -32.035  53.287 0.2500000000
61461  13.705  -31.223  53.614 0.2500000000
60412  13.607  -32.412  52.516 0.1250000000
64782  11.016  -29.084  56.939 0.2500000000
64794  11.174  -29.319  56.132 0.1250000000
61443  11.953  -31.794  56.106 0.3750000000
62523  11.823  -30.314  56.752 0.3750000000
63676  12.198  -29.487  55.323 0.2500000000
63688  12.725  -29.619  54.760 0.2500000000
61460  14.164  -30.791  53.165 0.1250000000
63687  13.285  -29.989  54.264 0.2500000000
61471  14.028  -31.565  52.924 0.2500000000
137314  38.568  -32.056  45.663 0.2500000000
62514  11.371  -30.696  57.588 0.2500000000
63641  10.746  -29.122  57.731 0.2500000000
64783  10.265  -28.705  57.387 0.1250000000
63640  11.326  -29.717  57.288 0.2500000000
129320  9.530  -28.468  57.018 0.1250000000
64795  10.268  -28.893  56.473 0.1250000000
61434  11.813  -31.181  56.853 0.2500000000
64813  11.556  -29.305  55.378 0.1250000000
64830  11.027  -29.127  54.738 0.1250000000
63703  12.873  -29.324  54.043 0.1250000000
64812  12.091  -29.087  54.584 0.1250000000
63702  13.478  -29.676  53.566 0.1250000000
61553  39.586  -30.797  45.647 0.3750000000
64766  9.878  -28.753  59.037 0.2500000000
64774  9.316  -28.233  58.726 0.2500000000
64784  9.270  -28.215  57.812 0.1250000000
63629  10.447  -29.244  58.553 0.2500000000
63628  10.957  -29.904  58.108 0.2500000000
64773  10.118  -28.639  58.240 0.2500000000
65885  8.563  -28.034  57.029 0.1250000000
133688  9.648  -28.958  55.568 0.1250000000
64815  8.596  -28.486  55.397 0.1250000000
143909  10.682  -29.199  55.553 0.1250000000
64814  10.143  -29.157  54.934 0.1250000000
154329  12.476  -28.798  52.954 0.1250000000
64849  13.036  -29.076  53.280 0.1250000000
64851  11.337  -28.854  53.870 0.1250000000
61536  40.671  -30.835  46.703 0.3750000000
63713  13.702  -29.361  52.862 0.1250000000
62626  40.245  -30.305  45.927 0.3750000000
61371  5.800  -31.326  62.679 0.2500000000
63578  5.572  -30.024  62.822 0.2500000000
63574  5.786  -29.167  63.223 0.2500000000
63586  5.691  -30.170  62.071 0.2500000000
67845  8.331  -25.707  59.776 0.2500000000
66867  8.078  -26.077  59.509 0.2500000000
67854  8.429  -25.494  59.110 0.1250000000
65857  7.837  -26.600  59.727 0.2500000000
65867  8.033  -26.798  58.949 0.1250000000
66874  8.134  -26.031  58.597 0.1250000000
65876  8.146  -26.742  57.940 0.1250000000
64767  9.048  -28.308  59.587 0.2500000000
65875  8.528  -27.562  58.371 0.1250000000
151107  8.453  -27.556  57.666 0.1250000000
64797  8.037  -27.865  56.161 0.1250000000
129955  9.252  -28.869  54.701 0.1250000000
143248  11.667  -28.673  53.022 0.1250000000
132977  10.636  -28.603  53.123 0.1250000000
64831  10.111  -28.940  54.038 0.1250000000
64869  12.031  -28.555  52.321 0.1250000000
64870  11.052  -28.444  52.349 0.1250000000
154344  6.274  -29.073  63.833 0.2500000000
64742  6.353  -28.415  63.330 0.2500000000
64744  6.125  -28.459  62.686 0.2500000000
63577  5.787  -29.304  62.450 0.2500000000
66859  9.624  -25.918  60.368 0.1250000000
67835  10.144  -25.674  60.074 0.1250000000
65841  6.574  -27.736  62.695 0.2500000000
64748  6.211  -28.499  62.028 0.2500000000
67836  9.247  -25.578  60.045 0.1250000000
65843  6.818  -27.055  62.062 0.2500000000
65858  7.867  -26.331  60.150 0.2500000000
67837  8.567  -25.764  60.082 0.2500000000
67844  8.878  -25.294  59.508 0.2500000000
67843  9.803  -25.253  59.570 0.1250000000
67852  9.584  -25.007  58.846 0.1250000000
64753  7.286  -28.257  60.933 0.2500000000
140824  7.330  -27.336  60.846 0.2500000000
67853  8.961  -25.112  58.640 0.1250000000
67861  8.504  -25.674  57.406 0.1250000000
67869  8.173  -25.855  56.517 0.1250000000
65886  8.239  -27.219  57.040 0.1250000000
66887  7.936  -26.821  56.393 0.1250000000
144948  7.840  -26.403  55.911 0.1250000000
64816  7.910  -28.072  55.146 0.1250000000
65904  7.787  -27.577  54.776 0.1250000000
130053  9.611  -28.511  53.179 0.1250000000
64853  8.262  -28.399  53.448 0.1250000000
138502  10.553  -28.116  51.810 0.1250000000
148310  9.341  -28.314  52.543 0.1250000000
64872  8.729  -28.467  53.030 0.1250000000
138043  8.747  -28.291  52.234 0.1250000000
64873  8.219  -28.371  52.804 0.1250000000
137102  8.003  -28.232  52.251 0.1250000000
137325  11.527  -26.669  63.039 0.1250000000
66845  10.707  -27.144  62.825 0.1250000000
134092  10.960  -26.833  62.144 0.1250000000
66847  12.191  -26.142  62.660 0.1250000000
67830  11.548  -26.190  61.077 0.1250000000
66848  11.517  -26.424  61.994 0.1250000000
66853  10.732  -26.548  61.339 0.1250000000
67831  10.454  -26.145  60.560 0.1250000000
65835  6.896  -27.893  63.230 0.2500000000
134903  9.402  -26.979  62.048 0.2500000000
66849  10.124  -26.918  61.833 0.1250000000
66854  9.672  -26.341  60.955 0.2500000000
67834  11.182  -25.800  60.274 0.1250000000
65840  7.172  -27.318  62.613 0.2500000000
130908  9.273  -26.592  61.518 0.2500000000
66855  8.723  -26.330  61.062 0.2500000000
66860  8.994  -25.985  60.490 0.2500000000
67842  10.820  -25.413  59.684 0.1250000000
65848  7.571  -26.761  60.825 0.2500000000
66856  8.219  -26.232  60.586 0.2500000000
66861  7.963  -26.273  60.460 0.2500000000
64747  6.794  -27.455  61.495 0.2500000000
65847  7.580  -26.933  60.280 0.2500000000
144678  11.291  -25.099  58.353 0.1250000000
67859  9.558  -25.036  58.143 0.1250000000
67860  9.121  -25.231  57.663 0.1250000000
67868  8.808  -25.399  56.928 0.1250000000
68878  10.673  -25.082  57.094 0.1250000000
153101  10.261  -24.788  55.959 0.1250000000
67877  8.773  -25.309  56.210 0.1250000000
67878  8.161  -25.828  55.692 0.1250000000
65894  7.774  -27.297  55.642 0.1250000000
67894  8.875  -25.381  55.308 0.1250000000
66895  7.888  -26.676  55.212 0.1250000000
66903  7.815  -27.702  53.880 0.1250000000
136619  9.689  -28.093  51.942 0.1250000000
64834  7.944  -28.201  53.421 0.1250000000
66924  7.408  -27.430  52.436 0.1250000000
82668  60.050  -11.007  44.390 0.2500000000
81708  60.214  -12.136  44.615 0.1250000000
83662  59.955  -10.546  43.645 0.2500000000
140140  60.682  -11.197  44.028 0.3750000000
64888  7.812  -27.939  51.582 0.1250000000
66930  7.298  -27.203  51.759 0.1250000000
82675  60.358  -10.725  43.440 0.2500000000
65839  8.099  -27.211  62.585 0.2500000000
65838  9.095  -27.328  62.594 0.2500000000
146000  12.824  -25.888  62.992 0.1250000000
66850  8.519  -26.671  61.860 0.2500000000
66851  7.544  -26.741  61.957 0.2500000000
151819  8.029  -26.489  61.280 0.2500000000
66857  7.501  -26.613  61.238 0.2500000000
67841  11.877  -25.315  59.944 0.1250000000
67850  11.571  -25.171  59.165 0.1250000000
67851  10.516  -25.111  58.976 0.1250000000
68937  9.649  -24.909  54.884 0.1250000000
134277  58.185  -12.255  45.055 0.1250000000
136864  57.805  -12.878  45.283 0.1250000000
79605  58.316  -13.323  44.513 0.1250000000
82669  58.710  -10.857  44.419 0.1250000000
81709  59.600  -11.559  44.680 0.1250000000
80683  58.971  -12.798  44.378 0.1250000000
79604  59.836  -13.915  44.878 0.1250000000
79617  60.072  -13.993  44.538 0.1250000000
84658  59.096  -9.825  42.951 0.1250000000
83663  58.873  -9.840  43.321 0.2500000000
80700  60.171  -13.332  44.519 0.2500000000
83670  59.320  -10.069  42.790 0.1250000000
84697  57.737  -9.054  40.033 0.2500000000
84684  58.110  -8.665  40.773 0.2500000000
131876  58.939  -9.303  41.419 0.2500000000
82701  59.082  -9.866  41.430 0.2500000000
81699  57.108  -11.448  45.236 0.1250000000
82658  58.429  -11.590  44.767 0.1250000000
78578  56.661  -14.456  45.145 0.1250000000
76570  55.528  -15.808  45.650 0.2500000000
78577  57.467  -13.713  44.575 0.1250000000
84660  57.106  -7.984  43.583 0.1250000000
84648  58.035  -9.141  43.655 0.1250000000
85589  57.492  -8.075  42.878 0.1250000000
84659  58.304  -8.868  43.100 0.1250000000
84686  56.025  -8.465  40.557 0.1250000000
84677  56.523  -8.140  41.373 0.1250000000
85597  56.758  -7.583  42.732 0.1250000000
84668  58.517  -8.763  42.387 0.1250000000
84698  56.682  -8.890  39.889 0.1250000000
84676  57.537  -8.274  41.398 0.1250000000
84675  58.373  -8.541  41.558 0.2500000000
84674  58.860  -9.000  41.815 0.1250000000
75616  55.081  -16.649  46.140 0.2500000000
75601  53.928  -17.808  46.579 0.3750000000
74647  53.208  -18.166  46.449 0.5000000000
75617  54.320  -16.969  46.059 0.3750000000
82659  57.260  -10.597  44.746 0.1250000000
140850  56.922  -12.230  45.581 0.1250000000
152583  57.618  -13.643  45.043 0.1250000000
76554  56.069  -15.721  45.917 0.2500000000
76572  53.910  -16.469  45.502 0.3750000000
75618  53.569  -17.289  45.953 0.5000000000
83649  56.001  -9.308  45.002 0.1250000000
82660  55.834  -10.319  45.274 0.1250000000
84649  57.047  -8.398  44.069 0.1250000000
143677  55.374  -8.056  46.077 0.1250000000
83650  55.087  -9.001  46.099 0.1250000000
85581  56.181  -6.804  44.194 0.1250000000
86570  55.435  -6.010  44.827 0.1250000000
85574  54.946  -6.547  46.103 0.1250000000
84651  53.523  -7.029  45.224 0.1250000000
84699  55.572  -8.832  39.799 0.1250000000
85598  55.806  -6.641  43.420 0.1250000000
86579  55.198  -5.816  44.092 0.1250000000
87534  54.451  -5.406  45.032 0.1250000000
85582  53.899  -6.217  45.342 0.1250000000
86581  53.419  -5.064  44.284 0.1250000000
73692  51.396  -19.831  46.543 0.5000000000
67014  45.959  -27.495  43.468 0.3750000000
75600  54.737  -17.513  46.681 0.3750000000
141342  56.110  -15.399  46.468 0.1250000000
78564  56.348  -15.062  45.859 0.1250000000
82661  54.786  -9.890  46.202 0.1250000000
85566  54.778  -7.164  46.730 0.1250000000
83641  54.957  -8.232  47.061 0.1250000000
84633  54.357  -7.655  47.015 0.1250000000
82650  54.280  -9.339  47.468 0.1250000000
138114  56.070  -15.170  33.323 0.6250000000
78695  57.052  -15.350  33.466 0.6250000000
149515  31.276  -29.335  61.514 0.1250000000
150035  30.814  -28.888  60.908 0.1250000000
62459  32.493  -29.380  61.228 0.1250000000
61407  34.887  -30.218  59.243 0.1250000000
148077  34.809  -31.080  58.797 0.1250000000
64759  36.433  -28.262  59.695 0.1250000000
64758  37.047  -28.334  59.637 0.1250000000
62492  36.771  -29.681  58.894 0.1250000000
59277  43.660  -33.565  58.834 0.2500000000
63579  31.860  -29.279  61.436 0.1250000000
64745  31.201  -28.633  61.058 0.1250000000
59290  39.525  -33.056  58.029 0.2500000000
140664  33.028  -28.362  60.549 0.1250000000
59291  38.456  -33.112  57.820 0.3750000000
61418  38.359  -31.405  57.582 0.2500000000
63619  35.816  -29.059  59.740 0.1250000000
63603  35.267  -28.639  59.945 0.1250000000
62506  37.068  -30.374  58.012 0.1250000000
60307  33.623  -32.682  60.086 0.2500000000
143936  37.658  -28.223  59.441 0.1250000000
58334  12.335  -34.721  49.872 0.3750000000
76571  54.679  -16.176  45.580 0.3750000000
78586  56.410  -14.387  44.725 0.2500000000
83683  58.785  -9.528  40.709 0.2500000000
62632  40.666  -29.350  45.393 0.2500000000
58201  41.234  -33.976  58.377 0.5000000000
59279  42.148  -33.038  58.688 0.2500000000
130100  42.984  -33.674  58.753 0.2500000000
66907  31.467  -26.233  53.768 0.1250000000
66899  31.824  -26.718  54.252 0.1250000000
64788  31.429  -27.840  56.285 0.1250000000
64778  31.494  -27.946  57.379 0.1250000000
133061  31.630  -28.056  58.471 0.1250000000
64800  31.802  -27.509  55.404 0.1250000000
62436  29.992  -30.310  62.254 0.1250000000
62446  30.614  -29.761  61.795 0.1250000000
83676  59.111  -9.602  42.125 0.1250000000
64770  31.692  -27.985  59.512 0.1250000000
58202  40.451  -34.203  58.418 0.5000000000
59281  40.472  -33.015  58.313 0.3750000000
155091  41.133  -32.942  58.516 0.2500000000
59282  37.952  -33.817  58.369 0.3750000000
60343  39.096  -32.093  57.740 0.2500000000
58185  37.131  -34.610  60.661 0.3750000000
59283  36.894  -33.650  58.711 0.3750000000
59292  37.327  -33.110  57.903 0.3750000000
59259  36.252  -34.111  60.735 0.3750000000
60329  36.289  -32.919  58.144 0.3750000000
60330  35.387  -32.521  58.436 0.3750000000
61420  36.235  -31.171  57.844 0.2500000000
62505  38.127  -30.513  57.759 0.2500000000
60344  37.905  -32.243  57.522 0.3750000000
63618  36.473  -29.122  59.528 0.1250000000
62507  36.242  -30.307  58.427 0.1250000000
143877  35.495  -30.655  58.534 0.1250000000
62457  33.745  -29.257  60.515 0.1250000000
60318  33.382  -31.468  59.869 0.2500000000
60309  32.293  -31.373  60.838 0.2500000000
60308  32.880  -32.004  60.383 0.2500000000
62444  31.920  -29.977  61.536 0.1250000000
61373  31.301  -30.563  61.718 0.1250000000
61380  32.430  -30.287  61.114 0.1250000000
61362  30.800  -31.186  62.072 0.1250000000
59253  31.480  -32.328  61.831 0.1250000000
61372  31.786  -30.872  61.324 0.1250000000
63590  32.338  -28.648  61.066 0.1250000000
143184  32.378  -28.128  60.614 0.1250000000
63604  34.512  -28.930  60.279 0.1250000000
62473  35.147  -29.356  59.847 0.1250000000
61391  34.069  -30.967  59.322 0.2500000000
63588  33.770  -28.527  60.371 0.1250000000
147955  33.527  -28.161  60.209 0.1250000000
65854  34.701  -27.867  59.687 0.1250000000
65861  35.616  -27.433  59.479 0.1250000000
64760  34.929  -28.163  59.853 0.1250000000
64761  33.067  -27.655  59.682 0.1250000000
65871  34.547  -27.134  58.536 0.1250000000
64749  33.043  -27.968  60.251 0.1250000000
65855  33.824  -27.828  59.884 0.1250000000
147820  32.192  -27.612  57.956 0.1250000000
65872  33.666  -27.264  58.012 0.1250000000
65873  32.843  -27.364  57.428 0.1250000000
64762  32.358  -27.782  60.064 0.1250000000
65891  32.524  -27.176  55.626 0.1250000000
64777  32.105  -27.550  56.894 0.1250000000
66865  36.260  -26.788  59.288 0.1250000000
128727  36.414  -26.179  58.661 0.1250000000
66878  35.778  -26.325  57.666 0.1250000000
65881  33.479  -27.169  56.884 0.1250000000
66889  35.278  -25.918  56.119 0.1250000000
66879  35.070  -26.782  57.816 0.1250000000
67873  34.099  -25.860  55.207 0.1250000000
65889  34.080  -26.824  56.343 0.1250000000
65890  33.247  -26.972  55.989 0.1250000000
66892  32.971  -26.731  55.247 0.1250000000
67847  37.751  -25.582  58.565 0.1250000000
67864  37.370  -24.648  57.143 0.1250000000
68880  37.989  -23.528  56.619 0.1250000000
140053  37.108  -25.668  58.464 0.1250000000
143183  37.143  -24.137  56.808 0.1250000000
136102  37.830  -23.824  56.923 0.1250000000
67871  35.771  -25.120  56.166 0.1250000000
68882  36.503  -24.015  56.461 0.1250000000
67872  35.007  -25.280  55.582 0.1250000000
151287  35.436  -23.124  56.183 0.1250000000
128298  36.146  -23.181  56.401 0.1250000000
70780  37.468  -22.314  56.049 0.1250000000
69857  37.080  -22.260  56.467 0.1250000000
69864  36.771  -22.079  56.578 0.1250000000
70776  36.892  -21.989  56.482 0.1250000000
70787  37.153  -22.237  55.546 0.1250000000
59365  13.334  -33.555  51.244 0.2500000000
62543  13.698  -30.415  53.682 0.1250000000
64850  12.290  -28.905  53.647 0.1250000000
65866  8.573  -27.668  59.084 0.2500000000
65856  8.090  -27.366  59.682 0.2500000000
150905  8.189  -25.965  57.852 0.1250000000
66882  8.185  -26.346  57.179 0.1250000000
64832  8.417  -28.430  54.423 0.1250000000
64852  8.966  -28.620  53.820 0.1250000000
64871  10.132  -28.262  52.444 0.1250000000
68879  9.925  -25.092  57.370 0.1250000000
66902  7.816  -26.940  54.335 0.1250000000
65914  7.612  -27.791  53.042 0.1250000000
64887  8.431  -28.100  51.625 0.1250000000
148136  12.322  -25.572  60.735 0.1250000000
149580  11.131  -25.099  57.626 0.1250000000
68898  9.486  -25.194  56.773 0.1250000000
67924  7.356  -26.727  52.227 0.1250000000
83655  58.880  -10.311  43.797 0.2500000000
81698  59.450  -12.290  44.780 0.1250000000
83656  57.442  -9.553  44.271 0.1250000000
84685  57.139  -8.510  40.627 0.1250000000
77548  56.149  -15.149  45.382 0.2500000000
137142  56.455  -7.544  44.300 0.1250000000
85590  56.498  -7.173  43.491 0.1250000000
85596  57.675  -8.174  42.143 0.1250000000
85607  55.934  -7.532  42.310 0.1250000000
85606  56.958  -7.913  42.000 0.1250000000
76555  55.710  -16.323  46.306 0.2500000000
84640  56.097  -8.098  44.871 0.1250000000
84641  55.396  -7.100  45.993 0.1250000000
86569  55.703  -6.195  44.140 0.1250000000
85573  55.167  -6.264  45.668 0.1250000000
84650  55.765  -6.831  44.996 0.1250000000
87539  54.866  -5.527  44.606 0.1250000000
153497  54.366  -6.984  46.451 0.1250000000
86565  54.726  -5.911  45.491 0.1250000000
84642  53.992  -7.126  46.049 0.1250000000
86588  54.968  -5.994  43.683 0.1250000000
138359  54.111  -5.252  44.570 0.1250000000
86580  54.355  -5.333  44.167 0.1250000000
84632  54.438  -7.855  47.310 0.1250000000
62435  30.723  -30.389  62.011 0.1250000000
62458  33.053  -29.729  60.815 0.1250000000
60317  34.032  -32.230  59.407 0.1250000000
65851  37.323  -27.721  59.678 0.1250000000
150247  37.358  -28.717  59.354 0.1250000000
62491  37.713  -29.678  58.512 0.1250000000
61405  39.886  -30.744  58.316 0.2500000000
61416  39.819  -31.511  58.114 0.2500000000
59261  33.293  -33.154  60.778 0.2500000000
139938  34.279  -33.593  60.765 0.2500000000
59270  34.486  -33.316  59.889 0.2500000000
59268  43.222  -32.908  59.171 0.1250000000
60331  34.609  -31.902  58.768 0.2500000000
29578  3.564  -60.348  52.054 0.1250000000
152407  5.792  -59.261  49.501 0.1250000000
33118  4.045  -57.935  51.531 0.1250000000
30745  5.367  -58.884  50.234 0.1250000000
31899  4.664  -58.352  51.007 0.1250000000
33132  6.148  -58.347  49.143 0.1250000000
31911  5.774  -58.760  49.577 0.1250000000
33117  4.643  -57.507  51.055 0.1250000000
34215  5.399  -57.088  50.617 0.1250000000
33131  6.522  -57.433  49.076 0.1250000000
135954  6.008  -57.567  49.914 0.1250000000
34269  6.340  -56.522  46.693 0.1250000000
34233  6.786  -56.601  48.919 0.2500000000
35409  6.670  -55.436  47.583 0.1250000000
33148  6.556  -56.953  48.148 0.1250000000
36537  6.159  -54.802  46.820 0.2500000000
36536  6.572  -54.113  47.004 0.2500000000
36555  5.764  -54.765  46.189 0.2500000000
37711  5.927  -53.379  45.728 0.1250000000
37687  6.259  -53.275  46.562 0.2500000000
36554  5.875  -54.001  46.399 0.2500000000
38795  6.110  -52.241  46.026 0.2500000000
37688  5.980  -53.140  46.092 0.2500000000
40845  6.040  -50.321  45.993 0.2500000000
143591  5.972  -51.093  45.679 0.1250000000
152864  6.038  -49.576  46.008 0.2500000000
40851  5.863  -50.303  45.641 0.1250000000
41974  5.976  -49.574  45.936 0.1250000000
41972  6.080  -49.569  46.083 0.2500000000
52650  38.268  -37.555  51.393 0.1250000000
55109  36.076  -36.096  52.152 0.1250000000
52670  37.442  -38.121  50.728 0.1250000000
52651  37.561  -37.495  51.044 0.1250000000
53916  36.389  -36.432  51.621 0.1250000000
53925  36.268  -37.051  50.713 0.1250000000
55119  35.890  -36.518  51.211 0.1250000000
52690  37.735  -39.053  50.802 0.1250000000
52689  38.354  -39.427  49.799 0.1250000000
45209  12.186  -45.222  54.685 0.2500000000
45216  12.784  -44.532  54.319 0.2500000000
47408  14.563  -43.740  53.296 0.2500000000
46280  13.641  -44.021  53.849 0.2500000000
47407  15.651  -43.509  53.630 0.2500000000
57231  31.621  -34.480  56.875 0.1250000000
58221  32.061  -34.338  55.947 0.1250000000
46271  13.949  -43.959  55.028 0.2500000000
58212  30.730  -34.366  57.116 0.3750000000
58223  30.050  -34.201  56.765 0.2500000000
58222  31.021  -34.093  56.412 0.1250000000
57243  28.684  -34.580  56.011 0.2500000000
65019  41.363  -28.322  41.287 0.2500000000
72752  50.567  -20.880  46.900 0.3750000000
71791  49.849  -21.129  46.406 0.5000000000
72703  51.358  -20.664  49.925 0.2500000000
71740  51.170  -21.244  49.593 0.2500000000
71762  50.136  -22.028  49.109 0.1250000000
71763  49.106  -22.026  49.391 0.1250000000
74625  54.537  -18.643  47.932 0.2500000000
74626  53.851  -19.082  47.795 0.2500000000
73653  53.013  -20.299  48.618 0.2500000000
72737  52.443  -20.603  48.401 0.2500000000
72719  51.806  -20.928  48.925 0.2500000000
71761  50.857  -21.787  48.768 0.2500000000
71773  50.271  -21.937  47.743 0.2500000000
70844  48.669  -22.283  46.929 0.2500000000
70856  48.708  -22.168  45.997 0.2500000000
74639  53.560  -18.644  47.163 0.2500000000
74640  52.856  -19.002  47.009 0.2500000000
73678  52.549  -19.799  47.463 0.2500000000
72750  52.191  -20.424  47.791 0.2500000000
72739  50.979  -21.085  47.529 0.2500000000
71772  50.725  -21.564  47.643 0.3750000000
70843  49.516  -21.892  46.711 0.3750000000
70867  48.130  -22.532  45.235 0.3750000000
69938  47.454  -23.072  44.506 0.3750000000
73679  51.745  -20.092  47.158 0.3750000000
71781  50.300  -21.279  46.951 0.5000000000
71782  49.654  -21.479  46.452 0.3750000000
69949  47.195  -23.308  44.033 0.5000000000
73652  53.432  -19.821  48.839 0.2500000000
73662  53.891  -19.195  48.411 0.2500000000
73663  53.415  -19.752  48.249 0.2500000000
73664  52.944  -20.204  48.034 0.2500000000
74638  54.269  -18.294  47.261 0.2500000000
73677  53.247  -19.486  47.651 0.2500000000
70857  47.890  -22.615  46.156 0.3750000000
69950  46.813  -23.872  44.170 0.5000000000
78619  48.693  -15.032  40.856 0.2500000000
77599  47.636  -15.621  40.242 0.2500000000
78627  47.643  -15.190  39.929 0.2500000000
78626  48.108  -15.089  40.359 0.2500000000
78625  48.591  -14.165  40.402 0.3750000000
80755  49.948  -12.459  39.328 0.2500000000
79691  49.133  -13.066  39.931 0.2500000000
80756  49.254  -12.712  38.761 0.1250000000
79692  48.407  -13.531  39.484 0.1250000000
78634  47.931  -14.498  39.834 0.3750000000
80781  49.223  -12.796  37.753 0.1250000000
79711  48.450  -13.099  37.439 0.1250000000
130171  50.169  -12.419  38.508 0.1250000000
80779  50.813  -12.448  37.878 0.2500000000
80780  50.000  -12.551  37.862 0.1250000000
80794  50.864  -12.665  37.084 0.2500000000
80795  50.086  -12.912  37.102 0.1250000000
79710  49.300  -13.020  36.957 0.1250000000
38794  6.212  -52.283  46.254 0.2500000000
39778  6.217  -51.256  46.206 0.2500000000
52669  38.077  -38.042  51.076 0.1250000000
70855  49.049  -21.744  45.867 0.3750000000
80738  50.000  -12.656  40.335 0.3750000000
30737  3.278  -59.902  52.106 0.1250000000
31888  3.752  -58.527  51.855 0.1250000000
37667  7.053  -53.400  47.189 0.2500000000
147905  6.828  -54.746  47.508 0.2500000000
57230  32.655  -34.871  56.400 0.1250000000
80793  51.587  -12.615  37.427 0.3750000000
33116  5.476  -58.093  50.340 0.1250000000
148149  5.618  -59.630  49.963 0.1250000000
30746  4.814  -59.317  51.036 0.1250000000
34268  6.528  -56.318  47.662 0.1250000000
35410  6.118  -55.656  46.586 0.1250000000
35426  5.911  -55.554  45.804 0.2500000000
53951  36.258  -38.736  49.841 0.1250000000
72751  51.355  -20.653  47.383 0.2500000000
71760  51.339  -21.349  48.386 0.2500000000
71774  49.473  -22.145  47.906 0.1250000000
72738  51.725  -20.884  48.069 0.2500000000
141993  50.116  -21.650  47.060 0.3750000000
79703  48.383  -13.160  38.475 0.1250000000
57189  37.958  -35.129  59.868 0.3750000000
52722  38.293  -39.270  47.781 0.1250000000
58191  38.865  -34.895  58.986 0.2500000000
56177  37.153  -36.236  61.082 0.3750000000
56178  36.856  -35.684  61.534 0.3750000000
52721  39.140  -39.326  47.966 0.1250000000
133314  37.925  -34.835  59.763 0.2500000000
57190  37.279  -34.955  60.856 0.3750000000
146355  36.950  -34.935  61.501 0.3750000000
60342  40.109  -32.256  58.169 0.1250000000
59248  36.621  -34.654  61.548 0.2500000000
61403  41.231  -31.449  58.715 0.1250000000
61404  40.490  -31.491  58.425 0.1250000000
128638  35.541  -33.684  59.841 0.2500000000
59249  35.784  -34.202  61.382 0.2500000000
58169  36.322  -34.874  62.361 0.3750000000
130729  35.120  -34.155  61.707 0.2500000000
57217  46.406  -34.870  57.264 0.1250000000
59260  35.290  -33.877  60.752 0.2500000000
58179  35.231  -34.701  62.476 0.2500000000
57228  47.722  -34.971  56.212 0.1250000000
59250  34.058  -33.810  61.609 0.1250000000
58219  47.694  -34.128  56.230 0.1250000000
150908  48.025  -34.488  55.688 0.1250000000
59251  33.100  -33.479  61.628 0.1250000000
58172  33.424  -34.379  63.116 0.1250000000
59300  47.642  -33.531  56.065 0.1250000000
59239  32.454  -33.857  62.882 0.1250000000
62633  40.013  -29.882  45.085 0.2500000000
62422  10.337  -29.697  65.815 0.1250000000
143745  8.991  -29.058  65.127 0.1250000000
63568  9.199  -29.421  65.385 0.1250000000
63570  7.777  -29.113  64.525 0.1250000000
64741  7.072  -28.517  63.947 0.1250000000
141742  12.066  -30.351  65.984 0.1250000000
62421  11.195  -30.118  65.766 0.1250000000
63565  10.749  -29.355  66.469 0.1250000000
63566  10.007  -29.179  66.083 0.1250000000
64736  9.267  -28.569  64.726 0.1250000000
128418  9.584  -28.824  65.594 0.1250000000
147893  9.241  -28.224  63.876 0.1250000000
65823  10.038  -28.220  65.383 0.1250000000
65828  9.840  -27.965  64.394 0.1250000000
65827  10.515  -27.756  65.007 0.1250000000
65837  9.949  -27.401  62.655 0.1250000000
62563  48.069  -29.841  51.358 0.1250000000
63724  48.247  -29.022  51.010 0.1250000000
63735  47.787  -28.692  50.231 0.1250000000
63725  47.547  -29.330  50.652 0.1250000000
64904  48.080  -28.254  49.887 0.1250000000
64923  47.723  -28.126  49.000 0.1250000000
66948  47.753  -26.798  48.697 0.1250000000
137648  46.719  -25.842  47.605 0.1250000000
63704  48.573  -29.254  52.591 0.1250000000
63714  48.550  -29.319  51.937 0.1250000000
64889  48.378  -28.351  50.725 0.1250000000
65936  48.382  -27.714  50.614 0.1250000000
65944  48.194  -27.757  49.697 0.1250000000
64854  48.439  -28.576  52.264 0.1250000000
64875  48.437  -28.440  51.557 0.1250000000
65929  48.170  -27.366  51.469 0.1250000000
152895  48.237  -27.399  50.287 0.1250000000
66940  47.950  -27.031  49.858 0.1250000000
65917  47.069  -26.895  52.226 0.1250000000
65930  47.747  -27.236  51.969 0.1250000000
66925  47.498  -26.659  51.726 0.1250000000
66933  47.529  -26.296  50.898 0.1250000000
66941  47.308  -26.170  49.780 0.1250000000
66949  46.917  -26.043  48.669 0.1250000000
68986  46.184  -24.426  46.790 0.1250000000
69939  46.743  -23.812  44.812 0.3750000000
79722  51.174  -13.095  35.688 0.1250000000
129071  53.924  -14.245  33.460 0.2500000000
82800  63.224  -9.776  30.164 0.1250000000
83801  63.808  -9.292  28.770 0.1250000000
81837  61.308  -11.063  32.338 0.1250000000
82802  61.763  -10.676  31.257 0.1250000000
82798  61.935  -10.548  32.181 0.1250000000
82797  62.600  -10.001  31.723 0.1250000000
82801  62.441  -10.129  30.694 0.1250000000
132436  61.542  -10.576  30.279 0.1250000000
83799  63.769  -9.381  29.675 0.1250000000
84799  64.345  -8.448  28.737 0.1250000000
83769  61.544  -8.942  33.518 0.1250000000
82788  61.222  -10.452  32.685 0.1250000000
147544  62.178  -9.009  33.524 0.1250000000
83779  61.824  -9.631  33.206 0.1250000000
82796  63.332  -9.639  31.185 0.1250000000
85719  63.483  -8.338  31.470 0.1250000000
85708  63.296  -8.400  32.204 0.1250000000
86718  63.716  -7.457  29.967 0.1250000000
85723  63.595  -7.905  30.560 0.1250000000
83791  63.781  -8.907  30.721 0.1250000000
83792  63.787  -9.311  30.592 0.1250000000
87714  63.803  -6.286  28.778 0.1250000000
86729  64.194  -6.910  28.981 0.1250000000
85732  64.301  -8.028  29.151 0.1250000000
84792  63.915  -8.612  29.758 0.1250000000
87730  63.495  -6.006  28.442 0.1250000000
87731  62.807  -5.183  28.668 0.1250000000
84783  59.479  -8.803  32.850 0.1250000000
84767  60.249  -8.066  33.607 0.1250000000
149621  59.842  -9.693  32.669 0.1250000000
85688  61.536  -7.554  33.699 0.1250000000
135174  61.490  -7.251  33.623 0.1250000000
83768  62.565  -8.607  33.298 0.1250000000
86701  61.913  -7.328  33.187 0.1250000000
86700  62.553  -7.754  32.919 0.1250000000
83788  63.315  -9.435  32.092 0.1250000000
130590  62.150  -7.109  30.951 0.1250000000
86710  62.660  -7.649  32.065 0.1250000000
85720  63.107  -8.071  32.228 0.1250000000
85724  63.353  -7.930  31.203 0.1250000000
87696  62.830  -5.861  29.380 0.1250000000
86730  63.533  -6.545  29.433 0.1250000000
88673  62.429  -4.130  28.947 0.1250000000
137524  62.770  -5.060  29.094 0.1250000000
86711  61.864  -7.193  32.190 0.1250000000
86720  61.022  -6.659  31.122 0.1250000000
145970  61.914  -6.340  30.085 0.1250000000
87697  62.071  -5.015  29.627 0.1250000000
89599  62.271  -3.311  28.879 0.1250000000
58173  32.677  -34.480  63.666 0.1250000000
58170  35.877  -35.019  62.622 0.2500000000
58171  34.398  -34.628  62.777 0.2500000000
54005  39.578  -38.657  46.411 0.1250000000
129432  54.714  -14.594  33.199 0.2500000000
62428  10.321  -30.435  65.135 0.1250000000
63569  8.474  -29.463  64.884 0.1250000000
62554  48.922  -29.909  52.707 0.1250000000
60316  34.867  -32.915  59.120 0.2500000000
65834  7.718  -27.875  63.251 0.1250000000
65833  8.738  -27.831  63.252 0.1250000000
60328  40.902  -32.266  58.498 0.1250000000
60301  32.499  -32.545  61.022 0.1250000000
153098  34.579  -34.262  62.266 0.2500000000
129873  33.010  -33.808  62.422 0.1250000000
59252  32.167  -33.093  61.844 0.1250000000
64733  10.374  -28.503  66.192 0.1250000000
64740  8.372  -28.496  64.003 0.1250000000
62416  11.467  -29.617  66.560 0.1250000000
65832  9.603  -27.783  63.366 0.1250000000
65915  48.291  -27.780  52.005 0.1250000000
66932  48.097  -27.041  50.858 0.1250000000
85718  63.674  -8.507  30.683 0.1250000000
83780  60.952  -9.726  33.012 0.1250000000
131904  62.452  -9.412  33.171 0.1250000000
83770  60.589  -8.875  33.271 0.1250000000
84766  61.242  -8.102  33.802 0.1250000000
84765  61.941  -8.313  33.628 0.1250000000
84782  62.991  -8.469  32.733 0.1250000000
86719  63.075  -7.300  30.587 0.1250000000
151792  62.760  -6.647  30.061 0.1250000000
87715  63.277  -5.793  28.893 0.1250000000
86681  62.476  -7.839  33.162 0.1250000000
88674  62.271  -3.943  29.200 0.1250000000
88659  61.763  -3.687  29.723 0.1250000000
34163  5.986  -55.944  54.414 0.1250000000
34170  6.469  -55.489  54.132 0.1250000000
44086  11.216  -46.904  53.553 0.1250000000
48607  19.785  -42.808  47.859 0.1250000000
44072  11.431  -45.974  54.067 0.1250000000
45225  12.734  -44.991  53.147 0.1250000000
45217  12.040  -45.435  53.732 0.1250000000
46289  13.120  -45.171  52.095 0.1250000000
47439  14.388  -44.166  51.327 0.1250000000
48558  15.740  -43.252  51.055 0.1250000000
48577  17.407  -42.709  50.555 0.1250000000
48557  16.749  -43.035  51.314 0.1250000000
48576  18.252  -42.527  50.330 0.1250000000
49619  20.192  -42.094  49.639 0.1250000000
49604  18.813  -42.419  50.097 0.1250000000
53957  24.550  -38.183  49.502 0.1250000000
52695  24.209  -39.097  49.989 0.1250000000
51512  23.749  -40.400  48.747 0.1250000000
50555  22.638  -41.527  48.371 0.1250000000
49633  21.141  -42.072  48.274 0.1250000000
49634  20.329  -42.253  48.605 0.1250000000
55142  24.884  -37.358  48.969 0.1250000000
52713  24.103  -39.670  48.277 0.1250000000
50570  23.171  -41.194  47.823 0.1250000000
49632  21.849  -41.799  47.846 0.1250000000
132952  13.675  -44.382  52.764 0.1250000000
47425  14.496  -44.058  52.269 0.1250000000
47438  15.176  -43.755  51.716 0.1250000000
47424  15.434  -43.726  52.655 0.1250000000
58224  29.447  -34.199  56.287 0.1250000000
57244  27.937  -35.055  55.543 0.1250000000
56262  27.342  -35.402  55.028 0.1250000000
58248  28.737  -34.030  54.644 0.1250000000
140460  26.363  -35.597  54.146 0.1250000000
56277  25.676  -36.036  53.730 0.1250000000
49620  19.428  -42.253  49.863 0.1250000000
49603  19.375  -42.504  50.665 0.1250000000
57277  26.885  -34.581  53.012 0.1250000000
56285  25.487  -35.778  52.760 0.1250000000
55121  24.539  -37.103  52.024 0.1250000000
53927  24.444  -38.075  51.663 0.1250000000
149238  25.474  -35.460  51.938 0.1250000000
144204  24.908  -36.253  51.778 0.1250000000
139465  24.205  -38.895  50.937 0.1250000000
51499  23.703  -39.887  50.033 0.1250000000
51501  23.642  -40.957  49.159 0.1250000000
50540  22.852  -41.749  49.383 0.1250000000
49618  21.077  -41.922  49.330 0.1250000000
56303  24.891  -36.336  50.544 0.1250000000
47437  16.177  -43.525  52.040 0.1250000000
56248  28.138  -34.982  56.293 0.2500000000
56249  27.390  -35.549  55.728 0.1250000000
48556  17.626  -42.921  51.540 0.1250000000
56250  26.835  -35.917  55.093 0.1250000000
140408  20.052  -42.264  50.648 0.1250000000
48575  18.955  -42.885  50.943 0.1250000000
55111  24.978  -36.760  52.910 0.1250000000
49600  23.080  -41.998  50.252 0.1250000000
49602  20.960  -41.973  50.319 0.1250000000
52656  24.251  -38.977  51.714 0.1250000000
152585  23.992  -39.388  50.503 0.1250000000
51487  23.483  -40.574  49.825 0.1250000000
49601  22.135  -42.140  50.014 0.1250000000
147812  26.319  -36.664  55.414 0.2500000000
48554  18.942  -42.647  51.811 0.1250000000
48536  17.336  -43.291  52.323 0.1250000000
55089  26.321  -36.493  55.089 0.1250000000
52620  25.060  -38.241  54.289 0.2500000000
48535  18.282  -43.002  52.114 0.1250000000
55090  25.822  -36.871  54.680 0.1250000000
52636  24.671  -38.465  53.494 0.1250000000
153850  21.168  -41.764  51.106 0.1250000000
49586  20.689  -41.936  50.914 0.1250000000
48555  18.257  -42.686  51.221 0.1250000000
55101  26.150  -36.145  54.555 0.1250000000
52655  24.462  -38.331  52.589 0.1250000000
51477  23.818  -39.623  51.579 0.1250000000
50511  22.823  -40.695  51.180 0.1250000000
49584  23.003  -42.007  51.065 0.1250000000
53926  24.559  -37.571  52.536 0.1250000000
50524  23.217  -40.840  50.359 0.1250000000
50525  23.178  -41.528  50.251 0.1250000000
49585  21.594  -42.028  50.821 0.1250000000
52675  23.881  -39.513  50.892 0.1250000000
50538  23.469  -41.041  49.691 0.1250000000
47423  16.492  -43.587  52.977 0.1250000000
59396  13.061  -34.267  49.724 0.1250000000
59379  13.389  -33.816  50.325 0.2500000000
63701  13.991  -30.049  53.115 0.1250000000
61470  14.508  -31.039  52.506 0.1250000000
60411  14.245  -31.964  52.138 0.1250000000
66999  46.055  -27.031  44.163 0.2500000000
141423  46.053  -26.473  43.633 0.2500000000
67027  45.778  -26.517  43.060 0.2500000000
148238  46.444  -27.750  45.809 0.1250000000
66985  46.452  -26.773  45.195 0.2500000000
139469  46.254  -27.502  44.859 0.1250000000
146495  46.292  -26.626  44.565 0.2500000000
69926  47.358  -23.129  45.368 0.2500000000
76651  45.899  -16.285  38.821 0.1250000000
78635  47.395  -14.833  39.370 0.1250000000
77612  46.531  -15.899  39.253 0.1250000000
74741  45.923  -17.610  39.712 0.1250000000
151330  47.340  -16.287  40.345 0.1250000000
76633  46.981  -16.587  40.172 0.1250000000
76642  47.099  -16.077  39.996 0.1250000000
75706  46.022  -17.053  39.507 0.1250000000
76643  46.397  -16.541  39.557 0.1250000000
74726  46.456  -17.918  40.238 0.1250000000
75696  47.065  -17.165  40.421 0.1250000000
74708  47.482  -18.292  41.283 0.1250000000
75679  47.764  -17.304  40.986 0.1250000000
74725  47.099  -17.850  40.718 0.1250000000
128455  46.121  -18.798  40.353 0.1250000000
76632  47.635  -16.540  40.630 0.1250000000
81716  59.757  -12.863  43.223 0.2500000000
55079  26.703  -36.220  55.654 0.1250000000
53897  25.902  -37.135  55.159 0.2500000000
48553  20.020  -42.193  51.341 0.1250000000
137590  22.879  -41.986  51.695 0.1250000000
59380  12.660  -34.343  50.391 0.2500000000
52637  24.307  -39.071  52.589 0.1250000000
77611  47.177  -15.518  39.631 0.1250000000
34171  6.207  -56.499  53.889 0.1250000000
49652  20.562  -42.603  47.649 0.1250000000
48593  18.220  -42.717  49.363 0.1250000000
48592  18.762  -42.506  49.081 0.1250000000
53941  24.489  -38.138  50.576 0.1250000000
55122  24.559  -37.149  51.125 0.1250000000
52696  23.924  -39.838  49.220 0.1250000000
52712  24.364  -39.022  48.884 0.1250000000
51513  23.587  -40.784  48.340 0.1250000000
50554  23.315  -41.277  48.855 0.1250000000
49617  21.923  -41.750  48.887 0.1250000000
53977  24.713  -38.167  48.378 0.1250000000
57253  27.868  -34.780  54.724 0.1250000000
57269  26.940  -35.095  53.957 0.1250000000
56276  26.172  -35.283  53.445 0.1250000000
48574  19.558  -42.643  51.242 0.1250000000
50539  23.355  -41.447  49.612 0.1250000000
53917  24.784  -37.655  53.301 0.1250000000
53898  25.430  -37.533  54.511 0.1250000000
53908  25.102  -37.865  53.931 0.1250000000
77620  45.998  -15.665  38.397 0.1250000000
37710  5.676  -53.978  45.984 0.1250000000
39780  6.089  -51.841  45.745 0.1250000000
38809  6.051  -52.589  45.613 0.1250000000
54026  39.283  -38.498  45.674 0.1250000000
55205  39.441  -37.889  45.306 0.1250000000
55227  39.587  -37.199  44.878 0.1250000000
130484  38.175  -31.811  45.049 0.1250000000
61554  38.942  -31.231  45.359 0.1250000000
62650  38.631  -30.565  43.767 0.1250000000
62651  37.828  -30.786  43.489 0.1250000000
62666  38.309  -30.375  42.878 0.1250000000
62634  39.479  -30.411  44.831 0.1250000000
63812  39.142  -30.114  43.078 0.1250000000
63822  38.735  -29.893  42.260 0.1250000000
63823  37.827  -30.086  42.101 0.1250000000
62648  39.940  -29.794  44.272 0.1250000000
63811  39.843  -29.720  43.429 0.1250000000
63821  39.561  -29.540  42.550 0.1250000000
63831  40.032  -29.070  41.959 0.1250000000
65021  39.637  -29.006  41.082 0.1250000000
63810  40.290  -29.283  43.823 0.1250000000
63799  40.439  -29.205  44.544 0.1250000000
63820  40.409  -29.110  42.926 0.1250000000
65020  40.452  -28.604  41.261 0.1250000000
138887  40.064  -28.638  40.543 0.1250000000
72702  51.955  -20.257  49.590 0.1250000000
72718  52.302  -20.531  49.073 0.1250000000
74616  54.432  -18.618  48.569 0.1250000000
73637  53.852  -19.115  49.080 0.1250000000
73638  53.093  -19.551  49.471 0.1250000000
72701  52.804  -20.202  49.230 0.1250000000
74615  54.964  -18.101  48.089 0.1250000000
63809  40.969  -28.617  43.802 0.1250000000
75567  55.077  -17.452  48.381 0.1250000000
75580  54.959  -17.910  47.376 0.1250000000
75599  55.412  -17.151  46.797 0.1250000000
72704  50.598  -21.024  50.821 0.1250000000
71741  50.559  -21.532  50.228 0.1250000000
73627  51.718  -19.550  50.166 0.1250000000
74605  52.422  -19.156  49.890 0.1250000000
75579  55.308  -17.388  47.578 0.1250000000
63819  41.134  -28.518  42.894 0.1250000000
76536  55.674  -16.625  46.995 0.1250000000
65006  40.814  -28.520  42.169 0.1250000000
77549  55.640  -15.086  45.110 0.1250000000
65052  41.634  -28.249  39.519 0.1250000000
65034  40.910  -28.454  40.293 0.1250000000
70845  47.687  -22.580  47.337 0.1250000000
70858  47.087  -23.064  46.574 0.1250000000
69927  46.515  -23.703  45.957 0.1250000000
73640  51.453  -20.127  50.262 0.1250000000
138289  39.047  -38.304  45.111 0.1250000000
62635  38.795  -30.848  44.595 0.1250000000
61572  38.067  -31.208  44.234 0.1250000000
62649  39.381  -30.244  43.994 0.1250000000
73639  52.176  -19.817  49.751 0.1250000000
31877  3.482  -59.224  52.093 0.1250000000
36577  5.991  -53.929  45.567 0.1250000000
37541  4.982  -52.110  58.071 0.5000000000
37732  6.162  -53.151  45.307 0.1250000000
38660  6.046  -51.369  58.512 0.6250000000
38781  8.062  -52.743  48.905 0.3750000000
39658  5.355  -49.839  60.389 0.7500000000
39779  6.091  -51.488  46.012 0.1250000000
40683  6.896  -48.968  61.678 0.7500000000
40694  6.360  -49.431  60.987 0.7500000000
40703  4.677  -49.571  60.204 0.7500000000
40712  4.344  -49.700  59.289 0.8750000000
41744  8.243  -47.708  62.301 0.8750000000
41746  7.146  -47.576  61.881 0.8750000000
41756  8.610  -48.108  62.142 0.8750000000
41760  5.458  -48.213  61.407 0.8750000000
41771  8.045  -48.614  61.710 0.7500000000
41772  4.934  -48.343  61.038 0.7500000000
41785  9.552  -47.932  61.163 0.8750000000
41969  6.923  -48.966  46.818 0.5000000000
41973  6.094  -49.028  46.053 0.1250000000
42835  10.490  -47.031  62.103 0.7500000000
42849  6.698  -47.390  61.668 0.7500000000
42860  10.943  -47.174  61.152 0.7500000000
42861  10.217  -47.502  61.438 0.7500000000
43944  11.139  -46.281  62.515 0.7500000000
43946  9.815  -46.487  62.689 0.7500000000
43948  8.583  -46.746  62.430 0.8750000000
43959  11.169  -46.676  61.973 0.7500000000
43960  7.500  -46.726  61.657 0.7500000000
43962  5.953  -47.079  61.569 0.7500000000
43969  13.524  -44.826  61.874 0.7500000000
43982  11.959  -46.510  60.942 0.7500000000
43991  13.090  -45.501  60.425 0.7500000000
44246  6.331  -47.540  46.211 0.3750000000
44247  6.282  -47.428  46.040 0.3750000000
44254  6.222  -47.899  45.924 0.3750000000
44269  6.284  -47.289  45.853 0.3750000000
45116  11.280  -45.575  62.710 0.7500000000
45117  10.714  -46.022  62.792 0.7500000000
45118  10.013  -46.132  62.791 0.7500000000
45119  9.561  -46.104  62.699 0.7500000000
45121  8.233  -46.578  62.047 0.8750000000
45125  14.614  -46.018  62.957 0.7500000000
45135  6.891  -46.008  61.317 0.7500000000
45138  5.390  -46.107  61.080 0.7500000000
45142  15.157  -44.592  61.739 0.5000000000
45145  5.011  -46.271  60.835 0.7500000000
45308  6.517  -46.738  46.603 0.3750000000
45310  5.911  -46.887  46.036 0.3750000000
45323  5.983  -46.662  46.089 0.3750000000
45344  6.586  -46.673  45.278 0.2500000000
45346  6.098  -46.692  45.964 0.2500000000
46139  12.702  -44.622  62.376 0.7500000000
46144  9.285  -45.916  62.479 0.7500000000
46148  15.921  -45.311  62.846 0.7500000000
46151  13.137  -44.913  62.032 0.7500000000
46161  9.111  -45.524  62.126 0.7500000000
46177  15.887  -43.677  60.832 0.5000000000
46194  15.060  -44.745  59.475 0.5000000000
46354  5.891  -45.948  46.148 0.5000000000
46369  5.882  -46.287  45.970 0.3750000000
46388  6.262  -45.849  45.569 0.3750000000
46389  6.036  -46.211  45.790 0.3750000000
47228  11.557  -44.891  62.658 0.7500000000
47229  10.980  -44.858  62.839 0.6250000000
47239  15.709  -44.742  62.636 0.6250000000
47240  15.827  -44.923  63.099 0.6250000000
47242  12.088  -44.091  62.501 0.6250000000
47244  10.651  -44.963  62.728 0.6250000000
47258  16.343  -43.186  61.204 0.3750000000
47277  16.591  -43.321  60.886 0.5000000000
47295  18.216  -42.791  59.746 0.5000000000
47312  18.905  -42.431  58.727 0.6250000000
47329  4.387  -44.731  58.769 0.7500000000
47338  19.075  -42.400  57.116 0.6250000000
47388  18.478  -42.006  54.458 0.6250000000
47390  16.999  -43.180  55.049 0.5000000000
47520  6.401  -45.278  45.553 0.3750000000
48336  13.071  -43.733  62.820 0.7500000000
48339  14.741  -44.207  62.310 0.5000000000
48340  14.039  -43.241  62.593 0.6250000000
48342  12.836  -43.629  62.649 0.7500000000
48363  18.665  -42.205  60.703 0.5000000000
48415  20.910  -41.448  57.848 0.6250000000
48473  21.693  -40.917  54.596 0.5000000000
48493  19.672  -41.520  54.022 0.3750000000
48510  20.951  -41.253  53.394 0.5000000000
48611  9.083  -43.893  48.309 0.7500000000
48636  6.588  -44.305  46.379 0.6250000000
48652  6.998  -43.541  44.801 0.2500000000
49438  20.378  -40.736  61.338 0.5000000000
49440  18.958  -41.181  61.453 0.5000000000
49445  13.917  -42.834  61.844 0.6250000000
49447  13.362  -42.962  62.129 0.6250000000
49467  21.356  -40.720  60.166 0.6250000000
49469  20.016  -41.472  60.347 0.5000000000
49495  12.012  -42.015  58.950 0.5000000000
49544  22.904  -40.341  54.371 0.6250000000
49559  21.717  -41.113  52.535 0.5000000000
49560  6.203  -42.330  53.982 0.8750000000
49691  6.801  -42.564  44.948 0.5000000000
50406  17.380  -41.139  60.934 0.5000000000
50411  21.060  -40.394  61.248 0.5000000000
50414  13.945  -42.310  60.931 0.6250000000
50428  23.264  -39.652  59.145 0.3750000000
50448  23.523  -39.752  57.830 0.6250000000
50450  11.219  -41.475  57.519 0.5000000000
50474  23.884  -39.590  54.629 0.3750000000
50488  23.925  -39.665  53.769 0.3750000000
50512  23.005  -41.559  50.838 0.1250000000
50523  23.330  -40.228  51.013 0.1250000000
51372  23.155  -39.104  62.688 0.5000000000
51377  21.980  -39.562  62.257 0.2500000000
51379  20.067  -39.577  61.852 0.5000000000
51385  25.372  -38.155  60.749 0.3750000000
51387  23.957  -39.077  61.271 0.5000000000
51415  25.582  -38.222  57.924 0.6250000000
51427  24.620  -39.020  57.901 0.6250000000
51430  10.118  -40.271  57.211 0.5000000000
51436  14.022  -40.157  56.702 0.5000000000
51441  5.308  -40.571  55.898 0.8750000000
51452  24.132  -39.511  53.354 0.2500000000
51453  5.958  -40.083  53.944 0.8750000000
51486  23.491  -40.108  50.533 0.1250000000
51488  8.482  -40.443  50.726 0.8750000000
51500  23.639  -40.569  49.386 0.1250000000
51529  8.332  -39.967  48.187 0.8750000000
51573  7.604  -40.439  44.306 0.1250000000
52497  24.439  -37.773  63.581 0.2500000000
52499  26.012  -37.403  62.879 0.3750000000
52500  25.258  -37.819  62.901 0.5000000000
52504  21.701  -38.788  63.051 0.2500000000
52505  21.035  -38.748  62.515 0.2500000000
52512  19.748  -39.327  61.429 0.5000000000
52523  18.890  -39.651  60.664 0.5000000000
52551  38.473  -37.236  57.093 0.6250000000
52566  39.053  -37.379  56.528 0.6250000000
52569  36.742  -37.156  57.677 0.7500000000
52574  9.583  -39.869  57.801 0.5000000000
52578  39.546  -37.473  55.921 0.5000000000
52580  37.383  -36.670  56.401 0.6250000000
52587  12.156  -40.060  56.301 0.5000000000
52591  42.397  -37.216  54.867 0.7500000000
52598  15.513  -38.833  55.771 0.5000000000
52606  41.065  -37.205  54.130 0.7500000000
52607  39.421  -37.466  54.090 0.6250000000
52618  39.310  -37.348  52.688 0.7500000000
52638  6.748  -39.661  52.298 0.8750000000
52646  40.653  -37.434  51.065 0.7500000000
52647  40.254  -37.823  51.121 0.7500000000
52649  38.954  -37.715  51.494 0.6250000000
52664  41.108  -37.781  49.749 0.7500000000
52678  6.825  -39.070  51.193 0.7500000000
52687  40.869  -39.064  49.915 0.7500000000
52789  8.105  -39.939  43.997 0.1250000000
53749  28.742  -36.697  63.272 0.6250000000
53750  26.899  -36.873  63.734 0.3750000000
53751  25.716  -37.219  63.847 0.2500000000
53753  23.808  -37.521  63.726 0.2500000000
53758  33.132  -37.486  62.681 0.5000000000
53759  32.411  -37.582  63.040 0.5000000000
53762  29.154  -36.674  62.798 0.7500000000
53764  26.826  -37.071  63.218 0.6250000000
53767  22.942  -38.234  63.411 0.3750000000
53768  22.226  -38.253  63.290 0.2500000000
53772  36.488  -37.787  62.504 0.5000000000
53775  34.527  -37.868  62.222 0.6250000000
53781  27.928  -36.837  62.327 0.7500000000
53782  27.395  -36.950  62.793 0.6250000000
53784  20.582  -38.581  61.903 0.2500000000
53791  37.169  -37.582  60.531 0.5000000000
53792  36.523  -37.991  61.337 0.6250000000
53793  36.170  -38.072  61.327 0.5000000000
53799  30.058  -36.868  61.705 0.7500000000
53802  20.296  -38.575  61.307 0.3750000000
53808  37.522  -37.474  59.723 0.6250000000
53812  33.971  -37.786  60.799 0.7500000000
53824  38.749  -37.118  58.293 0.5000000000
53827  36.638  -37.876  59.433 0.5000000000
53829  35.036  -37.626  59.267 0.6250000000
53830  34.293  -37.613  59.965 0.6250000000
53864  42.919  -37.342  56.012 0.6250000000
53884  36.545  -36.385  56.583 0.7500000000
53888  15.420  -38.374  55.190 0.5000000000
53889  13.474  -38.340  55.403 0.5000000000
53899  17.391  -37.782  54.922 0.2500000000
53902  15.161  -37.873  54.909 0.5000000000
53906  37.367  -36.214  53.603 0.3750000000
53942  7.181  -38.686  50.529 0.7500000000
54059  8.871  -39.021  44.430 0.1250000000
54062  6.644  -39.097  45.253 0.3750000000
54074  10.957  -39.306  43.500 0.1250000000
54964  27.565  -36.431  64.045 0.2500000000
54966  26.466  -36.518  64.242 0.2500000000
54967  25.844  -36.507  64.389 0.2500000000
54971  29.282  -36.714  63.542 0.6250000000
54972  28.315  -36.602  63.758 0.3750000000
54974  25.121  -36.654  64.354 0.2500000000
54976  36.744  -37.853  62.918 0.6250000000
54981  31.853  -37.394  63.410 0.5000000000
54982  30.996  -37.356  63.533 0.5000000000
54984  23.271  -36.915  63.586 0.2500000000
54992  36.745  -37.334  61.840 0.6250000000
54993  36.926  -37.565  62.666 0.5000000000
54994  22.232  -37.452  62.853 0.1250000000
54998  9.456  -37.497  62.490 0.3750000000
55003  33.144  -37.597  60.875 0.7500000000
55015  31.557  -37.409  60.943 0.7500000000
55018  20.774  -38.020  60.679 0.3750000000
55024  32.680  -37.035  59.942 0.6250000000
55034  41.126  -36.647  57.536 0.6250000000
55043  11.387  -37.346  58.993 0.3750000000
55047  41.625  -37.036  57.071 0.6250000000
55060  44.678  -36.734  56.236 0.3750000000
55063  42.686  -37.119  56.577 0.6250000000
55064  35.250  -36.259  56.968 0.6250000000
55066  27.262  -35.913  57.083 0.6250000000
55069  18.884  -37.620  55.613 0.2500000000
55083  13.016  -37.503  55.690 0.5000000000
55095  14.681  -37.448  54.933 0.5000000000
55102  25.379  -36.988  53.989 0.1250000000
55131  24.699  -37.277  50.053 0.1250000000
55132  6.212  -37.042  51.489 0.7500000000
55238  13.388  -38.216  44.292 0.1250000000
56145  26.909  -36.265  64.214 0.3750000000
56155  25.373  -35.574  64.479 0.2500000000
56159  33.086  -36.295  63.502 0.5000000000
56167  36.546  -36.623  61.770 0.6250000000
56168  36.188  -36.940  62.257 0.6250000000
56182  11.210  -36.165  61.836 0.3750000000
56209  33.087  -36.537  58.909 0.7500000000
56212  30.133  -35.441  59.119 0.7500000000
56240  20.011  -36.959  55.717 0.2500000000
56253  19.785  -36.826  54.970 0.2500000000
56263  26.853  -35.586  54.602 0.1250000000
56267  17.666  -36.413  54.431 0.3750000000
56324  6.753  -36.620  48.682 0.7500000000
56360  7.269  -37.054  47.033 0.7500000000
57152  26.714  -35.782  64.425 0.2500000000
57153  26.008  -35.620  64.576 0.2500000000
57163  35.523  -35.144  62.706 0.6250000000
57174  36.519  -35.663  61.894 0.6250000000
57175  36.151  -35.024  62.556 0.3750000000
57178  11.780  -35.339  62.640 0.2500000000
57185  13.000  -34.954  61.238 0.2500000000
57197  40.644  -35.333  58.327 0.5000000000
57209  40.794  -34.800  58.369 0.6250000000
57222  30.961  -34.704  57.801 0.5000000000
57223  29.237  -34.917  57.748 0.6250000000
57234  22.575  -34.998  56.550 0.2500000000
57238  14.831  -35.705  56.201 0.5000000000
57246  21.535  -35.251  55.037 0.2500000000
57254  27.277  -35.204  54.510 0.1250000000
57257  20.064  -35.565  54.490 0.2500000000
57261  15.993  -35.851  54.682 0.3750000000
57268  27.499  -34.797  54.112 0.1250000000
57358  14.142  -34.919  46.433 0.1250000000
58147  29.604  -34.824  64.226 0.1250000000
58150  26.036  -34.289  64.537 0.2500000000
58152  25.147  -34.726  64.249 0.2500000000
58153  34.982  -35.046  62.798 0.2500000000
58154  34.014  -34.869  63.190 0.5000000000
58155  32.609  -34.847  64.014 0.3750000000
58178  36.589  -34.869  62.023 0.5000000000
58217  15.104  -35.020  58.187 0.3750000000
58239  17.519  -34.447  55.029 0.2500000000
58249  21.729  -33.670  54.652 0.2500000000
58252  19.549  -34.811  54.314 0.2500000000
58283  7.275  -34.906  52.995 0.8750000000
58302  7.250  -35.235  51.774 0.7500000000
58315  11.810  -34.805  50.546 0.5000000000
59224  27.482  -33.433  64.118 0.2500000000
59227  25.597  -32.850  63.995 0.3750000000
59228  25.002  -33.581  63.891 0.2500000000
59238  33.817  -34.051  62.377 0.1250000000
59262  24.146  -33.341  61.409 0.2500000000
59269  36.602  -33.906  59.779 0.3750000000
59273  15.377  -33.357  59.250 0.2500000000
59278  42.667  -33.191  58.856 0.2500000000
59280  41.534  -33.314  58.507 0.5000000000
59293  23.427  -32.970  58.130 0.2500000000
59296  16.300  -33.730  57.830 0.3750000000
59304  22.796  -33.562  56.145 0.2500000000
59320  19.490  -33.464  54.575 0.2500000000
59410  13.371  -34.222  49.067 0.1250000000
60283  25.888  -32.175  63.804 0.2500000000
60287  14.583  -32.585  62.978 0.1250000000
60304  24.876  -31.797  62.375 0.2500000000
60320  15.756  -32.494  59.833 0.1250000000
60327  41.614  -32.418  58.702 0.2500000000
60333  16.418  -32.781  58.439 0.2500000000
60346  35.911  -32.107  57.935 0.3750000000
60347  23.335  -31.998  58.505 0.2500000000
60364  10.775  -32.276  56.971 0.6250000000
61352  25.362  -31.707  63.009 0.2500000000
61367  26.105  -31.288  62.591 0.2500000000
61369  25.191  -31.563  62.466 0.2500000000
61381  24.835  -30.990  60.743 0.2500000000
61406  35.327  -31.572  58.288 0.2500000000
61409  23.015  -30.380  58.866 0.2500000000
61412  9.446  -31.587  58.710 0.3750000000
61417  39.119  -30.977  57.922 0.2500000000
61419  37.389  -31.278  57.557 0.2500000000
61425  10.965  -31.329  57.958 0.3750000000
61429  22.412  -31.128  57.273 0.2500000000
61440  19.814  -31.110  55.290 0.2500000000
61452  49.262  -31.363  53.899 0.1250000000
62439  26.535  -31.001  62.009 0.2500000000
62443  5.608  -30.711  62.317 0.2500000000
62445  31.319  -29.842  61.706 0.1250000000
62451  25.638  -31.059  61.155 0.2500000000
62462  25.308  -30.717  60.547 0.2500000000
62474  34.336  -29.765  59.991 0.1250000000
62476  27.028  -30.506  60.070 0.2500000000
62479  24.485  -30.019  59.624 0.2500000000
62480  23.839  -29.936  59.419 0.2500000000
62484  8.463  -30.405  60.178 0.3750000000
62498  23.343  -29.317  59.062 0.2500000000
62511  21.943  -29.382  57.407 0.2500000000
62530  12.593  -30.598  55.507 0.2500000000
63571  15.596  -29.405  63.506 0.1250000000
63581  30.858  -29.136  61.353 0.1250000000
63582  29.383  -29.864  61.288 0.2500000000
63587  34.489  -28.442  60.074 0.1250000000
63589  33.106  -28.867  60.878 0.1250000000
63597  6.482  -30.118  61.228 0.3750000000
63601  36.789  -28.666  59.607 0.1250000000
63602  36.131  -28.627  59.725 0.1250000000
63607  29.175  -30.103  59.677 0.2500000000
63611  10.072  -29.444  59.281 0.2500000000
63617  37.206  -29.109  59.267 0.1250000000
63620  30.485  -29.251  58.462 0.2500000000
63632  29.786  -29.760  57.727 0.2500000000
63635  24.834  -28.961  57.359 0.2500000000
63638  22.403  -28.946  57.926 0.2500000000
63653  23.448  -28.482  57.219 0.2500000000
63655  21.375  -29.000  56.778 0.2500000000
63666  27.532  -29.486  55.327 0.2500000000
63671  20.823  -28.533  56.312 0.2500000000
63684  26.919  -29.073  54.589 0.2500000000
63698  26.538  -28.829  53.639 0.2500000000
63783  46.006  -28.227  45.883 0.3750000000
64737  8.567  -28.955  64.685 0.1250000000
64750  31.704  -28.337  60.901 0.1250000000
64763  31.715  -28.034  60.317 0.1250000000
64790  22.096  -28.219  56.916 0.2500000000
64793  16.738  -28.765  56.753 0.1250000000
64796  9.053  -28.497  56.306 0.1250000000
64803  29.946  -28.609  54.845 0.2500000000
64804  23.911  -28.617  54.972 0.2500000000
64811  17.304  -28.275  56.076 0.1250000000
64827  21.014  -27.831  54.921 0.2500000000
64829  19.551  -27.620  54.930 0.2500000000
64833  8.050  -28.159  54.165 0.1250000000
64840  29.188  -28.111  53.492 0.2500000000
64843  26.141  -28.586  53.054 0.2500000000
64847  22.782  -28.162  53.723 0.2500000000
64861  27.889  -27.998  52.994 0.2500000000
64864  25.754  -28.188  52.696 0.2500000000
64874  7.910  -28.265  52.841 0.1250000000
64924  47.134  -28.311  48.387 0.2500000000
65844  6.472  -27.753  62.196 0.2500000000
65862  34.694  -27.462  59.447 0.1250000000
65882  32.725  -27.303  56.438 0.1250000000
65893  17.474  -27.361  55.760 0.1250000000
65899  31.359  -27.502  54.568 0.2500000000
65907  31.102  -27.030  53.815 0.1250000000
65912  22.742  -27.182  52.883 0.1250000000
65920  28.617  -27.278  52.792 0.2500000000
65921  27.889  -27.520  52.711 0.2500000000
65924  25.386  -27.468  52.459 0.2500000000
65927  7.557  -27.947  52.164 0.1250000000
65928  48.451  -27.881  51.314 0.1250000000
66099  42.002  -27.520  39.488 0.2500000000
66862  37.903  -26.963  59.521 0.1250000000
66868  8.053  -25.997  59.996 0.2500000000
66872  36.990  -26.231  59.319 0.1250000000
66885  35.060  -26.560  56.733 0.1250000000
66890  34.601  -26.269  55.816 0.1250000000
66900  20.173  -26.098  53.917 0.1250000000
66910  22.421  -26.415  53.008 0.1250000000
66918  27.508  -26.923  52.467 0.1250000000
66920  24.575  -26.305  52.641 0.2500000000
66921  23.923  -26.610  52.646 0.1250000000
67838  8.209  -25.982  60.132 0.2500000000
67863  38.189  -24.356  57.152 0.1250000000
67865  36.525  -24.952  56.696 0.1250000000
67874  19.201  -24.946  54.907 0.1250000000
67876  17.423  -25.842  56.092 0.1250000000
67892  19.641  -25.528  54.350 0.1250000000
67904  25.209  -25.562  53.392 0.1250000000
67918  26.190  -26.203  52.680 0.1250000000
68815  16.677  -25.072  62.106 0.1250000000
68862  10.317  -25.045  58.062 0.1250000000
68872  20.333  -24.273  57.357 0.1250000000
68881  37.453  -23.207  56.630 0.1250000000
68891  20.703  -24.182  56.527 0.1250000000
68904  28.541  -24.826  55.502 0.1250000000
68906  26.118  -25.208  55.640 0.1250000000
68911  20.948  -24.250  55.058 0.1250000000
68923  29.037  -24.959  54.541 0.1250000000
68931  21.351  -24.587  54.356 0.1250000000
68943  21.664  -25.075  53.728 0.1250000000
69825  18.635  -23.214  61.847 0.1250000000
69978  46.718  -23.647  42.843 0.8750000000
70000  43.749  -23.336  40.352 0.1250000000
70775  37.060  -22.108  56.373 0.1250000000
70781  37.028  -21.957  56.332 0.1250000000
70790  36.672  -22.261  54.864 0.1250000000
75697  46.470  -17.104  39.941 0.1250000000
76611  49.265  -16.415  42.207 0.5000000000
77533  55.976  -15.872  46.410 0.1250000000
77562  54.518  -15.164  44.898 0.5000000000
78713  54.460  -14.247  32.418 0.3750000000
78733  52.378  -13.579  32.291 0.3750000000
79595  57.226  -13.597  45.546 0.1250000000
79606  56.949  -14.091  45.371 0.1250000000
79675  50.075  -13.175  41.217 0.5000000000
79693  47.762  -13.963  39.063 0.1250000000
79717  56.031  -13.803  36.551 0.6250000000
79729  57.287  -14.164  35.600 0.6250000000
79761  58.250  -14.508  32.942 0.7500000000
79786  58.802  -13.444  31.211 0.7500000000
80682  60.096  -13.370  44.896 0.1250000000
80701  60.059  -13.796  43.865 0.2500000000
80789  57.424  -12.638  37.589 0.7500000000
80816  59.279  -13.419  32.746 0.5000000000
81753  58.217  -11.034  39.593 0.7500000000
81841  58.162  -11.945  32.780 0.2500000000
81859  60.721  -10.908  30.123 0.3750000000
82680  59.793  -10.479  43.071 0.2500000000
82681  59.836  -10.716  42.891 0.2500000000
82691  58.655  -10.719  41.420 0.8750000000
82786  62.625  -9.776  32.591 0.1250000000
82787  61.932  -10.128  32.775 0.1250000000
83689  58.631  -9.885  39.861 0.6250000000
83778  63.003  -9.088  32.762 0.1250000000
83784  55.819  -9.363  32.583 0.1250000000
83787  63.742  -9.129  31.470 0.1250000000
83798  64.079  -8.956  29.205 0.1250000000
84643  53.446  -7.852  45.585 0.1250000000
84667  58.955  -9.484  42.441 0.1250000000
84683  58.721  -8.947  41.048 0.2500000000
84781  63.462  -8.854  32.197 0.1250000000
84789  63.649  -8.700  31.531 0.1250000000
85565  55.066  -6.818  46.426 0.1250000000
85575  54.534  -6.587  45.912 0.1250000000
85687  62.228  -7.934  33.421 0.1250000000
85709  62.866  -8.064  32.772 0.1250000000
85733  64.064  -7.676  29.498 0.1250000000
86571  54.864  -5.565  45.112 0.1250000000
86572  54.216  -5.601  45.176 0.1250000000
86682  61.991  -7.589  33.365 0.1250000000
87540  54.395  -5.351  44.816 0.1250000000
90471  62.507  -2.348  29.019 0.1250000000
128202  18.150  -38.580  58.132 0.3750000000
129332  5.693  -39.005  54.230 0.8750000000
130029  39.988  -37.559  54.303 0.5000000000
130367  36.159  -34.622  62.272 0.3750000000
130581  42.430  -33.715  58.547 0.2500000000
131244  9.095  -46.366  62.601 0.8750000000
131277  30.019  -25.659  53.490 0.1250000000
131601  64.301  -8.793  28.175 0.1250000000
131693  32.321  -27.721  59.095 0.1250000000
132087  17.915  -42.577  57.067 0.6250000000
132362  16.804  -38.573  56.018 0.3750000000
132866  35.697  -24.394  55.922 0.1250000000
132990  20.057  -24.171  58.796 0.1250000000
133045  15.399  -41.118  59.379 0.5000000000
133220  9.589  -29.012  59.587 0.2500000000
133704  17.338  -35.606  54.443 0.2500000000
133781  53.161  -4.942  44.241 0.1250000000
133858  14.367  -31.529  64.483 0.1250000000
134258  31.289  -28.312  59.796 0.1250000000
134263  22.597  -42.115  50.968 0.1250000000
134548  20.444  -39.914  62.005 0.3750000000
134620  4.733  -47.425  60.846 0.8750000000
134640  9.897  -44.582  61.960 0.7500000000
134668  30.243  -29.405  60.990 0.2500000000
134835  15.839  -29.381  61.650 0.1250000000
135108  54.672  -10.560  34.051 0.2500000000
135709  14.273  -45.393  62.509 0.7500000000
136154  33.895  -36.045  57.382 0.5000000000
136518  10.557  -45.442  62.852 0.7500000000
136774  9.489  -46.043  62.688 0.8750000000
137040  5.846  -54.746  45.777 0.1250000000
137185  37.278  -35.324  60.905 0.3750000000
137759  16.488  -43.885  57.135 0.6250000000
138135  9.172  -43.325  50.583 1.0000000000
138314  50.325  -14.773  42.559 0.6250000000
138481  40.836  -37.433  55.293 0.7500000000
138629  31.762  -36.044  64.131 0.3750000000
139035  14.732  -36.098  55.383 0.5000000000
139455  24.416  -31.139  60.435 0.2500000000
139476  16.032  -44.186  58.978 0.6250000000
139544  6.839  -44.641  45.083 0.2500000000
139673  15.500  -44.737  62.244 0.6250000000
139726  24.899  -35.427  64.293 0.2500000000
139846  6.565  -40.118  45.156 0.3750000000
140124  8.537  -25.497  58.243 0.1250000000
140493  30.838  -37.806  62.777 0.5000000000
140532  6.414  -34.212  57.474 0.5000000000
140636  47.662  -16.000  40.530 0.2500000000
140771  26.753  -26.694  52.444 0.2500000000
140941  34.947  -38.006  61.822 0.7500000000
141044  41.550  -37.051  48.273 0.7500000000
141348  7.980  -51.859  47.578 0.3750000000
141422  5.650  -49.328  60.892 0.7500000000
141585  16.465  -27.373  59.876 0.1250000000
141647  32.543  -37.950  62.117 0.6250000000
141717  25.130  -26.718  52.482 0.1250000000
141853  45.582  -27.328  42.203 0.5000000000
142099  6.040  -46.461  46.171 0.3750000000
142328  16.165  -28.244  62.452 0.1250000000
142360  5.819  -51.027  45.249 0.1250000000
142717  24.778  -38.766  54.046 0.3750000000
142762  31.996  -37.771  63.152 0.5000000000
143497  35.713  -28.217  59.738 0.1250000000
143539  6.458  -51.896  46.486 0.2500000000
143666  37.973  -27.648  59.460 0.1250000000
143676  59.717  -10.454  43.193 0.2500000000
143904  17.191  -25.350  58.440 0.1250000000
144058  38.997  -37.130  53.347 0.6250000000
145158  6.201  -35.290  54.325 0.7500000000
145731  30.635  -36.886  63.841 0.3750000000
145751  32.795  -34.997  63.962 0.5000000000
146500  10.036  -39.510  57.395 0.5000000000
146758  6.271  -47.814  45.722 0.3750000000
146770  28.651  -25.669  53.351 0.1250000000
146950  39.613  -37.540  52.025 0.7500000000
146991  60.770  -12.179  31.411 0.3750000000
147032  21.416  -41.029  58.796 0.6250000000
147229  63.750  -9.212  29.879 0.1250000000
147434  12.690  -45.596  61.475 0.7500000000
147647  21.962  -41.852  51.365 0.1250000000
147791  18.728  -24.544  57.215 0.1250000000
147804  63.890  -8.198  29.910 0.1250000000
147845  5.794  -45.982  46.017 0.5000000000
148084  24.629  -31.390  61.116 0.2500000000
148104  24.646  -24.874  55.943 0.1250000000
148237  25.195  -34.054  64.154 0.2500000000
148463  13.462  -33.247  63.679 0.1250000000
148733  22.354  -27.614  53.382 0.2500000000
148737  35.399  -27.864  59.681 0.1250000000
149057  7.692  -47.260  62.034 0.7500000000
149179  16.893  -39.064  57.766 0.3750000000
149283  7.715  -35.751  48.577 0.7500000000
149478  27.804  -36.858  60.669 0.6250000000
149564  28.228  -33.857  64.099 0.2500000000
149581  8.095  -32.646  56.487 0.6250000000
149641  16.182  -44.093  57.585 0.5000000000
149686  18.647  -39.615  60.350 0.5000000000
149863  38.057  -35.762  60.032 0.3750000000
150021  22.673  -37.353  63.260 0.2500000000
150179  16.439  -27.233  60.747 0.1250000000
150201  42.209  -34.356  58.285 0.6250000000
150327  12.896  -45.730  60.687 0.6250000000
150368  21.316  -39.182  62.640 0.2500000000
150608  55.030  -7.400  46.846 0.1250000000
151120  35.966  -37.506  62.650 0.6250000000
151218  53.688  -13.358  43.461 0.6250000000
151517  28.562  -29.921  56.402 0.2500000000
151563  57.967  -11.979  38.511 0.8750000000
152138  4.244  -49.945  58.905 0.7500000000
152160  24.708  -38.726  55.917 0.5000000000
152401  12.314  -36.797  57.881 0.5000000000
152551  11.195  -43.777  61.818 0.7500000000
152692  5.190  -48.874  60.996 0.7500000000
152934  6.920  -44.399  44.896 0.2500000000
153278  12.766  -43.551  62.546 0.6250000000
153426  11.391  -33.043  54.385 0.7500000000
153454  21.531  -40.071  61.373 0.5000000000
153479  8.094  -48.193  62.141 0.7500000000
153492  16.603  -29.205  57.191 0.1250000000
153571  20.455  -41.656  56.311 0.5000000000
153625  62.665  -8.112  33.117 0.1250000000
153764  25.013  -35.757  64.436 0.2500000000
153791  60.526  -12.747  31.785 0.3750000000
153803  37.522  -28.549  59.335 0.1250000000
153959  33.873  -37.226  58.954 0.7500000000
154068  44.751  -34.975  51.977 0.5000000000
154142  8.466  -45.053  47.719 0.6250000000
154176  50.473  -12.638  37.460 0.1250000000
154317  28.017  -31.353  63.216 0.1250000000
154460  24.672  -36.355  64.322 0.2500000000
154497  45.628  -36.356  56.025 0.3750000000
154546  14.825  -33.380  60.480 0.2500000000
154552  44.288  -37.169  55.212 0.6250000000
154583  14.460  -42.136  60.734 0.6250000000
155003  6.508  -45.135  53.885 1.0000000000
