#!ascii label  , from subject sub001 vox2ras=TkReg
3062
28360  7.668  -61.889  55.513 0.1111110002
28354  7.286  -62.358  56.225 0.1111110002
27168  5.831  -63.381  55.867 0.2222220004
27173  6.042  -62.797  54.825 0.4444440007
30663  8.960  -59.462  57.966 0.1111110002
29504  8.450  -60.711  57.315 0.1111110002
29513  8.367  -61.119  56.545 0.1111110002
31842  9.666  -58.842  57.672 0.1111110002
30668  9.310  -59.544  57.085 0.1111110002
30676  8.927  -60.325  56.515 0.1111110002
28353  7.838  -61.718  56.447 0.1111110002
33047  10.771  -57.575  57.203 0.2222220004
31844  10.684  -57.984  56.282 0.2222220004
28366  7.380  -61.761  54.569 0.3333329856
28367  6.490  -61.981  54.269 0.4444440007
27174  5.313  -63.416  54.969 0.4444440007
27180  5.040  -62.684  54.391 0.4444440007
27181  4.159  -62.581  54.204 0.4444440007
27182  3.693  -62.535  54.127 0.2222220004
29522  8.033  -61.347  55.010 0.1111110002
33048  10.266  -58.394  57.011 0.2222220004
30675  9.577  -59.491  56.001 0.2222220004
29521  8.557  -60.896  55.638 0.1111110002
147954  11.451  -57.036  55.702 0.2222220004
31845  10.119  -58.649  56.121 0.2222220004
146652  12.300  -55.759  54.249 0.2222220004
28368  5.466  -61.996  54.108 0.4444440007
28369  4.457  -61.811  54.145 0.4444440007
139684  4.856  -61.046  54.092 0.4444440007
28370  3.696  -61.635  54.097 0.3333329856
27183  3.329  -62.061  53.675 0.2222220004
27184  3.361  -62.102  53.177 0.3333329856
27219  3.347  -62.750  52.703 0.2222220004
31850  10.521  -58.248  55.400 0.2222220004
31851  9.959  -58.897  55.193 0.2222220004
30683  9.046  -60.217  55.344 0.2222220004
29533  7.753  -61.122  54.121 0.4444440007
36452  12.963  -54.821  53.322 0.2222220004
33063  11.392  -57.143  54.906 0.2222220004
33072  10.574  -58.080  53.801 0.3333329856
31855  9.782  -59.051  54.218 0.3333329856
30696  9.129  -59.666  53.779 0.3333329856
29534  6.832  -61.150  53.786 0.5555559993
29535  5.809  -61.214  53.845 0.5555559993
36460  13.513  -54.219  52.921 0.2222220004
35333  12.517  -55.432  52.882 0.2222220004
33081  10.997  -57.229  52.783 0.3333329856
30713  6.769  -60.252  53.331 0.5555559993
146144  5.245  -60.450  54.065 0.4444440007
36471  13.262  -54.330  51.909 0.4444440007
29536  3.983  -60.617  54.236 0.4444440007
38739  14.551  -53.186  52.119 0.2222220004
29538  3.402  -61.142  53.261 0.4444440007
26009  3.541  -63.006  51.800 0.1111110002
29548  8.648  -60.249  53.889 0.4444440007
30712  7.567  -60.113  53.145 0.5555559993
31863  9.534  -58.978  53.300 0.3333329856
30711  8.365  -59.945  53.273 0.5555559993
141886  6.997  -59.426  52.955 0.5555559993
35324  12.173  -55.999  53.460 0.3333329856
34177  11.639  -56.704  53.179 0.2222220004
150924  10.669  -57.757  53.133 0.3333329856
33083  9.662  -57.996  52.093 0.5555559993
31887  8.792  -58.102  52.008 0.5555559993
30698  6.098  -59.310  53.706 0.6666669846
35346  12.334  -55.333  51.956 0.3333329856
34184  11.209  -56.467  51.631 0.3333329856
34198  10.536  -56.773  51.231 0.5555559993
34199  9.760  -56.922  51.105 0.6666669846
30700  4.465  -59.927  54.381 0.6666669846
29523  3.996  -59.896  54.260 0.5555559993
38750  14.645  -52.836  51.109 0.3333329856
37602  13.493  -53.850  51.290 0.4444440007
30699  5.239  -59.579  54.205 0.7777780294
28404  3.905  -61.240  51.825 0.1111110002
39753  15.420  -51.634  50.217 0.6666669846
29552  3.264  -60.832  53.108 0.2222220004
29578  3.564  -60.348  52.054 0.2222220004
30725  7.858  -59.433  52.677 0.5555559993
33085  7.528  -57.629  52.311 0.5555559993
31864  6.515  -58.508  53.182 0.5555559993
35365  12.173  -54.988  51.118 0.5555559993
35366  11.399  -55.342  50.796 0.6666669846
34214  10.234  -56.182  50.949 0.6666669846
34200  8.933  -56.762  51.356 0.5555559993
133585  5.836  -58.095  53.957 0.6666669846
30685  4.221  -59.164  54.418 0.5555559993
36488  12.235  -54.274  50.707 0.5555559993
36489  11.509  -54.092  50.467 0.7777780294
36491  10.256  -54.717  50.676 0.8888890147
31857  5.330  -58.543  54.305 0.6666669846
29551  3.369  -60.560  53.306 0.4444440007
40829  15.971  -51.001  50.368 0.6666669846
38761  13.465  -52.573  50.126 0.7777780294
129561  12.818  -53.058  50.301 0.7777780294
30727  3.342  -60.353  52.673 0.2222220004
140672  9.263  -55.445  51.227 0.7777780294
35349  8.711  -55.884  51.446 0.8888890147
137805  11.293  -52.543  50.160 0.8888890147
37615  10.655  -53.881  50.492 0.8888890147
36473  9.433  -54.637  51.130 0.8888890147
138986  8.737  -54.999  51.695 0.8888890147
39765  14.619  -51.483  49.695 0.6666669846
39767  13.132  -51.086  49.506 0.7777780294
134225  11.879  -52.150  49.949 0.8888890147
37603  9.969  -53.252  50.815 0.8888890147
37616  9.915  -54.036  50.790 0.8888890147
37604  9.377  -53.637  51.333 0.8888890147
145701  17.051  -49.776  49.799 0.6666669846
39764  15.363  -50.917  49.656 0.6666669846
40834  14.572  -50.628  49.304 0.7777780294
39758  10.915  -51.363  50.424 0.8888890147
146290  10.665  -52.069  50.429 0.8888890147
152815  11.262  -51.923  50.109 0.8888890147
38763  10.638  -52.898  50.446 0.8888890147
38751  10.014  -52.333  50.896 0.8888890147
38752  9.492  -52.715  51.563 0.7777780294
40835  13.675  -50.365  49.280 0.7777780294
39756  12.457  -51.651  49.765 0.8888890147
43062  17.667  -49.129  49.397 0.7777780294
41959  16.061  -49.616  49.106 0.7777780294
43039  18.737  -49.101  50.866 0.7777780294
43056  18.401  -49.165  49.980 0.7777780294
39746  10.179  -51.444  51.000 0.8888890147
40836  12.678  -50.194  49.477 0.8888890147
40831  11.304  -50.719  50.356 0.8888890147
151269  10.971  -50.117  50.975 0.7777780294
39739  9.910  -50.752  51.883 0.6666669846
137163  15.222  -49.367  48.896 0.7777780294
142995  13.711  -48.896  49.064 0.8888890147
43036  21.806  -48.499  51.966 0.5555559993
43037  21.151  -48.621  51.700 0.5555559993
44126  20.044  -48.397  50.602 0.7777780294
44158  19.104  -48.372  49.552 0.7777780294
44191  18.628  -48.081  48.755 0.7777780294
44193  17.216  -48.307  48.823 0.7777780294
44125  20.944  -48.422  50.857 0.6666669846
44156  20.648  -48.019  50.102 0.7777780294
44190  19.425  -48.102  48.943 0.7777780294
44215  18.988  -47.521  48.300 0.7777780294
46267  26.232  -45.684  54.319 0.3333329856
47387  26.906  -45.262  54.137 0.4444440007
43065  13.432  -48.058  49.226 0.8888890147
43058  12.179  -48.325  50.267 0.8888890147
41947  11.598  -48.857  50.731 0.8888890147
130107  22.785  -47.925  53.035 0.4444440007
44084  22.360  -48.390  53.330 0.3333329856
44218  15.707  -47.356  48.562 0.7777780294
43064  14.583  -48.473  48.797 0.8888890147
43057  12.650  -47.780  49.998 0.8888890147
44102  22.195  -48.386  52.590 0.4444440007
44216  18.217  -47.265  48.336 0.7777780294
144785  17.536  -47.019  48.384 0.8888890147
44123  22.592  -47.755  51.437 0.6666669846
44124  21.848  -48.229  51.217 0.6666669846
44155  21.537  -47.972  50.304 0.7777780294
136181  21.249  -47.882  49.577 0.7777780294
44214  19.858  -47.686  48.262 0.7777780294
44154  22.343  -47.661  50.574 0.7777780294
44187  22.044  -47.566  49.559 0.7777780294
45255  21.985  -47.223  48.725 0.7777780294
46268  25.804  -45.980  55.019 0.3333329856
45187  24.781  -46.891  56.119 0.2222220004
45188  24.111  -47.227  55.737 0.3333329856
45205  25.179  -46.366  54.760 0.3333329856
47433  28.356  -44.035  51.761 0.4444440007
47418  27.476  -44.808  52.738 0.4444440007
45207  23.879  -46.962  53.955 0.3333329856
44160  12.539  -46.964  50.743 0.7777780294
44129  11.925  -47.270  51.715 0.7777780294
43043  11.217  -48.532  51.566 0.6666669846
152367  28.139  -43.975  51.212 0.5555559993
44100  23.240  -47.329  52.646 0.5555559993
45215  23.820  -46.864  53.051 0.3333329856
45278  15.171  -46.760  48.571 0.8888890147
45256  14.365  -46.525  48.864 0.8888890147
44196  13.060  -47.174  49.656 0.7777780294
44161  12.189  -47.657  50.819 0.7777780294
48573  28.519  -43.293  50.395 0.5555559993
45224  23.110  -47.205  51.835 0.6666669846
45230  23.962  -46.179  51.878 0.6666669846
45276  16.981  -46.421  48.454 0.8888890147
45277  15.997  -46.469  48.550 0.8888890147
45232  22.881  -47.005  51.026 0.7777780294
45231  23.547  -46.620  51.445 0.6666669846
45271  21.297  -46.961  48.167 0.7777780294
45294  20.023  -46.140  47.651 0.8888890147
45274  18.625  -46.699  48.149 0.7777780294
45275  17.884  -46.187  48.253 0.8888890147
138796  22.744  -46.941  50.069 0.7777780294
45253  23.224  -46.173  49.565 0.7777780294
45270  22.254  -46.588  48.141 0.7777780294
45292  21.552  -46.361  47.583 0.7777780294
46278  25.649  -45.817  53.651 0.3333329856
46269  25.039  -46.160  53.964 0.5555559993
45197  24.655  -46.784  55.250 0.4444440007
47419  26.949  -44.911  52.178 0.4444440007
46285  26.366  -45.307  52.431 0.5555559993
46286  25.697  -45.650  52.756 0.5555559993
45214  24.434  -46.478  53.487 0.4444440007
46305  13.939  -45.036  49.851 0.7777780294
149953  27.756  -44.304  51.291 0.5555559993
47435  26.985  -44.699  51.341 0.5555559993
46294  25.705  -45.377  51.783 0.5555559993
131537  24.944  -45.744  52.233 0.5555559993
47471  15.995  -44.899  48.609 0.8888890147
46311  14.400  -45.476  48.994 0.7777780294
45241  12.940  -46.257  50.043 0.7777780294
50537  29.006  -41.648  49.038 0.5555559993
130278  28.494  -43.014  49.732 0.5555559993
47453  27.320  -44.173  50.045 0.5555559993
47454  26.547  -44.293  49.495 0.5555559993
154217  25.501  -45.283  51.125 0.5555559993
128954  24.920  -45.572  51.303 0.5555559993
140969  17.599  -45.122  48.367 0.8888890147
46323  16.475  -45.706  48.544 0.8888890147
46324  15.096  -45.980  48.571 0.8888890147
51497  29.683  -39.923  49.280 0.5555559993
50553  28.613  -41.465  48.198 0.6666669846
139803  28.455  -42.312  48.566 0.6666669846
129060  27.114  -43.393  48.264 0.6666669846
47465  26.100  -44.125  48.632 0.7777780294
47456  24.925  -44.786  48.997 0.7777780294
129445  23.903  -45.792  50.193 0.7777780294
143032  19.368  -45.821  47.878 0.8888890147
46321  18.274  -45.234  48.159 0.8888890147
46322  17.162  -45.704  48.442 0.8888890147
55154  29.746  -37.874  48.596 0.6666669846
52711  28.962  -39.226  48.065 0.6666669846
50569  27.715  -42.051  46.908 0.6666669846
47477  25.760  -44.040  47.914 0.7777780294
47467  24.583  -44.729  48.070 0.7777780294
46318  23.466  -45.713  48.701 0.7777780294
46335  22.088  -45.850  47.382 0.7777780294
46336  21.256  -45.741  47.099 0.7777780294
50585  33.429  -41.361  46.717 0.5555559993
51539  32.996  -40.804  46.713 0.5555559993
52739  32.146  -39.684  45.804 0.7777780294
52726  31.865  -38.825  47.292 0.6666669846
55167  30.997  -37.258  47.546 0.6666669846
137022  30.386  -36.950  48.013 0.6666669846
53993  29.287  -37.680  48.037 0.6666669846
53976  28.948  -38.319  47.897 0.6666669846
146049  28.515  -39.795  47.258 0.7777780294
54011  31.372  -38.126  46.886 0.7777780294
55168  30.405  -36.769  47.181 0.6666669846
144721  29.932  -36.689  47.517 0.7777780294
56333  29.252  -36.484  47.016 0.7777780294
48579  15.479  -43.352  50.078 0.8888890147
142191  15.465  -44.082  49.125 0.8888890147
47459  14.599  -44.574  49.375 0.7777780294
133026  16.844  -44.982  48.541 0.8888890147
48628  26.926  -42.882  46.803 0.7777780294
46338  19.710  -45.295  47.627 0.8888890147
46320  18.924  -45.098  47.917 0.8888890147
49675  34.981  -42.112  45.955 0.5555559993
50602  34.422  -41.734  45.511 0.5555559993
50568  28.114  -41.346  47.325 0.6666669846
141313  25.892  -43.499  46.318 0.7777780294
47493  24.689  -44.189  46.462 0.7777780294
47480  23.600  -44.860  46.905 0.7777780294
143839  21.711  -44.322  46.585 0.8888890147
47481  20.938  -44.828  46.866 0.8888890147
134432  33.866  -41.563  46.034 0.5555559993
51555  32.601  -40.302  45.296 0.8888890147
52755  31.949  -39.607  44.721 0.8888890147
54031  31.256  -38.401  45.790 0.8888890147
55186  28.104  -37.207  46.667 0.7777780294
52742  27.852  -39.070  46.145 0.8888890147
51556  27.677  -39.767  45.803 0.8888890147
48640  25.888  -43.206  45.561 0.8888890147
48642  24.188  -42.980  45.457 0.8888890147
48632  23.293  -43.192  45.720 0.8888890147
52756  31.280  -38.760  44.777 0.8888890147
54032  30.792  -37.818  44.952 0.8888890147
55184  30.842  -37.308  46.318 0.8888890147
56332  29.874  -36.291  46.635 0.8888890147
56350  28.242  -36.298  46.595 0.8888890147
130114  27.533  -36.742  46.394 0.8888890147
55210  30.471  -36.687  45.157 0.8888890147
47457  17.007  -43.205  49.323 0.8888890147
48609  18.282  -43.360  48.439 0.8888890147
48610  17.744  -43.394  48.811 0.8888890147
48620  20.358  -43.349  47.272 0.8888890147
48608  18.940  -43.228  47.949 0.8888890147
50601  35.104  -41.818  45.172 0.6666669846
51557  27.242  -40.126  45.152 0.8888890147
50604  27.077  -41.788  45.496 0.8888890147
49666  22.886  -42.267  45.748 0.8888890147
49668  21.524  -42.729  46.652 0.8888890147
50615  35.234  -41.571  44.412 0.8888890147
50616  34.434  -41.461  44.574 0.8888890147
149639  33.159  -40.610  44.057 0.8888890147
55187  27.361  -37.556  46.102 0.8888890147
52757  27.285  -39.270  45.510 0.8888890147
51558  26.384  -40.175  44.864 0.8888890147
144207  25.259  -40.929  45.028 0.7777780294
50607  24.650  -41.280  45.209 0.8888890147
49679  23.631  -42.278  45.406 0.7777780294
148862  34.132  -41.055  43.852 0.8888890147
51585  33.553  -40.664  43.573 0.8888890147
52768  32.070  -39.729  43.641 0.8888890147
54052  30.890  -38.225  43.977 0.8888890147
57374  30.210  -34.781  45.395 0.7777780294
56348  29.629  -35.350  46.167 0.7777780294
57354  29.092  -34.571  46.341 0.8888890147
128560  27.953  -35.518  46.569 0.8888890147
54053  30.606  -37.317  44.106 0.8888890147
56370  30.192  -35.759  45.621 0.8888890147
49604  18.813  -42.419  50.097 0.7777780294
48577  17.407  -42.709  50.555 0.4444440007
48592  18.762  -42.506  49.081 0.8888890147
48593  18.220  -42.717  49.363 0.7777780294
48607  19.785  -42.808  47.859 0.7777780294
50583  39.115  -42.145  46.455 0.4444440007
134967  38.170  -42.173  45.992 0.5555559993
50600  36.468  -41.960  45.273 0.5555559993
48619  20.919  -42.993  46.856 0.8888890147
128188  38.197  -41.673  45.077 0.5555559993
51542  24.250  -40.251  46.569 0.7777780294
51528  23.550  -40.774  46.971 0.7777780294
49650  21.903  -42.127  46.865 0.7777780294
50613  37.516  -41.604  44.467 0.7777780294
50630  35.971  -41.509  43.821 0.8888890147
50631  34.881  -41.252  43.626 0.8888890147
142243  27.059  -36.857  46.183 0.8888890147
54014  26.385  -38.078  45.801 0.8888890147
52743  25.369  -39.092  45.746 0.7777780294
52760  25.243  -39.756  45.444 0.7777780294
50588  23.249  -41.476  45.901 0.7777780294
133389  34.841  -40.889  42.617 0.8888890147
51604  32.808  -39.880  42.507 0.8888890147
52783  31.690  -39.189  42.996 0.7777780294
55252  30.832  -36.761  43.525 0.7777780294
57401  31.489  -35.418  43.948 0.7777780294
58376  30.285  -34.017  45.670 0.7777780294
58378  28.562  -33.943  46.695 0.7777780294
57356  27.504  -35.156  46.699 0.7777780294
57357  26.829  -35.664  46.752 0.8888890147
55235  30.593  -36.491  44.162 0.8888890147
56382  30.572  -35.727  44.592 0.7777780294
150723  30.374  -35.258  44.987 0.7777780294
49619  20.192  -42.094  49.639 0.5555559993
49620  19.428  -42.253  49.863 0.4444440007
50581  40.644  -41.551  46.128 0.2222220004
49660  40.089  -42.034  46.683 0.3333329856
49634  20.329  -42.253  48.605 0.5555559993
50582  39.796  -41.671  45.876 0.5555559993
50598  38.973  -41.738  45.555 0.5555559993
50555  22.638  -41.527  48.371 0.4444440007
49632  21.849  -41.799  47.846 0.6666669846
50597  39.595  -41.430  45.141 0.6666669846
51527  23.842  -40.187  47.720 0.6666669846
50570  23.171  -41.194  47.823 0.7777780294
50571  22.470  -41.565  47.312 0.7777780294
50628  37.670  -41.263  43.697 0.7777780294
50629  37.030  -41.160  43.047 0.8888890147
56335  25.717  -36.755  47.432 0.7777780294
53995  25.096  -38.178  47.277 0.7777780294
52728  24.922  -38.895  46.641 0.6666669846
52729  24.405  -39.600  47.219 0.6666669846
51602  35.623  -40.968  42.234 0.8888890147
147151  34.112  -40.246  41.742 0.8888890147
54083  32.587  -38.429  42.185 0.7777780294
55250  32.102  -37.137  42.755 0.7777780294
57386  32.069  -34.981  44.257 0.7777780294
58407  31.999  -34.351  44.759 0.7777780294
59443  30.802  -33.784  45.503 0.7777780294
59433  29.193  -33.455  46.820 0.7777780294
59421  28.602  -33.484  47.240 0.7777780294
58263  29.202  -33.609  53.783 0.3333329856
57276  27.454  -34.573  53.562 0.2222220004
56277  25.676  -36.036  53.730 0.1111110002
53926  24.559  -37.571  52.536 0.1111110002
51477  23.818  -39.623  51.579 0.1111110002
50525  23.178  -41.528  50.251 0.2222220004
151197  33.060  -34.312  51.855 0.1111110002
133894  31.333  -33.487  52.209 0.3333329856
58275  28.833  -33.580  52.834 0.3333329856
58277  27.424  -34.113  52.288 0.2222220004
57278  25.962  -34.932  52.521 0.2222220004
144204  24.908  -36.253  51.778 0.2222220004
139465  24.205  -38.895  50.937 0.1111110002
51487  23.483  -40.574  49.825 0.2222220004
49600  23.080  -41.998  50.252 0.2222220004
49618  21.077  -41.922  49.330 0.3333329856
51538  42.749  -40.796  46.169 0.2222220004
50596  41.233  -41.148  45.646 0.2222220004
57297  33.842  -34.975  51.319 0.1111110002
58274  30.075  -33.239  52.388 0.3333329856
137850  28.217  -33.835  52.107 0.2222220004
57288  26.662  -34.368  51.991 0.2222220004
149238  25.474  -35.460  51.938 0.2222220004
53941  24.489  -38.138  50.576 0.2222220004
51499  23.703  -39.887  50.033 0.2222220004
50539  23.355  -41.447  49.612 0.3333329856
50540  22.852  -41.749  49.383 0.3333329856
51551  42.415  -40.448  45.459 0.3333329856
51553  41.063  -40.791  45.044 0.4444440007
138681  40.403  -41.230  45.209 0.4444440007
56321  33.698  -36.061  48.754 0.1111110002
57310  32.874  -34.788  49.872 0.2222220004
58310  32.272  -34.236  50.292 0.2222220004
58312  30.620  -33.640  50.828 0.3333329856
58294  28.554  -33.736  51.401 0.2222220004
57299  26.633  -34.456  51.009 0.2222220004
56302  25.424  -35.724  50.025 0.2222220004
53957  24.550  -38.183  49.502 0.2222220004
52696  23.924  -39.838  49.220 0.3333329856
51513  23.587  -40.784  48.340 0.4444440007
50554  23.315  -41.277  48.855 0.3333329856
51567  41.358  -40.339  44.575 0.4444440007
51568  40.634  -40.617  44.483 0.5555559993
51570  38.963  -41.043  44.058 0.6666669846
55208  34.094  -37.665  45.340 0.5555559993
55209  33.644  -37.122  45.807 0.4444440007
57351  33.302  -35.658  46.817 0.4444440007
147112  33.248  -35.370  48.580 0.4444440007
58329  32.214  -34.177  49.263 0.4444440007
59375  30.889  -33.586  49.850 0.5555559993
59392  28.446  -33.697  49.727 0.4444440007
57311  26.657  -34.665  50.064 0.4444440007
56312  25.667  -35.941  49.012 0.3333329856
55142  24.884  -37.358  48.969 0.5555559993
52713  24.103  -39.670  48.277 0.5555559993
51580  40.256  -40.356  43.693 0.6666669846
51583  37.814  -40.898  43.061 0.7777780294
55249  34.389  -37.611  43.497 0.7777780294
55234  33.690  -37.209  44.726 0.6666669846
132655  33.417  -36.068  45.880 0.6666669846
57333  33.028  -35.023  47.263 0.5555559993
59404  31.878  -33.752  47.695 0.6666669846
59406  30.242  -33.231  48.212 0.6666669846
134653  28.440  -33.468  48.690 0.5555559993
145090  27.319  -34.251  48.697 0.5555559993
56322  25.956  -36.071  47.912 0.4444440007
56323  25.386  -36.676  48.446 0.4444440007
131136  24.632  -38.955  47.801 0.5555559993
51597  40.001  -40.089  42.814 0.7777780294
51598  39.282  -40.244  42.525 0.7777780294
51600  37.462  -40.682  42.340 0.8888890147
51619  35.879  -40.494  41.445 0.8888890147
52812  34.806  -39.525  40.975 0.8888890147
54081  34.046  -38.471  41.538 0.7777780294
135347  32.843  -37.181  42.872 0.7777780294
56369  33.400  -36.311  44.909 0.7777780294
137046  33.132  -35.341  45.826 0.6666669846
59417  31.844  -33.742  46.831 0.6666669846
134885  30.742  -33.354  46.571 0.7777780294
152122  28.735  -33.323  47.865 0.7777780294
59422  28.088  -33.546  47.804 0.5555559993
51617  37.951  -40.242  41.719 0.8888890147
52810  37.543  -39.790  41.109 0.8888890147
52811  36.050  -39.866  40.759 0.8888890147
51537  43.593  -40.665  46.302 0.1111110002
51550  43.201  -40.268  45.640 0.3333329856
51566  42.084  -40.102  44.740 0.4444440007
51579  41.003  -40.104  43.920 0.5555559993
141543  41.554  -39.483  43.271 0.5555559993
52781  40.832  -39.782  43.157 0.5555559993
52795  39.711  -39.814  41.982 0.7777780294
51616  38.845  -40.019  41.865 0.8888890147
54095  34.639  -38.579  41.127 0.7777780294
55278  34.586  -37.933  41.659 0.7777780294
52809  38.287  -39.642  41.185 0.8888890147
52826  36.874  -39.446  40.610 0.8888890147
54111  36.024  -38.929  40.408 0.8888890147
55277  35.229  -38.020  41.113 0.7777780294
51549  43.992  -40.127  45.770 0.2222220004
52753  44.571  -39.719  45.258 0.4444440007
52754  43.706  -39.812  45.059 0.4444440007
51565  42.858  -39.856  44.954 0.4444440007
54051  35.930  -38.277  44.707 0.3333329856
52766  43.409  -39.508  44.284 0.4444440007
52767  42.569  -39.643  44.143 0.4444440007
55231  36.107  -38.008  43.816 0.5555559993
52780  42.264  -39.342  43.432 0.5555559993
55248  35.274  -37.753  43.113 0.6666669846
55263  35.480  -37.670  41.902 0.5555559993
52793  41.346  -39.175  42.481 0.6666669846
52794  40.505  -39.571  42.246 0.6666669846
55276  35.996  -37.584  40.962 0.6666669846
52806  40.860  -39.073  41.759 0.6666669846
52807  40.180  -39.278  41.453 0.6666669846
54093  39.822  -38.748  40.806 0.8888890147
52824  38.403  -39.063  40.583 0.8888890147
139695  37.245  -39.054  40.313 0.8888890147
142131  36.474  -38.071  40.154 0.7777780294
55288  36.454  -37.474  40.311 1.0000000000
54107  39.287  -38.074  40.197 1.0000000000
54108  38.463  -38.387  40.135 1.0000000000
54123  37.137  -37.958  39.814 1.0000000000
54028  37.522  -38.441  45.220 0.2222220004
54024  45.696  -38.901  44.987 0.2222220004
54050  36.826  -38.199  44.460 0.3333329856
54025  44.996  -39.105  44.710 0.2222220004
129609  37.213  -37.710  43.470 0.4444440007
52765  44.235  -39.343  44.468 0.3333329856
54029  36.355  -38.441  45.363 0.3333329856
55247  36.399  -37.640  42.705 0.4444440007
54049  43.898  -38.914  43.763 0.4444440007
55262  36.725  -37.260  41.614 0.6666669846
54079  42.689  -38.770  42.843 0.5555559993
56411  36.718  -36.951  40.642 0.6666669846
56418  36.812  -36.623  39.960 1.0000000000
54080  42.043  -38.565  42.409 0.7777780294
54091  41.474  -38.407  41.717 0.7777780294
54092  40.628  -38.606  41.184 0.8888890147
147774  36.866  -37.304  39.836 1.0000000000
55300  37.139  -36.689  39.637 1.0000000000
56428  37.183  -36.149  39.614 1.0000000000
55275  41.029  -37.772  41.048 1.0000000000
54106  40.226  -38.012  40.577 1.0000000000
55287  39.820  -37.471  40.069 1.0000000000
55297  39.008  -37.226  39.584 1.0000000000
54122  37.870  -37.900  39.706 1.0000000000
55299  37.505  -37.141  39.506 1.0000000000
54005  39.578  -38.657  46.411 0.1111110002
54006  38.716  -38.776  46.280 0.2222220004
54027  38.519  -38.557  45.502 0.2222220004
54007  37.785  -38.697  46.192 0.2222220004
55206  38.517  -38.164  44.743 0.2222220004
55230  37.885  -37.945  44.159 0.3333329856
55246  38.253  -37.193  43.297 0.4444440007
55261  37.497  -37.228  42.475 0.6666669846
151689  37.485  -36.886  41.922 0.6666669846
54047  45.459  -38.520  44.297 0.2222220004
56402  37.303  -36.367  41.444 0.6666669846
55226  45.087  -38.002  43.760 0.3333329856
55225  45.804  -37.786  44.177 0.3333329856
54048  44.703  -38.703  44.013 0.2222220004
139777  36.970  -36.048  40.486 0.8888890147
55244  43.942  -37.677  42.978 0.5555559993
54067  43.522  -38.445  43.039 0.6666669846
57430  36.912  -35.624  40.111 1.0000000000
54078  43.371  -37.748  42.505 0.8888890147
57440  37.273  -35.581  39.623 1.0000000000
55260  42.706  -38.146  42.331 0.8888890147
55274  41.925  -37.419  41.341 1.0000000000
56427  37.504  -36.324  39.344 1.0000000000
57439  37.446  -35.807  39.375 1.0000000000
55285  41.370  -37.048  40.839 1.0000000000
55286  40.645  -37.143  40.355 1.0000000000
55296  39.890  -36.801  39.726 1.0000000000
56426  38.198  -36.543  39.158 1.0000000000
57438  37.957  -35.735  38.973 1.0000000000
54026  39.283  -38.498  45.674 0.1111110002
55205  39.441  -37.889  45.306 0.1111110002
138289  39.047  -38.304  45.111 0.2222220004
129839  39.145  -37.688  44.683 0.3333329856
55229  38.749  -37.475  44.071 0.3333329856
56401  37.980  -36.584  42.433 0.6666669846
57411  37.701  -35.705  42.209 0.6666669846
57420  37.186  -35.473  41.210 0.6666669846
56376  46.107  -36.952  44.204 0.2222220004
57421  36.988  -35.244  40.504 1.0000000000
56377  45.696  -36.223  43.748 0.2222220004
55242  45.360  -37.133  43.735 0.3333329856
56389  44.116  -36.930  42.882 0.6666669846
57397  44.110  -36.032  42.657 0.7777780294
58445  36.958  -34.584  40.441 1.0000000000
152309  43.772  -37.295  42.662 0.7777780294
56399  43.557  -36.821  42.324 0.8888890147
57410  43.314  -35.469  41.626 1.0000000000
56400  43.111  -36.348  41.675 1.0000000000
57418  42.615  -35.730  41.067 1.0000000000
58455  37.149  -34.784  40.003 1.0000000000
56410  41.901  -36.487  40.907 1.0000000000
56416  41.250  -36.356  40.519 1.0000000000
56424  39.938  -36.156  39.464 1.0000000000
57437  38.611  -35.701  39.007 1.0000000000
140242  38.280  -34.935  39.180 1.0000000000
135489  37.545  -35.022  39.526 1.0000000000
55227  39.587  -37.199  44.878 0.2222220004
56379  39.194  -36.716  44.843 0.2222220004
57385  38.127  -35.617  44.413 0.1111110002
55228  39.240  -37.104  44.234 0.3333329856
55245  38.806  -37.040  43.715 0.4444440007
58416  37.837  -34.983  43.961 0.4444440007
56391  38.289  -36.701  43.337 0.6666669846
146995  37.800  -36.136  42.995 0.6666669846
57399  37.631  -35.401  43.261 0.5555559993
58425  37.325  -34.833  42.892 0.5555559993
58434  37.170  -35.064  41.952 0.6666669846
57396  45.337  -35.442  43.155 0.3333329856
58435  36.794  -34.585  41.151 0.7777780294
154937  44.705  -35.767  42.889 0.5555559993
57409  43.808  -35.279  42.188 0.6666669846
141144  43.000  -34.887  41.190 0.6666669846
59502  36.221  -33.724  40.769 1.0000000000
58433  42.321  -34.609  40.725 0.8888890147
58442  41.422  -34.599  40.418 1.0000000000
59501  40.906  -33.679  40.439 1.0000000000
58443  40.625  -34.645  40.026 1.0000000000
57419  41.810  -35.549  40.557 1.0000000000
57428  41.010  -35.489  40.228 1.0000000000
58452  39.805  -34.780  39.502 1.0000000000
58453  39.040  -33.998  39.634 1.0000000000
58454  38.004  -33.894  39.841 1.0000000000
131128  37.126  -33.761  40.104 1.0000000000
154468  36.162  -33.367  40.524 1.0000000000
59503  35.763  -32.888  40.565 1.0000000000
135633  36.874  -32.779  39.794 1.0000000000
59515  36.346  -32.986  40.260 1.0000000000
146186  37.546  -34.861  43.498 0.4444440007
58426  36.766  -34.367  42.215 0.7777780294
58422  44.636  -34.267  42.371 0.5555559993
59490  36.204  -33.758  41.577 1.0000000000
57408  44.573  -35.146  42.562 0.4444440007
59491  35.684  -33.089  41.195 0.8888890147
58423  44.066  -34.610  42.182 0.5555559993
59475  44.036  -33.915  41.914 0.5555559993
59476  43.486  -33.886  41.405 0.6666669846
58432  42.988  -34.163  41.111 0.6666669846
58444  40.095  -33.846  39.866 1.0000000000
59513  38.686  -33.144  39.920 1.0000000000
59514  37.747  -33.009  39.928 1.0000000000
59516  35.773  -32.469  40.045 1.0000000000
58417  37.315  -34.358  43.825 0.4444440007
59466  36.804  -33.497  44.046 0.4444440007
59477  36.799  -34.041  43.199 0.4444440007
59467  36.448  -33.152  43.343 0.4444440007
59478  36.330  -33.614  42.516 0.6666669846
59479  35.845  -33.086  41.957 0.8888890147
60509  35.494  -32.478  41.548 1.0000000000
60519  44.684  -32.792  41.622 0.2222220004
130750  44.027  -33.092  41.236 0.3333329856
59487  43.716  -33.517  41.369 0.5555559993
59499  42.493  -33.331  40.699 0.6666669846
60536  43.618  -32.753  40.607 0.3333329856
60520  43.226  -33.242  40.989 0.4444440007
60537  42.027  -32.928  40.463 0.6666669846
59500  41.614  -33.268  40.582 0.7777780294
59511  40.263  -33.141  40.149 1.0000000000
60521  35.382  -32.404  40.894 1.0000000000
61624  44.397  -31.326  39.396 0.3333329856
61612  44.013  -32.024  40.044 0.3333329856
60551  43.174  -32.346  39.899 0.3333329856
132508  42.755  -32.926  40.484 0.4444440007
60553  41.304  -32.532  40.143 0.7777780294
60554  40.320  -32.592  39.950 1.0000000000
154051  39.883  -32.885  40.013 1.0000000000
60556  38.431  -32.502  39.559 1.0000000000
60557  37.495  -32.397  39.372 1.0000000000
60539  35.430  -32.155  40.270 0.8888890147
133044  43.596  -31.664  39.246 0.3333329856
130149  42.721  -31.833  39.092 0.3333329856
60552  42.267  -32.438  39.959 0.4444440007
60573  40.807  -31.990  39.378 0.8888890147
60574  39.924  -32.054  39.279 1.0000000000
60576  38.125  -31.920  38.902 1.0000000000
60578  36.043  -31.845  38.766 1.0000000000
61613  35.258  -31.430  39.855 0.8888890147
140479  43.262  -31.402  38.595 0.3333329856
61647  42.703  -31.382  38.223 0.5555559993
138020  42.109  -31.633  38.522 0.5555559993
137427  40.451  -31.703  38.496 1.0000000000
61650  38.788  -31.654  38.264 1.0000000000
61651  37.880  -31.687  37.924 1.0000000000
60577  37.065  -31.912  38.494 1.0000000000
61626  35.405  -31.301  38.971 1.0000000000
62706  35.301  -30.725  40.372 0.8888890147
145101  40.650  -31.243  36.784 1.0000000000
61673  40.865  -31.472  37.572 0.8888890147
61674  39.445  -31.550  37.587 1.0000000000
61675  38.595  -31.549  37.299 1.0000000000
61677  36.708  -31.304  36.988 1.0000000000
61678  35.945  -31.167  37.209 1.0000000000
62764  35.623  -30.644  37.559 1.0000000000
61700  42.223  -30.782  37.013 0.8888890147
61701  41.405  -31.039  36.906 0.8888890147
61728  40.003  -31.138  36.373 1.0000000000
61704  38.419  -31.356  36.486 1.0000000000
61676  37.667  -31.524  37.018 1.0000000000
149190  36.246  -31.056  36.842 1.0000000000
62763  36.051  -30.594  36.830 1.0000000000
154690  36.077  -32.941  42.711 0.7777780294
60508  35.833  -32.388  42.327 0.7777780294
61587  35.569  -31.777  41.844 0.8888890147
132030  45.437  -30.453  39.003 0.2222220004
62722  45.251  -30.937  39.578 0.2222220004
153401  45.120  -31.774  40.783 0.2222220004
60535  44.494  -32.339  40.860 0.2222220004
141316  35.262  -31.712  40.636 0.8888890147
62723  44.772  -30.708  38.866 0.3333329856
61611  44.793  -31.602  40.159 0.2222220004
62686  35.424  -31.269  41.234 0.8888890147
63896  44.844  -29.826  37.581 0.2222220004
62743  44.459  -30.446  38.165 0.3333329856
61646  43.917  -31.004  38.608 0.3333329856
63897  44.227  -29.698  37.041 0.3333329856
62744  43.824  -30.661  37.960 0.3333329856
63899  35.514  -30.123  38.011 1.0000000000
63883  35.392  -29.955  38.770 0.8888890147
63850  35.528  -29.905  39.676 0.8888890147
62760  44.042  -30.199  37.527 0.4444440007
62761  43.399  -30.561  37.497 0.4444440007
61671  42.759  -30.951  37.571 0.6666669846
129950  42.889  -30.050  36.541 0.6666669846
150033  42.455  -30.352  36.579 0.7777780294
62781  40.867  -30.707  36.121 1.0000000000
62801  39.889  -30.597  35.604 1.0000000000
62802  38.982  -30.602  35.412 1.0000000000
61731  37.696  -30.676  35.793 1.0000000000
62782  37.056  -30.589  35.991 1.0000000000
63898  35.936  -29.894  37.283 1.0000000000
131718  41.820  -30.489  36.372 1.0000000000
63932  40.675  -30.123  35.402 1.0000000000
62821  39.427  -30.171  35.143 1.0000000000
62803  38.216  -30.346  35.433 1.0000000000
62804  37.464  -30.085  35.590 1.0000000000
63915  36.424  -29.853  36.505 1.0000000000
62652  37.167  -30.970  43.274 0.5555559993
62668  36.646  -30.918  42.726 0.7777780294
61586  36.157  -31.617  42.581 0.7777780294
62741  45.968  -29.977  38.774 0.1111110002
63881  45.823  -29.599  37.927 0.2222220004
63835  36.709  -29.794  41.124 0.7777780294
62685  35.935  -30.425  41.244 0.8888890147
63912  44.806  -29.298  36.772 0.3333329856
63849  36.349  -29.486  39.881 0.8888890147
62705  36.007  -29.908  40.506 0.8888890147
63914  43.157  -29.533  36.221 0.6666669846
65072  36.621  -29.055  38.405 0.8888890147
63863  35.961  -29.365  39.060 0.8888890147
63913  43.988  -29.278  36.365 0.4444440007
62799  42.356  -29.860  36.091 0.8888890147
65088  37.052  -28.536  36.956 1.0000000000
65108  36.665  -29.256  36.711 1.0000000000
63931  42.701  -29.154  35.675 0.6666669846
63942  41.174  -29.463  35.284 0.8888890147
63943  40.395  -29.436  34.993 1.0000000000
62820  39.988  -29.991  35.153 1.0000000000
62822  38.770  -29.953  35.015 1.0000000000
63934  37.275  -29.280  35.525 1.0000000000
65122  36.816  -29.158  36.007 1.0000000000
65130  40.924  -28.802  34.856 1.0000000000
65131  40.084  -28.710  34.572 1.0000000000
65132  39.079  -28.430  34.456 1.0000000000
63945  38.502  -29.110  34.758 1.0000000000
63946  37.692  -28.719  34.996 1.0000000000
62667  37.404  -30.553  42.768 0.5555559993
63823  37.827  -30.086  42.101 0.6666669846
62684  36.793  -30.293  41.954 0.7777780294
63880  46.737  -29.392  38.491 0.1111110002
153490  45.980  -29.099  37.277 0.2222220004
65086  45.420  -29.325  37.219 0.2222220004
150595  37.075  -29.112  39.309 0.7777780294
153606  36.742  -29.542  40.500 0.7777780294
137359  37.064  -28.769  37.798 0.7777780294
65071  37.585  -28.662  38.491 0.6666669846
66163  37.381  -27.594  35.465 1.0000000000
63930  43.446  -28.922  35.779 0.4444440007
65119  42.996  -28.524  35.272 0.5555559993
65120  42.221  -28.694  35.206 0.7777780294
66177  37.608  -27.747  34.818 1.0000000000
65121  37.224  -28.450  35.447 1.0000000000
154729  41.565  -28.894  35.151 0.8888890147
66174  40.723  -28.101  34.394 0.8888890147
65133  38.163  -28.342  34.604 1.0000000000
65022  38.769  -29.247  40.891 0.3333329856
63834  37.427  -29.785  41.496 0.3333329856
63879  47.614  -29.025  38.639 0.1111110002
65036  38.434  -28.950  40.117 0.3333329856
63847  37.638  -29.377  40.734 0.6666669846
63895  46.485  -29.133  37.715 0.1111110002
65055  38.107  -28.692  39.296 0.3333329856
65037  37.688  -29.059  39.933 0.4444440007
65085  46.582  -28.792  37.054 0.2222220004
65070  38.348  -28.388  38.136 0.4444440007
131327  38.776  -28.475  38.729 0.3333329856
65054  39.056  -28.628  39.480 0.3333329856
63929  44.668  -28.803  36.086 0.3333329856
66143  37.892  -27.167  36.630 0.7777780294
66122  37.621  -27.912  36.985 0.5555559993
132605  43.732  -28.400  35.332 0.3333329856
67111  37.553  -26.883  35.436 1.0000000000
144926  37.565  -27.199  35.922 0.8888890147
140960  41.635  -28.251  34.687 0.8888890147
143719  39.847  -27.932  34.211 1.0000000000
66175  39.101  -27.682  34.169 1.0000000000
67142  37.943  -26.978  34.409 1.0000000000
128587  47.996  -28.623  38.077 0.1111110002
65084  47.267  -28.791  37.734 0.1111110002
150981  40.885  -28.339  39.397 0.2222220004
65053  40.046  -28.505  39.665 0.3333329856
65105  46.664  -28.540  36.311 0.1111110002
65068  40.501  -28.250  38.786 0.3333329856
65069  39.640  -28.401  38.749 0.3333329856
65106  45.687  -28.792  36.390 0.3333329856
65118  44.452  -28.402  35.445 0.3333329856
67094  38.941  -26.875  37.083 0.5555559993
66120  39.599  -27.613  37.586 0.4444440007
65128  43.318  -27.944  34.858 0.5555559993
144282  42.083  -27.610  34.434 0.7777780294
66173  41.345  -27.498  34.188 0.8888890147
66181  39.559  -27.205  33.912 1.0000000000
67141  38.676  -27.080  34.067 1.0000000000
68099  37.754  -26.182  35.342 0.8888890147
67110  37.861  -26.587  35.977 0.7777780294
67152  41.048  -26.740  33.731 0.8888890147
68128  39.687  -25.733  33.624 0.8888890147
68129  38.732  -25.814  34.013 1.0000000000
68117  38.024  -26.093  34.596 1.0000000000
68083  38.149  -25.673  36.163 0.8888890147
66101  40.854  -27.851  38.306 0.2222220004
66119  40.448  -27.466  37.804 0.4444440007
67095  38.267  -26.403  36.561 0.7777780294
68070  38.830  -25.922  36.836 0.5555559993
67093  40.020  -26.943  37.363 0.4444440007
28361  7.019  -62.413  55.146 0.3333329856
139095  9.819  -59.003  56.795 0.2222220004
27175  4.687  -63.243  54.480 0.4444440007
25954  4.174  -63.556  54.171 0.4444440007
28371  3.551  -61.591  53.863 0.4444440007
29532  8.489  -60.712  54.548 0.3333329856
33056  11.032  -57.603  55.559 0.2222220004
30697  8.962  -60.110  54.473 0.2222220004
34162  11.785  -56.473  55.336 0.2222220004
140566  10.312  -58.452  54.515 0.2222220004
30682  9.473  -59.606  54.833 0.2222220004
29550  7.418  -60.686  53.566 0.5555559993
34169  11.836  -56.481  54.283 0.2222220004
35313  12.183  -55.825  54.966 0.2222220004
135238  4.026  -60.774  54.205 0.4444440007
139443  3.304  -63.115  53.295 0.2222220004
29537  3.697  -60.978  53.944 0.4444440007
28381  3.391  -61.543  53.118 0.2222220004
29565  3.059  -61.004  52.910 0.2222220004
29579  3.392  -60.628  52.694 0.2222220004
27206  3.350  -62.577  52.769 0.2222220004
28405  3.592  -61.962  52.442 0.1111110002
25987  3.247  -63.541  51.720 0.2222220004
25988  2.813  -63.480  52.345 0.2222220004
29549  8.104  -60.571  53.676 0.5555559993
33064  10.874  -57.831  54.677 0.2222220004
35323  12.595  -55.335  53.781 0.2222220004
36461  12.895  -54.822  52.429 0.2222220004
31862  10.072  -58.316  52.936 0.3333329856
30710  8.756  -59.319  52.877 0.5555559993
131651  5.970  -60.350  53.745 0.5555559993
37593  13.898  -53.775  52.116 0.2222220004
33071  11.160  -57.318  53.840 0.2222220004
34185  10.788  -57.133  51.874 0.3333329856
148248  11.326  -56.747  52.350 0.3333329856
37592  14.096  -53.403  51.449 0.3333329856
38729  14.202  -53.453  53.088 0.2222220004
30701  3.464  -59.885  53.487 0.4444440007
27230  4.205  -62.630  51.679 0.1111110002
31874  9.224  -58.639  52.533 0.4444440007
31875  8.329  -58.731  52.376 0.5555559993
35334  11.857  -56.076  52.403 0.3333329856
33082  10.398  -57.698  52.322 0.5555559993
33100  9.264  -57.492  51.545 0.5555559993
146070  8.047  -58.123  52.127 0.5555559993
34197  11.001  -56.071  50.995 0.6666669846
35347  11.675  -55.743  51.414 0.5555559993
33099  10.077  -57.436  51.500 0.5555559993
35348  9.478  -56.146  51.130 0.7777780294
30684  4.695  -58.896  54.505 0.5555559993
150713  3.916  -59.927  54.107 0.5555559993
131145  15.358  -52.100  51.060 0.4444440007
37612  13.703  -53.211  50.710 0.5555559993
37613  12.890  -53.735  50.732 0.5555559993
29577  3.704  -60.333  51.943 0.1111110002
39754  14.804  -52.239  50.285 0.5555559993
150694  15.822  -51.504  50.943 0.5555559993
39755  14.047  -52.072  49.954 0.6666669846
145742  14.191  -52.650  50.384 0.4444440007
30714  3.204  -59.975  53.020 0.5555559993
30726  3.435  -59.899  52.183 0.2222220004
31876  7.383  -58.570  52.490 0.5555559993
33084  8.312  -57.382  51.821 0.6666669846
34187  7.660  -56.882  52.217 0.6666669846
33073  6.793  -57.714  52.825 0.6666669846
153059  11.681  -54.715  50.663 0.7777780294
36472  12.816  -54.346  51.190 0.4444440007
36490  11.023  -54.738  50.508 0.7777780294
35368  9.879  -55.458  50.882 0.7777780294
35367  10.642  -55.453  50.714 0.7777780294
34186  8.117  -56.413  51.826 0.7777780294
33074  6.238  -57.503  53.608 0.7777780294
141702  12.141  -53.561  50.397 0.7777780294
37614  11.367  -53.309  50.298 0.8888890147
31858  3.618  -59.147  53.679 0.5555559993
29524  3.847  -60.134  54.018 0.5555559993
41953  16.120  -50.374  49.668 0.6666669846
40823  16.354  -51.085  51.347 0.4444440007
149780  13.800  -51.491  49.660 0.7777780294
38772  13.254  -51.871  49.789 0.7777780294
38762  12.643  -52.354  49.971 0.7777780294
128757  12.012  -52.844  50.100 0.7777780294
35335  8.080  -55.456  52.115 0.7777780294
39757  11.664  -51.464  49.985 0.8888890147
39766  13.958  -50.995  49.487 0.7777780294
41960  15.316  -50.166  49.166 0.7777780294
40824  10.574  -50.690  51.045 0.7777780294
41962  13.272  -49.515  49.243 0.8888890147
40830  12.131  -50.871  49.748 0.8888890147
43061  18.035  -48.669  49.041 0.7777780294
43063  15.687  -48.756  48.812 0.7777780294
44194  16.224  -48.095  48.683 0.7777780294
136706  16.687  -48.948  49.017 0.7777780294
41961  14.363  -49.659  49.017 0.7777780294
153281  18.905  -48.934  49.913 0.7777780294
44127  19.340  -48.685  50.290 0.7777780294
44159  18.533  -48.620  49.210 0.7777780294
41963  12.278  -49.204  49.757 0.8888890147
41954  11.641  -49.888  50.281 0.8888890147
41940  10.509  -49.392  52.364 0.6666669846
41948  10.970  -49.330  51.421 0.7777780294
40817  10.535  -50.067  51.745 0.6666669846
43069  15.389  -48.024  48.665 0.8888890147
44157  19.765  -48.085  49.880 0.7777780294
44192  17.819  -47.857  48.658 0.8888890147
44217  16.787  -47.353  48.536 0.7777780294
44189  20.447  -47.941  49.122 0.7777780294
45273  19.404  -46.690  47.982 0.7777780294
139630  26.891  -45.100  52.831 0.4444440007
43066  12.887  -48.622  49.507 0.8888890147
43042  11.656  -48.035  51.195 0.8888890147
44219  14.849  -47.433  48.671 0.8888890147
44195  13.967  -47.401  49.027 0.8888890147
45257  13.552  -46.650  49.355 0.8888890147
44188  21.353  -47.656  48.883 0.7777780294
44213  20.664  -47.560  48.394 0.7777780294
45272  20.326  -46.909  47.951 0.7777780294
45254  22.567  -46.846  49.090 0.7777780294
45198  23.939  -47.030  54.872 0.3333329856
47434  27.656  -44.575  51.994 0.4444440007
45222  24.263  -46.166  52.554 0.5555559993
43016  10.819  -48.648  52.242 0.6666669846
45223  23.704  -46.768  52.214 0.6666669846
46295  24.363  -45.877  51.842 0.5555559993
46312  13.659  -45.868  49.489 0.7777780294
49599  28.951  -42.596  50.156 0.5555559993
49616  28.770  -42.420  49.386 0.6666669846
46296  24.008  -45.902  51.156 0.7777780294
45240  23.392  -46.408  50.583 0.6666669846
148342  15.757  -45.636  48.583 0.8888890147
45293  20.802  -46.344  47.485 0.7777780294
46337  20.489  -45.558  47.278 0.8888890147
143976  18.752  -45.936  48.081 0.8888890147
46319  22.883  -46.212  48.688 0.7777780294
140382  23.874  -45.609  49.411 0.7777780294
129956  22.856  -45.817  47.948 0.7777780294
46287  24.944  -45.919  53.130 0.5555559993
46293  26.416  -45.053  51.741 0.5555559993
46306  13.358  -45.476  50.429 0.5555559993
46297  13.828  -44.784  50.856 0.5555559993
47449  14.344  -44.308  50.356 0.6666669846
47446  26.709  -44.579  50.429 0.5555559993
47436  26.068  -44.981  50.989 0.5555559993
46310  15.180  -45.074  48.697 0.8888890147
51498  29.090  -40.702  48.792 0.5555559993
48589  28.165  -42.969  49.071 0.6666669846
137306  27.524  -43.443  48.890 0.6666669846
48606  26.815  -43.788  48.778 0.6666669846
47447  25.936  -44.761  50.049 0.5555559993
150509  25.278  -44.887  49.704 0.7777780294
46309  24.588  -45.297  49.737 0.7777780294
51510  29.178  -39.861  48.609 0.5555559993
51511  28.711  -40.448  47.865 0.6666669846
49648  28.027  -42.143  47.725 0.6666669846
48605  27.715  -42.886  48.170 0.6666669846
49649  27.456  -42.596  47.205 0.6666669846
47455  25.700  -44.557  49.210 0.7777780294
47466  25.375  -44.436  48.366 0.7777780294
47482  20.122  -44.681  47.366 0.8888890147
53975  29.376  -38.391  48.496 0.6666669846
51526  28.165  -40.564  46.851 0.6666669846
48618  25.789  -43.711  47.206 0.7777780294
47479  24.290  -44.688  47.075 0.7777780294
47478  25.122  -44.278  47.367 0.7777780294
46334  23.706  -45.208  47.766 0.7777780294
46351  22.814  -45.210  47.066 0.7777780294
46352  21.816  -45.141  46.784 0.7777780294
51554  33.219  -40.929  45.860 0.7777780294
51540  32.599  -40.325  46.282 0.6666669846
52740  31.686  -39.048  46.339 0.8888890147
149296  31.609  -39.170  45.495 0.8888890147
52725  32.218  -39.621  46.753 0.6666669846
55152  30.942  -37.500  48.334 0.6666669846
55169  29.660  -37.003  48.065 0.6666669846
53994  28.623  -37.804  47.309 0.6666669846
52727  28.425  -38.870  47.099 0.6666669846
54012  27.977  -38.167  46.451 0.7777780294
52741  28.116  -39.773  46.475 0.7777780294
55185  30.317  -36.568  46.239 0.8888890147
55170  28.920  -37.013  47.366 0.7777780294
48595  16.114  -43.470  49.503 0.8888890147
48578  16.351  -42.987  50.322 0.7777780294
47448  14.949  -43.722  50.773 0.5555559993
47469  18.044  -44.329  48.294 0.8888890147
47470  17.303  -44.196  48.586 0.8888890147
47458  16.457  -44.096  48.813 0.8888890147
48629  26.541  -43.054  46.123 0.8888890147
49665  27.235  -42.436  46.212 0.7777780294
47483  19.319  -44.387  47.685 0.8888890147
47468  18.619  -44.215  47.970 0.8888890147
50603  33.771  -41.326  45.170 0.7777780294
51541  27.757  -40.463  45.922 0.7777780294
134765  27.371  -40.991  45.448 0.8888890147
49676  26.521  -42.575  45.510 0.8888890147
48630  25.314  -43.846  46.651 0.7777780294
47494  23.936  -44.451  46.357 0.7777780294
48631  24.270  -43.768  45.806 0.8888890147
141273  25.206  -43.685  45.948 0.8888890147
47495  23.125  -44.554  46.456 0.7777780294
47496  22.386  -44.651  46.527 0.7777780294
48633  22.538  -43.893  46.181 0.8888890147
48634  21.623  -43.443  46.459 0.8888890147
47497  20.420  -44.121  47.141 0.8888890147
48635  20.969  -43.853  46.787 0.8888890147
51571  33.200  -40.743  44.833 0.8888890147
51572  32.608  -40.251  44.296 0.8888890147
54013  27.362  -38.494  45.873 0.8888890147
50605  26.297  -41.822  45.108 0.8888890147
49677  25.715  -42.583  45.158 0.8888890147
48641  25.046  -43.187  45.392 0.8888890147
56349  28.828  -35.591  46.539 0.8888890147
155043  29.363  -36.063  46.521 0.8888890147
135255  27.286  -36.055  46.437 0.8888890147
48594  17.721  -42.795  49.623 0.7777780294
48621  19.785  -43.768  47.533 0.8888890147
49674  35.816  -42.144  45.719 0.7777780294
50617  33.702  -41.013  44.336 0.8888890147
52758  26.648  -39.397  45.106 0.8888890147
134869  26.787  -41.000  45.023 0.8888890147
50589  22.518  -41.857  46.332 0.7777780294
49667  22.225  -42.795  46.094 0.8888890147
49651  21.270  -42.369  47.334 0.7777780294
131564  35.874  -41.750  44.843 0.7777780294
52769  31.435  -39.053  43.832 0.8888890147
55211  26.942  -38.049  45.776 0.8888890147
54033  26.793  -38.683  45.521 0.8888890147
54034  26.078  -38.793  45.477 0.8888890147
52759  25.850  -39.523  45.132 0.7777780294
143244  25.974  -40.981  44.919 0.7777780294
51560  24.770  -40.398  45.531 0.7777780294
50587  24.025  -40.917  45.822 0.7777780294
51584  34.159  -40.750  43.115 0.8888890147
51586  32.783  -40.250  43.340 0.8888890147
52782  32.271  -39.694  42.939 0.8888890147
54068  31.283  -38.428  43.236 0.8888890147
54069  30.945  -37.620  43.373 0.7777780294
57353  29.762  -34.420  45.988 0.7777780294
58393  30.775  -34.240  45.041 0.7777780294
57355  28.229  -34.800  46.541 0.8888890147
48576  18.252  -42.527  50.330 0.6666669846
49633  21.141  -42.072  48.274 0.5555559993
49635  19.506  -42.364  48.841 0.7777780294
49652  20.562  -42.603  47.649 0.6666669846
50599  37.288  -42.030  45.332 0.4444440007
137398  22.947  -41.308  46.806 0.7777780294
50614  36.680  -41.734  44.593 0.8888890147
149474  36.529  -41.361  43.411 0.7777780294
55188  26.740  -37.416  46.022 0.7777780294
56351  26.603  -36.616  46.459 0.7777780294
56352  26.045  -36.847  46.777 0.7777780294
55171  25.614  -37.439  46.938 0.7777780294
52744  24.791  -39.660  46.162 0.7777780294
50646  36.197  -41.213  42.948 0.7777780294
50647  35.499  -41.186  43.041 0.8888890147
51603  34.116  -40.474  42.236 0.8888890147
134820  33.441  -40.373  42.732 0.8888890147
52797  32.273  -39.196  42.491 0.8888890147
55267  31.768  -37.598  42.671 0.7777780294
54084  31.794  -38.388  42.604 0.7777780294
56393  31.450  -36.159  43.450 0.7777780294
56394  30.924  -35.939  43.850 0.7777780294
57387  31.365  -34.657  44.504 0.7777780294
57402  30.985  -35.291  44.213 0.7777780294
58392  31.429  -33.954  45.212 0.7777780294
58377  29.612  -33.796  46.332 0.7777780294
58379  27.824  -34.454  46.800 0.7777780294
57334  27.226  -34.731  47.123 0.6666669846
49617  21.923  -41.750  48.887 0.3333329856
50611  38.965  -41.358  44.750 0.6666669846
51569  39.743  -40.968  44.380 0.6666669846
50612  38.292  -41.327  44.261 0.6666669846
51601  36.524  -40.868  42.199 0.8888890147
56334  26.209  -36.180  46.971 0.6666669846
57322  26.263  -35.375  48.480 0.6666669846
55155  25.172  -37.398  47.877 0.5555559993
51620  34.830  -40.414  41.608 0.8888890147
51621  33.521  -40.031  41.914 0.8888890147
54096  33.685  -39.212  41.603 0.7777780294
52813  34.159  -39.836  41.442 0.7777780294
52796  33.009  -39.230  42.061 0.7777780294
55266  32.309  -37.690  42.392 0.7777780294
55265  33.050  -37.699  42.093 0.7777780294
56392  32.209  -36.468  43.353 0.7777780294
55251  31.436  -37.009  42.960 0.7777780294
57373  32.678  -34.831  45.016 0.7777780294
56381  32.762  -35.651  44.188 0.7777780294
57400  31.998  -35.639  43.729 0.7777780294
58391  32.157  -34.208  45.522 0.7777780294
58375  31.698  -33.768  46.015 0.7777780294
59432  30.408  -33.569  46.066 0.7777780294
154088  31.331  -33.501  46.478 0.7777780294
59420  29.464  -33.220  47.437 0.7777780294
59419  29.943  -33.312  46.685 0.7777780294
58363  27.911  -33.958  47.181 0.6666669846
58350  27.494  -34.108  47.811 0.5555559993
58351  26.875  -34.748  48.022 0.5555559993
150099  29.863  -33.283  53.100 0.3333329856
131811  30.822  -33.458  54.309 0.2222220004
58276  27.825  -34.176  52.912 0.2222220004
58264  28.159  -34.190  53.787 0.2222220004
57277  26.885  -34.581  53.012 0.2222220004
57269  26.940  -35.095  53.957 0.1111110002
56285  25.487  -35.778  52.760 0.1111110002
56276  26.172  -35.283  53.445 0.1111110002
55111  24.978  -36.760  52.910 0.1111110002
53927  24.444  -38.075  51.663 0.1111110002
52656  24.251  -38.977  51.714 0.1111110002
50524  23.217  -40.840  50.359 0.1111110002
52675  23.881  -39.513  50.892 0.1111110002
50538  23.469  -41.041  49.691 0.1111110002
58273  32.417  -33.859  52.512 0.1111110002
144867  32.092  -33.898  51.845 0.3333329856
57287  34.023  -34.759  52.314 0.1111110002
58260  32.570  -33.947  53.317 0.2222220004
131810  30.914  -33.250  52.955 0.3333329856
58292  30.362  -33.442  51.587 0.3333329856
56294  25.355  -35.570  51.042 0.2222220004
55122  24.559  -37.149  51.125 0.2222220004
55121  24.539  -37.103  52.024 0.1111110002
52695  24.209  -39.097  49.989 0.2222220004
152585  23.992  -39.388  50.503 0.1111110002
51501  23.642  -40.957  49.159 0.3333329856
49601  22.135  -42.140  50.014 0.2222220004
51552  41.678  -40.629  45.252 0.3333329856
57298  32.999  -34.609  50.862 0.2222220004
57309  33.596  -35.263  50.364 0.1111110002
58291  31.381  -33.780  51.407 0.3333329856
58290  32.255  -34.101  51.188 0.3333329856
58293  29.194  -33.464  51.839 0.2222220004
58295  27.610  -34.053  51.420 0.2222220004
57289  25.878  -34.848  51.529 0.2222220004
56303  24.891  -36.336  50.544 0.2222220004
51512  23.749  -40.400  48.747 0.3333329856
56320  33.897  -36.981  48.465 0.3333329856
142458  33.394  -35.401  49.418 0.2222220004
57321  32.844  -34.830  48.894 0.2222220004
58311  31.531  -33.908  50.607 0.3333329856
58330  31.693  -33.903  49.857 0.5555559993
59377  29.081  -33.630  50.235 0.3333329856
58313  29.440  -33.588  50.996 0.3333329856
59376  29.913  -33.508  50.140 0.3333329856
58314  27.371  -34.191  50.494 0.4444440007
57312  26.003  -35.195  49.541 0.3333329856
56313  25.085  -36.524  49.509 0.3333329856
53977  24.713  -38.167  48.378 0.2222220004
52712  24.364  -39.022  48.884 0.3333329856
51582  38.418  -40.924  43.536 0.7777780294
51581  39.308  -40.587  43.386 0.6666669846
55233  34.288  -37.687  44.558 0.4444440007
56347  33.518  -36.675  46.781 0.4444440007
57332  33.306  -35.559  47.849 0.5555559993
56331  33.546  -36.364  47.712 0.3333329856
58348  32.964  -34.869  48.015 0.5555559993
59388  31.847  -33.798  48.494 0.6666669846
58349  32.389  -34.285  48.268 0.5555559993
59389  31.470  -33.647  49.098 0.5555559993
59390  30.086  -33.371  49.184 0.5555559993
59391  29.214  -33.468  49.434 0.5555559993
58332  27.300  -34.297  49.609 0.4444440007
59393  27.821  -33.841  49.212 0.5555559993
58333  26.728  -34.793  49.079 0.5555559993
146625  33.649  -37.520  42.674 0.7777780294
132241  34.467  -37.708  42.442 0.7777780294
57372  33.214  -35.532  45.116 0.7777780294
57352  32.749  -34.777  46.304 0.6666669846
58374  32.202  -34.147  46.388 0.5555559993
59405  31.182  -33.384  48.128 0.6666669846
59418  31.265  -33.383  47.159 0.6666669846
58362  32.463  -34.364  47.264 0.6666669846
135003  30.474  -33.192  47.322 0.6666669846
59407  29.349  -33.299  48.454 0.6666669846
59408  27.790  -33.756  48.428 0.5555559993
51599  38.459  -40.536  42.631 0.8888890147
139128  35.376  -40.050  40.943 0.8888890147
154105  34.245  -39.145  41.278 0.8888890147
54082  33.337  -38.400  41.801 0.7777780294
55264  33.819  -37.833  41.950 0.7777780294
131286  33.680  -37.292  43.681 0.7777780294
56380  33.177  -36.634  43.829 0.7777780294
51618  36.908  -40.257  41.412 0.8888890147
52825  37.670  -39.311  40.607 0.8888890147
149979  35.482  -39.464  40.693 0.8888890147
147435  41.704  -39.790  43.982 0.5555559993
55232  35.106  -38.060  44.389 0.4444440007
52808  39.215  -39.356  41.197 0.8888890147
55289  35.803  -38.117  40.527 0.7777780294
54094  35.241  -38.763  40.661 0.8888890147
52779  43.098  -39.190  43.517 0.5555559993
52792  41.942  -39.016  42.942 0.6666669846
52823  39.056  -38.737  40.584 1.0000000000
54109  37.634  -38.642  40.126 1.0000000000
54110  36.845  -38.678  40.170 0.8888890147
54121  38.537  -37.789  39.782 1.0000000000
54066  44.330  -38.226  43.413 0.5555559993
55298  38.184  -37.333  39.469 1.0000000000
55181  39.888  -38.148  45.947 0.1111110002
55243  44.623  -37.418  43.303 0.3333329856
55273  42.783  -37.332  41.890 1.0000000000
56417  40.580  -36.278  39.918 1.0000000000
56425  39.190  -36.370  39.253 1.0000000000
56388  44.843  -36.421  43.194 0.3333329856
56409  42.528  -36.700  41.282 1.0000000000
135761  36.659  -33.824  40.406 1.0000000000
57429  40.306  -35.536  39.631 1.0000000000
57436  39.480  -35.627  39.253 1.0000000000
147481  39.528  -36.886  45.292 0.2222220004
135902  38.636  -35.757  45.051 0.1111110002
56390  38.536  -36.468  44.233 0.3333329856
57398  37.815  -35.973  43.803 0.4444440007
58424  43.531  -34.565  41.664 0.6666669846
143590  41.710  -33.900  40.615 0.7777780294
59489  42.374  -33.752  40.744 0.6666669846
60538  40.817  -32.959  40.423 1.0000000000
59512  39.568  -33.216  39.959 1.0000000000
143681  36.704  -32.271  39.216 1.0000000000
60558  36.149  -32.375  39.593 1.0000000000
60559  35.567  -31.964  39.560 1.0000000000
59486  44.352  -33.334  41.802 0.3333329856
60575  39.045  -31.976  39.148 1.0000000000
60555  39.418  -32.638  39.743 1.0000000000
61625  41.741  -31.947  39.291 0.6666669846
61649  39.639  -31.677  38.456 1.0000000000
144756  37.092  -31.608  37.597 1.0000000000
61672  41.939  -31.333  37.714 0.6666669846
61648  41.334  -31.675  38.474 0.7777780294
144801  40.120  -31.581  37.807 1.0000000000
61652  36.316  -31.569  37.759 1.0000000000
61653  35.605  -31.281  37.993 1.0000000000
62745  35.350  -30.647  38.402 1.0000000000
62724  35.233  -30.629  39.337 0.8888890147
61703  39.302  -31.419  36.769 1.0000000000
61705  37.472  -31.146  36.306 1.0000000000
61729  39.164  -31.057  36.037 1.0000000000
61730  38.333  -30.930  35.865 1.0000000000
62783  36.554  -30.386  36.325 1.0000000000
63882  35.844  -29.549  38.155 0.8888890147
63935  36.824  -29.883  35.930 1.0000000000
65089  36.475  -29.194  37.534 1.0000000000
63944  39.470  -29.445  34.797 1.0000000000
63933  37.972  -29.589  35.180 1.0000000000
62669  35.969  -30.979  42.010 0.7777780294
134915  41.929  -29.360  35.532 0.7777780294
65107  37.076  -28.458  36.091 1.0000000000
66176  38.367  -27.711  34.360 1.0000000000
65087  37.681  -28.357  37.619 0.5555559993
66144  37.392  -27.806  36.282 1.0000000000
65129  42.519  -28.078  34.799 0.6666669846
67127  37.522  -26.888  34.881 1.0000000000
66180  40.450  -27.352  33.969 1.0000000000
65117  45.687  -28.314  35.539 0.3333329856
66103  39.214  -28.228  38.041 0.4444440007
66121  38.465  -27.832  37.432 0.4444440007
65067  41.281  -28.066  38.889 0.2222220004
66102  40.122  -28.121  38.080 0.4444440007
128117  45.104  -28.494  35.666 0.3333329856
67153  40.114  -26.616  33.671 0.8888890147
67154  39.197  -26.502  33.846 1.0000000000
67155  38.445  -26.487  34.139 1.0000000000
66118  40.888  -27.261  38.190 0.4444440007
30687  3.888  -59.630  54.043 0.4444440007
30686  4.064  -59.361  54.284 0.4444440007
31847  4.132  -58.652  54.433 0.2222220004
148541  4.252  -57.813  54.505 0.2222220004
33059  3.962  -57.998  54.389 0.2222220004
151450  4.635  -57.577  54.544 0.2222220004
31846  4.438  -58.381  54.522 0.3333329856
31856  5.467  -57.501  54.310 0.3333329856
34178  7.038  -56.911  52.706 0.6666669846
149484  6.542  -56.990  53.291 0.6666669846
31852  4.998  -57.862  54.505 0.2222220004
33065  5.839  -56.998  54.041 0.3333329856
33057  5.657  -56.613  54.371 0.3333329856
35336  7.422  -55.996  52.665 0.6666669846
35325  7.057  -55.286  53.562 0.6666669846
33050  5.345  -56.784  54.537 0.2222220004
34170  6.469  -55.489  54.132 0.6666669846
36463  7.649  -54.969  53.033 0.6666669846
36474  8.793  -54.073  51.905 0.7777780294
36462  8.222  -54.525  52.498 0.6666669846
141788  7.312  -54.505  53.788 0.6666669846
36453  7.741  -54.084  53.312 0.6666669846
37595  8.339  -53.619  52.750 0.6666669846
37594  8.894  -53.125  52.145 0.4444440007
38741  8.551  -52.714  53.015 0.5555559993
139471  7.907  -53.253  53.535 0.3333329856
38730  8.826  -51.789  53.329 0.4444440007
38740  9.222  -52.233  52.489 0.4444440007
39732  8.267  -51.781  54.037 0.3333329856
38731  8.134  -52.434  53.766 0.3333329856
132964  9.727  -50.377  52.810 0.3333329856
40818  10.178  -50.046  52.464 0.4444440007
39740  9.475  -51.315  52.654 0.4444440007
41905  9.692  -49.018  53.863 0.2222220004
40811  9.508  -49.947  53.558 0.2222220004
40806  8.989  -50.420  54.099 0.1111110002
41927  10.094  -49.468  53.094 0.2222220004
41926  10.565  -48.743  52.979 0.2222220004
43015  11.252  -47.903  52.210 0.4444440007
42990  10.726  -48.075  53.453 0.1111110002
41904  10.261  -48.544  53.634 0.2222220004
44086  11.216  -46.904  53.553 0.1111110002
131467  11.134  -47.668  53.151 0.1111110002
44104  11.510  -47.143  52.719 0.3333329856
44128  12.327  -46.548  51.694 0.4444440007
51524  33.123  -41.027  47.440 0.2222220004
51525  32.616  -40.282  47.293 0.5555559993
45226  12.447  -45.842  52.255 0.2222220004
44103  11.938  -46.527  52.421 0.3333329856
46289  13.120  -45.171  52.095 0.3333329856
49647  34.677  -42.627  47.699 0.3333329856
50567  33.627  -41.665  47.493 0.2222220004
50584  34.058  -41.815  46.774 0.4444440007
47439  14.388  -44.166  51.327 0.4444440007
46288  13.828  -44.646  51.792 0.3333329856
57242  32.952  -34.853  55.419 0.1111110002
58233  32.377  -34.224  55.017 0.1111110002
58245  32.520  -34.110  54.127 0.1111110002
57267  33.327  -34.452  53.741 0.1111110002
58261  31.617  -33.517  53.676 0.1111110002
47425  14.496  -44.058  52.269 0.2222220004
48558  15.740  -43.252  51.055 0.5555559993
47407  15.651  -43.509  53.630 0.2222220004
47408  14.563  -43.740  53.296 0.2222220004
47424  15.434  -43.726  52.655 0.3333329856
47438  15.176  -43.755  51.716 0.3333329856
48556  17.626  -42.921  51.540 0.3333329856
52724  36.517  -39.035  47.729 0.1111110002
53971  36.061  -38.994  48.689 0.2222220004
53972  35.279  -38.557  48.446 0.1111110002
53973  34.694  -38.347  47.935 0.2222220004
53990  35.516  -38.666  47.649 0.2222220004
54008  36.166  -38.697  46.914 0.2222220004
53991  34.780  -38.403  47.112 0.2222220004
131901  36.787  -38.630  46.147 0.2222220004
140834  35.786  -38.569  46.154 0.2222220004
54030  35.400  -38.381  45.391 0.2222220004
55150  34.788  -38.159  48.822 0.2222220004
55151  34.177  -37.759  48.219 0.3333329856
56330  33.739  -37.246  47.572 0.3333329856
55166  34.148  -37.994  47.395 0.3333329856
152477  34.330  -38.133  46.710 0.2222220004
55183  33.865  -37.528  46.746 0.3333329856
54010  34.879  -38.424  46.222 0.2222220004
55207  34.653  -38.124  45.355 0.2222220004
136584  38.424  -25.134  34.420 0.8888890147
69142  38.750  -24.378  34.189 0.7777780294
59458  37.322  -33.688  44.532 0.3333329856
132912  38.564  -23.751  34.684 0.7777780294
70075  38.719  -22.908  34.543 0.7777780294
60489  37.091  -32.882  44.505 0.3333329856
60499  36.331  -32.314  43.070 0.4444440007
154047  39.321  -21.469  36.935 0.7777780294
70041  38.605  -23.335  36.354 0.6666669846
69123  38.400  -24.086  35.633 0.6666669846
73808  40.533  -19.411  36.428 0.6666669846
71888  39.340  -20.930  36.409 0.6666669846
70058  38.528  -23.161  35.429 0.7777780294
68098  38.024  -25.138  35.285 0.7777780294
74801  41.270  -18.308  34.323 0.7777780294
71895  38.863  -21.446  35.409 0.7777780294
70975  38.656  -22.314  35.396 0.7777780294
74809  41.282  -18.408  33.439 0.7777780294
61555  37.380  -31.997  44.554 0.3333329856
61573  37.334  -31.433  43.850 0.4444440007
146431  42.071  -19.015  37.619 0.3333329856
73794  41.443  -19.291  37.376 0.4444440007
72863  40.345  -20.809  37.916 0.4444440007
71869  39.385  -22.003  37.420 0.7777780294
69109  38.591  -24.141  36.629 0.5555559993
148583  38.304  -24.769  36.143 0.7777780294
75739  42.803  -17.519  36.440 0.4444440007
146933  42.177  -18.495  37.029 0.5555559993
72877  40.103  -20.169  37.129 0.5555559993
153617  42.335  -17.964  35.431 0.5555559993
74794  41.164  -18.796  35.795 0.6666669846
75765  43.045  -16.821  33.321 0.7777780294
74793  42.015  -17.956  34.895 0.7777780294
75786  43.367  -17.088  31.440 0.7777780294
62651  37.828  -30.786  43.489 0.4444440007
73784  43.589  -18.899  39.172 0.1111110002
69108  39.073  -24.404  37.356 0.4444440007
73786  42.246  -19.589  38.420 0.3333329856
71852  41.323  -21.265  38.788 0.2222220004
70943  40.253  -22.339  38.367 0.3333329856
70023  39.581  -23.745  37.798 0.3333329856
78635  47.395  -14.833  39.370 0.1111110002
77620  45.998  -15.665  38.397 0.1111110002
76651  45.899  -16.285  38.821 0.3333329856
75728  44.421  -16.776  38.019 0.5555559993
74768  43.421  -17.853  38.082 0.3333329856
72847  41.054  -20.604  38.235 0.4444440007
153443  39.817  -22.437  37.965 0.5555559993
70040  38.955  -23.498  37.199 0.5555559993
68082  38.667  -25.012  36.778 0.5555559993
138664  47.255  -14.355  38.698 0.1111110002
77625  45.467  -15.467  37.471 0.2222220004
130711  44.163  -16.287  37.144 0.4444440007
74782  42.454  -18.020  36.769 0.4444440007
78640  46.956  -14.232  37.842 0.1111110002
142210  44.872  -15.422  35.837 0.3333329856
132295  43.929  -16.138  36.092 0.6666669846
75748  43.455  -16.591  35.572 0.6666669846
76689  44.349  -16.003  33.443 0.7777780294
76684  43.544  -16.468  34.737 0.7777780294
135521  42.975  -16.932  35.102 0.7777780294
76698  43.770  -16.391  32.949 0.7777780294
63821  39.561  -29.540  42.550 0.2222220004
63822  38.735  -29.893  42.260 0.2222220004
69094  39.594  -24.661  37.893 0.3333329856
68069  39.415  -25.506  37.392 0.4444440007
72845  42.698  -20.253  39.141 0.2222220004
72846  41.820  -20.413  38.642 0.2222220004
137631  40.965  -22.246  38.886 0.2222220004
70022  40.003  -23.099  38.108 0.3333329856
63832  39.182  -29.432  41.694 0.2222220004
72828  43.061  -21.085  39.691 0.1111110002
69093  40.205  -24.104  38.381 0.2222220004
143155  39.901  -25.419  38.154 0.3333329856
70021  40.574  -23.121  38.665 0.2222220004
72829  42.159  -21.105  39.232 0.1111110002
68068  40.023  -26.369  37.616 0.3333329856
67092  40.602  -26.917  37.847 0.3333329856
71844  42.498  -21.703  39.615 0.1111110002
70930  41.624  -22.601  39.329 0.1111110002
70010  41.253  -23.128  39.166 0.1111110002
143133  40.698  -25.056  38.724 0.2222220004
67076  40.960  -26.888  38.468 0.3333329856
143560  41.467  -24.883  39.191 0.2222220004
68067  40.498  -26.219  38.320 0.3333329856
152789  41.577  -23.595  39.226 0.2222220004
69079  41.135  -23.963  38.933 0.2222220004
66100  41.289  -27.544  38.869 0.2222220004
68052  41.092  -25.958  38.992 0.2222220004
69078  41.817  -24.066  39.301 0.1111110002
39747  9.682  -51.798  51.784 0.5555559993
45233  12.766  -45.894  51.200 0.6666669846
152557  32.260  -39.453  47.585 0.4444440007
49664  34.734  -42.341  46.778 0.4444440007
48575  18.955  -42.885  50.943 0.3333329856
55182  34.195  -37.918  46.047 0.2222220004
60498  36.740  -32.361  43.944 0.4444440007
61574  36.752  -31.558  43.259 0.5555559993
63833  38.249  -29.610  41.521 0.2222220004
139173  39.575  -26.319  37.185 0.4444440007
31853  3.964  -58.887  54.245 0.4444440007
138202  10.926  -48.226  52.866 0.2222220004
46298  13.378  -45.191  51.293 0.2222220004
48557  16.749  -43.035  51.314 0.5555559993
58246  31.618  -33.735  54.602 0.1111110002
34171  6.207  -56.499  53.889 0.4444440007
135051  6.752  -56.193  53.384 0.6666669846
40812  9.235  -50.836  53.400 0.3333329856
54009  35.374  -38.564  46.808 0.2222220004
150594  38.387  -24.477  34.803 0.7777780294
70989  38.844  -22.031  34.471 0.7777780294
71887  39.700  -21.146  37.397 0.6666669846
70974  38.911  -21.882  36.427 0.7777780294
70961  38.656  -22.649  36.121 0.6666669846
70960  38.901  -22.675  36.921 0.6666669846
73807  41.324  -19.009  36.693 0.5555559993
138486  41.433  -18.399  35.127 0.7777780294
75775  41.884  -17.912  33.066 0.7777780294
75767  41.813  -17.808  33.936 0.7777780294
74769  42.666  -18.358  37.594 0.3333329856
73793  42.588  -18.958  38.168 0.3333329856
72876  40.857  -19.511  37.146 0.4444440007
72861  41.555  -19.765  38.013 0.4444440007
72862  40.911  -20.013  37.676 0.4444440007
70944  39.960  -21.693  38.038 0.5555559993
136142  39.487  -22.908  37.601 0.5555559993
75730  43.134  -17.493  37.265 0.4444440007
74783  42.142  -18.417  36.385 0.5555559993
75749  42.899  -17.253  35.747 0.6666669846
73806  41.837  -18.750  36.892 0.5555559993
74784  41.801  -18.681  36.270 0.5555559993
131730  41.994  -18.354  35.697 0.5555559993
130504  42.628  -17.525  35.143 0.7777780294
75766  42.408  -17.368  33.612 0.7777780294
75774  42.490  -17.415  32.708 0.7777780294
75758  42.915  -16.937  34.326 0.7777780294
75759  42.389  -17.498  34.394 0.7777780294
76710  43.830  -16.347  32.005 0.7777780294
75773  43.112  -16.841  32.345 0.7777780294
74755  43.856  -18.112  38.808 0.2222220004
73785  42.942  -19.355  38.811 0.1111110002
74756  43.155  -18.588  38.444 0.2222220004
71868  40.582  -21.478  38.411 0.2222220004
77611  47.177  -15.518  39.631 0.1111110002
77619  46.689  -15.059  38.804 0.1111110002
76659  45.382  -16.059  38.068 0.3333329856
76652  45.230  -16.541  38.448 0.5555559993
76660  44.832  -16.315  37.812 0.4444440007
130143  43.748  -16.894  37.388 0.5555559993
75718  44.938  -17.030  38.781 0.5555559993
75729  43.754  -17.259  37.859 0.5555559993
75719  44.190  -17.416  38.464 0.3333329856
78646  46.127  -14.865  37.681 0.2222220004
77626  44.854  -15.874  37.293 0.4444440007
77633  45.085  -15.414  36.558 0.2222220004
75738  43.416  -16.853  36.538 0.5555559993
76674  44.474  -15.702  35.547 0.5555559993
77651  44.598  -15.605  34.666 0.5555559993
76675  44.042  -16.102  35.156 0.6666669846
76683  44.172  -16.062  34.281 0.7777780294
76690  43.680  -16.440  33.868 0.7777780294
76697  44.505  -15.934  32.593 0.7777780294
71851  41.732  -21.880  39.343 0.2222220004
76709  44.641  -15.997  31.720 0.7777780294
24787  2.593  -64.178  52.492 0.1111110002
25963  2.733  -63.297  52.908 0.1111110002
24808  3.870  -63.494  51.501 0.1111110002
148176  3.480  -60.214  51.878 0.1111110002
134458  3.315  -58.994  52.869 0.2222220004
129356  3.501  -58.635  52.396 0.1111110002
30737  3.278  -59.902  52.106 0.1111110002
133637  3.389  -58.766  53.067 0.2222220004
33041  10.198  -58.083  57.845 0.1111110002
33040  10.568  -57.375  58.143 0.1111110002
35281  11.748  -54.908  58.288 0.1111110002
35282  11.398  -55.512  58.521 0.1111110002
34136  10.812  -56.656  58.458 0.1111110002
35286  11.307  -56.154  58.068 0.1111110002
35293  12.027  -55.743  56.723 0.1111110002
34141  11.517  -56.277  57.246 0.1111110002
34142  11.041  -56.829  57.690 0.1111110002
36429  12.542  -55.127  56.192 0.1111110002
148856  11.247  -56.909  56.971 0.1111110002
35315  6.590  -54.686  54.572 0.4444440007
35303  12.169  -55.865  55.829 0.1111110002
34152  11.150  -57.279  56.346 0.1111110002
134665  12.308  -55.072  57.001 0.1111110002
36417  12.209  -54.505  57.650 0.1111110002
36436  7.054  -53.417  54.739 0.2222220004
153321  6.710  -54.049  54.804 0.2222220004
150000  12.511  -55.342  55.421 0.1111110002
132415  7.445  -53.770  54.051 0.4444440007
35312  12.662  -55.180  54.669 0.1111110002
38671  12.902  -52.959  58.337 0.1111110002
137978  12.516  -53.702  58.070 0.1111110002
38683  13.539  -52.617  57.701 0.1111110002
132082  12.702  -53.846  57.245 0.1111110002
36428  12.652  -54.424  56.697 0.1111110002
139244  13.746  -52.688  56.905 0.1111110002
153155  13.367  -52.910  57.196 0.1111110002
38695  13.837  -52.970  56.136 0.1111110002
37572  13.204  -53.956  55.288 0.1111110002
38707  13.915  -53.382  55.191 0.1111110002
37578  13.556  -53.913  54.490 0.1111110002
37585  13.796  -53.903  53.718 0.1111110002
40733  15.315  -51.109  57.950 0.1111110002
39699  14.700  -51.591  57.633 0.1111110002
40766  15.805  -50.948  56.565 0.1111110002
39710  14.764  -51.751  56.748 0.1111110002
149859  15.898  -51.080  55.809 0.1111110002
39717  14.933  -51.990  55.917 0.1111110002
38706  14.497  -52.658  55.577 0.1111110002
40784  16.158  -51.229  54.993 0.1111110002
39723  15.145  -52.230  55.054 0.1111110002
38717  14.702  -52.890  54.643 0.1111110002
40804  16.253  -51.277  54.119 0.1111110002
39738  15.264  -52.318  53.234 0.1111110002
139869  14.843  -52.881  52.871 0.1111110002
40810  16.307  -51.275  53.274 0.1111110002
39745  15.250  -52.438  52.142 0.2222220004
39737  15.815  -51.794  52.768 0.1111110002
40732  15.987  -50.783  58.182 0.1111110002
44046  23.728  -47.849  57.036 0.2222220004
40746  16.543  -50.617  57.620 0.1111110002
41863  17.155  -50.253  57.048 0.1111110002
40765  16.425  -50.644  56.813 0.1111110002
52635  31.697  -41.192  50.936 0.2222220004
41862  17.552  -49.961  56.118 0.1111110002
40783  16.519  -50.701  55.482 0.1111110002
51475  31.267  -41.347  51.003 0.3333329856
144002  17.314  -50.083  54.432 0.1111110002
49582  29.206  -42.813  51.000 0.4444440007
132348  17.367  -50.304  52.751 0.2222220004
41925  17.202  -50.323  53.598 0.2222220004
41939  17.731  -49.971  52.139 0.3333329856
40816  16.413  -51.198  52.372 0.1111110002
39744  15.880  -51.703  51.783 0.2222220004
149949  29.554  -42.193  50.460 0.4444440007
40822  17.073  -50.566  51.941 0.4444440007
42919  23.430  -48.547  57.418 0.2222220004
131846  22.104  -49.960  58.850 0.1111110002
41823  20.599  -49.995  58.484 0.1111110002
42930  23.306  -48.447  56.596 0.2222220004
41821  22.394  -49.768  58.151 0.2222220004
41822  21.523  -49.943  58.300 0.1111110002
41824  19.673  -49.984  58.500 0.1111110002
136686  23.641  -47.767  56.188 0.2222220004
42931  22.816  -49.036  56.169 0.2222220004
41842  21.795  -49.769  57.498 0.1111110002
154636  20.681  -49.751  57.001 0.1111110002
41845  18.480  -49.921  57.436 0.1111110002
153502  18.218  -49.989  58.010 0.1111110002
50496  32.313  -42.267  52.515 0.1111110002
51449  32.104  -42.131  52.414 0.2222220004
44058  23.539  -47.676  55.312 0.2222220004
44059  23.156  -48.309  55.751 0.2222220004
42932  22.141  -49.217  55.842 0.2222220004
134521  21.230  -49.716  56.853 0.1111110002
41860  19.667  -49.603  56.182 0.1111110002
131812  17.832  -49.951  56.960 0.1111110002
44070  23.414  -47.563  54.407 0.2222220004
42944  22.609  -48.856  55.350 0.2222220004
41875  21.310  -49.483  55.930 0.1111110002
41876  20.357  -49.464  55.650 0.1111110002
132320  18.327  -49.742  55.743 0.1111110002
41901  18.478  -49.580  54.940 0.1111110002
52653  30.903  -40.311  50.367 0.3333329856
50509  30.720  -41.647  51.012 0.3333329856
41924  17.789  -49.910  52.930 0.2222220004
41902  17.978  -49.794  54.275 0.1111110002
50521  30.025  -41.416  50.330 0.4444440007
43014  17.978  -49.539  52.257 0.2222220004
50536  29.543  -40.966  49.539 0.4444440007
41946  17.517  -49.986  51.109 0.5555559993
40828  16.754  -50.510  50.642 0.5555559993
50494  33.044  -42.652  52.470 0.1111110002
49567  33.523  -43.177  52.781 0.1111110002
50495  32.867  -42.438  52.217 0.1111110002
148613  32.429  -41.395  50.911 0.1111110002
51462  31.939  -41.688  51.674 0.2222220004
44071  22.969  -48.190  54.886 0.2222220004
42960  22.361  -48.729  54.524 0.2222220004
42961  21.451  -48.906  54.185 0.1111110002
42947  20.020  -49.242  54.903 0.1111110002
42964  18.677  -49.318  54.076 0.2222220004
42965  18.138  -49.635  53.468 0.2222220004
149219  32.238  -41.467  51.206 0.2222220004
139421  31.501  -40.146  50.259 0.3333329856
42985  20.763  -48.887  53.290 0.3333329856
138954  19.829  -48.955  52.885 0.4444440007
42987  18.553  -49.290  53.272 0.2222220004
52654  30.704  -40.051  50.157 0.4444440007
43011  20.519  -48.825  52.307 0.4444440007
43012  19.653  -48.946  52.009 0.5555559993
50507  32.979  -42.189  51.251 0.1111110002
49581  32.977  -42.482  51.784 0.1111110002
52671  31.972  -40.317  50.262 0.2222220004
51473  32.216  -40.939  50.723 0.2222220004
43038  20.297  -48.703  51.418 0.4444440007
51483  32.638  -40.838  50.027 0.2222220004
52672  31.499  -39.432  50.101 0.4444440007
53939  31.093  -38.780  49.932 0.4444440007
52674  30.331  -39.561  49.784 0.4444440007
53956  29.868  -38.532  49.031 0.4444440007
52710  29.515  -39.131  48.833 0.4444440007
49566  34.455  -43.845  52.658 0.1111110002
48528  35.570  -44.230  52.507 0.1111110002
49580  34.038  -43.459  51.920 0.1111110002
50520  32.850  -41.613  50.463 0.1111110002
52693  31.678  -38.954  49.933 0.4444440007
53955  30.302  -38.033  49.195 0.4444440007
53954  31.461  -38.422  49.321 0.4444440007
143493  30.784  -38.240  49.564 0.4444440007
47400  37.218  -44.646  52.817 0.1111110002
48549  35.006  -44.060  51.810 0.1111110002
151118  34.080  -43.348  51.141 0.1111110002
50534  33.465  -42.209  50.050 0.1111110002
51495  32.863  -40.791  49.307 0.1111110002
53953  32.153  -39.238  49.303 0.4444440007
52709  32.002  -38.676  48.360 0.4444440007
55141  30.856  -37.815  49.043 0.5555559993
147762  39.116  -44.986  53.966 0.1111110002
134254  38.337  -44.868  54.199 0.1111110002
47437  16.177  -43.525  52.040 0.2222220004
145859  38.115  -44.875  53.355 0.1111110002
48527  36.561  -44.450  52.381 0.1111110002
140091  35.444  -43.877  50.991 0.1111110002
49597  34.707  -43.430  50.488 0.1111110002
49615  34.168  -42.914  49.728 0.1111110002
49585  21.594  -42.028  50.821 0.1111110002
50551  33.783  -42.164  49.148 0.1111110002
52708  32.430  -39.811  48.329 0.3333329856
51509  32.711  -40.420  48.770 0.2222220004
48524  41.915  -43.965  52.212 0.1111110002
47413  41.327  -44.427  52.736 0.1111110002
149425  40.770  -44.694  53.228 0.1111110002
47398  40.667  -44.828  53.943 0.1111110002
151027  18.025  -42.821  52.852 0.2222220004
47423  16.492  -43.587  52.977 0.2222220004
48542  42.511  -43.665  51.602 0.1111110002
47414  40.417  -44.618  52.549 0.1111110002
143998  39.041  -44.938  53.118 0.1111110002
138606  18.496  -42.342  52.695 0.2222220004
48536  17.336  -43.291  52.323 0.2222220004
48565  42.221  -43.468  50.745 0.1111110002
48543  41.636  -43.788  51.376 0.1111110002
48525  40.979  -44.167  51.926 0.1111110002
47415  39.493  -44.772  52.461 0.1111110002
47416  38.617  -44.858  52.488 0.1111110002
48526  37.343  -44.593  51.877 0.1111110002
48553  20.020  -42.193  51.341 0.1111110002
48554  18.942  -42.647  51.811 0.2222220004
48535  18.282  -43.002  52.114 0.2222220004
49611  42.125  -42.753  49.340 0.1111110002
49596  41.809  -43.246  50.006 0.1111110002
48567  40.135  -43.690  50.244 0.1111110002
48545  39.635  -44.059  50.986 0.1111110002
47432  38.180  -44.734  51.924 0.1111110002
153850  21.168  -41.764  51.106 0.1111110002
49586  20.689  -41.936  50.914 0.1111110002
48574  19.558  -42.643  51.242 0.1111110002
49626  42.476  -42.375  48.677 0.1111110002
49612  41.201  -42.911  49.321 0.1111110002
48566  40.961  -43.462  50.115 0.1111110002
48568  39.221  -43.837  50.159 0.1111110002
48546  38.108  -44.450  51.154 0.1111110002
48571  36.355  -43.951  50.612 0.1111110002
49602  20.960  -41.973  50.319 0.1111110002
140408  20.052  -42.264  50.648 0.1111110002
49603  19.375  -42.504  50.665 0.2222220004
50562  43.453  -41.521  47.561 0.1111110002
49639  42.095  -42.095  47.991 0.1111110002
147382  41.005  -42.603  48.593 0.1111110002
129396  40.459  -42.541  48.238 0.1111110002
48570  37.103  -43.937  50.037 0.1111110002
137936  36.378  -43.804  49.900 0.1111110002
49614  35.140  -43.312  49.526 0.1111110002
49631  34.609  -42.840  48.703 0.1111110002
50563  42.601  -41.599  47.415 0.1111110002
50564  41.762  -41.724  47.239 0.1111110002
49640  41.197  -42.276  47.866 0.1111110002
149628  39.890  -42.525  47.920 0.1111110002
134482  35.271  -42.955  48.051 0.1111110002
50579  42.295  -41.322  46.656 0.1111110002
50580  41.490  -41.445  46.418 0.1111110002
50565  40.922  -41.835  46.991 0.1111110002
144491  32.849  -40.569  48.044 0.2222220004
153205  39.952  -43.122  49.246 0.1111110002
149732  39.817  -43.504  49.689 0.1111110002
48584  39.214  -43.441  49.223 0.1111110002
48600  39.734  -42.818  48.616 0.1111110002
48585  38.371  -43.803  49.713 0.1111110002
48586  37.596  -43.698  49.226 0.1111110002
49643  38.643  -42.534  47.257 0.2222220004
48615  37.774  -42.848  47.583 0.1111110002
139137  36.912  -43.154  47.925 0.1111110002
49629  36.001  -43.171  47.944 0.1111110002
50595  41.996  -41.036  45.908 0.1111110002
49644  37.888  -42.532  46.783 0.2222220004
49662  36.288  -42.586  46.522 0.1111110002
59474  44.743  -33.610  42.230 0.1111110002
60518  45.897  -32.084  41.812 0.1111110002
61609  46.159  -30.969  40.650 0.1111110002
153865  42.071  -26.806  34.009 0.6666669846
68126  41.903  -25.193  33.391 0.6666669846
134697  41.089  -25.300  33.367 0.7777780294
68127  40.660  -25.980  33.493 0.7777780294
69151  42.159  -24.260  33.222 0.6666669846
151522  41.416  -24.640  33.271 0.6666669846
135622  40.365  -25.285  33.435 0.6666669846
139090  39.757  -24.815  33.541 0.6666669846
69153  39.019  -25.024  33.831 0.6666669846
70080  41.939  -23.363  33.045 0.6666669846
134468  41.114  -23.172  33.027 0.6666669846
138151  40.428  -22.965  33.283 0.6666669846
129015  39.781  -24.011  33.493 0.6666669846
70074  39.058  -23.595  33.915 0.6666669846
70997  39.944  -22.410  33.459 0.6666669846
70988  39.210  -22.646  33.880 0.6666669846
71002  41.425  -21.992  32.745 0.6666669846
71920  40.181  -21.501  33.255 0.6666669846
72901  39.300  -20.511  34.448 0.6666669846
71904  39.047  -21.191  34.455 0.6666669846
140475  39.352  -21.775  33.774 0.6666669846
128205  47.263  -21.880  32.946 0.5555559993
71918  45.939  -21.993  32.983 0.5555559993
154073  43.751  -22.126  32.964 0.6666669846
74802  40.692  -18.720  34.819 0.6666669846
71933  47.107  -21.763  32.448 0.5555559993
71934  46.492  -21.696  32.624 0.5555559993
145921  44.673  -21.436  32.419 0.6666669846
71936  43.892  -21.590  32.546 0.6666669846
71001  42.289  -21.981  32.854 0.6666669846
71940  40.760  -20.872  32.746 0.6666669846
72916  39.606  -20.050  33.980 0.6666669846
72886  39.197  -20.616  35.293 0.5555559993
71954  44.952  -20.917  31.973 0.5555559993
71955  44.067  -20.920  32.012 0.6666669846
72923  42.150  -20.685  32.109 0.6666669846
143638  47.624  -21.906  32.383 0.5555559993
71951  47.235  -21.711  31.773 0.5555559993
71953  45.782  -20.947  31.792 0.5555559993
72935  45.075  -20.683  31.309 0.5555559993
72925  40.665  -19.927  32.773 0.6666669846
73841  40.202  -19.554  33.491 0.6666669846
74817  42.137  -18.192  32.253 0.6666669846
72936  44.371  -20.501  31.351 0.6666669846
73861  43.205  -19.663  31.207 0.6666669846
73848  41.351  -19.481  32.398 0.6666669846
74818  41.527  -18.660  32.650 0.6666669846
73863  41.952  -19.040  31.962 0.6666669846
73862  42.534  -19.425  31.509 0.6666669846
71949  49.627  -21.991  31.736 0.4444440007
144423  48.979  -21.888  31.247 0.4444440007
143864  48.868  -22.054  32.053 0.5555559993
71950  48.085  -21.925  31.723 0.5555559993
71968  47.525  -21.583  30.990 0.5555559993
130452  45.590  -20.675  30.800 0.6666669846
72957  46.341  -20.855  30.540 0.5555559993
74843  43.461  -19.054  30.711 0.6666669846
74829  43.136  -18.160  31.030 0.6666669846
72959  43.972  -19.843  30.750 0.6666669846
74830  42.536  -18.578  31.579 0.6666669846
71948  50.526  -21.817  31.368 0.3333329856
154879  49.710  -21.747  31.053 0.4444440007
75787  42.716  -17.659  31.833 0.6666669846
72954  49.263  -21.340  30.540 0.4444440007
72956  47.100  -20.990  30.420 0.5555559993
143087  46.097  -19.751  29.717 0.6666669846
73879  44.700  -19.608  30.211 0.6666669846
153229  43.715  -18.362  30.464 0.6666669846
71929  52.382  -22.114  32.522 0.3333329856
137951  52.131  -21.932  31.670 0.3333329856
71947  51.514  -21.670  31.257 0.3333329856
71966  50.140  -21.348  30.699 0.3333329856
72934  52.382  -21.293  31.086 0.3333329856
72952  51.655  -21.080  30.756 0.3333329856
72953  50.523  -20.736  30.444 0.3333329856
72967  49.079  -20.503  30.011 0.4444440007
151615  47.982  -19.792  29.671 0.6666669846
74860  44.804  -18.763  29.777 0.6666669846
74842  44.256  -18.033  29.996 0.6666669846
75797  43.806  -17.486  30.647 0.6666669846
74857  47.151  -18.809  29.301 0.6666669846
74858  46.381  -18.605  29.394 0.6666669846
137961  46.001  -19.185  29.560 0.6666669846
74859  45.587  -18.612  29.543 0.6666669846
77669  45.083  -15.496  32.985 0.6666669846
77680  45.970  -14.931  31.827 0.5555559993
76696  45.229  -15.409  32.189 0.6666669846
75838  48.166  -17.542  29.039 0.6666669846
76730  46.454  -16.925  29.430 0.6666669846
76708  45.322  -15.552  31.361 0.5555559993
72950  53.446  -19.993  30.649 0.2222220004
73875  51.956  -19.566  30.210 0.4444440007
73885  51.149  -19.342  29.943 0.5555559993
75814  49.217  -18.123  29.087 0.6666669846
132769  46.866  -17.908  29.247 0.6666669846
75795  45.569  -16.832  29.805 0.6666669846
147500  44.791  -16.173  30.984 0.6666669846
72933  53.412  -21.002  31.220 0.2222220004
72951  52.135  -20.466  30.557 0.3333329856
73876  50.439  -19.982  30.135 0.3333329856
73888  48.728  -19.583  29.616 0.6666669846
75817  45.967  -17.755  29.447 0.6666669846
75796  44.655  -16.945  30.306 0.6666669846
75818  45.069  -17.798  29.663 0.6666669846
77679  46.670  -14.797  31.584 0.5555559993
73857  57.930  -19.051  31.541 0.2222220004
132220  55.810  -19.774  31.380 0.2222220004
73859  54.968  -19.784  30.945 0.2222220004
75816  47.421  -17.174  29.170 0.6666669846
77697  46.711  -15.472  29.865 0.5555559993
74839  54.917  -18.782  30.361 0.2222220004
74840  53.352  -19.031  30.220 0.4444440007
74854  51.025  -18.564  29.336 0.5555559993
75837  48.909  -17.400  28.775 0.6666669846
76728  47.553  -16.422  29.114 0.6666669846
74850  54.784  -18.121  29.809 0.2222220004
74851  54.055  -18.010  29.655 0.3333329856
75811  52.524  -18.027  29.163 0.4444440007
75812  51.639  -17.969  29.021 0.5555559993
75836  49.707  -17.018  28.476 0.5555559993
77685  47.000  -14.991  30.342 0.5555559993
74837  59.041  -18.255  31.045 0.1111110002
74827  58.686  -18.717  31.625 0.1111110002
153766  59.652  -17.153  29.392 0.1111110002
74848  57.905  -18.122  30.078 0.1111110002
74849  56.955  -18.255  29.873 0.1111110002
148425  55.794  -18.267  29.833 0.2222220004
76750  48.950  -16.436  28.528 0.5555559993
77707  48.022  -16.023  28.845 0.5555559993
76755  59.768  -16.299  28.120 0.2222220004
75805  59.151  -17.172  29.130 0.1111110002
75807  57.553  -17.615  29.225 0.1111110002
151438  55.841  -17.762  29.214 0.2222220004
135476  53.954  -17.616  29.014 0.4444440007
75832  53.138  -17.555  28.721 0.5555559993
75834  51.238  -17.347  28.416 0.5555559993
137763  49.294  -15.767  28.225 0.5555559993
77704  60.475  -15.882  27.872 0.2222220004
77713  59.773  -15.847  27.433 0.2222220004
76740  58.185  -16.675  27.950 0.1111110002
76741  57.177  -16.812  27.982 0.2222220004
75830  55.835  -17.305  28.628 0.2222220004
75831  54.753  -17.270  28.712 0.4444440007
134359  52.693  -16.432  27.506 0.5555559993
76747  51.345  -16.590  27.878 0.5555559993
76749  49.818  -16.251  28.160 0.5555559993
77722  49.814  -15.515  27.755 0.5555559993
76762  51.946  -16.310  27.513 0.5555559993
78755  47.435  -14.770  29.881 0.4444440007
77695  47.828  -15.084  29.048 0.5555559993
77706  48.609  -15.515  28.547 0.5555559993
77727  60.651  -15.206  26.754 0.1111110002
77728  59.898  -15.447  26.751 0.2222220004
77730  57.605  -15.843  26.633 0.2222220004
76758  56.549  -16.536  27.508 0.2222220004
77717  54.813  -16.079  27.129 0.3333329856
77718  54.075  -16.070  27.105 0.5555559993
76764  50.540  -16.025  27.724 0.5555559993
77705  49.138  -15.085  28.035 0.4444440007
78789  63.209  -14.443  25.949 0.1111110002
78792  60.683  -14.745  25.411 0.1111110002
78782  59.276  -15.211  26.102 0.1111110002
77739  57.668  -15.327  25.870 0.2222220004
77731  56.033  -15.569  26.286 0.3333329856
153744  54.418  -15.823  26.697 0.4444440007
77719  53.210  -15.901  26.969 0.5555559993
77736  51.715  -15.223  26.866 0.5555559993
77721  50.565  -15.193  27.325 0.4444440007
78773  49.782  -14.735  27.584 0.4444440007
78804  61.240  -14.497  24.744 0.1111110002
78794  58.977  -14.848  25.303 0.2222220004
77741  55.096  -15.152  25.827 0.3333329856
138978  61.767  -14.299  24.215 0.1111110002
79807  49.298  -13.238  29.446 0.3333329856
79808  48.701  -13.847  29.029 0.3333329856
144882  47.850  -14.341  30.378 0.3333329856
79814  49.421  -13.485  28.442 0.4444440007
78754  48.047  -14.358  29.506 0.4444440007
79820  50.497  -13.261  27.444 0.4444440007
79821  49.951  -13.877  27.634 0.4444440007
78764  49.224  -14.276  28.184 0.4444440007
78765  48.517  -14.657  28.685 0.4444440007
78785  51.132  -14.603  26.924 0.5555559993
78786  50.706  -13.882  27.064 0.4444440007
78798  54.478  -14.527  25.334 0.5555559993
78783  53.809  -14.881  25.784 0.5555559993
134170  51.959  -14.574  26.403 0.5555559993
78772  50.408  -14.461  27.274 0.4444440007
128585  62.777  -13.631  22.324 0.1111110002
79869  61.922  -13.803  22.708 0.1111110002
144618  60.404  -13.942  23.314 0.1111110002
79845  59.844  -14.167  23.870 0.2222220004
78795  58.143  -14.900  25.205 0.2222220004
78797  56.381  -14.655  25.136 0.3333329856
143072  63.495  -13.574  22.885 0.1111110002
141494  62.674  -14.161  24.125 0.1111110002
79806  50.282  -12.709  29.758 0.3333329856
79795  49.648  -13.241  30.604 0.3333329856
80861  49.753  -12.832  28.816 0.3333329856
154090  50.793  -12.820  27.393 0.4444440007
79813  49.997  -12.971  28.057 0.4444440007
79839  52.484  -12.978  25.503 0.4444440007
140386  51.819  -13.092  26.014 0.5555559993
79829  51.436  -13.716  26.511 0.5555559993
78799  53.551  -14.180  25.378 0.5555559993
78784  52.881  -14.599  25.936 0.5555559993
79870  61.056  -13.660  22.099 0.1111110002
79846  58.308  -14.170  23.987 0.2222220004
78808  57.783  -14.472  24.572 0.2222220004
78810  55.910  -14.044  24.517 0.4444440007
78811  54.948  -14.015  24.667 0.5555559993
79884  63.334  -13.113  21.118 0.1111110002
79886  61.630  -13.481  21.514 0.1111110002
79857  60.446  -13.781  22.725 0.2222220004
79858  59.655  -13.804  22.950 0.2222220004
144272  58.776  -13.739  22.805 0.2222220004
79861  56.951  -13.638  23.150 0.3333329856
79849  55.776  -13.492  23.829 0.4444440007
143597  55.258  -13.611  24.171 0.5555559993
80937  62.742  -12.726  19.646 0.2222220004
79903  62.547  -13.068  20.490 0.2222220004
79904  61.529  -13.175  20.707 0.2222220004
79871  60.000  -13.577  22.147 0.2222220004
79873  58.184  -13.475  22.251 0.2222220004
79860  57.964  -13.828  23.109 0.2222220004
80973  61.359  -12.317  18.118 0.4444440007
80956  61.029  -12.572  18.935 0.3333329856
79922  61.767  -12.846  19.739 0.3333329856
80938  60.800  -12.796  19.841 0.4444440007
80887  52.557  -12.062  25.510 0.4444440007
80892  54.288  -12.292  24.280 0.4444440007
79851  53.797  -12.827  24.655 0.4444440007
79862  56.208  -13.309  23.291 0.4444440007
80902  55.264  -12.348  23.366 0.4444440007
79850  54.600  -13.206  24.291 0.4444440007
79887  60.277  -13.352  21.392 0.3333329856
79889  58.452  -13.159  21.497 0.3333329856
79874  57.327  -13.343  22.417 0.3333329856
79875  56.544  -13.033  22.632 0.3333329856
79863  55.628  -13.007  23.388 0.4444440007
80957  60.163  -12.379  19.124 0.4444440007
79906  59.637  -12.957  20.678 0.3333329856
79907  58.796  -12.798  20.764 0.3333329856
80926  57.336  -12.334  21.348 0.4444440007
80911  56.905  -12.681  21.966 0.4444440007
80974  60.540  -12.128  18.338 0.4444440007
82855  55.627  -10.740  23.679 0.4444440007
81887  54.901  -11.007  24.014 0.4444440007
81913  56.724  -11.980  21.772 0.4444440007
80913  55.774  -11.908  22.847 0.4444440007
80958  59.280  -12.156  19.376 0.4444440007
80959  58.807  -12.177  19.756 0.4444440007
80941  58.397  -12.228  20.194 0.4444440007
80925  57.947  -12.619  20.944 0.4444440007
81949  60.258  -11.403  18.020 0.4444440007
80975  59.769  -11.775  18.664 0.4444440007
82915  60.255  -10.482  18.047 0.4444440007
82916  59.652  -10.954  18.507 0.4444440007
83810  58.462  -9.607  27.144 0.1111110002
130206  57.970  -10.073  24.902 0.2222220004
131178  57.674  -9.830  25.665 0.3333329856
83860  57.898  -10.033  23.695 0.2222220004
82840  57.100  -10.146  23.934 0.4444440007
83831  56.779  -9.782  25.546 0.4444440007
82853  57.143  -10.231  23.084 0.4444440007
82841  56.277  -10.176  24.207 0.4444440007
82842  55.415  -10.312  24.493 0.4444440007
82875  56.845  -11.270  21.869 0.4444440007
82866  56.563  -10.845  22.587 0.4444440007
81894  55.924  -11.169  22.986 0.4444440007
81934  58.698  -11.828  19.625 0.4444440007
80942  57.725  -12.022  20.653 0.4444440007
81912  57.276  -11.665  21.266 0.4444440007
83897  61.095  -8.669  19.023 0.3333329856
83898  60.514  -9.278  19.301 0.4444440007
82897  59.907  -10.162  18.726 0.4444440007
82898  59.283  -10.635  19.154 0.4444440007
81921  58.229  -11.572  20.122 0.4444440007
83809  59.308  -9.615  26.892 0.1111110002
83830  58.671  -10.020  25.291 0.1111110002
132133  59.465  -9.756  24.036 0.1111110002
83829  59.572  -9.829  24.775 0.2222220004
83858  59.710  -9.526  23.343 0.2222220004
82852  57.976  -10.017  22.835 0.3333329856
83878  59.820  -9.491  21.442 0.2222220004
83872  58.943  -9.845  22.642 0.2222220004
82874  57.421  -10.891  21.403 0.4444440007
142273  60.529  -9.086  21.923 0.2222220004
82863  58.956  -9.855  21.703 0.3333329856
82873  58.081  -10.465  20.999 0.4444440007
84875  61.845  -8.196  19.707 0.3333329856
83886  61.277  -8.622  19.993 0.1111110002
83887  60.588  -9.108  20.259 0.2222220004
83888  59.755  -9.619  20.464 0.2222220004
82882  58.981  -10.318  19.831 0.4444440007
82883  58.330  -10.805  20.234 0.4444440007
82884  57.759  -11.285  20.702 0.4444440007
152873  59.903  -9.701  27.472 0.1111110002
150693  60.177  -9.588  26.750 0.1111110002
129125  60.388  -9.469  25.106 0.1111110002
146111  60.487  -9.495  25.991 0.1111110002
130374  59.612  -9.715  25.843 0.1111110002
83841  60.226  -9.226  24.096 0.1111110002
83871  59.942  -9.372  22.438 0.2222220004
131615  61.285  -8.686  21.885 0.2222220004
83876  61.385  -8.623  20.924 0.2222220004
83877  60.595  -9.056  21.192 0.2222220004
82821  61.432  -9.652  28.480 0.1111110002
82822  60.847  -9.742  28.415 0.1111110002
83807  61.446  -9.432  27.738 0.1111110002
83808  60.616  -9.622  27.637 0.1111110002
83816  62.012  -8.938  26.332 0.1111110002
83828  61.178  -9.210  25.621 0.1111110002
83839  62.707  -8.542  24.612 0.1111110002
83827  61.919  -8.739  25.160 0.1111110002
128853  61.064  -8.979  24.598 0.1111110002
83854  62.969  -8.427  23.863 0.1111110002
83855  62.345  -8.507  23.734 0.1111110002
129124  61.027  -8.784  23.660 0.1111110002
130668  63.176  -8.045  22.935 0.1111110002
84838  62.653  -8.350  23.074 0.1111110002
83856  61.711  -8.573  23.179 0.1111110002
83870  60.815  -8.886  22.532 0.2222220004
83857  60.474  -8.991  23.195 0.2222220004
84837  63.005  -7.795  22.238 0.1111110002
84863  62.047  -8.242  20.551 0.2222220004
83826  62.852  -8.632  25.699 0.1111110002
128244  64.156  -12.600  20.946 0.1111110002
147049  65.232  -12.611  22.340 0.1111110002
80935  64.959  -11.982  20.766 0.1111110002
80955  62.027  -12.574  18.850 0.3333329856
34151  11.665  -56.542  56.323 0.1111110002
36445  13.082  -54.449  54.648 0.1111110002
36444  13.329  -54.354  53.876 0.1111110002
43041  17.872  -49.448  50.494 0.5555559993
148227  18.952  -49.067  51.698 0.5555559993
135860  19.480  -48.849  51.143 0.5555559993
42984  21.725  -48.680  53.291 0.2222220004
43010  21.373  -48.696  52.522 0.4444440007
44083  22.795  -48.144  53.927 0.2222220004
53992  31.530  -37.933  47.889 0.4444440007
55153  30.271  -37.513  48.603 0.5555559993
49663  35.449  -42.456  46.418 0.2222220004
48555  18.257  -42.686  51.221 0.2222220004
151290  38.463  -42.353  46.612 0.2222220004
49673  36.622  -42.272  45.810 0.2222220004
49661  37.222  -42.442  46.231 0.2222220004
151154  45.177  -32.187  41.378 0.1111110002
62704  45.879  -30.748  40.019 0.1111110002
61610  45.496  -31.279  40.345 0.1111110002
53974  31.421  -37.937  48.646 0.4444440007
139168  41.552  -26.018  33.535 0.7777780294
35314  6.874  -54.803  54.102 0.4444440007
149083  7.017  -54.201  54.365 0.4444440007
50552  33.227  -41.326  48.477 0.1111110002
69141  39.227  -24.351  33.768 0.6666669846
72885  39.716  -19.993  35.986 0.5555559993
73818  40.185  -19.263  35.413 0.5555559993
73831  39.530  -19.885  34.936 0.5555559993
74810  40.589  -18.789  33.854 0.6666669846
77660  44.816  -15.535  33.808 0.6666669846
49646  35.518  -42.789  47.219 0.1111110002
33067  3.638  -58.148  53.854 0.2222220004
73840  40.808  -19.061  33.007 0.6666669846
76718  44.108  -16.589  31.126 0.6666669846
74754  44.649  -17.660  39.111 0.1111110002
137538  6.268  -55.172  54.714 0.2222220004
35302  12.866  -54.684  55.476 0.1111110002
154611  12.809  -54.594  56.106 0.1111110002
146123  12.999  -53.206  57.460 0.1111110002
38684  13.296  -53.208  56.754 0.1111110002
37564  12.977  -53.774  56.610 0.1111110002
38694  14.310  -52.345  56.419 0.1111110002
37563  13.329  -53.558  55.989 0.1111110002
38718  14.187  -53.463  54.141 0.1111110002
40747  15.866  -50.862  57.360 0.1111110002
40748  15.265  -51.225  57.078 0.1111110002
138157  16.293  -50.749  56.155 0.1111110002
39709  15.335  -51.390  56.253 0.1111110002
39716  15.508  -51.587  55.442 0.1111110002
39722  15.649  -51.738  54.559 0.1111110002
39731  15.228  -52.297  54.126 0.1111110002
38728  14.817  -52.942  53.694 0.1111110002
39730  15.718  -51.782  53.680 0.1111110002
41879  16.832  -50.376  56.148 0.1111110002
41846  17.774  -50.080  57.666 0.1111110002
41878  17.733  -49.882  55.115 0.1111110002
41903  17.047  -50.143  55.301 0.1111110002
40803  16.779  -50.593  54.526 0.1111110002
51476  30.707  -40.811  50.481 0.4444440007
129151  17.664  -50.008  53.733 0.1111110002
40809  16.718  -50.826  53.708 0.1111110002
40815  16.895  -50.763  52.969 0.1111110002
43040  17.941  -49.501  51.558 0.5555559993
42920  22.979  -49.184  57.012 0.2222220004
42901  23.092  -49.262  57.940 0.2222220004
41841  22.522  -49.560  57.449 0.2222220004
41844  20.024  -49.733  57.106 0.1111110002
128918  19.343  -49.874  57.693 0.1111110002
41861  18.351  -49.832  56.548 0.1111110002
129075  19.129  -49.781  56.853 0.1111110002
42945  21.795  -49.080  55.135 0.2222220004
42946  20.899  -49.231  54.997 0.2222220004
148325  19.656  -49.418  55.440 0.1111110002
41877  19.029  -49.507  55.569 0.1111110002
42948  19.211  -49.300  54.870 0.1111110002
52673  30.947  -39.470  50.156 0.4444440007
51485  30.170  -40.401  49.937 0.4444440007
43013  18.260  -49.168  51.866 0.3333329856
42988  18.201  -49.411  52.712 0.2222220004
51472  32.430  -41.092  50.663 0.2222220004
42962  20.440  -49.035  54.209 0.3333329856
42963  19.566  -49.114  54.204 0.2222220004
153003  19.963  -48.997  53.617 0.3333329856
42986  19.208  -49.063  53.457 0.4444440007
143897  18.882  -49.102  52.577 0.5555559993
134724  18.229  -49.278  51.023 0.6666669846
150882  33.528  -42.918  51.439 0.1111110002
52692  31.928  -39.610  50.035 0.3333329856
51496  32.395  -40.124  49.587 0.1111110002
146148  34.647  -43.677  51.275 0.1111110002
136657  39.959  -44.917  54.173 0.1111110002
144640  37.887  -44.800  52.485 0.1111110002
48548  36.244  -44.207  51.587 0.1111110002
48572  35.684  -43.689  50.147 0.1111110002
47399  39.914  -44.840  53.343 0.1111110002
48544  40.675  -43.861  51.009 0.1111110002
47430  40.021  -44.429  51.746 0.1111110002
147405  41.461  -43.590  50.646 0.1111110002
47431  38.985  -44.620  51.652 0.1111110002
129342  19.435  -42.169  51.745 0.1111110002
49627  41.683  -42.511  48.618 0.1111110002
134008  38.876  -44.186  50.920 0.1111110002
48547  37.158  -44.270  50.928 0.1111110002
152044  37.709  -43.880  49.854 0.1111110002
49641  40.374  -42.300  47.491 0.1111110002
48587  36.758  -43.720  49.283 0.1111110002
49630  35.558  -43.294  48.698 0.1111110002
48601  38.383  -43.407  48.839 0.1111110002
49628  38.434  -42.928  48.101 0.1111110002
48602  37.695  -43.279  48.367 0.1111110002
48603  37.078  -43.510  48.660 0.1111110002
131915  37.079  -42.738  47.066 0.1111110002
49645  36.356  -42.885  47.328 0.1111110002
147868  41.299  -23.938  33.160 0.6666669846
69152  40.611  -24.514  33.323 0.6666669846
70081  40.511  -23.638  33.279 0.6666669846
70995  41.698  -22.612  32.890 0.6666669846
70994  42.573  -22.694  33.098 0.6666669846
70996  40.784  -22.369  32.949 0.6666669846
70082  39.792  -23.204  33.543 0.6666669846
71939  41.590  -21.306  32.511 0.6666669846
71003  40.902  -21.613  32.771 0.6666669846
72915  40.110  -20.468  33.302 0.6666669846
71921  39.489  -20.894  33.782 0.6666669846
71917  46.796  -21.961  33.140 0.5555559993
143433  44.761  -22.098  32.852 0.6666669846
151999  44.723  -22.529  33.291 0.6666669846
73830  40.031  -19.306  34.409 0.5555559993
71952  46.562  -21.346  31.954 0.5555559993
154559  46.124  -21.301  32.298 0.5555559993
71935  45.552  -21.491  32.487 0.5555559993
71937  43.082  -21.681  32.770 0.6666669846
71956  43.095  -20.933  32.158 0.6666669846
71938  42.404  -21.332  32.444 0.6666669846
72924  41.391  -20.391  32.351 0.6666669846
72937  43.537  -20.337  31.497 0.6666669846
72939  41.955  -19.920  31.864 0.6666669846
72938  42.704  -20.185  31.641 0.6666669846
71970  46.223  -21.048  31.232 0.5555559993
72958  44.799  -20.274  30.748 0.6666669846
136876  42.941  -18.988  31.153 0.6666669846
72955  47.901  -21.036  30.341 0.5555559993
72971  45.859  -20.288  30.061 0.6666669846
73878  45.256  -20.114  30.291 0.6666669846
72968  48.317  -20.398  29.935 0.5555559993
72969  47.535  -20.388  29.904 0.5555559993
72970  46.659  -20.266  29.857 0.6666669846
73890  46.603  -19.376  29.504 0.6666669846
73891  45.446  -19.506  29.815 0.6666669846
142445  44.096  -18.997  30.205 0.6666669846
73877  49.848  -20.635  30.272 0.3333329856
136249  51.256  -20.357  30.389 0.3333329856
131009  47.938  -19.106  29.377 0.6666669846
73889  47.295  -19.656  29.566 0.6666669846
77650  45.270  -15.137  34.158 0.4444440007
77687  45.954  -15.173  30.939 0.5555559993
76751  48.182  -16.875  28.895 0.6666669846
75815  48.532  -17.976  29.089 0.6666669846
128337  47.803  -18.169  29.167 0.6666669846
76716  46.148  -15.843  29.988 0.5555559993
76717  45.381  -16.028  30.523 0.6666669846
73874  54.175  -19.395  30.503 0.2222220004
138845  52.722  -19.769  30.360 0.3333329856
74841  52.556  -19.063  30.100 0.4444440007
153169  52.827  -20.532  30.752 0.2222220004
136694  50.131  -18.244  29.112 0.6666669846
73886  50.309  -19.135  29.625 0.5555559993
74856  48.614  -18.634  29.301 0.6666669846
74855  49.447  -18.908  29.446 0.5555559993
73887  49.641  -19.807  29.846 0.4444440007
77686  46.574  -15.088  30.646 0.5555559993
73872  56.503  -19.243  31.079 0.2222220004
74838  56.446  -18.703  30.431 0.2222220004
73846  57.663  -19.654  32.345 0.2222220004
73871  57.338  -18.762  30.763 0.1111110002
73873  55.707  -19.026  30.691 0.2222220004
73858  56.470  -19.793  31.680 0.2222220004
76729  46.892  -16.205  29.454 0.6666669846
77696  47.272  -15.562  29.419 0.5555559993
74828  58.269  -18.468  30.887 0.1111110002
135477  54.138  -18.528  30.140 0.2222220004
74853  51.965  -18.716  29.637 0.4444440007
74852  52.892  -18.534  29.721 0.4444440007
75813  50.886  -17.902  28.917 0.5555559993
75835  50.351  -17.505  28.602 0.6666669846
150007  49.660  -17.660  28.776 0.6666669846
75810  53.351  -18.008  29.381 0.3333329856
75833  52.201  -17.435  28.455 0.5555559993
148511  53.561  -18.371  29.874 0.3333329856
74825  60.254  -17.992  31.958 0.1111110002
153532  59.374  -17.867  30.571 0.1111110002
140808  59.424  -18.417  31.789 0.1111110002
75794  58.748  -17.978  30.319 0.1111110002
134912  59.381  -17.513  29.867 0.1111110002
75808  56.463  -17.756  29.204 0.2222220004
76739  59.077  -16.752  28.396 0.2222220004
76756  59.056  -16.263  27.635 0.2222220004
75828  58.374  -17.175  28.779 0.1111110002
75806  58.526  -17.595  29.558 0.1111110002
135766  57.654  -17.125  28.508 0.1111110002
75829  56.866  -17.286  28.594 0.2222220004
146057  55.213  -16.862  28.223 0.4444440007
135475  53.837  -17.101  28.388 0.5555559993
76746  52.149  -16.796  27.942 0.5555559993
76745  52.954  -16.970  28.118 0.5555559993
76748  50.507  -16.777  28.211 0.5555559993
152014  51.743  -17.034  28.182 0.5555559993
77714  59.125  -15.723  26.920 0.2222220004
77715  58.315  -16.018  27.176 0.2222220004
76757  57.450  -16.353  27.320 0.2222220004
76742  56.438  -16.910  28.117 0.2222220004
76743  55.814  -16.714  27.872 0.3333329856
76759  55.098  -16.493  27.659 0.3333329856
76761  53.680  -16.544  27.644 0.5555559993
76744  54.516  -16.747  28.053 0.4444440007
76763  51.346  -15.772  27.330 0.5555559993
77720  52.238  -15.816  27.118 0.5555559993
78781  60.197  -15.002  26.108 0.1111110002
78780  60.995  -14.881  26.146 0.1111110002
132225  56.940  -15.671  26.231 0.2222220004
77729  58.430  -15.581  26.395 0.2222220004
77716  55.730  -16.145  27.132 0.3333329856
76767  56.716  -16.048  26.836 0.2222220004
76760  54.446  -16.397  27.516 0.4444440007
77732  55.060  -15.733  26.520 0.4444440007
145660  53.859  -15.738  26.614 0.5555559993
153090  51.181  -15.198  27.099 0.5555559993
78790  62.381  -14.573  25.707 0.1111110002
78803  62.096  -14.417  24.894 0.1111110002
78791  61.537  -14.662  25.520 0.1111110002
78805  60.353  -14.506  24.647 0.1111110002
78793  59.825  -14.799  25.373 0.1111110002
145830  58.504  -15.171  25.776 0.2222220004
147130  55.960  -15.008  25.653 0.3333329856
77733  54.277  -15.424  26.178 0.5555559993
77735  52.537  -15.290  26.531 0.5555559993
79844  60.945  -14.179  23.909 0.1111110002
78807  58.630  -14.545  24.640 0.2222220004
78796  57.272  -14.843  25.156 0.2222220004
77740  56.719  -15.204  25.708 0.3333329856
130988  55.463  -14.578  25.178 0.3333329856
154970  54.410  -15.007  25.766 0.4444440007
148964  61.105  -13.887  23.060 0.1111110002
79856  61.850  -14.026  23.538 0.1111110002
79837  54.118  -13.710  24.897 0.5555559993
77734  53.404  -15.352  26.286 0.5555559993
78800  52.852  -13.842  25.486 0.5555559993
79828  52.213  -13.839  25.932 0.5555559993
79868  63.567  -13.369  22.289 0.1111110002
79885  62.448  -13.416  21.421 0.1111110002
131896  61.983  -13.625  22.019 0.1111110002
137087  62.709  -13.861  23.196 0.1111110002
141217  59.049  -14.296  24.125 0.2222220004
79859  58.946  -13.991  23.484 0.2222220004
78806  59.460  -14.535  24.658 0.1111110002
78809  56.888  -14.293  24.546 0.2222220004
79830  50.985  -13.157  27.025 0.3333329856
80880  51.866  -12.068  25.985 0.4444440007
79838  53.280  -13.368  25.074 0.5555559993
80881  51.368  -12.671  26.572 0.3333329856
79847  57.411  -13.986  23.913 0.3333329856
79848  56.527  -13.786  23.899 0.3333329856
80936  63.419  -12.756  20.340 0.1111110002
79872  59.081  -13.506  22.190 0.2222220004
79864  55.168  -13.083  23.758 0.4444440007
136925  63.544  -12.439  19.681 0.1111110002
79905  60.517  -13.077  20.643 0.3333329856
142066  61.015  -13.380  21.277 0.2222220004
79888  59.390  -13.253  21.455 0.3333329856
79890  57.618  -12.996  21.662 0.3333329856
80939  59.866  -12.697  19.901 0.4444440007
80886  53.105  -12.437  25.061 0.4444440007
80903  54.768  -12.564  23.847 0.4444440007
80893  53.681  -11.892  24.734 0.4444440007
81888  54.322  -11.436  24.429 0.4444440007
81896  54.723  -11.835  23.805 0.4444440007
80901  55.922  -12.642  22.955 0.4444440007
80940  59.073  -12.498  20.052 0.4444440007
80912  56.313  -12.295  22.372 0.4444440007
82854  56.384  -10.511  23.380 0.4444440007
81895  55.323  -11.492  23.412 0.4444440007
82843  54.663  -10.644  24.821 0.4444440007
81903  56.321  -11.588  22.369 0.4444440007
81933  59.181  -11.431  19.117 0.4444440007
83911  60.565  -9.563  18.380 0.4444440007
83899  59.771  -9.834  19.542 0.4444440007
83818  58.578  -9.734  26.243 0.1111110002
154841  57.744  -10.070  24.353 0.3333329856
83842  58.601  -10.039  24.381 0.2222220004
83843  57.103  -9.902  24.798 0.2222220004
83859  58.812  -9.931  23.505 0.2222220004
83844  56.116  -9.803  25.055 0.4444440007
82865  57.248  -10.511  22.221 0.4444440007
82899  58.698  -11.109  19.606 0.4444440007
82823  60.065  -9.836  28.237 0.1111110002
82864  58.013  -10.163  21.902 0.3333329856
82872  58.885  -10.048  20.704 0.4444440007
83817  61.093  -9.393  26.760 0.1111110002
83869  61.375  -8.637  22.598 0.1111110002
83868  61.974  -8.436  22.397 0.1111110002
152286  61.706  -9.243  27.076 0.1111110002
83840  61.773  -8.644  24.130 0.1111110002
130622  61.100  -8.740  23.022 0.1111110002
132485  62.671  -8.124  22.246 0.1111110002
152510  62.669  -7.927  21.689 0.1111110002
84851  62.153  -8.292  21.517 0.1111110002
147280  64.955  -12.329  21.460 0.1111110002
80953  64.219  -12.202  20.219 0.1111110002
147016  63.248  -13.352  21.788 0.1111110002
153676  3.323  -59.456  53.079 0.2222220004
25955  3.955  -64.320  54.060 0.1111110002
135445  6.084  -55.164  54.979 0.1111110002
35304  6.377  -54.403  55.069 0.1111110002
144652  19.209  -41.819  54.693 0.1111110002
47404  17.983  -42.227  54.057 0.1111110002
47405  17.374  -42.886  54.142 0.1111110002
47406  16.655  -43.472  53.839 0.1111110002
47420  18.569  -41.902  53.379 0.1111110002
47421  17.996  -42.434  53.432 0.1111110002
47422  17.463  -43.255  53.296 0.1111110002
48534  19.041  -41.979  52.410 0.1111110002
129727  27.190  -45.014  53.430 0.3333329856
47402  27.833  -44.699  53.328 0.3333329856
48550  29.113  -43.356  51.733 0.3333329856
37573  6.829  -52.706  55.419 0.1111110002
47357  16.879  -43.347  56.423 0.1111110002
47389  17.508  -42.740  55.394 0.1111110002
47374  17.117  -43.101  55.721 0.1111110002
151003  18.791  -42.139  55.198 0.1111110002
139288  16.686  -43.340  54.527 0.1111110002
46279  14.839  -43.570  54.418 0.1111110002
46280  13.641  -44.021  53.849 0.1111110002
48513  19.191  -41.741  52.944 0.1111110002
46259  16.280  -43.869  56.394 0.1111110002
46260  15.896  -43.759  55.726 0.1111110002
154278  14.795  -43.783  55.177 0.1111110002
45225  12.734  -44.991  53.147 0.1111110002
142825  12.037  -45.792  52.932 0.1111110002
45216  12.784  -44.532  54.319 0.1111110002
66160  46.826  -27.710  35.180 0.3333329856
66168  46.340  -27.105  34.702 0.3333329856
67138  44.948  -26.415  34.395 0.3333329856
67139  44.129  -26.674  34.282 0.4444440007
67140  43.206  -26.547  34.101 0.5555559993
66172  42.817  -27.411  34.427 0.5555559993
137252  46.607  -26.406  34.496 0.3333329856
67137  45.879  -26.352  34.421 0.3333329856
68113  46.388  -25.479  34.402 0.2222220004
69139  45.026  -24.714  34.129 0.4444440007
69140  44.257  -25.127  33.837 0.5555559993
67150  43.375  -25.577  33.749 0.5555559993
67151  42.472  -25.893  33.660 0.5555559993
69149  43.642  -24.606  33.536 0.5555559993
68125  42.753  -24.986  33.463 0.5555559993
149386  47.091  -25.129  34.555 0.2222220004
70071  46.465  -22.790  34.357 0.2222220004
70072  45.906  -22.790  34.126 0.3333329856
70073  45.302  -23.569  34.125 0.3333329856
69148  44.479  -24.138  33.737 0.4444440007
69150  43.053  -24.180  33.340 0.5555559993
70985  46.587  -22.424  33.931 0.2222220004
147926  44.623  -23.305  33.716 0.5555559993
130138  43.467  -22.841  33.213 0.5555559993
70079  42.805  -23.454  33.228 0.5555559993
70057  46.970  -22.547  34.464 0.2222220004
71901  47.542  -21.833  33.931 0.3333329856
71902  47.034  -22.078  33.592 0.4444440007
70986  45.936  -22.519  33.675 0.4444440007
71919  44.015  -22.553  33.042 0.5555559993
72900  48.095  -21.606  34.050 0.2222220004
129468  47.506  -21.925  33.460 0.2222220004
71916  47.934  -21.838  33.330 0.4444440007
71915  49.160  -21.633  33.619 0.4444440007
147281  47.641  -21.900  32.837 0.4444440007
71932  49.378  -21.967  32.671 0.3333329856
147641  51.591  -22.026  32.995 0.1111110002
71931  50.297  -22.006  32.328 0.2222220004
71910  53.895  -21.670  33.047 0.1111110002
153584  55.357  -21.218  33.124 0.1111110002
72922  54.844  -21.271  32.105 0.1111110002
151742  54.680  -20.499  31.280 0.1111110002
73839  57.808  -19.868  33.210 0.1111110002
77659  45.582  -15.069  33.281 0.4444440007
77658  46.466  -14.736  32.788 0.4444440007
77668  45.838  -14.942  32.529 0.4444440007
77667  46.689  -14.698  32.190 0.3333329856
135538  47.653  -14.573  31.650 0.2222220004
77678  47.161  -14.735  31.394 0.2222220004
25948  4.815  -63.962  54.994 0.2222220004
143492  3.621  -63.492  53.757 0.1111110002
27192  2.694  -62.668  53.159 0.1111110002
131056  28.533  -43.584  51.131 0.3333329856
24773  3.573  -64.868  54.054 0.1111110002
24774  3.133  -64.417  53.405 0.1111110002
33049  5.696  -55.899  54.761 0.1111110002
34163  5.986  -55.944  54.414 0.2222220004
132952  13.675  -44.382  52.764 0.1111110002
142780  30.095  -42.213  50.971 0.3333329856
71903  46.352  -22.247  33.391 0.4444440007
70993  45.489  -22.373  33.325 0.4444440007
132169  48.384  -21.929  32.866 0.4444440007
71930  51.339  -22.094  32.126 0.2222220004
71946  52.965  -21.833  31.684 0.1111110002
71945  53.683  -21.594  31.775 0.1111110002
72931  56.046  -20.401  32.052 0.1111110002
78744  47.468  -14.629  30.890 0.4444440007
78743  48.120  -14.224  31.302 0.3333329856
79796  48.558  -13.753  30.266 0.2222220004
70987  45.160  -22.745  33.753 0.5555559993
71000  43.192  -22.264  33.123 0.5555559993
36430  6.319  -53.644  55.547 0.1111110002
149950  17.718  -42.506  54.760 0.1111110002
146005  15.964  -43.345  54.487 0.1111110002
47391  16.311  -43.438  55.135 0.1111110002
47375  16.625  -43.528  55.725 0.1111110002
46270  15.485  -43.611  55.152 0.1111110002
153217  44.427  -26.216  34.219 0.4444440007
68115  44.725  -25.638  34.169 0.3333329856
66170  44.584  -27.275  34.579 0.3333329856
66171  43.704  -27.322  34.461 0.4444440007
68114  45.457  -25.497  34.271 0.3333329856
69138  45.831  -24.497  34.265 0.2222220004
68116  43.999  -26.003  34.072 0.5555559993
69137  46.642  -24.385  34.435 0.2222220004
70070  46.978  -23.413  34.589 0.2222220004
69122  47.946  -23.639  35.032 0.1111110002
139027  46.155  -23.468  34.344 0.3333329856
131236  43.793  -23.599  33.396 0.5555559993
145203  44.310  -22.871  33.352 0.5555559993
70973  47.208  -22.077  34.217 0.2222220004
71894  47.772  -21.598  34.738 0.1111110002
72884  48.387  -21.200  34.810 0.1111110002
72899  48.884  -21.223  34.414 0.2222220004
130777  48.524  -21.688  33.734 0.3333329856
71914  50.010  -21.515  33.371 0.2222220004
72912  51.194  -21.532  33.741 0.1111110002
71928  53.381  -21.901  32.409 0.1111110002
71927  54.169  -21.567  32.263 0.1111110002
72921  55.541  -21.065  32.537 0.1111110002
38617  20.680  -52.598  62.559 0.1111110002
135881  31.616  -42.761  53.687 0.1111110002
48472  30.364  -43.837  54.766 0.1111110002
47351  29.114  -44.781  56.645 0.1111110002
43933  23.019  -47.944  66.574 0.1111110002
51450  31.830  -41.939  52.364 0.1111110002
49555  31.496  -42.477  52.989 0.1111110002
47385  29.082  -44.167  54.283 0.2222220004
46244  27.521  -45.184  56.380 0.2222220004
46219  25.889  -45.923  58.756 0.1111110002
46191  25.137  -46.247  60.132 0.1111110002
45141  24.349  -46.949  61.410 0.1111110002
43956  23.408  -47.523  63.928 0.1111110002
50497  31.696  -42.146  52.368 0.2222220004
49556  30.660  -42.855  52.743 0.2222220004
47401  28.544  -44.390  53.641 0.2222220004
46257  26.929  -45.431  55.769 0.2222220004
46234  25.888  -45.984  57.867 0.1111110002
45155  25.079  -46.433  59.212 0.1111110002
48529  29.803  -43.281  52.368 0.2222220004
47386  27.713  -44.847  54.140 0.2222220004
137965  19.717  -51.731  66.868 0.1111110002
39633  20.582  -51.513  66.347 0.1111110002
39624  21.217  -50.696  66.409 0.1111110002
42829  22.439  -48.565  66.217 0.1111110002
43990  23.818  -47.819  60.608 0.1111110002
43957  23.015  -48.332  63.441 0.1111110002
45186  25.407  -46.454  56.512 0.1111110002
147453  24.705  -46.817  58.571 0.1111110002
44000  23.812  -47.954  59.754 0.1111110002
45196  25.337  -46.425  55.602 0.2222220004
44032  24.280  -47.385  57.448 0.1111110002
37579  7.537  -52.930  54.257 0.1111110002
41731  19.513  -51.038  65.009 0.1111110002
41723  18.996  -51.264  65.678 0.1111110002
40662  19.391  -51.264  66.312 0.1111110002
41722  19.879  -51.052  65.922 0.1111110002
41716  20.293  -50.864  66.305 0.1111110002
41715  20.918  -50.324  66.528 0.1111110002
128334  21.398  -49.769  65.317 0.1111110002
42834  21.820  -49.176  65.756 0.1111110002
147432  21.597  -49.893  63.798 0.1111110002
42846  22.534  -48.967  63.986 0.1111110002
41749  22.161  -49.656  63.472 0.1111110002
42858  22.702  -49.188  63.004 0.1111110002
42881  23.460  -48.623  60.349 0.1111110002
44033  23.808  -47.931  57.855 0.1111110002
129351  20.166  -50.480  64.846 0.1111110002
41751  20.916  -50.128  63.498 0.1111110002
41766  20.898  -50.320  62.600 0.1111110002
41750  21.626  -50.045  62.999 0.1111110002
41765  21.665  -50.290  62.127 0.1111110002
41764  22.291  -49.806  62.556 0.1111110002
42870  23.094  -49.302  61.113 0.1111110002
42882  23.019  -49.471  60.031 0.1111110002
39724  8.600  -51.148  53.983 0.1111110002
53989  38.034  -38.916  47.015 0.1111110002
129173  37.121  -38.834  46.966 0.1111110002
65116  46.386  -28.295  35.676 0.2222220004
66161  46.004  -27.797  35.116 0.2222220004
66169  45.498  -27.173  34.680 0.2222220004
65127  44.133  -27.903  34.932 0.3333329856
67136  47.282  -26.061  34.552 0.1111110002
66167  47.106  -26.995  34.722 0.2222220004
58405  38.175  -34.842  44.693 0.1111110002
62666  38.309  -30.375  42.878 0.2222220004
71913  50.844  -21.885  33.024 0.1111110002
142985  45.675  -14.843  36.631 0.1111110002
46258  26.090  -45.910  55.948 0.2222220004
154565  26.718  -45.464  54.619 0.2222220004
44045  24.232  -47.350  56.596 0.1111110002
45179  24.807  -46.911  56.995 0.1111110002
47417  28.285  -44.352  52.676 0.2222220004
58406  37.697  -34.349  44.408 0.2222220004
66162  45.059  -27.950  35.102 0.2222220004
52723  37.426  -39.190  47.741 0.1111110002
77642  45.025  -15.253  35.050 0.3333329856
49568  30.832  -42.457  52.071 0.2222220004
42900  23.402  -48.930  58.622 0.1111110002
50485  32.197  -42.172  53.021 0.1111110002
49569  30.459  -42.688  52.127 0.2222220004
47370  27.193  -45.221  54.920 0.2222220004
48509  29.157  -43.856  52.969 0.2222220004
37482  21.280  -52.688  64.277 0.1111110002
48507  30.867  -43.067  53.468 0.1111110002
47384  29.533  -44.061  54.728 0.1111110002
47369  29.657  -44.300  55.335 0.1111110002
47352  28.171  -44.932  56.967 0.1111110002
139825  28.837  -44.455  55.094 0.2222220004
128775  29.114  -44.606  55.814 0.1111110002
42825  22.478  -48.561  66.812 0.1111110002
43928  23.021  -48.013  66.928 0.1111110002
43938  22.970  -47.971  65.623 0.1111110002
48489  30.034  -43.660  54.033 0.2222220004
48490  29.347  -43.889  53.631 0.2222220004
130262  28.420  -44.554  54.446 0.2222220004
128248  28.306  -44.807  55.942 0.2222220004
46245  26.763  -45.575  56.655 0.1111110002
132987  27.973  -44.992  57.898 0.1111110002
46256  27.568  -45.045  55.619 0.2222220004
46233  26.625  -45.653  57.538 0.1111110002
46218  26.647  -45.620  58.728 0.1111110002
46206  26.482  -45.642  59.355 0.1111110002
45165  25.280  -46.430  58.283 0.1111110002
46207  25.728  -45.899  59.651 0.1111110002
147795  24.756  -46.436  61.337 0.1111110002
150484  24.635  -46.710  60.666 0.1111110002
43979  23.868  -47.573  61.375 0.1111110002
45132  24.043  -47.188  62.267 0.1111110002
154564  24.176  -47.257  60.839 0.1111110002
136356  23.496  -47.756  62.899 0.1111110002
43942  23.345  -47.281  65.032 0.1111110002
43943  22.965  -48.139  64.503 0.1111110002
139099  27.985  -44.799  55.038 0.2222220004
45178  25.362  -46.461  57.418 0.1111110002
46246  25.977  -45.942  56.992 0.1111110002
43999  24.363  -47.248  59.239 0.1111110002
145848  19.891  -51.361  66.658 0.1111110002
38573  19.570  -52.263  66.383 0.1111110002
136297  21.227  -51.273  65.936 0.1111110002
132305  20.986  -52.282  65.594 0.1111110002
38584  21.552  -52.280  65.157 0.1111110002
39625  20.368  -51.111  66.440 0.1111110002
40652  22.049  -50.333  66.769 0.1111110002
41714  21.459  -49.742  66.885 0.1111110002
42833  22.449  -48.744  65.109 0.1111110002
42826  21.832  -49.010  66.955 0.1111110002
43989  24.260  -47.297  60.164 0.1111110002
42869  23.485  -48.313  61.196 0.1111110002
43968  23.480  -47.970  61.983 0.1111110002
42857  23.129  -48.538  62.518 0.1111110002
149880  24.740  -46.847  57.839 0.1111110002
44012  24.288  -47.389  58.294 0.1111110002
42892  23.450  -48.825  59.409 0.1111110002
44013  23.794  -48.105  58.761 0.1111110002
131763  20.207  -50.698  65.609 0.1111110002
41721  20.692  -50.356  66.263 0.1111110002
41720  21.342  -49.668  66.683 0.1111110002
41730  20.752  -50.103  65.548 0.1111110002
41738  20.991  -49.997  64.516 0.1111110002
41737  21.920  -49.574  64.557 0.1111110002
140175  22.877  -49.332  62.102 0.1111110002
128920  20.124  -50.200  63.109 0.1111110002
41778  22.387  -49.927  61.631 0.1111110002
41792  22.366  -49.981  60.654 0.1111110002
56366  46.834  -36.820  44.668 0.1111110002
135696  46.447  -36.083  44.268 0.1111110002
57384  46.125  -35.336  43.828 0.1111110002
59465  45.205  -33.928  42.575 0.2222220004
76643  46.397  -16.541  39.557 0.1111110002
77612  46.531  -15.899  39.253 0.1111110002
77666  47.248  -14.627  32.030 0.2222220004
78742  49.072  -13.697  31.422 0.1111110002
80874  50.621  -12.415  27.914 0.2222220004
138300  51.151  -11.851  28.158 0.2222220004
81878  51.614  -11.590  28.034 0.2222220004
80873  51.042  -12.277  27.363 0.2222220004
81876  53.207  -10.796  27.686 0.2222220004
81885  52.486  -11.482  25.908 0.2222220004
81884  53.133  -11.417  25.433 0.2222220004
82834  53.856  -10.515  26.985 0.1111110002
81879  53.024  -10.883  26.401 0.2222220004
82837  54.483  -10.374  25.678 0.2222220004
80971  63.311  -11.876  17.828 0.2222220004
80972  62.345  -12.282  18.014 0.2222220004
81868  56.273  -10.515  28.951 0.1111110002
82828  54.867  -10.331  27.528 0.1111110002
80984  62.642  -11.930  17.425 0.2222220004
81963  63.228  -11.476  16.955 0.2222220004
81979  62.503  -11.100  16.590 0.3333329856
82949  62.058  -10.459  16.449 0.3333329856
82932  61.387  -10.280  16.892 0.3333329856
83942  61.977  -9.540  16.330 0.3333329856
128720  55.884  -10.046  27.595 0.1111110002
83821  56.175  -9.855  26.733 0.2222220004
81964  62.319  -11.626  17.017 0.2222220004
80985  61.804  -11.921  17.480 0.3333329856
80986  61.003  -11.773  17.657 0.3333329856
81980  61.631  -11.245  17.006 0.3333329856
82933  60.821  -10.899  17.455 0.3333329856
83927  60.843  -9.874  17.555 0.3333329856
83820  56.873  -9.753  26.301 0.3333329856
83926  61.421  -9.204  16.928 0.3333329856
83910  61.184  -8.786  17.910 0.3333329856
84893  61.782  -8.111  17.092 0.2222220004
140177  61.661  -8.127  18.824 0.2222220004
84874  62.041  -7.781  19.384 0.1111110002
147529  61.795  -7.953  18.017 0.1111110002
84862  62.351  -7.730  20.147 0.1111110002
129709  62.590  -6.862  20.056 0.1111110002
87819  62.460  -6.057  20.050 0.1111110002
87812  61.477  -5.607  20.335 0.1111110002
87820  61.862  -5.645  19.781 0.1111110002
86837  62.343  -6.208  19.204 0.1111110002
85809  62.345  -7.037  19.210 0.1111110002
87798  62.685  -6.416  21.689 0.1111110002
149644  62.774  -6.734  20.835 0.1111110002
84850  62.525  -7.906  21.048 0.1111110002
87800  61.551  -5.876  21.728 0.1111110002
87811  62.110  -5.829  20.524 0.1111110002
87810  62.577  -6.282  20.940 0.1111110002
132658  61.515  -5.702  20.984 0.1111110002
80867  50.358  -12.381  28.767 0.2222220004
83832  56.060  -9.764  25.926 0.3333329856
82836  55.266  -10.020  25.395 0.3333329856
81883  53.967  -11.033  25.146 0.3333329856
77657  47.345  -14.637  32.501 0.2222220004
137172  51.056  -11.907  28.806 0.2222220004
81881  51.497  -11.661  26.984 0.3333329856
80866  52.469  -11.541  28.894 0.2222220004
81877  52.297  -11.198  27.885 0.2222220004
81880  52.247  -11.182  26.712 0.2222220004
82838  53.703  -10.597  25.956 0.2222220004
82833  54.398  -10.295  26.506 0.2222220004
82827  55.584  -10.466  28.394 0.1111110002
82832  55.271  -10.004  26.499 0.1111110002
143251  62.484  -9.754  16.058 0.2222220004
84908  62.181  -8.407  16.249 0.2222220004
85796  62.704  -7.381  20.890 0.1111110002
25919  5.335  -63.590  58.370 0.1111110002
23574  5.590  -64.913  58.466 0.1111110002
27156  5.404  -62.995  58.469 0.1111110002
25935  5.205  -63.672  57.958 0.1111110002
27161  5.317  -63.280  57.914 0.1111110002
149824  6.070  -63.086  56.751 0.1111110002
23583  5.070  -65.173  57.684 0.1111110002
22353  4.947  -65.456  57.426 0.1111110002
22352  5.414  -65.693  57.822 0.1111110002
22359  4.471  -65.739  57.045 0.1111110002
132756  5.143  -63.833  57.004 0.1111110002
24763  4.423  -64.925  56.146 0.1111110002
23602  3.970  -65.554  55.804 0.1111110002
25943  5.162  -63.866  56.004 0.1111110002
25949  4.497  -64.489  54.994 0.1111110002
24767  4.148  -65.055  54.941 0.1111110002
56378  39.212  -36.262  45.574 0.1111110002
58415  45.278  -34.535  42.811 0.1111110002
65006  40.814  -28.520  42.169 0.1111110002
65004  42.606  -28.129  42.391 0.1111110002
65005  41.681  -28.188  42.244 0.1111110002
63831  40.032  -29.070  41.959 0.1111110002
65020  40.452  -28.604  41.261 0.1111110002
138887  40.064  -28.638  40.543 0.1111110002
67063  42.192  -26.689  39.782 0.1111110002
65052  41.634  -28.249  39.519 0.1111110002
78672  46.248  -14.492  34.909 0.1111110002
78689  46.621  -14.545  33.994 0.1111110002
77641  45.712  -14.793  34.520 0.2222220004
78671  47.214  -14.281  34.488 0.1111110002
78704  47.032  -14.642  33.219 0.1111110002
78703  47.953  -14.631  33.092 0.1111110002
81961  65.224  -10.070  17.712 0.1111110002
82930  66.226  -9.852  17.365 0.1111110002
82947  63.791  -9.924  16.295 0.1111110002
81978  63.255  -10.821  16.511 0.1111110002
27167  6.582  -62.894  55.966 0.1111110002
55204  39.709  -37.388  45.775 0.1111110002
65021  39.637  -29.006  41.082 0.1111110002
65035  39.325  -28.812  40.301 0.1111110002
66099  42.002  -27.520  39.488 0.1111110002
67075  41.456  -26.736  39.298 0.1111110002
77649  46.077  -14.734  33.587 0.2222220004
81962  64.172  -11.069  17.657 0.1111110002
24740  5.878  -64.378  58.936 0.1111110002
24742  5.196  -64.202  58.007 0.1111110002
22346  5.678  -65.574  58.413 0.1111110002
25936  5.033  -64.290  57.487 0.1111110002
27169  5.543  -63.511  56.926 0.1111110002
24749  4.996  -64.518  57.490 0.1111110002
24756  4.623  -64.813  57.069 0.1111110002
22358  4.495  -66.188  56.891 0.1111110002
23596  4.299  -65.421  56.672 0.1111110002
143983  4.719  -64.549  56.891 0.1111110002
63818  41.851  -28.164  43.167 0.1111110002
82931  65.790  -9.691  17.456 0.1111110002
82946  65.142  -9.444  16.913 0.1111110002
141305  66.142  -9.651  16.666 0.1111110002
128524  64.079  -10.586  16.891 0.1111110002
34154  4.831  -55.966  55.108 0.1111110002
34155  4.383  -55.807  54.863 0.1111110002
33052  4.549  -56.848  54.589 0.1111110002
33058  4.152  -56.956  54.443 0.1111110002
59457  37.904  -33.884  45.077 0.1111110002
60487  38.106  -32.826  45.536 0.1111110002
137314  38.568  -32.056  45.663 0.1111110002
59442  38.475  -33.697  45.830 0.1111110002
60488  37.561  -32.847  44.963 0.1111110002
65104  47.286  -28.163  35.854 0.1111110002
62635  38.795  -30.848  44.595 0.1111110002
130484  38.175  -31.811  45.049 0.1111110002
66142  47.991  -27.813  35.798 0.1111110002
66158  48.473  -27.346  35.326 0.1111110002
66159  47.611  -27.519  35.260 0.1111110002
33051  5.128  -57.038  54.659 0.1111110002
61572  38.067  -31.208  44.234 0.1111110002
72914  49.609  -21.249  34.174 0.1111110002
81029  58.811  -12.227  13.927 0.1111110002
151127  59.080  -11.814  14.599 0.1111110002
81012  58.467  -12.060  14.549 0.1111110002
85853  64.912  -6.622  14.559 0.1111110002
85855  64.050  -5.619  15.028 0.1111110002
83974  62.326  -8.970  13.710 0.1111110002
86889  64.033  -4.944  14.343 0.1111110002
84929  62.415  -7.243  14.160 0.1111110002
83963  61.165  -9.242  14.378 0.1111110002
82975  60.220  -10.888  14.712 0.1111110002
81997  59.493  -11.314  15.055 0.1111110002
81013  57.733  -12.310  14.439 0.1111110002
81051  56.921  -12.443  12.941 0.1111110002
84930  61.432  -8.122  14.467 0.1111110002
82962  60.457  -9.831  14.836 0.1111110002
82963  59.765  -10.405  15.338 0.1111110002
83952  60.618  -8.803  14.928 0.1111110002
82964  59.082  -10.872  15.757 0.1111110002
83940  64.634  -8.813  16.037 0.1111110002
84918  63.659  -7.075  15.474 0.1111110002
83951  63.966  -7.965  15.518 0.1111110002
84907  63.020  -7.131  15.719 0.1111110002
85869  63.707  -5.145  13.947 0.1111110002
86890  63.561  -5.335  14.897 0.1111110002
85844  63.098  -5.871  15.666 0.1111110002
81052  55.978  -11.962  12.773 0.1111110002
85870  63.012  -5.856  14.236 0.1111110002
86891  62.999  -5.554  15.120 0.1111110002
86872  62.716  -5.778  15.879 0.1111110002
83953  59.935  -9.398  15.464 0.1111110002
82950  59.289  -9.926  15.992 0.1111110002
82951  58.613  -10.391  16.429 0.1111110002
84919  60.875  -7.753  15.056 0.1111110002
83943  59.469  -8.995  16.132 0.1111110002
85845  62.438  -7.073  16.404 0.1111110002
85871  61.856  -6.874  14.578 0.1111110002
85856  62.632  -5.824  14.843 0.1111110002
84883  62.034  -7.489  18.622 0.1111110002
85857  61.385  -6.657  15.320 0.1111110002
86892  61.951  -5.725  15.601 0.1111110002
85858  60.390  -7.418  15.779 0.1111110002
83941  62.808  -8.595  15.801 0.1111110002
82961  63.193  -9.289  15.771 0.1111110002
81030  58.050  -12.366  13.680 0.1111110002
85854  64.363  -5.889  14.474 0.1111110002
150123  64.590  -6.209  14.293 0.1111110002
84917  64.625  -6.689  15.106 0.1111110002
83962  61.969  -8.544  13.994 0.1111110002
82974  60.934  -10.308  14.350 0.1111110002
81014  56.775  -12.365  14.220 0.1111110002
84920  60.141  -8.432  15.607 0.1111110002
84928  63.150  -6.346  14.050 0.1111110002
87868  62.897  -5.726  15.581 0.1111110002
85833  62.542  -6.225  16.674 0.1111110002
86858  62.487  -5.787  16.791 0.1111110002
85834  62.150  -7.042  17.586 0.1111110002
86873  62.365  -5.642  15.888 0.1111110002
85846  60.853  -6.396  16.090 0.1111110002
21193  5.729  -65.851  58.281 0.1111110002
23575  5.303  -64.651  58.048 0.1111110002
23582  5.359  -65.237  57.925 0.1111110002
23589  4.640  -65.161  57.226 0.1111110002
24741  5.422  -64.048  58.505 0.1111110002
24798  2.812  -64.035  51.831 0.2222220004
25926  5.371  -63.297  58.417 0.1111110002
25927  5.180  -63.900  58.023 0.1111110002
25944  4.758  -64.431  56.102 0.1111110002
25956  3.321  -64.022  53.494 0.1111110002
25962  2.642  -63.672  53.002 0.1111110002
25970  2.485  -63.645  52.835 0.1111110002
25971  2.914  -63.116  52.828 0.2222220004
27193  3.242  -62.531  53.014 0.1111110002
28352  8.143  -61.437  55.837 0.1111110002
28372  3.427  -61.584  53.452 0.4444440007
28391  3.363  -61.841  52.997 0.2222220004
28406  3.433  -61.627  52.866 0.2222220004
28420  3.849  -62.170  51.969 0.1111110002
30738  3.440  -60.099  52.299 0.2222220004
31877  3.482  -59.224  52.093 0.1111110002
35285  11.797  -55.454  57.652 0.1111110002
38571  21.109  -51.926  65.851 0.1111110002
38572  20.405  -52.096  66.274 0.1111110002
38607  21.063  -52.730  63.436 0.1111110002
39632  21.878  -50.803  65.898 0.1111110002
40653  21.667  -50.073  67.038 0.1111110002
40654  20.979  -50.393  66.557 0.1111110002
40655  20.228  -51.033  66.408 0.1111110002
41729  21.297  -49.693  66.063 0.1111110002
41843  20.866  -49.846  57.591 0.1111110002
41858  22.136  -49.489  56.670 0.2222220004
41859  20.552  -49.655  56.451 0.1111110002
42822  22.528  -48.610  66.972 0.1111110002
42830  21.752  -48.986  66.687 0.1111110002
42983  22.170  -48.626  53.839 0.3333329856
44082  23.323  -47.447  53.504 0.2222220004
44101  22.729  -47.836  52.222 0.4444440007
45206  24.543  -46.659  54.369 0.4444440007
46277  26.438  -45.466  53.356 0.4444440007
46303  25.269  -45.179  50.494 0.7777780294
46304  24.560  -45.563  50.568 0.7777780294
46317  24.185  -45.181  48.793 0.7777780294
47388  18.478  -42.006  54.458 0.1111110002
47390  16.999  -43.180  55.049 0.1111110002
47444  27.956  -43.943  50.640 0.5555559993
47445  27.358  -44.377  50.748 0.5555559993
48488  31.031  -43.288  54.171 0.1111110002
48508  29.992  -43.429  53.197 0.2222220004
48530  28.940  -43.765  52.313 0.3333329856
48569  38.467  -44.032  50.490 0.1111110002
48583  40.437  -43.271  49.588 0.1111110002
48588  35.979  -43.620  49.359 0.1111110002
48590  27.931  -43.598  49.707 0.5555559993
48591  27.240  -43.877  49.382 0.6666669846
48604  36.385  -43.473  48.631 0.1111110002
48616  27.015  -43.113  47.559 0.6666669846
48617  26.437  -43.647  47.915 0.7777780294
49598  33.763  -42.937  50.595 0.1111110002
49613  40.444  -42.799  48.956 0.1111110002
49642  39.571  -42.372  47.291 0.1111110002
49678  24.674  -42.282  45.173 0.8888890147
50472  31.956  -42.469  53.333 0.1111110002
50486  31.957  -42.233  52.860 0.1111110002
50498  30.643  -42.252  51.624 0.3333329856
50508  31.266  -41.953  51.661 0.3333329856
50519  33.115  -42.326  50.926 0.1111110002
50522  29.338  -41.879  49.804 0.4444440007
50523  23.330  -40.228  51.013 0.1111110002
50535  33.117  -41.524  49.618 0.1111110002
50566  34.038  -42.110  48.155 0.2222220004
50586  27.695  -41.443  46.232 0.7777780294
50606  25.469  -41.699  45.055 0.7777780294
51460  32.329  -41.905  51.665 0.1111110002
51461  32.148  -41.812  51.762 0.2222220004
51463  31.780  -41.745  51.685 0.2222220004
51474  32.133  -41.104  51.061 0.2222220004
51484  32.194  -40.413  50.275 0.2222220004
51486  23.491  -40.108  50.533 0.1111110002
51500  23.639  -40.569  49.386 0.3333329856
51559  25.544  -40.254  45.004 0.7777780294
52652  31.940  -40.880  50.709 0.2222220004
52694  29.965  -39.160  49.332 0.4444440007
53940  30.477  -38.790  49.602 0.4444440007
54015  25.613  -38.224  46.216 0.7777780294
55131  24.699  -37.277  50.053 0.2222220004
55189  26.174  -37.419  46.320 0.8888890147
57268  27.499  -34.797  54.112 0.1111110002
57300  25.882  -34.981  50.537 0.2222220004
57335  26.544  -35.456  47.450 0.6666669846
57388  30.668  -34.932  44.676 0.7777780294
58262  30.386  -33.304  53.689 0.2222220004
58331  27.851  -33.991  49.968 0.4444440007
59431  31.068  -33.563  45.902 0.7777780294
59488  43.061  -33.608  41.040 0.6666669846
61597  45.714  -31.603  41.052 0.1111110002
61598  35.279  -31.974  41.219 0.8888890147
61670  43.315  -31.019  38.053 0.3333329856
61702  40.084  -31.483  37.096 1.0000000000
61706  36.650  -30.912  36.522 1.0000000000
62742  45.225  -30.188  38.390 0.2222220004
62762  42.888  -30.459  37.006 0.7777780294
62780  43.509  -29.952  36.900 0.4444440007
62800  41.505  -30.067  35.728 0.8888890147
63848  37.112  -29.313  40.085 0.4444440007
70056  47.374  -22.822  34.916 0.2222220004
70972  47.420  -22.146  34.963 0.2222220004
71909  54.784  -21.405  32.892 0.1111110002
71965  50.943  -21.244  30.781 0.3333329856
71967  48.376  -21.589  30.781 0.4444440007
71969  46.804  -21.373  31.122 0.5555559993
72909  54.364  -21.246  33.676 0.1111110002
72932  54.326  -21.067  31.583 0.1111110002
73860  54.162  -20.300  31.038 0.1111110002
74816  59.040  -18.887  32.351 0.1111110002
74826  59.763  -18.012  31.150 0.1111110002
75750  42.455  -17.910  35.918 0.5555559993
75809  54.572  -17.711  29.315 0.2222220004
76666  44.515  -15.782  36.442 0.5555559993
77712  61.160  -15.407  27.454 0.1111110002
82914  66.045  -9.997  18.048 0.1111110002
82948  62.799  -10.338  16.181 0.2222220004
83838  63.478  -8.276  24.486 0.1111110002
85868  64.212  -5.668  14.237 0.1111110002
86900  63.542  -4.981  14.332 0.1111110002
87799  62.171  -5.991  21.269 0.1111110002
128175  39.192  -42.644  47.986 0.1111110002
128193  12.987  -54.149  56.022 0.1111110002
129222  59.705  -18.493  32.691 0.1111110002
129374  26.501  -45.646  55.098 0.3333329856
129497  20.080  -49.871  57.876 0.1111110002
130658  36.904  -41.477  43.831 0.7777780294
130740  57.159  -19.474  31.556 0.2222220004
130745  26.459  -45.729  58.219 0.1111110002
131293  22.274  -48.199  51.870 0.4444440007
131592  24.680  -46.768  59.879 0.1111110002
133371  23.219  -48.266  67.038 0.1111110002
133387  4.026  -66.134  56.421 0.1111110002
133707  30.804  -33.415  48.904 0.5555559993
134263  22.597  -42.115  50.968 0.1111110002
134454  43.548  -35.965  42.142 1.0000000000
134700  4.944  -65.919  57.319 0.1111110002
134840  45.267  -39.414  45.287 0.2222220004
134857  29.924  -42.774  51.638 0.2222220004
135840  37.804  -44.050  50.381 0.1111110002
135859  26.432  -43.308  46.973 0.7777780294
136049  34.435  -41.904  46.209 0.4444440007
136139  34.223  -42.117  47.382 0.4444440007
137166  12.935  -54.821  54.066 0.2222220004
137964  19.433  -51.509  66.690 0.1111110002
139727  14.879  -43.894  49.909 0.5555559993
141238  38.988  -35.017  39.133 1.0000000000
141652  23.440  -44.041  46.004 0.7777780294
141843  48.604  -20.994  30.280 0.5555559993
142030  38.212  -28.522  38.689 0.3333329856
143208  3.490  -61.058  52.595 0.1111110002
145240  23.525  -48.557  58.109 0.2222220004
145812  42.819  -42.562  49.308 0.1111110002
146163  32.434  -39.894  49.001 0.3333329856
146596  55.270  -17.711  29.267 0.3333329856
147267  12.715  -54.779  51.678 0.4444440007
147953  42.156  -37.967  41.987 1.0000000000
148461  28.331  -33.864  50.659 0.3333329856
149069  33.396  -42.901  52.136 0.1111110002
149111  25.561  -45.968  54.354 0.3333329856
149742  38.984  -43.072  48.544 0.1111110002
150294  31.842  -33.532  52.915 0.2222220004
150778  31.362  -37.815  42.883 0.8888890147
150889  18.900  -49.677  56.183 0.1111110002
151280  23.231  -48.703  61.775 0.1111110002
151449  10.058  -58.574  53.741 0.3333329856
152636  41.261  -39.776  43.592 0.5555559993
152915  32.540  -42.426  52.881 0.1111110002
152949  43.101  -38.331  42.631 0.6666669846
153324  44.054  -28.735  35.803 0.3333329856
153689  44.527  -39.976  45.875 0.2222220004
154480  18.466  -44.721  48.085 0.8888890147
154689  8.415  -60.394  57.779 0.1111110002
154733  12.989  -53.500  57.016 0.1111110002
154862  23.946  -41.574  45.340 0.7777780294
155086  31.522  -40.664  50.512 0.3333329856
