#!ascii label  , from subject sub001 vox2ras=TkReg
3649
35289  5.036  -54.297  55.980 0.6250000000
35290  4.578  -54.239  55.729 0.6250000000
36431  4.407  -53.775  55.699 0.5000000000
34145  4.687  -55.058  55.455 0.6250000000
151785  4.344  -54.945  55.293 0.6250000000
35295  4.211  -54.470  55.332 0.5000000000
34154  4.831  -55.966  55.108 0.6250000000
34155  4.383  -55.807  54.863 0.5000000000
133916  3.945  -54.691  55.007 0.2500000000
33052  4.549  -56.848  54.589 0.5000000000
35305  4.100  -55.205  54.945 0.3750000000
34164  3.855  -55.898  54.369 0.3750000000
35316  3.917  -55.470  54.558 0.2500000000
33058  4.152  -56.956  54.443 0.5000000000
134822  3.849  -54.879  54.466 0.2500000000
34172  3.725  -56.349  54.124 0.2500000000
35326  3.743  -55.663  53.984 0.2500000000
36419  6.082  -53.100  56.421 0.6250000000
35287  5.990  -53.785  55.857 0.6250000000
36420  5.850  -53.303  56.457 0.6250000000
138116  6.276  -53.079  55.961 0.6250000000
35294  6.149  -54.396  55.346 0.6250000000
35288  5.449  -53.778  56.237 0.6250000000
35283  5.135  -53.681  56.456 0.6250000000
36421  4.830  -53.678  56.342 0.6250000000
36422  4.636  -53.479  56.167 0.6250000000
36430  6.319  -53.644  55.547 0.7500000000
34143  5.721  -54.977  55.356 0.6250000000
34144  5.116  -55.139  55.529 0.6250000000
135445  6.084  -55.164  54.979 0.6250000000
33049  5.696  -55.899  54.761 0.6250000000
34153  5.266  -55.971  55.076 0.6250000000
37586  4.085  -53.548  54.026 0.2500000000
36446  3.899  -54.111  54.862 0.2500000000
36438  4.080  -53.991  55.270 0.3750000000
33050  5.345  -56.784  54.537 0.7500000000
33051  5.128  -57.038  54.659 0.6250000000
136193  4.188  -54.698  53.109 0.2500000000
151736  3.935  -53.843  54.517 0.2500000000
133988  3.886  -55.037  53.778 0.2500000000
33066  3.810  -57.130  54.191 0.5000000000
33075  3.579  -57.188  53.694 0.2500000000
34179  3.680  -56.456  53.443 0.2500000000
30700  4.465  -59.927  54.381 0.2500000000
29523  3.996  -59.896  54.260 0.3750000000
30699  5.239  -59.579  54.205 0.2500000000
29538  3.402  -61.142  53.261 0.3750000000
29552  3.264  -60.832  53.108 0.3750000000
38686  6.726  -51.860  56.758 0.6250000000
36418  6.401  -52.557  56.394 0.6250000000
38697  6.810  -52.084  55.958 0.6250000000
37565  6.506  -52.783  55.826 0.6250000000
36437  6.608  -53.501  55.243 0.7500000000
35304  6.377  -54.403  55.069 0.7500000000
153321  6.710  -54.049  54.804 1.0000000000
37596  4.563  -53.688  52.484 0.2500000000
129045  4.277  -53.895  53.200 0.2500000000
137538  6.268  -55.172  54.714 1.0000000000
34163  5.986  -55.944  54.414 0.8750000000
31852  4.998  -57.862  54.505 0.5000000000
36464  4.403  -54.306  52.507 0.2500000000
143854  3.971  -55.645  53.042 0.2500000000
34171  6.207  -56.499  53.889 0.8750000000
33057  5.657  -56.613  54.371 0.7500000000
33059  3.962  -57.998  54.389 0.6250000000
33067  3.638  -58.148  53.854 0.3750000000
128389  4.376  -55.146  52.274 0.2500000000
33065  5.839  -56.998  54.041 0.5000000000
31847  4.132  -58.652  54.433 0.5000000000
142423  3.953  -56.592  52.439 0.2500000000
133585  5.836  -58.095  53.957 0.5000000000
31857  5.330  -58.543  54.305 0.3750000000
30685  4.221  -59.164  54.418 0.5000000000
38685  7.006  -51.288  57.078 0.6250000000
37573  6.829  -52.706  55.419 0.7500000000
132577  4.773  -53.107  52.497 0.2500000000
35315  6.590  -54.686  54.572 1.0000000000
137619  4.834  -54.463  51.633 0.2500000000
36475  4.561  -54.352  52.016 0.2500000000
34170  6.469  -55.489  54.132 1.0000000000
35325  7.057  -55.286  53.562 0.8750000000
135051  6.752  -56.193  53.384 0.5000000000
35371  4.730  -55.792  51.360 0.2500000000
35336  7.422  -55.996  52.665 0.3750000000
149484  6.542  -56.990  53.291 0.5000000000
33074  6.238  -57.503  53.608 0.5000000000
36491  10.256  -54.717  50.676 0.3750000000
140672  9.263  -55.445  51.227 0.1250000000
35349  8.711  -55.884  51.446 0.3750000000
36473  9.433  -54.637  51.130 0.5000000000
138986  8.737  -54.999  51.695 0.3750000000
37603  9.969  -53.252  50.815 0.5000000000
37616  9.915  -54.036  50.790 0.2500000000
37604  9.377  -53.637  51.333 0.3750000000
40749  7.978  -49.368  57.491 0.5000000000
40767  8.234  -49.554  56.567 0.5000000000
40768  7.886  -50.413  56.064 0.5000000000
38696  7.074  -51.495  56.494 0.6250000000
39712  7.539  -51.190  55.869 0.7500000000
38708  7.158  -51.908  55.623 0.7500000000
39718  7.663  -51.423  55.336 0.7500000000
38709  7.253  -52.506  54.942 0.8750000000
36436  7.054  -53.417  54.739 1.0000000000
35314  6.874  -54.803  54.102 1.0000000000
149083  7.017  -54.201  54.365 1.0000000000
132415  7.445  -53.770  54.051 1.0000000000
36453  7.741  -54.084  53.312 0.7500000000
38741  8.551  -52.714  53.015 0.7500000000
39758  10.915  -51.363  50.424 0.3750000000
146290  10.665  -52.069  50.429 0.5000000000
36462  8.222  -54.525  52.498 0.5000000000
37594  8.894  -53.125  52.145 0.7500000000
152815  11.262  -51.923  50.109 0.2500000000
38763  10.638  -52.898  50.446 0.3750000000
38751  10.014  -52.333  50.896 0.5000000000
38752  9.492  -52.715  51.563 0.5000000000
36474  8.793  -54.073  51.905 0.5000000000
41849  8.619  -48.754  57.189 0.5000000000
41848  9.198  -48.195  56.832 0.5000000000
40786  8.484  -49.728  55.599 0.7500000000
41865  8.800  -48.914  56.232 0.5000000000
39725  8.042  -51.411  54.692 0.8750000000
37579  7.537  -52.930  54.257 1.0000000000
40806  8.989  -50.420  54.099 0.7500000000
38731  8.134  -52.434  53.766 0.8750000000
40812  9.235  -50.836  53.400 0.8750000000
38730  8.826  -51.789  53.329 0.7500000000
39746  10.179  -51.444  51.000 0.5000000000
39740  9.475  -51.315  52.654 0.8750000000
38740  9.222  -52.233  52.489 0.8750000000
39747  9.682  -51.798  51.784 0.6250000000
40831  11.304  -50.719  50.356 0.5000000000
151269  10.971  -50.117  50.975 0.6250000000
39739  9.910  -50.752  51.883 0.6250000000
44049  10.772  -46.649  56.821 0.6250000000
41864  9.290  -48.360  55.839 0.6250000000
42951  9.747  -47.836  55.358 0.7500000000
42950  10.227  -47.384  54.967 0.6250000000
40785  8.956  -49.436  55.001 0.7500000000
41905  9.692  -49.018  53.863 0.8750000000
40805  9.239  -49.614  54.341 0.8750000000
40811  9.508  -49.947  53.558 1.0000000000
132964  9.727  -50.377  52.810 0.8750000000
43058  12.179  -48.325  50.267 0.3750000000
41947  11.598  -48.857  50.731 0.7500000000
40818  10.178  -50.046  52.464 0.7500000000
43065  13.432  -48.058  49.226 0.1250000000
43057  12.650  -47.780  49.998 0.5000000000
44062  10.685  -46.706  55.716 0.6250000000
44048  11.264  -46.235  56.503 0.5000000000
42949  10.639  -47.042  54.645 0.7500000000
42966  10.469  -47.787  54.124 0.8750000000
42989  10.814  -47.384  53.853 0.8750000000
41904  10.261  -48.544  53.634 0.8750000000
41927  10.094  -49.468  53.094 1.0000000000
131467  11.134  -47.668  53.151 1.0000000000
41926  10.565  -48.743  52.979 1.0000000000
43015  11.252  -47.903  52.210 0.7500000000
44160  12.539  -46.964  50.743 0.7500000000
44129  11.925  -47.270  51.715 0.7500000000
43043  11.217  -48.532  51.566 0.7500000000
41940  10.509  -49.392  52.364 0.8750000000
45256  14.365  -46.525  48.864 0.2500000000
44196  13.060  -47.174  49.656 0.6250000000
44161  12.189  -47.657  50.819 0.7500000000
44047  11.631  -45.727  55.975 0.5000000000
145175  11.147  -46.278  55.862 0.5000000000
45209  12.186  -45.222  54.685 0.8750000000
44060  11.577  -45.809  54.985 0.5000000000
44072  11.431  -45.974  54.067 1.0000000000
45217  12.040  -45.435  53.732 0.8750000000
44086  11.216  -46.904  53.553 1.0000000000
142825  12.037  -45.792  52.932 1.0000000000
44104  11.510  -47.143  52.719 1.0000000000
44128  12.327  -46.548  51.694 0.7500000000
46305  13.939  -45.036  49.851 0.7500000000
45233  12.766  -45.894  51.200 0.7500000000
46311  14.400  -45.476  48.994 0.8750000000
45241  12.940  -46.257  50.043 0.7500000000
45208  13.003  -44.454  55.340 0.6250000000
45200  12.357  -45.115  55.621 0.5000000000
45216  12.784  -44.532  54.319 0.7500000000
47408  14.563  -43.740  53.296 0.8750000000
45225  12.734  -44.991  53.147 0.8750000000
47425  14.496  -44.058  52.269 0.8750000000
46288  13.828  -44.646  51.792 1.0000000000
46289  13.120  -45.171  52.095 1.0000000000
48579  15.479  -43.352  50.078 0.8750000000
47439  14.388  -44.166  51.327 1.0000000000
46298  13.378  -45.191  51.293 1.0000000000
142191  15.465  -44.082  49.125 0.8750000000
47459  14.599  -44.574  49.375 0.8750000000
141313  25.892  -43.499  46.318 0.1250000000
47493  24.689  -44.189  46.462 0.5000000000
48640  25.888  -43.206  45.561 0.3750000000
48642  24.188  -42.980  45.457 0.7500000000
46279  14.839  -43.570  54.418 0.7500000000
46280  13.641  -44.021  53.849 0.8750000000
47437  16.177  -43.525  52.040 0.8750000000
47424  15.434  -43.726  52.655 0.8750000000
48558  15.740  -43.252  51.055 0.8750000000
47438  15.176  -43.755  51.716 0.8750000000
47448  14.949  -43.722  50.773 1.0000000000
47457  17.007  -43.205  49.323 0.8750000000
48609  18.282  -43.360  48.439 0.7500000000
48610  17.744  -43.394  48.811 0.8750000000
51557  27.242  -40.126  45.152 0.2500000000
50604  27.077  -41.788  45.496 0.2500000000
51558  26.384  -40.175  44.864 0.5000000000
144207  25.259  -40.929  45.028 0.6250000000
50607  24.650  -41.280  45.209 0.7500000000
49679  23.631  -42.278  45.406 0.7500000000
48536  17.336  -43.291  52.323 0.8750000000
47423  16.492  -43.587  52.977 0.8750000000
48557  16.749  -43.035  51.314 0.8750000000
48556  17.626  -42.921  51.540 0.8750000000
49604  18.813  -42.419  50.097 0.8750000000
48577  17.407  -42.709  50.555 0.8750000000
48592  18.762  -42.506  49.081 0.7500000000
48593  18.220  -42.717  49.363 0.8750000000
48607  19.785  -42.808  47.859 0.7500000000
48608  18.940  -43.228  47.949 0.7500000000
48619  20.919  -42.993  46.856 0.7500000000
51542  24.250  -40.251  46.569 0.7500000000
51528  23.550  -40.774  46.971 0.7500000000
49650  21.903  -42.127  46.865 0.7500000000
54014  26.385  -38.078  45.801 0.7500000000
52743  25.369  -39.092  45.746 0.8750000000
52760  25.243  -39.756  45.444 0.8750000000
50588  23.249  -41.476  45.901 0.7500000000
48554  18.942  -42.647  51.811 0.8750000000
48555  18.257  -42.686  51.221 0.8750000000
48575  18.955  -42.885  50.943 0.8750000000
49619  20.192  -42.094  49.639 0.7500000000
49620  19.428  -42.253  49.863 0.8750000000
49634  20.329  -42.253  48.605 0.7500000000
50555  22.638  -41.527  48.371 0.7500000000
49632  21.849  -41.799  47.846 0.7500000000
51527  23.842  -40.187  47.720 0.8750000000
50570  23.171  -41.194  47.823 0.7500000000
50571  22.470  -41.565  47.312 0.7500000000
56335  25.717  -36.755  47.432 0.8750000000
53995  25.096  -38.178  47.277 0.8750000000
52728  24.922  -38.895  46.641 0.8750000000
52729  24.405  -39.600  47.219 0.8750000000
149896  34.559  -36.081  56.864 0.3750000000
56235  33.286  -35.424  56.886 0.6250000000
57221  32.225  -34.934  57.442 0.6250000000
53896  36.739  -36.038  55.598 0.5000000000
150883  36.348  -35.865  55.188 0.6250000000
56245  34.922  -35.802  56.081 0.6250000000
56247  33.502  -35.337  55.869 0.7500000000
57231  31.621  -34.480  56.875 0.8750000000
58223  30.050  -34.201  56.765 0.7500000000
57233  29.052  -34.557  56.888 0.6250000000
56249  27.390  -35.549  55.728 0.8750000000
55089  26.321  -36.493  55.089 0.8750000000
52620  25.060  -38.241  54.289 0.8750000000
138365  36.605  -35.866  54.449 0.7500000000
55087  36.081  -35.662  54.306 0.7500000000
148612  34.816  -35.311  54.127 0.6250000000
57250  33.683  -35.161  54.974 1.0000000000
58233  32.377  -34.224  55.017 1.0000000000
58235  30.270  -33.836  55.992 1.0000000000
57244  27.937  -35.055  55.543 0.8750000000
56250  26.835  -35.917  55.093 0.8750000000
55090  25.822  -36.871  54.680 0.8750000000
52636  24.671  -38.465  53.494 0.8750000000
48553  20.020  -42.193  51.341 0.8750000000
53907  36.780  -35.941  53.584 0.7500000000
55109  36.076  -36.096  52.152 0.8750000000
56274  35.146  -35.386  53.282 0.8750000000
57266  33.849  -34.988  54.156 0.8750000000
58247  30.514  -33.657  55.105 1.0000000000
58248  28.737  -34.030  54.644 0.8750000000
140460  26.363  -35.597  54.146 0.8750000000
53917  24.784  -37.655  53.301 0.8750000000
52637  24.307  -39.071  52.589 0.8750000000
50511  22.823  -40.695  51.180 0.8750000000
49584  23.003  -42.007  51.065 0.8750000000
153850  21.168  -41.764  51.106 0.8750000000
140408  20.052  -42.264  50.648 0.8750000000
55119  35.890  -36.518  51.211 0.8750000000
142931  34.579  -35.298  51.735 0.8750000000
57274  34.024  -34.796  53.299 0.8750000000
57267  33.327  -34.452  53.741 1.0000000000
58263  29.202  -33.609  53.783 1.0000000000
57276  27.454  -34.573  53.562 1.0000000000
56277  25.676  -36.036  53.730 0.8750000000
53926  24.559  -37.571  52.536 0.8750000000
51477  23.818  -39.623  51.579 0.8750000000
50525  23.178  -41.528  50.251 0.8750000000
49600  23.080  -41.998  50.252 0.8750000000
49602  20.960  -41.973  50.319 0.8750000000
56300  34.674  -36.287  50.356 1.0000000000
151197  33.060  -34.312  51.855 0.8750000000
133894  31.333  -33.487  52.209 1.0000000000
58275  28.833  -33.580  52.834 1.0000000000
58277  27.424  -34.113  52.288 1.0000000000
57278  25.962  -34.932  52.521 1.0000000000
144204  24.908  -36.253  51.778 0.8750000000
139465  24.205  -38.895  50.937 0.7500000000
51487  23.483  -40.574  49.825 0.7500000000
49618  21.077  -41.922  49.330 0.7500000000
55140  34.525  -37.442  49.095 1.0000000000
56311  33.993  -35.931  49.895 1.0000000000
57297  33.842  -34.975  51.319 0.8750000000
58274  30.075  -33.239  52.388 1.0000000000
137850  28.217  -33.835  52.107 1.0000000000
57288  26.662  -34.368  51.991 1.0000000000
149238  25.474  -35.460  51.938 0.8750000000
53941  24.489  -38.138  50.576 0.7500000000
51499  23.703  -39.887  50.033 0.7500000000
50539  23.355  -41.447  49.612 0.7500000000
50540  22.852  -41.749  49.383 0.7500000000
55182  34.195  -37.918  46.047 1.0000000000
56330  33.739  -37.246  47.572 1.0000000000
56321  33.698  -36.061  48.754 1.0000000000
57310  32.874  -34.788  49.872 0.8750000000
58310  32.272  -34.236  50.292 1.0000000000
58312  30.620  -33.640  50.828 1.0000000000
58294  28.554  -33.736  51.401 1.0000000000
57299  26.633  -34.456  51.009 0.8750000000
56302  25.424  -35.724  50.025 0.8750000000
53957  24.550  -38.183  49.502 0.7500000000
52696  23.924  -39.838  49.220 0.7500000000
51513  23.587  -40.784  48.340 0.7500000000
50554  23.315  -41.277  48.855 0.7500000000
55209  33.644  -37.122  45.807 1.0000000000
57351  33.302  -35.658  46.817 0.8750000000
147112  33.248  -35.370  48.580 0.8750000000
58329  32.214  -34.177  49.263 0.8750000000
59375  30.889  -33.586  49.850 0.8750000000
59392  28.446  -33.697  49.727 0.8750000000
57311  26.657  -34.665  50.064 0.8750000000
56312  25.667  -35.941  49.012 0.8750000000
55142  24.884  -37.358  48.969 0.8750000000
52713  24.103  -39.670  48.277 0.8750000000
132655  33.417  -36.068  45.880 1.0000000000
57333  33.028  -35.023  47.263 0.8750000000
59404  31.878  -33.752  47.695 0.8750000000
59406  30.242  -33.231  48.212 0.8750000000
134653  28.440  -33.468  48.690 0.8750000000
145090  27.319  -34.251  48.697 0.8750000000
56322  25.956  -36.071  47.912 0.8750000000
56323  25.386  -36.676  48.446 0.8750000000
131136  24.632  -38.955  47.801 0.8750000000
59422  28.088  -33.546  47.804 0.8750000000
52619  37.708  -36.648  52.659 0.7500000000
52634  37.642  -37.033  51.737 0.7500000000
138023  37.012  -36.425  52.085 0.7500000000
53916  36.389  -36.432  51.621 0.8750000000
53937  36.781  -37.838  50.517 1.0000000000
55129  35.628  -37.162  50.408 1.0000000000
53952  35.547  -38.444  49.308 1.0000000000
55139  35.152  -37.839  49.727 1.0000000000
53972  35.279  -38.557  48.446 1.0000000000
55150  34.788  -38.159  48.822 1.0000000000
53991  34.780  -38.403  47.112 1.0000000000
54030  35.400  -38.381  45.391 1.0000000000
52651  37.561  -37.495  51.044 0.8750000000
52670  37.442  -38.121  50.728 0.8750000000
149153  36.682  -39.165  49.450 1.0000000000
53971  36.061  -38.994  48.689 1.0000000000
54008  36.166  -38.697  46.914 1.0000000000
54051  35.930  -38.277  44.707 1.0000000000
55231  36.107  -38.008  43.816 0.8750000000
55263  35.480  -37.670  41.902 0.8750000000
55276  35.996  -37.584  40.962 0.7500000000
55288  36.454  -37.474  40.311 0.7500000000
52690  37.735  -39.053  50.802 0.8750000000
52669  38.077  -38.042  51.076 0.8750000000
52689  38.354  -39.427  49.799 0.8750000000
52691  36.900  -38.982  50.428 1.0000000000
52706  37.787  -39.411  48.630 1.0000000000
140365  37.365  -39.348  49.626 1.0000000000
52724  36.517  -39.035  47.729 1.0000000000
131901  36.787  -38.630  46.147 1.0000000000
54028  37.522  -38.441  45.220 1.0000000000
54050  36.826  -38.199  44.460 1.0000000000
129609  37.213  -37.710  43.470 1.0000000000
54029  36.355  -38.441  45.363 1.0000000000
55247  36.399  -37.640  42.705 1.0000000000
55262  36.725  -37.260  41.614 1.0000000000
56411  36.718  -36.951  40.642 0.7500000000
56418  36.812  -36.623  39.960 0.6250000000
54123  37.137  -37.958  39.814 0.6250000000
147774  36.866  -37.304  39.836 0.7500000000
55300  37.139  -36.689  39.637 0.6250000000
56428  37.183  -36.149  39.614 0.6250000000
52704  39.234  -39.439  49.075 0.6250000000
52721  39.140  -39.326  47.966 0.8750000000
52688  39.252  -39.211  50.323 0.6250000000
52705  38.529  -39.441  48.603 0.7500000000
53988  38.908  -38.953  47.115 1.0000000000
54005  39.578  -38.657  46.411 1.0000000000
52723  37.426  -39.190  47.741 1.0000000000
54006  38.716  -38.776  46.280 1.0000000000
54027  38.519  -38.557  45.502 1.0000000000
53989  38.034  -38.916  47.015 1.0000000000
54007  37.785  -38.697  46.192 1.0000000000
55206  38.517  -38.164  44.743 1.0000000000
129173  37.121  -38.834  46.966 1.0000000000
55230  37.885  -37.945  44.159 1.0000000000
55246  38.253  -37.193  43.297 1.0000000000
55261  37.497  -37.228  42.475 1.0000000000
151689  37.485  -36.886  41.922 1.0000000000
56402  37.303  -36.367  41.444 1.0000000000
139777  36.970  -36.048  40.486 0.7500000000
57430  36.912  -35.624  40.111 0.6250000000
57440  37.273  -35.581  39.623 0.6250000000
54026  39.283  -38.498  45.674 0.8750000000
55205  39.441  -37.889  45.306 0.8750000000
138289  39.047  -38.304  45.111 0.8750000000
129839  39.145  -37.688  44.683 1.0000000000
55229  38.749  -37.475  44.071 1.0000000000
56401  37.980  -36.584  42.433 1.0000000000
57411  37.701  -35.705  42.209 0.8750000000
57420  37.186  -35.473  41.210 0.7500000000
57421  36.988  -35.244  40.504 0.6250000000
58445  36.958  -34.584  40.441 0.6250000000
55227  39.587  -37.199  44.878 0.8750000000
57385  38.127  -35.617  44.413 1.0000000000
55228  39.240  -37.104  44.234 1.0000000000
55245  38.806  -37.040  43.715 1.0000000000
58416  37.837  -34.983  43.961 1.0000000000
56391  38.289  -36.701  43.337 1.0000000000
146995  37.800  -36.136  42.995 1.0000000000
57399  37.631  -35.401  43.261 1.0000000000
58425  37.325  -34.833  42.892 1.0000000000
58434  37.170  -35.064  41.952 0.8750000000
58435  36.794  -34.585  41.151 0.6250000000
59502  36.221  -33.724  40.769 0.7500000000
59503  35.763  -32.888  40.565 0.6250000000
146186  37.546  -34.861  43.498 1.0000000000
58426  36.766  -34.367  42.215 1.0000000000
59490  36.204  -33.758  41.577 0.8750000000
59491  35.684  -33.089  41.195 0.8750000000
58417  37.315  -34.358  43.825 1.0000000000
59458  37.322  -33.688  44.532 1.0000000000
59466  36.804  -33.497  44.046 1.0000000000
59477  36.799  -34.041  43.199 1.0000000000
59467  36.448  -33.152  43.343 1.0000000000
59478  36.330  -33.614  42.516 1.0000000000
59479  35.845  -33.086  41.957 0.8750000000
60509  35.494  -32.478  41.548 0.8750000000
60521  35.382  -32.404  40.894 0.7500000000
60489  37.091  -32.882  44.505 1.0000000000
60498  36.740  -32.361  43.944 1.0000000000
154690  36.077  -32.941  42.711 1.0000000000
60508  35.833  -32.388  42.327 1.0000000000
61587  35.569  -31.777  41.844 0.8750000000
141316  35.262  -31.712  40.636 0.7500000000
62686  35.424  -31.269  41.234 0.8750000000
63850  35.528  -29.905  39.676 0.8750000000
63899  35.514  -30.123  38.011 0.8750000000
63915  36.424  -29.853  36.505 0.6250000000
60487  38.106  -32.826  45.536 0.8750000000
60488  37.561  -32.847  44.963 1.0000000000
61555  37.380  -31.997  44.554 1.0000000000
61573  37.334  -31.433  43.850 1.0000000000
61574  36.752  -31.558  43.259 1.0000000000
60499  36.331  -32.314  43.070 1.0000000000
62652  37.167  -30.970  43.274 1.0000000000
62668  36.646  -30.918  42.726 1.0000000000
61586  36.157  -31.617  42.581 1.0000000000
63835  36.709  -29.794  41.124 1.0000000000
62685  35.935  -30.425  41.244 1.0000000000
62706  35.301  -30.725  40.372 0.8750000000
63849  36.349  -29.486  39.881 0.8750000000
62705  36.007  -29.908  40.506 0.8750000000
65072  36.621  -29.055  38.405 1.0000000000
63863  35.961  -29.365  39.060 1.0000000000
65088  37.052  -28.536  36.956 0.7500000000
65108  36.665  -29.256  36.711 0.7500000000
137314  38.568  -32.056  45.663 0.7500000000
61538  39.131  -31.837  46.002 0.7500000000
130484  38.175  -31.811  45.049 0.8750000000
61572  38.067  -31.208  44.234 0.8750000000
62650  38.631  -30.565  43.767 0.8750000000
62651  37.828  -30.786  43.489 0.8750000000
62666  38.309  -30.375  42.878 0.8750000000
62667  37.404  -30.553  42.768 1.0000000000
63823  37.827  -30.086  42.101 1.0000000000
62684  36.793  -30.293  41.954 1.0000000000
150595  37.075  -29.112  39.309 1.0000000000
153606  36.742  -29.542  40.500 1.0000000000
137359  37.064  -28.769  37.798 1.0000000000
65071  37.585  -28.662  38.491 1.0000000000
61537  39.842  -31.581  46.467 0.7500000000
61553  39.586  -30.797  45.647 0.7500000000
61554  38.942  -31.231  45.359 0.8750000000
62634  39.479  -30.411  44.831 0.8750000000
62635  38.795  -30.848  44.595 0.8750000000
62648  39.940  -29.794  44.272 0.8750000000
62649  39.381  -30.244  43.994 0.8750000000
63811  39.843  -29.720  43.429 0.8750000000
63812  39.142  -30.114  43.078 0.8750000000
63822  38.735  -29.893  42.260 0.8750000000
65021  39.637  -29.006  41.082 0.8750000000
63832  39.182  -29.432  41.694 1.0000000000
65022  38.769  -29.247  40.891 1.0000000000
63834  37.427  -29.785  41.496 1.0000000000
65036  38.434  -28.950  40.117 1.0000000000
63847  37.638  -29.377  40.734 1.0000000000
65055  38.107  -28.692  39.296 1.0000000000
65037  37.688  -29.059  39.933 1.0000000000
65070  38.348  -28.388  38.136 1.0000000000
131327  38.776  -28.475  38.729 1.0000000000
65054  39.056  -28.628  39.480 1.0000000000
66143  37.892  -27.167  36.630 0.8750000000
66122  37.621  -27.912  36.985 0.8750000000
62633  40.013  -29.882  45.085 0.8750000000
63798  41.274  -28.688  44.786 0.8750000000
63799  40.439  -29.205  44.544 0.8750000000
63818  41.851  -28.164  43.167 0.8750000000
63809  40.969  -28.617  43.802 0.8750000000
65005  41.681  -28.188  42.244 0.5000000000
63819  41.134  -28.518  42.894 0.8750000000
63821  39.561  -29.540  42.550 0.8750000000
65018  42.466  -28.182  41.273 0.7500000000
65019  41.363  -28.322  41.287 0.7500000000
65006  40.814  -28.520  42.169 0.8750000000
63831  40.032  -29.070  41.959 0.8750000000
65033  41.971  -28.297  40.316 0.5000000000
65020  40.452  -28.604  41.261 0.8750000000
65052  41.634  -28.249  39.519 1.0000000000
65034  40.910  -28.454  40.293 1.0000000000
138887  40.064  -28.638  40.543 1.0000000000
150981  40.885  -28.339  39.397 1.0000000000
65053  40.046  -28.505  39.665 1.0000000000
65068  40.501  -28.250  38.786 1.0000000000
65069  39.640  -28.401  38.749 1.0000000000
67094  38.941  -26.875  37.083 1.0000000000
66120  39.599  -27.613  37.586 1.0000000000
67110  37.861  -26.587  35.977 0.7500000000
68083  38.149  -25.673  36.163 0.7500000000
61527  41.217  -31.315  47.329 0.5000000000
61536  40.671  -30.835  46.703 0.6250000000
62625  41.034  -29.742  46.230 0.6250000000
62626  40.245  -30.305  45.927 0.6250000000
62632  40.666  -29.350  45.393 0.7500000000
63808  42.056  -28.356  44.066 0.7500000000
148032  43.272  -28.159  41.692 0.5000000000
65004  42.606  -28.129  42.391 0.5000000000
65017  43.468  -28.094  40.832 0.5000000000
65032  42.911  -28.202  40.167 0.5000000000
65050  43.074  -28.050  39.721 0.5000000000
66085  42.066  -28.025  39.077 1.0000000000
66101  40.854  -27.851  38.306 1.0000000000
66119  40.448  -27.466  37.804 1.0000000000
67095  38.267  -26.403  36.561 0.8750000000
68070  38.830  -25.922  36.836 1.0000000000
68127  40.660  -25.980  33.493 0.1250000000
69153  39.019  -25.024  33.831 0.2500000000
136584  38.424  -25.134  34.420 0.5000000000
68098  38.024  -25.138  35.285 0.5000000000
148583  38.304  -24.769  36.143 0.8750000000
150594  38.387  -24.477  34.803 0.5000000000
62614  41.553  -30.330  46.909 0.3750000000
62631  41.648  -29.059  45.584 0.5000000000
63807  43.200  -28.529  44.060 0.3750000000
63797  42.390  -28.648  44.863 0.3750000000
64994  44.842  -28.612  43.386 0.2500000000
65001  45.440  -28.249  42.788 0.2500000000
64995  43.877  -28.467  43.301 0.3750000000
64996  42.887  -28.248  43.267 0.3750000000
66047  45.163  -28.114  41.925 0.2500000000
65002  44.533  -28.313  42.555 0.3750000000
65016  44.227  -28.125  41.547 0.5000000000
65031  43.566  -27.996  40.101 0.5000000000
66084  42.679  -27.923  39.550 0.7500000000
66099  42.002  -27.520  39.488 1.0000000000
67092  40.602  -26.917  37.847 1.0000000000
67093  40.020  -26.943  37.363 1.0000000000
139173  39.575  -26.319  37.185 1.0000000000
69108  39.073  -24.404  37.356 0.8750000000
68069  39.415  -25.506  37.392 1.0000000000
69123  38.400  -24.086  35.633 0.7500000000
68082  38.667  -25.012  36.778 0.8750000000
134697  41.089  -25.300  33.367 0.1250000000
139090  39.757  -24.815  33.541 0.1250000000
69142  38.750  -24.378  34.189 0.5000000000
68126  41.903  -25.193  33.391 0.1250000000
135622  40.365  -25.285  33.435 0.1250000000
62613  42.451  -29.942  47.096 0.2500000000
151377  46.696  -26.317  46.155 0.2500000000
66969  46.733  -26.889  46.006 0.2500000000
62623  43.039  -29.314  46.442 0.1250000000
63787  42.734  -29.056  45.630 0.1250000000
62624  42.052  -29.508  46.340 0.3750000000
66008  46.238  -28.352  45.132 0.2500000000
64976  46.135  -28.672  45.052 0.2500000000
63794  45.517  -28.996  44.891 0.2500000000
63795  44.512  -29.045  44.794 0.2500000000
66985  46.452  -26.773  45.195 0.2500000000
139469  46.254  -27.502  44.859 0.2500000000
64983  46.280  -28.568  44.694 0.2500000000
63796  43.462  -28.864  44.845 0.3750000000
146495  46.292  -26.626  44.565 0.2500000000
66022  46.193  -28.078  44.233 0.2500000000
64992  46.246  -28.327  43.925 0.2500000000
64985  45.213  -29.018  44.081 0.2500000000
66999  46.055  -27.031  44.163 0.2500000000
64993  45.739  -28.495  43.594 0.2500000000
63806  44.205  -28.875  44.025 0.2500000000
151991  46.182  -28.071  43.642 0.2500000000
66037  46.115  -28.054  43.128 0.2500000000
67014  45.959  -27.495  43.468 0.2500000000
66046  45.678  -27.814  42.381 0.2500000000
66059  44.841  -27.894  41.242 0.5000000000
66070  44.361  -27.410  40.947 0.5000000000
66071  43.805  -27.709  40.397 0.5000000000
67062  42.958  -26.885  40.215 0.7500000000
67063  42.192  -26.689  39.782 1.0000000000
68052  41.092  -25.958  38.992 1.0000000000
143133  40.698  -25.056  38.724 1.0000000000
69094  39.594  -24.661  37.893 1.0000000000
69109  38.591  -24.141  36.629 0.8750000000
70058  38.528  -23.161  35.429 0.5000000000
70041  38.605  -23.335  36.354 0.8750000000
70081  40.511  -23.638  33.279 0.1250000000
70074  39.058  -23.595  33.915 0.5000000000
70082  39.792  -23.204  33.543 0.1250000000
136669  46.647  -27.806  46.518 0.2500000000
67965  46.495  -25.850  45.424 0.2500000000
148238  46.444  -27.750  45.809 0.2500000000
64975  46.178  -28.284  45.354 0.2500000000
63785  44.761  -28.930  45.700 0.2500000000
67979  46.395  -25.790  44.588 0.2500000000
141423  46.053  -26.473  43.633 0.2500000000
67015  45.742  -27.415  42.717 0.2500000000
67028  45.597  -26.682  42.439 0.2500000000
66058  45.352  -27.567  41.824 0.3750000000
67041  45.431  -26.834  41.961 0.5000000000
66069  45.031  -27.359  41.476 0.5000000000
68051  41.845  -25.785  39.442 1.0000000000
143560  41.467  -24.883  39.191 1.0000000000
69093  40.205  -24.104  38.381 1.0000000000
70023  39.581  -23.745  37.798 1.0000000000
70040  38.955  -23.498  37.199 0.8750000000
70988  39.210  -22.646  33.880 0.3750000000
70975  38.656  -22.314  35.396 0.6250000000
69004  46.481  -24.775  44.612 0.2500000000
67990  46.315  -25.993  44.045 0.2500000000
67027  45.778  -26.517  43.060 0.2500000000
67052  44.249  -26.245  40.923 0.5000000000
68040  43.396  -25.787  40.334 0.7500000000
68041  42.571  -25.779  39.813 1.0000000000
70021  40.574  -23.121  38.665 1.0000000000
69079  41.135  -23.963  38.933 1.0000000000
136142  39.487  -22.908  37.601 1.0000000000
70974  38.911  -21.882  36.427 0.8750000000
71869  39.385  -22.003  37.420 1.0000000000
71895  38.863  -21.446  35.409 0.7500000000
142146  46.514  -24.823  43.969 0.2500000000
68012  45.972  -25.649  42.780 0.2500000000
68013  45.741  -25.807  42.314 0.5000000000
67051  44.973  -26.585  41.484 0.5000000000
150701  43.466  -24.709  40.320 1.0000000000
143485  42.092  -24.841  39.576 1.0000000000
69078  41.817  -24.066  39.301 1.0000000000
152789  41.577  -23.595  39.226 1.0000000000
153443  39.817  -22.437  37.965 1.0000000000
70943  40.253  -22.339  38.367 1.0000000000
154047  39.321  -21.469  36.935 1.0000000000
71904  39.047  -21.191  34.455 0.8750000000
71888  39.340  -20.930  36.409 1.0000000000
68002  46.254  -25.457  43.411 0.2500000000
68023  45.499  -25.754  41.873 0.5000000000
69057  44.916  -24.400  41.099 0.5000000000
150460  42.811  -24.810  39.884 1.0000000000
69067  42.441  -24.002  39.580 1.0000000000
70002  42.011  -23.292  39.393 1.0000000000
70930  41.624  -22.601  39.329 1.0000000000
137631  40.965  -22.246  38.886 1.0000000000
70010  41.253  -23.128  39.166 1.0000000000
70944  39.960  -21.693  38.038 1.0000000000
72863  40.345  -20.809  37.916 1.0000000000
71887  39.700  -21.146  37.397 1.0000000000
73831  39.530  -19.885  34.936 0.6250000000
72886  39.197  -20.616  35.293 0.7500000000
72916  39.606  -20.050  33.980 0.3750000000
73848  41.351  -19.481  32.398 0.1250000000
73840  40.808  -19.061  33.007 0.3750000000
69040  46.115  -24.911  42.502 0.2500000000
69056  45.546  -24.756  41.720 0.5000000000
134144  44.049  -22.207  40.467 1.0000000000
137336  44.388  -22.852  40.628 1.0000000000
69066  43.171  -23.978  40.068 1.0000000000
72813  44.499  -20.842  40.411 1.0000000000
71842  43.835  -21.435  40.250 1.0000000000
70920  43.442  -22.662  40.169 1.0000000000
70000  43.749  -23.336  40.352 1.0000000000
73758  44.723  -19.791  40.182 1.0000000000
143921  44.072  -20.089  39.963 1.0000000000
71843  43.221  -21.947  40.018 1.0000000000
135908  42.480  -22.497  39.670 1.0000000000
72827  43.690  -20.641  39.919 1.0000000000
72828  43.061  -21.085  39.691 1.0000000000
71844  42.498  -21.703  39.615 1.0000000000
73770  44.923  -18.833  39.875 1.0000000000
154116  43.248  -20.468  39.581 1.0000000000
72845  42.698  -20.253  39.141 1.0000000000
72829  42.159  -21.105  39.232 1.0000000000
71852  41.323  -21.265  38.788 1.0000000000
71851  41.732  -21.880  39.343 1.0000000000
73784  43.589  -18.899  39.172 1.0000000000
72846  41.820  -20.413  38.642 1.0000000000
73785  42.942  -19.355  38.811 1.0000000000
73786  42.246  -19.589  38.420 1.0000000000
72861  41.555  -19.765  38.013 1.0000000000
72847  41.054  -20.604  38.235 1.0000000000
72876  40.857  -19.511  37.146 1.0000000000
72877  40.103  -20.169  37.129 1.0000000000
74794  41.164  -18.796  35.795 0.8750000000
73808  40.533  -19.411  36.428 0.8750000000
72885  39.716  -19.993  35.986 0.7500000000
74810  40.589  -18.789  33.854 0.3750000000
73830  40.031  -19.306  34.409 0.5000000000
73863  41.952  -19.040  31.962 0.1250000000
74809  41.282  -18.408  33.439 0.5000000000
73841  40.202  -19.554  33.491 0.3750000000
69995  44.717  -23.540  40.875 0.8750000000
71836  44.654  -21.846  40.681 1.0000000000
154699  44.791  -22.483  40.838 1.0000000000
72812  45.396  -20.424  40.767 1.0000000000
73793  42.588  -18.958  38.168 1.0000000000
74756  43.155  -18.588  38.444 1.0000000000
74769  42.666  -18.358  37.594 1.0000000000
73794  41.443  -19.291  37.376 1.0000000000
146933  42.177  -18.495  37.029 1.0000000000
73806  41.837  -18.750  36.892 1.0000000000
131730  41.994  -18.354  35.697 0.8750000000
138486  41.433  -18.399  35.127 0.7500000000
75787  42.716  -17.659  31.833 0.3750000000
74817  42.137  -18.192  32.253 0.2500000000
75775  41.884  -17.912  33.066 0.6250000000
74707  48.185  -17.855  41.639 0.7500000000
73741  47.281  -19.403  41.593 0.8750000000
74708  47.482  -18.292  41.283 0.8750000000
75679  47.764  -17.304  40.986 0.8750000000
74725  47.099  -17.850  40.718 0.8750000000
75696  47.065  -17.165  40.421 0.8750000000
128455  46.121  -18.798  40.353 1.0000000000
73756  46.066  -19.645  40.765 1.0000000000
71835  45.286  -21.513  41.018 0.8750000000
74726  46.456  -17.918  40.238 0.8750000000
74742  45.155  -17.976  39.616 1.0000000000
74743  44.363  -18.432  39.407 1.0000000000
74755  43.856  -18.112  38.808 1.0000000000
74768  43.421  -17.853  38.082 1.0000000000
75729  43.754  -17.259  37.859 1.0000000000
75730  43.134  -17.493  37.265 1.0000000000
74782  42.454  -18.020  36.769 1.0000000000
75739  42.803  -17.519  36.440 1.0000000000
74783  42.142  -18.417  36.385 1.0000000000
75749  42.899  -17.253  35.747 1.0000000000
130504  42.628  -17.525  35.143 0.8750000000
74793  42.015  -17.956  34.895 0.8750000000
135521  42.975  -16.932  35.102 0.7500000000
75767  41.813  -17.808  33.936 0.6250000000
75786  43.367  -17.088  31.440 0.3750000000
75773  43.112  -16.841  32.345 0.3750000000
75765  43.045  -16.821  33.321 0.6250000000
75766  42.408  -17.368  33.612 0.6250000000
76632  47.635  -16.540  40.630 0.8750000000
76633  46.981  -16.587  40.172 0.8750000000
74741  45.923  -17.610  39.712 0.8750000000
75717  45.683  -16.777  39.090 1.0000000000
75706  46.022  -17.053  39.507 0.8750000000
75707  45.419  -17.307  39.325 1.0000000000
76651  45.899  -16.285  38.821 1.0000000000
75718  44.938  -17.030  38.781 1.0000000000
76660  44.832  -16.315  37.812 1.0000000000
130711  44.163  -16.287  37.144 1.0000000000
132295  43.929  -16.138  36.092 1.0000000000
76684  43.544  -16.468  34.737 0.7500000000
75748  43.455  -16.591  35.572 1.0000000000
76689  44.349  -16.003  33.443 0.6250000000
76690  43.680  -16.440  33.868 0.6250000000
75758  42.915  -16.937  34.326 0.7500000000
77679  46.670  -14.797  31.584 0.8750000000
77687  45.954  -15.173  30.939 0.7500000000
76708  45.322  -15.552  31.361 0.3750000000
76709  44.641  -15.997  31.720 0.6250000000
76698  43.770  -16.391  32.949 0.5000000000
77696  47.272  -15.562  29.419 0.3750000000
77697  46.711  -15.472  29.865 0.7500000000
76718  44.108  -16.589  31.126 0.3750000000
77707  48.022  -16.023  28.845 0.2500000000
77706  48.609  -15.515  28.547 0.2500000000
137763  49.294  -15.767  28.225 0.2500000000
77705  49.138  -15.085  28.035 0.5000000000
151330  47.340  -16.287  40.345 0.8750000000
77599  47.636  -15.621  40.242 0.7500000000
76642  47.099  -16.077  39.996 0.8750000000
76643  46.397  -16.541  39.557 0.8750000000
77612  46.531  -15.899  39.253 0.8750000000
76659  45.382  -16.059  38.068 1.0000000000
77626  44.854  -15.874  37.293 1.0000000000
77625  45.467  -15.467  37.471 1.0000000000
77633  45.085  -15.414  36.558 1.0000000000
77651  44.598  -15.605  34.666 0.8750000000
76675  44.042  -16.102  35.156 0.8750000000
77659  45.582  -15.069  33.281 0.8750000000
77669  45.083  -15.496  32.985 0.6250000000
77660  44.816  -15.535  33.808 0.7500000000
76683  44.172  -16.062  34.281 0.8750000000
78736  47.621  -14.590  32.023 1.0000000000
77668  45.838  -14.942  32.529 0.8750000000
76697  44.505  -15.934  32.593 0.5000000000
78744  47.468  -14.629  30.890 0.8750000000
77678  47.161  -14.735  31.394 0.8750000000
77680  45.970  -14.931  31.827 0.6250000000
78755  47.435  -14.770  29.881 0.6250000000
78754  48.047  -14.358  29.506 0.6250000000
79808  48.701  -13.847  29.029 0.8750000000
78764  49.224  -14.276  28.184 0.8750000000
78773  49.782  -14.735  27.584 0.5000000000
78772  50.408  -14.461  27.274 0.3750000000
78619  48.693  -15.032  40.856 0.7500000000
78627  47.643  -15.190  39.929 0.8750000000
77611  47.177  -15.518  39.631 0.8750000000
78635  47.395  -14.833  39.370 0.8750000000
77619  46.689  -15.059  38.804 1.0000000000
77620  45.998  -15.665  38.397 1.0000000000
138664  47.255  -14.355  38.698 1.0000000000
78646  46.127  -14.865  37.681 1.0000000000
142985  45.675  -14.843  36.631 1.0000000000
78672  46.248  -14.492  34.909 1.0000000000
136118  45.425  -14.901  35.599 1.0000000000
79736  50.121  -13.646  34.765 1.0000000000
79746  49.317  -13.872  34.316 1.0000000000
78670  48.233  -14.047  34.321 1.0000000000
78689  46.621  -14.545  33.994 1.0000000000
77641  45.712  -14.793  34.520 1.0000000000
77650  45.270  -15.137  34.158 0.8750000000
79735  50.894  -13.471  34.913 1.0000000000
79744  50.650  -13.894  34.322 1.0000000000
78686  49.571  -14.094  33.626 1.0000000000
78702  48.750  -14.314  33.109 1.0000000000
78688  47.633  -14.434  33.741 1.0000000000
77658  46.466  -14.736  32.788 1.0000000000
147797  49.386  -14.131  33.081 1.0000000000
78719  48.749  -14.260  32.656 1.0000000000
78720  48.073  -14.542  32.603 1.0000000000
77657  47.345  -14.637  32.501 1.0000000000
78718  49.541  -14.001  32.726 0.8750000000
145096  48.659  -14.085  31.956 0.8750000000
78743  48.120  -14.224  31.302 0.8750000000
79821  49.951  -13.877  27.634 0.7500000000
79814  49.421  -13.485  28.442 0.8750000000
132157  49.095  -14.402  41.023 0.6250000000
78625  48.591  -14.165  40.402 0.7500000000
80738  50.000  -12.656  40.335 0.6250000000
78634  47.931  -14.498  39.834 0.6250000000
79692  48.407  -13.531  39.484 1.0000000000
79703  48.383  -13.160  38.475 0.8750000000
79704  47.648  -13.593  38.135 1.0000000000
78645  46.602  -14.100  36.599 1.0000000000
80799  51.435  -12.826  36.569 0.5000000000
79711  48.450  -13.099  37.439 1.0000000000
79712  47.612  -13.500  37.023 1.0000000000
78656  46.063  -14.461  35.803 1.0000000000
79709  52.315  -12.809  37.020 0.6250000000
80800  50.662  -12.957  36.338 1.0000000000
148484  49.635  -13.392  35.420 1.0000000000
79724  48.756  -13.229  36.264 1.0000000000
78655  46.873  -14.073  35.414 1.0000000000
79721  51.977  -13.047  36.008 0.6250000000
153931  49.519  -13.599  34.855 1.0000000000
79737  48.726  -13.594  35.095 1.0000000000
79738  47.745  -13.939  35.031 1.0000000000
78671  47.214  -14.281  34.488 1.0000000000
79734  51.642  -13.376  35.077 0.7500000000
78669  51.294  -13.779  34.374 0.8750000000
142117  50.977  -14.056  33.964 0.7500000000
131789  50.963  -14.016  33.451 0.7500000000
78717  50.484  -13.872  32.881 0.7500000000
78742  49.072  -13.697  31.422 0.7500000000
154090  50.793  -12.820  27.393 0.6250000000
80874  50.621  -12.415  27.914 0.7500000000
79813  49.997  -12.971  28.057 0.8750000000
145001  53.959  -12.207  38.627 0.5000000000
80755  49.948  -12.459  39.328 0.7500000000
80756  49.254  -12.712  38.761 0.8750000000
80754  51.745  -11.998  38.884 0.5000000000
132729  50.863  -12.198  38.851 0.5000000000
134878  52.997  -12.633  37.567 0.5000000000
80776  53.006  -12.307  38.285 0.5000000000
80777  52.253  -12.233  38.385 0.5000000000
80778  51.622  -12.337  38.188 0.5000000000
80779  50.813  -12.448  37.878 0.6250000000
80781  49.223  -12.796  37.753 0.8750000000
80793  51.587  -12.615  37.427 0.6250000000
80795  50.086  -12.912  37.102 0.8750000000
79710  49.300  -13.020  36.957 0.8750000000
79720  52.916  -13.049  36.452 0.3750000000
80794  50.864  -12.665  37.084 0.7500000000
79723  49.858  -13.178  36.266 1.0000000000
79733  52.479  -13.385  35.395 0.5000000000
78684  51.571  -13.967  33.816 0.6250000000
78700  51.830  -13.968  33.283 0.6250000000
131114  51.311  -13.921  33.007 0.7500000000
78734  51.172  -13.553  32.383 0.7500000000
79779  51.215  -13.197  31.609 0.7500000000
79780  50.230  -13.353  31.621 0.7500000000
79793  51.932  -12.938  31.073 0.8750000000
79794  50.770  -12.942  30.861 0.8750000000
79795  49.648  -13.241  30.604 1.0000000000
80841  51.359  -12.468  30.229 0.8750000000
79806  50.282  -12.709  29.758 1.0000000000
79807  49.298  -13.238  29.446 1.0000000000
80866  52.469  -11.541  28.894 0.8750000000
81872  51.789  -11.731  28.895 1.0000000000
80860  51.727  -12.032  29.607 0.8750000000
80861  49.753  -12.832  28.816 1.0000000000
138300  51.151  -11.851  28.158 1.0000000000
81878  51.614  -11.590  28.034 0.8750000000
80881  51.368  -12.671  26.572 0.3750000000
80791  53.804  -12.590  37.863 0.3750000000
80775  54.744  -12.624  38.060 0.3750000000
135218  53.520  -12.859  37.197 0.3750000000
79719  53.899  -13.274  36.610 0.3750000000
79732  53.344  -13.490  35.758 0.5000000000
78667  53.038  -13.744  34.818 0.5000000000
78668  52.173  -13.761  34.376 0.5000000000
78683  52.431  -13.935  33.538 0.6250000000
78682  53.069  -13.984  33.883 0.6250000000
78716  52.065  -13.844  32.813 0.6250000000
78699  52.728  -13.899  32.996 0.6250000000
79777  52.719  -13.266  31.687 0.6250000000
79778  51.907  -13.333  31.828 0.7500000000
79791  53.815  -12.874  31.049 0.7500000000
80839  54.063  -12.457  30.544 0.8750000000
80840  52.364  -12.360  30.363 0.8750000000
151887  53.746  -12.133  30.188 0.8750000000
80859  52.545  -11.902  29.702 0.8750000000
81871  53.250  -11.314  28.773 0.8750000000
80790  55.425  -12.947  37.711 0.3750000000
79707  55.695  -13.357  37.250 0.3750000000
79708  54.573  -13.006  37.369 0.3750000000
79718  54.929  -13.569  36.670 0.3750000000
79731  54.237  -13.703  35.916 0.3750000000
146942  53.740  -14.113  34.422 0.5000000000
129071  53.924  -14.245  33.460 0.6250000000
78698  53.382  -13.994  33.120 0.6250000000
78697  54.180  -14.258  32.763 0.6250000000
78732  53.290  -13.658  32.157 0.6250000000
78731  54.012  -13.966  32.099 0.6250000000
79776  53.570  -13.368  31.612 0.6250000000
79775  54.247  -13.549  31.610 0.7500000000
78730  54.692  -14.107  32.147 0.6250000000
80838  54.753  -12.480  30.542 0.7500000000
79790  54.499  -12.972  31.071 0.7500000000
80856  55.086  -12.029  30.102 0.8750000000
81870  54.841  -11.346  29.174 0.8750000000
146664  54.459  -14.155  35.127 0.3750000000
78681  54.601  -14.484  34.143 0.5000000000
78696  55.268  -14.860  33.080 0.3750000000
129432  54.714  -14.594  33.199 0.6250000000
78712  55.286  -14.635  32.680 0.5000000000
149647  54.789  -14.522  32.706 0.6250000000
78729  55.598  -14.222  32.202 0.3750000000
78728  56.611  -14.270  32.214 0.3750000000
139765  56.977  -13.070  31.082 0.3750000000
79789  55.231  -12.965  31.070 0.7500000000
79773  55.861  -13.603  31.624 0.7500000000
80836  56.474  -12.425  30.588 0.5000000000
80854  56.916  -11.840  30.167 0.7500000000
81863  55.420  -11.542  29.639 0.7500000000
81862  56.317  -11.234  29.618 0.6250000000
81869  55.590  -11.009  29.059 0.8750000000
148219  56.367  -14.896  32.803 0.2500000000
79752  58.591  -13.902  33.102 0.1250000000
79753  58.148  -14.366  33.457 0.1250000000
79760  58.839  -14.033  32.458 0.1250000000
147863  57.465  -14.175  32.150 0.1250000000
79771  58.933  -14.011  31.809 0.2500000000
80835  57.660  -12.695  30.753 0.5000000000
138114  56.070  -15.170  33.323 0.2500000000
78678  57.448  -15.114  34.150 0.1250000000
132874  57.829  -14.359  34.011 0.1250000000
78694  57.738  -14.919  33.449 0.1250000000
78695  57.052  -15.350  33.466 0.2500000000
80809  57.981  -13.453  33.641 0.1250000000
81842  57.187  -11.270  32.751 0.1250000000
80817  58.584  -12.985  33.227 0.1250000000
82791  56.673  -10.515  32.616 0.1250000000
147365  58.999  -12.546  32.828 0.2500000000
79759  59.511  -13.809  32.089 0.2500000000
148541  4.252  -57.813  54.505 0.6250000000
144791  5.438  -54.394  55.792 0.6250000000
36454  3.905  -54.269  54.041 0.2500000000
151450  4.635  -57.577  54.544 0.5000000000
34180  3.600  -57.163  52.981 0.2500000000
30684  4.695  -58.896  54.505 0.3750000000
146144  5.245  -60.450  54.065 0.2500000000
150713  3.916  -59.927  54.107 0.3750000000
29536  3.983  -60.617  54.236 0.3750000000
30686  4.064  -59.361  54.284 0.3750000000
30701  3.464  -59.885  53.487 0.3750000000
30714  3.204  -59.975  53.020 0.3750000000
145667  6.670  -52.134  56.289 0.6250000000
31856  5.467  -57.501  54.310 0.6250000000
151826  4.205  -55.865  52.317 0.2500000000
31853  3.964  -58.887  54.245 0.3750000000
31846  4.438  -58.381  54.522 0.5000000000
37606  4.812  -53.649  51.939 0.2500000000
36494  5.052  -55.110  51.259 0.2500000000
37619  5.186  -54.128  51.381 0.2500000000
37605  5.283  -53.240  51.636 0.2500000000
36476  4.673  -55.157  51.682 0.2500000000
141788  7.312  -54.505  53.788 0.8750000000
36463  7.649  -54.969  53.033 0.5000000000
35350  4.404  -56.060  51.786 0.2500000000
34217  4.560  -56.536  51.339 0.2500000000
34178  7.038  -56.911  52.706 0.3750000000
35367  10.642  -55.453  50.714 0.1250000000
35348  9.478  -56.146  51.130 0.1250000000
35335  8.080  -55.456  52.115 0.5000000000
34186  8.117  -56.413  51.826 0.2500000000
40787  8.109  -50.749  55.282 0.7500000000
132989  7.515  -51.864  55.038 1.0000000000
38719  7.740  -52.148  54.459 1.0000000000
139471  7.907  -53.253  53.535 0.8750000000
37595  8.339  -53.619  52.750 0.7500000000
40824  10.574  -50.690  51.045 0.6250000000
39757  11.664  -51.464  49.985 0.2500000000
41882  9.003  -49.039  55.487 0.7500000000
147819  8.466  -50.773  54.572 0.7500000000
134844  8.681  -50.113  54.803 0.7500000000
39724  8.600  -51.148  53.983 0.7500000000
39732  8.267  -51.781  54.037 0.8750000000
41954  11.641  -49.888  50.281 0.5000000000
40830  12.131  -50.871  49.748 0.5000000000
41948  10.970  -49.330  51.421 0.7500000000
40817  10.535  -50.067  51.745 0.7500000000
133259  10.169  -47.117  56.044 0.6250000000
42934  9.696  -47.635  56.435 0.5000000000
41881  9.392  -48.744  54.848 0.8750000000
41880  9.992  -48.212  54.414 0.8750000000
43066  12.887  -48.622  49.507 0.3750000000
41963  12.278  -49.204  49.757 0.3750000000
43042  11.656  -48.035  51.195 0.7500000000
45257  13.552  -46.650  49.355 0.3750000000
44061  11.096  -46.380  55.248 0.6250000000
44073  11.045  -46.604  54.368 0.8750000000
42990  10.726  -48.075  53.453 0.8750000000
138202  10.926  -48.226  52.866 1.0000000000
43016  10.819  -48.648  52.242 0.8750000000
46312  13.659  -45.868  49.489 0.5000000000
44085  11.608  -46.313  53.216 1.0000000000
44103  11.938  -46.527  52.421 0.8750000000
45226  12.447  -45.842  52.255 1.0000000000
46306  13.358  -45.476  50.429 0.7500000000
46297  13.828  -44.784  50.856 0.8750000000
47449  14.344  -44.308  50.356 0.8750000000
46271  13.949  -43.959  55.028 0.7500000000
132952  13.675  -44.382  52.764 0.8750000000
47407  15.651  -43.509  53.630 0.8750000000
48595  16.114  -43.470  49.503 0.8750000000
48578  16.351  -42.987  50.322 1.0000000000
49676  26.521  -42.575  45.510 0.3750000000
48629  26.541  -43.054  46.123 0.1250000000
48630  25.314  -43.846  46.651 0.3750000000
47494  23.936  -44.451  46.357 0.5000000000
48631  24.270  -43.768  45.806 0.5000000000
47479  24.290  -44.688  47.075 0.1250000000
141273  25.206  -43.685  45.948 0.5000000000
50605  26.297  -41.822  45.108 0.3750000000
49677  25.715  -42.583  45.158 0.6250000000
48641  25.046  -43.187  45.392 0.7500000000
48594  17.721  -42.795  49.623 0.8750000000
47470  17.303  -44.196  48.586 0.7500000000
52758  26.648  -39.397  45.106 0.3750000000
134869  26.787  -41.000  45.023 0.3750000000
54034  26.078  -38.793  45.477 0.5000000000
52759  25.850  -39.523  45.132 0.6250000000
143244  25.974  -40.981  44.919 0.3750000000
51560  24.770  -40.398  45.531 0.7500000000
50587  24.025  -40.917  45.822 0.7500000000
48535  18.282  -43.002  52.114 0.8750000000
49603  19.375  -42.504  50.665 0.8750000000
48576  18.252  -42.527  50.330 0.8750000000
49633  21.141  -42.072  48.274 0.6250000000
49635  19.506  -42.364  48.841 0.7500000000
49652  20.562  -42.603  47.649 0.6250000000
49651  21.270  -42.369  47.334 0.7500000000
48621  19.785  -43.768  47.533 0.7500000000
137398  22.947  -41.308  46.806 0.7500000000
56351  26.603  -36.616  46.459 0.7500000000
56352  26.045  -36.847  46.777 0.8750000000
55171  25.614  -37.439  46.938 0.8750000000
52744  24.791  -39.660  46.162 0.7500000000
48574  19.558  -42.643  51.242 0.8750000000
49617  21.923  -41.750  48.887 0.7500000000
56334  26.209  -36.180  46.971 0.7500000000
57322  26.263  -35.375  48.480 0.8750000000
55155  25.172  -37.398  47.877 0.8750000000
56234  34.076  -35.762  56.385 0.5000000000
58212  30.730  -34.366  57.116 0.7500000000
55077  35.722  -35.707  55.354 0.6250000000
137895  35.714  -36.063  56.384 0.6250000000
55088  35.441  -35.457  54.233 0.7500000000
56246  34.209  -35.503  55.451 0.7500000000
56260  34.902  -35.417  54.978 0.6250000000
57230  32.655  -34.871  56.400 0.8750000000
57242  32.952  -34.853  55.419 0.7500000000
58222  31.021  -34.093  56.412 0.8750000000
58221  32.061  -34.338  55.947 1.0000000000
57243  28.684  -34.580  56.011 0.8750000000
58224  29.447  -34.199  56.287 0.8750000000
56248  28.138  -34.982  56.293 0.8750000000
56237  27.682  -35.414  56.695 0.6250000000
55079  26.703  -36.220  55.654 0.8750000000
147812  26.319  -36.664  55.414 0.7500000000
53897  25.902  -37.135  55.159 0.7500000000
53898  25.430  -37.533  54.511 0.8750000000
55099  36.257  -35.801  53.269 0.7500000000
150795  35.758  -35.585  53.497 0.8750000000
56275  34.444  -35.170  53.708 0.8750000000
56261  34.271  -35.299  54.551 0.7500000000
57251  33.180  -34.676  54.561 1.0000000000
58246  31.618  -33.735  54.602 1.0000000000
57252  28.426  -34.497  55.364 1.0000000000
57253  27.868  -34.780  54.724 0.8750000000
56262  27.342  -35.402  55.028 0.8750000000
55101  26.150  -36.145  54.555 0.8750000000
53908  25.102  -37.865  53.931 0.8750000000
49586  20.689  -41.936  50.914 0.8750000000
132325  36.509  -36.055  52.576 0.7500000000
55100  35.697  -35.713  52.639 0.7500000000
56283  35.159  -35.511  52.184 0.8750000000
56284  34.619  -35.140  52.766 0.8750000000
58245  32.520  -34.110  54.127 1.0000000000
129186  29.809  -33.548  54.512 1.0000000000
58264  28.159  -34.190  53.787 1.0000000000
57269  26.940  -35.095  53.957 0.8750000000
55111  24.978  -36.760  52.910 0.8750000000
52655  24.462  -38.331  52.589 0.8750000000
50524  23.217  -40.840  50.359 0.8750000000
137590  22.879  -41.986  51.695 0.8750000000
49585  21.594  -42.028  50.821 0.8750000000
55120  35.300  -36.509  50.796 1.0000000000
55110  35.545  -36.035  51.674 1.0000000000
57287  34.023  -34.759  52.314 0.8750000000
57275  33.333  -34.300  52.860 0.8750000000
58261  31.617  -33.517  53.676 1.0000000000
58260  32.570  -33.947  53.317 1.0000000000
150099  29.863  -33.283  53.100 1.0000000000
131811  30.822  -33.458  54.309 1.0000000000
58276  27.825  -34.176  52.912 1.0000000000
57277  26.885  -34.581  53.012 0.8750000000
56285  25.487  -35.778  52.760 0.8750000000
56276  26.172  -35.283  53.445 0.8750000000
53927  24.444  -38.075  51.663 0.8750000000
52656  24.251  -38.977  51.714 0.8750000000
52675  23.881  -39.513  50.892 0.8750000000
50538  23.469  -41.041  49.691 0.8750000000
49601  22.135  -42.140  50.014 0.7500000000
56301  34.290  -35.665  50.820 1.0000000000
56293  34.977  -35.880  51.218 1.0000000000
55130  35.014  -36.975  49.941 1.0000000000
58273  32.417  -33.859  52.512 1.0000000000
144867  32.092  -33.898  51.845 1.0000000000
131810  30.914  -33.250  52.955 1.0000000000
58292  30.362  -33.442  51.587 1.0000000000
56294  25.355  -35.570  51.042 0.8750000000
55122  24.559  -37.149  51.125 0.7500000000
55121  24.539  -37.103  52.024 0.8750000000
52695  24.209  -39.097  49.989 0.7500000000
152585  23.992  -39.388  50.503 0.8750000000
51501  23.642  -40.957  49.159 0.7500000000
55151  34.177  -37.759  48.219 1.0000000000
56310  34.299  -36.666  49.411 1.0000000000
56320  33.897  -36.981  48.465 1.0000000000
142458  33.394  -35.401  49.418 1.0000000000
57309  33.596  -35.263  50.364 0.8750000000
57298  32.999  -34.609  50.862 0.8750000000
58291  31.381  -33.780  51.407 1.0000000000
58290  32.255  -34.101  51.188 1.0000000000
58293  29.194  -33.464  51.839 1.0000000000
58295  27.610  -34.053  51.420 1.0000000000
57289  25.878  -34.848  51.529 1.0000000000
56303  24.891  -36.336  50.544 0.7500000000
51512  23.749  -40.400  48.747 0.7500000000
55183  33.865  -37.528  46.746 1.0000000000
152477  34.330  -38.133  46.710 1.0000000000
54010  34.879  -38.424  46.222 1.0000000000
55207  34.653  -38.124  45.355 1.0000000000
56347  33.518  -36.675  46.781 1.0000000000
56331  33.546  -36.364  47.712 1.0000000000
57321  32.844  -34.830  48.894 1.0000000000
58311  31.531  -33.908  50.607 1.0000000000
58330  31.693  -33.903  49.857 0.8750000000
59377  29.081  -33.630  50.235 0.8750000000
58313  29.440  -33.588  50.996 1.0000000000
59376  29.913  -33.508  50.140 0.8750000000
58314  27.371  -34.191  50.494 1.0000000000
57312  26.003  -35.195  49.541 0.8750000000
56313  25.085  -36.524  49.509 0.8750000000
53977  24.713  -38.167  48.378 0.7500000000
52712  24.364  -39.022  48.884 0.7500000000
57332  33.306  -35.559  47.849 0.8750000000
137046  33.132  -35.341  45.826 0.8750000000
58348  32.964  -34.869  48.015 0.8750000000
59388  31.847  -33.798  48.494 0.8750000000
58349  32.389  -34.285  48.268 0.8750000000
59389  31.470  -33.647  49.098 0.8750000000
59390  30.086  -33.371  49.184 0.8750000000
59391  29.214  -33.468  49.434 0.8750000000
58332  27.300  -34.297  49.609 0.8750000000
59393  27.821  -33.841  49.212 0.8750000000
58333  26.728  -34.793  49.079 0.8750000000
56369  33.400  -36.311  44.909 1.0000000000
57352  32.749  -34.777  46.304 0.8750000000
58374  32.202  -34.147  46.388 0.8750000000
59418  31.265  -33.383  47.159 0.8750000000
58362  32.463  -34.364  47.264 0.8750000000
59407  29.349  -33.299  48.454 0.8750000000
59408  27.790  -33.756  48.428 0.8750000000
58351  26.875  -34.748  48.022 0.7500000000
52650  38.268  -37.555  51.393 0.8750000000
53924  36.950  -36.925  51.214 0.7500000000
53925  36.268  -37.051  50.713 0.8750000000
53938  35.871  -38.012  50.219 1.0000000000
53951  36.258  -38.736  49.841 0.8750000000
53990  35.516  -38.666  47.649 1.0000000000
53973  34.694  -38.347  47.935 1.0000000000
55166  34.148  -37.994  47.395 1.0000000000
54009  35.374  -38.564  46.808 1.0000000000
140834  35.786  -38.569  46.154 1.0000000000
52707  36.941  -39.266  48.588 1.0000000000
55232  35.106  -38.060  44.389 0.8750000000
55248  35.274  -37.753  43.113 0.8750000000
55289  35.803  -38.117  40.527 0.7500000000
52722  38.293  -39.270  47.781 0.8750000000
55181  39.888  -38.148  45.947 0.8750000000
147481  39.528  -36.886  45.292 0.8750000000
56390  38.536  -36.468  44.233 1.0000000000
57398  37.815  -35.973  43.803 1.0000000000
62669  35.969  -30.979  42.010 1.0000000000
65089  36.475  -29.194  37.534 0.7500000000
65087  37.681  -28.357  37.619 1.0000000000
63810  40.290  -29.283  43.823 0.8750000000
63833  38.249  -29.610  41.521 1.0000000000
66103  39.214  -28.228  38.041 1.0000000000
66121  38.465  -27.832  37.432 1.0000000000
66144  37.392  -27.806  36.282 0.7500000000
63820  40.409  -29.110  42.926 0.8750000000
65035  39.325  -28.812  40.301 1.0000000000
65051  42.475  -28.154  39.594 0.8750000000
65067  41.281  -28.066  38.889 1.0000000000
66102  40.122  -28.121  38.080 1.0000000000
65003  43.553  -28.260  42.473 0.5000000000
66060  44.140  -27.873  40.680 0.5000000000
149598  43.266  -27.715  40.028 0.5000000000
144191  42.660  -27.477  39.859 1.0000000000
66100  41.289  -27.544  38.869 1.0000000000
66118  40.888  -27.261  38.190 1.0000000000
68128  39.687  -25.733  33.624 0.2500000000
67075  41.456  -26.736  39.298 1.0000000000
68067  40.498  -26.219  38.320 1.0000000000
67076  40.960  -26.888  38.468 1.0000000000
68068  40.023  -26.369  37.616 1.0000000000
143155  39.901  -25.419  38.154 1.0000000000
69152  40.611  -24.514  33.323 0.1250000000
69141  39.227  -24.351  33.768 0.3750000000
129015  39.781  -24.011  33.493 0.1250000000
132912  38.564  -23.751  34.684 0.6250000000
63786  43.758  -29.079  45.647 0.2500000000
64984  46.040  -28.740  44.347 0.2500000000
66083  43.700  -27.084  40.461 0.6250000000
70075  38.719  -22.908  34.543 0.5000000000
70960  38.901  -22.675  36.921 0.8750000000
70022  40.003  -23.099  38.108 1.0000000000
70961  38.656  -22.649  36.121 1.0000000000
70989  38.844  -22.031  34.471 0.5000000000
68030  44.975  -25.450  41.322 0.5000000000
68039  44.169  -25.074  40.769 0.7500000000
70001  42.864  -23.261  39.808 1.0000000000
71868  40.582  -21.478  38.411 1.0000000000
72901  39.300  -20.511  34.448 0.5000000000
73818  40.185  -19.263  35.413 0.6250000000
72925  40.665  -19.927  32.773 0.3750000000
73757  45.485  -19.294  40.306 1.0000000000
73771  44.154  -19.303  39.695 1.0000000000
74727  45.706  -18.387  39.969 1.0000000000
73772  43.470  -19.853  39.488 1.0000000000
146431  42.071  -19.015  37.619 1.0000000000
72862  40.911  -20.013  37.676 1.0000000000
73807  41.324  -19.009  36.693 1.0000000000
74802  40.692  -18.720  34.819 0.5000000000
74784  41.801  -18.681  36.270 1.0000000000
74801  41.270  -18.308  34.323 0.6250000000
74818  41.527  -18.660  32.650 0.2500000000
153617  42.335  -17.964  35.431 1.0000000000
75774  42.490  -17.415  32.708 0.5000000000
74690  48.590  -18.323  42.355 0.6250000000
74754  44.649  -17.660  39.111 1.0000000000
75719  44.190  -17.416  38.464 1.0000000000
130143  43.748  -16.894  37.388 1.0000000000
75728  44.421  -16.776  38.019 1.0000000000
75738  43.416  -16.853  36.538 1.0000000000
75759  42.389  -17.498  34.394 0.7500000000
76710  43.830  -16.347  32.005 0.5000000000
75797  43.806  -17.486  30.647 0.1250000000
76652  45.230  -16.541  38.448 1.0000000000
76674  44.474  -15.702  35.547 1.0000000000
77686  46.574  -15.088  30.646 0.7500000000
76717  45.381  -16.028  30.523 0.3750000000
147500  44.791  -16.173  30.984 0.3750000000
76696  45.229  -15.409  32.189 0.6250000000
77695  47.828  -15.084  29.048 0.6250000000
76728  47.553  -16.422  29.114 0.3750000000
77685  47.000  -14.991  30.342 0.6250000000
76716  46.148  -15.843  29.988 0.6250000000
78765  48.517  -14.657  28.685 0.7500000000
78626  48.108  -15.089  40.359 0.7500000000
142210  44.872  -15.422  35.837 1.0000000000
77642  45.025  -15.253  35.050 1.0000000000
77649  46.077  -14.734  33.587 1.0000000000
77666  47.248  -14.627  32.030 1.0000000000
147081  47.641  -14.576  32.263 1.0000000000
138962  48.095  -14.473  32.311 1.0000000000
78735  48.093  -14.432  31.997 0.8750000000
135538  47.653  -14.573  31.650 1.0000000000
77667  46.689  -14.698  32.190 1.0000000000
144882  47.850  -14.341  30.378 0.7500000000
78640  46.956  -14.232  37.842 1.0000000000
128534  50.426  -13.275  35.528 1.0000000000
79722  51.174  -13.095  35.688 1.0000000000
78687  48.610  -14.220  33.651 1.0000000000
78704  47.032  -14.642  33.219 1.0000000000
78685  50.424  -14.090  33.822 1.0000000000
78703  47.953  -14.631  33.092 1.0000000000
78701  50.102  -14.025  33.269 0.7500000000
141017  48.728  -14.161  32.316 0.8750000000
137874  49.668  -13.791  32.253 0.8750000000
79796  48.558  -13.753  30.266 0.8750000000
79676  49.362  -13.574  40.783 0.5000000000
79691  49.133  -13.066  39.931 0.7500000000
80792  52.323  -12.535  37.819 0.5000000000
79725  47.670  -13.623  35.869 1.0000000000
80873  51.042  -12.277  27.363 0.6250000000
130171  50.169  -12.419  38.508 0.8750000000
151584  52.939  -12.812  37.095 0.3750000000
80780  50.000  -12.551  37.862 0.8750000000
79792  52.998  -12.779  31.034 0.8750000000
148854  50.944  -12.206  29.457 0.8750000000
80858  53.373  -11.797  29.704 0.8750000000
137172  51.056  -11.907  28.806 1.0000000000
80867  50.358  -12.381  28.767 1.0000000000
81881  51.497  -11.661  26.984 0.7500000000
154117  53.719  -13.824  35.218 0.5000000000
78715  52.887  -13.746  32.610 0.6250000000
78714  53.627  -13.938  32.551 0.6250000000
134742  53.297  -12.315  30.369 0.8750000000
80857  54.261  -12.025  30.073 0.8750000000
136481  54.089  -11.534  29.436 0.8750000000
79774  54.977  -13.585  31.623 0.7500000000
80837  55.531  -12.417  30.553 0.7500000000
81864  54.750  -11.741  29.721 0.8750000000
81875  54.901  -10.825  28.492 0.8750000000
78711  57.439  -14.747  32.785 0.2500000000
79772  56.819  -13.624  31.603 0.2500000000
79788  56.103  -12.940  31.103 0.3750000000
79787  57.878  -13.649  31.560 0.1250000000
80855  55.899  -11.833  30.143 0.6250000000
78710  58.222  -14.238  32.324 0.1250000000
80810  57.621  -12.278  33.224 0.1250000000
46322  17.162  -45.704  48.442 0.6250000000
45253  23.224  -46.173  49.565 0.1250000000
46318  23.466  -45.713  48.701 0.1250000000
46319  22.883  -46.212  48.688 0.1250000000
45273  19.404  -46.690  47.982 0.1250000000
47471  15.995  -44.899  48.609 0.6250000000
129956  22.856  -45.817  47.948 0.2500000000
46321  18.274  -45.234  48.159 0.6250000000
133026  16.844  -44.982  48.541 0.6250000000
47480  23.600  -44.860  46.905 0.2500000000
59433  29.193  -33.455  46.820 0.7500000000
59421  28.602  -33.484  47.240 0.7500000000
58378  28.562  -33.943  46.695 0.6250000000
43037  21.151  -48.621  51.700 0.1250000000
44154  22.343  -47.661  50.574 0.1250000000
44155  21.537  -47.972  50.304 0.1250000000
44156  20.648  -48.019  50.102 0.1250000000
138796  22.744  -46.941  50.069 0.1250000000
44187  22.044  -47.566  49.559 0.1250000000
44188  21.353  -47.656  48.883 0.1250000000
44213  20.664  -47.560  48.394 0.1250000000
45254  22.567  -46.846  49.090 0.1250000000
45270  22.254  -46.588  48.141 0.1250000000
45255  21.985  -47.223  48.725 0.1250000000
45293  20.802  -46.344  47.485 0.2500000000
45294  20.023  -46.140  47.651 0.2500000000
47458  16.457  -44.096  48.813 0.6250000000
46351  22.814  -45.210  47.066 0.2500000000
46335  22.088  -45.850  47.382 0.2500000000
46337  20.489  -45.558  47.278 0.2500000000
46338  19.710  -45.295  47.627 0.6250000000
46320  18.924  -45.098  47.917 0.6250000000
47469  18.044  -44.329  48.294 0.6250000000
46352  21.816  -45.141  46.784 0.3750000000
46336  21.256  -45.741  47.099 0.2500000000
47497  20.420  -44.121  47.141 0.5000000000
48632  23.293  -43.192  45.720 0.6250000000
48633  22.538  -43.893  46.181 0.6250000000
48634  21.623  -43.443  46.459 0.6250000000
48620  20.358  -43.349  47.272 0.6250000000
152122  28.735  -33.323  47.865 0.7500000000
57353  29.762  -34.420  45.988 0.6250000000
58376  30.285  -34.017  45.670 0.6250000000
59420  29.464  -33.220  47.437 0.7500000000
57374  30.210  -34.781  45.395 0.6250000000
56223  32.828  -35.615  57.894 0.5000000000
49666  22.886  -42.267  45.748 0.6250000000
49667  22.225  -42.795  46.094 0.6250000000
49668  21.524  -42.729  46.652 0.6250000000
135003  30.474  -33.192  47.322 0.7500000000
59443  30.802  -33.784  45.503 0.7500000000
58393  30.775  -34.240  45.041 0.6250000000
154088  31.331  -33.501  46.478 0.7500000000
58375  31.698  -33.768  46.015 0.7500000000
58392  31.429  -33.954  45.212 0.7500000000
55252  30.832  -36.761  43.525 0.5000000000
57402  30.985  -35.291  44.213 0.3750000000
57387  31.365  -34.657  44.504 0.7500000000
56394  30.924  -35.939  43.850 0.5000000000
59417  31.844  -33.742  46.831 0.7500000000
132241  34.467  -37.708  42.442 0.7500000000
55264  33.819  -37.833  41.950 0.6250000000
54082  33.337  -38.400  41.801 0.6250000000
58407  31.999  -34.351  44.759 0.7500000000
54095  34.639  -38.579  41.127 0.7500000000
54081  34.046  -38.471  41.538 0.6250000000
54083  32.587  -38.429  42.185 0.5000000000
55251  31.436  -37.009  42.960 0.5000000000
56393  31.450  -36.159  43.450 0.6250000000
57401  31.489  -35.418  43.948 0.5000000000
135347  32.843  -37.181  42.872 0.6250000000
55250  32.102  -37.137  42.755 0.6250000000
154105  34.245  -39.145  41.278 0.5000000000
58391  32.157  -34.208  45.522 0.7500000000
146625  33.649  -37.520  42.674 0.6250000000
55265  33.050  -37.699  42.093 0.6250000000
56392  32.209  -36.468  43.353 0.6250000000
57386  32.069  -34.981  44.257 0.7500000000
57400  31.998  -35.639  43.729 0.6250000000
46270  15.485  -43.611  55.152 0.6250000000
46261  14.943  -44.029  55.644 0.6250000000
146005  15.964  -43.345  54.487 0.6250000000
47406  16.655  -43.472  53.839 0.7500000000
52611  25.367  -37.883  54.974 0.6250000000
138606  18.496  -42.342  52.695 0.7500000000
55249  34.389  -37.611  43.497 0.7500000000
55233  34.288  -37.687  44.558 0.6250000000
57373  32.678  -34.831  45.016 0.6250000000
131286  33.680  -37.292  43.681 0.6250000000
56380  33.177  -36.634  43.829 0.6250000000
56381  32.762  -35.651  44.188 0.6250000000
50473  24.304  -39.144  54.982 0.5000000000
48511  20.289  -41.469  53.254 0.5000000000
47420  18.569  -41.902  53.379 0.7500000000
47422  17.463  -43.255  53.296 0.7500000000
52610  25.781  -37.537  55.679 0.6250000000
52597  25.272  -38.176  55.488 0.5000000000
50487  24.277  -39.328  54.383 0.5000000000
49558  22.006  -40.841  52.694 0.6250000000
48532  20.356  -41.629  52.313 0.6250000000
48534  19.041  -41.979  52.410 0.7500000000
51451  24.423  -39.282  53.942 0.6250000000
49570  22.179  -40.861  52.075 0.6250000000
49572  21.940  -41.407  51.810 0.6250000000
48533  19.717  -41.831  52.156 0.6250000000
129342  19.435  -42.169  51.745 0.7500000000
51464  24.408  -39.134  53.370 0.7500000000
50500  22.904  -40.428  52.086 0.7500000000
49571  22.293  -41.551  51.795 0.7500000000
50510  23.495  -40.032  51.890 0.7500000000
49583  22.471  -41.799  51.501 0.7500000000
55208  34.094  -37.665  45.340 0.8750000000
55234  33.690  -37.209  44.726 0.8750000000
47405  17.374  -42.886  54.142 0.6250000000
48512  19.699  -41.623  53.089 0.6250000000
48513  19.191  -41.741  52.944 0.6250000000
57372  33.214  -35.532  45.116 0.6250000000
53987  40.656  -38.612  47.564 0.7500000000
55165  41.031  -38.030  47.079 0.6250000000
55180  40.297  -37.810  46.493 0.6250000000
55179  40.692  -37.387  47.175 0.6250000000
56379  39.194  -36.716  44.843 0.8750000000
135902  38.636  -35.757  45.051 0.8750000000
53986  41.433  -38.212  47.901 0.6250000000
55164  41.470  -37.645  47.804 0.6250000000
153652  40.441  -36.733  47.170 0.7500000000
55203  40.004  -37.034  46.600 0.7500000000
56368  39.536  -36.680  46.069 0.7500000000
55204  39.709  -37.388  45.775 0.7500000000
56378  39.212  -36.262  45.574 0.7500000000
58404  38.542  -34.685  45.455 0.6250000000
58405  38.175  -34.842  44.693 0.8750000000
58406  37.697  -34.349  44.408 0.8750000000
55178  40.914  -36.905  47.787 0.5000000000
56367  40.059  -36.373  46.719 0.6250000000
57370  39.582  -35.874  46.316 0.6250000000
141456  39.419  -35.107  46.401 0.6250000000
58390  39.034  -34.389  46.219 0.6250000000
57371  39.055  -35.396  45.842 0.7500000000
59442  38.475  -33.697  45.830 0.7500000000
63898  35.936  -29.894  37.283 0.6250000000
65107  37.076  -28.458  36.091 0.6250000000
67111  37.553  -26.883  35.436 0.5000000000
57331  41.153  -35.523  47.923 0.3750000000
57349  40.516  -35.341  47.359 0.3750000000
56329  40.651  -36.158  47.435 0.6250000000
57369  40.167  -35.795  46.902 0.6250000000
58372  40.319  -34.556  47.273 0.6250000000
57350  39.915  -35.212  46.834 0.6250000000
58373  39.683  -34.465  46.760 0.5000000000
59457  37.904  -33.884  45.077 0.8750000000
63883  35.392  -29.955  38.770 0.7500000000
59415  41.422  -34.124  48.132 0.1250000000
59429  40.112  -33.704  47.149 0.5000000000
59430  39.452  -33.610  46.685 0.5000000000
60471  38.673  -32.755  46.066 0.7500000000
77598  48.191  -15.589  40.707 0.7500000000
135181  41.671  -33.332  48.263 0.1250000000
59416  40.903  -33.753  47.705 0.3750000000
60460  40.592  -32.858  47.419 0.5000000000
60461  39.894  -32.737  46.958 0.5000000000
60470  39.274  -32.674  46.485 0.6250000000
80704  55.510  -13.181  43.637 0.2500000000
78598  54.348  -14.285  44.283 0.2500000000
79636  52.747  -14.084  43.586 0.2500000000
78600  51.909  -14.588  43.580 0.3750000000
77581  50.841  -14.964  43.178 0.3750000000
80705  54.320  -13.281  43.532 0.2500000000
79645  53.115  -13.351  43.333 0.2500000000
78605  51.839  -14.003  43.221 0.3750000000
78607  49.652  -15.150  42.078 0.3750000000
76617  48.816  -16.038  41.586 0.6250000000
80714  54.624  -12.445  43.052 0.2500000000
80716  52.791  -12.554  42.666 0.2500000000
79647  51.296  -13.646  42.604 0.2500000000
78617  49.938  -14.477  42.036 0.3750000000
77590  48.721  -15.541  41.208 0.6250000000
76631  48.207  -16.018  40.989 0.6250000000
80725  52.274  -12.058  41.874 0.2500000000
80726  51.481  -12.396  41.699 0.2500000000
145947  50.534  -12.520  40.894 0.2500000000
60450  42.042  -32.318  48.386 0.2500000000
60451  41.326  -32.740  47.876 0.2500000000
132064  41.028  -32.131  47.571 0.3750000000
61528  40.467  -31.903  47.151 0.3750000000
78587  55.027  -14.646  44.649 0.2500000000
78597  55.286  -14.188  44.370 0.2500000000
77574  53.255  -14.881  44.364 0.2500000000
77577  50.561  -15.706  43.265 0.3750000000
79634  54.843  -13.798  44.047 0.2500000000
136794  52.815  -14.561  43.965 0.2500000000
76612  48.784  -16.737  41.770 0.6250000000
80703  57.182  -13.351  43.718 0.2500000000
81729  53.737  -12.060  42.418 0.2500000000
77582  50.072  -15.401  42.618 0.3750000000
77583  49.437  -15.751  42.122 0.3750000000
76618  48.286  -16.594  41.197 0.7500000000
81730  53.042  -11.895  41.905 0.2500000000
81759  51.604  -11.904  40.336 0.3750000000
81760  51.266  -11.998  39.621 0.3750000000
80736  51.164  -12.179  40.997 0.2500000000
152075  50.554  -12.218  39.678 0.3750000000
80737  50.832  -12.167  40.314 0.5000000000
61516  41.675  -31.769  47.886 0.2500000000
79633  56.040  -13.767  44.190 0.2500000000
74689  49.193  -17.799  42.764 0.5000000000
80713  56.041  -12.146  43.005 0.2500000000
76610  49.833  -16.117  42.728 0.3750000000
75667  48.744  -17.444  42.023 0.6250000000
81727  55.899  -11.230  42.085 0.2500000000
81728  54.777  -11.630  42.256 0.2500000000
75678  48.388  -17.147  41.472 0.7500000000
81738  54.959  -11.142  41.307 0.3750000000
81739  53.771  -11.459  41.397 0.3750000000
81741  51.961  -11.930  41.080 0.3750000000
81756  54.340  -11.323  40.230 0.3750000000
81757  53.223  -11.504  40.357 0.3750000000
81779  52.034  -11.801  39.622 0.3750000000
81778  52.780  -11.690  39.613 0.3750000000
80753  52.484  -11.905  38.925 0.3750000000
81737  55.982  -10.899  41.172 0.3750000000
143815  53.612  -11.686  39.469 0.3750000000
80752  53.138  -11.913  38.942 0.3750000000
136851  45.320  -23.076  41.227 0.7500000000
70913  45.393  -22.369  41.180 0.7500000000
154278  14.795  -43.783  55.177 0.6250000000
47468  18.619  -44.215  47.970 0.6250000000
151027  18.025  -42.821  52.852 0.7500000000
48635  20.969  -43.853  46.787 0.6250000000
50589  22.518  -41.857  46.332 0.6250000000
149321  24.950  -38.493  54.764 0.6250000000
51465  24.010  -39.556  52.627 0.7500000000
48552  20.482  -41.804  51.562 0.7500000000
59405  31.182  -33.384  48.128 0.7500000000
136293  40.053  -39.335  49.558 0.6250000000
53970  39.799  -38.909  47.296 0.7500000000
54004  40.319  -38.346  46.688 0.6250000000
63882  35.844  -29.549  38.155 0.7500000000
65122  36.816  -29.158  36.007 0.6250000000
144926  37.565  -27.199  35.922 0.6250000000
74709  46.718  -18.809  40.868 0.8750000000
78618  49.268  -14.923  41.465 0.6250000000
79661  49.643  -14.053  41.470 0.3750000000
81777  54.459  -11.807  39.251 0.3750000000
46334  23.706  -45.208  47.766 0.2500000000
140969  17.599  -45.122  48.367 0.6250000000
47483  19.319  -44.387  47.685 0.6250000000
47482  20.122  -44.681  47.366 0.6250000000
134885  30.742  -33.354  46.571 0.7500000000
55277  35.229  -38.020  41.113 0.7500000000
55278  34.586  -37.933  41.659 0.7500000000
79659  50.776  -12.782  41.505 0.3750000000
45272  20.326  -46.909  47.951 0.2500000000
44214  19.858  -47.686  48.262 0.1250000000
143032  19.368  -45.821  47.878 0.5000000000
47495  23.125  -44.554  46.456 0.5000000000
58377  29.612  -33.796  46.332 0.6250000000
59419  29.943  -33.312  46.685 0.7500000000
57354  29.092  -34.571  46.341 0.6250000000
57355  28.229  -34.800  46.541 0.6250000000
44125  20.944  -48.422  50.857 0.1250000000
136181  21.249  -47.882  49.577 0.1250000000
44189  20.447  -47.941  49.122 0.1250000000
45271  21.297  -46.961  48.167 0.1250000000
45292  21.552  -46.361  47.583 0.1250000000
47496  22.386  -44.651  46.527 0.5000000000
143839  21.711  -44.322  46.585 0.6250000000
47481  20.938  -44.828  46.866 0.6250000000
59432  30.408  -33.569  46.066 0.6250000000
55266  32.309  -37.690  42.392 0.6250000000
54084  31.794  -38.388  42.604 0.3750000000
55267  31.768  -37.598  42.671 0.5000000000
51442  24.581  -38.963  54.561 0.5000000000
47421  17.996  -42.434  53.432 0.7500000000
49557  22.639  -40.398  53.318 0.5000000000
50489  23.148  -40.199  53.060 0.6250000000
48551  21.118  -41.617  51.702 0.6250000000
50499  23.674  -39.870  52.830 0.7500000000
58361  40.977  -34.700  47.777 0.2500000000
59441  38.921  -33.458  46.333 0.6250000000
79635  53.759  -13.861  43.778 0.2500000000
78599  53.451  -14.397  44.113 0.2500000000
78606  51.109  -14.353  42.971 0.3750000000
80715  53.663  -12.777  43.139 0.2500000000
79646  52.240  -13.417  43.009 0.2500000000
79648  50.583  -14.194  42.460 0.3750000000
77589  49.167  -15.496  41.666 0.6250000000
80717  51.829  -12.807  42.376 0.2500000000
79660  50.455  -13.628  41.955 0.3750000000
139843  51.114  -12.995  42.092 0.2500000000
76601  50.287  -16.500  43.455 0.3750000000
152116  49.136  -17.038  42.307 0.6250000000
81740  52.750  -11.684  41.177 0.2500000000
81758  52.371  -11.683  40.384 0.3750000000
27266  6.974  -61.462  49.367 0.1250000000
28448  6.536  -61.071  48.906 0.1250000000
28447  7.258  -61.224  48.739 0.1250000000
28460  6.921  -60.894  48.229 0.1250000000
29622  7.121  -60.228  47.768 0.1250000000
152452  6.589  -60.290  47.902 0.1250000000
29636  7.450  -59.488  47.604 0.1250000000
27247  6.358  -61.760  50.616 0.1250000000
28449  6.292  -60.795  49.190 0.1250000000
28461  6.316  -60.243  48.849 0.1250000000
30767  6.205  -59.683  48.638 0.1250000000
29624  6.266  -59.895  48.660 0.1250000000
138601  6.660  -58.784  47.842 0.1250000000
29637  6.751  -59.672  47.802 0.1250000000
30788  7.190  -58.827  47.527 0.1250000000
24807  4.355  -63.803  51.294 0.1250000000
26008  3.970  -63.121  51.661 0.1250000000
27230  4.205  -62.630  51.679 0.1250000000
27249  5.014  -62.401  51.237 0.1250000000
28418  4.952  -60.996  51.218 0.1250000000
28437  5.258  -61.684  51.175 0.1250000000
29588  5.347  -60.217  50.647 0.1250000000
29599  5.924  -60.256  49.571 0.1250000000
30746  4.814  -59.317  51.036 0.1250000000
30757  6.109  -59.801  49.129 0.1250000000
33131  6.522  -57.433  49.076 0.1250000000
153738  6.334  -58.671  48.329 0.1250000000
33148  6.556  -56.953  48.148 0.1250000000
33149  6.448  -57.911  48.262 0.1250000000
31952  6.892  -58.049  47.365 0.1250000000
30798  7.129  -57.780  47.384 0.1250000000
142155  3.910  -64.583  51.693 0.1250000000
24808  3.870  -63.494  51.501 0.1250000000
25987  3.247  -63.541  51.720 0.1250000000
26009  3.541  -63.006  51.800 0.1250000000
129356  3.501  -58.635  52.396 0.1250000000
134458  3.315  -58.994  52.869 0.1250000000
29577  3.704  -60.333  51.943 0.1250000000
31900  3.984  -58.695  51.645 0.1250000000
30745  5.367  -58.884  50.234 0.1250000000
31899  4.664  -58.352  51.007 0.1250000000
34234  6.186  -56.672  50.010 0.1250000000
135954  6.008  -57.567  49.914 0.1250000000
34233  6.786  -56.601  48.919 0.1250000000
33132  6.148  -58.347  49.143 0.1250000000
34268  6.528  -56.318  47.662 0.1250000000
152769  6.409  -56.862  47.302 0.1250000000
33179  6.853  -57.191  46.697 0.1250000000
34269  6.340  -56.522  46.693 0.1250000000
31967  7.013  -57.165  46.730 0.1250000000
34290  6.558  -56.670  46.203 0.1250000000
27183  3.329  -62.061  53.675 0.2500000000
23626  3.557  -65.436  52.979 0.1250000000
25963  2.733  -63.297  52.908 0.1250000000
29537  3.697  -60.978  53.944 0.2500000000
29551  3.369  -60.560  53.306 0.2500000000
27219  3.347  -62.750  52.703 0.2500000000
29565  3.059  -61.004  52.910 0.2500000000
153676  3.323  -59.456  53.079 0.2500000000
28405  3.592  -61.962  52.442 0.2500000000
29578  3.564  -60.348  52.054 0.2500000000
133637  3.389  -58.766  53.067 0.1250000000
30736  3.458  -59.165  51.993 0.1250000000
33102  3.737  -58.459  51.966 0.1250000000
33118  4.045  -57.935  51.531 0.1250000000
33101  4.003  -57.906  51.681 0.1250000000
33086  3.755  -57.698  52.232 0.1250000000
34215  5.399  -57.088  50.617 0.1250000000
34216  4.720  -56.677  51.070 0.1250000000
35384  6.532  -55.913  49.670 0.1250000000
149378  5.925  -55.862  50.389 0.1250000000
35369  5.279  -56.172  50.718 0.1250000000
36511  7.456  -54.145  49.047 0.1250000000
35396  6.910  -55.798  48.660 0.1250000000
36526  7.172  -54.983  48.517 0.1250000000
35409  6.670  -55.436  47.583 0.1250000000
36525  7.387  -54.109  47.853 0.1250000000
147905  6.828  -54.746  47.508 0.1250000000
35410  6.118  -55.656  46.586 0.1250000000
135697  6.152  -55.967  46.186 0.1250000000
35426  5.911  -55.554  45.804 0.1250000000
28371  3.551  -61.591  53.863 0.2500000000
30687  3.888  -59.630  54.043 0.2500000000
138880  5.388  -55.490  50.780 0.1250000000
35370  4.913  -55.978  51.004 0.1250000000
35385  6.220  -55.179  50.294 0.1250000000
36512  6.868  -54.669  49.733 0.1250000000
38774  7.643  -52.412  49.709 0.1250000000
37648  7.779  -53.448  48.476 0.1250000000
36536  6.572  -54.113  47.004 0.1250000000
37687  6.259  -53.275  46.562 0.1250000000
36555  5.764  -54.765  46.189 0.1250000000
149560  5.793  -56.087  45.503 0.1250000000
38793  6.705  -52.628  46.770 0.1250000000
36554  5.875  -54.001  46.399 0.1250000000
35436  5.915  -55.517  45.702 0.1250000000
36576  6.206  -54.606  45.491 0.1250000000
36492  6.181  -54.268  50.486 0.1250000000
36493  5.542  -54.649  50.873 0.1250000000
150336  6.144  -53.677  50.610 0.1250000000
37633  7.541  -53.268  49.443 0.1250000000
38773  8.154  -52.071  49.245 0.1250000000
38786  7.972  -52.729  48.008 0.1250000000
39775  7.535  -51.161  47.027 0.1250000000
37667  7.053  -53.400  47.189 0.1250000000
37710  5.676  -53.978  45.984 0.1250000000
38794  6.212  -52.283  46.254 0.1250000000
38795  6.110  -52.241  46.026 0.1250000000
36598  6.303  -53.758  45.275 0.1250000000
39780  6.089  -51.841  45.745 0.1250000000
38809  6.051  -52.589  45.613 0.1250000000
38826  6.149  -52.443  45.166 0.1250000000
40867  5.731  -50.331  45.167 0.1250000000
37597  4.497  -53.066  53.248 0.1250000000
38766  5.736  -52.780  51.316 0.1250000000
38753  5.383  -52.389  51.932 0.1250000000
38775  6.899  -52.793  50.238 0.1250000000
38765  6.341  -52.315  50.965 0.1250000000
39748  6.016  -51.248  51.867 0.1250000000
40819  5.360  -50.948  52.633 0.1250000000
39760  6.597  -51.350  51.286 0.1250000000
41964  8.712  -49.807  49.502 0.1250000000
39769  7.910  -51.597  49.878 0.1250000000
38780  8.308  -52.046  48.446 0.1250000000
39772  8.579  -51.249  48.042 0.1250000000
40841  8.570  -50.449  47.817 0.1250000000
39774  8.240  -51.042  47.522 0.1250000000
38787  7.459  -52.673  47.383 0.1250000000
40842  7.925  -50.378  47.214 0.1250000000
143352  7.178  -51.958  46.914 0.1250000000
41968  7.458  -49.441  46.942 0.1250000000
39776  6.654  -51.204  46.549 0.1250000000
141933  6.401  -49.526  46.391 0.1250000000
40844  6.231  -50.346  46.236 0.1250000000
39778  6.217  -51.256  46.206 0.1250000000
43074  7.138  -47.972  47.037 0.1250000000
41972  6.080  -49.569  46.083 0.1250000000
40845  6.040  -50.321  45.993 0.1250000000
41970  6.219  -48.885  46.221 0.1250000000
152864  6.038  -49.576  46.008 0.1250000000
143591  5.972  -51.093  45.679 0.1250000000
43077  6.276  -48.265  46.217 0.1250000000
41974  5.976  -49.574  45.936 0.1250000000
44237  6.503  -47.600  46.699 0.1250000000
138262  4.279  -52.889  54.257 0.1250000000
39742  4.808  -51.531  53.117 0.1250000000
38732  4.485  -52.115  53.690 0.1250000000
39749  5.494  -51.536  52.246 0.1250000000
39741  5.107  -51.347  52.719 0.1250000000
38764  7.114  -51.912  50.493 0.1250000000
40825  6.392  -50.603  51.823 0.1250000000
39759  7.532  -51.020  50.661 0.1250000000
41957  7.502  -49.741  51.380 0.1250000000
39768  8.480  -51.397  49.013 0.1250000000
40837  8.776  -50.541  48.703 0.1250000000
41965  8.840  -49.548  48.377 0.1250000000
143260  8.938  -48.663  48.390 0.1250000000
143951  8.312  -49.739  47.533 0.1250000000
43072  8.699  -48.006  47.938 0.1250000000
41967  8.275  -48.831  47.605 0.1250000000
44234  8.194  -47.311  47.537 0.1250000000
142377  7.422  -48.577  47.003 0.1250000000
43073  7.816  -47.992  47.291 0.1250000000
44235  7.267  -47.313  47.119 0.1250000000
44236  6.727  -47.298  47.033 0.1250000000
45297  6.964  -46.620  47.125 0.1250000000
43075  6.413  -48.068  46.479 0.1250000000
140998  6.640  -45.974  46.869 0.1250000000
142454  6.660  -46.038  46.840 0.1250000000
43078  6.103  -48.140  45.948 0.1250000000
37574  4.207  -53.533  55.267 0.3750000000
134082  4.331  -52.924  55.047 0.3750000000
39733  4.627  -51.366  53.737 0.1250000000
39727  4.438  -51.498  54.955 0.2500000000
140289  5.536  -50.316  52.758 0.1250000000
128586  4.846  -50.251  53.787 0.1250000000
41941  6.547  -49.321  52.428 0.1250000000
41942  5.927  -49.553  52.914 0.1250000000
41943  5.308  -49.863  53.379 0.1250000000
138185  8.097  -49.205  51.073 0.1250000000
133522  7.080  -49.086  52.108 0.1250000000
43017  6.367  -48.754  52.986 0.1250000000
41955  8.660  -49.127  50.186 0.1250000000
41956  8.037  -50.036  50.654 0.1250000000
132895  9.025  -48.902  49.203 0.1250000000
43070  9.203  -48.057  48.829 0.1250000000
44220  9.038  -47.301  48.241 0.1250000000
46324  15.096  -45.980  48.571 0.3750000000
45296  7.605  -46.655  47.307 0.1250000000
139318  7.085  -46.001  47.098 0.1250000000
36411  5.071  -53.126  56.958 0.5000000000
153932  4.640  -53.052  56.491 0.3750000000
133928  4.483  -52.692  56.188 0.3750000000
38698  4.413  -52.098  56.024 0.3750000000
39719  4.414  -51.479  55.778 0.2500000000
40788  4.617  -49.932  54.551 0.1250000000
40807  4.458  -50.597  55.314 0.1250000000
143829  4.698  -49.181  54.702 0.1250000000
41928  5.699  -48.910  53.586 0.1250000000
44089  5.272  -48.064  54.490 0.1250000000
41949  7.488  -49.141  51.660 0.1250000000
44105  6.598  -47.882  52.853 0.1250000000
154109  5.896  -47.557  53.686 0.1250000000
44088  5.607  -47.939  53.987 0.1250000000
144652  19.209  -41.819  54.693 0.5000000000
47404  17.983  -42.227  54.057 0.5000000000
43044  7.409  -48.455  51.943 0.1250000000
44087  6.307  -47.177  53.420 0.1250000000
43059  8.561  -48.565  50.687 0.1250000000
44163  7.922  -47.721  51.687 0.1250000000
44131  7.231  -47.742  52.319 0.1250000000
45218  6.760  -46.319  53.296 0.1250000000
43067  9.045  -48.285  49.870 0.1250000000
44130  8.537  -47.036  51.305 0.1250000000
44197  9.262  -47.337  49.444 0.1250000000
141880  8.716  -47.761  50.746 0.1250000000
45279  9.150  -46.646  48.534 0.1250000000
45295  8.521  -46.675  47.753 0.1250000000
142854  7.960  -46.066  47.475 0.1250000000
36410  5.443  -53.155  56.880 0.5000000000
37542  4.810  -52.534  57.423 0.5000000000
145791  4.495  -52.020  57.285 0.3750000000
39702  4.410  -50.774  57.578 0.3750000000
40769  4.418  -50.517  56.884 0.3750000000
41883  4.528  -49.457  55.404 0.1250000000
41866  4.469  -49.276  56.375 0.1250000000
47354  19.029  -42.309  56.376 0.2500000000
47355  18.171  -42.503  56.505 0.2500000000
47356  17.418  -42.773  56.810 0.2500000000
47357  16.879  -43.347  56.423 0.3750000000
42952  4.693  -48.594  55.137 0.1250000000
42935  4.563  -48.579  55.860 0.1250000000
47373  17.655  -42.690  56.012 0.3750000000
143357  4.736  -47.985  55.533 0.1250000000
44050  4.577  -47.798  56.123 0.1250000000
47371  19.285  -42.022  55.556 0.5000000000
130693  18.116  -42.396  55.297 0.3750000000
47389  17.508  -42.740  55.394 0.3750000000
47374  17.117  -43.101  55.721 0.3750000000
44074  5.378  -47.218  54.578 0.1250000000
140306  5.055  -46.953  55.138 0.1250000000
151003  18.791  -42.139  55.198 0.3750000000
139288  16.686  -43.340  54.527 0.5000000000
45210  5.750  -46.334  54.429 0.1250000000
47403  19.104  -41.626  53.783 0.5000000000
148107  7.801  -46.854  52.222 0.1250000000
144248  7.382  -46.166  52.846 0.1250000000
46290  7.067  -45.644  53.262 0.1250000000
45234  8.544  -46.298  51.694 0.1250000000
45258  9.289  -46.557  49.552 0.1250000000
46313  9.319  -45.964  49.907 0.1250000000
137022  30.386  -36.950  48.013 0.1250000000
132967  6.241  -52.171  57.362 0.5000000000
37540  5.296  -52.063  58.016 0.5000000000
37529  4.954  -51.617  58.451 0.5000000000
37548  6.569  -51.826  57.194 0.5000000000
39683  4.491  -50.827  58.663 0.3750000000
39692  4.432  -50.839  58.190 0.3750000000
141249  4.302  -50.122  58.323 0.3750000000
141805  4.476  -49.289  58.019 0.2500000000
143247  18.534  -42.497  56.924 0.2500000000
48437  19.715  -41.950  57.412 0.2500000000
45191  4.669  -46.317  56.065 0.1250000000
47353  19.552  -41.986  56.077 0.2500000000
46259  16.280  -43.869  56.394 0.5000000000
46260  15.896  -43.759  55.726 0.5000000000
149634  19.851  -41.813  55.617 0.3750000000
48492  20.238  -41.440  54.192 0.5000000000
52742  27.852  -39.070  46.145 0.1250000000
51556  27.677  -39.767  45.803 0.1250000000
54012  27.977  -38.167  46.451 0.1250000000
55169  29.660  -37.003  48.065 0.1250000000
53993  29.287  -37.680  48.037 0.1250000000
53994  28.623  -37.804  47.309 0.1250000000
55167  30.997  -37.258  47.546 0.1250000000
55168  30.405  -36.769  47.181 0.1250000000
52739  32.146  -39.684  45.804 0.2500000000
149296  31.609  -39.170  45.495 0.2500000000
54011  31.372  -38.126  46.886 0.1250000000
51571  33.200  -40.743  44.833 0.1250000000
51555  32.601  -40.302  45.296 0.2500000000
52755  31.949  -39.607  44.721 0.2500000000
51585  33.553  -40.664  43.573 0.1250000000
51572  32.608  -40.251  44.296 0.2500000000
51584  34.159  -40.750  43.115 0.1250000000
38672  6.862  -50.968  57.705 0.5000000000
37538  6.324  -51.463  58.034 0.3750000000
37539  5.886  -51.875  57.984 0.3750000000
39701  7.312  -50.663  57.062 0.5000000000
38673  6.713  -51.604  57.212 0.5000000000
48379  20.122  -41.574  59.658 0.2500000000
47326  18.995  -42.431  57.907 0.2500000000
47328  17.367  -42.780  58.204 0.2500000000
46236  16.386  -43.979  57.952 0.2500000000
46237  15.761  -44.291  57.994 0.5000000000
49494  20.867  -41.369  58.483 0.2500000000
48416  20.251  -41.617  58.010 0.2500000000
47339  18.200  -42.549  57.586 0.2500000000
47340  17.325  -42.760  57.516 0.2500000000
46248  15.761  -44.143  57.141 0.3750000000
46249  14.886  -44.323  56.883 0.5000000000
49493  21.472  -41.103  58.124 0.3750000000
48436  20.529  -41.607  57.342 0.2500000000
139006  15.430  -44.110  56.294 0.5000000000
46262  14.005  -44.162  55.898 0.5000000000
48435  21.327  -41.264  57.411 0.3750000000
48455  20.925  -41.523  56.766 0.3750000000
48474  21.059  -41.284  55.254 0.3750000000
48475  20.289  -41.587  55.051 0.3750000000
48531  21.052  -41.410  52.466 0.5000000000
55211  26.942  -38.049  45.776 0.2500000000
55186  28.104  -37.207  46.667 0.1250000000
130114  27.533  -36.742  46.394 0.1250000000
144721  29.932  -36.689  47.517 0.1250000000
56333  29.252  -36.484  47.016 0.1250000000
56350  28.242  -36.298  46.595 0.1250000000
55184  30.842  -37.308  46.318 0.1250000000
55185  30.317  -36.568  46.239 0.1250000000
52756  31.280  -38.760  44.777 0.2500000000
54031  31.256  -38.401  45.790 0.1250000000
52768  32.070  -39.729  43.641 0.2500000000
51586  32.783  -40.250  43.340 0.2500000000
149639  33.159  -40.610  44.057 0.2500000000
133389  34.841  -40.889  42.617 0.2500000000
134820  33.441  -40.373  42.732 0.1250000000
51618  36.908  -40.257  41.412 0.2500000000
51619  35.879  -40.494  41.445 0.2500000000
51620  34.830  -40.414  41.608 0.2500000000
52825  37.670  -39.311  40.607 0.2500000000
52826  36.874  -39.446  40.610 0.2500000000
39691  7.056  -50.558  57.855 0.5000000000
51373  21.863  -39.245  62.768 0.2500000000
51378  21.235  -39.642  62.232 0.2500000000
142750  20.102  -40.445  61.669 0.2500000000
49439  19.673  -41.008  61.418 0.2500000000
52510  22.520  -39.220  62.787 0.2500000000
50401  21.442  -39.935  61.741 0.2500000000
50402  20.794  -40.191  61.736 0.2500000000
49452  19.873  -41.283  60.941 0.2500000000
47275  18.148  -42.735  60.334 0.2500000000
47296  17.488  -43.107  59.945 0.2500000000
51376  22.729  -39.363  62.176 0.2500000000
50400  22.097  -39.777  61.553 0.2500000000
49450  21.081  -40.711  60.715 0.2500000000
49451  20.575  -41.006  60.841 0.2500000000
48380  19.473  -42.046  59.900 0.2500000000
145238  17.478  -42.989  59.369 0.2500000000
144669  16.449  -43.793  59.016 0.2500000000
143134  15.817  -44.360  58.699 0.2500000000
51388  23.038  -39.433  61.451 0.2500000000
50420  22.011  -40.132  60.093 0.2500000000
49480  20.933  -41.208  59.389 0.2500000000
48397  19.497  -42.017  59.159 0.2500000000
47327  18.170  -42.590  58.393 0.2500000000
46220  16.832  -43.360  58.695 0.2500000000
46221  16.348  -43.897  58.629 0.2500000000
46223  14.515  -44.839  58.205 0.5000000000
50419  22.857  -39.732  59.966 0.2500000000
49492  22.003  -40.586  58.590 0.2500000000
49479  21.693  -40.646  59.401 0.2500000000
46238  15.061  -44.457  57.737 0.5000000000
45189  13.492  -44.831  57.017 0.5000000000
50439  22.866  -40.068  58.355 0.3750000000
46250  14.128  -44.424  56.617 0.5000000000
45199  13.255  -44.607  56.203 0.5000000000
128121  22.152  -40.618  57.688 0.3750000000
49506  21.827  -40.858  56.727 0.3750000000
49522  21.947  -40.736  55.629 0.3750000000
142469  21.143  -41.374  56.068 0.3750000000
144609  22.931  -40.346  55.345 0.3750000000
50464  23.521  -39.952  54.950 0.3750000000
149269  22.397  -40.595  54.794 0.3750000000
128560  27.953  -35.518  46.569 0.3750000000
55187  27.361  -37.556  46.102 0.2500000000
56349  28.828  -35.591  46.539 0.2500000000
56332  29.874  -36.291  46.635 0.1250000000
55210  30.471  -36.687  45.157 0.1250000000
54052  30.890  -38.225  43.977 0.2500000000
54053  30.606  -37.317  44.106 0.2500000000
51604  32.808  -39.880  42.507 0.2500000000
52812  34.806  -39.525  40.975 0.3750000000
51603  34.116  -40.474  42.236 0.2500000000
52811  36.050  -39.866  40.759 0.3750000000
139128  35.376  -40.050  40.943 0.2500000000
54109  37.634  -38.642  40.126 0.5000000000
139695  37.245  -39.054  40.313 0.3750000000
54107  39.287  -38.074  40.197 0.3750000000
54121  38.537  -37.789  39.782 0.3750000000
54122  37.870  -37.900  39.706 0.5000000000
54996  20.890  -38.200  61.764 0.2500000000
53785  20.017  -38.930  61.394 0.2500000000
50404  18.965  -40.597  61.423 0.2500000000
54986  21.716  -37.901  62.843 0.2500000000
52511  20.294  -39.020  61.954 0.2500000000
150086  19.504  -40.655  61.515 0.2500000000
49454  18.418  -41.839  61.183 0.2500000000
47257  17.233  -42.886  61.142 0.2500000000
46159  15.839  -43.887  61.167 0.2500000000
49453  19.156  -41.585  61.108 0.2500000000
47276  17.405  -43.036  60.597 0.2500000000
46176  16.575  -43.475  60.208 0.2500000000
152886  16.177  -43.723  59.747 0.2500000000
46209  15.571  -44.483  59.193 0.2500000000
45166  14.621  -44.902  58.943 0.5000000000
45180  13.694  -44.975  57.849 0.5000000000
49505  22.907  -40.106  57.569 0.3750000000
49520  23.338  -39.835  56.931 0.3750000000
50455  24.106  -39.394  56.434 0.3750000000
50456  23.470  -39.837  55.902 0.3750000000
142367  22.226  -40.651  53.878 0.3750000000
50475  23.368  -39.991  54.017 0.3750000000
135128  37.510  -36.475  55.746 0.3750000000
55076  36.216  -36.086  56.086 0.3750000000
53882  37.321  -36.244  55.412 0.3750000000
53895  37.066  -36.083  54.746 0.6250000000
57356  27.504  -35.156  46.699 0.3750000000
57357  26.829  -35.664  46.752 0.5000000000
56348  29.629  -35.350  46.167 0.1250000000
155043  29.363  -36.063  46.521 0.2500000000
56382  30.572  -35.727  44.592 0.2500000000
56370  30.192  -35.759  45.621 0.1250000000
54069  30.945  -37.620  43.373 0.2500000000
55235  30.593  -36.491  44.162 0.2500000000
54068  31.283  -38.428  43.236 0.2500000000
52796  33.009  -39.230  42.061 0.3750000000
52797  32.273  -39.196  42.491 0.3750000000
52813  34.159  -39.836  41.442 0.2500000000
147151  34.112  -40.246  41.742 0.2500000000
54111  36.024  -38.929  40.408 0.5000000000
149979  35.482  -39.464  40.693 0.3750000000
54110  36.845  -38.678  40.170 0.6250000000
55297  39.008  -37.226  39.584 0.2500000000
51381  18.819  -40.196  61.175 0.2500000000
50405  18.103  -40.757  61.181 0.2500000000
135666  16.753  -42.660  61.312 0.2500000000
51435  24.497  -39.085  57.168 0.3750000000
51434  24.716  -38.803  56.564 0.3750000000
50463  23.973  -39.445  55.418 0.3750000000
129638  38.030  -37.117  56.195 0.3750000000
52579  38.957  -37.391  55.455 0.3750000000
52595  38.130  -36.631  54.799 0.3750000000
53894  37.722  -36.355  54.297 0.6250000000
145721  39.453  -37.510  54.726 0.3750000000
52594  38.808  -37.275  54.722 0.3750000000
52609  38.450  -36.772  53.791 0.3750000000
52608  38.895  -37.126  54.012 0.3750000000
53905  37.996  -36.561  53.435 0.6250000000
53915  37.019  -36.113  52.891 0.6250000000
129128  39.555  -37.776  51.491 0.3750000000
52667  39.312  -38.333  51.088 0.5000000000
132035  39.972  -39.012  50.458 0.5000000000
130666  38.644  -38.692  50.996 0.5000000000
57334  27.226  -34.731  47.123 0.6250000000
55299  37.505  -37.141  39.506 0.5000000000
56425  39.190  -36.370  39.253 0.1250000000
55298  38.184  -37.333  39.469 0.2500000000
51433  25.191  -38.367  56.198 0.3750000000
50454  24.414  -39.040  55.733 0.3750000000
51440  24.730  -38.699  55.337 0.3750000000
136968  39.987  -37.541  55.152 0.3750000000
52616  41.516  -36.949  53.721 0.2500000000
128915  40.461  -37.378  53.786 0.2500000000
52629  41.284  -36.918  52.772 0.2500000000
52631  40.347  -37.356  51.776 0.2500000000
128912  39.886  -37.437  52.532 0.2500000000
52633  38.397  -37.328  52.033 0.5000000000
52630  40.727  -37.091  52.199 0.2500000000
128911  40.011  -37.632  51.544 0.2500000000
52632  39.121  -37.479  52.059 0.3750000000
52648  39.867  -38.177  50.992 0.3750000000
150216  40.138  -39.266  48.330 0.6250000000
53969  41.038  -38.882  48.414 0.5000000000
57439  37.446  -35.807  39.375 0.5000000000
53871  26.319  -37.260  56.529 0.3750000000
57232  29.944  -34.512  57.515 0.5000000000
53885  26.295  -36.877  55.807 0.5000000000
52596  25.712  -37.870  56.134 0.3750000000
52605  41.737  -37.042  54.493 0.2500000000
52593  40.610  -37.427  54.589 0.2500000000
53968  41.581  -38.342  48.706 0.3750000000
57211  30.560  -35.068  58.585 0.3750000000
56225  28.744  -35.283  57.928 0.3750000000
55078  27.100  -35.831  56.294 0.5000000000
57210  31.676  -35.225  58.346 0.3750000000
154125  29.999  -34.816  58.125 0.3750000000
56319  41.747  -36.668  48.769 0.2500000000
150828  41.819  -37.507  48.253 0.2500000000
55065  28.039  -35.550  57.587 0.5000000000
56236  28.415  -35.024  57.243 0.3750000000
61613  35.258  -31.430  39.855 0.5000000000
62724  35.233  -30.629  39.337 0.6250000000
62745  35.350  -30.647  38.402 0.6250000000
72811  46.048  -20.508  41.194 0.7500000000
134359  52.693  -16.432  27.506 0.1250000000
76762  51.946  -16.310  27.513 0.1250000000
76763  51.346  -15.772  27.330 0.1250000000
77719  53.210  -15.901  26.969 0.1250000000
77736  51.715  -15.223  26.866 0.1250000000
153090  51.181  -15.198  27.099 0.2500000000
77735  52.537  -15.290  26.531 0.1250000000
77741  55.096  -15.152  25.827 0.1250000000
154970  54.410  -15.007  25.766 0.1250000000
134170  51.959  -14.574  26.403 0.2500000000
78783  53.809  -14.881  25.784 0.1250000000
78784  52.881  -14.599  25.936 0.1250000000
78798  54.478  -14.527  25.334 0.1250000000
78799  53.551  -14.180  25.378 0.1250000000
78800  52.852  -13.842  25.486 0.1250000000
79837  54.118  -13.710  24.897 0.1250000000
79820  50.497  -13.261  27.444 0.6250000000
78786  50.706  -13.882  27.064 0.3750000000
79829  51.436  -13.716  26.511 0.2500000000
78785  51.132  -14.603  26.924 0.2500000000
79828  52.213  -13.839  25.932 0.1250000000
78811  54.948  -14.015  24.667 0.1250000000
80902  55.264  -12.348  23.366 0.1250000000
81877  52.297  -11.198  27.885 0.7500000000
140386  51.819  -13.092  26.014 0.2500000000
79838  53.280  -13.368  25.074 0.1250000000
79839  52.484  -12.978  25.503 0.2500000000
79851  53.797  -12.827  24.655 0.1250000000
80903  54.768  -12.564  23.847 0.1250000000
128721  54.093  -11.071  28.649 0.7500000000
81876  53.207  -10.796  27.686 0.5000000000
81880  52.247  -11.182  26.712 0.2500000000
80880  51.866  -12.068  25.985 0.2500000000
81885  52.486  -11.482  25.908 0.3750000000
80887  52.557  -12.062  25.510 0.2500000000
80893  53.681  -11.892  24.734 0.3750000000
80886  53.105  -12.437  25.061 0.2500000000
80913  55.774  -11.908  22.847 0.1250000000
80892  54.288  -12.292  24.280 0.2500000000
80901  55.922  -12.642  22.955 0.1250000000
82834  53.856  -10.515  26.985 0.5000000000
82832  55.271  -10.004  26.499 0.6250000000
82833  54.398  -10.295  26.506 0.5000000000
81879  53.024  -10.883  26.401 0.3750000000
82836  55.266  -10.020  25.395 0.1250000000
82837  54.483  -10.374  25.678 0.3750000000
82838  53.703  -10.597  25.956 0.3750000000
82842  55.415  -10.312  24.493 0.1250000000
82843  54.663  -10.644  24.821 0.3750000000
81883  53.967  -11.033  25.146 0.3750000000
82855  55.627  -10.740  23.679 0.1250000000
81887  54.901  -11.007  24.014 0.1250000000
81888  54.322  -11.436  24.429 0.2500000000
45309  6.283  -46.994  46.106 0.1250000000
37556  4.487  -53.023  56.142 0.3750000000
37566  4.409  -53.375  55.703 0.3750000000
37549  6.292  -52.424  56.981 0.5000000000
37580  4.093  -53.505  54.744 0.1250000000
33076  3.445  -57.905  53.033 0.1250000000
28381  3.391  -61.543  53.118 0.2500000000
27184  3.361  -62.102  53.177 0.2500000000
30727  3.342  -60.353  52.673 0.1250000000
128360  6.567  -52.088  56.830 0.5000000000
31858  3.618  -59.147  53.679 0.2500000000
38754  5.047  -52.811  52.223 0.1250000000
38742  4.783  -52.422  52.836 0.1250000000
37615  10.655  -53.881  50.492 0.1250000000
150487  7.445  -50.869  56.489 0.5000000000
45278  15.171  -46.760  48.571 0.1250000000
46310  15.180  -45.074  48.697 0.5000000000
52757  27.285  -39.270  45.510 0.2500000000
55188  26.740  -37.416  46.022 0.3750000000
54033  26.793  -38.683  45.521 0.3750000000
53883  36.950  -36.189  56.029 0.3750000000
58363  27.911  -33.958  47.181 0.6250000000
58350  27.494  -34.108  47.811 0.6250000000
142131  36.474  -38.071  40.154 0.6250000000
52668  38.698  -37.988  51.191 0.6250000000
56427  37.504  -36.324  39.344 0.5000000000
60539  35.430  -32.155  40.270 0.5000000000
79830  50.985  -13.157  27.025 0.3750000000
29524  3.847  -60.134  54.018 0.2500000000
34201  4.213  -57.140  51.681 0.1250000000
131628  4.304  -57.299  51.435 0.1250000000
53870  26.737  -36.435  56.450 0.5000000000
82829  54.188  -10.652  27.926 0.7500000000
46323  16.475  -45.706  48.544 0.5000000000
58379  27.824  -34.454  46.800 0.5000000000
150723  30.374  -35.258  44.987 0.2500000000
54096  33.685  -39.212  41.603 0.5000000000
47375  16.625  -43.528  55.725 0.5000000000
47391  16.311  -43.438  55.135 0.5000000000
48491  20.948  -41.252  54.364 0.3750000000
49545  21.622  -40.998  53.544 0.3750000000
149950  17.718  -42.506  54.760 0.3750000000
52783  31.690  -39.189  42.996 0.2500000000
52782  32.271  -39.694  42.939 0.2500000000
29623  6.275  -60.103  48.138 0.1250000000
27268  6.067  -61.058  50.086 0.1250000000
27248  5.830  -62.057  51.055 0.1250000000
28450  6.130  -60.658  49.543 0.1250000000
29611  6.221  -60.052  49.118 0.1250000000
31923  6.100  -59.018  49.022 0.1250000000
130377  6.372  -59.107  48.262 0.1250000000
31938  6.583  -58.218  47.651 0.1250000000
26028  4.550  -62.891  51.329 0.1250000000
28404  3.905  -61.240  51.825 0.2500000000
28419  4.436  -61.793  51.581 0.1250000000
26006  5.008  -63.166  50.840 0.1250000000
29589  4.486  -60.216  51.433 0.1250000000
131068  4.228  -60.934  51.654 0.1250000000
28436  5.661  -60.906  50.493 0.1250000000
148149  5.618  -59.630  49.963 0.1250000000
152407  5.792  -59.261  49.501 0.1250000000
31911  5.774  -58.760  49.577 0.1250000000
25988  2.813  -63.480  52.345 0.2500000000
30726  3.435  -59.899  52.183 0.1250000000
30737  3.278  -59.902  52.106 0.1250000000
30747  3.857  -59.548  51.772 0.1250000000
148176  3.480  -60.214  51.878 0.1250000000
31888  3.752  -58.527  51.855 0.1250000000
33116  5.476  -58.093  50.340 0.1250000000
33117  4.643  -57.507  51.055 0.1250000000
131108  6.827  -55.342  49.445 0.1250000000
24787  2.593  -64.178  52.492 0.2500000000
24779  2.608  -64.145  52.992 0.1250000000
23616  4.183  -66.038  53.280 0.1250000000
27206  3.350  -62.577  52.769 0.2500000000
29579  3.392  -60.628  52.694 0.2500000000
36537  6.159  -54.802  46.820 0.1250000000
37634  6.847  -53.758  50.106 0.1250000000
37666  7.580  -53.306  47.760 0.1250000000
37688  5.980  -53.140  46.092 0.1250000000
37711  5.927  -53.379  45.728 0.1250000000
37618  5.669  -53.677  51.002 0.1250000000
37617  6.190  -53.152  50.720 0.1250000000
39802  6.057  -51.730  45.042 0.1250000000
38849  6.324  -52.429  44.906 0.1250000000
43082  6.012  -48.842  45.863 0.1250000000
40851  5.863  -50.303  45.641 0.1250000000
39761  5.861  -51.924  51.593 0.1250000000
39750  5.110  -52.014  52.501 0.1250000000
40826  5.815  -50.796  52.310 0.1250000000
40838  8.322  -50.735  49.781 0.1250000000
40843  6.986  -50.355  46.678 0.1250000000
45298  6.539  -46.718  46.749 0.1250000000
38720  4.381  -52.208  54.624 0.2500000000
40820  5.025  -50.717  53.097 0.1250000000
39734  4.483  -51.584  54.244 0.1250000000
40832  7.123  -50.442  51.354 0.1250000000
41950  6.825  -49.769  51.828 0.1250000000
41951  6.133  -50.056  52.327 0.1250000000
133927  4.403  -52.881  55.640 0.3750000000
38710  4.404  -52.231  55.393 0.2500000000
40813  4.770  -50.916  53.559 0.1250000000
39726  4.593  -50.858  54.283 0.1250000000
41929  5.030  -49.343  54.086 0.1250000000
43045  6.886  -48.555  52.446 0.1250000000
44106  6.049  -48.041  53.420 0.1250000000
42991  5.310  -48.602  54.156 0.1250000000
43060  8.033  -48.473  51.362 0.1250000000
148342  15.757  -45.636  48.583 0.3750000000
36412  4.776  -53.080  56.720 0.5000000000
37550  4.673  -52.602  57.007 0.3750000000
38687  4.450  -51.991  56.661 0.3750000000
133890  4.540  -52.372  56.823 0.3750000000
39713  4.414  -51.383  56.669 0.3750000000
40789  4.459  -50.100  56.166 0.1250000000
142782  4.420  -50.843  56.168 0.3750000000
42967  4.978  -48.617  54.588 0.1250000000
140234  5.823  -47.093  53.984 0.1250000000
48476  19.756  -41.735  54.899 0.5000000000
45235  6.946  -47.003  52.772 0.1250000000
44162  9.040  -47.021  50.376 0.1250000000
150334  8.755  -46.169  47.939 0.1250000000
36409  5.896  -52.964  56.934 0.5000000000
36400  5.677  -52.496  57.444 0.5000000000
37530  4.749  -51.998  58.029 0.5000000000
36401  5.152  -52.613  57.469 0.5000000000
38661  4.619  -52.020  57.703 0.5000000000
136785  4.517  -51.484  57.971 0.3750000000
38674  4.461  -51.615  57.374 0.3750000000
139715  4.456  -49.257  57.263 0.2500000000
41867  4.466  -49.843  56.890 0.2500000000
40751  4.383  -49.950  57.711 0.3750000000
47372  18.537  -42.318  55.845 0.2500000000
48457  19.587  -42.039  56.633 0.2500000000
44075  4.970  -47.803  55.005 0.1250000000
44063  4.777  -47.166  55.646 0.1250000000
45201  4.940  -46.281  55.496 0.1250000000
37528  5.452  -51.393  58.644 0.3750000000
38650  4.637  -51.419  58.399 0.5000000000
42923  4.499  -48.639  57.774 0.2500000000
46247  16.746  -43.266  57.309 0.2500000000
45192  4.594  -46.359  56.802 0.1250000000
46251  4.616  -45.611  56.541 0.1250000000
149475  19.957  -41.795  56.194 0.2500000000
128600  20.393  -41.648  55.772 0.3750000000
54013  27.362  -38.494  45.873 0.1250000000
52727  28.425  -38.870  47.099 0.1250000000
55170  28.920  -37.013  47.366 0.1250000000
52740  31.686  -39.048  46.339 0.2500000000
52769  31.435  -39.053  43.832 0.2500000000
132304  6.597  -51.414  57.617 0.5000000000
38646  6.450  -50.855  58.675 0.3750000000
38647  5.875  -50.963  59.094 0.3750000000
48396  20.170  -41.595  58.827 0.2500000000
48417  19.571  -42.000  58.324 0.2500000000
49468  20.721  -41.166  60.232 0.2500000000
47314  17.448  -42.874  58.830 0.2500000000
46235  16.686  -43.245  58.088 0.2500000000
46222  15.208  -44.630  58.525 0.5000000000
147159  14.714  -44.238  56.231 0.5000000000
48456  20.149  -41.741  56.755 0.3750000000
142243  27.059  -36.857  46.183 0.3750000000
135255  27.286  -36.055  46.437 0.3750000000
54032  30.792  -37.818  44.952 0.2500000000
51621  33.521  -40.031  41.914 0.2500000000
53769  21.648  -38.269  62.963 0.2500000000
51374  20.708  -39.351  62.290 0.2500000000
50403  19.761  -40.153  61.696 0.2500000000
48362  19.346  -41.863  60.519 0.2500000000
48364  17.959  -42.511  60.906 0.2500000000
48381  18.832  -42.440  60.123 0.2500000000
46208  16.752  -43.517  59.471 0.2500000000
50409  22.470  -39.782  60.789 0.2500000000
50410  21.627  -40.210  60.879 0.2500000000
48398  18.876  -42.467  59.482 0.2500000000
47313  18.160  -42.656  59.100 0.2500000000
147216  16.994  -43.359  59.086 0.2500000000
46192  15.910  -44.047  59.326 0.2500000000
46210  15.239  -44.782  59.094 0.3750000000
46239  14.311  -44.654  57.391 0.5000000000
50429  22.430  -40.100  59.258 0.2500000000
138412  22.591  -40.316  57.056 0.3750000000
49521  22.707  -40.294  56.295 0.3750000000
54995  21.517  -37.784  62.286 0.2500000000
53783  21.219  -38.235  62.406 0.2500000000
52513  19.157  -39.689  61.052 0.2500000000
51380  19.428  -39.861  61.442 0.2500000000
49441  18.119  -41.384  61.287 0.2500000000
48349  17.670  -42.177  61.246 0.2500000000
151680  17.380  -41.895  61.322 0.2500000000
129202  15.276  -44.090  61.580 0.2500000000
147296  15.468  -43.923  60.445 0.2500000000
134597  38.073  -36.933  55.515 0.3750000000
53867  37.088  -36.453  56.348 0.3750000000
54094  35.241  -38.763  40.661 0.5000000000
49442  17.429  -41.447  61.149 0.2500000000
131793  39.424  -37.369  53.369 0.2500000000
128914  39.933  -37.466  53.499 0.2500000000
133130  38.602  -37.062  52.858 0.3750000000
52617  40.869  -37.108  53.267 0.2500000000
128913  40.355  -37.261  52.856 0.2500000000
151106  40.537  -38.159  50.356 0.2500000000
77720  52.238  -15.816  27.118 0.1250000000
76764  50.540  -16.025  27.724 0.1250000000
79850  54.600  -13.206  24.291 0.1250000000
81896  54.723  -11.835  23.805 0.1250000000
81895  55.323  -11.492  23.412 0.1250000000
81884  53.133  -11.417  25.433 0.3750000000
82828  54.867  -10.331  27.528 0.7500000000
39682  4.434  -50.288  59.374 0.2500000000
40711  4.354  -49.809  59.525 0.2500000000
40723  4.281  -50.190  58.921 0.2500000000
154442  4.764  -51.105  58.868 0.2500000000
152586  4.605  -49.105  60.274 0.2500000000
41801  4.482  -49.195  59.822 0.2500000000
141800  4.391  -49.537  58.731 0.2500000000
39674  6.315  -50.511  59.404 0.2500000000
38634  5.680  -50.578  59.648 0.2500000000
131604  4.623  -50.155  59.884 0.2500000000
39672  7.095  -50.075  59.043 0.2500000000
38648  5.372  -50.867  59.263 0.2500000000
51409  17.668  -39.944  59.702 0.1250000000
130156  14.977  -41.851  60.552 0.1250000000
48365  12.747  -43.308  62.371 0.1250000000
48354  12.098  -43.797  62.378 0.1250000000
46152  10.319  -44.876  62.474 0.1250000000
56180  22.005  -37.207  61.251 0.1250000000
53817  20.125  -38.557  60.713 0.1250000000
131144  19.270  -39.147  60.185 0.1250000000
52532  18.117  -39.786  60.150 0.1250000000
51400  17.467  -40.395  60.165 0.1250000000
50413  15.489  -41.845  60.586 0.1250000000
49435  13.696  -43.048  62.577 0.1250000000
48341  13.408  -43.229  62.720 0.1250000000
46140  11.835  -44.999  62.577 0.1250000000
46141  10.962  -45.088  62.910 0.1250000000
42836  9.859  -47.027  62.523 0.1250000000
42838  8.640  -47.154  62.501 0.1250000000
40682  7.450  -48.997  61.589 0.2500000000
41759  6.272  -48.059  61.754 0.2500000000
145058  4.818  -49.022  60.557 0.2500000000
146412  4.560  -48.126  60.592 0.2500000000
56179  22.568  -36.648  61.915 0.1250000000
55006  20.620  -38.228  61.186 0.1250000000
53818  19.634  -38.964  60.506 0.1250000000
52524  18.098  -40.134  60.567 0.1250000000
51391  17.255  -40.926  60.609 0.1250000000
50407  15.861  -42.015  60.839 0.1250000000
49444  14.670  -42.453  61.256 0.1250000000
47241  13.936  -44.021  62.407 0.1250000000
47226  13.154  -44.244  62.551 0.1250000000
137287  11.937  -46.212  61.637 0.1250000000
42847  10.739  -47.153  61.587 0.1250000000
41755  9.374  -47.848  61.867 0.1250000000
40691  8.282  -48.890  60.693 0.2500000000
39666  7.262  -49.623  60.229 0.2500000000
39657  5.907  -49.892  60.433 0.2500000000
51390  17.843  -40.618  60.903 0.1250000000
49443  15.714  -42.249  61.073 0.1250000000
48351  14.901  -42.819  61.867 0.1250000000
148916  14.536  -43.337  62.154 0.1250000000
42859  11.434  -46.894  61.038 0.2500000000
42872  11.014  -47.116  60.934 0.2500000000
42873  10.372  -47.517  60.999 0.1250000000
40709  8.050  -48.805  59.413 0.3750000000
48350  15.763  -42.873  61.391 0.1250000000
40734  7.922  -49.056  58.028 0.3750000000
40735  7.377  -49.737  58.437 0.3750000000
47238  15.590  -43.717  61.540 0.1250000000
40750  7.375  -49.974  57.734 0.3750000000
143526  38.746  -37.328  56.189 0.2500000000
52568  37.240  -36.931  57.016 0.2500000000
56172  22.040  -37.307  62.093 0.1250000000
55005  21.275  -37.753  61.446 0.1250000000
128241  14.929  -45.131  62.966 0.1250000000
46150  13.937  -44.856  62.246 0.1250000000
45126  12.685  -45.258  61.904 0.1250000000
41798  9.536  -47.807  60.510 0.3750000000
41786  8.811  -48.338  60.603 0.2500000000
57177  23.032  -36.184  62.533 0.1250000000
48338  15.210  -43.923  61.886 0.1250000000
46149  15.298  -45.558  63.042 0.1250000000
131840  14.004  -44.650  61.803 0.1250000000
43981  12.792  -45.809  61.014 0.2500000000
42884  11.003  -46.882  60.407 0.2500000000
42885  10.309  -47.391  60.438 0.2500000000
41813  8.611  -48.211  59.337 0.3750000000
56170  23.281  -36.162  63.081 0.1250000000
56171  22.655  -36.782  62.670 0.1250000000
46160  15.740  -45.071  62.486 0.1250000000
45144  13.762  -44.874  60.669 0.1250000000
43980  13.384  -45.232  60.967 0.2500000000
131521  11.837  -46.190  59.930 0.3750000000
42894  10.875  -46.765  59.523 0.3750000000
41812  9.258  -47.771  59.185 0.3750000000
143174  8.637  -48.218  58.821 0.3750000000
41829  8.394  -48.557  58.153 0.3750000000
57167  23.947  -35.616  63.591 0.1250000000
56160  23.635  -36.304  63.622 0.1250000000
56161  22.913  -36.846  63.241 0.1250000000
45148  14.827  -44.347  60.724 0.1250000000
45150  13.774  -45.015  59.912 0.3750000000
45151  13.075  -45.362  59.805 0.3750000000
44001  12.286  -45.757  59.485 0.3750000000
42902  10.281  -47.128  58.864 0.3750000000
41828  9.120  -48.075  57.787 0.3750000000
147070  43.409  -36.382  57.119 0.1250000000
55046  42.878  -36.118  57.393 0.1250000000
56208  42.356  -35.938  57.693 0.1250000000
57162  24.280  -35.794  64.041 0.1250000000
53754  22.902  -37.564  63.457 0.1250000000
54985  22.173  -37.801  63.185 0.1250000000
45158  13.008  -45.191  59.132 0.3750000000
42922  9.714  -47.580  57.450 0.3750000000
56233  43.881  -36.583  56.787 0.1250000000
151463  42.971  -36.713  56.972 0.1250000000
151348  42.390  -36.700  57.133 0.1250000000
56156  24.664  -35.951  64.332 0.1250000000
54975  23.659  -37.060  63.835 0.1250000000
52503  22.352  -38.850  63.235 0.1250000000
42933  10.271  -47.089  57.127 0.3750000000
55061  44.087  -36.917  56.322 0.1250000000
55062  43.391  -36.981  56.547 0.1250000000
53865  42.211  -37.304  56.053 0.1250000000
53849  41.985  -37.179  56.577 0.1250000000
53837  40.800  -37.305  57.042 0.1250000000
53838  39.929  -37.402  57.100 0.1250000000
135197  24.343  -36.847  64.135 0.1250000000
53766  23.758  -38.267  63.373 0.1250000000
52576  41.616  -37.332  55.531 0.1250000000
53866  41.516  -37.411  56.126 0.1250000000
53851  40.358  -37.489  56.641 0.2500000000
52501  24.530  -38.170  63.128 0.1250000000
134485  41.292  -37.246  54.858 0.1250000000
52564  40.770  -37.532  56.213 0.2500000000
52550  39.464  -37.409  56.812 0.2500000000
52537  37.966  -37.121  57.759 0.1250000000
52538  37.098  -37.396  58.214 0.1250000000
51371  23.690  -39.014  62.156 0.1250000000
50408  23.368  -39.439  60.637 0.1250000000
52577  40.381  -37.526  55.797 0.2500000000
52552  37.460  -37.179  57.515 0.2500000000
52540  36.356  -37.776  59.050 0.1250000000
147712  36.487  -38.094  60.203 0.1250000000
50418  23.690  -39.354  59.827 0.1250000000
150495  37.126  -37.131  57.452 0.2500000000
52554  36.471  -37.451  58.283 0.2500000000
53840  35.943  -37.590  58.506 0.2500000000
53868  36.708  -36.517  56.738 0.2500000000
53853  35.981  -37.050  57.743 0.2500000000
53854  35.306  -37.168  58.329 0.2500000000
55048  36.037  -36.530  57.038 0.2500000000
55049  35.380  -36.708  57.642 0.2500000000
44016  10.904  -46.642  58.693 0.3750000000
58159  24.858  -34.357  63.934 0.1250000000
58160  24.322  -34.807  63.519 0.1250000000
151406  11.888  -45.921  59.011 0.3750000000
42921  10.298  -47.069  58.064 0.3750000000
59220  25.371  -33.496  64.128 0.1250000000
57166  24.602  -35.121  63.972 0.1250000000
45167  13.814  -44.964  58.678 0.3750000000
144860  12.275  -45.620  58.751 0.3750000000
44015  11.554  -46.128  58.448 0.3750000000
44036  10.868  -46.601  57.814 0.3750000000
144021  44.150  -37.104  54.671 0.1250000000
145785  41.719  -35.865  57.932 0.1250000000
152931  25.256  -35.144  64.383 0.1250000000
45168  12.907  -45.147  58.343 0.3750000000
44035  11.423  -46.189  57.469 0.3750000000
53892  43.364  -37.090  54.274 0.1250000000
55086  43.691  -37.302  55.123 0.1250000000
53881  42.365  -37.324  55.483 0.1250000000
57208  41.434  -35.099  58.202 0.1250000000
143287  40.890  -35.873  58.047 0.1250000000
150866  40.362  -37.103  57.389 0.1250000000
54968  25.190  -36.113  64.479 0.1250000000
52496  25.153  -37.604  63.471 0.1250000000
44034  11.932  -45.658  57.032 0.3750000000
53904  42.655  -36.882  53.852 0.1250000000
53880  43.015  -37.386  55.342 0.1250000000
52592  41.900  -37.204  55.059 0.1250000000
57198  39.921  -35.222  58.539 0.1250000000
56194  39.915  -35.992  58.429 0.1250000000
55021  39.533  -36.698  58.251 0.1250000000
51370  24.546  -38.394  62.507 0.1250000000
45190  12.571  -45.151  56.559 0.3750000000
144245  42.320  -36.824  53.011 0.1250000000
52628  41.968  -36.857  53.347 0.1250000000
52615  42.226  -36.934  54.178 0.1250000000
57188  38.946  -35.190  59.020 0.1250000000
56195  39.001  -35.797  59.027 0.1250000000
53807  38.071  -36.915  59.177 0.1250000000
53809  37.045  -37.943  60.352 0.1250000000
52509  25.340  -37.969  62.309 0.1250000000
51386  24.701  -38.536  61.003 0.1250000000
56187  37.656  -36.507  60.409 0.1250000000
54991  36.684  -36.911  61.419 0.1250000000
151913  35.337  -37.932  59.808 0.2500000000
51408  24.324  -38.986  59.784 0.2500000000
150166  41.647  -36.867  52.378 0.1250000000
53773  36.517  -38.058  62.501 0.2500000000
53811  34.866  -37.917  60.305 0.2500000000
55036  34.447  -37.230  58.729 0.2500000000
50427  24.126  -39.230  59.079 0.2500000000
50438  23.606  -39.596  58.507 0.2500000000
52645  41.034  -37.061  51.617 0.1250000000
146309  34.603  -37.974  61.137 0.2500000000
55023  34.075  -37.421  59.351 0.2500000000
141223  34.090  -36.508  57.957 0.2500000000
52666  40.601  -38.540  50.487 0.3750000000
56197  32.435  -36.536  59.519 0.2500000000
56222  33.399  -36.277  58.255 0.2500000000
56210  32.294  -35.891  58.880 0.2500000000
59219  25.802  -33.562  64.290 0.1250000000
57161  25.633  -34.924  64.548 0.1250000000
55097  43.822  -36.860  53.874 0.1250000000
55108  43.406  -36.616  52.943 0.1250000000
56147  25.742  -36.029  64.507 0.1250000000
56146  26.292  -36.165  64.410 0.1250000000
55098  43.017  -36.831  53.473 0.1250000000
53747  26.280  -36.901  64.080 0.1250000000
52644  41.911  -36.871  52.070 0.1250000000
53923  42.174  -36.787  51.744 0.1250000000
52508  26.066  -37.513  62.217 0.1250000000
52521  25.466  -38.039  61.580 0.1250000000
148543  41.238  -37.105  51.201 0.1250000000
58191  38.865  -34.895  58.986 0.1250000000
57190  37.279  -34.955  60.856 0.1250000000
51398  24.768  -38.565  60.216 0.1250000000
52685  41.147  -38.334  49.558 0.1250000000
53950  41.452  -38.387  49.329 0.1250000000
57182  36.408  -34.822  62.173 0.1250000000
50437  24.171  -39.364  58.241 0.2500000000
52665  40.888  -38.475  49.959 0.1250000000
52686  41.204  -38.725  49.636 0.2500000000
56169  35.787  -35.719  62.475 0.1250000000
53796  33.308  -37.791  61.534 0.1250000000
56198  31.412  -36.134  59.601 0.1250000000
56224  29.512  -35.231  58.467 0.2500000000
57160  26.367  -35.079  64.609 0.1250000000
53922  42.763  -36.613  52.184 0.1250000000
59217  26.950  -33.778  64.279 0.1250000000
57159  27.177  -35.340  64.476 0.1250000000
53914  42.584  -36.747  52.640 0.1250000000
53935  41.997  -36.787  50.859 0.1250000000
138318  28.467  -34.708  64.353 0.1250000000
54973  27.464  -36.626  63.794 0.1250000000
52520  26.192  -37.535  61.695 0.1250000000
57157  29.117  -35.388  64.339 0.1250000000
52507  26.900  -37.125  62.127 0.1250000000
150615  25.950  -37.780  61.187 0.1250000000
53936  41.362  -37.495  49.937 0.1250000000
128638  35.541  -33.684  59.841 0.1250000000
130244  28.731  -36.627  62.420 0.1250000000
52519  26.710  -37.279  61.295 0.1250000000
51406  25.404  -38.332  59.307 0.2500000000
58179  35.231  -34.701  62.476 0.1250000000
52528  27.488  -37.108  60.020 0.2500000000
52542  26.641  -37.511  59.581 0.2500000000
150128  25.424  -38.379  58.800 0.2500000000
51417  24.816  -38.802  58.718 0.2500000000
56158  34.568  -35.696  63.119 0.1250000000
53841  27.628  -36.884  58.960 0.2500000000
52555  26.771  -37.389  58.399 0.2500000000
150074  26.125  -37.830  58.309 0.2500000000
55004  32.441  -37.682  61.299 0.1250000000
56199  30.571  -35.815  59.573 0.1250000000
55053  27.714  -36.222  57.904 0.2500000000
53856  27.315  -36.873  58.135 0.2500000000
53857  26.587  -37.333  57.497 0.2500000000
52582  25.914  -37.842  56.857 0.2500000000
55128  42.410  -36.569  50.488 0.1250000000
53934  42.496  -36.586  51.273 0.1250000000
55138  41.881  -36.998  49.909 0.1250000000
53948  41.820  -36.984  50.079 0.1250000000
53949  41.490  -37.880  49.432 0.1250000000
55148  41.873  -36.949  49.353 0.1250000000
53966  41.765  -37.542  49.412 0.1250000000
53967  41.901  -37.970  48.962 0.1250000000
56151  30.359  -36.261  64.135 0.1250000000
55149  41.902  -37.434  48.759 0.1250000000
53985  41.963  -37.863  48.303 0.1250000000
56149  32.591  -35.624  63.942 0.1250000000
54970  31.391  -36.886  63.799 0.1250000000
53780  29.482  -36.690  62.233 0.1250000000
54980  32.695  -37.133  63.187 0.1250000000
53798  30.747  -37.714  62.112 0.1250000000
53815  29.394  -36.435  61.025 0.1250000000
53831  27.989  -36.814  59.743 0.2500000000
55016  30.703  -36.883  60.768 0.1250000000
53814  29.854  -36.442  60.604 0.1250000000
55039  28.928  -36.063  59.194 0.1250000000
61730  38.333  -30.930  35.865 0.1250000000
62803  38.216  -30.346  35.433 0.1250000000
61626  35.405  -31.301  38.971 0.5000000000
61705  37.472  -31.146  36.306 0.1250000000
149190  36.246  -31.056  36.842 0.2500000000
61678  35.945  -31.167  37.209 0.3750000000
61731  37.696  -30.676  35.793 0.1250000000
62783  36.554  -30.386  36.325 0.2500000000
62763  36.051  -30.594  36.830 0.3750000000
63934  37.275  -29.280  35.525 0.2500000000
67155  38.445  -26.487  34.139 0.2500000000
67142  37.943  -26.978  34.409 0.2500000000
66177  37.608  -27.747  34.818 0.2500000000
65121  37.224  -28.450  35.447 0.2500000000
68117  38.024  -26.093  34.596 0.2500000000
62764  35.623  -30.644  37.559 0.5000000000
66163  37.381  -27.594  35.465 0.5000000000
68099  37.754  -26.182  35.342 0.3750000000
71003  40.902  -21.613  32.771 0.2500000000
71921  39.489  -20.894  33.782 0.3750000000
71940  40.760  -20.872  32.746 0.2500000000
76602  49.597  -16.942  42.933 0.3750000000
75653  50.062  -17.274  43.745 0.3750000000
74691  47.917  -18.817  42.006 0.5000000000
73742  46.605  -20.012  41.324 0.6250000000
80712  57.589  -12.679  43.092 0.1250000000
77576  51.486  -15.316  43.752 0.2500000000
79619  57.482  -13.603  44.319 0.1250000000
149025  55.697  -14.726  44.773 0.1250000000
79618  59.228  -13.622  44.254 0.1250000000
79620  56.184  -14.209  44.487 0.1250000000
77561  55.179  -15.014  44.967 0.1250000000
76587  53.452  -15.949  45.061 0.1250000000
76589  51.682  -16.522  44.639 0.1250000000
77563  53.743  -15.320  44.755 0.1250000000
77564  52.983  -15.483  44.587 0.1250000000
75652  50.807  -16.904  44.209 0.2500000000
77575  52.467  -15.023  44.130 0.1250000000
77565  52.060  -15.706  44.387 0.1250000000
81726  57.358  -11.749  42.413 0.1250000000
75654  49.610  -17.665  43.395 0.3750000000
81736  56.910  -11.005  41.654 0.1250000000
76600  51.117  -16.073  43.982 0.2500000000
73721  48.348  -19.329  42.721 0.5000000000
82693  57.009  -10.891  40.893 0.2500000000
81775  56.957  -11.792  39.397 0.2500000000
81755  56.335  -11.209  40.286 0.2500000000
72803  45.889  -21.272  41.324 0.6250000000
81776  55.502  -11.664  39.543 0.2500000000
129564  55.354  -11.134  40.489 0.2500000000
80751  55.078  -12.297  38.713 0.2500000000
77549  55.640  -15.086  45.110 0.1250000000
76586  54.204  -15.734  45.169 0.1250000000
75636  52.232  -17.041  45.242 0.1250000000
77550  54.944  -15.471  45.239 0.1250000000
75637  51.339  -17.413  44.879 0.1250000000
75638  50.519  -17.753  44.430 0.1250000000
74672  49.835  -18.026  44.045 0.3750000000
74673  49.402  -18.414  43.567 0.5000000000
74674  48.922  -18.839  43.109 0.5000000000
73722  47.787  -19.982  42.300 0.5000000000
72801  47.185  -20.597  41.858 0.6250000000
71828  47.042  -21.524  42.035 0.6250000000
152667  46.284  -21.701  41.560 0.6250000000
72802  46.516  -21.123  41.594 0.6250000000
80749  57.499  -12.236  38.631 0.2500000000
80750  56.253  -12.342  38.802 0.2500000000
79702  56.389  -13.065  37.728 0.2500000000
80774  55.730  -12.716  38.203 0.2500000000
74661  49.664  -18.790  44.201 0.1250000000
73709  49.215  -19.514  43.940 0.1250000000
72786  47.613  -21.258  42.635 0.3750000000
70908  47.108  -22.277  42.447 0.5000000000
74660  50.199  -18.613  44.659 0.1250000000
73710  48.715  -19.757  43.341 0.5000000000
71829  46.636  -21.969  41.814 0.6250000000
70909  46.598  -22.549  41.942 0.6250000000
70910  46.189  -22.962  41.665 0.6250000000
72785  48.268  -20.428  43.048 0.5000000000
71830  46.061  -22.119  41.491 0.6250000000
79706  56.679  -13.445  37.099 0.2500000000
78654  55.232  -14.081  35.906 0.2500000000
75616  55.081  -16.649  46.140 0.1250000000
69989  46.403  -23.609  42.230 0.3750000000
69990  45.986  -23.555  41.720 0.3750000000
140987  45.498  -23.882  41.486 0.3750000000
78666  55.419  -14.573  35.003 0.2500000000
78680  55.594  -14.924  33.909 0.2500000000
69047  46.060  -24.252  42.072 0.2500000000
70898  46.810  -23.059  42.473 0.3750000000
81868  56.273  -10.515  28.951 0.6250000000
82818  57.253  -10.264  28.857 0.5000000000
82826  56.618  -9.998  28.201 0.5000000000
128720  55.884  -10.046  27.595 0.6250000000
59218  26.370  -33.689  64.329 0.1250000000
59225  26.763  -33.137  64.107 0.1250000000
140043  7.609  -50.161  56.903 0.3750000000
45181  12.778  -45.182  57.489 0.3750000000
55050  34.652  -36.407  57.505 0.2500000000
63935  36.824  -29.883  35.930 0.2500000000
140475  39.352  -21.775  33.774 0.2500000000
72915  40.110  -20.468  33.302 0.2500000000
141910  56.635  -12.696  38.274 0.2500000000
82827  55.584  -10.466  28.394 0.6250000000
56328  41.302  -36.357  48.144 0.1250000000
67127  37.522  -26.888  34.881 0.3750000000
78588  54.021  -14.771  44.542 0.1250000000
79632  58.439  -13.490  43.969 0.1250000000
142197  57.117  -13.684  44.224 0.1250000000
52703  40.760  -39.263  49.050 0.5000000000
38649  5.015  -51.036  59.095 0.2500000000
153007  4.645  -50.903  59.007 0.2500000000
39681  6.859  -50.639  58.178 0.3750000000
39680  7.085  -50.187  58.352 0.3750000000
52502  23.070  -38.850  63.163 0.1250000000
138968  23.791  -38.737  62.864 0.1250000000
51399  24.155  -39.034  60.449 0.1250000000
140449  19.796  -38.944  60.898 0.1250000000
46193  15.209  -44.454  59.767 0.1250000000
45156  14.554  -44.848  59.450 0.2500000000
45157  13.844  -44.967  59.369 0.3750000000
50447  24.076  -39.458  57.421 0.2500000000
51389  18.473  -40.159  60.914 0.1250000000
52522  19.504  -39.266  60.961 0.1250000000
144663  16.710  -42.083  61.300 0.1250000000
51416  25.181  -38.547  58.254 0.2500000000
51426  24.968  -38.671  57.509 0.2500000000
51425  25.401  -38.303  57.121 0.2500000000
52565  39.949  -37.490  56.322 0.2500000000
149035  41.052  -37.504  55.801 0.1250000000
134184  26.941  -36.648  57.301 0.2500000000
52702  41.271  -38.911  49.229 0.2500000000
56211  31.106  -35.478  59.122 0.2500000000
55052  28.612  -35.728  58.433 0.2500000000
45143  14.419  -44.487  61.448 0.1250000000
52581  36.766  -36.792  57.081 0.2500000000
134606  16.685  -41.897  61.179 0.1250000000
147824  40.782  -37.644  50.472 0.1250000000
137483  4.474  -49.586  59.944 0.2500000000
39675  4.715  -50.663  59.360 0.2500000000
41800  4.549  -48.841  60.254 0.2500000000
39659  4.962  -50.039  60.193 0.2500000000
42874  4.438  -48.346  60.154 0.2500000000
39656  6.589  -49.819  60.353 0.2500000000
133979  6.781  -50.036  59.733 0.2500000000
39667  6.126  -50.269  59.996 0.2500000000
39673  6.892  -50.231  59.003 0.2500000000
38635  5.108  -50.536  59.731 0.2500000000
39668  5.481  -50.253  60.106 0.2500000000
39665  7.326  -49.686  59.487 0.2500000000
51401  16.710  -40.860  59.926 0.1250000000
49455  14.570  -42.305  60.979 0.1250000000
49456  13.843  -42.733  61.663 0.1250000000
48353  13.310  -43.194  62.689 0.1250000000
48343  12.156  -43.978  62.475 0.1250000000
47259  11.300  -44.373  62.322 0.1250000000
47243  11.348  -44.562  62.414 0.1250000000
46142  10.567  -45.239  62.837 0.1250000000
131263  10.098  -45.566  62.691 0.1250000000
55017  21.397  -37.551  60.783 0.1250000000
149148  20.740  -38.029  60.169 0.1250000000
53819  19.252  -39.299  60.498 0.1250000000
52531  18.679  -39.429  60.069 0.1250000000
50412  16.328  -41.503  60.465 0.1250000000
154467  16.732  -41.446  60.693 0.1250000000
48352  14.157  -42.924  62.121 0.1250000000
47227  12.419  -44.187  62.625 0.1250000000
45115  12.177  -45.229  62.363 0.1250000000
43958  11.720  -45.947  62.217 0.1250000000
43945  10.500  -46.577  62.533 0.1250000000
42848  9.990  -47.384  62.019 0.1250000000
42837  9.116  -47.503  62.495 0.1250000000
43947  9.181  -46.760  62.658 0.1250000000
41757  7.570  -48.342  62.023 0.2500000000
152491  8.227  -48.859  61.213 0.2500000000
41758  6.943  -48.256  61.956 0.2500000000
41745  7.627  -47.675  62.118 0.2500000000
40692  7.784  -49.246  60.994 0.2500000000
40693  7.059  -49.437  61.027 0.2500000000
40685  5.724  -48.700  61.396 0.2500000000
40684  6.277  -48.845  61.567 0.2500000000
40695  5.033  -49.462  60.491 0.2500000000
42863  4.797  -47.773  61.011 0.2500000000
43971  11.374  -46.863  61.315 0.1250000000
43970  12.003  -46.462  61.188 0.1250000000
41770  8.704  -48.400  61.375 0.2500000000
40702  7.801  -49.288  60.075 0.2500000000
40701  8.194  -48.813  59.994 0.3750000000
40710  7.677  -49.292  59.407 0.3750000000
42871  11.427  -46.849  60.936 0.2500000000
41799  8.688  -48.198  59.938 0.3750000000
40721  7.984  -48.868  58.824 0.3750000000
40722  7.540  -49.475  58.920 0.3750000000
52567  37.984  -37.108  56.845 0.2500000000
133644  14.721  -45.799  63.324 0.1250000000
154634  13.197  -45.269  61.394 0.1250000000
131021  9.407  -47.704  59.840 0.3750000000
45133  15.510  -45.553  62.765 0.1250000000
45134  13.617  -44.905  61.558 0.1250000000
42883  11.788  -46.468  60.510 0.3750000000
133740  12.489  -46.034  60.660 0.3750000000
42895  10.150  -47.306  59.613 0.3750000000
43992  12.423  -45.891  60.207 0.3750000000
146823  11.370  -46.541  59.987 0.3750000000
44002  11.539  -46.313  59.299 0.3750000000
148865  9.699  -47.510  58.918 0.3750000000
133515  9.126  -47.924  58.548 0.3750000000
56157  24.055  -36.424  64.026 0.1250000000
45149  14.451  -44.685  60.073 0.2500000000
42903  9.706  -47.537  58.298 0.3750000000
142145  41.896  -36.445  57.470 0.1250000000
53850  41.216  -37.402  56.598 0.1250000000
55075  43.617  -37.293  55.884 0.1250000000
53823  39.650  -37.143  57.711 0.1250000000
53839  39.015  -37.300  57.390 0.1250000000
53752  24.920  -37.231  64.015 0.1250000000
53825  37.618  -37.217  58.656 0.1250000000
52553  36.788  -37.379  58.062 0.2500000000
53826  36.994  -37.609  59.122 0.1250000000
52539  36.589  -37.588  58.656 0.2500000000
51375  24.606  -38.503  61.807 0.1250000000
53828  35.833  -38.001  59.467 0.2500000000
53810  35.666  -38.058  60.335 0.2500000000
53852  36.372  -37.144  57.769 0.2500000000
53869  36.363  -36.744  57.168 0.2500000000
129837  34.623  -36.816  58.111 0.2500000000
58151  25.519  -34.164  64.342 0.1250000000
44014  12.100  -45.626  57.971 0.3750000000
53893  42.917  -37.222  54.612 0.1250000000
55035  40.268  -36.587  57.890 0.1250000000
53748  25.625  -36.921  64.213 0.1250000000
52495  25.725  -37.420  63.331 0.1250000000
55022  38.930  -36.477  58.810 0.1250000000
57189  37.958  -35.129  59.868 0.1250000000
56186  38.256  -36.395  59.628 0.1250000000
55012  37.685  -37.061  60.129 0.1250000000
56177  37.153  -36.236  61.082 0.1250000000
55002  36.983  -37.152  60.989 0.1250000000
136837  36.902  -38.049  61.573 0.1250000000
141795  36.341  -36.571  62.002 0.1250000000
56178  36.856  -35.684  61.534 0.1250000000
51407  24.805  -38.686  59.488 0.1250000000
53755  36.191  -37.979  62.752 0.1250000000
53794  35.717  -38.018  61.939 0.1250000000
144320  35.308  -38.048  61.114 0.2500000000
55013  33.444  -37.373  60.128 0.2500000000
55037  33.813  -36.897  58.550 0.2500000000
53795  34.145  -37.933  61.669 0.1250000000
56196  33.336  -37.053  59.314 0.2500000000
55025  31.661  -36.859  60.188 0.1250000000
54965  26.922  -36.611  64.028 0.1250000000
53765  26.277  -37.175  63.569 0.1250000000
52663  41.483  -37.064  50.963 0.1250000000
52498  26.631  -37.202  62.666 0.1250000000
133314  37.925  -34.835  59.763 0.1250000000
57181  36.949  -35.057  61.676 0.1250000000
146355  36.950  -34.935  61.501 0.1250000000
51397  25.378  -38.194  59.996 0.1250000000
59248  36.621  -34.654  61.548 0.1250000000
137531  36.175  -35.731  62.187 0.1250000000
58169  36.322  -34.874  62.361 0.1250000000
54977  35.429  -36.505  62.610 0.1250000000
141127  35.250  -35.520  62.801 0.1250000000
53756  35.428  -37.425  62.556 0.1250000000
53774  35.497  -37.898  62.474 0.1250000000
55014  32.490  -37.331  60.558 0.1250000000
53757  34.379  -37.495  62.455 0.1250000000
53776  33.530  -37.830  62.279 0.1250000000
55051  29.366  -35.626  58.982 0.1250000000
58149  26.823  -34.465  64.463 0.1250000000
60281  27.352  -32.629  63.831 0.1250000000
58148  27.542  -34.188  64.312 0.1250000000
56154  27.483  -35.999  64.305 0.1250000000
143813  27.612  -34.881  64.493 0.1250000000
153198  28.711  -33.601  63.925 0.1250000000
58158  29.068  -34.115  64.043 0.1250000000
57158  28.192  -35.589  64.405 0.1250000000
56153  28.333  -36.277  64.128 0.1250000000
139731  27.712  -36.778  63.391 0.1250000000
56152  29.289  -36.117  64.182 0.1250000000
58157  30.064  -34.220  63.922 0.1250000000
57156  30.072  -35.523  64.252 0.1250000000
53763  28.316  -36.752  62.856 0.1250000000
52506  27.545  -36.904  61.782 0.1250000000
52530  26.042  -37.758  60.571 0.1250000000
59260  35.290  -33.877  60.752 0.1250000000
60316  34.867  -32.915  59.120 0.1250000000
130729  35.120  -34.155  61.707 0.1250000000
59249  35.784  -34.202  61.382 0.1250000000
52518  27.672  -36.863  61.213 0.2500000000
53801  28.504  -36.631  61.841 0.2500000000
128582  29.865  -36.958  62.862 0.1250000000
149986  29.471  -36.782  63.158 0.1250000000
52529  26.896  -37.297  60.443 0.2500000000
52543  26.026  -37.820  59.816 0.2500000000
58170  35.877  -35.019  62.622 0.1250000000
146689  34.036  -35.049  63.302 0.1250000000
57164  34.769  -35.109  62.961 0.1250000000
153098  34.579  -34.262  62.266 0.1250000000
144686  28.373  -36.664  60.473 0.2500000000
53816  28.550  -36.573  61.164 0.2500000000
52541  27.160  -37.252  59.263 0.2500000000
52556  26.413  -37.688  58.880 0.2500000000
52557  25.950  -37.988  59.147 0.2500000000
142513  25.775  -38.112  58.565 0.2500000000
138983  33.910  -36.188  63.250 0.1250000000
54979  33.619  -36.918  62.910 0.1250000000
54978  34.617  -36.728  62.796 0.1250000000
137392  28.911  -36.528  60.216 0.2500000000
52570  26.076  -37.813  57.698 0.2500000000
53797  31.592  -37.872  61.744 0.1250000000
55038  29.777  -35.897  59.528 0.1250000000
55026  30.467  -36.295  60.123 0.1250000000
53855  28.120  -36.409  58.698 0.2500000000
57155  31.160  -35.573  64.288 0.1250000000
56150  31.045  -36.403  64.132 0.1250000000
54983  30.130  -36.964  63.387 0.1250000000
146126  29.817  -36.675  63.882 0.1250000000
58146  30.701  -34.903  64.216 0.1250000000
57165  33.317  -34.871  63.671 0.1250000000
131458  33.226  -34.727  63.662 0.1250000000
56148  33.466  -35.383  63.581 0.1250000000
54969  32.218  -36.599  63.707 0.1250000000
57154  32.146  -35.199  64.174 0.1250000000
53761  30.567  -37.433  63.095 0.1250000000
53800  29.273  -36.484  61.612 0.2500000000
53779  30.267  -37.235  62.459 0.1250000000
53760  31.334  -37.772  63.248 0.1250000000
53778  31.672  -38.005  62.642 0.1250000000
151593  30.243  -36.742  61.166 0.1250000000
53813  30.749  -37.355  61.376 0.1250000000
137007  28.456  -36.493  59.478 0.2500000000
55027  29.371  -36.310  59.896 0.1250000000
63933  37.972  -29.589  35.180 0.1250000000
62804  37.464  -30.085  35.590 0.1250000000
62782  37.056  -30.589  35.991 0.1250000000
61676  37.667  -31.524  37.018 0.1250000000
76588  52.629  -16.205  44.897 0.1250000000
153037  56.038  -10.192  28.359 0.6250000000
60282  26.552  -32.337  63.825 0.1250000000
53777  32.562  -37.771  62.763 0.1250000000
140033  29.036  -36.546  63.925 0.1250000000
54108  38.463  -38.387  40.135 0.3750000000
80853  57.991  -11.935  30.231 0.5000000000
81861  57.392  -11.296  29.791 0.5000000000
81867  56.963  -10.808  29.400 0.5000000000
82831  56.808  -9.804  27.260 0.3750000000
82825  57.709  -9.723  27.907 0.3750000000
52823  39.056  -38.737  40.584 0.2500000000
145976  57.865  -10.775  29.415 0.3750000000
140170  4.437  -48.552  59.738 0.1250000000
41773  4.638  -48.527  60.593 0.1250000000
141059  5.179  -47.777  61.318 0.1250000000
42886  4.378  -47.808  60.007 0.1250000000
141572  4.376  -47.911  59.422 0.1250000000
141339  4.475  -48.712  59.117 0.1250000000
143412  4.981  -47.132  61.158 0.1250000000
44017  4.372  -47.152  59.028 0.1250000000
42904  4.519  -48.879  58.476 0.1250000000
42850  5.885  -47.489  61.600 0.1250000000
44051  4.478  -47.825  57.522 0.1250000000
42936  4.470  -48.428  56.788 0.1250000000
43993  4.514  -47.086  60.181 0.1250000000
139327  4.408  -47.162  59.708 0.1250000000
42840  7.348  -47.125  61.743 0.1250000000
45276  16.981  -46.421  48.454 0.2500000000
51601  36.524  -40.868  42.199 0.1250000000
149474  36.529  -41.361  43.411 0.1250000000
50647  35.499  -41.186  43.041 0.1250000000
51600  37.462  -40.682  42.340 0.1250000000
52809  38.287  -39.642  41.185 0.1250000000
51616  38.845  -40.019  41.865 0.1250000000
58455  37.149  -34.784  40.003 0.3750000000
131128  37.126  -33.761  40.104 0.3750000000
154468  36.162  -33.367  40.524 0.3750000000
135633  36.874  -32.779  39.794 0.3750000000
59515  36.346  -32.986  40.260 0.3750000000
59514  37.747  -33.009  39.928 0.1250000000
59516  35.773  -32.469  40.045 0.3750000000
143681  36.704  -32.271  39.216 0.3750000000
60556  38.431  -32.502  39.559 0.1250000000
60557  37.495  -32.397  39.372 0.1250000000
60578  36.043  -31.845  38.766 0.3750000000
60576  38.125  -31.920  38.902 0.1250000000
61652  36.316  -31.569  37.759 0.3750000000
61653  35.605  -31.281  37.993 0.3750000000
63946  37.692  -28.719  34.996 0.1250000000
65133  38.163  -28.342  34.604 0.1250000000
64967  46.223  -27.993  46.116 0.1250000000
66968  46.952  -27.526  46.732 0.1250000000
67955  46.442  -25.546  46.494 0.1250000000
68993  46.344  -24.612  45.585 0.1250000000
69028  46.553  -24.384  43.446 0.1250000000
69039  46.371  -24.742  42.963 0.1250000000
155014  45.834  -25.067  42.163 0.2500000000
141833  46.589  -24.095  43.068 0.1250000000
69046  46.400  -24.174  42.626 0.1250000000
71809  47.636  -22.161  43.241 0.2500000000
76729  46.892  -16.205  29.454 0.1250000000
82863  58.956  -9.855  21.703 0.1250000000
83872  58.943  -9.845  22.642 0.1250000000
83878  59.820  -9.491  21.442 0.1250000000
83888  59.755  -9.619  20.464 0.1250000000
131178  57.674  -9.830  25.665 0.1250000000
83819  57.674  -9.676  26.726 0.1250000000
83830  58.671  -10.020  25.291 0.1250000000
83820  56.873  -9.753  26.301 0.1250000000
83858  59.710  -9.526  23.343 0.1250000000
83857  60.474  -8.991  23.195 0.1250000000
83871  59.942  -9.372  22.438 0.1250000000
83870  60.815  -8.886  22.532 0.1250000000
142273  60.529  -9.086  21.923 0.1250000000
83876  61.385  -8.623  20.924 0.1250000000
131615  61.285  -8.686  21.885 0.1250000000
82823  60.065  -9.836  28.237 0.2500000000
82816  59.396  -10.089  28.895 0.2500000000
82817  58.350  -10.101  28.849 0.2500000000
83817  61.093  -9.393  26.760 0.1250000000
152873  59.903  -9.701  27.472 0.1250000000
83810  58.462  -9.607  27.144 0.2500000000
83828  61.178  -9.210  25.621 0.1250000000
146111  60.487  -9.495  25.991 0.1250000000
83821  56.175  -9.855  26.733 0.1250000000
83841  60.226  -9.226  24.096 0.1250000000
81865  59.649  -10.623  29.521 0.1250000000
131115  59.274  -11.340  29.999 0.1250000000
81866  58.842  -10.737  29.470 0.2500000000
81860  58.418  -11.347  29.885 0.2500000000
83806  62.239  -9.385  28.086 0.1250000000
83807  61.446  -9.432  27.738 0.1250000000
82822  60.847  -9.742  28.415 0.1250000000
152286  61.706  -9.243  27.076 0.1250000000
83808  60.616  -9.622  27.637 0.1250000000
83816  62.012  -8.938  26.332 0.1250000000
128853  61.064  -8.979  24.598 0.1250000000
83827  61.919  -8.739  25.160 0.1250000000
129124  61.027  -8.784  23.660 0.1250000000
83855  62.345  -8.507  23.734 0.1250000000
130622  61.100  -8.740  23.022 0.1250000000
84838  62.653  -8.350  23.074 0.1250000000
83868  61.974  -8.436  22.397 0.1250000000
132485  62.671  -8.124  22.246 0.1250000000
84851  62.153  -8.292  21.517 0.1250000000
81849  61.098  -11.433  30.895 0.1250000000
80833  59.500  -12.998  30.961 0.3750000000
82811  61.267  -10.208  29.488 0.1250000000
147975  60.026  -11.110  30.030 0.1250000000
82814  61.963  -9.697  28.838 0.1250000000
82815  61.024  -9.945  28.928 0.1250000000
129233  60.245  -10.098  29.008 0.1250000000
82821  61.432  -9.652  28.480 0.1250000000
84808  64.382  -8.321  26.679 0.1250000000
83814  63.770  -8.681  26.618 0.1250000000
84807  64.414  -8.098  26.192 0.1250000000
153275  63.487  -8.588  26.072 0.1250000000
83815  63.046  -8.769  26.570 0.1250000000
132002  64.360  -6.933  25.883 0.1250000000
85750  64.331  -7.544  24.934 0.1250000000
84819  64.057  -8.121  25.213 0.1250000000
83826  62.852  -8.632  25.699 0.1250000000
135278  64.272  -6.904  24.944 0.1250000000
84828  63.613  -7.762  23.601 0.1250000000
83825  63.491  -8.445  25.353 0.1250000000
84829  63.373  -8.126  23.652 0.1250000000
82810  62.218  -10.035  29.701 0.1250000000
82809  63.068  -9.689  29.200 0.1250000000
83801  63.808  -9.292  28.770 0.1250000000
83802  63.060  -9.395  28.392 0.1250000000
86734  64.532  -7.095  28.144 0.1250000000
83804  64.126  -8.720  27.225 0.1250000000
83805  63.264  -8.990  27.461 0.1250000000
86738  64.301  -6.716  27.538 0.1250000000
86737  64.544  -7.212  27.425 0.1250000000
85743  64.464  -7.745  25.974 0.1250000000
86745  64.184  -6.734  26.630 0.1250000000
86753  64.483  -7.407  25.924 0.1250000000
84799  64.345  -8.448  28.737 0.1250000000
84801  64.587  -7.985  27.507 0.1250000000
84805  64.490  -8.394  27.381 0.1250000000
86735  64.122  -6.483  28.316 0.1250000000
86739  63.759  -6.359  27.405 0.1250000000
135761  36.659  -33.824  40.406 0.3750000000
64974  46.277  -28.064  45.878 0.1250000000
80834  58.611  -12.650  30.640 0.3750000000
143976  18.752  -45.936  48.081 0.2500000000
45275  17.884  -46.187  48.253 0.1250000000
142380  4.435  -48.044  58.531 0.1250000000
51602  35.623  -40.968  42.234 0.1250000000
52810  37.543  -39.790  41.109 0.1250000000
60559  35.567  -31.964  39.560 0.3750000000
44037  4.463  -47.114  58.115 0.1250000000
41814  4.479  -49.189  59.415 0.1250000000
42875  4.526  -47.658  60.435 0.1250000000
80852  58.963  -12.098  30.285 0.2500000000
50629  37.030  -41.160  43.047 0.1250000000
50646  36.197  -41.213  42.948 0.1250000000
50630  35.971  -41.509  43.821 0.1250000000
51617  37.951  -40.242  41.719 0.1250000000
60558  36.149  -32.375  39.593 0.3750000000
60577  37.065  -31.912  38.494 0.3750000000
63784  45.586  -28.581  45.748 0.1250000000
64966  46.491  -27.978  46.669 0.1250000000
63775  44.960  -28.802  46.555 0.1250000000
83877  60.595  -9.056  21.192 0.1250000000
83818  58.578  -9.734  26.243 0.1250000000
130374  59.612  -9.715  25.843 0.1250000000
83829  59.572  -9.829  24.775 0.1250000000
83832  56.060  -9.764  25.926 0.1250000000
83869  61.375  -8.637  22.598 0.1250000000
82824  59.052  -9.695  27.940 0.1250000000
150693  60.177  -9.588  26.750 0.1250000000
83809  59.308  -9.615  26.892 0.1250000000
129125  60.388  -9.469  25.106 0.1250000000
132133  59.465  -9.756  24.036 0.1250000000
153161  60.113  -10.504  29.525 0.1250000000
145870  62.294  -9.145  27.252 0.1250000000
83840  61.773  -8.644  24.130 0.1250000000
83839  62.707  -8.542  24.612 0.1250000000
83854  62.969  -8.427  23.863 0.1250000000
83856  61.711  -8.573  23.179 0.1250000000
82812  60.540  -10.390  29.489 0.1250000000
85737  64.553  -7.653  27.014 0.1250000000
83824  63.977  -8.461  25.981 0.1250000000
83813  64.192  -8.467  26.511 0.1250000000
84818  64.176  -7.760  24.831 0.1250000000
86754  64.448  -7.286  25.233 0.1250000000
86755  63.972  -6.664  25.676 0.1250000000
139483  63.795  -9.073  27.987 0.1250000000
33085  7.528  -57.629  52.311 0.2500000000
34187  7.660  -56.882  52.217 0.2500000000
41962  13.272  -49.515  49.243 0.1250000000
45277  15.997  -46.469  48.550 0.1250000000
57438  37.957  -35.735  38.973 0.2500000000
135489  37.545  -35.022  39.526 0.2500000000
55287  39.820  -37.471  40.069 0.1250000000
56426  38.198  -36.543  39.158 0.1250000000
61677  36.708  -31.304  36.988 0.1250000000
68129  38.732  -25.814  34.013 0.1250000000
70897  47.331  -22.793  43.004 0.1250000000
70997  39.944  -22.410  33.459 0.1250000000
134468  41.114  -23.172  33.027 0.1250000000
138151  40.428  -22.965  33.283 0.1250000000
70996  40.784  -22.369  32.949 0.1250000000
71920  40.181  -21.501  33.255 0.1250000000
82703  58.040  -10.812  40.615 0.1250000000
81754  57.513  -11.260  40.038 0.1250000000
139910  57.848  -11.668  39.222 0.1250000000
146887  57.078  -13.092  37.505 0.1250000000
79715  57.225  -13.246  37.019 0.1250000000
79716  57.002  -13.910  36.324 0.1250000000
79785  59.444  -13.721  31.535 0.2500000000
40836  12.678  -50.194  49.477 0.1250000000
52824  38.403  -39.063  40.583 0.1250000000
54093  39.822  -38.748  40.806 0.1250000000
27175  4.687  -63.243  54.480 0.1250000000
27181  4.159  -62.581  54.204 0.1250000000
27182  3.693  -62.535  54.127 0.1250000000
139684  4.856  -61.046  54.092 0.1250000000
135238  4.026  -60.774  54.205 0.1250000000
29534  6.832  -61.150  53.786 0.1250000000
131651  5.970  -60.350  53.745 0.1250000000
29550  7.418  -60.686  53.566 0.1250000000
30713  6.769  -60.252  53.331 0.1250000000
141886  6.997  -59.426  52.955 0.1250000000
30698  6.098  -59.310  53.706 0.1250000000
31864  6.515  -58.508  53.182 0.1250000000
30725  7.858  -59.433  52.677 0.1250000000
31876  7.383  -58.570  52.490 0.1250000000
33073  6.793  -57.714  52.825 0.1250000000
146070  8.047  -58.123  52.127 0.1250000000
33084  8.312  -57.382  51.821 0.1250000000
34200  8.933  -56.762  51.356 0.1250000000
51540  32.599  -40.325  46.282 0.1250000000
51554  33.219  -40.929  45.860 0.1250000000
140242  38.280  -34.935  39.180 0.1250000000
74860  44.804  -18.763  29.777 0.1250000000
74859  45.587  -18.612  29.543 0.1250000000
75796  44.655  -16.945  30.306 0.1250000000
75817  45.967  -17.755  29.447 0.1250000000
75795  45.569  -16.832  29.805 0.1250000000
77722  49.814  -15.515  27.755 0.1250000000
77721  50.565  -15.193  27.325 0.1250000000
28369  4.457  -61.811  54.145 0.1250000000
33100  9.264  -57.492  51.545 0.1250000000
74842  44.256  -18.033  29.996 0.1250000000
143492  3.621  -63.492  53.757 0.1250000000
27192  2.694  -62.668  53.159 0.1250000000
28370  3.696  -61.635  54.097 0.1250000000
57437  38.611  -35.701  39.007 0.1250000000
27180  5.040  -62.684  54.391 0.1250000000
25954  4.174  -63.556  54.171 0.1250000000
25955  3.955  -64.320  54.060 0.1250000000
28368  5.466  -61.996  54.108 0.1250000000
29535  5.809  -61.214  53.845 0.1250000000
30712  7.567  -60.113  53.145 0.1250000000
31887  8.792  -58.102  52.008 0.1250000000
137961  46.001  -19.185  29.560 0.1250000000
75818  45.069  -17.798  29.663 0.1250000000
22387  4.923  -66.287  53.706 0.1250000000
24797  3.463  -64.049  51.546 0.1250000000
24798  2.812  -64.035  51.831 0.2500000000
25962  2.642  -63.672  53.002 0.1250000000
25970  2.485  -63.645  52.835 0.2500000000
25971  2.914  -63.116  52.828 0.2500000000
26007  4.462  -63.144  51.253 0.1250000000
26027  5.000  -62.803  50.985 0.1250000000
27193  3.242  -62.531  53.014 0.1250000000
27267  6.600  -61.212  49.712 0.1250000000
27269  5.794  -61.515  50.692 0.1250000000
28372  3.427  -61.584  53.452 0.2500000000
28391  3.363  -61.841  52.997 0.2500000000
28406  3.433  -61.627  52.866 0.2500000000
28420  3.849  -62.170  51.969 0.1250000000
29638  6.714  -59.236  47.927 0.1250000000
30738  3.440  -60.099  52.299 0.1250000000
30778  6.364  -59.490  48.311 0.1250000000
30789  7.073  -58.331  47.493 0.1250000000
31877  3.482  -59.224  52.093 0.1250000000
33165  6.561  -57.281  47.126 0.1250000000
36577  5.991  -53.929  45.567 0.1250000000
36597  6.538  -54.238  45.194 0.1250000000
37541  4.982  -52.110  58.071 0.5000000000
37732  6.162  -53.151  45.307 0.1250000000
37754  6.646  -53.232  44.676 0.1250000000
38660  6.046  -51.369  58.512 0.3750000000
38781  8.062  -52.743  48.905 0.1250000000
38848  6.643  -52.736  44.604 0.1250000000
39658  5.355  -49.839  60.389 0.2500000000
39779  6.091  -51.488  46.012 0.1250000000
39788  6.053  -51.772  45.385 0.1250000000
40683  6.896  -48.968  61.678 0.2500000000
40694  6.360  -49.431  60.987 0.2500000000
40703  4.677  -49.571  60.204 0.2500000000
40712  4.344  -49.700  59.289 0.1250000000
41744  8.243  -47.708  62.301 0.1250000000
41746  7.146  -47.576  61.881 0.1250000000
41756  8.610  -48.108  62.142 0.1250000000
41760  5.458  -48.213  61.407 0.1250000000
41771  8.045  -48.614  61.710 0.2500000000
41772  4.934  -48.343  61.038 0.2500000000
41785  9.552  -47.932  61.163 0.2500000000
41969  6.923  -48.966  46.818 0.1250000000
41973  6.094  -49.028  46.053 0.1250000000
41978  5.822  -49.604  45.601 0.1250000000
42835  10.490  -47.031  62.103 0.1250000000
42849  6.698  -47.390  61.668 0.2500000000
42860  10.943  -47.174  61.152 0.1250000000
42861  10.217  -47.502  61.438 0.1250000000
43944  11.139  -46.281  62.515 0.1250000000
43946  9.815  -46.487  62.689 0.1250000000
43959  11.169  -46.676  61.973 0.1250000000
43969  13.524  -44.826  61.874 0.1250000000
43982  11.959  -46.510  60.942 0.2500000000
43991  13.090  -45.501  60.425 0.2500000000
44246  6.331  -47.540  46.211 0.1250000000
44247  6.282  -47.428  46.040 0.1250000000
45116  11.280  -45.575  62.710 0.1250000000
45117  10.714  -46.022  62.792 0.1250000000
45118  10.013  -46.132  62.791 0.1250000000
45119  9.561  -46.104  62.699 0.1250000000
45125  14.614  -46.018  62.957 0.1250000000
45142  15.157  -44.592  61.739 0.2500000000
45308  6.517  -46.738  46.603 0.1250000000
46139  12.702  -44.622  62.376 0.1250000000
46148  15.921  -45.311  62.846 0.1250000000
46151  13.137  -44.913  62.032 0.1250000000
46177  15.887  -43.677  60.832 0.2500000000
46194  15.060  -44.745  59.475 0.1250000000
47228  11.557  -44.891  62.658 0.1250000000
47229  10.980  -44.858  62.839 0.1250000000
47239  15.709  -44.742  62.636 0.1250000000
47240  15.827  -44.923  63.099 0.1250000000
47242  12.088  -44.091  62.501 0.1250000000
47244  10.651  -44.963  62.728 0.1250000000
47258  16.343  -43.186  61.204 0.2500000000
47277  16.591  -43.321  60.886 0.2500000000
47295  18.216  -42.791  59.746 0.2500000000
47312  18.905  -42.431  58.727 0.2500000000
47338  19.075  -42.400  57.116 0.2500000000
47388  18.478  -42.006  54.458 0.5000000000
47390  16.999  -43.180  55.049 0.3750000000
48336  13.071  -43.733  62.820 0.1250000000
48339  14.741  -44.207  62.310 0.1250000000
48340  14.039  -43.241  62.593 0.1250000000
48342  12.836  -43.629  62.649 0.1250000000
48363  18.665  -42.205  60.703 0.2500000000
48415  20.910  -41.448  57.848 0.3750000000
48473  21.693  -40.917  54.596 0.3750000000
48493  19.672  -41.520  54.022 0.5000000000
48510  20.951  -41.253  53.394 0.5000000000
49438  20.378  -40.736  61.338 0.2500000000
49440  18.958  -41.181  61.453 0.2500000000
49445  13.917  -42.834  61.844 0.1250000000
49467  21.356  -40.720  60.166 0.2500000000
49469  20.016  -41.472  60.347 0.2500000000
49544  22.904  -40.341  54.371 0.3750000000
49559  21.717  -41.113  52.535 0.6250000000
49678  24.674  -42.282  45.173 0.7500000000
50406  17.380  -41.139  60.934 0.1250000000
50411  21.060  -40.394  61.248 0.2500000000
50428  23.264  -39.652  59.145 0.3750000000
50448  23.523  -39.752  57.830 0.2500000000
50474  23.884  -39.590  54.629 0.5000000000
50488  23.925  -39.665  53.769 0.6250000000
50512  23.005  -41.559  50.838 0.8750000000
50523  23.330  -40.228  51.013 0.8750000000
50606  25.469  -41.699  45.055 0.6250000000
51372  23.155  -39.104  62.688 0.1250000000
51377  21.980  -39.562  62.257 0.2500000000
51379  20.067  -39.577  61.852 0.2500000000
51385  25.372  -38.155  60.749 0.1250000000
51387  23.957  -39.077  61.271 0.1250000000
51415  25.582  -38.222  57.924 0.2500000000
51427  24.620  -39.020  57.901 0.2500000000
51452  24.132  -39.511  53.354 0.7500000000
51486  23.491  -40.108  50.533 0.8750000000
51500  23.639  -40.569  49.386 0.7500000000
51559  25.544  -40.254  45.004 0.7500000000
52497  24.439  -37.773  63.581 0.1250000000
52499  26.012  -37.403  62.879 0.1250000000
52500  25.258  -37.819  62.901 0.1250000000
52504  21.701  -38.788  63.051 0.2500000000
52505  21.035  -38.748  62.515 0.2500000000
52512  19.748  -39.327  61.429 0.2500000000
52523  18.890  -39.651  60.664 0.1250000000
52551  38.473  -37.236  57.093 0.2500000000
52566  39.053  -37.379  56.528 0.2500000000
52569  36.742  -37.156  57.677 0.2500000000
52578  39.546  -37.473  55.921 0.3750000000
52580  37.383  -36.670  56.401 0.3750000000
52591  42.397  -37.216  54.867 0.1250000000
52606  41.065  -37.205  54.130 0.2500000000
52607  39.421  -37.466  54.090 0.3750000000
52618  39.310  -37.348  52.688 0.2500000000
52646  40.653  -37.434  51.065 0.1250000000
52647  40.254  -37.823  51.121 0.2500000000
52649  38.954  -37.715  51.494 0.3750000000
52664  41.108  -37.781  49.749 0.1250000000
52687  40.869  -39.064  49.915 0.2500000000
53749  28.742  -36.697  63.272 0.1250000000
53750  26.899  -36.873  63.734 0.1250000000
53751  25.716  -37.219  63.847 0.1250000000
53753  23.808  -37.521  63.726 0.1250000000
53758  33.132  -37.486  62.681 0.1250000000
53759  32.411  -37.582  63.040 0.1250000000
53762  29.154  -36.674  62.798 0.1250000000
53764  26.826  -37.071  63.218 0.1250000000
53767  22.942  -38.234  63.411 0.1250000000
53768  22.226  -38.253  63.290 0.1250000000
53772  36.488  -37.787  62.504 0.2500000000
53775  34.527  -37.868  62.222 0.1250000000
53781  27.928  -36.837  62.327 0.1250000000
53782  27.395  -36.950  62.793 0.1250000000
53784  20.582  -38.581  61.903 0.2500000000
53791  37.169  -37.582  60.531 0.1250000000
53792  36.523  -37.991  61.337 0.1250000000
53793  36.170  -38.072  61.327 0.2500000000
53799  30.058  -36.868  61.705 0.1250000000
53802  20.296  -38.575  61.307 0.1250000000
53808  37.522  -37.474  59.723 0.1250000000
53812  33.971  -37.786  60.799 0.1250000000
53824  38.749  -37.118  58.293 0.1250000000
53827  36.638  -37.876  59.433 0.1250000000
53829  35.036  -37.626  59.267 0.2500000000
53830  34.293  -37.613  59.965 0.2500000000
53864  42.919  -37.342  56.012 0.1250000000
53884  36.545  -36.385  56.583 0.2500000000
53906  37.367  -36.214  53.603 0.6250000000
54015  25.613  -38.224  46.216 0.8750000000
54964  27.565  -36.431  64.045 0.1250000000
54966  26.466  -36.518  64.242 0.1250000000
54967  25.844  -36.507  64.389 0.1250000000
54971  29.282  -36.714  63.542 0.1250000000
54972  28.315  -36.602  63.758 0.1250000000
54974  25.121  -36.654  64.354 0.1250000000
54976  36.744  -37.853  62.918 0.1250000000
54981  31.853  -37.394  63.410 0.1250000000
54982  30.996  -37.356  63.533 0.1250000000
54984  23.271  -36.915  63.586 0.1250000000
54992  36.745  -37.334  61.840 0.1250000000
54993  36.926  -37.565  62.666 0.2500000000
54994  22.232  -37.452  62.853 0.2500000000
55003  33.144  -37.597  60.875 0.1250000000
55015  31.557  -37.409  60.943 0.1250000000
55018  20.774  -38.020  60.679 0.1250000000
55024  32.680  -37.035  59.942 0.2500000000
55034  41.126  -36.647  57.536 0.1250000000
55047  41.625  -37.036  57.071 0.1250000000
55063  42.686  -37.119  56.577 0.1250000000
55064  35.250  -36.259  56.968 0.3750000000
55066  27.262  -35.913  57.083 0.5000000000
55102  25.379  -36.988  53.989 0.8750000000
55131  24.699  -37.277  50.053 0.7500000000
55189  26.174  -37.419  46.320 0.7500000000
56145  26.909  -36.265  64.214 0.1250000000
56155  25.373  -35.574  64.479 0.1250000000
56159  33.086  -36.295  63.502 0.1250000000
56167  36.546  -36.623  61.770 0.1250000000
56168  36.188  -36.940  62.257 0.1250000000
56209  33.087  -36.537  58.909 0.2500000000
56212  30.133  -35.441  59.119 0.1250000000
56263  26.853  -35.586  54.602 0.8750000000
57152  26.714  -35.782  64.425 0.1250000000
57153  26.008  -35.620  64.576 0.1250000000
57163  35.523  -35.144  62.706 0.1250000000
57174  36.519  -35.663  61.894 0.1250000000
57175  36.151  -35.024  62.556 0.1250000000
57197  40.644  -35.333  58.327 0.1250000000
57222  30.961  -34.704  57.801 0.5000000000
57223  29.237  -34.917  57.748 0.3750000000
57254  27.277  -35.204  54.510 0.8750000000
57268  27.499  -34.797  54.112 0.8750000000
57300  25.882  -34.981  50.537 0.8750000000
57335  26.544  -35.456  47.450 0.7500000000
57388  30.668  -34.932  44.676 0.6250000000
58147  29.604  -34.824  64.226 0.1250000000
58150  26.036  -34.289  64.537 0.1250000000
58152  25.147  -34.726  64.249 0.1250000000
58153  34.982  -35.046  62.798 0.1250000000
58154  34.014  -34.869  63.190 0.1250000000
58155  32.609  -34.847  64.014 0.1250000000
58178  36.589  -34.869  62.023 0.1250000000
58234  31.342  -33.888  55.529 1.0000000000
58236  29.356  -33.925  55.489 1.0000000000
58262  30.386  -33.304  53.689 1.0000000000
58331  27.851  -33.991  49.968 0.8750000000
59224  27.482  -33.433  64.118 0.1250000000
59227  25.597  -32.850  63.995 0.1250000000
59228  25.002  -33.581  63.891 0.1250000000
59431  31.068  -33.563  45.902 0.7500000000
61598  35.279  -31.974  41.219 0.8750000000
61706  36.650  -30.912  36.522 0.2500000000
63783  46.006  -28.227  45.883 0.1250000000
63848  37.112  -29.313  40.085 1.0000000000
69065  44.018  -24.099  40.583 1.0000000000
75697  46.470  -17.104  39.941 0.8750000000
75750  42.455  -17.910  35.918 1.0000000000
76611  49.265  -16.415  42.207 0.6250000000
76666  44.515  -15.782  36.442 1.0000000000
77562  54.518  -15.164  44.898 0.1250000000
78679  56.739  -15.365  34.129 0.2500000000
78713  54.460  -14.247  32.418 0.6250000000
78733  52.378  -13.579  32.291 0.6250000000
79675  50.075  -13.175  41.217 0.5000000000
79693  47.762  -13.963  39.063 1.0000000000
79717  56.031  -13.803  36.551 0.2500000000
79745  50.067  -14.013  34.185 1.0000000000
79761  58.250  -14.508  32.942 0.1250000000
79786  58.802  -13.444  31.211 0.2500000000
80789  57.424  -12.638  37.589 0.1250000000
80816  59.279  -13.419  32.746 0.2500000000
81841  58.162  -11.945  32.780 0.1250000000
81859  60.721  -10.908  30.123 0.1250000000
83798  64.079  -8.956  29.205 0.1250000000
83838  63.478  -8.276  24.486 0.1250000000
84802  64.511  -8.300  27.984 0.1250000000
84804  64.522  -8.083  26.860 0.1250000000
84810  64.298  -8.193  26.030 0.1250000000
84817  64.317  -7.927  25.460 0.1250000000
85738  64.579  -7.567  27.657 0.1250000000
85740  64.497  -7.860  26.486 0.1250000000
85744  64.435  -7.571  25.475 0.1250000000
86743  64.506  -7.584  26.421 0.1250000000
86744  64.476  -7.080  26.739 0.1250000000
86768  64.261  -7.216  24.512 0.1250000000
129436  63.817  -7.890  24.338 0.1250000000
130029  39.988  -37.559  54.303 0.3750000000
130367  36.159  -34.622  62.272 0.1250000000
130658  36.904  -41.477  43.831 0.1250000000
131601  64.301  -8.793  28.175 0.1250000000
132087  17.915  -42.577  57.067 0.2500000000
133707  30.804  -33.415  48.904 0.8750000000
134225  11.879  -52.150  49.949 0.2500000000
134263  22.597  -42.115  50.968 0.8750000000
134330  4.449  -46.568  59.895 0.1250000000
134548  20.444  -39.914  62.005 0.2500000000
135709  14.273  -45.393  62.509 0.1250000000
136154  33.895  -36.045  57.382 0.6250000000
136518  10.557  -45.442  62.852 0.1250000000
137040  5.846  -54.746  45.777 0.1250000000
137185  37.278  -35.324  60.905 0.1250000000
137759  16.488  -43.885  57.135 0.2500000000
138314  50.325  -14.773  42.559 0.3750000000
138481  40.836  -37.433  55.293 0.1250000000
138629  31.762  -36.044  64.131 0.1250000000
139476  16.032  -44.186  58.978 0.2500000000
139673  15.500  -44.737  62.244 0.1250000000
139726  24.899  -35.427  64.293 0.1250000000
139727  14.879  -43.894  49.909 1.0000000000
140493  30.838  -37.806  62.777 0.1250000000
140636  47.662  -16.000  40.530 0.7500000000
140941  34.947  -38.006  61.822 0.1250000000
141044  41.550  -37.051  48.273 0.2500000000
141348  7.980  -51.859  47.578 0.1250000000
141422  5.650  -49.328  60.892 0.2500000000
141647  32.543  -37.950  62.117 0.1250000000
141652  23.440  -44.041  46.004 0.5000000000
141853  45.582  -27.328  42.203 0.2500000000
142030  38.212  -28.522  38.689 1.0000000000
142099  6.040  -46.461  46.171 0.1250000000
142360  5.819  -51.027  45.249 0.1250000000
142717  24.778  -38.766  54.046 0.6250000000
142762  31.996  -37.771  63.152 0.1250000000
143208  3.490  -61.058  52.595 0.2500000000
143539  6.458  -51.896  46.486 0.1250000000
144058  38.997  -37.130  53.347 0.3750000000
144425  6.350  -60.506  48.576 0.1250000000
145731  30.635  -36.886  63.841 0.1250000000
145751  32.795  -34.997  63.962 0.1250000000
146950  39.613  -37.540  52.025 0.2500000000
147032  21.416  -41.029  58.796 0.2500000000
147434  12.690  -45.596  61.475 0.1250000000
147647  21.962  -41.852  51.365 0.8750000000
148237  25.195  -34.054  64.154 0.1250000000
148461  28.331  -33.864  50.659 1.0000000000
149057  7.692  -47.260  62.034 0.2500000000
149473  3.073  -64.783  52.691 0.1250000000
149478  27.804  -36.858  60.669 0.2500000000
149564  28.228  -33.857  64.099 0.1250000000
149641  16.182  -44.093  57.585 0.3750000000
149686  18.647  -39.615  60.350 0.1250000000
149863  38.057  -35.762  60.032 0.1250000000
150021  22.673  -37.353  63.260 0.1250000000
150294  31.842  -33.532  52.915 1.0000000000
150327  12.896  -45.730  60.687 0.3750000000
150368  21.316  -39.182  62.640 0.2500000000
150778  31.362  -37.815  42.883 0.2500000000
151120  35.966  -37.506  62.650 0.1250000000
151218  53.688  -13.358  43.461 0.2500000000
151442  2.800  -64.436  52.947 0.1250000000
152138  4.244  -49.945  58.905 0.2500000000
152160  24.708  -38.726  55.917 0.3750000000
152242  6.174  -52.817  45.324 0.1250000000
152692  5.190  -48.874  60.996 0.2500000000
153278  12.766  -43.551  62.546 0.1250000000
153454  21.531  -40.071  61.373 0.2500000000
153479  8.094  -48.193  62.141 0.2500000000
153571  20.455  -41.656  56.311 0.3750000000
153764  25.013  -35.757  64.436 0.1250000000
153959  33.873  -37.226  58.954 0.2500000000
154176  50.473  -12.638  37.460 0.8750000000
154460  24.672  -36.355  64.322 0.1250000000
154480  18.466  -44.721  48.085 0.6250000000
154862  23.946  -41.574  45.340 0.7500000000
