#!ascii label  , from subject sub001 vox2ras=TkReg
4070
45096  25.102  -46.626  66.691 0.5555559993
41762  25.832  -48.934  63.060 0.4444440007
42828  26.203  -48.185  65.526 0.4444440007
42832  26.393  -48.257  64.642 0.4444440007
40667  24.644  -50.010  64.925 0.5555559993
41726  25.542  -48.802  65.696 0.4444440007
43936  26.796  -47.709  65.956 0.4444440007
45101  25.949  -46.512  66.683 0.5555559993
43931  25.308  -47.256  66.591 0.5555559993
139134  25.826  -48.970  62.248 0.4444440007
42824  25.536  -48.190  66.162 0.5555559993
40673  24.857  -50.327  63.971 0.4444440007
41727  24.867  -49.518  65.630 0.5555559993
45102  24.737  -46.435  66.525 0.4444440007
45108  24.035  -46.749  66.325 0.4444440007
46125  25.189  -45.851  66.325 0.4444440007
45097  24.176  -47.009  66.676 0.4444440007
43929  26.826  -46.947  66.355 0.5555559993
140640  26.157  -46.056  66.717 0.5555559993
150515  24.614  -46.800  66.636 0.5555559993
42831  27.068  -47.721  64.106 0.4444440007
43935  27.514  -47.150  65.928 0.4444440007
41717  24.922  -49.021  66.240 0.5555559993
39643  24.396  -50.936  64.245 0.4444440007
40668  24.345  -50.190  65.500 0.5555559993
41728  24.502  -49.812  66.088 0.5555559993
42820  24.351  -48.711  66.806 0.5555559993
38605  24.650  -52.349  62.809 0.4444440007
38594  24.194  -51.788  63.583 0.4444440007
39638  24.144  -50.625  64.934 0.5555559993
149203  26.095  -53.868  61.296 0.2222220004
37513  25.772  -53.751  61.504 0.1111110002
36394  26.182  -54.347  59.900 0.1111110002
45113  24.379  -46.257  64.966 0.3333329856
133187  23.841  -46.638  65.543 0.3333329856
43937  23.471  -47.266  66.041 0.4444440007
46131  25.894  -45.639  65.733 0.4444440007
128176  28.171  -47.019  65.410 0.4444440007
45098  28.230  -46.015  66.171 0.4444440007
140212  27.290  -45.399  66.091 0.4444440007
154904  27.004  -47.792  63.381 0.4444440007
39639  23.656  -50.820  65.133 0.5555559993
37502  25.244  -53.353  61.945 0.4444440007
38606  24.269  -52.593  63.212 0.4444440007
146840  30.076  -46.700  64.091 0.4444440007
45103  30.053  -45.610  64.905 0.4444440007
46127  29.415  -45.515  65.477 0.4444440007
47222  29.209  -44.840  64.981 0.4444440007
46137  25.740  -45.713  64.688 0.3333329856
43952  30.388  -46.934  63.449 0.3333329856
43953  29.782  -46.949  63.967 0.4444440007
43934  28.917  -46.475  65.383 0.4444440007
47215  28.794  -45.144  65.591 0.4444440007
47224  26.924  -45.012  64.410 0.4444440007
46146  25.597  -45.712  63.704 0.3333329856
46147  24.937  -45.978  63.352 0.3333329856
43966  28.401  -47.318  62.751 0.3333329856
43955  27.604  -47.436  63.329 0.3333329856
47236  26.840  -45.028  63.548 0.3333329856
47237  26.175  -45.411  63.062 0.3333329856
46158  24.998  -45.968  62.496 0.3333329856
43967  27.520  -47.546  62.317 0.2222220004
42855  26.746  -47.973  61.929 0.2222220004
146709  23.849  -51.347  64.388 0.5555559993
143952  25.362  -54.227  61.023 0.1111110002
37503  24.791  -53.319  62.314 0.2222220004
46133  32.564  -44.975  63.836 0.4444440007
48335  32.394  -44.177  63.974 0.5555559993
47232  31.799  -44.312  64.075 0.4444440007
43950  31.882  -46.529  62.775 0.3333329856
45109  31.451  -45.758  63.961 0.4444440007
47219  31.957  -44.691  64.242 0.4444440007
47220  31.299  -44.798  64.702 0.4444440007
131493  30.777  -44.595  64.252 0.4444440007
47251  31.589  -44.166  63.304 0.4444440007
43951  31.264  -46.999  62.698 0.3333329856
45110  30.985  -46.490  63.593 0.3333329856
45111  30.746  -45.836  64.395 0.4444440007
149931  30.160  -45.158  65.245 0.4444440007
132195  30.583  -44.877  65.122 0.4444440007
47253  29.886  -44.721  63.269 0.5555559993
137793  30.664  -46.976  63.056 0.3333329856
43964  30.401  -47.195  63.091 0.3333329856
47234  28.653  -44.852  64.164 0.4444440007
129810  29.076  -47.361  62.307 0.2222220004
43977  28.295  -47.417  61.857 0.2222220004
47235  27.652  -44.904  64.125 0.3333329856
46157  25.770  -45.673  62.205 0.3333329856
45131  24.498  -46.487  62.892 0.2222220004
128212  33.241  -44.402  63.187 0.4444440007
47230  33.032  -44.375  63.715 0.5555559993
48347  33.057  -43.747  63.181 0.5555559993
48348  32.426  -43.907  63.565 0.5555559993
46172  33.104  -46.062  61.834 0.3333329856
46145  32.642  -45.033  63.242 0.3333329856
48361  32.400  -43.803  62.855 0.5555559993
45130  32.596  -46.574  62.211 0.3333329856
153776  31.709  -44.123  62.373 0.5555559993
132603  30.964  -44.530  62.323 0.5555559993
41775  32.308  -48.380  61.020 0.2222220004
41761  31.930  -48.188  61.273 0.2222220004
42842  31.070  -47.398  62.383 0.2222220004
150399  30.779  -47.477  62.554 0.2222220004
47271  30.401  -44.816  61.454 0.4444440007
136081  30.082  -44.767  62.312 0.5555559993
41776  32.175  -48.651  60.989 0.1111110002
42854  30.155  -47.508  62.396 0.2222220004
41790  32.087  -49.087  60.516 0.1111110002
47250  33.722  -44.317  62.575 0.4444440007
48337  33.469  -43.918  63.264 0.5555559993
48360  33.027  -43.631  62.291 0.5555559993
128263  34.551  -45.116  60.838 0.3333329856
46171  33.681  -45.220  61.599 0.3333329856
135690  32.857  -43.583  61.229 0.5555559993
147721  32.250  -43.924  61.853 0.5555559993
46205  34.860  -45.829  58.841 0.3333329856
45154  34.285  -46.251  59.401 0.3333329856
144775  34.085  -45.891  60.173 0.3333329856
145953  33.829  -45.747  60.872 0.3333329856
48378  32.091  -44.206  60.794 0.4444440007
47270  31.372  -44.551  61.401 0.5555559993
148591  34.345  -47.999  58.846 0.1111110002
43994  34.071  -47.485  59.338 0.2222220004
43985  33.500  -47.681  60.607 0.2222220004
138870  33.278  -47.200  61.216 0.2222220004
142386  33.073  -46.793  61.696 0.3333329856
48377  32.700  -43.785  60.122 0.3333329856
47289  31.997  -44.415  59.851 0.3333329856
145671  30.719  -44.876  60.734 0.3333329856
154700  34.487  -49.203  58.741 0.1111110002
42887  34.093  -48.685  59.106 0.1111110002
42876  33.666  -48.342  60.063 0.1111110002
41787  33.368  -48.767  60.292 0.1111110002
143682  34.167  -49.643  59.028 0.1111110002
41788  33.143  -49.063  60.345 0.1111110002
41804  32.447  -49.591  59.888 0.1111110002
139693  30.674  -47.941  59.016 0.1111110002
41803  33.554  -49.463  59.590 0.1111110002
41819  31.987  -49.293  59.215 0.1111110002
42897  31.514  -48.560  58.601 0.1111110002
152156  29.566  -47.324  57.842 0.1111110002
44044  28.713  -47.334  56.472 0.1111110002
130227  34.069  -43.970  62.672 0.5555559993
148822  34.158  -43.594  62.372 0.5555559993
48359  33.708  -43.392  61.724 0.6666669846
46187  35.517  -44.946  60.551 0.4444440007
47249  34.741  -44.071  62.844 0.5555559993
48345  34.808  -43.729  62.726 0.5555559993
49437  34.498  -43.253  62.017 0.6666669846
48376  33.471  -43.221  60.620 0.5555559993
46204  35.555  -45.432  59.063 0.4444440007
130644  35.749  -45.184  59.812 0.5555559993
46169  36.169  -44.693  61.242 0.4444440007
49466  34.079  -42.935  60.049 0.6666669846
48394  33.379  -43.346  59.626 0.5555559993
46231  36.239  -45.702  57.736 0.4444440007
45177  35.508  -46.478  57.498 0.4444440007
46215  37.173  -45.325  58.396 0.4444440007
42910  38.186  -48.128  56.837 0.3333329856
44025  37.500  -47.603  56.729 0.3333329856
45176  36.476  -46.497  56.943 0.3333329856
42896  34.641  -48.416  58.378 0.2222220004
42911  37.217  -48.447  56.958 0.3333329856
41836  36.973  -49.374  57.512 0.3333329856
136932  34.998  -49.419  58.328 0.2222220004
41802  34.547  -49.679  58.953 0.1111110002
40715  33.475  -50.031  59.346 0.1111110002
41818  32.507  -49.864  58.990 0.1111110002
42898  30.896  -47.828  58.010 0.1111110002
44028  30.270  -47.335  57.484 0.1111110002
42915  31.186  -47.612  57.077 0.1111110002
44029  29.416  -47.259  57.067 0.1111110002
46168  36.947  -44.649  61.339 0.6666669846
47267  36.383  -44.327  62.086 0.6666669846
48357  36.445  -43.759  62.164 0.6666669846
49436  35.070  -43.246  62.156 0.6666669846
49448  34.992  -42.976  61.512 0.6666669846
46202  37.258  -45.209  59.483 0.5555559993
46185  37.419  -45.051  60.496 0.5555559993
45174  38.376  -45.990  57.231 0.3333329856
46230  37.800  -45.536  57.664 0.4444440007
137992  38.605  -49.064  57.005 0.3333329856
44024  38.111  -46.908  56.692 0.3333329856
44041  37.256  -46.928  56.662 0.3333329856
47246  36.701  -44.059  62.145 0.6666669846
48375  36.966  -43.591  61.505 0.6666669846
49475  36.309  -43.276  60.645 0.7777780294
132036  37.921  -45.202  59.128 0.5555559993
129724  38.931  -45.091  60.251 0.5555559993
46167  37.700  -44.489  61.186 0.6666669846
48356  37.376  -43.934  61.786 0.6666669846
48393  37.037  -43.507  60.385 0.7777780294
45173  39.168  -45.777  57.721 0.4444440007
46213  38.779  -45.247  59.379 0.5555559993
46200  39.665  -45.300  59.929 0.5555559993
130317  37.063  -43.559  59.276 0.6666669846
42909  39.120  -48.292  56.721 0.3333329856
140767  39.054  -46.507  56.949 0.3333329856
45162  39.992  -45.517  58.716 0.4444440007
41832  41.171  -49.887  57.199 0.4444440007
151976  40.076  -49.293  56.855 0.4444440007
42908  40.059  -48.379  56.588 0.4444440007
44022  40.547  -47.026  56.822 0.4444440007
46183  39.601  -44.966  60.267 0.6666669846
47264  38.887  -44.053  61.009 0.6666669846
147843  38.500  -43.720  60.890 0.7777780294
45153  40.915  -45.455  59.122 0.6666669846
46199  40.421  -45.205  59.985 0.6666669846
48409  38.030  -43.652  59.215 0.6666669846
146422  41.232  -46.826  56.961 0.4444440007
44005  40.918  -46.109  57.973 0.4444440007
41831  41.875  -49.830  57.104 0.5555559993
136676  41.024  -47.961  56.511 0.4444440007
40736  42.302  -50.006  57.104 0.5555559993
48372  39.127  -43.902  60.893 0.6666669846
48391  38.820  -43.643  60.296 0.7777780294
47304  40.974  -44.549  60.072 0.6666669846
48389  40.431  -43.978  60.085 0.6666669846
137644  38.120  -43.755  58.163 0.7777780294
44004  41.700  -46.197  57.456 0.5555559993
42907  41.645  -48.935  56.267 0.5555559993
42906  42.365  -48.388  55.906 0.5555559993
44021  41.864  -47.334  56.375 0.5555559993
42905  42.831  -48.089  55.746 0.5555559993
42926  43.118  -48.376  55.682 0.5555559993
46197  42.588  -44.513  59.270 0.6666669846
48387  42.125  -43.890  59.385 0.6666669846
45159  42.862  -45.329  58.002 0.6666669846
46212  42.405  -45.201  58.753 0.6666669846
47303  41.869  -44.434  59.678 0.6666669846
48406  41.650  -43.658  59.098 0.6666669846
154414  42.551  -45.854  57.416 0.5555559993
45160  42.216  -45.727  57.904 0.5555559993
45161  41.627  -45.519  58.666 0.6666669846
48426  40.852  -43.769  58.203 0.5555559993
44020  42.617  -47.221  56.140 0.5555559993
44003  42.297  -46.275  56.924 0.5555559993
44019  43.007  -47.347  55.887 0.5555559993
41870  44.744  -49.418  55.548 0.5555559993
41851  44.337  -49.129  55.960 0.5555559993
41869  45.506  -49.144  55.161 0.5555559993
47319  43.692  -44.038  58.955 0.7777780294
47320  42.877  -44.000  59.182 0.6666669846
48405  42.498  -43.699  58.873 0.6666669846
46227  43.486  -45.198  57.546 0.6666669846
48425  41.922  -43.631  58.166 0.6666669846
45170  43.937  -45.631  56.733 0.6666669846
42925  43.613  -48.481  55.653 0.5555559993
44018  43.352  -46.781  55.959 0.6666669846
42924  44.246  -48.462  55.411 0.5555559993
44039  43.644  -47.576  55.449 0.6666669846
41886  46.024  -49.215  54.628 0.5555559993
48403  43.986  -43.727  58.451 0.7777780294
48404  43.312  -43.762  58.620 0.7777780294
48423  43.730  -43.364  57.946 0.6666669846
46226  44.255  -44.614  57.867 0.6666669846
48424  42.824  -43.568  58.129 0.6666669846
45185  43.974  -46.506  55.665 0.6666669846
42953  47.050  -47.685  53.161 0.6666669846
153834  45.513  -48.036  54.177 0.5555559993
44038  44.262  -47.454  55.038 0.6666669846
45195  44.752  -46.401  55.231 0.6666669846
41868  46.747  -48.374  53.824 0.6666669846
42937  46.195  -47.769  53.782 0.6666669846
48422  44.652  -43.446  57.959 0.6666669846
48443  43.588  -43.528  56.919 0.6666669846
46225  44.869  -44.752  57.137 0.7777780294
47332  45.059  -44.051  58.041 0.6666669846
140759  48.891  -45.923  52.730 0.7777780294
46242  46.126  -45.103  56.073 0.7777780294
46243  45.529  -44.929  56.507 0.7777780294
148407  47.599  -46.621  52.881 0.7777780294
45204  46.946  -46.349  53.799 0.6666669846
45194  45.560  -46.391  54.809 0.6666669846
45183  45.504  -45.643  55.674 0.6666669846
45184  44.692  -45.567  56.076 0.7777780294
44052  46.516  -47.207  53.601 0.6666669846
44053  45.836  -47.255  54.138 0.6666669846
48442  44.497  -42.970  57.399 0.6666669846
48440  47.062  -43.133  56.922 0.8888890147
48441  46.148  -42.948  57.144 0.8888890147
49500  45.269  -42.940  57.315 0.8888890147
48462  44.223  -43.404  56.276 0.6666669846
47343  46.833  -43.832  56.756 0.8888890147
48421  45.528  -43.426  57.590 0.8888890147
142541  49.251  -45.381  52.329 0.7777780294
46264  48.502  -45.293  53.306 0.7777780294
46254  46.996  -45.386  54.723 0.8888890147
46241  46.823  -44.685  55.957 0.8888890147
47344  46.221  -44.348  56.656 0.7777780294
47331  45.664  -44.107  57.374 0.7777780294
45221  49.060  -45.439  52.357 0.7777780294
45202  48.021  -46.009  53.049 0.7777780294
45203  47.503  -46.258  53.384 0.7777780294
46255  46.241  -45.581  55.290 0.7777780294
45193  46.332  -46.345  54.352 0.6666669846
136076  49.249  -44.962  50.732 0.6666669846
49525  46.460  -42.452  56.050 0.7777780294
49526  45.669  -42.754  55.950 0.6666669846
50453  47.160  -42.154  56.136 0.8888890147
49512  46.734  -42.691  56.577 0.8888890147
49513  45.916  -42.743  56.682 0.6666669846
48460  48.953  -42.597  55.399 0.8888890147
48461  48.324  -43.156  55.728 0.8888890147
132031  48.029  -42.578  56.193 0.8888890147
46274  50.511  -44.758  51.707 0.7777780294
46275  49.854  -44.873  52.247 0.8888890147
46276  49.270  -44.793  53.023 0.7777780294
154592  48.858  -44.591  53.820 0.8888890147
48480  48.836  -43.804  54.755 0.8888890147
47360  48.195  -44.220  55.149 0.8888890147
47361  47.934  -43.790  55.924 0.8888890147
45220  50.423  -45.455  52.011 0.7777780294
46265  47.894  -45.489  53.649 0.7777780294
46253  47.755  -44.985  54.523 0.8888890147
46283  51.510  -44.680  51.457 0.7777780294
46292  50.793  -44.267  51.648 0.6666669846
46302  49.763  -44.439  50.801 0.6666669846
45243  49.383  -44.447  50.200 0.6666669846
50462  46.922  -42.127  55.535 0.7777780294
49524  47.867  -42.050  56.139 0.8888890147
50461  47.603  -41.898  55.708 0.7777780294
47394  50.376  -44.147  52.522 0.8888890147
48497  50.520  -42.753  53.685 0.8888890147
48498  49.984  -43.353  53.935 0.8888890147
48479  49.444  -43.020  54.620 0.8888890147
49534  49.531  -42.076  55.146 0.8888890147
50468  48.901  -41.581  55.056 0.8888890147
50469  47.998  -41.756  55.070 0.7777780294
48518  51.332  -43.116  52.270 0.8888890147
50467  49.428  -41.659  55.065 0.8888890147
46301  50.601  -44.043  50.934 0.6666669846
47442  51.481  -43.563  51.078 0.7777780294
46308  50.290  -43.934  50.413 0.6666669846
49550  47.483  -42.076  54.115 0.6666669846
49563  51.712  -42.300  52.427 0.8888890147
48496  50.837  -43.341  52.897 0.8888890147
49548  51.222  -42.347  53.232 0.8888890147
48478  49.979  -42.322  54.390 0.8888890147
51448  49.720  -40.966  53.966 0.8888890147
50481  49.124  -41.353  54.160 0.7777780294
50493  48.426  -41.845  53.143 0.6666669846
47429  51.542  -43.616  51.081 0.8888890147
49549  50.574  -41.666  53.948 0.8888890147
50466  49.883  -41.621  54.547 0.8888890147
154219  51.876  -43.259  50.972 0.8888890147
47450  51.394  -43.343  50.649 0.7777780294
49562  51.967  -41.606  52.517 0.8888890147
145989  51.245  -41.465  53.547 0.8888890147
51459  49.279  -41.187  53.028 0.5555559993
50505  48.637  -41.809  52.056 0.6666669846
132779  51.061  -40.900  53.862 0.8888890147
132059  50.300  -40.769  53.976 0.8888890147
133935  49.682  -40.687  52.472 0.7777780294
51470  49.611  -40.470  51.567 0.5555559993
48539  52.508  -42.050  51.043 0.8888890147
155040  52.303  -42.188  51.441 0.8888890147
48561  52.548  -42.046  50.406 0.8888890147
48562  52.088  -42.644  50.350 0.7777780294
48582  51.697  -42.897  50.280 0.7777780294
50478  51.672  -41.021  53.264 0.7777780294
51446  51.469  -40.333  53.572 0.8888890147
52661  50.200  -39.088  51.021 0.5555559993
52662  49.848  -39.704  50.382 0.4444440007
149705  52.619  -40.988  52.155 0.8888890147
137407  52.242  -41.005  52.670 0.7777780294
51447  50.898  -40.334  53.750 0.8888890147
51457  50.699  -40.133  53.568 0.8888890147
52643  49.962  -39.782  51.401 0.7777780294
51481  49.616  -40.260  50.734 0.5555559993
49561  52.430  -41.632  51.885 0.8888890147
52642  50.532  -39.236  52.178 0.7777780294
52683  49.724  -39.636  49.474 0.2222220004
49575  53.039  -41.236  50.513 0.8888890147
49623  52.627  -41.657  49.354 0.6666669846
49638  51.698  -41.622  48.653 0.6666669846
49606  53.208  -41.065  49.481 0.7777780294
49637  52.568  -41.386  48.922 0.7777780294
142648  52.544  -40.340  52.683 0.8888890147
51445  52.017  -40.368  53.206 0.7777780294
52613  51.361  -39.728  53.530 0.7777780294
53947  49.989  -38.942  49.043 0.2222220004
50492  52.860  -40.594  51.981 0.8888890147
51456  52.251  -39.731  53.176 0.7777780294
52624  51.860  -39.346  53.350 0.7777780294
53913  51.142  -38.713  52.896 0.6666669846
49576  52.888  -41.113  51.358 0.8888890147
147642  54.027  -40.112  50.024 0.8888890147
51504  53.957  -40.090  48.958 0.7777780294
51532  52.816  -39.697  47.678 0.6666669846
51515  54.365  -39.484  48.402 0.7777780294
52735  52.371  -39.256  46.984 0.6666669846
52734  53.363  -39.050  47.166 0.6666669846
54000  53.773  -38.469  46.610 0.5555559993
53946  50.455  -38.287  49.628 0.2222220004
53963  50.297  -38.294  48.565 0.2222220004
52622  53.114  -39.210  52.511 0.8888890147
132598  51.907  -38.753  53.244 0.7777780294
53912  51.740  -38.456  53.127 0.7777780294
55117  51.233  -37.855  51.567 0.7777780294
53932  50.443  -38.556  50.573 0.6666669846
51468  53.836  -40.020  50.575 0.8888890147
146395  53.106  -38.528  52.710 0.8888890147
53910  52.844  -38.094  52.877 0.8888890147
55107  52.058  -37.836  52.848 0.7777780294
130460  54.188  -39.490  50.211 0.8888890147
51503  54.246  -39.734  48.974 0.7777780294
52717  55.010  -38.835  47.961 0.7777780294
52747  52.824  -38.626  46.502 0.5555559993
54020  52.309  -38.118  45.879 0.4444440007
53999  54.626  -38.270  46.750 0.6666669846
54019  53.252  -38.023  46.007 0.4444440007
54043  51.830  -37.443  45.171 0.2222220004
55223  51.162  -37.022  44.447 0.2222220004
54018  54.125  -37.850  46.055 0.4444440007
55221  52.704  -36.959  45.071 0.3333329856
55239  51.246  -36.306  44.044 0.2222220004
57394  52.036  -35.419  43.901 0.2222220004
57405  51.556  -35.061  43.379 0.2222220004
147363  52.242  -34.932  43.745 0.2222220004
59472  51.410  -33.792  42.492 0.2222220004
60533  50.156  -32.479  40.698 0.2222220004
55137  50.952  -37.449  49.777 0.3333329856
133991  50.679  -37.788  48.936 0.3333329856
56317  50.994  -36.959  47.904 0.2222220004
148747  51.269  -36.370  47.770 0.2222220004
55126  51.347  -37.291  50.882 0.6666669846
55146  50.649  -37.663  48.101 0.2222220004
52660  54.440  -38.753  50.299 0.8888890147
52641  53.592  -38.649  51.959 0.8888890147
53909  53.363  -37.928  52.491 0.8888890147
55115  52.422  -37.205  52.456 0.7777780294
55116  51.797  -37.541  52.012 0.7777780294
153129  54.863  -38.271  49.715 0.8888890147
52698  55.262  -38.341  48.970 0.7777780294
53981  55.533  -38.155  47.646 0.7777780294
134681  55.573  -36.642  46.459 0.6666669846
145641  55.382  -35.990  46.182 0.5555559993
55198  54.937  -36.551  45.934 0.5555559993
57381  53.294  -35.636  44.643 0.3333329856
58412  53.401  -34.386  44.203 0.3333329856
59461  53.860  -33.738  44.182 0.3333329856
58413  52.706  -34.557  43.871 0.2222220004
59462  52.866  -33.948  43.685 0.3333329856
60503  51.244  -33.097  42.057 0.2222220004
56326  51.742  -35.758  47.852 0.4444440007
56316  51.554  -36.458  48.534 0.3333329856
55136  51.393  -36.792  49.532 0.4444440007
55145  51.002  -37.171  48.770 0.2222220004
132549  51.710  -36.649  50.473 0.5555559993
55113  54.524  -36.666  51.028 0.8888890147
56279  53.981  -36.402  52.156 0.7777780294
57282  53.817  -35.731  52.290 0.7777780294
56290  52.756  -36.487  52.157 0.6666669846
56299  52.065  -36.856  51.545 0.7777780294
56296  55.624  -35.798  49.823 0.8888890147
140643  55.540  -36.386  49.695 0.8888890147
55125  55.160  -36.960  50.099 0.8888890147
53930  55.386  -37.469  49.435 0.8888890147
55135  56.018  -36.172  49.146 0.8888890147
55134  56.102  -36.353  48.839 0.8888890147
53979  56.127  -36.996  48.245 0.7777780294
56306  56.631  -35.850  48.823 0.8888890147
55133  56.551  -36.188  48.500 0.8888890147
132584  55.660  -37.221  46.845 0.7777780294
55174  56.289  -36.463  47.068 0.7777780294
57366  55.625  -35.330  46.033 0.4444440007
148639  54.412  -34.684  44.847 0.3333329856
56307  52.002  -36.044  49.699 0.4444440007
57318  52.070  -35.785  48.681 0.4444440007
56288  54.296  -36.242  51.805 0.7777780294
57281  54.272  -35.627  52.009 0.7777780294
57283  53.234  -35.811  52.015 0.7777780294
56298  52.457  -36.072  51.130 0.6666669846
57317  52.495  -35.280  49.353 0.4444440007
58345  52.348  -35.160  48.334 0.5555559993
57280  54.621  -35.153  51.518 0.8888890147
57305  56.368  -35.668  49.215 0.8888890147
133633  56.686  -34.836  49.230 0.8888890147
56305  57.008  -35.663  48.486 0.8888890147
55158  56.928  -35.950  47.895 0.8888890147
56362  56.927  -35.617  47.142 0.6666669846
57378  56.788  -34.460  46.160 0.6666669846
144286  57.045  -33.784  45.589 0.5555559993
59449  56.814  -33.152  45.101 0.5555559993
61546  57.617  -31.684  44.448 0.5555559993
140541  55.979  -35.842  46.513 0.6666669846
58400  55.600  -34.192  45.368 0.5555559993
59450  55.940  -33.208  44.871 0.4444440007
58344  52.950  -34.507  49.026 0.6666669846
58306  53.781  -34.301  51.138 0.7777780294
58326  53.081  -34.724  50.169 0.6666669846
58285  54.887  -34.482  51.335 0.8888890147
58307  53.248  -34.968  51.013 0.6666669846
57306  52.673  -35.403  50.441 0.5555559993
138600  55.343  -34.444  50.767 0.8888890147
57292  55.072  -35.208  50.804 0.8888890147
58322  57.625  -34.777  48.388 0.8888890147
58341  58.058  -34.430  48.069 0.7777780294
57362  58.078  -34.248  46.753 0.7777780294
58384  58.539  -33.602  46.325 0.7777780294
58383  59.284  -33.225  46.507 0.7777780294
56315  57.345  -35.477  48.107 0.7777780294
57345  57.379  -35.111  47.072 0.7777780294
57363  57.599  -34.554  46.658 0.6666669846
58397  57.748  -33.790  45.717 0.5555559993
59437  58.487  -33.469  45.823 0.7777780294
60478  59.037  -32.291  44.877 0.6666669846
61545  58.515  -31.460  44.355 0.5555559993
62656  59.042  -30.738  42.424 0.4444440007
58325  53.593  -34.023  50.064 0.5555559993
59362  54.497  -33.962  51.378 0.6666669846
59401  53.096  -33.955  48.447 0.5555559993
58305  55.305  -33.852  50.925 0.8888890147
59361  54.912  -33.863  51.254 0.7777780294
58304  55.834  -34.094  50.165 0.8888890147
58324  56.477  -34.053  49.466 0.8888890147
59399  57.564  -33.795  48.533 0.8888890147
57315  58.084  -34.447  47.941 0.7777780294
58358  58.492  -33.855  47.424 0.7777780294
58357  59.275  -33.346  46.940 0.7777780294
59448  59.214  -32.848  45.576 0.7777780294
143498  61.068  -32.113  44.739 0.6666669846
61544  60.445  -31.443  44.359 0.5555559993
62639  59.922  -30.607  42.972 0.6666669846
130080  60.833  -30.718  42.623 0.6666669846
59371  54.319  -33.624  50.754 0.5555559993
59369  55.320  -33.330  50.725 0.8888890147
59370  54.909  -33.408  50.916 0.7777780294
59382  56.064  -33.534  49.892 0.8888890147
59368  55.640  -33.356  50.397 0.8888890147
59381  56.678  -33.490  49.133 0.8888890147
59398  58.211  -33.577  48.096 0.7777780294
59397  58.648  -33.431  47.754 0.7777780294
59412  59.358  -33.011  47.373 0.7777780294
59411  59.919  -33.043  47.024 0.7777780294
137354  60.988  -32.649  46.756 0.7777780294
60466  61.381  -32.305  45.577 0.6666669846
61531  62.169  -31.170  45.155 0.6666669846
62618  61.804  -30.502  45.221 0.7777780294
61542  62.309  -31.055  44.324 0.7777780294
63789  61.240  -29.716  44.378 0.7777780294
62654  61.037  -29.814  43.632 0.8888890147
137782  60.123  -31.137  41.586 0.7777780294
60430  56.031  -31.922  49.561 0.8888890147
138136  56.045  -32.918  49.835 0.8888890147
60428  56.522  -32.606  49.069 0.8888890147
154188  58.001  -32.865  48.125 0.7777780294
60438  58.711  -32.956  47.778 0.7777780294
60439  58.167  -32.145  47.810 0.8888890147
60447  59.198  -32.425  47.453 0.7777780294
60446  60.202  -32.710  47.043 0.7777780294
61508  59.535  -31.780  47.171 0.7777780294
61521  60.319  -31.861  46.682 0.8888890147
147821  59.752  -30.120  46.390 0.8888890147
154999  60.296  -30.215  46.065 0.7777780294
61522  59.650  -30.969  46.802 0.8888890147
63767  60.147  -29.725  45.871 0.7777780294
60429  56.097  -32.176  49.591 0.8888890147
61501  56.460  -31.769  48.876 0.8888890147
61500  57.175  -31.446  48.153 0.8888890147
61499  58.039  -31.175  47.620 0.8888890147
61509  58.803  -31.685  47.489 0.7777780294
128113  58.857  -31.005  47.231 0.8888890147
62593  58.915  -30.239  46.859 0.7777780294
154222  59.634  -29.434  46.152 0.7777780294
62574  55.973  -31.083  49.031 0.6666669846
62573  56.452  -30.867  48.559 0.7777780294
62585  57.272  -30.589  47.878 0.8888890147
62595  57.414  -29.787  47.597 0.6666669846
62594  58.106  -30.332  47.403 0.8888890147
134644  57.443  -29.073  47.391 0.6666669846
43938  22.970  -47.971  65.623 0.4444440007
41711  23.712  -48.817  67.050 0.4444440007
45123  24.407  -46.384  63.892 0.2222220004
43926  24.461  -47.270  66.735 0.5555559993
46174  25.726  -45.773  61.305 0.2222220004
39630  23.235  -50.746  65.680 0.5555559993
136356  23.496  -47.756  62.899 0.2222220004
42845  26.431  -48.208  63.478 0.4444440007
42827  27.149  -47.617  65.285 0.4444440007
46123  26.722  -45.808  66.320 0.4444440007
39647  24.676  -51.296  63.239 0.4444440007
46124  26.048  -45.791  66.413 0.4444440007
43932  23.634  -47.480  66.596 0.4444440007
43927  23.701  -47.672  66.762 0.4444440007
46122  27.413  -45.864  66.259 0.5555559993
45099  27.516  -46.471  66.247 0.4444440007
43941  27.935  -47.261  64.462 0.4444440007
138068  24.043  -49.942  66.498 0.5555559993
37501  25.729  -53.153  61.722 0.4444440007
37490  24.786  -52.981  62.575 0.4444440007
36404  26.174  -54.284  58.828 0.1111110002
46138  24.958  -45.936  64.335 0.3333329856
43942  23.345  -47.281  65.032 0.3333329856
45114  23.832  -46.800  64.455 0.2222220004
46130  26.793  -45.281  66.003 0.4444440007
46136  26.553  -45.424  65.021 0.3333329856
45106  28.275  -46.542  65.929 0.4444440007
133020  28.885  -46.863  64.714 0.4444440007
45105  29.002  -46.109  65.988 0.4444440007
46129  28.011  -45.362  66.051 0.4444440007
47217  27.410  -44.918  65.335 0.4444440007
42844  26.913  -47.850  62.786 0.4444440007
40660  23.441  -50.259  66.416 0.4444440007
38581  23.168  -51.581  64.456 0.5555559993
37478  23.713  -52.576  63.501 0.5555559993
43940  29.558  -46.571  64.675 0.4444440007
45104  29.451  -46.111  65.144 0.4444440007
46135  31.480  -45.168  64.633 0.4444440007
47233  29.606  -44.738  64.214 0.4444440007
47223  28.277  -44.792  65.102 0.4444440007
47225  26.317  -45.428  64.040 0.3333329856
43954  28.660  -47.138  63.749 0.4444440007
137417  25.501  -45.766  62.946 0.3333329856
43965  29.451  -47.217  63.092 0.2222220004
135531  27.380  -44.930  62.987 0.3333329856
47256  26.778  -45.077  62.798 0.2222220004
45140  24.634  -46.515  62.014 0.2222220004
43978  27.398  -47.644  61.455 0.2222220004
42867  26.634  -48.164  61.004 0.2222220004
45122  32.020  -45.627  63.469 0.3333329856
128611  32.358  -45.813  62.816 0.3333329856
43963  32.017  -47.422  62.043 0.2222220004
148722  31.476  -46.338  63.335 0.3333329856
130072  29.006  -44.836  63.287 0.4444440007
130856  28.168  -44.882  63.201 0.4444440007
43975  30.471  -47.760  61.538 0.2222220004
47254  28.547  -44.895  62.537 0.4444440007
45141  24.349  -46.949  61.410 0.2222220004
45132  24.043  -47.188  62.267 0.2222220004
45124  23.944  -47.018  63.372 0.2222220004
132230  32.975  -45.299  62.445 0.3333329856
129506  32.731  -47.420  61.582 0.2222220004
129981  32.652  -48.706  60.739 0.1111110002
42851  32.412  -47.997  61.233 0.2222220004
43974  33.051  -47.961  61.003 0.2222220004
42853  31.517  -47.759  61.715 0.2222220004
42888  31.414  -48.719  59.538 0.1111110002
47269  34.546  -44.456  61.901 0.4444440007
46188  34.899  -45.413  59.738 0.3333329856
46217  35.478  -45.748  58.237 0.4444440007
45163  34.881  -46.521  58.216 0.2222220004
45164  34.523  -46.687  58.858 0.3333329856
136183  33.768  -46.888  59.986 0.2222220004
45147  33.618  -46.614  60.709 0.2222220004
152716  33.427  -49.099  59.994 0.1111110002
40714  34.233  -50.019  59.070 0.1111110002
40716  32.897  -50.012  59.469 0.1111110002
44008  30.098  -47.467  58.303 0.1111110002
41839  32.243  -49.304  58.134 0.1111110002
49449  34.253  -42.978  61.070 0.6666669846
46170  35.411  -44.548  61.488 0.4444440007
47248  35.331  -43.976  62.790 0.5555559993
46203  36.420  -45.230  59.450 0.5555559993
46186  36.475  -45.040  60.470 0.5555559993
44027  35.771  -47.533  57.137 0.3333329856
133178  38.842  -47.385  56.704 0.3333329856
42912  36.234  -48.570  57.162 0.3333329856
42913  35.376  -48.530  57.673 0.3333329856
44042  30.470  -47.190  56.557 0.1111110002
49464  35.621  -43.002  61.063 0.6666669846
46201  38.127  -45.251  60.016 0.6666669846
46184  38.266  -44.837  60.657 0.6666669846
46229  38.520  -45.508  57.869 0.5555559993
48373  38.334  -43.945  61.216 0.6666669846
48374  37.779  -43.697  61.153 0.7777780294
46228  39.026  -45.366  58.486 0.5555559993
45172  39.958  -46.278  57.425 0.4444440007
44023  39.632  -47.259  56.690 0.3333329856
143211  40.720  -49.190  56.761 0.5555559993
47286  40.105  -44.515  60.274 0.6666669846
145086  42.422  -49.493  56.778 0.5555559993
48390  39.612  -43.781  60.228 0.7777780294
46198  41.309  -45.107  59.665 0.6666669846
143258  41.989  -45.026  59.320 0.6666669846
48388  41.354  -43.970  59.712 0.6666669846
48407  40.802  -43.727  59.417 0.6666669846
146318  43.013  -44.795  58.867 0.6666669846
45171  42.998  -46.162  56.766 0.5555559993
141723  43.038  -43.627  57.392 0.6666669846
44054  45.063  -47.336  54.623 0.6666669846
47342  47.410  -43.825  56.351 0.8888890147
47330  46.284  -43.526  57.189 0.8888890147
49523  48.441  -42.199  55.934 0.8888890147
47395  49.864  -44.181  53.151 0.8888890147
47377  49.376  -44.016  53.893 0.8888890147
47378  48.331  -44.728  54.175 0.8888890147
50460  48.320  -41.918  55.684 0.8888890147
49535  48.953  -41.932  55.500 0.8888890147
50482  48.321  -41.741  54.223 0.7777780294
50480  49.688  -41.336  54.445 0.8888890147
47451  50.729  -43.562  50.316 0.6666669846
47462  50.418  -43.388  49.713 0.6666669846
129184  47.526  -42.545  52.800 0.6666669846
48516  52.084  -42.228  51.818 0.8888890147
150682  51.588  -41.703  53.025 0.7777780294
51458  50.036  -40.594  53.381 0.8888890147
50479  50.387  -41.054  54.123 0.8888890147
52627  50.214  -40.027  52.599 0.7777780294
49607  52.623  -41.904  49.879 0.8888890147
48581  52.158  -42.399  49.763 0.7777780294
48597  52.043  -42.035  49.215 0.7777780294
48599  50.808  -42.537  49.047 0.6666669846
52614  51.110  -39.686  53.593 0.8888890147
52626  50.899  -39.418  53.262 0.7777780294
52700  49.448  -39.446  48.658 0.2222220004
141796  53.487  -40.609  50.556 0.8888890147
50516  53.643  -40.514  49.936 0.8888890147
50528  53.789  -40.283  49.680 0.7777780294
50557  53.579  -40.515  48.824 0.7777780294
51517  53.173  -40.271  48.377 0.6666669846
51455  52.703  -39.626  52.810 0.8888890147
50504  53.325  -40.393  51.399 0.8888890147
52625  51.429  -39.125  53.398 0.7777780294
53920  51.483  -38.124  52.509 0.7777780294
53921  50.824  -38.488  51.652 0.6666669846
51480  54.086  -39.789  49.896 0.7777780294
51516  53.854  -39.954  48.609 0.7777780294
52718  53.847  -39.478  47.950 0.7777780294
52699  54.803  -38.944  48.630 0.7777780294
138477  54.597  -39.091  47.789 0.7777780294
52733  54.298  -38.890  47.252 0.6666669846
52623  52.489  -38.899  53.072 0.8888890147
51469  53.534  -39.622  51.639 0.8888890147
53911  52.249  -38.229  53.097 0.7777780294
55127  50.827  -37.960  50.668 0.4444440007
52640  54.082  -39.233  51.010 0.8888890147
55105  53.166  -37.404  52.578 0.7777780294
55106  52.628  -37.617  52.830 0.7777780294
52682  54.491  -39.078  49.669 0.8888890147
130823  54.701  -38.876  49.296 0.7777780294
53962  55.732  -37.519  48.621 0.7777780294
55175  54.966  -37.426  46.345 0.5555559993
53998  55.408  -37.992  46.988 0.7777780294
54042  52.721  -37.584  45.520 0.3333329856
55222  51.889  -36.634  44.581 0.2222220004
55240  50.655  -36.695  43.895 0.2222220004
55200  53.487  -37.350  45.568 0.4444440007
55220  53.594  -36.432  45.151 0.3333329856
56375  52.650  -36.219  44.644 0.3333329856
56387  51.892  -35.965  44.217 0.2222220004
57395  51.350  -35.713  43.675 0.2222220004
57393  52.857  -35.061  44.196 0.2222220004
57406  50.881  -35.435  43.145 0.2222220004
58421  51.504  -34.430  42.919 0.2222220004
59471  52.046  -33.863  43.014 0.2222220004
132406  50.670  -32.913  41.470 0.2222220004
60517  51.236  -32.431  41.589 0.2222220004
53918  54.181  -38.313  51.134 0.8888890147
53931  54.732  -37.820  50.311 0.8888890147
53919  53.786  -37.733  51.850 0.7777780294
56280  53.547  -36.567  52.306 0.7777780294
56289  53.357  -36.317  52.369 0.7777780294
53945  55.652  -37.310  48.891 0.8888890147
53997  55.908  -37.380  47.391 0.7777780294
152134  54.411  -36.266  45.472 0.4444440007
57392  53.759  -34.907  44.558 0.3333329856
56374  54.215  -35.492  45.077 0.4444440007
59452  54.541  -33.858  44.545 0.3333329856
135056  54.293  -37.473  51.136 0.7777780294
56297  55.038  -36.131  50.429 0.8888890147
57293  53.664  -35.017  51.841 0.7777780294
55124  55.676  -36.669  49.282 0.8888890147
55159  56.478  -36.618  47.992 0.8888890147
55173  56.768  -36.143  47.758 0.7777780294
57379  56.012  -34.631  45.895 0.5555559993
57380  55.076  -34.860  45.388 0.4444440007
58401  54.817  -34.198  44.880 0.4444440007
139388  54.179  -34.989  51.955 0.7777780294
56343  57.253  -35.468  47.636 0.8888890147
57364  57.008  -34.910  46.556 0.6666669846
58386  57.364  -34.240  46.175 0.7777780294
58398  57.161  -34.112  45.920 0.5555559993
146386  57.635  -33.382  45.307 0.7777780294
144177  56.160  -33.724  45.330 0.5555559993
60479  57.651  -32.713  44.926 0.6666669846
139896  57.030  -32.319  44.694 0.4444440007
61564  57.798  -30.889  43.761 0.4444440007
60481  55.370  -32.740  44.395 0.3333329856
59451  55.238  -33.659  44.801 0.3333329856
57329  57.801  -34.918  47.933 0.7777780294
57343  58.016  -34.504  47.159 0.7777780294
60456  60.844  -33.088  46.662 0.7777780294
131352  58.345  -33.090  45.247 0.7777780294
60477  60.118  -32.277  45.017 0.6666669846
136692  59.467  -31.457  44.368 0.5555559993
62641  58.272  -30.454  43.063 0.4444440007
61562  59.838  -30.986  43.680 0.5555559993
140612  57.360  -33.136  48.521 0.7777780294
59425  61.015  -33.148  46.158 0.7777780294
60476  61.060  -32.675  45.344 0.6666669846
60475  61.618  -32.040  44.882 0.6666669846
61543  61.378  -31.367  44.261 0.6666669846
61563  58.852  -30.868  43.707 0.5555559993
140586  62.035  -31.112  43.803 0.7777780294
61559  61.105  -30.646  43.674 0.7777780294
61578  60.698  -30.656  42.579 0.7777780294
132375  59.958  -31.120  41.850 0.6666669846
62606  60.474  -30.914  46.212 0.6666669846
62605  61.460  -31.141  45.687 0.7777780294
62617  62.152  -30.356  44.519 0.7777780294
63778  61.153  -29.741  44.852 0.7777780294
152053  62.350  -30.530  44.003 0.7777780294
64979  60.674  -28.730  44.466 0.8888890147
64970  60.760  -28.897  44.821 0.8888890147
63802  60.947  -29.612  44.090 0.8888890147
64988  60.755  -28.983  43.884 0.8888890147
139610  57.207  -32.331  48.374 0.8888890147
64971  60.231  -28.530  45.165 0.8888890147
64961  59.923  -29.010  45.719 0.8888890147
43933  23.019  -47.944  66.574 0.4444440007
42829  22.439  -48.565  66.217 0.4444440007
43928  23.021  -48.013  66.928 0.4444440007
41712  22.917  -49.022  67.088 0.4444440007
38582  22.466  -51.863  64.543 0.4444440007
43956  23.408  -47.523  63.928 0.2222220004
21204  4.875  -66.888  56.455 0.1111110002
22374  4.033  -66.582  55.393 0.1111110002
22363  6.959  -66.297  56.485 0.1111110002
21205  4.406  -66.580  56.442 0.1111110002
23588  8.110  -65.713  57.305 0.1111110002
22364  6.118  -66.680  56.785 0.1111110002
130565  3.829  -66.186  55.517 0.1111110002
25941  10.224  -63.245  56.665 0.1111110002
49488  36.236  -43.344  59.498 0.5555559993
49489  35.250  -43.286  58.750 0.5555559993
22305  10.916  -66.076  61.999 0.1111110002
23587  8.693  -65.528  57.785 0.1111110002
22357  7.468  -66.240  57.408 0.1111110002
21191  6.733  -66.412  58.120 0.1111110002
24760  9.917  -63.944  57.033 0.1111110002
24755  9.562  -64.474  57.471 0.1111110002
21194  5.438  -66.000  57.721 0.1111110002
25934  10.462  -63.456  57.490 0.1111110002
24761  9.217  -64.383  56.717 0.1111110002
27164  11.885  -61.639  57.214 0.1111110002
27159  11.475  -62.324  57.591 0.1111110002
25940  10.755  -62.708  57.164 0.1111110002
25942  9.664  -63.718  56.236 0.1111110002
28341  12.604  -61.233  57.615 0.1111110002
49477  34.671  -42.959  59.471 0.5555559993
49478  33.943  -43.108  59.109 0.4444440007
24725  10.462  -64.523  61.036 0.2222220004
23543  11.182  -65.872  62.052 0.1111110002
22312  11.499  -66.269  61.705 0.1111110002
23581  9.080  -65.890  58.390 0.1111110002
22350  8.442  -66.154  58.395 0.1111110002
21192  5.987  -66.185  58.162 0.1111110002
23586  9.621  -65.156  58.126 0.1111110002
21198  6.009  -66.493  57.533 0.1111110002
22352  5.414  -65.693  57.822 0.1111110002
25900  10.676  -63.583  61.039 0.3333329856
24753  10.974  -63.941  58.130 0.1111110002
132756  5.143  -63.833  57.004 0.1111110002
24756  4.623  -64.813  57.069 0.1111110002
27155  12.291  -62.008  58.114 0.1111110002
25925  11.818  -63.538  58.596 0.1111110002
28333  12.978  -61.492  58.315 0.1111110002
49490  34.428  -43.268  58.650 0.4444440007
48412  33.318  -43.525  58.712 0.3333329856
49491  33.839  -43.478  58.196 0.3333329856
48395  32.765  -43.819  59.218 0.3333329856
48414  32.006  -44.431  57.913 0.2222220004
47321  31.494  -44.866  58.571 0.2222220004
128231  31.184  -45.009  57.930 0.2222220004
137653  9.644  -64.518  60.773 0.2222220004
22313  10.711  -66.352  61.504 0.1111110002
22338  11.747  -66.272  60.537 0.1111110002
23573  9.802  -66.223  59.481 0.1111110002
22349  8.978  -66.313  59.154 0.1111110002
23580  9.574  -65.935  58.788 0.1111110002
21186  6.441  -66.150  58.810 0.1111110002
21187  5.916  -65.970  58.587 0.1111110002
22346  5.678  -65.574  58.413 0.1111110002
27129  10.048  -62.828  60.813 0.3333329856
23572  10.570  -66.050  59.657 0.1111110002
23579  10.214  -65.602  58.892 0.1111110002
24748  10.558  -64.778  58.475 0.1111110002
25936  5.033  -64.290  57.487 0.1111110002
23583  5.070  -65.173  57.684 0.1111110002
27137  10.387  -62.007  60.447 0.3333329856
23578  10.997  -65.353  59.124 0.1111110002
28323  9.726  -61.238  60.374 0.3333329856
24738  13.214  -64.561  59.628 0.1111110002
24739  11.809  -65.177  59.376 0.1111110002
24746  12.258  -64.398  59.164 0.1111110002
25923  13.218  -62.888  58.987 0.1111110002
25924  12.439  -62.758  58.696 0.1111110002
27153  14.567  -61.754  59.170 0.1111110002
27154  13.060  -62.085  58.777 0.1111110002
28332  13.822  -61.390  58.701 0.1111110002
48411  36.165  -43.553  58.319 0.4444440007
141927  14.936  -61.135  58.664 0.1111110002
40707  15.911  -50.905  60.771 0.2222220004
49504  33.114  -43.863  56.737 0.2222220004
40706  16.738  -50.734  60.575 0.2222220004
48413  32.707  -43.932  58.335 0.2222220004
48433  32.725  -43.972  57.320 0.2222220004
48434  32.175  -44.230  56.877 0.2222220004
47333  31.533  -44.666  57.279 0.1111110002
47335  29.724  -44.897  57.402 0.1111110002
22327  9.181  -66.367  61.063 0.1111110002
22328  8.206  -66.393  60.757 0.1111110002
22316  7.657  -66.086  61.084 0.1111110002
23561  7.143  -66.039  60.882 0.1111110002
27138  9.409  -62.141  60.497 0.3333329856
27130  9.106  -62.958  60.752 0.3333329856
22340  10.142  -66.465  60.267 0.1111110002
22341  9.205  -66.417  60.245 0.1111110002
149144  8.423  -66.396  59.879 0.1111110002
22343  7.050  -65.986  59.521 0.1111110002
22345  5.941  -65.805  58.779 0.1111110002
24742  5.196  -64.202  58.007 0.1111110002
28324  8.922  -60.848  60.595 0.3333329856
39652  14.153  -51.510  62.374 0.2222220004
39670  13.634  -51.904  60.618 0.2222220004
48410  37.095  -43.678  58.182 0.6666669846
40708  15.082  -51.196  60.963 0.3333329856
39677  14.446  -51.593  59.596 0.2222220004
134251  15.405  -51.008  60.155 0.2222220004
48408  39.119  -43.712  59.189 0.6666669846
137459  16.129  -50.823  59.955 0.2222220004
41797  17.531  -50.521  60.320 0.2222220004
41810  17.700  -50.420  59.438 0.2222220004
47334  30.700  -44.859  57.159 0.1111110002
41809  18.430  -50.140  59.214 0.1111110002
47350  29.826  -44.606  56.039 0.1111110002
24719  10.103  -65.434  61.351 0.2222220004
153896  8.012  -64.164  60.435 0.2222220004
24727  7.566  -64.713  60.038 0.1111110002
24730  6.989  -64.396  59.733 0.1111110002
25909  6.080  -62.985  59.597 0.1111110002
22314  9.485  -66.112  61.392 0.1111110002
23552  8.178  -65.999  61.226 0.1111110002
23553  7.401  -65.956  61.088 0.1111110002
137480  6.448  -64.626  59.266 0.1111110002
23563  6.099  -65.308  58.935 0.1111110002
24740  5.878  -64.378  58.936 0.1111110002
151053  8.875  -61.494  60.521 0.3333329856
29482  7.362  -60.135  61.307 0.3333329856
30648  7.377  -59.292  61.612 0.3333329856
31822  6.823  -58.802  60.963 0.3333329856
33033  9.178  -58.113  58.968 0.1111110002
33032  9.930  -57.756  58.589 0.1111110002
138567  35.319  -43.587  57.820 0.4444440007
49503  33.654  -43.774  57.160 0.4444440007
34136  10.812  -56.656  58.458 0.1111110002
49502  34.478  -43.579  57.744 0.4444440007
35282  11.398  -55.512  58.521 0.1111110002
153844  14.619  -51.473  60.721 0.2222220004
134665  12.308  -55.072  57.001 0.1111110002
132590  14.819  -51.368  60.216 0.2222220004
48428  39.058  -43.875  57.798 0.6666669846
40719  15.643  -50.911  59.490 0.2222220004
38683  13.539  -52.617  57.701 0.1111110002
40718  16.261  -50.736  59.038 0.2222220004
41811  16.922  -50.659  59.702 0.2222220004
41827  17.110  -50.543  58.839 0.2222220004
40731  16.620  -50.636  58.332 0.1111110002
47352  28.171  -44.932  56.967 0.1111110002
46244  27.521  -45.184  56.380 0.1111110002
41825  18.737  -49.978  58.368 0.1111110002
46256  27.568  -45.045  55.619 0.1111110002
46258  26.090  -45.910  55.948 0.1111110002
146572  19.197  -50.100  59.186 0.1111110002
45196  25.337  -46.425  55.602 0.1111110002
41824  19.673  -49.984  58.500 0.1111110002
46268  25.804  -45.980  55.019 0.1111110002
41822  21.523  -49.943  58.300 0.1111110002
41823  20.599  -49.995  58.484 0.1111110002
143428  7.156  -62.745  60.593 0.2222220004
25905  6.618  -62.801  60.214 0.1111110002
152749  7.510  -62.378  60.746 0.2222220004
29488  6.419  -61.079  60.120 0.2222220004
28317  6.547  -61.531  60.343 0.1111110002
27133  6.332  -62.247  59.991 0.1111110002
30656  6.586  -60.278  60.520 0.1111110002
30659  6.893  -59.522  59.638 0.1111110002
30658  7.560  -59.166  59.307 0.1111110002
31838  9.047  -58.801  58.521 0.1111110002
33040  10.568  -57.375  58.143 0.1111110002
31837  9.653  -58.344  58.326 0.1111110002
48452  32.708  -43.943  56.325 0.2222220004
48453  31.962  -44.089  56.118 0.1111110002
35286  11.307  -56.154  58.068 0.1111110002
47349  30.659  -44.586  56.263 0.1111110002
129419  29.985  -44.765  56.718 0.1111110002
36417  12.209  -54.505  57.650 0.1111110002
47351  29.114  -44.781  56.645 0.1111110002
46245  26.763  -45.575  56.655 0.1111110002
137978  12.516  -53.702  58.070 0.1111110002
46246  25.977  -45.942  56.992 0.1111110002
45186  25.407  -46.454  56.512 0.1111110002
45179  24.807  -46.911  56.995 0.1111110002
44045  24.232  -47.350  56.596 0.1111110002
44033  23.808  -47.931  57.855 0.1111110002
40733  15.315  -51.109  57.950 0.1111110002
39699  14.700  -51.591  57.633 0.1111110002
44046  23.728  -47.849  57.036 0.1111110002
40732  15.987  -50.783  58.182 0.1111110002
41826  17.875  -50.189  58.510 0.1111110002
41847  17.187  -50.406  58.004 0.1111110002
132324  15.452  -50.951  58.807 0.1111110002
46257  26.929  -45.431  55.769 0.1111110002
136686  23.641  -47.767  56.188 0.1111110002
128918  19.343  -49.874  57.693 0.1111110002
45205  25.179  -46.366  54.760 0.1111110002
45198  23.939  -47.030  54.872 0.1111110002
41841  22.522  -49.560  57.449 0.1111110002
134521  21.230  -49.716  56.853 0.1111110002
30664  7.492  -59.920  58.823 0.1111110002
30660  6.503  -59.991  59.828 0.1111110002
132925  6.404  -60.742  59.788 0.1111110002
29491  6.042  -61.647  59.288 0.1111110002
130258  8.312  -59.343  58.725 0.1111110002
131613  6.456  -60.711  59.033 0.1111110002
33041  10.198  -58.083  57.845 0.1111110002
34142  11.041  -56.829  57.690 0.1111110002
48429  37.396  -43.802  57.528 0.6666669846
49518  32.905  -43.892  55.792 0.2222220004
147596  38.705  -43.998  56.891 0.4444440007
128248  28.306  -44.807  55.942 0.1111110002
38671  12.902  -52.959  58.337 0.1111110002
42930  23.306  -48.447  56.596 0.1111110002
45187  24.781  -46.891  56.119 0.1111110002
42931  22.816  -49.036  56.169 0.1111110002
153502  18.218  -49.989  58.010 0.1111110002
45188  24.111  -47.227  55.737 0.1111110002
44058  23.539  -47.676  55.312 0.1111110002
45197  24.655  -46.784  55.250 0.1111110002
44059  23.156  -48.309  55.751 0.1111110002
41842  21.795  -49.769  57.498 0.1111110002
29497  6.919  -60.651  58.606 0.1111110002
145951  8.361  -60.013  58.174 0.1111110002
48430  36.688  -43.798  57.334 0.5555559993
48431  35.766  -43.767  57.197 0.4444440007
49517  33.292  -43.955  56.138 0.2222220004
49516  34.026  -43.923  56.481 0.3333329856
139244  13.746  -52.688  56.905 0.1111110002
146123  12.999  -53.206  57.460 0.1111110002
47364  40.234  -44.857  55.517 0.4444440007
47347  38.936  -44.525  56.284 0.3333329856
137808  36.304  -43.941  56.575 0.4444440007
146558  35.431  -44.094  56.285 0.4444440007
132105  33.261  -43.849  55.344 0.2222220004
49519  32.599  -43.758  55.414 0.2222220004
39710  14.764  -51.751  56.748 0.1111110002
39711  14.158  -52.122  57.249 0.1111110002
48451  34.700  -44.345  55.690 0.4444440007
134217  33.352  -43.931  55.434 0.3333329856
49542  32.372  -43.008  53.980 0.1111110002
40748  15.265  -51.225  57.078 0.1111110002
39700  14.071  -51.981  58.141 0.1111110002
48450  35.742  -44.430  55.730 0.4444440007
49528  33.967  -44.033  54.804 0.2222220004
49529  33.294  -43.729  54.733 0.2222220004
49541  32.677  -43.300  54.267 0.2222220004
49533  31.887  -43.219  54.453 0.1111110002
40747  15.866  -50.862  57.360 0.1111110002
48469  34.864  -44.546  55.098 0.3333329856
49539  33.242  -43.440  54.154 0.2222220004
49554  32.963  -43.073  53.779 0.1111110002
50471  31.913  -42.622  53.661 0.1111110002
135881  31.616  -42.761  53.687 0.1111110002
40746  16.543  -50.617  57.620 0.1111110002
145770  34.276  -44.030  53.783 0.2222220004
49538  33.889  -43.773  53.952 0.2222220004
50470  32.547  -42.864  53.648 0.1111110002
49555  31.496  -42.477  52.989 0.1111110002
42919  23.430  -48.547  57.418 0.1111110002
49553  34.003  -43.658  53.396 0.1111110002
145646  33.300  -43.226  53.548 0.2222220004
50483  32.692  -42.544  53.032 0.1111110002
50484  32.292  -42.449  53.048 0.1111110002
50485  32.197  -42.172  53.021 0.1111110002
42920  22.979  -49.184  57.012 0.1111110002
41846  17.774  -50.080  57.666 0.1111110002
49566  34.455  -43.845  52.658 0.1111110002
49567  33.523  -43.177  52.781 0.1111110002
50495  32.867  -42.438  52.217 0.1111110002
50496  32.313  -42.267  52.515 0.1111110002
51449  32.104  -42.131  52.414 0.1111110002
51450  31.830  -41.939  52.364 0.1111110002
49580  34.038  -43.459  51.920 0.1111110002
50494  33.044  -42.652  52.470 0.1111110002
49581  32.977  -42.482  51.784 0.1111110002
151118  34.080  -43.348  51.141 0.1111110002
150882  33.528  -42.918  51.439 0.1111110002
50534  33.465  -42.209  50.050 0.1111110002
30663  8.960  -59.462  57.966 0.1111110002
33048  10.266  -58.394  57.011 0.1111110002
132082  12.702  -53.846  57.245 0.1111110002
38684  13.296  -53.208  56.754 0.1111110002
36428  12.652  -54.424  56.697 0.1111110002
153155  13.367  -52.910  57.196 0.1111110002
38694  14.310  -52.345  56.419 0.1111110002
48448  38.100  -43.874  57.225 0.5555559993
48470  31.853  -43.542  55.079 0.2222220004
47369  29.657  -44.300  55.335 0.1111110002
39709  15.335  -51.390  56.253 0.1111110002
47363  41.255  -44.729  55.424 0.4444440007
47346  39.834  -44.571  56.283 0.5555559993
48466  37.941  -44.200  56.371 0.4444440007
47368  30.559  -44.198  55.473 0.1111110002
40766  15.805  -50.948  56.565 0.1111110002
47380  41.338  -44.791  54.501 0.3333329856
48449  37.207  -43.911  56.839 0.5555559993
48471  31.385  -43.561  54.839 0.1111110002
134989  36.891  -44.177  56.084 0.3333329856
47384  29.533  -44.061  54.728 0.1111110002
41863  17.155  -50.253  57.048 0.1111110002
147570  36.586  -44.531  55.393 0.4444440007
48485  36.947  -44.593  54.634 0.4444440007
48486  35.945  -44.505  54.007 0.3333329856
41821  22.394  -49.768  58.151 0.1111110002
41845  18.480  -49.921  57.436 0.1111110002
48528  35.570  -44.230  52.507 0.1111110002
41844  20.024  -49.733  57.106 0.1111110002
48549  35.006  -44.060  51.810 0.1111110002
146148  34.647  -43.677  51.275 0.1111110002
49597  34.707  -43.430  50.488 0.1111110002
49615  34.168  -42.914  49.728 0.1111110002
50551  33.783  -42.164  49.148 0.1111110002
47381  40.521  -44.938  54.738 0.3333329856
47365  39.316  -44.818  55.545 0.4444440007
128775  29.114  -44.606  55.814 0.1111110002
139825  28.837  -44.455  55.094 0.1111110002
44032  24.280  -47.385  57.448 0.1111110002
47366  38.390  -44.718  55.586 0.3333329856
41879  16.832  -50.376  56.148 0.1111110002
40765  16.425  -50.644  56.813 0.1111110002
48502  42.914  -43.943  53.450 0.2222220004
48503  42.162  -44.184  53.031 0.1111110002
48467  37.432  -44.588  55.524 0.3333329856
41862  17.552  -49.961  56.118 0.1111110002
48523  42.892  -43.795  52.513 0.2222220004
47367  37.940  -44.752  54.803 0.3333329856
47385  29.082  -44.167  54.283 0.1111110002
139099  27.985  -44.799  55.038 0.1111110002
154636  20.681  -49.751  57.001 0.1111110002
129075  19.129  -49.781  56.853 0.1111110002
131812  17.832  -49.951  56.960 0.1111110002
48490  29.347  -43.889  53.631 0.1111110002
48504  37.058  -44.584  53.691 0.2222220004
48505  36.248  -44.419  53.148 0.1111110002
47400  37.218  -44.646  52.817 0.1111110002
48527  36.561  -44.450  52.381 0.1111110002
140091  35.444  -43.877  50.991 0.1111110002
48572  35.684  -43.689  50.147 0.1111110002
49614  35.140  -43.312  49.526 0.1111110002
138157  16.293  -50.749  56.155 0.1111110002
47397  41.548  -44.599  53.604 0.1111110002
41861  18.351  -49.832  56.548 0.1111110002
132320  18.327  -49.742  55.743 0.1111110002
138682  43.359  -43.522  51.744 0.2222220004
41876  20.357  -49.464  55.650 0.1111110002
48541  44.193  -43.424  51.809 0.3333329856
47383  38.801  -44.867  54.801 0.2222220004
41860  19.667  -49.603  56.182 0.1111110002
134254  38.337  -44.868  54.199 0.3333329856
145859  38.115  -44.875  53.355 0.1111110002
48526  37.343  -44.593  51.877 0.1111110002
48548  36.244  -44.207  51.587 0.1111110002
48571  36.355  -43.951  50.612 0.1111110002
38695  13.837  -52.970  56.136 0.1111110002
47382  39.662  -44.949  54.786 0.3333329856
49579  44.580  -43.073  51.025 0.3333329856
136657  39.959  -44.917  54.173 0.2222220004
147762  39.116  -44.986  53.966 0.3333329856
143998  39.041  -44.938  53.118 0.2222220004
144640  37.887  -44.800  52.485 0.1111110002
47398  40.667  -44.828  53.943 0.3333329856
148727  46.007  -43.079  50.574 0.2222220004
49592  45.256  -42.868  50.433 0.2222220004
47416  38.617  -44.858  52.488 0.1111110002
152553  43.757  -43.234  51.196 0.2222220004
50546  46.611  -41.535  48.842 0.1111110002
49609  45.866  -42.595  49.909 0.1111110002
48524  41.915  -43.965  52.212 0.1111110002
149425  40.770  -44.694  53.228 0.1111110002
51505  47.873  -40.311  48.252 0.1111110002
51506  47.193  -41.004  48.543 0.1111110002
48542  42.511  -43.665  51.602 0.1111110002
47413  41.327  -44.427  52.736 0.1111110002
48564  43.045  -43.291  50.964 0.1111110002
47399  39.914  -44.840  53.343 0.2222220004
49608  46.590  -42.419  49.779 0.1111110002
50532  46.170  -42.048  49.281 0.1111110002
128368  45.064  -42.558  49.777 0.1111110002
53983  48.588  -38.732  47.229 0.1111110002
52720  47.387  -39.789  47.404 0.1111110002
50533  45.307  -42.153  49.242 0.1111110002
54001  48.209  -38.338  46.478 0.1111110002
51507  46.379  -41.056  48.210 0.1111110002
50547  45.691  -41.602  48.547 0.1111110002
51508  45.704  -41.037  47.953 0.1111110002
55177  48.484  -37.422  46.160 0.1111110002
53984  47.756  -38.985  46.985 0.1111110002
55201  47.768  -37.981  45.782 0.1111110002
51520  46.148  -40.668  47.556 0.1111110002
56346  49.004  -36.449  46.224 0.1111110002
51519  46.933  -40.498  47.834 0.1111110002
52736  46.924  -39.330  46.582 0.1111110002
57348  49.240  -35.563  46.143 0.1111110002
58371  49.522  -34.942  46.195 0.1111110002
56364  48.191  -36.537  45.674 0.1111110002
58370  50.084  -34.686  46.513 0.2222220004
59427  51.055  -33.400  46.696 0.3333329856
63750  55.755  -30.141  48.439 0.5555559993
62596  55.157  -30.393  48.063 0.5555559993
60448  53.322  -32.715  47.833 0.4444440007
59414  51.791  -33.381  47.129 0.4444440007
62588  55.506  -30.829  48.665 0.5555559993
149070  53.862  -32.153  47.883 0.4444440007
60449  52.427  -32.747  47.175 0.4444440007
142281  47.845  -37.254  45.564 0.1111110002
55202  47.203  -37.572  45.162 0.1111110002
154246  50.868  -33.886  46.758 0.3333329856
61512  53.093  -32.025  47.223 0.4444440007
60458  51.559  -32.657  46.565 0.4444440007
64922  56.363  -29.399  47.927 0.5555559993
61511  54.046  -31.566  47.646 0.4444440007
63760  56.871  -29.352  47.723 0.6666669846
63769  58.527  -28.671  46.549 0.7777780294
64942  57.790  -28.516  46.963 0.6666669846
61577  60.728  -30.293  42.925 0.7777780294
128282  60.346  -31.891  40.906 0.7777780294
60512  60.682  -32.784  40.806 0.6666669846
58448  60.109  -34.310  39.642 0.6666669846
58388  48.993  -34.866  45.697 0.1111110002
60459  50.631  -32.898  46.192 0.3333329856
57368  47.834  -35.816  45.178 0.1111110002
60457  52.285  -32.188  46.698 0.4444440007
61523  53.480  -31.248  46.903 0.4444440007
62607  54.641  -30.067  47.245 0.5555559993
63761  55.920  -29.448  48.029 0.5555559993
63762  55.432  -29.690  47.792 0.5555559993
64943  57.197  -28.467  47.354 0.6666669846
64962  59.281  -28.826  46.136 0.7777780294
139807  60.214  -30.976  41.539 0.7777780294
65102  55.849  -28.165  36.514 0.6666669846
65082  56.248  -28.620  37.346 0.6666669846
63878  56.842  -28.914  37.925 0.6666669846
63876  58.184  -29.885  38.069 0.6666669846
62715  58.900  -30.189  38.787 0.6666669846
62736  59.510  -31.057  38.395 0.5555559993
152167  55.339  -27.513  36.143 0.5555559993
59517  60.868  -33.958  39.067 0.5555559993
58458  59.953  -34.377  38.708 0.5555559993
67106  54.648  -26.352  35.816 0.6666669846
68094  54.532  -25.844  35.354 0.5555559993
60546  61.017  -33.485  39.751 0.5555559993
136051  54.665  -24.785  34.700 0.6666669846
148683  54.314  -23.390  36.481 0.3333329856
71882  56.865  -21.109  36.378 0.4444440007
148189  56.417  -21.570  35.769 0.5555559993
152463  55.113  -21.902  35.948 0.3333329856
70969  54.617  -22.298  36.316 0.6666669846
70051  54.284  -22.811  36.997 0.3333329856
70035  54.429  -23.561  37.935 0.3333329856
71884  54.911  -21.790  36.839 0.5555559993
70955  54.380  -22.296  37.653 0.5555559993
154621  54.249  -22.961  38.361 0.3333329856
70940  54.096  -23.428  39.387 0.3333329856
59428  50.380  -33.811  46.395 0.1111110002
58387  49.568  -34.228  45.984 0.1111110002
57367  48.564  -35.674  45.662 0.1111110002
62608  53.805  -30.504  46.653 0.5555559993
64945  56.231  -28.748  47.582 0.5555559993
64963  58.182  -27.802  46.536 0.6666669846
137971  59.508  -28.206  45.589 0.7777780294
63814  60.730  -29.507  43.375 0.7777780294
65063  55.659  -27.881  37.528 0.6666669846
65062  56.870  -28.700  38.809 0.6666669846
63859  58.188  -29.432  38.865 0.6666669846
62694  60.332  -31.349  39.964 0.6666669846
61619  60.689  -32.392  39.820 0.5555559993
150102  60.332  -31.666  40.756 0.7777780294
66137  55.282  -27.451  36.831 0.6666669846
62695  60.002  -30.431  40.241 0.7777780294
60527  61.136  -32.706  40.094 0.5555559993
60528  60.938  -33.265  40.504 0.6666669846
59505  60.880  -34.075  40.013 0.5555559993
152617  54.316  -24.626  35.922 0.3333329856
71863  56.088  -21.078  37.317 0.3333329856
71883  55.327  -21.427  37.250 0.2222220004
71865  54.642  -21.748  38.287 0.4444440007
69106  54.357  -23.899  36.479 0.3333329856
70018  53.800  -23.787  38.869 0.2222220004
70019  52.881  -23.681  38.520 0.2222220004
72838  58.913  -19.754  38.771 0.3333329856
134058  55.486  -20.732  39.522 0.2222220004
72857  55.662  -20.958  38.341 0.3333329856
70939  54.250  -22.970  39.902 0.3333329856
70927  53.527  -23.181  40.370 0.3333329856
70928  52.673  -23.117  39.983 0.1111110002
70020  52.027  -23.375  37.467 0.1111110002
70036  52.580  -24.031  37.409 0.1111110002
69118  51.909  -24.604  35.892 0.1111110002
71866  51.975  -21.916  38.010 0.1111110002
70941  51.719  -22.740  37.971 0.1111110002
70956  51.247  -22.699  37.020 0.1111110002
58389  48.164  -34.861  45.081 0.1111110002
64944  56.717  -28.602  47.540 0.5555559993
65965  57.528  -27.755  46.860 0.6666669846
66005  59.687  -27.649  45.045 0.7777780294
136830  60.360  -28.290  44.720 0.7777780294
140856  56.153  -28.234  38.329 0.6666669846
65046  56.398  -27.858  39.268 0.7777780294
65028  57.714  -28.185  40.419 0.7777780294
65044  58.199  -28.875  39.710 0.7777780294
63858  59.375  -29.949  39.763 0.7777780294
63825  60.572  -29.741  42.564 0.7777780294
66094  55.685  -27.363  38.315 0.5555559993
66093  55.940  -26.960  38.990 0.5555559993
65027  58.608  -28.562  40.618 0.7777780294
63843  59.058  -29.203  40.144 0.7777780294
141292  60.334  -30.898  40.727 0.7777780294
66113  55.017  -26.723  36.986 0.4444440007
67087  55.128  -25.841  37.530 0.4444440007
67088  54.735  -26.030  36.682 0.5555559993
68080  54.444  -25.291  36.135 0.5555559993
68064  54.991  -24.642  37.485 0.3333329856
69090  54.798  -23.888  38.265 0.3333329856
72856  57.552  -20.397  37.609 0.3333329856
72840  56.538  -20.636  38.243 0.2222220004
69105  54.621  -24.216  36.998 0.3333329856
69091  54.270  -23.681  38.947 0.1111110002
69092  53.286  -24.279  38.178 0.1111110002
68065  53.539  -24.508  38.373 0.1111110002
67089  53.370  -25.450  38.023 0.1111110002
130923  58.275  -20.157  38.158 0.3333329856
72839  57.378  -20.349  38.736 0.3333329856
72842  54.397  -21.421  40.480 0.4444440007
71840  53.848  -21.927  40.799 0.2222220004
70926  53.766  -22.752  40.934 0.2222220004
71850  52.379  -22.577  39.537 0.1111110002
69107  52.468  -24.595  36.845 0.1111110002
68081  52.259  -25.381  36.268 0.1111110002
67108  51.866  -26.256  36.006 0.1111110002
143818  55.798  -20.341  40.406 0.4444440007
72823  54.934  -20.615  40.831 0.4444440007
72825  53.828  -21.109  40.726 0.1111110002
72826  53.420  -20.925  40.208 0.1111110002
72843  52.783  -21.659  39.699 0.1111110002
72854  59.842  -19.761  37.472 0.3333329856
73790  53.101  -19.231  38.377 0.1111110002
73791  52.471  -19.519  37.729 0.1111110002
72858  52.246  -20.450  38.127 0.1111110002
71867  51.045  -21.050  37.338 0.1111110002
74767  53.610  -18.817  38.062 0.1111110002
63770  54.945  -29.351  46.963 0.5555559993
59439  48.861  -33.943  45.236 0.1111110002
64964  55.930  -28.197  47.113 0.4444440007
65988  58.023  -26.940  46.436 0.6666669846
67046  57.227  -25.913  40.657 0.7777780294
67045  57.774  -26.288  41.371 0.7777780294
66032  60.633  -28.674  43.775 0.7777780294
66018  60.659  -28.726  44.222 0.7777780294
67047  56.740  -25.653  39.893 0.7777780294
66064  57.514  -27.162  40.859 0.7777780294
66063  58.300  -27.220  41.461 0.7777780294
66062  58.924  -28.073  41.398 0.7777780294
63826  60.476  -29.709  42.005 0.7777780294
67070  55.580  -26.050  38.360 0.5555559993
67060  56.222  -25.682  39.130 0.6666669846
149772  58.158  -27.940  41.080 0.7777780294
65026  59.334  -28.887  40.913 0.7777780294
65025  59.865  -29.266  41.251 0.7777780294
63827  60.256  -29.576  41.639 0.7777780294
63840  60.287  -30.386  41.362 0.7777780294
68049  55.494  -24.654  38.087 0.3333329856
69075  55.557  -23.984  38.635 0.3333329856
69076  55.077  -23.767  38.962 0.2222220004
66067  52.466  -27.223  40.611 0.2222220004
69089  55.325  -24.070  38.293 0.2222220004
68050  53.991  -24.450  39.129 0.1111110002
67072  53.643  -25.537  38.585 0.1111110002
148940  53.077  -26.895  40.157 0.2222220004
67073  53.156  -26.331  38.101 0.1111110002
144651  57.180  -20.131  39.655 0.2222220004
72821  57.421  -19.691  40.209 0.2222220004
72807  56.499  -19.954  40.524 0.3333329856
73754  54.652  -19.669  41.153 0.3333329856
72810  54.189  -20.330  41.033 0.2222220004
131291  59.721  -19.461  38.394 0.3333329856
74724  54.496  -19.096  40.754 0.3333329856
74740  53.925  -19.379  40.138 0.2222220004
74753  53.657  -18.907  39.047 0.2222220004
74739  54.316  -18.685  39.681 0.2222220004
60467  51.019  -32.148  45.965 0.4444440007
61525  51.830  -31.873  46.197 0.3333329856
64946  55.683  -28.954  47.470 0.5555559993
65966  57.046  -27.798  47.219 0.6666669846
66980  59.557  -27.149  45.046 0.7777780294
68027  57.530  -25.238  41.055 0.7777780294
135970  57.959  -25.697  41.832 0.7777780294
67037  58.791  -26.783  42.314 0.7777780294
67023  59.526  -27.045  43.181 0.7777780294
67022  60.081  -27.598  43.562 0.7777780294
66033  60.461  -28.225  43.943 0.7777780294
66995  59.721  -27.224  44.541 0.7777780294
68028  57.042  -24.826  40.269 0.5555559993
66053  58.894  -27.307  41.898 0.7777780294
67036  59.347  -27.357  42.440 0.7777780294
66041  59.988  -27.790  42.857 0.7777780294
66040  60.409  -28.232  43.272 0.7777780294
68036  56.885  -24.295  40.015 0.4444440007
68037  56.638  -24.522  39.389 0.5555559993
65012  59.585  -28.531  41.594 0.7777780294
66051  59.790  -28.168  42.210 0.7777780294
66050  60.297  -28.495  42.606 0.7777780294
69074  56.123  -23.961  38.990 0.4444440007
150901  55.591  -23.858  39.045 0.3333329856
69062  56.526  -23.966  39.647 0.4444440007
69063  55.715  -23.850  39.583 0.4444440007
69064  55.117  -23.891  39.186 0.2222220004
138182  54.346  -25.374  39.832 0.2222220004
139247  53.459  -26.378  38.740 0.2222220004
67050  53.339  -26.694  39.410 0.2222220004
73750  58.299  -19.066  40.897 0.3333329856
73751  56.953  -19.364  40.955 0.3333329856
73740  55.952  -19.027  41.419 0.3333329856
75695  55.769  -18.094  40.674 0.3333329856
129787  58.994  -19.290  40.436 0.3333329856
74723  55.280  -18.870  41.193 0.2222220004
74738  54.983  -18.304  40.320 0.2222220004
74751  54.983  -18.270  39.014 0.1111110002
131636  60.416  -19.270  37.815 0.3333329856
72852  61.625  -20.787  36.648 0.3333329856
71861  62.413  -21.700  36.962 0.3333329856
74766  54.558  -18.643  38.051 0.1111110002
72853  60.660  -20.005  36.859 0.3333329856
71860  63.000  -22.206  37.021 0.3333329856
74765  55.500  -18.544  37.931 0.1111110002
74780  54.990  -18.827  37.222 0.1111110002
73798  62.614  -19.470  36.272 0.3333329856
71877  62.429  -21.004  36.643 0.3333329856
74779  55.909  -18.816  37.039 0.1111110002
74760  62.436  -18.276  36.795 0.3333329856
65990  56.859  -27.242  46.859 0.5555559993
69002  58.162  -24.863  44.551 0.7777780294
69011  58.780  -25.427  44.618 0.7777780294
66982  58.949  -25.986  45.160 0.7777780294
65987  58.560  -27.153  46.091 0.7777780294
69052  57.243  -24.509  40.762 0.6666669846
69042  57.910  -24.760  42.282 0.7777780294
69036  58.440  -24.897  43.141 0.7777780294
67999  58.883  -25.540  43.709 0.7777780294
67012  59.624  -26.795  43.829 0.7777780294
67973  59.398  -26.371  44.745 0.7777780294
69975  57.326  -24.419  42.654 0.7777780294
69987  57.122  -24.365  41.814 0.6666669846
69053  56.826  -24.166  40.389 0.6666669846
67039  54.640  -26.491  41.313 0.4444440007
66042  54.353  -27.136  42.459 0.4444440007
69054  55.583  -23.976  40.415 0.4444440007
69055  55.076  -24.122  40.016 0.2222220004
68029  54.793  -24.882  40.345 0.2222220004
67040  54.081  -26.682  40.881 0.3333329856
66066  53.306  -26.981  40.833 0.4444440007
74704  58.227  -18.511  41.086 0.3333329856
74705  57.166  -18.641  41.182 0.3333329856
75694  56.415  -17.989  40.817 0.2222220004
73768  59.584  -19.389  39.573 0.3333329856
73749  59.885  -19.022  40.618 0.3333329856
75693  57.136  -17.786  40.562 0.1111110002
75716  55.751  -17.892  39.708 0.2222220004
73781  60.434  -19.052  39.135 0.3333329856
75704  57.665  -17.403  39.973 0.2222220004
149970  57.021  -17.612  39.831 0.2222220004
75715  56.587  -17.803  39.311 0.2222220004
73780  60.955  -18.654  38.236 0.3333329856
128270  61.187  -19.379  36.972 0.3333329856
72868  62.059  -20.069  36.488 0.3333329856
75714  57.377  -17.629  39.177 0.2222220004
74750  56.057  -18.207  38.648 0.2222220004
74764  56.444  -18.520  37.710 0.1111110002
61533  52.178  -31.183  45.879 0.4444440007
66966  57.176  -26.601  46.423 0.5555559993
62609  52.955  -30.850  46.229 0.3333329856
154013  57.385  -25.318  44.724 0.7777780294
67977  57.826  -25.560  45.311 0.7777780294
66965  57.750  -26.426  46.226 0.6666669846
69023  58.579  -24.976  44.145 0.7777780294
69961  56.995  -24.467  43.077 0.7777780294
67989  55.970  -26.197  43.951 0.6666669846
67013  55.302  -26.732  43.533 0.5555559993
137464  54.764  -27.137  43.973 0.4444440007
66021  53.888  -27.829  44.313 0.5555559993
69026  56.838  -24.682  43.401 0.6666669846
136257  55.920  -25.113  42.686 0.6666669846
67026  55.135  -26.634  42.615 0.4444440007
66043  53.650  -27.424  42.777 0.3333329856
69976  56.699  -24.393  42.270 0.6666669846
69038  55.980  -24.541  42.106 0.6666669846
68010  55.524  -25.168  41.863 0.4444440007
68011  55.222  -26.157  41.822 0.4444440007
69045  55.962  -24.170  41.174 0.5555559993
68022  55.056  -25.508  41.114 0.3333329856
149431  59.959  -17.932  41.128 0.3333329856
74703  59.264  -18.105  41.100 0.3333329856
129850  58.101  -17.545  40.590 0.2222220004
152159  60.222  -19.143  39.959 0.3333329856
75713  58.190  -17.249  39.387 0.3333329856
74749  56.956  -18.092  38.415 0.2222220004
62620  53.262  -30.123  45.973 0.5555559993
63771  54.092  -29.762  46.412 0.5555559993
140050  56.269  -27.419  46.621 0.5555559993
66996  56.704  -25.941  45.212 0.5555559993
66983  56.942  -26.225  45.944 0.5555559993
66967  56.716  -26.780  46.447 0.5555559993
69014  57.316  -24.869  44.156 0.6666669846
137054  56.499  -25.647  44.352 0.6666669846
66020  54.701  -27.452  44.653 0.4444440007
68001  56.259  -25.364  43.498 0.6666669846
75692  58.871  -16.999  40.698 0.3333329856
75703  58.384  -17.049  40.195 0.2222220004
77647  63.543  -14.484  34.668 0.2222220004
65991  55.491  -27.884  46.369 0.4444440007
64965  55.208  -28.597  46.691 0.5555559993
63780  54.386  -29.031  46.153 0.5555559993
66997  56.116  -26.387  44.896 0.5555559993
66006  55.588  -27.104  45.244 0.4444440007
66007  55.021  -27.645  45.588 0.4444440007
64980  54.238  -28.040  45.087 0.4444440007
66998  55.424  -26.852  44.382 0.4444440007
77656  63.104  -15.340  33.822 0.2222220004
77655  63.716  -14.474  33.724 0.3333329856
23544  10.457  -65.921  61.909 0.1111110002
25902  9.102  -63.659  60.705 0.3333329856
27139  8.299  -62.175  60.668 0.3333329856
23570  12.205  -65.792  59.988 0.1111110002
23571  11.359  -65.865  59.850 0.1111110002
28314  8.020  -61.083  60.821 0.3333329856
140749  12.510  -65.122  59.605 0.1111110002
139427  8.748  -64.347  60.505 0.2222220004
22326  10.483  -66.532  60.901 0.1111110002
22339  10.907  -66.370  60.420 0.1111110002
144698  9.830  -66.510  60.788 0.1111110002
148709  8.124  -63.233  60.676 0.3333329856
128653  7.750  -58.039  60.098 0.1111110002
30637  7.295  -58.899  61.644 0.3333329856
153390  7.458  -61.746  60.843 0.2222220004
31823  6.655  -59.374  60.375 0.2222220004
24745  12.785  -63.592  59.066 0.1111110002
35293  12.027  -55.743  56.723 0.1111110002
74746  62.131  -17.535  38.157 0.3333329856
74735  62.053  -17.272  39.450 0.3333329856
73789  61.904  -19.082  36.677 0.3333329856
74761  61.606  -18.407  37.503 0.3333329856
75701  62.295  -16.814  39.470 0.3333329856
74747  61.557  -17.986  38.856 0.3333329856
75726  58.711  -17.730  37.680 0.2222220004
74748  61.059  -18.471  39.403 0.3333329856
74736  61.561  -17.982  40.051 0.3333329856
74720  60.400  -18.333  40.887 0.3333329856
75689  61.408  -17.602  40.367 0.3333329856
76630  59.123  -16.716  39.939 0.1111110002
142310  58.848  -27.989  46.089 0.7777780294
21200  4.981  -66.384  57.082 0.1111110002
129990  6.671  -66.521  57.285 0.1111110002
22358  4.495  -66.188  56.891 0.1111110002
23593  9.116  -64.906  57.415 0.1111110002
132215  7.666  -66.283  58.297 0.1111110002
24754  10.172  -64.273  57.798 0.1111110002
25933  11.204  -63.095  57.876 0.1111110002
24718  10.855  -65.322  61.564 0.1111110002
24717  11.595  -65.201  61.676 0.2222220004
25901  9.849  -63.619  60.923 0.3333329856
22325  11.228  -66.500  61.072 0.1111110002
137362  8.065  -66.322  59.080 0.1111110002
22351  7.225  -66.262  58.984 0.1111110002
22353  4.947  -65.456  57.426 0.1111110002
24749  4.996  -64.518  57.490 0.1111110002
25932  11.832  -62.722  58.216 0.1111110002
139052  9.988  -66.370  61.285 0.1111110002
22306  10.210  -66.075  61.758 0.1111110002
22342  7.683  -66.285  59.887 0.1111110002
23574  5.590  -64.913  58.466 0.1111110002
28322  10.654  -61.256  60.399 0.3333329856
24747  11.394  -64.514  58.795 0.1111110002
25922  14.002  -62.409  59.302 0.1111110002
22315  8.532  -66.112  61.162 0.1111110002
22329  7.413  -66.154  60.480 0.1111110002
22330  7.093  -65.737  59.737 0.1111110002
23554  7.220  -65.790  60.548 0.1111110002
29481  8.514  -60.129  61.083 0.3333329856
23546  9.178  -65.436  60.756 0.1111110002
23545  9.736  -65.973  61.614 0.1111110002
25903  7.539  -63.601  60.394 0.1111110002
24726  8.248  -65.192  60.281 0.1111110002
25908  6.572  -63.430  59.863 0.1111110002
24732  5.694  -63.552  59.060 0.1111110002
151524  6.806  -59.080  61.160 0.3333329856
31821  7.221  -58.098  60.823 0.1111110002
31831  7.158  -58.735  60.107 0.3333329856
31830  8.252  -58.580  59.367 0.1111110002
49515  34.767  -43.991  56.377 0.4444440007
27132  6.775  -62.087  60.534 0.1111110002
27131  7.059  -61.897  60.811 0.2222220004
28316  6.874  -61.281  60.771 0.2222220004
146999  6.548  -59.906  60.309 0.1111110002
30650  6.683  -60.060  60.964 0.3333329856
29483  6.911  -60.435  61.065 0.3333329856
48454  31.432  -44.065  55.699 0.1111110002
130262  28.420  -44.554  54.446 0.1111110002
133749  33.948  -44.072  55.568 0.3333329856
49540  33.057  -43.286  54.104 0.2222220004
48468  35.744  -44.624  54.860 0.4444440007
48487  34.678  -44.381  54.280 0.2222220004
140155  33.165  -42.686  52.856 0.1111110002
48506  34.906  -44.307  53.391 0.2222220004
48472  30.364  -43.837  54.766 0.1111110002
48507  30.867  -43.067  53.468 0.1111110002
62672  60.397  -30.358  41.982 0.7777780294
60511  60.617  -32.428  40.646 0.6666669846
63877  57.512  -29.262  38.351 0.6666669846
154130  58.748  -29.508  39.443 0.7777780294
61620  60.140  -31.744  39.065 0.5555559993
61640  60.097  -31.924  38.181 0.5555559993
68110  54.744  -25.707  34.880 0.5555559993
69117  54.331  -24.367  35.356 0.5555559993
70069  54.564  -23.231  35.095 0.5555559993
70050  54.310  -23.627  35.551 0.5555559993
146932  56.950  -20.683  37.176 0.3333329856
71892  55.757  -21.479  36.342 0.4444440007
137415  54.931  -22.518  35.334 0.4444440007
139799  54.381  -22.934  35.839 0.5555559993
70007  53.364  -23.455  39.539 0.3333329856
66981  59.274  -26.675  45.218 0.7777780294
150309  60.623  -28.832  43.134 0.7777780294
63860  57.587  -28.952  39.061 0.7777780294
65045  57.232  -28.428  39.610 0.7777780294
62714  59.732  -30.784  39.331 0.6666669846
63841  60.153  -30.022  40.934 0.7777780294
63842  59.698  -29.605  40.525 0.7777780294
61605  60.470  -31.851  40.502 0.6666669846
72841  54.900  -21.251  39.044 0.4444440007
131838  54.226  -22.206  40.252 0.4444440007
70017  54.711  -23.707  38.051 0.3333329856
132612  58.200  -19.476  40.201 0.3333329856
71849  52.876  -22.869  40.729 0.2222220004
70008  52.561  -23.288  39.228 0.1111110002
70929  52.109  -22.916  39.086 0.1111110002
70009  52.118  -23.179  38.568 0.1111110002
70037  52.112  -23.934  36.481 0.1111110002
153316  51.643  -21.085  37.735 0.1111110002
153277  55.993  -27.663  38.760 0.6666669846
66078  56.414  -26.787  39.698 0.7777780294
66077  56.938  -27.601  40.110 0.7777780294
72822  56.492  -20.362  39.491 0.2222220004
68066  52.870  -25.281  37.338 0.1111110002
69077  53.913  -24.134  38.860 0.1111110002
67090  52.792  -26.208  37.321 0.1111110002
72824  54.135  -20.887  40.819 0.4444440007
71841  53.410  -22.047  40.778 0.1111110002
72844  52.163  -21.318  38.348 0.1111110002
67107  52.467  -26.065  36.608 0.1111110002
139016  51.961  -26.837  36.815 0.2222220004
72808  55.516  -20.039  41.065 0.4444440007
73769  53.813  -20.240  40.658 0.2222220004
73783  52.972  -20.237  38.824 0.1111110002
72859  51.404  -20.587  37.441 0.1111110002
66065  56.903  -26.654  40.306 0.7777780294
67038  58.378  -26.560  41.900 0.7777780294
68048  55.974  -24.683  38.736 0.4444440007
66054  53.781  -27.134  41.752 0.4444440007
141872  54.609  -24.360  39.735 0.2222220004
131875  57.669  -19.257  40.744 0.3333329856
68020  58.474  -26.087  42.376 0.7777780294
68008  58.681  -25.746  42.967 0.7777780294
68007  59.174  -26.247  43.443 0.7777780294
67048  54.571  -26.026  40.535 0.3333329856
74721  59.116  -18.832  40.998 0.3333329856
71876  62.996  -21.432  36.675 0.2222220004
69025  57.437  -24.529  43.736 0.6666669846
67976  58.229  -25.322  45.027 0.7777780294
139606  58.995  -25.561  44.242 0.7777780294
154815  58.643  -26.082  45.447 0.7777780294
69024  58.145  -24.435  43.714 0.7777780294
145205  54.690  -26.818  41.956 0.4444440007
66034  54.448  -27.226  43.265 0.3333329856
68021  55.420  -24.571  40.963 0.3333329856
75705  56.429  -17.774  40.177 0.2222220004
74737  60.720  -18.613  40.211 0.3333329856
139989  55.596  -25.789  42.386 0.5555559993
133464  54.238  -27.439  43.969 0.4444440007
76629  59.626  -16.873  40.627 0.3333329856
64973  53.904  -28.718  45.393 0.5555559993
75711  62.528  -16.847  38.715 0.3333329856
75702  61.856  -17.334  39.889 0.3333329856
74719  61.075  -18.073  40.650 0.3333329856
75690  60.617  -17.635  40.876 0.3333329856
135935  60.187  -16.635  40.187 0.1111110002
41817  35.387  -50.192  58.616 0.1111110002
41816  36.872  -50.067  58.124 0.2222220004
41837  36.040  -49.613  58.065 0.2222220004
39696  35.730  -51.202  57.833 0.1111110002
39706  35.056  -51.156  57.174 0.1111110002
39686  35.505  -50.767  58.429 0.1111110002
135798  34.349  -50.640  56.455 0.1111110002
40779  34.343  -50.359  55.613 0.1111110002
41835  37.854  -49.208  57.224 0.2222220004
41834  38.550  -49.790  57.662 0.2222220004
40724  38.011  -50.088  57.810 0.2222220004
41815  37.671  -49.897  57.865 0.2222220004
39693  37.792  -50.960  57.199 0.2222220004
39684  36.931  -50.991  57.932 0.2222220004
40759  37.797  -50.984  56.595 0.2222220004
39694  37.142  -51.110  57.387 0.2222220004
39704  36.662  -51.230  56.922 0.2222220004
40776  37.425  -50.551  55.669 0.1111110002
40760  37.017  -50.970  56.379 0.1111110002
40777  36.587  -50.574  55.800 0.1111110002
40761  36.183  -50.917  56.337 0.1111110002
40799  35.440  -49.979  54.960 0.1111110002
40800  34.457  -50.042  54.832 0.1111110002
143112  39.410  -49.388  57.096 0.2222220004
136244  39.285  -49.941  57.636 0.2222220004
40757  39.284  -50.659  57.003 0.2222220004
40775  38.546  -50.834  56.151 0.1111110002
40758  38.482  -50.782  57.082 0.1111110002
41892  38.289  -49.730  54.508 0.2222220004
141943  38.120  -50.341  55.211 0.1111110002
40797  37.452  -50.002  54.770 0.1111110002
40798  36.499  -50.112  55.027 0.1111110002
41894  35.912  -49.550  54.371 0.1111110002
40738  40.706  -50.136  57.201 0.3333329856
40773  40.476  -50.681  56.138 0.3333329856
41833  40.191  -49.933  57.362 0.3333329856
40795  39.886  -50.290  55.246 0.2222220004
40756  40.193  -50.592  56.905 0.3333329856
41891  39.282  -49.714  54.484 0.2222220004
40796  38.948  -50.414  55.241 0.2222220004
41888  42.013  -49.669  54.356 0.3333329856
40793  41.725  -50.277  55.265 0.3333329856
40737  41.587  -50.110  57.132 0.3333329856
41912  41.384  -49.154  53.724 0.2222220004
41889  41.103  -49.659  54.472 0.2222220004
136099  41.188  -50.583  55.948 0.3333329856
42973  40.848  -48.567  53.235 0.2222220004
41913  40.516  -49.086  53.841 0.2222220004
40794  40.771  -50.265  55.207 0.3333329856
41890  40.202  -49.639  54.508 0.2222220004
150538  40.733  -47.776  52.222 0.2222220004
43024  41.409  -47.768  51.943 0.2222220004
40792  42.708  -50.158  55.051 0.3333329856
150472  42.850  -50.235  56.556 0.4444440007
144161  42.912  -49.622  54.136 0.3333329856
40770  43.379  -50.294  55.824 0.4444440007
41911  42.214  -49.154  53.553 0.3333329856
145111  41.154  -48.212  52.591 0.2222220004
42972  41.639  -48.623  53.104 0.2222220004
40753  43.481  -50.020  56.333 0.4444440007
41853  42.962  -49.823  56.902 0.4444440007
40790  44.165  -50.040  55.670 0.4444440007
40791  43.643  -50.008  54.910 0.3333329856
41933  43.040  -49.002  53.170 0.3333329856
42999  41.911  -48.269  52.496 0.2222220004
41909  44.683  -49.381  53.728 0.4444440007
41932  44.043  -49.136  53.036 0.4444440007
41887  44.654  -49.765  54.826 0.4444440007
45229  48.758  -45.505  51.393 0.6666669846
44132  48.273  -45.842  51.136 0.6666669846
42997  43.529  -48.421  52.477 0.3333329856
41910  43.828  -49.527  53.944 0.3333329856
45238  48.549  -45.467  50.726 0.5555559993
43022  43.109  -47.856  51.923 0.2222220004
42998  42.695  -48.312  52.504 0.2222220004
133509  47.576  -45.564  49.917 0.4444440007
44112  43.521  -47.316  51.429 0.2222220004
43023  42.273  -47.873  51.915 0.2222220004
45260  47.260  -45.331  49.141 0.3333329856
144933  45.417  -49.197  53.387 0.4444440007
44064  48.028  -46.419  52.539 0.6666669846
41931  44.796  -49.111  52.931 0.4444440007
42996  44.443  -48.521  52.410 0.4444440007
41906  46.715  -48.303  52.945 0.5555559993
41885  46.721  -49.031  54.191 0.5555559993
42969  47.277  -47.331  52.777 0.5555559993
154386  46.984  -47.868  52.139 0.5555559993
43019  46.018  -47.926  51.779 0.5555559993
43020  44.973  -48.014  51.806 0.4444440007
44092  48.017  -46.605  51.901 0.6666669846
44109  47.432  -47.142  51.489 0.5555559993
44136  46.074  -46.878  50.606 0.4444440007
44165  47.364  -46.168  50.460 0.4444440007
44166  46.299  -46.398  49.933 0.3333329856
149501  47.336  -41.947  55.054 0.6666669846
51533  51.918  -39.919  47.346 0.5555559993
52748  51.897  -38.792  46.341 0.4444440007
49564  48.095  -42.312  52.204 0.5555559993
51471  49.158  -41.146  51.757 0.4444440007
50517  48.645  -41.735  51.009 0.3333329856
51482  49.181  -40.955  50.595 0.3333329856
61493  55.809  -31.698  49.362 0.6666669846
59384  54.132  -33.440  49.781 0.4444440007
60421  55.278  -32.814  50.170 0.5555559993
58359  52.578  -34.431  47.979 0.3333329856
58360  51.959  -34.916  47.623 0.3333329856
58369  50.821  -34.466  46.892 0.2222220004
61494  55.395  -32.039  49.493 0.5555559993
63747  56.882  -30.167  47.995 0.5555559993
62586  56.097  -30.542  48.686 0.5555559993
59383  54.754  -33.046  50.317 0.5555559993
58343  53.497  -33.868  49.160 0.3333329856
59400  53.715  -33.295  48.656 0.3333329856
59413  52.731  -33.556  47.729 0.3333329856
60431  54.881  -32.683  49.897 0.3333329856
60440  54.805  -32.115  49.261 0.3333329856
144477  54.176  -32.467  48.589 0.3333329856
61502  55.106  -31.502  48.896 0.3333329856
61503  54.489  -31.778  48.480 0.3333329856
62655  59.734  -30.777  42.513 0.4444440007
63781  53.606  -29.440  45.661 0.4444440007
64981  53.523  -28.426  44.642 0.4444440007
64989  53.207  -28.105  43.920 0.2222220004
66036  52.997  -27.814  43.171 0.2222220004
66055  52.685  -27.411  41.462 0.3333329856
60513  60.072  -32.861  41.180 0.6666669846
60529  59.052  -32.882  40.395 0.4444440007
58438  59.452  -34.245  39.961 0.5555559993
59495  58.503  -33.135  39.892 0.4444440007
75727  57.910  -17.765  38.275 0.1111110002
75725  59.437  -17.289  37.947 0.1111110002
76665  60.731  -16.657  36.973 0.1111110002
76664  61.379  -16.069  36.762 0.1111110002
76656  61.161  -15.897  37.708 0.1111110002
77640  62.285  -15.620  35.930 0.1111110002
76673  61.734  -16.290  35.792 0.1111110002
75734  61.065  -16.887  36.101 0.1111110002
77648  62.859  -15.456  34.757 0.2222220004
76672  62.330  -15.988  35.219 0.1111110002
76687  62.546  -16.118  33.862 0.1111110002
134672  63.293  -15.241  32.937 0.1111110002
84837  63.005  -7.795  22.238 0.1111110002
44108  47.940  -46.446  51.432 0.5555559993
44138  43.912  -46.910  50.762 0.2222220004
44133  48.133  -45.821  50.906 0.5555559993
45246  46.958  -46.057  49.620 0.4444440007
44169  43.276  -46.563  50.068 0.2222220004
144943  46.806  -46.479  50.350 0.4444440007
45247  46.099  -46.099  49.196 0.3333329856
43047  45.488  -47.343  51.298 0.4444440007
44111  44.475  -47.349  51.355 0.2222220004
44137  44.942  -46.933  50.643 0.2222220004
49476  35.490  -42.950  59.942 0.5555559993
40772  41.744  -50.512  56.203 0.3333329856
48427  39.989  -43.769  58.696 0.5555559993
128943  45.382  -49.426  55.037 0.4444440007
42993  47.075  -47.683  52.804 0.5555559993
44091  48.355  -46.132  51.947 0.6666669846
51492  49.480  -40.315  49.922 0.1111110002
51493  48.882  -40.799  49.559 0.1111110002
57330  51.278  -35.173  47.278 0.3333329856
61590  59.938  -31.911  41.285 0.5555559993
61589  60.277  -32.043  41.050 0.6666669846
63768  59.051  -29.461  46.526 0.7777780294
62587  55.887  -30.682  48.767 0.4444440007
62642  57.218  -30.481  43.129 0.4444440007
58368  51.293  -33.939  47.047 0.3333329856
61510  54.801  -31.103  48.285 0.3333329856
62575  55.707  -31.316  49.051 0.4444440007
59481  60.577  -33.480  40.621 0.5555559993
59482  59.880  -33.351  40.608 0.4444440007
66044  52.881  -27.613  42.332 0.2222220004
40726  36.156  -50.433  58.316 0.1111110002
40725  37.314  -50.415  57.973 0.2222220004
148250  35.216  -50.764  56.270 0.1111110002
130469  38.987  -50.320  57.453 0.2222220004
41895  34.932  -49.651  54.343 0.1111110002
40774  39.581  -50.775  56.186 0.3333329856
42971  42.293  -48.633  52.975 0.2222220004
41930  45.973  -48.922  52.969 0.4444440007
43018  47.550  -47.207  51.891 0.5555559993
43046  46.346  -47.311  51.290 0.5555559993
44167  45.385  -46.450  49.784 0.3333329856
60514  59.554  -32.515  40.908 0.4444440007
36357  11.879  -53.385  64.275 0.2222220004
36372  11.477  -54.584  63.093 0.3333329856
35260  11.774  -54.942  62.065 0.3333329856
37486  12.423  -53.074  64.531 0.2222220004
35265  11.545  -55.786  61.831 0.2222220004
33012  11.837  -57.239  61.246 0.2222220004
37476  13.047  -52.381  64.873 0.2222220004
37485  13.252  -53.003  64.549 0.2222220004
36371  12.311  -54.230  62.509 0.2222220004
35264  12.035  -55.351  61.228 0.1111110002
38591  13.814  -52.090  65.236 0.2222220004
37498  12.631  -53.292  63.950 0.2222220004
36379  12.573  -54.510  61.457 0.2222220004
37484  14.086  -52.994  64.354 0.2222220004
37497  13.448  -53.217  63.666 0.2222220004
36369  14.011  -53.540  61.968 0.1111110002
37483  14.937  -52.875  63.986 0.2222220004
128978  14.866  -53.304  61.886 0.1111110002
37508  15.451  -53.125  62.609 0.1111110002
35254  10.283  -54.370  64.420 0.3333329856
35261  11.226  -55.454  62.772 0.3333329856
36364  11.180  -54.083  64.141 0.3333329856
37487  11.548  -53.041  64.709 0.3333329856
36358  11.038  -53.457  64.578 0.3333329856
149502  12.344  -52.793  64.728 0.2222220004
37477  11.603  -52.899  64.625 0.2222220004
38590  14.497  -52.050  65.609 0.2222220004
38602  14.711  -52.404  64.887 0.2222220004
38601  15.601  -52.565  64.565 0.2222220004
37494  15.824  -52.855  63.509 0.2222220004
38600  17.022  -52.568  64.440 0.2222220004
139636  16.345  -52.436  65.074 0.2222220004
37507  16.404  -52.845  62.576 0.2222220004
37500  9.900  -53.688  64.299 0.3333329856
133982  9.866  -53.968  64.575 0.3333329856
35258  10.646  -55.015  63.724 0.3333329856
37489  10.480  -53.500  64.587 0.3333329856
36359  10.178  -53.909  64.679 0.3333329856
34119  10.689  -56.169  63.394 0.3333329856
38604  11.004  -53.061  64.624 0.3333329856
39644  13.549  -51.390  64.841 0.1111110002
40672  14.049  -51.151  65.254 0.2222220004
38579  13.938  -52.002  65.216 0.2222220004
39642  13.232  -51.982  64.817 0.2222220004
151641  12.560  -52.277  64.532 0.2222220004
38578  14.492  -52.020  65.586 0.2222220004
40665  15.577  -51.790  65.907 0.2222220004
38589  15.453  -52.181  65.777 0.2222220004
38576  16.547  -52.034  66.820 0.1111110002
38598  18.848  -52.594  64.861 0.2222220004
38587  17.577  -52.450  65.993 0.2222220004
38588  16.570  -52.259  66.191 0.2222220004
38597  19.676  -52.638  64.824 0.2222220004
38609  18.522  -52.603  64.008 0.2222220004
35255  9.686  -54.939  64.304 0.3333329856
34120  10.034  -55.820  64.112 0.3333329856
38623  10.896  -52.951  63.503 0.2222220004
37511  10.374  -53.447  63.412 0.3333329856
38613  11.024  -52.894  64.381 0.3333329856
38612  11.526  -52.596  63.563 0.2222220004
38603  11.769  -52.646  64.522 0.2222220004
39650  12.131  -52.236  63.549 0.2222220004
39649  12.907  -51.977  63.624 0.2222220004
152722  13.144  -51.937  62.314 0.2222220004
40666  14.641  -51.599  65.465 0.1111110002
40675  14.502  -50.944  64.677 0.1111110002
40680  14.622  -51.047  63.828 0.2222220004
41725  17.326  -51.496  65.694 0.1111110002
40670  15.929  -51.580  65.217 0.1111110002
40674  15.350  -51.030  64.134 0.1111110002
131722  16.347  -51.750  66.438 0.1111110002
39627  17.916  -51.744  66.817 0.1111110002
146025  18.890  -52.349  66.307 0.2222220004
38596  20.532  -52.642  64.652 0.2222220004
148658  21.985  -52.828  63.743 0.2222220004
41763  25.396  -49.799  62.528 0.3333329856
39661  25.303  -51.432  61.933 0.3333329856
36373  9.275  -54.694  63.392 0.3333329856
36361  9.030  -55.182  64.016 0.3333329856
36365  9.400  -54.452  64.138 0.3333329856
36360  9.573  -54.614  64.284 0.3333329856
35256  9.205  -55.389  64.089 0.3333329856
37521  10.559  -53.734  62.343 0.2222220004
133059  17.847  -51.251  65.936 0.1111110002
41733  17.797  -51.334  64.655 0.1111110002
149342  16.885  -51.555  64.905 0.1111110002
40663  18.440  -51.375  66.149 0.1111110002
149752  18.364  -50.788  64.230 0.3333329856
137965  19.717  -51.731  66.868 0.2222220004
38584  21.552  -52.280  65.157 0.4444440007
38595  22.923  -52.105  63.940 0.4444440007
37472  22.335  -52.333  64.351 0.3333329856
41735  25.693  -48.831  65.078 0.3333329856
41748  25.364  -49.655  63.563 0.3333329856
37493  22.879  -52.985  63.564 0.3333329856
41747  25.791  -48.863  64.072 0.3333329856
40686  25.125  -50.886  62.437 0.3333329856
39651  24.999  -51.854  62.429 0.3333329856
37512  9.743  -54.017  63.259 0.2222220004
36381  9.605  -54.704  62.418 0.3333329856
140072  10.134  -54.230  62.088 0.2222220004
40662  19.391  -51.264  66.312 0.2222220004
41723  18.996  -51.264  65.678 0.2222220004
41739  19.345  -50.359  64.306 0.3333329856
39625  20.368  -51.111  66.440 0.3333329856
145848  19.891  -51.361  66.658 0.3333329856
39633  20.582  -51.513  66.347 0.3333329856
39631  22.500  -51.128  65.467 0.3333329856
42823  26.101  -48.113  65.831 0.4444440007
47290  31.368  -44.742  60.343 0.2222220004
41736  25.233  -49.503  64.568 0.3333329856
148304  45.371  -46.107  48.914 0.2222220004
41722  19.879  -51.052  65.922 0.3333329856
131763  20.207  -50.698  65.609 0.3333329856
129351  20.166  -50.480  64.846 0.3333329856
41716  20.293  -50.864  66.305 0.3333329856
41721  20.692  -50.356  66.263 0.3333329856
128920  20.124  -50.200  63.109 0.2222220004
39624  21.217  -50.696  66.409 0.4444440007
41766  20.898  -50.320  62.600 0.2222220004
40651  22.706  -49.915  66.977 0.3333329856
47272  29.465  -44.900  61.503 0.3333329856
149261  45.810  -44.886  47.772 0.2222220004
128334  21.398  -49.769  65.317 0.3333329856
41730  20.752  -50.103  65.548 0.3333329856
42826  21.832  -49.010  66.955 0.3333329856
41720  21.342  -49.668  66.683 0.3333329856
41738  20.991  -49.997  64.516 0.3333329856
41713  22.064  -49.370  67.135 0.3333329856
41751  20.916  -50.128  63.498 0.3333329856
47273  28.509  -44.942  61.695 0.2222220004
41750  21.626  -50.045  62.999 0.2222220004
136622  28.840  -44.994  60.762 0.2222220004
47274  27.714  -44.989  61.615 0.1111110002
46173  26.445  -45.447  61.643 0.1111110002
130056  29.079  -45.137  59.891 0.1111110002
47292  28.242  -45.048  60.124 0.1111110002
145141  26.899  -45.354  60.443 0.2222220004
153660  46.582  -44.496  47.898 0.1111110002
47492  46.496  -43.805  46.696 0.1111110002
42834  21.820  -49.176  65.756 0.3333329856
41737  21.920  -49.574  64.557 0.3333329856
42833  22.449  -48.744  65.109 0.3333329856
45245  47.816  -45.275  49.972 0.3333329856
139059  48.485  -44.726  49.845 0.2222220004
128430  47.465  -44.678  48.702 0.2222220004
46328  47.020  -44.314  48.003 0.2222220004
131048  41.321  -43.913  57.199 0.5555559993
48445  41.750  -44.234  56.368 0.5555559993
47345  40.790  -44.467  56.291 0.5555559993
48447  39.455  -44.081  56.975 0.3333329856
146161  43.241  -43.965  54.830 0.3333329856
47362  41.897  -44.637  54.956 0.2222220004
48483  43.671  -43.801  54.138 0.3333329856
48484  42.796  -44.129  54.217 0.1111110002
48522  43.742  -43.597  52.369 0.2222220004
46314  49.138  -44.185  49.744 0.4444440007
46326  48.099  -43.936  48.601 0.3333329856
135237  42.263  -43.798  57.298 0.5555559993
48444  42.678  -43.910  56.543 0.5555559993
128265  43.986  -43.700  55.195 0.5555559993
48463  43.210  -43.890  55.745 0.5555559993
48481  45.140  -43.425  54.085 0.5555559993
48482  44.604  -43.545  54.592 0.4444440007
48520  45.438  -43.537  52.544 0.3333329856
48521  44.580  -43.588  52.667 0.3333329856
48500  44.498  -43.619  53.642 0.3333329856
48519  46.109  -43.526  51.963 0.3333329856
48540  45.109  -43.462  51.863 0.2222220004
45228  49.324  -45.230  51.935 0.5555559993
49578  45.630  -43.322  51.150 0.2222220004
49594  43.694  -42.901  50.509 0.1111110002
47461  51.020  -43.126  49.886 0.6666669846
49527  44.850  -43.207  55.644 0.5555559993
49537  45.389  -43.111  54.906 0.5555559993
49565  46.675  -43.101  52.554 0.4444440007
48499  45.279  -43.514  53.309 0.3333329856
128216  47.006  -43.128  51.816 0.3333329856
147505  47.660  -42.730  51.802 0.2222220004
149759  47.380  -42.874  50.954 0.2222220004
51518  52.237  -40.371  47.965 0.4444440007
66184  66.529  -26.991  31.945 0.1111110002
68134  65.266  -26.400  32.891 0.1111110002
55161  50.255  -37.206  47.249 0.1111110002
63905  63.203  -30.693  36.553 0.2222220004
62771  63.394  -32.022  36.228 0.2222220004
62772  63.314  -31.892  36.493 0.2222220004
134918  63.501  -30.796  36.320 0.2222220004
136476  63.459  -32.073  35.669 0.2222220004
65110  64.936  -28.680  35.234 0.1111110002
63918  64.417  -30.477  34.846 0.2222220004
62787  63.797  -31.272  35.202 0.2222220004
130736  65.454  -28.044  34.507 0.1111110002
65126  65.058  -29.386  34.403 0.1111110002
67130  65.182  -26.322  33.988 0.1111110002
66179  66.212  -27.044  32.922 0.1111110002
151062  65.740  -28.699  32.476 0.1111110002
68119  65.256  -26.454  33.254 0.1111110002
67144  65.763  -26.545  33.071 0.1111110002
68120  64.688  -26.231  33.930 0.1111110002
56327  50.780  -36.549  47.433 0.1111110002
62752  59.042  -30.716  36.997 0.4444440007
133308  59.542  -31.240  37.558 0.4444440007
61663  60.300  -31.983  37.512 0.4444440007
63907  58.248  -29.657  36.051 0.4444440007
61694  59.803  -31.346  36.850 0.4444440007
60568  60.413  -32.957  38.057 0.4444440007
148103  59.049  -28.593  35.552 0.4444440007
63922  59.513  -29.452  35.570 0.4444440007
62774  59.419  -30.560  36.322 0.4444440007
61693  60.886  -32.166  37.013 0.4444440007
60586  60.847  -33.714  37.722 0.4444440007
58483  60.645  -34.594  36.638 0.4444440007
65112  60.147  -28.647  35.607 0.4444440007
63921  60.424  -29.671  35.613 0.3333329856
62790  59.881  -30.239  35.747 0.3333329856
66135  61.164  -27.172  36.551 0.3333329856
146498  60.978  -29.151  35.711 0.3333329856
62788  61.553  -30.551  36.227 0.3333329856
67103  61.605  -26.431  36.865 0.2222220004
65100  61.279  -28.151  36.169 0.2222220004
153408  62.605  -24.829  37.586 0.1111110002
66110  63.021  -26.552  37.137 0.2222220004
65097  63.464  -28.625  36.561 0.2222220004
67083  63.894  -25.765  37.184 0.1111110002
66131  64.024  -26.863  36.651 0.1111110002
69102  64.121  -24.016  36.763 0.1111110002
68076  64.438  -25.130  36.460 0.1111110002
66149  65.164  -27.317  35.259 0.1111110002
69125  64.143  -24.542  35.603 0.2222220004
68101  64.814  -25.672  35.070 0.1111110002
131051  50.984  -35.904  47.371 0.1111110002
57346  50.525  -35.304  46.942 0.1111110002
65101  56.605  -28.845  36.587 0.4444440007
62753  58.331  -30.124  37.234 0.4444440007
62737  58.848  -30.572  37.802 0.4444440007
61639  60.560  -32.793  38.908 0.4444440007
63925  57.114  -29.021  36.088 0.4444440007
60567  60.787  -33.617  38.706 0.4444440007
66152  58.397  -27.722  35.597 0.4444440007
65113  58.151  -28.559  35.601 0.4444440007
59526  60.912  -34.021  37.579 0.4444440007
128647  60.660  -33.710  38.212 0.4444440007
58465  59.890  -34.575  37.748 0.4444440007
59527  58.211  -34.089  38.016 0.3333329856
67118  58.239  -26.629  35.629 0.4444440007
58484  59.735  -34.453  36.055 0.3333329856
59536  58.143  -34.036  37.049 0.3333329856
68091  58.465  -25.672  35.755 0.4444440007
69103  60.185  -24.520  36.771 0.2222220004
133768  60.198  -25.944  36.590 0.2222220004
68062  62.080  -24.662  37.526 0.1111110002
67104  61.137  -25.755  36.899 0.2222220004
139505  62.820  -24.321  37.606 0.1111110002
70014  63.604  -23.610  37.168 0.2222220004
69085  63.460  -24.155  37.427 0.2222220004
70031  63.884  -23.649  36.723 0.2222220004
61565  56.906  -30.822  43.631 0.2222220004
62658  56.752  -30.385  42.435 0.3333329856
63892  56.860  -29.110  37.171 0.4444440007
60515  58.607  -32.154  40.823 0.3333329856
62674  57.325  -30.698  41.819 0.3333329856
66154  56.746  -27.833  35.495 0.4444440007
65115  56.510  -28.430  35.939 0.4444440007
60530  58.100  -32.490  40.155 0.3333329856
65114  57.313  -28.560  35.696 0.4444440007
58449  59.259  -34.295  39.257 0.4444440007
59506  58.660  -34.040  39.770 0.3333329856
67119  57.381  -26.642  35.326 0.4444440007
66153  57.629  -28.040  35.509 0.4444440007
142448  58.876  -24.012  36.004 0.4444440007
69116  57.834  -25.114  35.446 0.4444440007
144409  59.622  -23.936  36.511 0.3333329856
71879  59.991  -21.171  36.457 0.3333329856
70033  60.482  -23.682  36.939 0.3333329856
71878  60.868  -21.810  36.772 0.2222220004
70016  61.432  -23.375  37.364 0.1111110002
150139  61.636  -22.544  37.293 0.2222220004
141645  59.001  -31.555  41.589 0.3333329856
62673  58.191  -30.801  42.119 0.4444440007
129560  56.134  -27.223  35.347 0.4444440007
144705  55.811  -27.669  35.696 0.4444440007
137610  56.726  -27.000  35.287 0.4444440007
68108  56.003  -25.715  34.686 0.4444440007
68109  55.185  -25.490  34.643 0.4444440007
70048  58.173  -23.501  35.593 0.4444440007
69131  57.248  -24.534  35.069 0.4444440007
70983  56.781  -22.969  34.887 0.4444440007
70067  55.825  -23.476  34.623 0.4444440007
70965  58.233  -22.681  35.555 0.4444440007
70952  60.717  -22.791  36.924 0.3333329856
79868  63.567  -13.369  22.289 0.1111110002
147016  63.248  -13.352  21.788 0.1111110002
33013  11.574  -56.553  61.735 0.2222220004
34125  11.804  -56.275  61.078 0.2222220004
154749  12.163  -57.783  61.185 0.2222220004
33009  11.611  -57.136  62.207 0.3333329856
33017  12.678  -57.652  59.874 0.2222220004
153046  24.930  -51.159  62.790 0.3333329856
46132  25.018  -45.828  65.427 0.2222220004
38614  25.432  -52.455  61.744 0.3333329856
37491  24.346  -53.027  63.000 0.3333329856
46189  26.395  -45.555  60.848 0.2222220004
47291  29.838  -45.000  60.538 0.2222220004
136598  29.230  -44.849  62.395 0.3333329856
48446  40.352  -44.014  57.080 0.5555559993
149364  39.922  -43.915  57.724 0.4444440007
49514  45.117  -42.812  56.755 0.5555559993
45244  48.769  -44.932  50.338 0.4444440007
129378  46.218  -42.710  55.180 0.4444440007
49536  46.775  -42.485  54.561 0.4444440007
49551  46.722  -42.758  53.470 0.5555559993
55147  50.056  -38.094  47.719 0.1111110002
37492  23.690  -53.072  63.317 0.3333329856
46156  27.090  -44.999  62.101 0.1111110002
62657  57.530  -30.464  42.590 0.3333329856
61579  59.676  -31.157  41.942 0.4444440007
42825  22.478  -48.561  66.812 0.3333329856
38583  22.033  -52.204  64.824 0.4444440007
40690  13.983  -51.387  63.427 0.2222220004
137667  13.562  -51.802  61.973 0.2222220004
39653  13.420  -51.787  62.829 0.2222220004
47379  42.081  -44.508  54.315 0.2222220004
48501  43.706  -43.718  53.123 0.1111110002
49577  46.510  -43.286  51.107 0.2222220004
57347  49.853  -35.445  46.552 0.1111110002
132716  57.524  -29.520  37.434 0.4444440007
67122  54.873  -26.410  35.205 0.4444440007
58464  60.525  -34.145  38.220 0.4444440007
58466  58.983  -34.368  37.507 0.4444440007
70967  56.562  -22.108  35.274 0.4444440007
70984  55.763  -22.635  34.922 0.3333329856
70068  55.002  -23.263  34.722 0.4444440007
67121  55.504  -26.877  35.286 0.4444440007
143546  55.509  -24.838  34.513 0.4444440007
45259  47.839  -44.993  49.447 0.2222220004
150082  46.311  -44.929  48.136 0.2222220004
46316  46.889  -44.853  48.458 0.2222220004
50506  48.079  -42.328  51.392 0.2222220004
36363  12.045  -53.820  63.516 0.1111110002
36362  12.863  -53.540  63.023 0.2222220004
34128  12.217  -56.872  60.328 0.2222220004
36389  12.513  -55.000  60.715 0.1111110002
37496  14.283  -53.166  63.423 0.2222220004
37510  13.698  -53.396  62.756 0.1111110002
36370  13.154  -53.870  62.126 0.1111110002
37509  14.555  -53.258  62.612 0.1111110002
38611  16.764  -52.633  63.534 0.2222220004
34123  11.286  -56.334  62.509 0.3333329856
39645  13.015  -51.996  64.458 0.2222220004
39648  13.491  -51.675  64.100 0.2222220004
40681  13.893  -51.072  64.432 0.1111110002
39646  12.270  -52.174  63.954 0.2222220004
38577  15.198  -52.037  66.075 0.2222220004
129285  15.155  -51.177  64.882 0.1111110002
130116  15.851  -52.055  66.538 0.2222220004
39629  16.786  -51.748  66.809 0.1111110002
38575  17.338  -52.144  66.806 0.2222220004
38586  18.463  -52.509  65.729 0.2222220004
38574  18.184  -52.271  66.525 0.2222220004
38573  19.570  -52.263  66.383 0.2222220004
38633  11.023  -53.157  62.524 0.2222220004
38621  12.225  -52.491  62.204 0.2222220004
39654  12.669  -52.129  62.737 0.2222220004
41734  16.267  -51.274  64.323 0.1111110002
41743  16.172  -50.954  63.557 0.1111110002
39626  18.740  -51.820  66.879 0.2222220004
132305  20.986  -52.282  65.594 0.2222220004
37474  21.326  -52.510  65.016 0.2222220004
37473  21.945  -52.575  64.762 0.2222220004
40697  25.367  -50.490  61.757 0.3333329856
36374  8.985  -55.211  63.716 0.3333329856
41724  18.164  -51.380  65.521 0.2222220004
153387  17.240  -51.172  64.110 0.1111110002
41732  18.632  -51.228  64.872 0.3333329856
41740  18.542  -49.993  64.047 0.3333329856
136297  21.227  -51.273  65.936 0.4444440007
41731  19.513  -51.038  65.009 0.3333329856
128922  20.127  -50.241  64.004 0.3333329856
41715  20.918  -50.324  66.528 0.3333329856
40652  22.049  -50.333  66.769 0.3333329856
41714  21.459  -49.742  66.885 0.4444440007
46344  45.926  -44.015  46.848 0.1111110002
143140  27.981  -44.976  60.926 0.1111110002
47294  27.152  -45.185  61.123 0.1111110002
47464  49.009  -43.705  49.148 0.4444440007
49552  45.889  -42.981  54.030 0.4444440007
146838  46.008  -43.271  52.943 0.4444440007
129866  66.344  -27.888  32.322 0.1111110002
67159  65.600  -26.342  31.968 0.1111110002
68133  65.648  -26.438  32.219 0.1111110002
133970  62.817  -29.389  36.575 0.2222220004
65099  61.852  -29.172  36.141 0.2222220004
62770  63.619  -31.584  35.954 0.2222220004
63906  62.225  -30.117  36.406 0.2222220004
128429  62.506  -31.143  36.574 0.2222220004
137734  62.339  -28.287  36.516 0.2222220004
63904  63.431  -29.662  36.552 0.2222220004
151942  63.806  -30.760  36.125 0.2222220004
62810  63.787  -31.613  34.716 0.2222220004
66130  64.519  -27.827  35.967 0.1111110002
65096  63.974  -28.402  36.435 0.2222220004
63903  63.873  -29.805  36.348 0.2222220004
65111  64.381  -29.250  35.928 0.2222220004
136703  64.661  -29.786  35.270 0.1111110002
63919  64.143  -30.518  35.761 0.2222220004
62809  64.270  -30.848  34.079 0.2222220004
62826  64.324  -30.661  33.589 0.2222220004
65125  65.576  -28.466  33.790 0.1111110002
138881  65.347  -29.249  33.264 0.1111110002
67129  65.663  -26.743  33.742 0.1111110002
149289  65.242  -26.390  34.437 0.1111110002
66165  65.802  -27.455  33.744 0.1111110002
65138  65.835  -28.766  31.744 0.1111110002
65136  65.943  -28.084  33.101 0.1111110002
68132  65.717  -26.497  32.411 0.1111110002
128748  64.499  -25.970  34.470 0.1111110002
67158  66.055  -26.528  32.256 0.1111110002
61662  60.744  -32.952  37.534 0.4444440007
63908  57.644  -29.411  36.252 0.4444440007
63924  57.831  -29.125  35.811 0.4444440007
63923  58.627  -29.267  35.654 0.4444440007
62775  58.621  -30.177  36.459 0.4444440007
62773  60.331  -31.004  36.317 0.3333329856
58471  61.307  -34.347  37.156 0.4444440007
59525  61.632  -34.062  37.378 0.4444440007
58473  59.985  -34.738  36.962 0.4444440007
67117  58.990  -26.992  35.936 0.4444440007
66151  59.419  -27.746  35.764 0.4444440007
62789  60.767  -30.419  35.895 0.3333329856
131272  61.494  -31.458  36.554 0.3333329856
66150  60.384  -27.491  36.152 0.2222220004
66136  59.780  -26.791  36.231 0.4444440007
68079  59.106  -25.325  36.145 0.4444440007
68077  60.670  -25.149  36.878 0.2222220004
66133  62.696  -27.390  36.746 0.2222220004
65098  63.045  -28.481  36.618 0.2222220004
66109  63.432  -26.635  36.957 0.1111110002
67085  62.957  -25.712  37.480 0.1111110002
142089  63.359  -25.183  37.527 0.1111110002
66132  63.499  -27.625  36.640 0.1111110002
67086  62.177  -25.484  37.384 0.1111110002
66111  62.443  -26.444  37.096 0.1111110002
65081  63.163  -27.535  36.707 0.2222220004
68060  63.540  -24.682  37.490 0.1111110002
144310  64.232  -24.978  37.142 0.1111110002
67102  64.643  -26.296  36.031 0.1111110002
70032  63.607  -23.308  36.937 0.2222220004
134115  64.257  -24.400  36.670 0.1111110002
68090  64.401  -24.724  35.864 0.1111110002
68089  64.604  -25.488  35.683 0.1111110002
67116  65.125  -26.275  35.172 0.1111110002
66166  65.528  -26.954  34.466 0.1111110002
69114  64.199  -24.005  36.227 0.2222220004
68102  64.225  -25.206  35.275 0.1111110002
63909  57.240  -29.326  36.696 0.4444440007
58474  59.035  -34.292  36.618 0.4444440007
68092  57.628  -25.956  35.342 0.4444440007
130555  58.164  -33.744  36.098 0.2222220004
69115  58.623  -24.848  35.869 0.4444440007
68063  61.453  -25.078  37.255 0.1111110002
69104  59.361  -24.667  36.341 0.3333329856
69088  61.194  -24.338  37.275 0.1111110002
70015  62.352  -23.089  37.468 0.2222220004
68059  63.953  -24.368  37.237 0.1111110002
70950  63.631  -23.143  36.527 0.2222220004
148028  57.854  -31.885  40.595 0.3333329856
134434  57.975  -31.443  41.349 0.4444440007
61591  57.090  -31.342  40.827 0.3333329856
67120  56.026  -26.591  35.024 0.4444440007
68107  57.012  -25.412  34.956 0.4444440007
137783  58.901  -23.215  35.935 0.4444440007
70049  57.429  -23.701  35.166 0.4444440007
69132  56.406  -24.780  34.678 0.4444440007
70066  56.619  -23.920  34.750 0.4444440007
47473  50.101  -42.938  49.041 0.5555559993
47474  49.321  -43.251  48.698 0.4444440007
48613  50.305  -42.476  48.465 0.3333329856
48614  49.634  -42.743  48.262 0.4444440007
48625  49.925  -42.306  47.901 0.3333329856
49658  49.675  -42.068  47.284 0.3333329856
48612  50.930  -42.138  48.553 0.3333329856
137091  50.463  -42.115  48.126 0.3333329856
50576  50.881  -41.064  47.433 0.3333329856
64181  58.614  -28.348  15.651 0.1111110002
64166  59.500  -29.515  16.036 0.1111110002
49656  50.979  -41.666  48.057 0.3333329856
128746  58.672  -27.603  21.997 0.1111110002
65242  58.122  -27.961  22.321 0.1111110002
65226  58.283  -28.063  23.078 0.1111110002
66328  57.486  -27.643  17.174 0.1111110002
66315  57.416  -27.606  18.159 0.1111110002
149651  58.079  -27.648  20.826 0.1111110002
66288  58.055  -27.814  21.521 0.1111110002
65204  57.800  -28.436  23.550 0.1111110002
65305  57.645  -28.123  16.464 0.1111110002
65243  57.461  -28.270  21.820 0.1111110002
65321  58.107  -27.906  15.928 0.1111110002
50575  51.599  -41.006  48.058 0.3333329856
51534  51.166  -40.235  47.043 0.3333329856
66278  58.662  -27.747  22.655 0.1111110002
65202  59.144  -27.927  24.135 0.1111110002
66303  57.556  -27.592  19.164 0.1111110002
65193  58.651  -28.376  24.619 0.1111110002
65186  58.861  -28.640  25.430 0.1111110002
64053  58.130  -28.766  25.153 0.1111110002
64044  58.774  -29.543  26.661 0.1111110002
51545  51.529  -39.533  46.692 0.3333329856
65192  59.323  -28.184  24.925 0.1111110002
64034  59.686  -29.452  27.523 0.1111110002
130728  59.864  -29.067  28.752 0.1111110002
64043  59.495  -29.387  26.875 0.1111110002
66302  58.083  -27.070  18.714 0.1111110002
66295  58.521  -27.305  20.449 0.1111110002
128680  59.257  -29.633  27.893 0.1111110002
64015  58.701  -29.225  29.305 0.1111110002
139496  58.509  -28.746  30.628 0.1111110002
133264  58.632  -27.418  21.243 0.1111110002
146056  59.591  -27.534  23.707 0.1111110002
65184  60.184  -28.225  25.964 0.1111110002
62896  58.632  -29.898  27.803 0.1111110002
64000  57.976  -29.066  29.962 0.1111110002
67315  58.807  -26.661  19.198 0.1111110002
64029  60.414  -29.026  28.420 0.1111110002
65149  60.486  -28.665  29.817 0.1111110002
63979  60.496  -28.699  31.394 0.1111110002
134190  60.929  -31.090  33.326 0.1111110002
54044  50.973  -37.820  44.876 0.2222220004
64042  60.147  -29.168  27.132 0.1111110002
65154  60.032  -28.776  29.320 0.1111110002
62849  60.500  -30.158  32.945 0.1111110002
62831  59.221  -30.952  33.417 0.1111110002
65179  60.528  -28.554  26.738 0.1111110002
63999  58.957  -28.857  29.929 0.1111110002
63963  59.135  -29.302  32.276 0.1111110002
65183  60.934  -27.819  26.236 0.1111110002
62851  58.735  -30.078  32.931 0.1111110002
60625  61.625  -33.278  34.298 0.1111110002
138440  61.389  -34.050  35.117 0.1111110002
63996  61.665  -28.797  30.698 0.1111110002
63961  61.005  -29.340  32.312 0.1111110002
60626  60.602  -33.279  34.238 0.2222220004
64028  61.005  -28.791  28.752 0.1111110002
63960  62.003  -29.612  32.308 0.1111110002
61767  60.456  -31.909  33.637 0.1111110002
60641  60.027  -32.513  33.953 0.1111110002
64032  61.101  -28.797  28.196 0.1111110002
154959  62.345  -29.109  30.718 0.1111110002
61768  59.690  -31.733  33.738 0.1111110002
139151  59.407  -32.519  34.404 0.2222220004
65171  60.800  -28.761  27.475 0.1111110002
131899  62.234  -28.828  29.524 0.1111110002
61769  58.555  -31.629  34.099 0.1111110002
59556  62.529  -34.049  36.290 0.2222220004
147324  61.499  -34.366  36.368 0.2222220004
152169  61.747  -32.609  33.832 0.1111110002
59545  60.489  -34.301  35.591 0.2222220004
61766  62.481  -32.004  33.729 0.1111110002
59546  59.498  -33.949  35.152 0.2222220004
59559  58.855  -33.385  35.157 0.2222220004
132635  62.221  -30.379  32.873 0.1111110002
62847  62.775  -30.210  32.581 0.1111110002
60628  58.956  -32.806  34.856 0.2222220004
60629  58.117  -32.401  35.011 0.1111110002
61765  63.765  -31.726  33.996 0.1111110002
62866  62.919  -29.881  31.961 0.1111110002
62827  63.950  -30.878  33.367 0.1111110002
62865  63.726  -30.094  31.740 0.1111110002
63994  63.728  -29.508  30.410 0.1111110002
62846  63.693  -30.356  32.579 0.1111110002
63975  64.268  -29.912  31.211 0.1111110002
62864  64.561  -30.157  32.038 0.1111110002
62844  64.645  -30.128  32.884 0.1111110002
60600  61.563  -33.546  37.363 0.3333329856
61692  62.149  -32.913  36.980 0.2222220004
60599  62.488  -33.816  37.180 0.2222220004
60610  63.766  -33.414  36.419 0.1111110002
60623  64.465  -33.029  36.136 0.1111110002
59537  57.554  -33.342  36.629 0.2222220004
59538  56.993  -32.691  36.425 0.1111110002
61745  63.736  -32.457  35.058 0.1111110002
61690  64.356  -32.818  36.678 0.1111110002
61764  63.792  -31.744  34.501 0.1111110002
135915  64.151  -31.045  33.820 0.1111110002
62825  64.555  -30.360  33.537 0.1111110002
60502  51.920  -33.169  42.541 0.2222220004
59520  56.987  -32.544  38.038 0.2222220004
132459  57.156  -32.232  39.432 0.1111110002
131417  62.924  -32.348  36.715 0.2222220004
59528  57.538  -33.441  37.573 0.2222220004
59529  57.094  -32.888  37.143 0.2222220004
135737  56.776  -32.118  38.738 0.1111110002
60588  55.889  -31.773  37.103 0.1111110002
154541  54.960  -31.430  37.673 0.1111110002
128516  54.226  -30.628  38.255 0.1111110002
147278  52.412  -29.914  38.196 0.1111110002
155057  51.628  -29.878  38.181 0.1111110002
129954  53.060  -30.134  37.490 0.1111110002
62757  51.972  -29.725  37.391 0.1111110002
151128  53.344  -33.359  43.631 0.2222220004
60501  52.551  -32.287  42.644 0.2222220004
61593  52.258  -31.607  42.033 0.2222220004
59507  57.953  -33.439  39.356 0.2222220004
60548  56.393  -31.734  39.071 0.1111110002
62679  52.463  -30.896  41.542 0.2222220004
60569  56.013  -31.669  38.360 0.1111110002
61642  54.956  -31.337  38.330 0.1111110002
62716  54.412  -30.465  39.083 0.1111110002
146943  52.634  -30.020  39.838 0.1111110002
61621  55.651  -31.450  38.838 0.1111110002
129772  53.590  -29.989  38.981 0.1111110002
153308  52.157  -30.076  39.383 0.1111110002
60493  53.958  -32.984  43.822 0.2222220004
60494  53.310  -32.642  43.290 0.2222220004
61581  53.440  -31.619  42.895 0.2222220004
62659  55.911  -30.381  42.154 0.1111110002
150774  55.423  -30.545  42.520 0.1111110002
62678  53.386  -30.560  41.595 0.2222220004
61606  56.668  -31.614  39.896 0.2222220004
62696  56.162  -30.934  40.549 0.1111110002
134456  54.840  -30.264  40.983 0.1111110002
135579  53.974  -30.244  40.831 0.1111110002
61607  55.890  -31.234  39.611 0.1111110002
61622  55.149  -30.879  39.302 0.1111110002
62699  53.744  -30.032  39.928 0.1111110002
136921  57.226  -21.598  35.665 0.3333329856
71891  58.170  -21.811  35.621 0.3333329856
70954  59.040  -22.330  35.880 0.3333329856
70034  59.683  -23.105  36.482 0.2222220004
60480  56.297  -32.480  44.583 0.2222220004
61567  54.029  -32.008  43.475 0.2222220004
61547  56.752  -31.535  44.212 0.2222220004
61566  55.571  -31.140  43.608 0.1111110002
61580  54.308  -31.173  42.962 0.2222220004
62643  56.153  -30.561  43.080 0.1111110002
62644  55.166  -30.829  43.045 0.1111110002
62661  53.807  -30.833  42.331 0.2222220004
72871  58.402  -20.678  36.483 0.2222220004
71880  58.976  -21.316  36.092 0.2222220004
72855  58.459  -20.237  37.144 0.2222220004
70953  59.956  -22.079  36.355 0.2222220004
150720  59.301  -20.136  37.158 0.2222220004
152806  60.559  -21.097  36.616 0.2222220004
75754  65.055  -17.556  34.015 0.2222220004
79803  67.341  -13.187  29.253 0.2222220004
133498  60.984  -20.997  36.695 0.2222220004
76679  65.617  -16.635  33.854 0.2222220004
75755  64.600  -18.018  34.512 0.1111110002
75753  65.470  -17.080  33.301 0.2222220004
145065  66.731  -14.737  30.986 0.2222220004
79782  67.090  -13.416  30.209 0.2222220004
155033  67.066  -12.387  28.493 0.2222220004
80871  66.896  -12.486  27.317 0.2222220004
80870  67.120  -12.820  26.897 0.2222220004
80884  66.773  -12.957  25.626 0.1111110002
133763  59.056  -19.845  37.789 0.2222220004
70938  62.436  -22.376  37.299 0.2222220004
70937  63.028  -22.839  37.319 0.1111110002
129825  63.327  -23.176  37.196 0.2222220004
140616  63.933  -23.898  35.763 0.1111110002
77646  65.943  -15.928  34.068 0.2222220004
76680  65.294  -17.072  34.236 0.2222220004
68103  64.097  -25.423  34.886 0.1111110002
76686  65.802  -16.402  33.229 0.2222220004
74787  64.217  -18.655  34.927 0.1111110002
70977  63.461  -22.506  35.346 0.1111110002
70062  63.424  -23.607  35.348 0.1111110002
78707  66.527  -14.983  32.862 0.2222220004
77663  66.159  -16.084  32.551 0.2222220004
79767  66.593  -13.637  31.581 0.2222220004
77662  66.525  -15.451  32.044 0.2222220004
80851  66.265  -12.529  29.579 0.2222220004
148106  67.027  -12.903  30.478 0.2222220004
80865  66.389  -12.466  28.624 0.2222220004
80850  66.941  -12.311  29.123 0.2222220004
80829  67.134  -12.745  29.733 0.2222220004
80872  66.417  -12.515  27.682 0.2222220004
80864  66.951  -12.319  28.183 0.2222220004
79833  65.603  -12.862  26.268 0.2222220004
80879  66.464  -12.561  26.769 0.2222220004
80885  66.394  -12.693  25.913 0.2222220004
79842  65.619  -12.873  25.352 0.1111110002
79843  63.720  -13.900  24.495 0.1111110002
129899  66.393  -12.889  25.046 0.1111110002
70951  63.397  -22.743  36.879 0.1111110002
72867  62.866  -20.548  36.334 0.2222220004
71875  63.365  -21.900  36.482 0.1111110002
70047  63.858  -23.523  36.171 0.1111110002
71874  63.546  -22.390  36.226 0.1111110002
70964  63.595  -22.850  35.933 0.1111110002
76669  65.609  -16.334  34.575 0.2222220004
76670  65.152  -16.683  34.996 0.2222220004
75744  64.535  -17.842  35.052 0.1111110002
73810  63.732  -19.649  35.141 0.1111110002
72865  63.555  -21.511  35.789 0.1111110002
69126  63.751  -24.444  35.369 0.1111110002
131554  63.626  -20.296  35.029 0.1111110002
72879  63.576  -21.182  35.187 0.1111110002
70061  63.568  -23.259  35.673 0.1111110002
77654  66.222  -15.495  33.452 0.2222220004
79756  66.272  -13.374  32.295 0.2222220004
79768  66.571  -13.245  31.496 0.2222220004
79818  65.530  -12.899  28.105 0.1111110002
79819  64.797  -13.601  27.625 0.1111110002
78776  64.090  -14.195  27.193 0.1111110002
148947  64.715  -13.426  24.870 0.1111110002
79834  64.775  -13.480  25.806 0.1111110002
79827  64.018  -14.093  26.301 0.1111110002
79836  63.013  -14.329  25.069 0.1111110002
72866  63.440  -20.930  36.035 0.1111110002
142223  63.142  -19.973  35.751 0.2222220004
77636  65.795  -15.523  34.715 0.2222220004
76671  64.689  -17.041  35.380 0.2222220004
74773  64.202  -18.160  35.386 0.1111110002
72880  63.546  -20.658  35.381 0.1111110002
78675  65.990  -14.798  34.301 0.2222220004
78659  65.620  -14.851  35.015 0.2222220004
79750  65.558  -13.449  33.888 0.2222220004
71890  63.573  -22.018  35.528 0.1111110002
78692  66.257  -14.519  33.574 0.2222220004
137741  65.846  -13.104  33.270 0.2222220004
79783  65.683  -12.800  30.935 0.2222220004
79769  65.932  -12.895  31.841 0.2222220004
79757  65.994  -13.083  32.610 0.2222220004
80831  66.168  -12.625  30.387 0.2222220004
77711  62.024  -15.315  27.893 0.1111110002
79812  64.762  -13.545  28.538 0.1111110002
78768  64.116  -14.209  28.085 0.1111110002
78769  63.429  -14.668  27.691 0.1111110002
78777  63.334  -14.563  26.818 0.1111110002
75723  62.778  -17.211  37.459 0.2222220004
75722  63.417  -16.920  36.960 0.2222220004
76663  64.483  -16.535  36.309 0.2222220004
75733  63.896  -17.535  36.069 0.2222220004
74759  63.259  -17.848  36.434 0.2222220004
151189  63.480  -20.201  35.449 0.1111110002
77637  65.435  -15.585  35.360 0.2222220004
75732  64.323  -17.318  35.740 0.2222220004
74774  63.733  -18.473  35.688 0.1111110002
73797  63.561  -19.410  35.453 0.1111110002
79770  65.178  -13.163  31.623 0.2222220004
79758  65.562  -13.087  32.733 0.2222220004
77683  63.157  -15.337  29.832 0.1111110002
77694  62.552  -15.769  29.495 0.1111110002
79784  64.742  -13.436  30.525 0.2222220004
78753  63.586  -14.771  29.389 0.1111110002
78761  64.124  -14.187  28.968 0.1111110002
77693  63.018  -15.263  29.018 0.1111110002
75688  61.869  -17.078  39.891 0.2222220004
76649  60.460  -16.335  38.813 0.1111110002
76655  63.607  -16.324  37.540 0.2222220004
76647  63.108  -16.100  38.297 0.2222220004
77608  62.395  -15.768  39.317 0.2222220004
76641  60.892  -16.116  39.697 0.1111110002
76646  64.130  -16.127  37.255 0.2222220004
152780  63.666  -15.914  37.939 0.2222220004
77616  63.069  -15.118  39.062 0.2222220004
77617  62.542  -14.982  39.083 0.2222220004
76662  64.939  -16.102  35.899 0.2222220004
135525  64.516  -15.658  36.849 0.2222220004
78651  63.930  -14.205  36.969 0.2222220004
78643  63.459  -14.774  37.684 0.2222220004
78660  65.212  -14.572  35.540 0.2222220004
78649  64.863  -14.019  35.907 0.2222220004
78662  64.171  -13.869  35.558 0.2222220004
79742  65.120  -13.698  34.678 0.2222220004
78661  64.796  -13.762  35.058 0.2222220004
78677  64.291  -13.810  34.543 0.2222220004
78726  64.299  -13.873  31.260 0.2222220004
78708  64.580  -13.619  32.246 0.2222220004
77684  62.741  -15.907  30.330 0.1111110002
78740  64.044  -14.166  30.535 0.1111110002
78727  63.875  -14.484  31.753 0.1111110002
150389  63.453  -15.124  31.330 0.1111110002
77618  61.679  -15.231  38.619 0.1111110002
78638  63.044  -14.845  38.587 0.2222220004
78639  62.417  -14.827  38.285 0.1111110002
78663  63.774  -14.019  36.444 0.2222220004
78652  63.297  -14.451  37.095 0.1111110002
77623  62.503  -14.846  37.378 0.1111110002
77638  63.361  -14.403  35.625 0.2222220004
153812  64.365  -13.754  33.744 0.2222220004
78709  63.955  -14.279  32.797 0.1111110002
147670  63.168  -14.380  36.352 0.2222220004
77631  62.647  -14.935  36.522 0.1111110002
52749  51.144  -39.122  45.985 0.2222220004
60482  54.580  -33.321  44.321 0.2222220004
59470  52.650  -33.246  43.141 0.2222220004
61548  55.900  -31.760  44.126 0.2222220004
146680  55.234  -31.871  43.968 0.2222220004
71881  57.881  -21.110  36.086 0.2222220004
72872  57.667  -20.601  36.743 0.2222220004
71862  61.719  -21.769  37.052 0.2222220004
76639  62.331  -16.584  39.520 0.2222220004
77607  62.779  -16.079  39.048 0.2222220004
139992  60.912  -16.700  40.248 0.2222220004
60609  64.723  -33.027  36.571 0.1111110002
61691  64.278  -32.857  37.095 0.1111110002
61744  63.637  -32.776  35.643 0.1111110002
58485  58.840  -33.963  35.628 0.2222220004
59547  57.659  -32.996  35.801 0.2222220004
62675  56.463  -30.552  41.513 0.2222220004
60531  57.422  -32.030  40.070 0.2222220004
60547  57.347  -32.782  38.992 0.2222220004
59519  57.662  -33.446  38.527 0.2222220004
70966  57.443  -22.323  35.313 0.3333329856
62845  64.401  -30.338  32.881 0.1111110002
59535  62.196  -34.132  37.090 0.2222220004
129794  63.453  -33.314  37.076 0.1111110002
151411  58.321  -33.394  35.515 0.1111110002
65203  58.482  -28.192  23.828 0.1111110002
66258  59.013  -27.734  23.285 0.1111110002
65227  57.611  -28.351  22.718 0.1111110002
65194  57.969  -28.568  24.343 0.1111110002
66277  59.241  -27.445  22.491 0.1111110002
135116  58.327  -27.211  19.618 0.1111110002
65185  59.535  -28.495  25.713 0.1111110002
64054  57.443  -28.899  24.881 0.1111110002
64035  59.068  -29.704  27.320 0.1111110002
62914  58.360  -30.028  27.132 0.1111110002
65180  59.849  -28.869  26.453 0.1111110002
65191  59.886  -28.039  25.259 0.1111110002
64030  59.766  -29.379  28.156 0.1111110002
64033  60.306  -29.181  27.803 0.1111110002
64014  60.605  -28.775  29.117 0.1111110002
66241  59.896  -27.630  24.467 0.1111110002
66294  59.161  -26.948  20.882 0.1111110002
130675  58.991  -29.493  28.533 0.1111110002
63998  59.414  -29.015  29.258 0.1111110002
65151  59.261  -28.619  30.696 0.1111110002
63964  58.212  -29.351  32.236 0.1111110002
63997  61.147  -28.699  29.884 0.1111110002
65143  60.938  -28.647  30.596 0.1111110002
65144  60.362  -28.596  30.449 0.1111110002
65145  59.928  -28.572  30.789 0.1111110002
63978  61.422  -28.920  31.544 0.1111110002
134387  61.343  -31.949  33.556 0.1111110002
62830  60.040  -31.038  33.374 0.1111110002
65150  59.801  -28.668  29.974 0.1111110002
63962  60.065  -29.233  32.329 0.1111110002
63980  59.614  -28.728  31.497 0.1111110002
62850  59.596  -30.119  32.959 0.1111110002
131923  62.589  -33.565  35.240 0.1111110002
62848  61.426  -30.231  32.900 0.1111110002
62829  61.877  -31.124  33.260 0.1111110002
59557  60.112  -33.758  34.721 0.2222220004
64013  61.396  -28.727  29.334 0.1111110002
63977  62.239  -29.255  31.453 0.1111110002
151241  61.917  -28.821  30.045 0.1111110002
63976  63.107  -29.667  31.081 0.1111110002
63995  62.750  -29.190  30.229 0.1111110002
150569  59.061  -31.486  33.749 0.1111110002
60627  59.762  -33.045  34.480 0.2222220004
60642  58.738  -32.232  34.552 0.1111110002
143553  61.728  -28.689  28.860 0.1111110002
60639  62.549  -32.941  34.344 0.1111110002
61746  63.248  -32.439  34.447 0.1111110002
60624  63.496  -33.053  35.238 0.1111110002
62828  63.005  -30.992  33.171 0.1111110002
59534  63.139  -33.557  37.022 0.1111110002
60598  64.111  -33.273  37.083 0.1111110002
61641  55.441  -31.587  37.736 0.1111110002
135603  56.241  -31.865  37.768 0.1111110002
61665  54.629  -31.185  37.760 0.1111110002
62738  53.363  -30.135  38.220 0.1111110002
62717  52.669  -29.906  38.922 0.1111110002
62718  51.652  -30.276  39.778 0.1111110002
61592  52.919  -31.198  42.259 0.2222220004
131473  52.957  -30.256  40.808 0.2222220004
62698  54.620  -30.270  40.031 0.1111110002
143479  55.620  -30.422  41.240 0.1111110002
62677  54.305  -30.435  41.652 0.2222220004
62697  55.381  -30.589  40.267 0.1111110002
60492  54.793  -31.506  43.533 0.2222220004
72870  59.199  -20.597  36.625 0.2222220004
143136  66.866  -14.445  30.340 0.2222220004
75743  64.853  -17.426  34.656 0.2222220004
80821  66.856  -13.242  30.971 0.2222220004
80863  67.080  -12.524  27.803 0.2222220004
132286  66.268  -13.917  33.052 0.2222220004
79811  65.485  -12.834  29.051 0.2222220004
79825  65.576  -12.910  27.181 0.2222220004
79835  63.909  -13.993  25.403 0.1111110002
141494  62.674  -14.161  24.125 0.1111110002
135807  65.639  -12.870  24.257 0.1111110002
74788  63.922  -18.906  35.250 0.1111110002
80813  66.285  -13.095  31.726 0.2222220004
79826  64.809  -13.574  26.724 0.1111110002
74775  63.165  -18.902  35.999 0.2222220004
79749  65.944  -13.758  33.891 0.2222220004
79741  65.318  -14.020  34.836 0.2222220004
79751  65.536  -13.235  33.530 0.2222220004
129849  65.955  -13.241  33.214 0.2222220004
79804  65.498  -12.863  30.000 0.2222220004
77703  62.287  -15.574  28.711 0.1111110002
79805  64.741  -13.483  29.476 0.2222220004
77676  63.285  -15.296  30.647 0.1111110002
78752  64.088  -14.131  29.835 0.1111110002
135500  63.755  -14.657  30.940 0.1111110002
77609  61.738  -15.598  39.313 0.2222220004
144465  63.304  -15.577  38.419 0.2222220004
77630  64.322  -14.849  37.045 0.2222220004
77622  63.976  -15.352  37.737 0.2222220004
77615  63.478  -14.984  38.248 0.2222220004
77629  64.887  -14.854  36.297 0.2222220004
79714  64.391  -13.971  36.271 0.2222220004
79728  64.972  -13.839  35.309 0.2222220004
154139  64.714  -13.870  35.666 0.2222220004
78693  64.852  -13.389  33.267 0.2222220004
23539  14.853  -65.851  62.423 0.1111110002
27120  16.589  -62.087  61.827 0.2222220004
142348  16.045  -62.967  62.307 0.2222220004
152498  14.917  -64.228  62.411 0.1111110002
24714  14.593  -64.881  62.346 0.1111110002
22301  14.504  -66.312  62.253 0.1111110002
25889  15.302  -63.689  62.415 0.1111110002
153386  15.601  -66.909  61.846 0.1111110002
23557  15.159  -66.613  60.740 0.1111110002
22321  15.595  -66.983  61.400 0.1111110002
24715  13.994  -64.730  62.269 0.1111110002
23540  14.003  -65.715  62.537 0.1111110002
23541  13.316  -65.834  62.356 0.1111110002
25890  14.499  -63.866  62.289 0.1111110002
22302  13.654  -66.155  62.328 0.1111110002
22309  14.057  -66.583  61.859 0.1111110002
22322  14.447  -66.722  61.174 0.1111110002
141793  15.760  -62.009  61.863 0.2222220004
22323  13.476  -66.521  61.319 0.1111110002
27122  14.082  -63.034  61.884 0.1111110002
25891  13.631  -63.980  62.050 0.1111110002
24716  13.280  -65.099  62.070 0.1111110002
27121  15.057  -62.784  62.110 0.1111110002
22303  12.840  -66.053  62.201 0.1111110002
25893  12.017  -64.334  61.380 0.1111110002
24724  11.226  -64.463  61.220 0.1111110002
28311  14.461  -62.081  61.605 0.1111110002
25897  13.178  -63.184  61.563 0.1111110002
25892  12.831  -64.156  61.691 0.1111110002
29474  15.112  -60.405  61.637 0.2222220004
22304  11.870  -66.006  62.068 0.1111110002
143474  11.904  -65.703  61.997 0.1111110002
28306  15.492  -61.082  61.658 0.2222220004
25899  11.507  -63.523  61.094 0.1111110002
28312  13.141  -61.440  61.084 0.2222220004
27127  12.560  -62.276  61.064 0.2222220004
25898  12.333  -63.368  61.253 0.2222220004
29475  14.146  -60.262  61.575 0.2222220004
29478  13.628  -60.804  61.311 0.2222220004
146172  13.901  -61.511  61.361 0.2222220004
134712  15.381  -60.176  61.586 0.2222220004
133750  11.442  -59.104  62.021 0.2222220004
28320  11.932  -60.896  60.597 0.2222220004
27136  11.516  -61.750  60.552 0.2222220004
150961  11.783  -62.713  60.953 0.2222220004
30643  12.099  -59.978  60.871 0.2222220004
29479  12.623  -60.641  60.894 0.2222220004
30619  11.071  -58.453  63.159 0.2222220004
30631  12.217  -59.480  61.260 0.2222220004
30642  13.063  -60.150  61.240 0.2222220004
31801  13.148  -58.842  61.358 0.2222220004
149324  11.784  -59.312  61.545 0.2222220004
29480  11.713  -60.176  60.673 0.2222220004
28321  11.206  -60.701  60.472 0.2222220004
31795  11.683  -58.138  62.822 0.2222220004
33003  12.957  -58.424  61.441 0.2222220004
33004  11.778  -57.719  62.676 0.2222220004
30646  9.450  -59.670  61.123 0.2222220004
29487  9.516  -60.360  60.648 0.2222220004
30633  10.465  -58.999  62.171 0.2222220004
30644  11.147  -59.486  61.007 0.2222220004
30653  10.855  -59.908  60.580 0.2222220004
30626  11.027  -58.489  63.238 0.2222220004
30620  10.987  -58.199  63.895 0.2222220004
136485  11.137  -57.783  63.679 0.2222220004
151768  10.890  -58.081  64.365 0.2222220004
33005  11.153  -56.936  63.152 0.2222220004
33020  7.116  -58.266  61.325 0.2222220004
33019  7.546  -57.697  61.529 0.2222220004
31813  7.504  -58.341  61.814 0.2222220004
30636  7.855  -58.644  62.022 0.2222220004
30647  7.907  -59.383  61.727 0.2222220004
33010  8.318  -57.350  62.425 0.2222220004
33011  7.643  -58.050  62.123 0.2222220004
31812  8.626  -58.110  62.815 0.2222220004
30635  8.544  -58.760  62.202 0.2222220004
34122  8.767  -56.710  62.990 0.2222220004
33006  8.846  -57.479  63.162 0.2222220004
31811  9.105  -58.433  62.837 0.2222220004
30634  9.490  -59.015  62.012 0.2222220004
34117  9.220  -56.184  63.799 0.2222220004
149952  9.302  -57.120  63.558 0.2222220004
31799  9.164  -57.942  63.903 0.2222220004
31802  10.151  -58.299  64.302 0.2222220004
31810  9.825  -58.589  63.207 0.2222220004
137141  9.512  -55.993  64.052 0.2222220004
32998  10.531  -57.832  64.608 0.2222220004
31797  10.623  -58.028  64.681 0.2222220004
129141  18.044  -49.946  63.576 0.2222220004
41753  17.530  -50.214  63.338 0.2222220004
41754  16.797  -50.624  62.946 0.1111110002
40687  16.265  -50.819  62.240 0.1111110002
34115  10.504  -57.075  63.769 0.2222220004
40698  16.507  -50.785  61.425 0.1111110002
33014  7.801  -57.488  61.950 0.2222220004
39664  12.918  -52.112  61.807 0.1111110002
34124  8.369  -56.880  62.473 0.2222220004
34131  8.041  -56.801  61.274 0.2222220004
35259  8.913  -55.782  63.580 0.2222220004
35268  8.463  -56.528  62.552 0.2222220004
34126  8.371  -56.553  61.778 0.2222220004
35262  8.753  -55.910  63.119 0.2222220004
35267  8.736  -55.919  62.226 0.2222220004
41769  17.036  -50.512  62.076 0.1111110002
40699  15.681  -50.953  61.628 0.1111110002
41783  17.862  -49.992  61.922 0.1111110002
41784  17.319  -50.520  61.214 0.1111110002
143132  18.114  -50.181  60.924 0.1111110002
33018  8.032  -57.445  60.677 0.1111110002
34135  9.077  -57.120  60.153 0.1111110002
38632  11.706  -52.898  61.814 0.1111110002
35273  9.014  -56.061  61.316 0.1111110002
39663  13.466  -51.901  61.307 0.1111110002
38631  12.393  -52.571  61.334 0.1111110002
36392  10.199  -54.835  61.276 0.2222220004
39671  13.005  -52.205  60.936 0.1111110002
38645  11.880  -53.025  60.772 0.1111110002
36380  10.763  -54.099  61.344 0.1111110002
37527  11.399  -53.779  60.592 0.1111110002
128919  19.372  -49.982  62.740 0.1111110002
39679  13.115  -52.351  60.054 0.1111110002
41796  18.266  -50.252  60.031 0.1111110002
37504  24.187  -53.347  62.638 0.2222220004
129411  20.100  -50.210  62.196 0.1111110002
42865  31.593  -48.065  61.464 0.1111110002
142733  31.668  -48.635  60.848 0.1111110002
42878  30.857  -48.218  60.756 0.1111110002
152869  29.335  -47.470  59.959 0.1111110002
43997  28.591  -47.430  59.652 0.1111110002
147432  21.597  -49.893  63.798 0.2222220004
41780  20.858  -50.459  61.698 0.1111110002
42866  30.977  -47.766  61.999 0.1111110002
43987  28.864  -47.429  60.487 0.1111110002
43988  27.903  -47.505  60.190 0.1111110002
38636  25.869  -52.984  60.235 0.1111110002
37522  26.499  -54.059  60.651 0.1111110002
43998  27.730  -47.643  59.343 0.1111110002
37543  26.431  -53.621  58.817 0.1111110002
44011  27.756  -47.717  58.539 0.1111110002
42918  26.784  -48.941  57.684 0.1111110002
38651  26.209  -52.951  59.365 0.1111110002
36402  26.554  -53.870  57.905 0.1111110002
42846  22.534  -48.967  63.986 0.2222220004
41749  22.161  -49.656  63.472 0.2222220004
140992  28.176  -47.473  61.021 0.1111110002
146593  26.060  -52.139  59.759 0.1111110002
42879  26.954  -48.026  59.982 0.1111110002
42899  26.546  -48.861  58.541 0.1111110002
41820  26.351  -49.648  58.081 0.1111110002
39676  26.244  -51.871  59.117 0.1111110002
42890  26.989  -48.143  58.977 0.1111110002
40745  26.435  -50.491  57.683 0.1111110002
38662  26.613  -53.236  57.814 0.1111110002
38676  26.809  -52.351  57.656 0.1111110002
143224  26.643  -49.709  57.263 0.1111110002
43943  22.965  -48.139  64.503 0.2222220004
43957  23.015  -48.332  63.441 0.2222220004
42856  26.269  -48.365  62.501 0.2222220004
41777  25.693  -49.412  61.540 0.1111110002
42868  26.145  -48.561  61.688 0.1111110002
40696  25.626  -50.209  60.963 0.1111110002
131006  25.836  -51.772  60.379 0.1111110002
153548  27.355  -47.702  60.724 0.1111110002
42880  26.224  -48.710  60.309 0.1111110002
40705  25.870  -50.304  59.712 0.1111110002
137235  25.929  -51.258  59.731 0.1111110002
41806  26.062  -49.702  58.986 0.1111110002
40717  25.985  -50.804  59.006 0.1111110002
39688  26.423  -51.410  58.249 0.1111110002
40730  26.166  -50.385  58.390 0.1111110002
40764  26.683  -50.521  56.849 0.1111110002
39697  27.051  -52.227  56.820 0.1111110002
39708  26.833  -51.327  56.415 0.1111110002
47475  48.568  -43.556  48.474 0.2222220004
47490  47.546  -43.577  47.450 0.2222220004
48627  47.794  -43.082  47.162 0.1111110002
47488  48.920  -43.022  47.966 0.3333329856
47489  48.197  -43.259  47.740 0.1111110002
49672  48.023  -42.341  45.930 0.1111110002
48626  49.291  -42.563  47.565 0.2222220004
49659  49.050  -42.321  46.884 0.2222220004
136902  48.460  -42.732  47.227 0.1111110002
49671  48.791  -41.972  46.187 0.1111110002
49681  48.343  -41.899  45.513 0.1111110002
50610  48.316  -41.478  44.806 0.1111110002
50626  47.738  -41.590  44.211 0.1111110002
50594  49.340  -41.394  46.096 0.1111110002
49670  49.471  -41.765  46.655 0.1111110002
51548  49.583  -40.683  45.744 0.1111110002
50609  48.930  -41.249  45.437 0.1111110002
51564  48.739  -40.676  44.623 0.1111110002
52777  49.096  -39.257  44.017 0.1111110002
51577  48.562  -40.126  43.887 0.1111110002
51578  47.816  -40.827  43.516 0.1111110002
51594  48.091  -39.934  43.292 0.1111110002
134256  48.215  -37.936  42.574 0.1111110002
54089  47.453  -38.317  42.103 0.1111110002
51547  50.195  -40.254  46.047 0.1111110002
52764  49.537  -39.464  44.645 0.1111110002
52776  49.663  -38.510  44.217 0.1111110002
51576  49.052  -39.941  44.434 0.1111110002
54065  49.093  -38.453  43.538 0.1111110002
54076  48.478  -38.497  43.015 0.1111110002
52778  48.562  -39.229  43.447 0.1111110002
54075  48.956  -37.621  43.025 0.1111110002
54077  47.928  -38.636  42.594 0.1111110002
155104  47.844  -37.521  42.234 0.1111110002
56408  47.846  -36.878  42.035 0.1111110002
55272  47.259  -37.530  41.708 0.1111110002
56415  46.512  -36.712  40.748 0.1111110002
51546  50.810  -39.856  46.388 0.1111110002
52750  50.487  -39.468  45.646 0.1111110002
51562  49.874  -39.852  45.342 0.1111110002
52763  50.123  -39.030  44.912 0.1111110002
55259  49.614  -36.966  43.269 0.1111110002
55271  48.462  -37.174  42.464 0.1111110002
56414  47.158  -36.761  41.419 0.1111110002
57426  47.096  -35.918  41.039 0.1111110002
135916  46.621  -35.466  40.447 0.1111110002
57433  46.483  -34.763  39.909 0.1111110002
59510  47.486  -33.462  39.806 0.1111110002
61643  50.142  -30.620  38.860 0.1111110002
61645  48.648  -31.554  38.397 0.1111110002
59522  47.165  -33.160  38.970 0.1111110002
54021  51.454  -38.319  45.599 0.1111110002
52762  50.717  -38.644  45.282 0.1111110002
54045  50.312  -38.176  44.594 0.1111110002
148085  49.980  -37.725  44.133 0.1111110002
54064  49.578  -37.717  43.651 0.1111110002
132452  49.129  -36.747  42.706 0.1111110002
56406  49.263  -36.031  42.427 0.1111110002
57417  48.739  -35.745  41.916 0.1111110002
56413  47.920  -36.177  41.710 0.1111110002
57425  48.073  -35.359  41.427 0.1111110002
58440  48.348  -34.484  41.167 0.1111110002
58441  47.341  -34.846  40.741 0.1111110002
59497  49.402  -33.416  41.027 0.1111110002
58439  49.173  -34.202  41.355 0.1111110002
61594  51.700  -31.564  41.516 0.1111110002
60534  49.660  -32.835  40.639 0.1111110002
59498  48.712  -33.683  40.806 0.1111110002
58451  47.113  -34.123  40.170 0.1111110002
60532  50.896  -31.780  40.950 0.1111110002
60549  49.530  -32.250  39.984 0.1111110002
59508  49.055  -32.952  40.390 0.1111110002
58450  47.849  -33.921  40.565 0.1111110002
62719  50.946  -30.924  40.112 0.1111110002
59509  48.293  -33.189  40.133 0.1111110002
152090  50.363  -30.997  39.589 0.1111110002
60570  49.074  -31.847  39.174 0.1111110002
60550  48.719  -32.531  39.630 0.1111110002
55241  50.088  -37.135  43.766 0.1111110002
55257  50.775  -36.058  43.530 0.1111110002
55258  50.234  -36.480  43.401 0.1111110002
56398  49.768  -36.291  42.914 0.1111110002
56397  50.380  -35.885  43.073 0.1111110002
56405  49.911  -35.679  42.631 0.1111110002
57407  50.441  -35.435  42.798 0.1111110002
57415  50.093  -35.067  42.395 0.1111110002
57416  49.420  -35.348  42.159 0.1111110002
58429  50.998  -34.357  42.510 0.1111110002
57424  48.932  -34.992  41.645 0.1111110002
58431  49.654  -34.652  41.863 0.1111110002
59483  50.849  -33.671  42.056 0.1111110002
59496  50.027  -33.183  41.194 0.1111110002
63791  53.156  -29.079  44.975 0.2222220004
63782  52.871  -29.802  45.252 0.2222220004
41768  17.963  -49.937  62.823 0.1111110002
128921  19.337  -49.994  63.616 0.2222220004
41752  18.651  -49.929  63.222 0.2222220004
41767  18.650  -49.920  62.357 0.1111110002
38624  25.694  -53.192  60.950 0.1111110002
43976  29.245  -47.456  61.464 0.1111110002
133953  51.108  -34.886  42.911 0.1111110002
131533  26.529  -54.074  59.548 0.1111110002
154949  26.040  -48.794  61.026 0.1111110002
43986  29.812  -47.579  60.671 0.1111110002
60516  51.761  -32.412  42.070 0.1111110002
27128  10.977  -62.713  60.828 0.2222220004
40689  14.759  -51.178  62.877 0.1111110002
29486  10.352  -60.501  60.448 0.2222220004
129730  8.747  -59.397  61.643 0.2222220004
39660  25.603  -51.347  61.197 0.2222220004
128536  25.664  -52.336  60.937 0.1111110002
37520  11.236  -53.458  61.536 0.1111110002
36382  9.067  -55.286  62.819 0.2222220004
50593  49.859  -41.042  46.404 0.1111110002
50592  50.506  -40.653  46.721 0.1111110002
62700  51.824  -30.668  40.732 0.1111110002
22310  13.189  -66.399  61.940 0.1111110002
27126  13.578  -62.261  61.354 0.1111110002
139718  12.385  -65.088  61.808 0.1111110002
23542  12.609  -65.757  62.138 0.1111110002
28307  14.621  -61.061  61.578 0.2222220004
30625  11.927  -58.987  61.699 0.2222220004
30618  11.757  -58.603  61.871 0.2222220004
32997  11.763  -57.975  62.934 0.2222220004
30645  10.301  -59.413  61.140 0.2222220004
31804  8.914  -57.856  63.417 0.2222220004
33000  9.080  -57.360  63.438 0.2222220004
34121  8.872  -56.083  63.324 0.2222220004
31803  9.262  -58.148  63.921 0.2222220004
142951  9.540  -57.070  63.783 0.2222220004
142787  9.432  -57.811  64.119 0.2222220004
43996  29.292  -47.423  59.260 0.1111110002
42891  26.370  -48.760  59.429 0.1111110002
41791  25.843  -49.395  60.651 0.1111110002
136671  25.776  -50.787  60.391 0.1111110002
139669  25.958  -49.442  59.880 0.1111110002
49682  47.730  -42.223  44.983 0.1111110002
56407  48.584  -36.449  42.213 0.1111110002
61623  49.774  -31.447  39.401 0.1111110002
59521  47.948  -32.813  39.294 0.1111110002
58430  50.381  -34.312  42.101 0.1111110002
64982  52.848  -28.780  44.228 0.2222220004
47305  32.110  -44.389  58.979 0.1111110002
138561  30.603  -44.997  59.961 0.1111110002
47306  31.304  -44.927  59.363 0.1111110002
129429  30.077  -45.222  58.793 0.1111110002
41764  22.291  -49.806  62.556 0.1111110002
43979  23.868  -47.573  61.375 0.1111110002
47310  27.688  -45.158  59.569 0.1111110002
141741  26.370  -45.604  60.100 0.1111110002
46175  25.090  -46.032  60.933 0.1111110002
147795  24.756  -46.436  61.337 0.1111110002
46206  26.482  -45.642  59.355 0.1111110002
46190  25.709  -45.838  60.486 0.1111110002
43968  23.480  -47.970  61.983 0.1111110002
42858  22.702  -49.188  63.004 0.1111110002
42857  23.129  -48.538  62.518 0.1111110002
49591  46.632  -42.850  50.373 0.1111110002
50518  47.923  -42.148  50.487 0.1111110002
49590  47.219  -42.402  50.080 0.1111110002
61549  51.109  -31.130  44.875 0.1111110002
61535  50.732  -31.806  45.224 0.1111110002
62622  51.828  -30.839  45.192 0.1111110002
62628  52.171  -30.145  44.872 0.1111110002
62645  51.114  -30.082  43.857 0.1111110002
63793  51.835  -29.801  44.184 0.1111110002
63803  52.201  -29.147  43.821 0.1111110002
64991  51.905  -28.807  43.094 0.1111110002
64990  52.585  -28.478  43.479 0.1111110002
64999  51.620  -28.514  42.349 0.1111110002
65013  51.309  -28.285  41.566 0.1111110002
64998  52.329  -28.163  42.737 0.1111110002
66045  52.088  -27.912  41.942 0.1111110002
67074  52.253  -26.840  37.835 0.1111110002
66068  51.687  -27.472  40.240 0.1111110002
66056  51.853  -27.731  41.101 0.1111110002
66079  52.411  -27.013  39.783 0.1111110002
67061  52.583  -26.871  38.804 0.1111110002
37514  22.908  -53.271  62.141 0.2222220004
66080  51.679  -27.261  39.382 0.1111110002
61534  51.481  -31.547  45.512 0.1111110002
62621  52.553  -30.508  45.536 0.1111110002
69086  63.068  -23.565  37.476 0.1111110002
75761  65.597  -17.008  32.363 0.1111110002
75770  65.524  -17.090  32.359 0.1111110002
154402  65.742  -16.729  32.573 0.1111110002
75769  65.883  -16.746  31.836 0.1111110002
75790  65.769  -16.884  30.414 0.1111110002
75803  65.723  -17.164  29.238 0.1111110002
75843  66.024  -17.654  27.351 0.1111110002
74868  65.215  -18.066  27.851 0.1111110002
137795  66.240  -16.205  32.024 0.1111110002
76704  66.491  -15.995  30.960 0.1111110002
75789  66.140  -16.610  30.091 0.1111110002
75802  66.059  -16.940  28.990 0.1111110002
75827  65.665  -17.575  28.277 0.1111110002
75826  66.040  -17.386  28.078 0.1111110002
144813  64.615  -15.169  19.476 0.1111110002
78725  66.664  -14.527  31.553 0.1111110002
77682  66.658  -15.403  30.627 0.1111110002
77702  66.980  -15.513  28.723 0.1111110002
77710  67.031  -15.730  27.811 0.1111110002
77738  67.258  -15.674  25.430 0.1111110002
76754  66.686  -16.627  27.437 0.1111110002
76769  66.859  -16.556  25.089 0.1111110002
137907  67.178  -15.232  23.909 0.1111110002
76771  66.750  -16.539  24.283 0.1111110002
77745  66.896  -16.000  23.679 0.1111110002
76792  66.393  -15.920  22.118 0.1111110002
154374  66.006  -16.080  21.642 0.1111110002
76835  65.665  -15.888  21.216 0.1111110002
77804  65.346  -15.084  19.669 0.1111110002
77820  65.005  -14.860  19.079 0.1111110002
77821  64.291  -14.894  18.812 0.1111110002
78751  67.179  -14.100  29.517 0.1111110002
141964  67.224  -14.690  28.950 0.1111110002
136594  67.266  -14.870  27.252 0.1111110002
78788  67.451  -14.655  25.495 0.1111110002
78775  67.330  -14.989  26.252 0.1111110002
143688  67.435  -14.958  24.768 0.1111110002
78813  67.036  -14.590  23.406 0.1111110002
139138  66.688  -15.316  22.037 0.1111110002
149335  66.920  -14.806  22.608 0.1111110002
77784  66.110  -15.398  20.905 0.1111110002
78852  66.073  -14.590  19.556 0.1111110002
78853  65.760  -14.558  19.160 0.1111110002
77819  65.483  -14.684  19.096 0.1111110002
78866  65.029  -14.571  18.372 0.1111110002
78879  64.723  -14.249  17.440 0.1111110002
78893  64.333  -13.883  16.523 0.1111110002
129435  64.472  -13.481  15.882 0.1111110002
78894  63.282  -14.299  16.392 0.1111110002
79810  67.378  -12.914  28.331 0.1111110002
79824  67.400  -13.347  26.850 0.1111110002
78760  67.455  -13.825  28.652 0.1111110002
143151  67.407  -13.820  26.034 0.1111110002
146174  67.458  -14.086  26.806 0.1111110002
143150  67.379  -14.026  25.172 0.1111110002
78802  67.239  -14.292  24.333 0.1111110002
138694  66.901  -13.745  23.829 0.1111110002
78815  66.816  -14.038  22.887 0.1111110002
150417  66.768  -13.500  21.434 0.1111110002
78827  66.823  -14.444  21.922 0.1111110002
79902  66.648  -13.519  20.341 0.1111110002
78840  66.529  -14.594  20.852 0.1111110002
143351  66.444  -13.827  19.469 0.1111110002
79929  66.614  -12.881  18.809 0.1111110002
78864  66.046  -14.097  18.874 0.1111110002
79930  65.851  -13.611  18.043 0.1111110002
133219  66.365  -12.743  17.890 0.1111110002
79937  65.866  -13.063  17.255 0.1111110002
79946  65.403  -13.326  16.542 0.1111110002
79947  64.908  -13.549  16.279 0.1111110002
79956  63.699  -13.641  15.611 0.1111110002
146425  63.028  -13.565  15.087 0.1111110002
79968  62.658  -13.417  14.749 0.1111110002
81027  62.164  -13.227  14.395 0.1111110002
78917  61.131  -14.094  14.588 0.1111110002
78918  60.376  -14.359  14.655 0.1111110002
79817  67.380  -12.972  27.512 0.1111110002
80877  67.071  -13.036  26.020 0.1111110002
79841  67.059  -13.614  24.803 0.1111110002
80897  66.554  -13.157  23.152 0.1111110002
130899  66.480  -12.790  22.117 0.1111110002
80932  66.747  -12.847  20.874 0.1111110002
80922  66.664  -12.850  21.590 0.1111110002
79921  66.712  -12.962  19.639 0.1111110002
136374  66.650  -11.946  20.017 0.1111110002
128077  66.852  -11.685  19.057 0.1111110002
80970  66.662  -11.847  18.299 0.1111110002
80983  66.416  -12.128  17.387 0.1111110002
81960  66.562  -11.071  17.788 0.1111110002
81009  65.453  -12.831  15.981 0.1111110002
79945  65.894  -12.505  16.652 0.1111110002
81010  64.968  -12.781  15.495 0.1111110002
81011  64.214  -13.137  15.389 0.1111110002
81025  63.629  -12.844  14.818 0.1111110002
81047  62.024  -12.678  14.073 0.1111110002
79981  61.415  -13.017  14.145 0.1111110002
78908  59.577  -14.607  14.824 0.1111110002
77857  58.261  -15.312  14.523 0.1111110002
147643  63.224  -12.580  14.342 0.1111110002
79969  61.309  -13.644  14.387 0.1111110002
128732  59.680  -14.268  14.251 0.1111110002
81008  65.796  -11.908  16.176 0.1111110002
81977  66.324  -11.273  16.855 0.1111110002
81995  65.668  -11.321  15.695 0.1111110002
81996  65.074  -11.895  15.298 0.1111110002
82009  64.585  -11.404  14.725 0.1111110002
132467  57.980  -14.161  13.095 0.1111110002
78920  57.631  -14.987  13.426 0.1111110002
130608  57.194  -14.299  13.004 0.1111110002
82972  64.032  -10.877  14.079 0.1111110002
82027  63.117  -11.695  13.916 0.1111110002
79982  60.619  -13.353  14.052 0.1111110002
79983  59.725  -13.567  13.790 0.1111110002
78930  58.862  -14.060  13.579 0.1111110002
79985  57.494  -13.224  12.868 0.1111110002
82984  63.350  -10.147  13.660 0.1111110002
82028  62.440  -10.980  13.784 0.1111110002
139064  61.530  -12.282  13.944 0.1111110002
82031  60.159  -12.202  13.943 0.1111110002
140200  59.987  -12.903  13.710 0.1111110002
82973  61.686  -9.762  13.950 0.1111110002
82029  61.730  -11.429  13.876 0.1111110002
82986  61.323  -10.861  14.082 0.1111110002
83949  65.764  -9.233  15.555 0.1111110002
82971  64.859  -10.147  14.560 0.1111110002
82983  64.389  -9.510  13.910 0.1111110002
83971  64.604  -8.346  13.950 0.1111110002
137753  59.031  -13.148  13.340 0.1111110002
81049  58.465  -12.647  13.426 0.1111110002
83972  63.983  -8.951  13.577 0.1111110002
82012  59.667  -11.798  14.259 0.1111110002
81029  58.811  -12.227  13.927 0.1111110002
128335  62.377  -9.891  13.656 0.1111110002
82974  60.934  -10.308  14.350 0.1111110002
82975  60.220  -10.888  14.712 0.1111110002
83963  61.165  -9.242  14.378 0.1111110002
82962  60.457  -9.831  14.836 0.1111110002
83960  65.456  -8.765  14.957 0.1111110002
84937  64.746  -7.355  13.988 0.1111110002
150123  64.590  -6.209  14.293 0.1111110002
85854  64.363  -5.889  14.474 0.1111110002
84938  62.859  -7.716  13.728 0.1111110002
84928  63.150  -6.346  14.050 0.1111110002
85869  63.707  -5.145  13.947 0.1111110002
83974  62.326  -8.970  13.710 0.1111110002
83962  61.969  -8.544  13.994 0.1111110002
81997  59.493  -11.314  15.055 0.1111110002
86890  63.561  -5.335  14.897 0.1111110002
85871  61.856  -6.874  14.578 0.1111110002
85856  62.632  -5.824  14.843 0.1111110002
84930  61.432  -8.122  14.467 0.1111110002
84919  60.875  -7.753  15.056 0.1111110002
82950  59.289  -9.926  15.992 0.1111110002
84909  59.687  -8.106  16.312 0.1111110002
83943  59.469  -8.995  16.132 0.1111110002
84910  59.092  -8.697  16.869 0.1111110002
84894  59.319  -7.867  17.107 0.1111110002
85858  60.390  -7.418  15.779 0.1111110002
86860  60.066  -6.312  17.862 0.1111110002
85836  58.952  -7.612  17.887 0.1111110002
77675  66.590  -15.459  31.329 0.1111110002
151208  66.680  -13.146  24.888 0.1111110002
80883  66.911  -13.290  25.230 0.1111110002
76692  66.369  -16.015  31.631 0.1111110002
75783  65.158  -17.324  32.118 0.1111110002
75781  66.127  -16.567  31.178 0.1111110002
76723  66.346  -16.442  29.747 0.1111110002
75825  66.385  -17.109  27.841 0.1111110002
76713  66.323  -16.376  30.741 0.1111110002
76722  66.641  -16.112  29.297 0.1111110002
76712  66.533  -16.031  30.252 0.1111110002
75801  66.347  -16.743  28.733 0.1111110002
77692  66.852  -15.228  29.684 0.1111110002
138499  67.310  -14.729  28.190 0.1111110002
152187  67.128  -15.840  26.093 0.1111110002
141478  66.667  -16.848  26.712 0.1111110002
76775  66.573  -16.493  23.573 0.1111110002
132600  66.522  -16.220  22.866 0.1111110002
142616  66.501  -15.183  21.397 0.1111110002
76776  66.240  -16.708  23.066 0.1111110002
76814  65.661  -16.274  21.637 0.1111110002
77803  65.800  -14.975  19.853 0.1111110002
77786  65.579  -15.475  20.534 0.1111110002
77785  65.864  -15.422  20.703 0.1111110002
78767  67.498  -13.726  27.661 0.1111110002
149840  66.355  -14.434  20.039 0.1111110002
78878  65.295  -14.137  17.786 0.1111110002
79938  65.078  -13.836  16.942 0.1111110002
78867  64.101  -14.609  17.996 0.1111110002
80908  66.643  -13.074  22.409 0.1111110002
152472  66.739  -13.144  21.958 0.1111110002
79920  66.710  -12.539  20.184 0.1111110002
141849  65.446  -13.645  17.296 0.1111110002
81026  62.973  -13.091  14.544 0.1111110002
81046  62.643  -12.629  14.146 0.1111110002
78906  61.659  -14.043  14.901 0.1111110002
79970  60.510  -13.991  14.284 0.1111110002
80890  66.676  -13.307  24.112 0.1111110002
80909  66.432  -12.904  22.751 0.1111110002
80923  66.321  -12.494  21.518 0.1111110002
80933  66.531  -12.361  20.722 0.1111110002
81929  66.651  -11.396  19.529 0.1111110002
81024  64.382  -12.434  15.002 0.1111110002
82010  63.822  -12.078  14.424 0.1111110002
132812  62.270  -11.997  13.841 0.1111110002
82030  60.998  -11.809  14.004 0.1111110002
128956  58.918  -14.729  14.335 0.1111110002
78919  58.244  -14.925  13.783 0.1111110002
82008  65.393  -10.715  15.178 0.1111110002
79984  58.272  -13.246  13.077 0.1111110002
81051  56.921  -12.443  12.941 0.1111110002
77869  56.651  -15.180  13.358 0.1111110002
81028  59.324  -12.532  13.630 0.1111110002
83973  63.094  -8.911  13.536 0.1111110002
82011  60.584  -11.361  14.279 0.1111110002
82970  65.642  -9.569  15.008 0.1111110002
83961  65.065  -8.932  14.426 0.1111110002
150956  63.987  -7.760  13.815 0.1111110002
82963  59.765  -10.405  15.338 0.1111110002
83952  60.618  -8.803  14.928 0.1111110002
83953  59.935  -9.398  15.464 0.1111110002
84927  64.971  -7.777  14.519 0.1111110002
85880  63.730  -6.445  14.000 0.1111110002
86889  64.033  -4.944  14.343 0.1111110002
85855  64.050  -5.619  15.028 0.1111110002
84929  62.415  -7.243  14.160 0.1111110002
85870  63.012  -5.856  14.236 0.1111110002
84920  60.141  -8.432  15.607 0.1111110002
85846  60.853  -6.396  16.090 0.1111110002
85847  59.996  -7.184  16.586 0.1111110002
85835  59.631  -7.036  17.436 0.1111110002
143358  16.897  -62.803  62.144 0.1111110002
148405  15.954  -63.869  62.494 0.1111110002
24723  16.669  -65.609  62.014 0.1111110002
138130  15.128  -61.794  61.760 0.1111110002
28305  16.247  -61.294  61.651 0.1111110002
29473  15.835  -60.491  61.580 0.1111110002
30627  16.019  -60.124  61.513 0.1111110002
30630  13.034  -60.083  61.236 0.1111110002
30629  14.918  -60.113  61.618 0.1111110002
30622  14.709  -59.890  61.579 0.1111110002
30628  15.282  -59.934  61.584 0.1111110002
31828  13.952  -58.283  59.705 0.1111110002
31820  14.326  -58.670  60.534 0.1111110002
30652  16.145  -59.386  61.310 0.1111110002
33007  12.583  -58.226  60.878 0.1111110002
31807  14.036  -59.283  61.290 0.1111110002
132563  12.351  -57.781  60.640 0.1111110002
31808  13.703  -58.817  60.882 0.1111110002
139805  22.099  -52.962  62.126 0.1111110002
33024  12.674  -56.979  59.626 0.1111110002
31829  13.219  -57.983  59.549 0.1111110002
38620  17.350  -52.574  62.851 0.1111110002
33023  13.073  -57.411  59.240 0.1111110002
129100  13.675  -57.835  58.951 0.1111110002
148354  21.913  -52.700  61.606 0.1111110002
38616  21.603  -52.821  62.787 0.1111110002
38617  20.680  -52.598  62.559 0.1111110002
38629  17.946  -52.495  62.192 0.1111110002
38626  20.266  -52.428  61.650 0.1111110002
133803  19.737  -52.529  62.458 0.1111110002
38628  18.426  -52.394  61.523 0.1111110002
146788  17.687  -52.451  61.480 0.1111110002
38625  21.280  -52.551  61.797 0.1111110002
36391  10.956  -54.501  60.446 0.1111110002
35271  10.597  -55.273  60.264 0.1111110002
133787  19.886  -52.667  64.024 0.1111110002
128471  20.178  -52.658  63.276 0.1111110002
38610  17.645  -52.568  63.781 0.1111110002
37482  21.280  -52.688  64.277 0.1111110002
38618  19.226  -52.600  63.337 0.1111110002
129865  18.827  -52.480  62.368 0.1111110002
129191  19.224  -52.637  64.196 0.1111110002
41915  38.721  -49.054  53.917 0.1111110002
42974  39.992  -48.418  53.380 0.1111110002
43001  39.478  -47.734  52.957 0.1111110002
44141  40.555  -47.191  50.830 0.1111110002
47491  47.014  -43.672  46.869 0.1111110002
44114  41.829  -47.420  51.354 0.1111110002
139184  41.304  -47.134  50.668 0.1111110002
44113  42.646  -47.347  51.413 0.1111110002
44170  42.372  -46.722  50.070 0.1111110002
44168  44.248  -46.498  49.951 0.1111110002
45249  43.619  -46.257  49.300 0.1111110002
45250  42.706  -46.364  49.395 0.1111110002
45263  43.078  -46.059  48.671 0.1111110002
45248  44.553  -46.195  49.132 0.1111110002
46327  47.572  -44.034  48.202 0.1111110002
45281  44.357  -45.326  47.836 0.1111110002
45262  43.986  -45.847  48.569 0.1111110002
46331  43.798  -45.175  47.291 0.1111110002
46332  42.902  -45.360  47.454 0.1111110002
139241  45.780  -45.489  48.390 0.1111110002
45280  45.191  -45.077  47.642 0.1111110002
45261  44.914  -45.745  48.362 0.1111110002
35266  9.381  -55.380  61.774 0.1111110002
41914  39.628  -49.028  53.898 0.1111110002
43000  40.372  -48.058  52.749 0.1111110002
43025  40.648  -47.443  51.653 0.1111110002
44140  42.101  -47.114  50.663 0.1111110002
38599  17.896  -52.570  64.868 0.1111110002
38619  18.259  -52.545  63.086 0.1111110002
133348  12.212  -58.062  61.785 0.1111110002
27119  17.444  -62.187  61.678 0.1111110002
24712  16.270  -64.661  62.317 0.1111110002
25888  16.675  -63.612  62.378 0.1111110002
29472  16.610  -60.625  61.470 0.1111110002
33002  13.388  -58.864  61.210 0.1111110002
151105  13.042  -58.871  61.283 0.1111110002
28304  17.092  -61.340  61.524 0.1111110002
30640  16.501  -59.876  61.373 0.1111110002
30641  15.709  -59.795  61.542 0.1111110002
33021  15.578  -58.378  59.326 0.1111110002
33016  13.165  -58.358  60.280 0.1111110002
31818  16.445  -58.982  60.700 0.1111110002
31819  15.452  -58.876  60.904 0.1111110002
34132  13.010  -56.616  59.128 0.1111110002
44171  41.513  -46.836  50.061 0.1111110002
45282  43.429  -45.551  48.020 0.1111110002
21193  5.729  -65.851  58.281 0.1111110002
21199  5.553  -66.248  57.630 0.1111110002
21203  5.419  -66.668  56.999 0.1111110002
21206  4.021  -66.623  55.946 0.1111110002
21213  4.449  -66.867  55.805 0.1111110002
22331  6.504  -65.646  59.173 0.1111110002
22344  6.428  -65.864  59.073 0.1111110002
22356  8.108  -66.080  57.819 0.1111110002
22365  5.476  -66.868  56.302 0.1111110002
23551  9.023  -65.944  61.262 0.1111110002
23562  7.082  -65.255  59.608 0.1111110002
23575  5.303  -64.651  58.048 0.1111110002
23582  5.359  -65.237  57.925 0.1111110002
23589  4.640  -65.161  57.226 0.1111110002
24713  15.369  -64.720  62.361 0.1111110002
24731  6.244  -63.851  59.400 0.1111110002
25904  7.042  -63.529  60.197 0.1111110002
28313  12.405  -61.365  60.747 0.2222220004
28315  7.134  -61.066  60.992 0.3333329856
28325  6.251  -62.085  59.947 0.1111110002
28334  6.331  -60.905  58.994 0.1111110002
29484  6.693  -60.733  60.699 0.1111110002
29489  6.233  -61.460  59.534 0.1111110002
30621  10.747  -58.290  64.122 0.2222220004
30623  13.856  -59.835  61.464 0.1111110002
30624  12.719  -59.175  61.246 0.2222220004
30632  11.099  -59.011  62.180 0.2222220004
30649  6.955  -59.475  61.286 0.3333329856
30654  10.123  -59.894  60.667 0.2222220004
30655  6.658  -59.488  60.871 0.3333329856
30665  6.663  -60.170  59.242 0.1111110002
30666  6.469  -60.529  59.445 0.1111110002
31796  11.220  -58.078  63.718 0.2222220004
31798  9.776  -58.027  64.697 0.2222220004
31800  14.088  -59.545  61.421 0.1111110002
31805  8.298  -57.922  62.458 0.2222220004
31809  10.594  -58.583  63.324 0.2222220004
31814  15.474  -59.223  61.387 0.1111110002
31816  7.068  -58.687  61.398 0.3333329856
32996  11.924  -58.258  61.841 0.2222220004
32999  10.094  -57.867  64.625 0.2222220004
33001  8.932  -56.959  63.192 0.2222220004
33008  11.977  -57.744  61.711 0.2222220004
33015  7.376  -58.055  61.633 0.2222220004
33031  13.443  -57.106  58.548 0.1111110002
34116  10.082  -56.998  63.862 0.2222220004
34118  8.957  -56.479  63.313 0.2222220004
34127  7.984  -57.063  61.989 0.2222220004
34130  8.619  -56.738  60.960 0.2222220004
35257  8.954  -55.765  63.681 0.2222220004
35263  8.659  -56.248  62.843 0.2222220004
35285  11.797  -55.454  57.652 0.1111110002
36366  25.217  -53.747  61.867 0.4444440007
36367  24.692  -53.638  62.025 0.2222220004
36375  26.330  -54.034  61.037 0.1111110002
36376  25.725  -54.106  61.381 0.1111110002
36377  24.885  -54.079  61.395 0.1111110002
36383  26.004  -54.281  60.705 0.1111110002
36393  26.578  -54.100  60.392 0.1111110002
37475  13.851  -52.361  64.955 0.2222220004
37479  22.989  -52.507  63.784 0.4444440007
37480  22.379  -52.654  64.256 0.3333329856
37481  21.888  -52.717  64.577 0.2222220004
37488  10.901  -53.244  64.621 0.3333329856
37495  15.059  -53.108  63.211 0.2222220004
37499  10.300  -53.282  64.131 0.3333329856
37505  23.376  -53.254  62.808 0.3333329856
37506  22.474  -53.101  62.894 0.1111110002
37531  26.808  -53.949  59.962 0.1111110002
38566  18.851  -52.080  66.884 0.2222220004
38567  18.023  -52.023  66.930 0.1111110002
38568  17.176  -52.105  66.984 0.2222220004
38569  22.319  -51.682  64.949 0.4444440007
38570  21.786  -51.638  65.355 0.4444440007
38571  21.109  -51.926  65.851 0.4444440007
38572  20.405  -52.096  66.274 0.2222220004
38580  13.598  -51.806  65.022 0.2222220004
38585  19.295  -52.505  65.637 0.2222220004
38592  13.213  -52.148  64.905 0.2222220004
38593  12.437  -52.468  64.653 0.2222220004
38607  21.063  -52.730  63.436 0.1111110002
38608  20.577  -52.697  63.928 0.1111110002
38615  25.162  -52.851  62.201 0.4444440007
38622  11.552  -52.745  62.732 0.2222220004
38663  26.462  -52.607  58.494 0.1111110002
39628  17.368  -51.627  66.851 0.1111110002
39632  21.878  -50.803  65.898 0.4444440007
39634  15.912  -52.077  66.441 0.2222220004
39635  14.966  -51.949  65.905 0.2222220004
39636  14.312  -51.774  65.397 0.2222220004
39637  13.896  -51.611  65.172 0.2222220004
39640  22.885  -51.329  65.021 0.5555559993
39641  13.681  -51.290  65.020 0.1111110002
39655  11.990  -52.396  62.935 0.2222220004
39662  14.225  -51.602  61.278 0.2222220004
39669  14.269  -51.657  60.371 0.2222220004
39685  36.286  -51.003  58.153 0.1111110002
39687  34.994  -51.103  58.038 0.1111110002
39695  36.447  -51.190  57.579 0.2222220004
39698  26.703  -51.388  57.296 0.1111110002
39703  37.309  -51.155  56.917 0.2222220004
39705  35.864  -51.269  57.022 0.2222220004
40653  21.667  -50.073  67.038 0.3333329856
40654  20.979  -50.393  66.557 0.4444440007
40655  20.228  -51.033  66.408 0.3333329856
40656  18.564  -51.550  66.652 0.2222220004
40657  17.793  -51.502  66.629 0.1111110002
40658  17.287  -51.489  66.702 0.1111110002
40659  23.963  -50.331  65.904 0.5555559993
40661  22.677  -50.579  66.227 0.3333329856
40664  16.964  -51.484  66.470 0.1111110002
40669  16.492  -51.593  65.864 0.1111110002
40671  14.427  -50.958  65.075 0.1111110002
40676  13.893  -50.918  64.955 0.2222220004
40677  25.039  -50.522  63.085 0.3333329856
40678  16.030  -50.866  62.899 0.1111110002
40700  14.902  -51.235  61.926 0.1111110002
40704  33.056  -49.665  59.965 0.1111110002
40729  33.036  -50.213  58.791 0.1111110002
40739  39.761  -50.178  57.335 0.2222220004
40740  38.265  -50.468  57.466 0.2222220004
40741  37.552  -50.678  57.603 0.2222220004
40752  44.112  -49.825  56.057 0.4444440007
40754  42.131  -50.330  56.815 0.3333329856
40755  41.175  -50.507  56.778 0.3333329856
40771  42.458  -50.468  55.997 0.3333329856
40778  35.826  -50.438  55.635 0.1111110002
41718  24.260  -49.382  66.716 0.5555559993
41719  23.572  -49.603  66.929 0.4444440007
41729  21.297  -49.693  66.063 0.3333329856
41741  17.786  -50.329  63.920 0.1111110002
41774  32.936  -48.511  60.757 0.1111110002
41782  18.681  -49.949  61.446 0.1111110002
41789  32.622  -49.132  60.476 0.1111110002
41805  31.885  -49.230  59.970 0.1111110002
41830  42.798  -49.059  55.951 0.4444440007
41843  20.866  -49.846  57.591 0.1111110002
41850  44.941  -48.959  55.642 0.5555559993
41852  43.506  -49.273  56.151 0.5555559993
41859  20.552  -49.655  56.451 0.1111110002
41884  46.762  -48.333  53.653 0.6666669846
41907  46.744  -49.071  53.801 0.5555559993
41908  46.217  -49.244  54.017 0.5555559993
42819  24.747  -48.087  66.602 0.5555559993
42821  23.968  -48.087  66.919 0.5555559993
42822  22.528  -48.610  66.972 0.3333329856
42830  21.752  -48.986  66.687 0.3333329856
42841  31.551  -47.508  62.017 0.2222220004
42843  30.704  -47.261  62.757 0.2222220004
42852  32.066  -47.810  61.507 0.2222220004
42864  33.310  -48.364  60.605 0.2222220004
42877  31.499  -48.787  60.349 0.1111110002
42901  23.092  -49.262  57.940 0.1111110002
42938  46.280  -48.839  54.631 0.5555559993
42939  44.968  -48.406  54.791 0.5555559993
42954  46.879  -47.922  53.337 0.6666669846
42968  47.923  -46.600  52.317 0.6666669846
42970  46.851  -47.960  53.318 0.6666669846
42992  47.554  -47.081  52.357 0.5555559993
42994  46.322  -48.239  52.429 0.5555559993
42995  45.422  -48.574  52.501 0.4444440007
43021  43.996  -47.910  51.890 0.2222220004
43930  26.130  -47.449  66.246 0.4444440007
43939  30.439  -46.582  63.819 0.3333329856
44006  35.029  -47.478  57.791 0.2222220004
44007  34.558  -47.417  58.566 0.1111110002
44026  36.696  -47.602  56.793 0.3333329856
44040  43.237  -47.719  55.646 0.5555559993
44065  47.442  -47.012  52.736 0.7777780294
44066  47.107  -47.046  53.191 0.6666669846
44076  48.698  -45.678  52.602 0.6666669846
44077  48.362  -46.017  52.238 0.6666669846
44090  48.903  -45.619  51.719 0.7777780294
44107  48.306  -45.986  51.648 0.6666669846
44110  46.822  -47.543  51.617 0.5555559993
44134  47.680  -46.401  50.985 0.4444440007
44135  47.056  -47.043  50.878 0.4444440007
44139  42.975  -46.974  50.785 0.1111110002
44164  47.912  -45.725  50.537 0.5555559993
45100  26.737  -46.234  66.502 0.4444440007
45107  24.408  -46.076  65.998 0.3333329856
45112  29.990  -46.262  64.442 0.4444440007
45139  33.394  -46.292  61.328 0.3333329856
45175  37.503  -46.209  57.003 0.3333329856
45212  49.024  -45.654  52.953 0.7777780294
45213  48.504  -45.643  52.980 0.7777780294
45227  50.346  -45.379  51.646 0.7777780294
45236  49.926  -44.568  51.496 0.6666669846
45237  49.359  -44.969  51.310 0.5555559993
45239  48.393  -45.325  50.451 0.3333329856
46126  30.893  -45.113  65.131 0.4444440007
46128  28.753  -45.699  65.964 0.4444440007
46134  32.062  -45.122  64.088 0.4444440007
46196  43.220  -44.332  59.055 0.6666669846
46211  43.619  -44.554  58.588 0.7777780294
46214  38.206  -45.289  58.446 0.5555559993
46216  36.251  -45.401  58.599 0.4444440007
46266  47.410  -45.675  53.967 0.7777780294
46284  50.845  -44.618  51.652 0.7777780294
46291  51.704  -44.478  51.202 0.7777780294
46315  48.526  -44.100  49.168 0.3333329856
46329  45.574  -44.477  47.250 0.2222220004
46330  44.565  -44.924  47.120 0.1111110002
46343  47.032  -43.935  47.409 0.1111110002
47214  29.739  -45.066  65.258 0.4444440007
47216  27.987  -44.890  65.754 0.4444440007
47218  32.609  -44.523  64.037 0.4444440007
47221  30.046  -44.776  64.957 0.4444440007
47231  32.926  -43.962  63.747 0.5555559993
47247  35.980  -44.025  62.452 0.6666669846
47252  30.662  -44.577  63.108 0.5555559993
47255  27.887  -44.943  62.331 0.4444440007
47265  38.390  -44.246  61.097 0.6666669846
47266  37.202  -44.191  61.837 0.6666669846
47268  35.464  -44.130  62.489 0.5555559993
47287  39.381  -44.244  60.565 0.6666669846
47288  38.930  -44.536  60.660 0.6666669846
47307  30.566  -45.209  59.255 0.1111110002
47311  27.007  -45.336  59.811 0.2222220004
47318  44.303  -44.059  58.491 0.7777780294
47325  27.146  -45.362  59.080 0.1111110002
47348  31.492  -44.452  56.514 0.1111110002
47396  42.309  -44.303  53.709 0.1111110002
47411  51.013  -44.003  51.769 0.8888890147
47412  50.881  -43.957  52.000 0.8888890147
47428  52.105  -42.824  51.126 0.8888890147
47443  51.106  -43.744  50.946 0.6666669846
47452  49.973  -43.935  49.977 0.6666669846
47463  49.654  -43.561  49.423 0.4444440007
47476  47.971  -43.646  48.098 0.2222220004
48344  35.563  -43.705  62.443 0.6666669846
48346  33.617  -43.690  62.607 0.5555559993
48358  35.694  -43.194  61.956 0.6666669846
48371  39.723  -43.983  60.434 0.6666669846
48392  37.940  -43.528  60.297 0.7777780294
48432  33.239  -43.697  57.743 0.2222220004
48439  47.773  -43.152  56.369 0.8888890147
48464  42.571  -44.302  54.937 0.2222220004
48465  42.212  -44.330  55.629 0.2222220004
48488  31.031  -43.288  54.171 0.1111110002
48517  51.728  -42.969  51.620 0.8888890147
48563  51.942  -43.094  50.951 0.7777780294
48598  51.470  -42.623  49.570 0.7777780294
48637  48.400  -42.424  46.574 0.1111110002
48638  47.712  -42.775  46.480 0.1111110002
49463  36.242  -43.324  61.573 0.6666669846
49465  34.847  -42.904  60.510 0.6666669846
49501  34.851  -43.714  57.084 0.4444440007
49511  47.462  -42.634  56.324 0.8888890147
49530  32.852  -43.638  54.778 0.2222220004
49531  32.757  -43.682  54.947 0.2222220004
49532  32.508  -43.404  54.617 0.1111110002
49543  31.974  -42.865  53.938 0.1111110002
49589  53.185  -41.169  49.972 0.8888890147
49598  33.763  -42.937  50.595 0.1111110002
49657  50.306  -41.803  47.654 0.3333329856
50472  31.956  -42.469  53.333 0.1111110002
50486  31.957  -42.233  52.860 0.1111110002
50527  54.078  -40.138  49.736 0.8888890147
50531  46.948  -41.992  49.418 0.1111110002
50542  53.940  -40.082  49.543 0.7777780294
50543  53.470  -40.779  48.756 0.7777780294
50544  53.183  -41.033  49.022 0.7777780294
50558  53.052  -40.843  48.746 0.7777780294
50559  52.406  -40.911  48.497 0.7777780294
50577  50.122  -41.449  47.013 0.1111110002
51454  52.993  -39.963  52.207 0.8888890147
51490  54.627  -39.166  49.096 0.7777780294
51491  54.214  -39.714  49.436 0.7777780294
51521  45.359  -40.821  47.337 0.1111110002
51563  49.296  -40.303  45.036 0.1111110002
52612  51.816  -39.897  53.426 0.7777780294
52680  55.590  -37.658  48.861 0.8888890147
52681  55.225  -38.158  49.258 0.8888890147
52684  49.177  -40.115  49.113 0.1111110002
52716  55.488  -38.192  48.389 0.7777780294
52732  55.018  -38.668  47.354 0.6666669846
52790  48.000  -39.281  42.912 0.1111110002
53929  55.749  -36.836  48.944 0.8888890147
53933  50.090  -39.027  49.996 0.3333329856
53961  55.835  -37.046  48.616 0.8888890147
53980  56.028  -37.415  47.969 0.7777780294
54002  47.482  -38.666  46.159 0.1111110002
54063  50.506  -37.395  44.271 0.1111110002
55104  53.607  -37.155  52.226 0.7777780294
55114  54.028  -36.911  51.769 0.7777780294
55143  56.921  -35.939  48.194 0.8888890147
55144  56.621  -36.311  48.208 0.8888890147
55160  56.348  -36.781  47.721 0.8888890147
55199  54.292  -37.045  45.690 0.5555559993
56281  53.014  -36.910  52.598 0.7777780294
56287  54.603  -35.797  51.354 0.7777780294
56325  57.464  -35.323  47.900 0.8888890147
56344  50.239  -36.161  46.970 0.1111110002
56363  54.937  -35.758  45.639 0.4444440007
56386  52.530  -35.660  44.317 0.2222220004
57271  53.941  -36.055  52.291 0.7777780294
57291  55.749  -35.000  49.953 0.8888890147
57294  53.045  -35.435  51.367 0.6666669846
57303  57.395  -35.377  48.269 0.7777780294
57304  56.969  -35.436  48.795 0.8888890147
57316  57.794  -34.950  48.091 0.7777780294
57344  57.695  -34.827  47.424 0.7777780294
57365  56.352  -35.060  46.391 0.6666669846
57414  50.667  -34.934  42.658 0.1111110002
58286  54.497  -34.438  51.553 0.8888890147
58287  54.178  -34.472  51.740 0.7777780294
58323  57.249  -34.270  48.816 0.8888890147
58342  57.973  -34.243  48.214 0.7777780294
58367  58.562  -33.767  46.880 0.7777780294
58385  57.926  -33.973  46.174 0.7777780294
58399  56.507  -34.204  45.741 0.5555559993
58411  54.155  -34.278  44.529 0.3333329856
58420  52.124  -34.474  43.441 0.2222220004
58457  60.560  -34.199  39.164 0.5555559993
58459  59.103  -34.362  38.378 0.4444440007
58472  60.585  -34.466  37.368 0.4444440007
59426  60.112  -33.114  46.594 0.7777780294
59436  59.226  -33.083  46.153 0.7777780294
59447  60.092  -32.694  45.921 0.7777780294
59484  50.386  -33.596  41.660 0.1111110002
59485  49.864  -33.902  41.520 0.1111110002
59493  60.111  -34.116  40.345 0.5555559993
59494  59.217  -33.756  40.351 0.5555559993
59518  58.378  -34.091  38.939 0.4444440007
59558  59.435  -33.347  34.836 0.2222220004
59560  58.236  -32.875  35.272 0.1111110002
60420  55.681  -32.711  50.018 0.5555559993
60432  54.514  -32.777  49.500 0.5555559993
60455  61.229  -32.657  46.224 0.7777780294
60465  62.030  -31.676  45.062 0.6666669846
60597  64.611  -33.037  36.784 0.1111110002
60640  60.908  -32.631  33.780 0.1111110002
61482  55.646  -32.247  49.714 0.5555559993
61492  56.108  -31.585  49.214 0.6666669846
61520  61.089  -31.876  46.232 0.6666669846
61524  52.650  -31.600  46.464 0.4444440007
61532  61.773  -31.866  45.723 0.6666669846
61560  61.066  -30.990  43.954 0.6666669846
61561  60.651  -31.248  43.696 0.6666669846
61608  50.246  -31.644  40.130 0.1111110002
62597  54.347  -30.811  47.458 0.5555559993
62619  60.845  -30.233  45.587 0.7777780294
62629  51.488  -30.485  44.495 0.1111110002
62638  62.081  -30.610  43.765 0.7777780294
62640  59.300  -30.550  43.099 0.4444440007
62660  54.696  -30.629  42.399 0.1111110002
62671  60.504  -29.866  42.840 0.7777780294
62676  55.129  -30.371  41.846 0.1111110002
62693  60.314  -31.037  40.799 0.7777780294
62754  57.905  -29.734  36.684 0.4444440007
62786  64.060  -30.913  34.505 0.2222220004
62791  58.999  -30.004  35.799 0.4444440007
63748  56.409  -30.056  48.272 0.5555559993
63749  56.053  -30.035  48.465 0.5555559993
63759  58.153  -29.425  47.053 0.6666669846
63779  60.594  -29.291  45.344 0.7777780294
63790  60.871  -29.199  44.541 0.7777780294
63792  52.527  -29.483  44.536 0.2222220004
63920  61.262  -29.870  35.796 0.3333329856
63981  58.712  -28.831  31.478 0.1111110002
64046  59.156  -29.017  26.199 0.1111110002
64047  58.400  -29.130  25.945 0.1111110002
64972  54.676  -28.284  45.904 0.5555559993
64978  60.823  -29.162  44.350 0.8888890147
65009  60.575  -29.288  42.648 0.7777780294
65010  60.302  -28.933  42.191 0.7777780294
65011  60.086  -28.869  41.936 0.7777780294
65967  56.556  -27.970  47.228 0.5555559993
65986  59.118  -27.323  45.593 0.7777780294
65989  57.384  -27.114  46.709 0.5555559993
66004  59.893  -27.677  44.666 0.7777780294
66019  60.329  -28.111  44.396 0.7777780294
66035  53.702  -27.631  43.577 0.4444440007
66052  59.376  -27.853  41.868 0.7777780294
66112  55.292  -26.966  37.641 0.4444440007
66134  61.940  -27.285  36.696 0.2222220004
66138  54.928  -26.980  36.271 0.6666669846
66155  55.106  -27.035  35.710 0.4444440007
66296  57.812  -27.646  20.100 0.1111110002
66339  57.857  -27.404  16.433 0.1111110002
66963  58.744  -26.517  45.600 0.7777780294
66964  58.306  -26.261  45.847 0.6666669846
66984  56.304  -26.684  45.866 0.5555559993
67011  60.003  -27.455  44.154 0.7777780294
67024  58.957  -26.543  42.810 0.7777780294
67025  55.788  -26.008  43.098 0.5555559993
67049  53.937  -26.473  40.057 0.2222220004
67071  53.937  -25.761  39.220 0.1111110002
67084  63.402  -25.774  37.373 0.1111110002
67105  59.236  -26.098  36.139 0.4444440007
67133  55.294  -26.189  34.848 0.4444440007
67962  58.527  -25.775  45.317 0.7777780294
67963  58.071  -25.856  45.649 0.7777780294
67964  57.516  -26.054  45.836 0.5555559993
67974  59.079  -25.801  44.850 0.7777780294
67975  58.719  -25.491  44.897 0.7777780294
67978  57.342  -25.636  45.209 0.5555559993
67987  59.543  -26.584  44.355 0.7777780294
67988  59.204  -25.880  44.554 0.7777780294
67998  59.301  -25.938  43.804 0.7777780294
68000  56.741  -25.039  43.790 0.6666669846
68009  58.247  -25.301  42.345 0.7777780294
68038  54.292  -24.328  39.333 0.2222220004
68061  63.049  -24.888  37.609 0.1111110002
68078  59.774  -25.298  36.524 0.3333329856
68093  56.782  -26.253  35.030 0.4444440007
69001  58.415  -25.090  44.591 0.7777780294
69003  57.798  -25.086  44.740 0.7777780294
69012  58.172  -24.632  44.260 0.7777780294
69013  57.863  -24.601  44.278 0.7777780294
69027  56.398  -24.762  43.025 0.6666669846
69037  56.465  -24.531  42.667 0.6666669846
69043  57.450  -24.579  41.561 0.6666669846
69044  56.254  -24.326  41.945 0.6666669846
69051  57.716  -24.952  41.614 0.7777780294
69084  63.853  -23.913  37.088 0.2222220004
69087  62.168  -23.893  37.560 0.1111110002
69133  55.086  -24.024  34.437 0.4444440007
69134  54.562  -23.867  34.805 0.5555559993
69948  57.972  -24.352  43.849 0.6666669846
69960  57.665  -24.402  43.403 0.7777780294
69974  57.924  -24.429  42.919 0.7777780294
69986  57.543  -24.554  42.241 0.7777780294
69988  56.586  -24.204  41.251 0.5555559993
69993  57.095  -24.312  41.054 0.6666669846
69994  56.216  -23.920  40.324 0.4444440007
70968  55.703  -21.925  35.501 0.3333329856
71864  55.317  -21.271  37.942 0.2222220004
72809  54.748  -20.213  41.142 0.3333329856
72820  58.046  -20.072  39.372 0.3333329856
72869  60.096  -20.469  36.775 0.2222220004
73738  57.483  -19.001  41.191 0.3333329856
73739  56.667  -19.034  41.366 0.3333329856
73752  56.100  -19.446  41.187 0.3333329856
73753  55.312  -19.537  41.280 0.4444440007
73755  54.159  -19.761  40.976 0.2222220004
73782  53.444  -19.757  39.535 0.2222220004
74706  56.500  -18.741  41.280 0.2222220004
74722  56.087  -18.524  41.145 0.2222220004
74752  54.165  -18.594  38.741 0.2222220004
74781  54.200  -18.834  37.428 0.1111110002
74867  65.597  -17.790  27.507 0.1111110002
75675  58.662  -17.688  40.934 0.3333329856
75676  57.645  -18.044  41.015 0.1111110002
75677  56.783  -18.263  41.052 0.3333329856
75691  59.636  -17.376  40.983 0.3333329856
75700  62.710  -16.445  38.783 0.3333329856
75710  62.919  -16.444  37.977 0.2222220004
75721  64.006  -16.702  36.587 0.2222220004
76627  61.164  -17.154  40.358 0.2222220004
76628  60.375  -17.025  40.730 0.3333329856
76640  61.692  -16.434  39.821 0.2222220004
76693  65.985  -16.630  31.966 0.1111110002
76705  66.167  -16.486  31.469 0.1111110002
76737  66.687  -16.367  28.339 0.1111110002
77639  62.746  -15.142  35.707 0.1111110002
77725  67.002  -15.966  26.789 0.1111110002
77743  67.151  -15.893  24.495 0.1111110002
77756  66.839  -15.491  22.904 0.1111110002
77771  66.192  -15.690  21.489 0.1111110002
77772  65.823  -15.815  21.251 0.1111110002
78642  63.910  -14.659  37.427 0.2222220004
78644  62.972  -14.754  37.858 0.2222220004
78650  64.337  -14.307  36.645 0.2222220004
78676  65.014  -13.455  34.181 0.2222220004
78706  66.527  -14.257  32.262 0.2222220004
78739  66.788  -13.902  30.958 0.2222220004
78741  63.640  -14.760  30.185 0.1111110002
78762  63.526  -14.742  28.552 0.1111110002
78841  66.101  -15.029  20.262 0.1111110002
78865  65.576  -14.344  18.536 0.1111110002
78880  63.964  -14.332  17.165 0.1111110002
78916  61.871  -13.671  14.668 0.1111110002
79832  67.205  -13.467  25.617 0.1111110002
79853  66.647  -13.363  23.122 0.1111110002
79866  66.750  -13.508  22.304 0.1111110002
79955  64.975  -13.266  15.850 0.1111110002
79967  63.379  -13.285  15.024 0.1111110002
80822  66.695  -12.958  30.998 0.2222220004
80823  66.322  -12.746  31.038 0.2222220004
80830  66.707  -12.606  30.204 0.2222220004
80849  67.195  -12.612  28.990 0.2222220004
80878  66.826  -12.729  26.464 0.2222220004
80952  66.814  -12.142  19.550 0.1111110002
81048  60.753  -12.618  13.957 0.1111110002
81911  66.114  -12.024  20.951 0.1111110002
81920  66.380  -11.750  20.254 0.1111110002
81994  66.039  -10.909  16.220 0.1111110002
82985  61.868  -10.581  13.827 0.1111110002
85822  59.319  -6.869  18.278 0.1111110002
85867  64.864  -6.742  14.210 0.1111110002
85868  64.212  -5.668  14.237 0.1111110002
85879  64.550  -6.566  14.087 0.1111110002
128318  46.552  -44.154  47.369 0.1111110002
129408  51.977  -34.140  47.436 0.3333329856
129414  51.757  -30.047  38.923 0.1111110002
129497  20.080  -49.871  57.876 0.1111110002
130193  33.716  -49.093  59.533 0.1111110002
131879  51.416  -42.228  49.011 0.7777780294
131989  60.066  -16.538  39.512 0.1111110002
132203  17.086  -52.496  65.332 0.2222220004
132246  54.470  -34.915  51.696 0.7777780294
132766  30.869  -45.230  58.642 0.1111110002
132929  57.761  -32.756  39.611 0.2222220004
133199  58.951  -33.268  47.400 0.7777780294
133371  23.219  -48.266  67.038 0.4444440007
133387  4.026  -66.134  56.421 0.1111110002
133727  58.266  -32.254  44.767 0.6666669846
133733  63.780  -25.065  37.449 0.1111110002
133755  55.983  -36.557  48.745 0.8888890147
133873  27.192  -48.239  58.125 0.1111110002
134268  48.038  -44.459  48.971 0.2222220004
134654  47.545  -44.491  55.439 0.8888890147
134676  55.766  -27.357  45.971 0.5555559993
134677  37.787  -44.101  61.419 0.6666669846
134979  60.686  -26.581  36.579 0.2222220004
135234  27.510  -44.993  65.975 0.4444440007
135342  57.018  -25.378  44.554 0.6666669846
135855  25.140  -49.295  65.344 0.3333329856
135891  46.128  -44.447  47.537 0.2222220004
136386  35.036  -50.315  55.471 0.1111110002
136784  50.771  -42.915  49.515 0.6666669846
137219  54.632  -32.397  43.951 0.2222220004
137637  45.480  -49.431  54.388 0.4444440007
137650  62.003  -30.103  43.954 0.8888890147
137745  52.094  -42.777  50.782 0.7777780294
137769  11.940  -58.013  62.154 0.2222220004
137964  19.433  -51.509  66.690 0.2222220004
138246  59.317  -32.017  34.101 0.1111110002
138357  60.983  -14.400  14.975 0.1111110002
138918  48.280  -40.974  44.156 0.1111110002
139302  46.598  -45.506  48.800 0.2222220004
139398  40.086  -43.705  59.717 0.5555559993
140240  58.769  -19.620  39.653 0.3333329856
141606  25.539  -46.136  66.704 0.5555559993
141628  31.109  -47.603  62.154 0.2222220004
141666  61.242  -30.011  43.854 0.8888890147
141719  54.394  -25.142  35.291 0.5555559993
142034  56.254  -31.044  43.750 0.1111110002
142184  57.514  -27.327  35.428 0.4444440007
142382  58.027  -24.286  35.563 0.4444440007
143600  15.056  -51.444  65.311 0.1111110002
143805  38.631  -49.810  57.578 0.2222220004
144151  25.084  -45.968  61.698 0.1111110002
144716  58.390  -26.632  46.041 0.7777780294
145170  11.751  -52.395  64.044 0.2222220004
145184  36.710  -50.611  58.113 0.2222220004
145240  23.525  -48.557  58.109 0.1111110002
145852  31.140  -48.118  61.370 0.1111110002
145853  5.728  -65.982  58.112 0.1111110002
146105  36.773  -45.282  58.961 0.4444440007
146227  23.578  -52.033  63.712 0.5555559993
146603  62.023  -31.501  44.467 0.7777780294
147050  16.326  -52.634  64.197 0.2222220004
147233  20.297  -52.456  65.559 0.2222220004
147622  60.120  -33.155  46.269 0.7777780294
147770  59.247  -26.325  45.223 0.7777780294
147996  54.022  -22.286  40.867 0.2222220004
148255  54.662  -37.253  50.621 0.8888890147
148300  55.881  -24.193  34.519 0.4444440007
148527  58.381  -33.883  47.886 0.7777780294
149069  33.396  -42.901  52.136 0.1111110002
149158  57.623  -23.023  35.247 0.3333329856
149172  41.177  -47.364  51.321 0.1111110002
149414  17.450  -50.254  62.644 0.1111110002
149423  59.748  -18.466  41.048 0.3333329856
149677  26.460  -45.341  62.348 0.1111110002
149725  32.388  -44.102  59.538 0.3333329856
149847  64.061  -31.181  34.119 0.2222220004
149876  31.743  -43.030  54.184 0.1111110002
150005  56.265  -36.569  48.439 0.7777780294
150341  37.005  -45.717  57.452 0.4444440007
150459  51.466  -34.533  47.243 0.2222220004
150609  33.759  -47.638  60.052 0.2222220004
150653  67.279  -13.261  26.273 0.1111110002
150716  18.884  -50.701  64.414 0.3333329856
150998  65.400  -12.265  15.702 0.1111110002
151239  51.292  -37.015  50.154 0.5555559993
151280  23.231  -48.703  61.775 0.1111110002
151417  56.522  -31.955  38.277 0.1111110002
151552  46.615  -48.011  51.934 0.5555559993
151662  48.938  -44.594  50.079 0.4444440007
151885  39.411  -45.296  59.147 0.5555559993
152288  51.540  -40.512  47.573 0.4444440007
152337  25.779  -50.001  60.306 0.1111110002
152727  36.425  -43.691  57.737 0.4444440007
152834  43.887  -50.140  56.041 0.4444440007
152915  32.540  -42.426  52.881 0.1111110002
153073  47.917  -41.999  53.548 0.7777780294
153089  36.910  -45.147  59.965 0.5555559993
153484  42.593  -50.129  56.949 0.5555559993
153508  42.400  -44.111  59.452 0.6666669846
153729  50.338  -43.570  53.302 0.8888890147
153748  57.602  -32.396  39.811 0.3333329856
153783  59.495  -13.033  13.496 0.1111110002
153955  64.251  -25.703  36.804 0.1111110002
154174  59.269  -23.583  36.260 0.3333329856
154203  22.089  -49.911  67.149 0.3333329856
154395  37.689  -44.745  54.134 0.2222220004
154733  12.989  -53.500  57.016 0.1111110002
154780  13.467  -51.733  63.493 0.2222220004
154842  56.568  -35.604  46.711 0.6666669846
155077  57.268  -31.157  44.017 0.4444440007
155087  59.526  -34.542  37.212 0.4444440007
155097  58.443  -33.860  48.238 0.7777780294
