#!ascii label  , from subject sub001 vox2ras=TkReg
4233
139823  9.216  -88.166  -12.486 0.8999999762
1947  7.219  -88.818  -13.094 0.8999999762
3639  6.669  -86.693  -12.849 0.8999999762
2477  9.604  -88.840  -12.527 0.8999999762
2478  8.733  -88.776  -12.545 0.8999999762
137014  7.937  -90.216  -12.526 0.8999999762
174  6.053  -94.088  -6.625 0.5000000000
4240  8.416  -85.698  -12.009 0.8000000119
682  6.140  -92.743  -8.697 0.6999999881
142395  6.984  -86.769  -10.685 0.8000000119
3084  10.333  -87.194  -12.312 0.8000000119
139370  10.863  -87.876  -12.464 0.8000000119
2476  10.473  -88.665  -12.555 0.8999999762
1933  7.187  -89.751  -12.858 0.8999999762
1930  9.532  -89.747  -12.564 0.8999999762
1931  8.691  -89.665  -12.506 0.8999999762
428  11.788  -93.439  -13.612 0.6999999881
154692  9.836  -93.099  -12.733 0.8000000119
1082  8.447  -91.803  -12.443 0.8999999762
84  9.644  -94.474  -14.137 0.6999999881
90  10.232  -94.555  -15.253 0.8000000119
4855  9.622  -84.595  -10.478 0.8000000119
4856  8.878  -84.810  -10.691 0.8000000119
4869  7.904  -85.371  -11.208 0.8000000119
4225  7.480  -85.655  -11.017 0.8000000119
1063  5.714  -91.636  -10.556 0.6999999881
3621  11.073  -85.648  -11.535 0.6999999881
3059  6.085  -87.724  -11.045 0.8000000119
3620  12.105  -85.983  -11.318 0.8000000119
3629  11.578  -86.242  -11.872 0.6999999881
4238  10.143  -85.721  -11.832 0.8000000119
149643  8.328  -86.898  -12.570 0.8999999762
2462  5.092  -88.527  -11.474 0.8000000119
3083  11.458  -87.009  -12.238 0.8000000119
3094  6.038  -87.295  -13.218 0.8999999762
140924  11.336  -88.582  -12.534 0.8000000119
1471  7.792  -91.216  -12.390 0.8999999762
1481  13.761  -90.653  -13.820 0.6999999881
1467  12.300  -90.191  -13.018 0.6999999881
1470  8.806  -90.659  -12.464 0.8999999762
724  10.721  -92.446  -13.115 0.8000000119
715  9.950  -92.052  -12.933 0.8999999762
92  9.164  -94.281  -15.153 0.6999999881
160  6.216  -94.371  -4.786 0.6000000238
665  5.917  -93.187  -6.657 0.8999999762
4828  11.675  -84.451  -8.349 0.8000000119
1425  6.266  -90.683  -8.044 1.0000000000
4213  11.512  -84.727  -9.243 0.8000000119
1423  9.929  -89.835  -8.150 0.5000000000
3611  11.924  -85.708  -10.604 0.6999999881
4232  10.376  -85.157  -11.435 0.8000000119
1901  6.852  -90.295  -10.110 0.8000000119
1885  10.163  -89.268  -9.027 0.5000000000
3622  6.520  -86.200  -11.752 0.8999999762
1453  6.307  -91.089  -10.333 0.8000000119
1896  13.748  -88.510  -9.628 0.6000000238
3623  5.811  -86.611  -11.984 0.8999999762
3096  5.014  -87.610  -13.125 0.8999999762
1478  15.756  -89.854  -13.409 0.6000000238
154850  5.885  -89.570  -13.484 0.8999999762
713  16.040  -91.058  -12.936 0.5000000000
1099  15.637  -90.933  -14.185 0.6000000238
427  12.712  -93.324  -13.964 0.6999999881
137085  9.845  -90.603  -12.684 0.8999999762
1472  7.078  -90.707  -12.584 0.8999999762
426  13.958  -93.162  -14.386 0.6000000238
1091  11.380  -91.696  -13.287 0.8000000119
139754  6.882  -91.693  -12.468 0.8000000119
717  7.423  -93.010  -12.117 0.8000000119
216  11.293  -93.959  -13.611 0.8000000119
143037  13.458  -93.654  -15.045 0.4000000060
81  11.221  -94.462  -13.967 0.8000000119
147977  9.659  -94.475  -14.843 0.8000000119
144240  5.645  -86.699  10.555 0.6999999881
3378  6.081  -85.931  10.676 0.6999999881
3994  7.520  -85.354  9.593 0.8000000119
3982  7.150  -84.603  9.895 0.8000000119
5989  7.602  -81.898  7.717 0.8000000119
3388  8.196  -85.908  8.828 0.8000000119
4634  7.846  -84.493  9.393 0.8000000119
4643  9.343  -84.305  8.292 0.8000000119
5971  8.807  -82.831  8.153 0.8000000119
6002  8.314  -82.368  6.522 0.8000000119
613  5.721  -92.278  -0.313 0.8999999762
2999  12.251  -86.585  -5.066 0.6000000238
1028  5.666  -91.390  -6.874 0.8999999762
4842  9.925  -84.411  -9.658 0.8999999762
135245  6.493  -89.640  -7.641 1.0000000000
1435  6.547  -91.011  -8.991 0.8000000119
3598  11.634  -85.472  -9.697 0.8000000119
3600  8.211  -86.565  -9.916 0.8000000119
137037  7.308  -89.730  -9.451 0.8000000119
3597  12.089  -86.352  -10.177 0.6999999881
4242  6.912  -85.803  -12.044 0.8000000119
3609  13.575  -87.134  -10.675 0.6999999881
2480  4.073  -88.637  -12.968 0.8000000119
1079  15.995  -90.788  -12.480 0.6000000238
144228  13.332  -88.183  -11.970 0.6999999881
2493  4.671  -88.345  -13.441 0.8000000119
135718  10.415  -89.951  -12.695 0.8999999762
1094  4.924  -91.773  -13.362 0.6999999881
718  5.887  -92.050  -12.699 0.8000000119
223  15.018  -93.223  -14.365 0.5000000000
415  14.596  -91.857  -14.055 0.5000000000
142728  14.719  -91.968  -14.162 0.6999999881
722  12.833  -92.596  -13.853 0.6999999881
723  11.712  -92.670  -13.471 0.8000000119
220  8.179  -94.046  -13.000 0.6999999881
217  10.580  -94.051  -13.375 0.8999999762
245  12.554  -93.916  -16.390 0.5000000000
88  12.219  -94.050  -15.469 0.5000000000
241  8.378  -93.861  -15.690 0.6999999881
142528  4.971  -87.103  10.669 0.6000000238
2815  5.672  -87.429  10.237 0.6999999881
2828  7.055  -87.107  9.488 0.8000000119
3390  6.888  -86.097  9.984 0.8000000119
3396  9.087  -86.016  8.077 0.8000000119
3999  9.456  -85.149  8.124 0.8000000119
5283  9.424  -83.320  8.013 0.8000000119
5972  8.008  -82.551  8.242 0.8000000119
4651  10.442  -83.945  7.110 0.8000000119
5294  10.304  -83.134  6.685 0.8000000119
145024  9.063  -82.486  6.959 0.8000000119
152304  5.689  -93.100  -4.927 0.8999999762
656  5.785  -93.066  -5.725 0.6999999881
1867  10.081  -89.665  -5.414 0.6000000238
4190  12.388  -85.176  -7.143 0.8000000119
366  6.171  -93.809  -6.889 0.8000000119
3576  12.187  -86.796  -7.702 0.6000000238
1445  6.542  -91.155  -9.750 0.8000000119
691  5.911  -92.753  -9.810 0.6999999881
4216  8.097  -85.785  -10.378 0.6999999881
3047  11.521  -86.958  -9.492 0.6999999881
4865  10.899  -84.779  -10.563 0.8000000119
154600  7.125  -89.674  -10.094 0.8999999762
3046  12.320  -87.201  -9.972 0.6999999881
4233  8.818  -85.207  -11.552 0.8000000119
2453  5.922  -88.554  -11.014 0.8000000119
130665  6.140  -90.214  -10.697 0.8000000119
3045  13.503  -87.612  -9.840 0.6999999881
2463  4.465  -88.482  -12.055 0.8000000119
1899  10.458  -89.693  -9.687 0.5000000000
3068  14.113  -87.481  -10.837 0.6999999881
1917  4.568  -89.364  -11.580 0.8000000119
708  14.499  -92.311  -11.788 0.3000000119
1909  13.341  -89.421  -9.777 0.5000000000
1949  5.210  -89.541  -13.771 0.8000000119
150233  14.063  -88.600  -12.178 0.6999999881
140904  13.163  -89.186  -12.613 0.6999999881
1927  14.368  -89.150  -12.910 0.6000000238
154995  14.727  -89.866  -13.833 0.6000000238
1469  10.699  -90.666  -12.819 0.8999999762
725  5.294  -92.563  -13.044 0.6000000238
231  14.996  -93.098  -14.847 0.4000000060
80  11.791  -94.045  -14.253 0.6000000238
436  15.741  -92.765  -15.334 0.4000000060
243  13.953  -93.456  -16.308 0.4000000060
239  13.029  -93.762  -15.586 0.4000000060
133797  10.843  -94.596  -14.824 0.8000000119
152158  10.612  -94.310  -16.315 0.8000000119
3403  9.735  -86.198  7.401 0.8000000119
2311  11.074  -88.711  3.371 0.5000000000
140722  11.155  -88.542  1.838 0.5000000000
2898  11.258  -87.789  3.359 0.5000000000
5986  9.711  -82.696  6.863 0.8000000119
1810  10.508  -89.273  -0.260 0.5000000000
2924  11.353  -87.617  1.923 0.5000000000
5319  9.494  -83.276  5.283 0.8000000119
2346  10.954  -88.454  0.206 0.5000000000
2941  11.226  -87.678  0.639 0.5000000000
1823  10.012  -89.779  -1.375 0.5000000000
1822  10.452  -89.008  -1.099 0.5000000000
2355  10.870  -88.313  -0.649 0.5000000000
644  5.522  -92.322  -5.044 0.8999999762
2387  10.635  -88.630  -4.137 0.5000000000
3013  12.618  -87.032  -6.463 0.6000000238
4811  11.489  -84.329  -7.665 0.8000000119
4829  10.965  -84.094  -8.364 0.8999999762
2419  6.394  -88.897  -7.030 1.0000000000
3599  8.707  -86.554  -9.126 0.8999999762
3035  8.375  -87.361  -9.442 0.8999999762
143392  8.122  -88.040  -9.625 0.8999999762
1455  5.096  -91.128  -11.108 0.6999999881
1444  9.645  -91.124  -9.379 0.5000000000
1460  4.444  -90.503  -11.585 0.6999999881
1935  3.498  -89.561  -13.103 0.8000000119
1060  13.092  -91.594  -10.990 0.4000000060
3054  14.522  -87.841  -10.423 0.6999999881
154172  14.812  -88.144  -10.966 0.6000000238
1448  15.314  -89.782  -11.125 0.5000000000
1459  15.559  -90.442  -11.942 0.5000000000
1907  15.084  -89.123  -10.338 0.5000000000
153469  13.777  -89.455  -13.146 0.6999999881
1925  15.707  -89.696  -12.738 0.6000000238
238  13.984  -93.565  -15.506 0.4000000060
721  14.070  -92.266  -14.147 0.6999999881
140839  12.778  -93.589  -17.924 0.5000000000
2209  1.141  -88.578  12.347 0.4000000060
133931  2.052  -89.677  10.731 0.4000000060
2202  0.728  -87.889  12.596 0.4000000060
2841  7.825  -86.909  8.877 0.6000000238
2274  9.821  -88.081  6.766 0.4000000060
2283  11.087  -88.203  4.891 0.6000000238
2872  11.207  -87.130  5.149 0.6000000238
147  6.283  -94.414  -2.530 0.8000000119
1356  10.161  -90.873  0.918 0.4000000060
159  6.150  -94.672  -3.935 0.6000000238
1381  9.241  -90.486  -2.610 0.4000000060
136478  9.596  -90.043  -4.773 0.4000000060
2398  10.717  -88.859  -5.013 0.6000000238
1017  5.550  -92.069  -6.166 0.8999999762
3014  12.340  -87.784  -6.022 0.6000000238
139028  12.568  -87.081  -5.670 0.6000000238
1409  5.561  -90.884  -6.131 0.8999999762
3024  12.083  -87.765  -6.951 0.6000000238
4192  9.768  -85.111  -7.497 0.8999999762
1874  5.914  -89.433  -6.677 1.0000000000
4204  9.032  -85.955  -8.391 0.8999999762
144585  8.319  -87.684  -7.976 0.8999999762
3036  8.443  -88.081  -8.947 0.8999999762
3025  8.648  -87.101  -7.375 0.8999999762
2494  3.828  -89.254  -13.960 0.8000000119
132156  12.485  -90.953  -10.400 0.5000000000
1450  13.552  -90.333  -10.237 0.5000000000
409  13.914  -93.157  -11.640 0.3000000119
146631  12.318  -92.453  -11.126 0.4000000060
441  14.636  -92.537  -16.605 0.4000000060
270  13.004  -93.065  -19.695 0.6000000238
782  13.664  -92.011  -23.049 0.6000000238
2047  16.460  -88.965  -27.072 0.4000000060
2595  16.752  -88.279  -27.549 0.5000000000
1698  1.473  -89.460  11.522 0.3000000119
5285  7.486  -83.146  8.912 0.8000000119
1772  10.810  -89.891  4.398 0.4000000060
138415  10.919  -89.252  5.066 0.4000000060
2863  10.480  -87.205  6.393 0.6999999881
1789  10.860  -89.270  2.539 0.5000000000
5270  7.383  -83.904  9.551 0.8000000119
27  5.704  -94.849  -1.074 0.6000000238
129464  10.488  -90.072  2.003 0.4000000060
37  6.064  -94.853  -1.578 0.6999999881
329  6.030  -94.112  -0.207 0.8000000119
1334  10.301  -90.945  2.220 0.4000000060
335  6.203  -93.982  -1.088 0.8000000119
330  5.864  -93.708  0.580 0.8000000119
340  5.771  -93.205  -1.458 0.8000000119
1358  6.190  -90.829  0.508 1.0000000000
1811  10.135  -90.085  -0.524 0.5000000000
997  5.296  -91.893  -3.308 0.8999999762
142368  5.294  -92.002  -2.503 0.8999999762
131202  5.426  -92.823  -2.921 0.8999999762
973  9.334  -91.418  -0.718 0.4000000060
349  5.996  -93.547  -3.605 0.8000000119
139055  10.452  -88.459  -3.329 0.5000000000
129477  5.431  -91.627  -4.247 1.0000000000
138  9.740  -94.658  -0.495 0.4000000060
1402  5.532  -90.512  -4.363 1.0000000000
4184  12.315  -85.485  -6.233 0.6000000238
4191  10.494  -84.754  -7.198 0.8999999762
1869  5.585  -90.274  -5.385 0.8999999762
4185  11.635  -85.016  -6.227 0.8000000119
3578  9.060  -86.377  -7.620 0.8999999762
3002  7.549  -87.685  -5.439 0.8999999762
2411  6.316  -88.751  -6.242 1.0000000000
148427  8.103  -87.564  -7.129 0.8999999762
2410  6.909  -88.345  -6.775 0.8999999762
410  12.923  -93.528  -11.244 0.3000000119
411  12.102  -93.241  -11.041 0.4000000060
697  11.953  -91.720  -10.706 0.4000000060
154020  12.629  -94.111  -10.304 0.3000000119
198  12.074  -94.112  -9.658 0.3000000119
797  14.562  -90.424  -23.594 0.4000000060
448  14.557  -92.951  -18.851 0.4000000060
461  14.790  -93.241  -20.096 0.5000000000
478  14.067  -92.471  -22.088 0.6000000238
143874  13.722  -93.034  -21.286 0.6000000238
1576  16.603  -89.802  -25.706 0.4000000060
2037  16.906  -89.171  -26.333 0.4000000060
2604  16.316  -88.023  -28.353 0.5000000000
3357  2.481  -87.196  13.514 0.3000000119
138820  2.417  -90.296  10.839 0.3000000119
2200  1.827  -88.639  12.590 0.3000000119
1692  1.056  -88.895  11.845 0.4000000060
2219  0.510  -88.402  11.730 0.4000000060
2829  6.373  -87.739  9.791 0.6000000238
140367  3.165  -88.133  10.562 0.4000000060
2817  3.203  -87.185  10.799 0.6000000238
3380  4.212  -86.556  10.983 0.6999999881
148436  5.217  -91.148  4.661 1.0000000000
580  5.061  -92.078  4.004 0.8999999762
2273  10.420  -88.122  6.192 0.4000000060
153815  8.958  -86.728  8.044 0.8000000119
4635  6.783  -84.153  9.891 0.8000000119
2285  6.167  -88.321  4.951 0.8999999762
125  5.215  -94.194  1.342 0.8000000119
3404  9.297  -86.826  7.674 0.8000000119
4677  6.703  -84.664  5.858 0.8000000119
929  5.446  -91.509  4.118 1.0000000000
1325  10.638  -90.529  3.693 0.3000000119
6003  7.271  -81.834  6.142 0.8000000119
1774  5.763  -89.989  4.566 1.0000000000
129103  5.620  -93.256  1.363 1.0000000000
3419  10.882  -86.274  6.176 0.6999999881
135735  10.515  -84.837  7.052 0.8000000119
5320  7.930  -83.563  5.718 0.8000000119
5321  7.057  -83.055  5.687 0.8000000119
2874  6.253  -87.368  5.323 0.8999999762
152562  5.846  -90.735  3.049 1.0000000000
130082  5.850  -92.337  1.099 1.0000000000
1799  10.775  -89.330  1.559 0.5000000000
4020  10.777  -85.447  6.551 0.8000000119
6015  8.822  -82.740  5.781 0.8000000119
3443  6.970  -86.914  4.972 0.8999999762
2298  6.770  -88.768  4.251 0.8999999762
2885  11.329  -87.293  4.194 0.6000000238
5318  10.138  -83.267  5.266 0.8000000119
963  6.037  -91.548  0.815 1.0000000000
603  9.697  -92.557  0.757 0.4000000060
2910  11.390  -87.305  2.627 0.6000000238
4034  11.477  -85.093  5.389 0.8000000119
5317  10.699  -83.472  5.537 0.8000000119
4675  8.214  -84.455  5.430 0.8000000119
154034  11.448  -86.540  2.616 0.6999999881
4694  9.084  -84.225  4.916 0.8000000119
975  5.614  -91.773  -0.901 0.8999999762
2977  10.750  -87.198  -2.398 0.5000000000
989  5.351  -91.109  -2.638 1.0000000000
1375  5.635  -90.772  -1.826 1.0000000000
1374  9.052  -91.133  -2.050 0.4000000060
2375  10.540  -87.870  -2.178 0.5000000000
1835  6.369  -89.283  -2.086 0.8999999762
2990  11.728  -87.134  -4.260 0.5000000000
988  8.242  -92.098  -2.617 0.4000000060
1393  8.580  -91.244  -3.699 0.4000000060
1392  9.112  -90.594  -3.462 0.4000000060
4177  11.921  -85.524  -5.496 0.6000000238
132567  6.005  -88.833  -3.968 0.8999999762
1859  5.946  -89.062  -4.744 0.8999999762
144906  11.182  -85.387  -5.621 0.8000000119
4187  9.941  -85.534  -6.615 0.8000000119
3551  8.037  -87.132  -4.836 0.8999999762
2400  6.374  -88.612  -5.355 0.8999999762
148244  9.334  -86.141  -6.475 0.8999999762
3015  8.437  -87.188  -6.562 0.8999999762
3569  9.015  -86.617  -6.848 0.8999999762
379  12.373  -93.436  -8.206 0.3000000119
371  12.267  -93.401  -7.282 0.3000000119
146846  17.032  -89.638  -21.610 0.6000000238
141433  16.290  -93.070  -19.245 0.4000000060
1575  17.437  -89.403  -25.695 0.4000000060
469  16.010  -92.390  -21.239 0.6000000238
460  15.658  -93.079  -20.543 0.6000000238
1162  16.151  -91.037  -24.058 0.5000000000
470  15.293  -92.619  -21.340 0.6000000238
2036  17.683  -88.932  -26.465 0.5000000000
1567  17.196  -90.177  -25.016 0.4000000060
2602  18.068  -88.002  -28.059 0.6000000238
130340  17.390  -88.210  -27.525 0.6000000238
3188  17.462  -87.260  -28.595 0.6000000238
2612  16.802  -87.174  -28.452 0.6000000238
3208  16.402  -87.222  -29.692 0.6000000238
3215  15.086  -87.023  -30.829 0.5000000000
4383  16.531  -85.864  -31.959 0.6000000238
4396  15.764  -85.303  -32.407 0.5000000000
1708  3.877  -89.625  10.212 0.3000000119
2807  0.209  -87.729  11.750 0.4000000060
140674  3.723  -93.829  3.361 0.6000000238
140023  3.927  -85.661  11.047 0.6999999881
140877  5.256  -84.799  10.846 0.6999999881
314  4.781  -93.184  2.838 0.8999999762
324  5.183  -93.872  1.851 0.8000000119
2286  5.421  -88.781  5.473 1.0000000000
149521  4.903  -94.477  1.401 0.6000000238
143613  5.490  -93.904  1.328 0.8000000119
592  5.050  -92.815  2.806 0.8999999762
947  5.552  -92.226  2.612 1.0000000000
3430  7.278  -86.117  5.542 0.8000000119
1335  6.142  -90.010  3.376 1.0000000000
955  5.860  -91.805  1.697 1.0000000000
3429  11.309  -86.154  5.412 0.6999999881
4676  7.471  -84.657  5.700 0.8000000119
140287  6.786  -89.258  3.557 0.8999999762
3442  7.663  -86.484  4.759 0.8000000119
131778  6.128  -90.260  2.208 1.0000000000
1346  10.101  -91.468  1.568 0.4000000060
1355  10.438  -90.065  1.190 0.4000000060
4064  11.532  -85.288  3.666 0.8000000119
4053  8.333  -85.157  5.019 0.8000000119
2886  7.378  -87.236  4.270 0.8999999762
2312  7.125  -88.649  3.592 0.8999999762
1365  6.195  -90.657  -0.338 1.0000000000
328  9.885  -93.308  0.648 0.4000000060
1373  9.682  -90.631  -0.975 0.4000000060
151781  11.195  -85.792  1.799 0.8000000119
4693  9.705  -84.289  4.077 0.8000000119
1813  6.192  -90.385  -1.171 0.8999999762
612  8.938  -92.712  -1.018 0.4000000060
4711  9.776  -84.817  2.676 0.8000000119
618  8.594  -92.610  -1.965 0.4000000060
2366  6.895  -88.746  -1.501 0.8999999762
133032  6.106  -88.896  -2.749 0.8999999762
1836  5.845  -89.639  -2.641 1.0000000000
4163  11.387  -86.040  -4.255 0.6999999881
2987  7.043  -87.588  -3.513 0.8999999762
2388  6.465  -88.442  -4.540 0.8999999762
133789  10.379  -85.669  -5.753 0.8999999762
135759  7.408  -87.596  -4.753 0.8999999762
3558  9.583  -86.055  -5.818 0.8999999762
153142  8.574  -86.760  -5.246 0.8999999762
135540  18.975  -92.112  -18.569 0.4000000060
752  17.374  -92.592  -18.634 0.4000000060
771  15.684  -90.912  -20.953 0.6999999881
452  16.249  -93.159  -19.972 0.6000000238
788  15.567  -90.026  -22.801 0.6000000238
145689  16.726  -90.991  -23.826 0.6000000238
2594  19.452  -87.594  -27.196 0.4000000060
3186  19.743  -87.116  -27.817 0.5000000000
2601  18.984  -87.601  -27.990 0.4000000060
146674  17.960  -87.265  -28.983 0.6000000238
3768  17.651  -86.619  -30.311 0.6000000238
3769  16.894  -86.855  -30.442 0.6000000238
14471  3.479  -74.453  -26.514 0.6999999881
139634  3.120  -74.194  -27.074 0.6000000238
4381  18.844  -85.231  -31.210 0.6000000238
3778  17.391  -86.269  -31.041 0.6000000238
4406  15.321  -84.831  -33.029 0.6999999881
5052  17.710  -83.413  -33.011 0.6000000238
4407  14.274  -84.882  -33.108 0.5000000000
5056  13.622  -84.406  -33.370 0.5000000000
3383  1.108  -86.518  10.846 0.5000000000
3381  3.120  -86.245  10.927 0.6000000238
2227  4.940  -88.061  10.258 0.5000000000
3986  3.755  -84.988  10.936 0.6999999881
5256  5.100  -84.201  10.160 0.6999999881
143774  6.583  -83.511  9.441 0.8000000119
5973  6.680  -82.850  8.811 0.8000000119
6737  6.735  -81.720  7.850 0.8000000119
1764  5.365  -89.706  5.212 1.0000000000
5322  6.409  -83.770  5.702 0.8000000119
1326  5.813  -90.822  3.810 1.0000000000
1800  6.619  -89.532  1.569 0.8999999762
146310  7.880  -85.848  5.156 0.8000000119
137699  11.550  -84.765  4.510 0.8000000119
3441  8.287  -85.878  4.357 0.8000000119
147675  7.323  -88.514  2.563 0.8999999762
2953  11.271  -86.861  0.380 0.6000000238
4066  8.726  -85.442  3.463 0.8000000119
2899  7.965  -86.714  3.052 0.8000000119
1812  6.627  -89.845  -0.388 0.8999999762
333  9.647  -93.959  -0.079 0.3000000119
2954  11.077  -86.778  -0.924 0.5000000000
4097  11.024  -85.796  1.371 0.8000000119
4710  10.648  -84.828  2.725 0.8000000119
137101  6.896  -89.128  -0.751 0.8999999762
334  9.144  -93.440  -0.688 0.4000000060
2985  11.198  -87.177  -3.522 0.5000000000
4081  11.025  -85.423  2.176 0.8000000119
3486  9.130  -85.961  0.971 0.8000000119
2365  7.233  -87.955  -1.348 0.8999999762
343  8.536  -93.596  -2.242 0.4000000060
4151  10.695  -85.951  -3.546 0.6999999881
4164  10.742  -85.812  -4.397 0.6000000238
3526  7.793  -86.737  -2.333 0.8999999762
2991  7.523  -87.237  -4.130 0.8999999762
133734  9.962  -85.939  -4.916 0.8999999762
3549  9.253  -86.062  -4.349 0.8999999762
134108  8.136  -86.613  -4.051 0.8999999762
777  16.555  -90.596  -21.274 0.6000000238
152906  17.866  -91.870  -21.172 0.5000000000
445  17.685  -92.823  -19.338 0.5000000000
151304  16.281  -90.456  -22.697 0.6000000238
2029  18.753  -89.297  -25.380 0.5000000000
1161  17.039  -90.692  -23.659 0.4000000060
1561  17.677  -90.436  -24.314 0.4000000060
1562  16.695  -90.498  -23.795 0.4000000060
2035  18.242  -89.138  -25.860 0.5000000000
3195  19.683  -86.306  -27.802 0.5000000000
132368  18.670  -88.072  -27.265 0.4000000060
12184  1.975  -75.866  -26.838 0.5000000000
3765  19.500  -85.014  -28.718 0.6000000238
3758  18.917  -86.511  -29.542 0.5000000000
4380  18.544  -84.294  -29.799 0.6000000238
5044  18.973  -83.761  -31.815 0.6000000238
5054  16.041  -84.061  -33.228 0.6999999881
148359  16.674  -85.017  -32.388 0.6999999881
5055  15.078  -84.137  -33.298 0.6000000238
135246  14.846  -82.985  -34.098 0.5000000000
5063  13.200  -84.060  -34.014 0.5000000000
6430  12.511  -82.568  -34.093 0.6000000238
574  4.176  -92.238  4.997 0.8999999762
4622  3.448  -84.474  10.513 0.6999999881
307  4.025  -92.829  4.138 0.8999999762
930  4.851  -91.771  4.668 1.0000000000
5974  5.338  -82.268  8.466 0.8000000119
4678  5.822  -84.461  5.806 0.8999999762
2875  5.438  -87.268  5.839 1.0000000000
6749  6.272  -81.541  7.032 0.8000000119
3455  7.900  -86.690  3.949 0.8999999762
4692  10.692  -84.094  4.037 0.8000000119
134688  7.533  -88.148  2.217 0.8999999762
4699  11.326  -84.575  3.848 0.8000000119
3470  8.585  -85.919  2.547 0.8000000119
2348  6.978  -88.911  0.994 0.8999999762
2322  7.109  -88.823  2.020 0.8999999762
3487  8.529  -86.365  1.665 0.8000000119
2926  7.850  -87.444  1.678 0.8999999762
133392  10.694  -86.143  -0.799 0.6999999881
3524  10.672  -86.565  -2.330 0.6000000238
4110  10.104  -85.607  0.748 0.8000000119
138111  7.526  -87.678  -0.020 0.8999999762
2347  7.291  -88.293  0.420 0.8999999762
128741  10.341  -86.066  -1.999 0.6999999881
2967  7.465  -87.347  -1.788 0.8999999762
3525  9.101  -85.802  -2.664 0.8999999762
148286  8.262  -86.266  -2.744 0.8999999762
142494  2.591  -85.832  -22.288 0.6000000238
4327  3.875  -87.153  -20.959 0.6999999881
3161  3.804  -88.135  -21.220 0.5000000000
3162  2.554  -87.555  -21.892 0.5000000000
4996  2.064  -84.928  -22.731 0.6000000238
3729  4.946  -87.306  -21.534 0.6000000238
5656  2.654  -83.315  -23.481 0.6000000238
6364  2.672  -82.664  -23.965 0.6000000238
1160  17.852  -90.349  -23.694 0.6000000238
770  16.610  -90.958  -20.558 0.6000000238
6374  2.278  -82.070  -24.488 0.6000000238
8052  1.982  -79.986  -25.492 0.6000000238
8998  1.789  -79.168  -25.725 0.6000000238
3181  20.181  -87.136  -27.107 0.5000000000
9973  2.545  -78.076  -26.291 0.6999999881
13321  2.150  -75.045  -26.800 0.5000000000
4372  19.377  -84.196  -28.916 0.4000000060
9057  11.713  -79.366  -30.806 0.5000000000
8108  10.408  -80.177  -30.378 0.6000000238
5043  18.428  -82.379  -29.503 0.5000000000
4379  18.784  -83.722  -29.180 0.6000000238
5051  18.079  -83.498  -32.274 0.5000000000
8099  9.164  -80.748  -29.849 0.6999999881
5715  17.407  -82.707  -30.674 0.5000000000
144639  19.058  -84.114  -31.535 0.6000000238
5730  16.824  -82.570  -33.876 0.5000000000
9068  10.921  -78.775  -31.447 0.5000000000
8109  9.257  -80.027  -30.385 0.6999999881
9060  8.869  -79.375  -31.192 0.6999999881
6427  15.335  -82.198  -34.190 0.5000000000
9079  8.159  -79.777  -32.881 0.6999999881
6428  14.150  -82.432  -34.197 0.5000000000
5732  14.052  -83.459  -34.020 0.6000000238
142700  12.369  -81.789  -34.101 0.6999999881
3350  1.396  -86.347  14.595 0.3000000119
128352  0.563  -84.699  14.296 0.3000000119
136121  4.642  -91.089  5.268 0.8999999762
1307  4.712  -90.248  5.568 1.0000000000
308  3.407  -93.104  4.561 0.8000000119
6739  4.920  -81.748  7.830 0.8000000119
4037  5.711  -85.913  6.111 0.8999999762
2287  4.631  -88.706  5.984 1.0000000000
6017  6.062  -82.214  5.649 0.8000000119
4038  5.201  -85.229  6.046 0.8999999762
2942  7.713  -87.589  0.761 0.8999999762
4098  10.559  -85.524  1.399 0.8000000119
3498  8.719  -86.286  0.226 0.8000000119
141708  10.293  -85.821  -0.678 0.8000000119
3517  7.991  -86.633  -1.499 0.8999999762
4146  9.917  -85.767  -2.105 0.8000000119
4137  9.203  -85.787  -1.736 0.8000000119
150333  8.609  -86.108  -1.378 0.8999999762
4987  3.158  -85.980  -21.760 0.6000000238
4977  3.500  -85.967  -20.725 0.5000000000
137760  3.867  -87.369  -21.541 0.6000000238
6352  3.041  -82.915  -23.196 0.6000000238
3736  4.222  -86.446  -23.861 0.5000000000
148620  2.954  -81.594  -24.368 0.6999999881
8078  12.641  -81.223  -27.070 0.6000000238
8031  2.688  -80.212  -25.345 0.6000000238
8087  12.692  -81.100  -28.646 0.5000000000
7183  11.779  -81.297  -28.472 0.6000000238
7179  10.524  -81.590  -27.774 0.6000000238
5016  3.255  -84.110  -26.685 0.6000000238
9958  2.845  -78.808  -25.902 0.6000000238
5694  4.628  -82.968  -28.498 0.5000000000
8097  11.744  -80.785  -29.763 0.5000000000
7185  10.450  -81.431  -28.725 0.6999999881
7187  8.917  -81.803  -28.797 0.6999999881
6400  5.008  -82.413  -28.580 0.6000000238
12183  2.665  -76.330  -26.796 0.6999999881
14482  3.043  -75.036  -26.936 0.6999999881
8098  10.002  -80.701  -29.848 0.6999999881
7195  7.492  -81.050  -29.736 0.6999999881
143455  6.725  -81.425  -29.642 0.6000000238
7202  5.752  -82.052  -29.966 0.6000000238
147221  5.093  -82.872  -29.783 0.5000000000
143562  4.704  -83.341  -28.790 0.4000000060
5721  17.104  -82.707  -33.265 0.5000000000
8100  8.190  -80.363  -30.210 0.6999999881
8111  7.287  -80.544  -30.542 0.6000000238
7201  6.401  -81.576  -30.539 0.6000000238
6406  5.614  -82.528  -30.176 0.5000000000
9067  11.648  -78.234  -31.493 0.5000000000
140035  9.439  -78.945  -31.707 0.6999999881
8120  7.601  -80.022  -31.686 0.6000000238
6417  16.941  -81.186  -30.360 0.5000000000
6425  16.201  -81.271  -31.603 0.5000000000
153483  9.821  -78.639  -33.045 0.6000000238
7210  7.023  -81.598  -31.414 0.4000000060
5710  6.171  -83.272  -30.723 0.5000000000
7226  13.066  -81.171  -34.213 0.6000000238
8142  9.871  -79.679  -34.090 0.8000000119
7216  8.852  -81.180  -32.772 0.5000000000
7228  10.875  -81.115  -33.680 0.6999999881
144886  9.516  -80.830  -33.159 0.6000000238
7215  9.583  -81.503  -32.686 0.5000000000
3335  1.818  -85.997  15.729 0.3000000119
3358  0.735  -86.816  13.450 0.3000000119
3952  0.827  -85.508  14.925 0.3000000119
3324  1.230  -85.561  15.974 0.3000000119
5248  0.259  -83.276  11.770 0.5000000000
2275  4.196  -88.184  6.474 1.0000000000
1295  4.050  -89.935  6.093 0.8999999762
575  3.275  -92.348  5.694 0.8999999762
2955  7.970  -86.977  0.094 0.8000000119
4122  9.781  -85.715  -0.520 0.8000000119
152113  9.127  -85.944  -0.347 0.8000000119
3720  4.497  -87.150  -20.462 0.5000000000
4978  3.288  -84.811  -20.373 0.5000000000
5636  3.138  -83.987  -22.055 0.6000000238
4332  5.348  -86.676  -22.407 0.5000000000
129388  3.016  -83.274  -21.185 0.6000000238
5645  2.877  -83.677  -22.891 0.6000000238
5002  4.841  -85.018  -23.832 0.6000000238
3737  4.435  -86.694  -23.541 0.5000000000
5010  2.708  -84.706  -25.726 0.4000000060
4344  3.243  -85.333  -25.004 0.5000000000
4347  3.714  -85.841  -24.722 0.5000000000
8030  3.091  -80.814  -25.031 0.6000000238
6382  9.350  -82.407  -27.013 0.6999999881
5676  3.864  -83.824  -25.611 0.6000000238
19008  3.103  -70.227  -27.381 0.6000000238
7178  11.384  -81.381  -27.687 0.6000000238
144032  10.216  -81.906  -26.906 0.6000000238
6384  8.016  -83.151  -27.174 0.6999999881
6390  7.613  -82.881  -27.840 0.6999999881
5684  3.935  -83.484  -26.395 0.6000000238
139377  2.832  -84.756  -26.295 0.6000000238
11017  3.379  -77.899  -25.400 0.6999999881
7186  9.753  -81.724  -28.352 0.6999999881
6391  6.552  -82.867  -27.909 0.6000000238
6385  4.524  -83.176  -27.245 0.6000000238
5692  3.856  -83.720  -27.358 0.6000000238
7192  10.465  -81.150  -29.394 0.6999999881
6397  8.105  -82.277  -28.443 0.6999999881
6398  6.959  -82.436  -28.593 0.6000000238
132645  3.613  -76.502  -26.098 0.6999999881
15665  2.958  -73.222  -27.144 0.6000000238
16817  2.302  -72.255  -26.678 0.4000000060
18994  2.424  -70.302  -26.917 0.4000000060
8107  11.344  -80.230  -30.380 0.5000000000
7194  8.609  -81.191  -29.484 0.6999999881
7188  7.275  -81.791  -29.147 0.6000000238
7189  6.273  -81.819  -29.170 0.6000000238
6403  4.862  -82.489  -28.959 0.5000000000
131317  3.563  -75.458  -26.128 0.6999999881
9059  9.814  -79.259  -30.776 0.6000000238
141529  16.169  -81.567  -33.345 0.5000000000
10035  13.794  -78.698  -33.773 0.6000000238
10037  12.616  -78.227  -33.409 0.6000000238
10028  12.254  -77.956  -32.985 0.6000000238
127527  15.404  -80.674  -34.109 0.5000000000
128034  14.600  -80.531  -34.319 0.6000000238
140567  11.744  -78.736  -33.389 0.6000000238
7206  6.405  -81.914  -30.988 0.5000000000
7230  13.762  -80.482  -34.350 0.6000000238
9098  11.851  -79.472  -33.785 0.6000000238
10049  11.014  -78.888  -33.880 0.6000000238
133868  9.269  -79.532  -33.702 0.6999999881
7209  7.662  -81.174  -32.035 0.5000000000
141870  7.855  -82.279  -31.677 0.5000000000
7225  13.930  -81.349  -34.302 0.4000000060
133975  12.277  -80.878  -34.085 0.6999999881
6433  10.394  -81.386  -32.829 0.5000000000
3896  1.239  -84.691  17.717 0.3000000119
3961  0.686  -85.842  14.004 0.3000000119
4596  0.320  -84.088  13.205 0.3000000119
5199  1.027  -83.891  15.564 0.3000000119
4610  0.476  -84.170  11.494 0.5000000000
5260  0.994  -83.362  10.715 0.5000000000
5950  0.162  -82.516  11.600 0.5000000000
5955  1.470  -82.611  10.122 0.6999999881
5962  4.018  -82.962  8.964 0.6999999881
299  2.960  -92.901  5.400 0.8000000119
2276  3.281  -88.519  7.121 0.8999999762
568  2.401  -92.081  6.609 0.8999999762
4310  5.177  -85.573  -19.610 0.6000000238
4331  5.696  -85.836  -21.960 0.6000000238
3723  5.234  -87.438  -21.084 0.5000000000
133189  2.862  -82.281  -20.886 0.6000000238
7130  3.096  -81.596  -22.680 0.6999999881
6372  9.714  -82.455  -25.115 0.5000000000
6373  8.932  -83.173  -24.898 0.6000000238
5001  5.319  -84.531  -23.740 0.6000000238
3732  4.972  -86.827  -23.069 0.6000000238
5672  8.709  -83.213  -25.892 0.6999999881
136085  6.513  -84.000  -25.420 0.6999999881
5667  4.655  -83.916  -25.079 0.6000000238
7143  3.157  -81.264  -23.636 0.6999999881
6383  8.633  -82.979  -26.723 0.6999999881
154141  6.545  -83.796  -26.067 0.6000000238
5674  5.760  -83.721  -25.918 0.6000000238
8971  3.049  -79.775  -24.113 0.6999999881
8983  3.393  -79.309  -24.938 0.6999999881
21165  5.795  -69.016  -25.863 0.6000000238
5688  7.262  -83.302  -27.217 0.6999999881
9937  2.926  -78.893  -24.128 0.6999999881
5690  5.393  -83.235  -27.105 0.6000000238
18993  2.862  -69.902  -26.436 0.4000000060
7193  9.642  -81.300  -29.236 0.6999999881
16830  3.729  -72.442  -27.406 0.6000000238
10033  16.076  -78.483  -33.141 0.5000000000
128463  11.898  -77.898  -32.324 0.6000000238
10021  11.084  -78.388  -32.321 0.6000000238
10034  15.133  -78.189  -33.325 0.6000000238
10022  10.150  -78.657  -32.228 0.6000000238
8123  7.727  -80.241  -32.263 0.6999999881
127526  14.488  -79.505  -33.808 0.6000000238
135670  10.540  -78.507  -33.718 0.6000000238
9071  8.011  -79.625  -32.363 0.6000000238
14460  3.651  -74.633  -25.453 0.6000000238
8138  14.213  -79.871  -34.316 0.6000000238
131713  13.570  -79.875  -34.207 0.6000000238
9100  9.768  -78.870  -34.009 0.6999999881
127525  15.988  -79.894  -31.826 0.5000000000
131826  12.300  -80.171  -34.044 0.6000000238
8140  11.480  -80.328  -34.028 0.6999999881
137383  10.900  -80.759  -34.007 0.6000000238
4603  0.338  -84.118  12.145 0.4000000060
5239  0.276  -83.201  12.556 0.3000000119
132113  0.786  -84.612  15.333 0.3000000119
132264  0.618  -83.740  14.066 0.3000000119
131217  1.020  -82.684  14.031 0.3000000119
136688  0.822  -81.783  10.393 0.6999999881
5956  0.451  -82.383  10.940 0.6000000238
5963  2.353  -82.199  9.444 0.6999999881
6742  2.793  -81.051  8.543 0.6999999881
151927  1.422  -80.921  9.604 0.6999999881
1308  3.777  -90.757  6.029 0.8999999762
6019  4.345  -82.336  5.321 0.8000000119
152532  2.011  -92.498  6.671 0.6000000238
129853  4.014  -86.833  6.936 1.0000000000
1756  2.705  -89.446  7.284 0.8999999762
1296  2.541  -91.087  6.847 0.8999999762
141919  5.561  -85.861  -20.177 0.6999999881
4948  3.668  -84.668  -18.913 0.6999999881
4986  5.903  -84.937  -21.615 0.6999999881
4965  3.184  -84.416  -19.355 0.6000000238
6343  3.089  -82.591  -21.789 0.6999999881
5654  6.676  -84.240  -22.955 0.6999999881
4994  5.380  -85.254  -22.943 0.6000000238
5628  2.926  -83.849  -20.129 0.6000000238
5663  8.091  -83.808  -24.184 0.6999999881
129648  2.965  -81.884  -21.780 0.6000000238
7987  2.870  -80.769  -22.677 0.6999999881
6377  9.844  -82.263  -26.064 0.6000000238
5673  7.263  -83.856  -25.797 0.6999999881
153825  4.050  -84.082  -25.109 0.5000000000
21164  6.569  -69.004  -26.108 0.6000000238
5681  7.883  -83.477  -26.407 0.6999999881
9936  3.316  -78.470  -24.746 0.8000000119
20072  4.903  -69.949  -27.132 0.6000000238
12156  3.525  -76.977  -25.245 0.8000000119
149660  9.114  -82.229  -27.990 0.6999999881
17910  5.537  -70.686  -27.026 0.6999999881
13293  3.425  -76.044  -25.080 0.6000000238
15652  3.588  -73.559  -26.947 0.6999999881
10027  13.064  -77.648  -33.031 0.6000000238
11142  13.877  -77.532  -33.067 0.6000000238
137196  0.172  -81.685  11.575 0.6000000238
6741  3.220  -81.071  7.673 0.8000000119
6761  3.210  -80.951  6.160 0.8000000119
4664  3.288  -84.744  6.126 1.0000000000
4985  6.469  -84.445  -21.150 0.6999999881
4949  3.250  -83.921  -18.705 0.6999999881
7096  2.582  -81.766  -19.746 0.6999999881
6319  2.689  -82.603  -19.014 0.6999999881
21148  6.751  -67.693  -25.133 0.6000000238
5655  6.065  -84.344  -23.735 0.6999999881
18992  6.270  -69.988  -26.612 0.6999999881
21149  5.605  -68.268  -25.052 0.6000000238
20045  4.646  -68.985  -25.341 0.5000000000
16815  4.552  -72.027  -27.115 0.6999999881
154305  2.973  -81.607  5.566 0.8000000119
569  1.711  -92.322  6.706 0.6000000238
4023  2.965  -85.496  6.889 1.0000000000
3405  2.420  -87.397  7.750 0.8999999762
144852  2.144  -88.869  7.770 0.8000000119
1297  2.155  -91.019  7.008 0.6999999881
4976  5.531  -84.864  -19.840 0.6000000238
5617  4.601  -84.020  -18.610 0.5000000000
4975  6.206  -84.437  -20.005 0.6000000238
5600  4.170  -83.510  -18.248 0.6999999881
7918  2.613  -80.814  -19.155 0.6000000238
5652  8.438  -83.470  -23.018 0.5000000000
140609  7.259  -84.082  -22.631 0.6999999881
4993  6.233  -84.522  -22.221 0.6999999881
6304  3.032  -82.539  -18.421 0.6999999881
7085  2.753  -81.677  -18.735 0.6000000238
148902  2.616  -80.747  -21.032 0.6999999881
23441  7.428  -65.766  -21.192 0.6000000238
7084  3.307  -81.685  -18.253 0.6000000238
22236  7.959  -66.094  -22.866 0.6000000238
23503  7.485  -66.435  -23.670 0.6000000238
6362  9.553  -82.608  -24.112 0.5000000000
133070  8.862  -83.238  -23.895 0.6000000238
5653  7.558  -83.938  -23.174 0.6999999881
8935  2.519  -79.363  -20.306 0.6000000238
21134  6.008  -67.570  -24.479 0.6000000238
8951  2.533  -79.502  -21.334 0.6999999881
21146  7.719  -67.694  -24.628 0.6000000238
9880  2.940  -78.750  -19.357 0.6000000238
10956  2.652  -77.938  -21.385 0.6999999881
9915  2.651  -78.795  -21.943 0.6999999881
21163  7.196  -68.809  -25.891 0.6000000238
10955  2.995  -77.190  -20.955 0.6999999881
10977  3.114  -77.334  -22.852 0.6999999881
10997  3.293  -77.408  -24.194 0.6999999881
12132  3.382  -76.451  -23.146 0.6999999881
12144  3.395  -76.519  -24.293 0.6999999881
15636  3.969  -73.784  -25.831 0.6999999881
16796  4.843  -72.128  -25.924 0.6999999881
16779  4.499  -72.195  -24.483 0.6999999881
141894  3.544  -75.214  -24.814 0.6999999881
137646  3.661  -74.157  -24.464 0.6999999881
16797  4.237  -72.849  -25.212 0.6999999881
14448  3.639  -74.804  -23.692 0.6999999881
1298  1.970  -91.019  6.936 0.6000000238
2288  1.463  -89.469  6.525 0.5000000000
19897  5.787  -68.905  -15.046 0.6999999881
5635  7.448  -83.983  -21.212 0.6000000238
5599  5.124  -83.289  -18.468 0.5000000000
23425  6.831  -65.805  -19.526 0.6000000238
23442  6.820  -65.029  -20.452 0.6000000238
6302  4.606  -82.654  -18.223 0.6000000238
7907  2.947  -80.777  -18.494 0.5000000000
22264  5.727  -67.112  -23.725 0.6000000238
8901  2.790  -80.014  -18.928 0.6000000238
21119  8.137  -66.749  -22.751 0.6000000238
23460  7.424  -65.655  -21.902 0.6000000238
22252  6.577  -66.480  -23.345 0.6000000238
140171  2.546  -78.667  -20.859 0.6000000238
21133  7.807  -68.152  -24.225 0.6000000238
21136  4.300  -68.262  -23.529 0.5000000000
17892  5.574  -71.206  -25.938 0.6999999881
12098  3.818  -76.540  -20.564 0.6999999881
13272  3.555  -75.492  -22.804 0.6999999881
15623  3.862  -73.352  -24.273 0.6999999881
15606  3.688  -73.771  -23.100 0.6999999881
15635  7.745  -72.914  -24.321 0.5000000000
3424  -0.650  -86.893  7.053 0.8000000119
21051  6.117  -67.784  -18.420 0.6999999881
21050  7.254  -67.839  -18.493 0.6999999881
22195  7.645  -66.680  -19.616 0.6999999881
23443  5.289  -65.285  -20.792 0.5000000000
22216  8.116  -66.685  -20.779 0.6999999881
24643  6.866  -65.187  -21.240 0.6000000238
23483  6.260  -66.071  -22.436 0.6000000238
137399  4.694  -67.543  -23.038 0.5000000000
10922  3.898  -77.829  -19.331 0.6000000238
10938  2.743  -77.918  -20.403 0.6000000238
10920  5.156  -78.090  -19.532 0.6000000238
18961  5.957  -70.299  -24.096 0.6999999881
12096  5.823  -76.368  -20.096 0.6000000238
13253  4.318  -75.748  -20.718 0.6999999881
142963  3.681  -76.021  -22.168 0.6999999881
18977  5.460  -71.043  -24.565 0.6999999881
140404  6.193  -75.730  -20.315 0.6999999881
16780  4.139  -72.704  -24.044 0.6999999881
3434  -0.017  -86.816  6.209 0.6000000238
135463  5.108  -68.482  -15.228 0.6999999881
20972  4.732  -67.652  -14.555 0.8000000119
21031  5.575  -68.362  -17.759 0.6000000238
22166  5.379  -67.451  -17.995 0.6000000238
22181  5.988  -66.682  -18.702 0.6000000238
132689  5.317  -65.748  -17.942 0.6999999881
21030  6.503  -68.540  -17.893 0.6999999881
25814  4.326  -63.913  -18.620 0.6000000238
24620  5.642  -63.988  -19.468 0.6000000238
23426  6.266  -64.674  -19.763 0.6000000238
21120  7.753  -67.940  -23.036 0.6000000238
24633  5.923  -65.004  -20.864 0.6000000238
20022  7.174  -68.868  -23.270 0.6000000238
18962  5.226  -70.992  -23.241 0.6999999881
17876  4.769  -71.611  -23.805 0.6999999881
13252  4.445  -75.012  -20.805 0.6999999881
14424  3.933  -74.418  -21.379 0.6999999881
16740  3.798  -73.045  -22.282 0.6999999881
13271  7.272  -74.928  -22.487 0.5000000000
4055  1.215  -84.935  4.538 0.6000000238
6025  0.349  -82.487  3.523 0.6000000238
7639  2.150  -80.163  -0.011 0.5000000000
8623  3.616  -79.238  0.408 0.6999999881
10648  3.324  -77.919  -0.426 0.6000000238
20954  6.117  -68.311  -12.558 0.6999999881
20971  5.465  -68.278  -14.147 0.6999999881
21010  4.748  -67.950  -16.686 0.6000000238
22167  4.843  -67.133  -17.321 0.6000000238
23411  5.998  -65.112  -18.922 0.6000000238
9864  3.865  -79.258  -18.712 0.5000000000
22179  8.327  -67.256  -19.081 0.6999999881
22215  8.841  -67.230  -20.182 0.6999999881
25841  4.611  -63.762  -20.198 0.5000000000
25832  3.685  -64.143  -18.890 0.6000000238
21102  8.185  -67.135  -21.574 0.6999999881
23444  4.402  -65.228  -20.489 0.5000000000
22237  4.704  -67.037  -21.578 0.5000000000
20006  7.016  -68.902  -22.167 0.6999999881
18940  5.582  -70.182  -22.736 0.6999999881
10953  6.506  -77.743  -21.528 0.5000000000
12077  5.313  -77.211  -19.747 0.6000000238
17855  4.471  -71.559  -22.616 0.6999999881
13251  6.072  -75.002  -20.420 0.6999999881
14410  5.206  -74.642  -20.513 0.6999999881
15584  4.136  -73.634  -21.030 0.6999999881
16759  4.017  -72.300  -22.295 0.6999999881
15605  7.419  -72.777  -22.997 0.6000000238
15583  6.707  -73.575  -21.132 0.6000000238
4702  1.262  -84.262  3.917 0.5000000000
6031  -0.182  -81.521  3.688 0.6999999881
6792  0.072  -81.123  3.163 0.6999999881
154812  0.555  -82.568  2.814 0.5000000000
6803  0.334  -81.146  2.491 0.6999999881
8600  1.414  -79.731  2.495 0.8000000119
7614  1.320  -80.110  1.733 0.6999999881
8612  2.124  -79.815  1.667 0.8000000119
8598  3.459  -79.161  2.218 0.8999999762
18759  2.676  -70.424  -8.902 0.6000000238
18784  2.910  -69.992  -9.700 0.8000000119
20938  5.369  -68.145  -12.363 0.6999999881
20940  3.361  -67.941  -12.765 0.8000000119
138307  2.114  -69.336  -9.847 0.6000000238
22090  4.193  -67.525  -13.104 0.8000000119
134949  2.594  -67.274  -12.939 0.6999999881
22122  4.366  -66.866  -14.169 0.8000000119
22110  3.371  -66.953  -13.439 0.6999999881
23335  2.957  -65.854  -13.763 0.6000000238
23334  3.877  -66.298  -13.939 0.6000000238
19934  5.648  -69.155  -16.410 0.6999999881
20991  4.641  -67.828  -15.687 0.6999999881
22137  4.462  -66.764  -15.073 0.6999999881
131605  4.908  -65.800  -16.923 0.6999999881
25772  3.871  -64.400  -15.909 0.6000000238
24544  3.208  -64.909  -14.656 0.6000000238
19933  6.510  -69.618  -16.549 0.6999999881
21029  7.640  -68.450  -17.909 0.6999999881
23397  4.930  -64.786  -17.065 0.6000000238
24610  3.352  -64.829  -17.908 0.6000000238
21048  9.319  -67.710  -18.810 0.6000000238
21087  8.076  -68.308  -21.224 0.6000000238
19990  6.332  -69.584  -21.226 0.6999999881
23427  3.774  -64.841  -20.152 0.6000000238
22217  4.378  -66.677  -20.806 0.6000000238
19988  8.581  -68.568  -20.540 0.6999999881
19989  7.366  -69.347  -20.727 0.6999999881
12118  7.085  -76.704  -21.389 0.6000000238
146281  4.771  -71.466  -20.710 0.6999999881
18941  4.764  -70.759  -22.039 0.6999999881
13263  7.124  -75.916  -21.025 0.5000000000
15563  4.889  -73.840  -20.591 0.6999999881
17820  4.563  -72.106  -20.656 0.6999999881
14408  6.536  -74.497  -20.828 0.6999999881
16739  4.004  -72.717  -21.360 0.6999999881
14434  7.279  -73.793  -22.795 0.6000000238
15562  5.485  -73.320  -20.488 0.6000000238
154039  5.820  -72.198  -20.174 0.6000000238
139120  0.265  -81.705  1.613 0.5000000000
8601  0.524  -79.936  3.037 0.8000000119
7626  1.729  -80.205  0.955 0.6000000238
8590  0.923  -79.432  3.418 0.8999999762
7625  2.588  -79.846  0.849 0.8000000119
8640  3.314  -79.143  -0.412 0.6999999881
8599  2.540  -79.420  2.374 0.8999999762
8610  3.817  -79.172  1.265 0.8999999762
11800  4.177  -77.287  0.594 0.6999999881
10608  3.036  -77.345  0.786 0.6000000238
17650  1.764  -71.468  -6.826 0.6999999881
16554  0.346  -71.780  -6.044 0.6000000238
18761  0.981  -70.438  -8.482 0.6000000238
19844  4.181  -69.724  -11.155 0.6999999881
18783  3.887  -69.999  -10.137 0.6999999881
19861  3.429  -69.319  -11.681 0.6999999881
19858  6.546  -68.928  -11.461 0.6000000238
20921  4.721  -68.487  -11.893 0.8000000119
19876  6.794  -68.570  -12.085 0.6000000238
18840  6.728  -69.844  -15.645 0.6999999881
23367  4.436  -65.627  -15.355 0.6000000238
24563  2.780  -64.731  -15.229 0.6000000238
19932  7.437  -69.797  -16.879 0.6999999881
24580  3.546  -64.357  -16.369 0.6000000238
25803  3.914  -64.151  -18.038 0.6000000238
23413  2.735  -65.979  -18.332 0.5000000000
19969  10.119  -68.672  -19.339 0.6000000238
18899  6.531  -69.938  -20.362 0.6999999881
18900  5.714  -70.367  -20.724 0.6999999881
135833  7.167  -73.419  -21.992 0.6000000238
15620  8.272  -72.619  -24.272 0.5000000000
16738  7.125  -72.703  -21.466 0.6000000238
8587  4.013  -78.889  2.864 0.8999999762
9592  4.494  -78.300  0.354 0.8999999762
10628  4.586  -77.650  0.439 0.8000000119
16543  2.187  -72.312  -5.506 0.8000000119
19832  0.475  -69.456  -9.373 0.6000000238
18773  0.909  -69.786  -8.836 0.6000000238
19846  1.318  -68.757  -10.035 0.6000000238
19842  6.115  -69.491  -10.831 0.6999999881
19859  5.718  -69.003  -11.375 0.6000000238
19887  6.842  -68.730  -12.958 0.6999999881
128273  6.847  -69.125  -14.027 0.6999999881
18839  7.442  -70.292  -15.581 0.6999999881
139423  2.555  -65.540  -17.652 0.5000000000
9556  5.558  -78.480  3.094 0.8999999762
131488  7.451  -77.875  4.235 0.8000000119
10560  8.720  -77.241  5.272 0.8000000119
10593  6.531  -77.373  2.185 0.8999999762
10627  5.340  -77.480  0.975 0.8999999762
9567  6.788  -77.787  2.575 0.8999999762
11761  6.087  -76.748  1.977 0.8999999762
11742  5.507  -76.377  2.593 0.8999999762
11762  4.668  -76.575  1.976 0.8000000119
11744  3.214  -76.343  3.204 0.8000000119
11740  7.390  -76.880  3.072 0.8000000119
132189  0.782  -75.466  3.802 0.6999999881
16552  2.613  -72.174  -6.366 0.8000000119
17674  4.119  -71.618  -8.178 0.8000000119
16524  1.116  -71.889  -4.211 0.6999999881
16536  1.676  -72.163  -4.846 0.8000000119
17673  5.061  -71.609  -8.359 0.6999999881
148292  3.217  -72.727  -5.753 0.8000000119
17686  6.355  -71.255  -9.010 0.8000000119
16563  4.624  -72.647  -7.158 0.8000000119
16551  3.580  -72.686  -6.435 0.8000000119
20924  0.962  -67.672  -10.999 0.6000000238
146507  7.048  -70.527  -9.926 0.6999999881
16573  5.662  -72.274  -7.779 0.6999999881
19877  2.840  -68.764  -12.261 0.6999999881
19863  1.600  -68.488  -10.842 0.6000000238
22092  0.765  -66.686  -12.201 0.5000000000
18780  7.552  -69.955  -10.403 0.6999999881
16562  7.169  -72.932  -7.069 0.8000000119
15354  5.948  -73.366  -6.248 0.6999999881
15311  5.011  -73.303  -4.800 0.8000000119
20942  1.244  -67.364  -11.842 0.5000000000
23337  0.977  -65.738  -13.248 0.5000000000
19856  8.295  -69.310  -11.401 0.6999999881
148260  7.728  -69.402  -11.008 0.6000000238
15353  6.793  -73.190  -6.353 0.8000000119
22111  2.224  -66.294  -13.218 0.5000000000
19875  7.486  -69.046  -12.477 0.6000000238
17658  9.055  -71.757  -7.186 0.8000000119
16561  7.970  -72.544  -6.969 0.8000000119
18825  7.733  -70.366  -14.711 0.8000000119
17657  9.384  -71.168  -6.862 0.8000000119
24531  1.542  -65.434  -13.958 0.5000000000
23351  1.229  -65.646  -14.549 0.5000000000
152538  9.615  -71.393  -15.536 0.6999999881
18838  8.292  -70.883  -15.572 0.8000000119
18857  7.836  -70.385  -16.351 0.6999999881
19931  8.412  -69.875  -17.020 0.6000000238
20893  8.655  -69.155  -7.371 0.6000000238
24582  2.075  -65.048  -15.771 0.5000000000
23384  1.683  -65.792  -16.491 0.5000000000
17750  10.146  -71.509  -15.952 0.6999999881
151230  9.613  -70.578  -16.796 0.6999999881
21028  8.806  -68.240  -18.003 0.6000000238
153678  11.159  -72.205  -15.511 0.6000000238
18855  10.044  -71.081  -16.823 0.6999999881
18867  9.476  -69.901  -17.180 0.6999999881
138737  10.703  -69.338  -19.183 0.6000000238
18882  8.348  -70.074  -20.037 0.6999999881
22050  5.231  -67.215  -8.409 0.6000000238
17779  10.798  -72.116  -16.869 0.6000000238
17785  10.830  -71.736  -17.967 0.6999999881
133250  11.159  -71.268  -19.082 0.6999999881
18881  9.836  -69.309  -19.980 0.6999999881
16664  11.912  -73.034  -15.958 0.5000000000
18898  9.660  -70.094  -20.450 0.6999999881
17816  8.505  -70.733  -20.292 0.6000000238
17817  7.513  -70.948  -19.817 0.6000000238
16675  11.345  -73.090  -16.646 0.6000000238
16689  10.626  -72.928  -18.458 0.6000000238
17814  10.758  -71.525  -20.972 0.6000000238
15529  10.633  -74.073  -18.479 0.6000000238
16717  10.327  -72.975  -20.355 0.5000000000
16718  10.101  -72.464  -21.328 0.6000000238
17852  8.557  -71.767  -23.247 0.6000000238
17835  8.796  -71.182  -21.601 0.6000000238
16737  7.490  -72.098  -21.078 0.6000000238
128794  5.763  -71.569  -20.154 0.6000000238
16758  7.684  -72.110  -22.602 0.6000000238
9541  7.045  -77.990  3.619 0.8000000119
10581  7.544  -77.262  3.260 0.8000000119
10571  8.400  -77.122  4.379 0.8000000119
138100  8.809  -76.652  5.092 0.6999999881
12886  6.102  -76.067  3.504 0.8000000119
12887  4.966  -75.922  3.615 0.8999999762
11743  4.307  -76.349  2.961 0.8000000119
12866  6.665  -75.755  4.351 0.8000000119
12868  4.445  -75.473  4.468 0.8999999762
12889  2.861  -75.789  3.876 0.8000000119
12870  2.437  -75.291  4.537 0.8000000119
13995  0.388  -74.217  4.712 0.6000000238
138829  2.420  -72.226  -4.382 0.8000000119
17625  2.052  -71.670  -3.673 0.6999999881
138917  7.137  -71.088  -9.203 0.8000000119
17672  6.009  -71.712  -8.420 0.8000000119
16522  4.056  -72.204  -3.787 0.8000000119
17685  7.913  -71.146  -9.142 0.6999999881
16571  7.517  -72.353  -7.752 0.8000000119
15330  5.565  -73.437  -5.462 0.8999999762
16521  5.055  -72.206  -3.829 0.8999999762
154616  8.557  -69.560  -12.401 0.6999999881
18816  9.404  -70.602  -13.475 0.8000000119
18817  8.573  -70.249  -13.450 0.6999999881
17669  9.725  -71.326  -7.671 0.8000000119
18738  7.764  -70.766  -6.113 0.8000000119
19817  10.659  -69.908  -7.633 0.6999999881
148385  7.244  -68.353  -7.846 0.6000000238
17734  10.857  -71.646  -14.510 0.6000000238
20902  10.825  -68.602  -8.079 0.4000000060
20895  5.843  -68.230  -7.626 0.6000000238
18919  9.656  -70.799  -21.196 0.6000000238
17834  9.333  -71.433  -22.211 0.6000000238
10562  7.080  -77.898  5.027 0.8000000119
10546  8.329  -77.757  5.875 0.8999999762
10544  9.247  -76.887  6.381 0.8000000119
11730  8.313  -76.661  4.292 0.8000000119
12845  8.961  -75.488  6.544 0.6999999881
12864  8.479  -76.114  4.863 0.8000000119
12865  7.796  -76.026  4.385 0.8000000119
13965  8.359  -75.040  6.221 0.6999999881
12869  3.448  -75.371  4.510 0.8999999762
12856  4.986  -75.161  5.236 0.8999999762
13994  0.941  -74.502  4.975 0.8000000119
147739  2.896  -71.670  -3.448 0.8000000119
17610  1.357  -71.070  -3.116 0.6000000238
17639  5.875  -72.225  -4.159 0.8000000119
16542  6.776  -72.604  -5.231 0.8000000119
17608  3.954  -71.150  -2.670 0.8000000119
154062  8.500  -71.839  -8.255 0.8000000119
17644  7.524  -72.281  -5.741 0.8000000119
146518  4.857  -70.871  -2.697 0.8999999762
18779  8.537  -70.255  -10.054 0.6999999881
18716  6.132  -70.793  -3.905 0.8000000119
131942  5.849  -69.968  -3.067 0.8000000119
18778  9.638  -70.339  -10.024 0.6999999881
18804  9.689  -70.027  -12.451 0.6999999881
135516  9.061  -69.363  -11.039 0.6999999881
136170  8.038  -69.635  -6.918 0.6999999881
20882  4.833  -69.305  -6.741 0.6999999881
19793  3.712  -69.439  -5.997 0.6999999881
18815  10.580  -70.674  -12.949 0.6000000238
19837  12.219  -69.741  -9.959 0.6000000238
17723  11.222  -71.330  -13.694 0.6000000238
18790  11.340  -69.840  -11.313 0.6999999881
19829  12.140  -69.601  -9.026 0.5000000000
20901  11.737  -68.673  -8.455 0.5000000000
22038  4.973  -67.790  -7.801 0.6999999881
22048  7.375  -67.737  -8.352 0.5000000000
15582  9.759  -73.450  -21.604 0.5000000000
12854  7.140  -75.387  5.217 0.8000000119
13976  7.550  -74.869  6.042 0.8000000119
15125  7.230  -73.772  7.057 0.6999999881
13967  6.277  -73.869  6.410 0.6999999881
15138  4.343  -72.825  6.331 0.8000000119
13992  3.023  -74.839  5.120 0.8999999762
13981  1.549  -74.059  5.470 0.8000000119
15151  0.541  -73.001  5.254 0.6999999881
15168  0.261  -73.160  4.859 0.5000000000
18703  2.169  -70.406  -2.662 0.6000000238
18701  4.438  -70.525  -2.161 0.6000000238
17683  9.589  -71.380  -8.540 0.6999999881
18724  6.519  -71.397  -4.568 0.8000000119
18731  6.805  -71.223  -5.206 0.8000000119
134234  5.906  -70.229  -3.776 0.8000000119
18766  10.175  -70.976  -9.162 0.6999999881
148831  6.518  -70.780  -5.429 0.8000000119
19838  11.175  -69.900  -10.393 0.6999999881
18758  10.395  -71.107  -8.299 0.6999999881
18747  10.277  -70.435  -7.498 0.8000000119
18803  10.505  -70.016  -11.901 0.6999999881
142153  9.381  -69.643  -7.149 0.8000000119
23256  6.973  -67.034  -8.830 0.5000000000
15127  6.169  -72.881  7.705 0.6999999881
150915  6.323  -72.912  7.147 0.6999999881
13979  4.615  -74.501  5.798 0.8000000119
136364  3.654  -74.345  5.681 0.8999999762
13980  2.629  -74.207  5.566 0.8999999762
16381  0.952  -72.716  5.568 0.8999999762
19746  3.326  -69.369  -1.562 0.6000000238
140211  2.155  -69.013  -1.770 0.6000000238
18684  5.466  -69.661  -2.362 0.6999999881
133362  6.937  -70.741  -5.714 0.8000000119
19783  5.496  -69.927  -4.389 0.8000000119
19830  11.611  -70.148  -9.338 0.6999999881
19805  7.578  -70.023  -6.596 0.6999999881
130749  4.944  -70.101  -6.246 0.8000000119
19807  5.696  -69.771  -6.556 0.8000000119
150135  4.270  -67.231  -8.507 0.6999999881
13945  3.801  -74.150  8.601 0.6999999881
133341  6.018  -73.335  8.345 0.6999999881
15114  4.879  -72.485  8.139 0.6999999881
16364  5.475  -72.278  6.854 0.6999999881
15147  3.403  -73.609  6.030 0.8999999762
17539  -0.041  -71.615  5.172 0.6999999881
19745  4.440  -69.186  -1.521 0.6000000238
147105  5.429  -68.875  -2.786 0.8000000119
20816  5.370  -68.449  -2.135 0.6999999881
154792  4.827  -70.078  -5.247 0.8000000119
19773  5.148  -68.962  -3.660 0.8000000119
24442  0.017  -65.831  -4.339 0.4000000060
19784  4.537  -69.609  -4.860 0.8000000119
19792  4.386  -69.936  -5.798 0.6999999881
151554  3.248  -69.000  -5.185 0.6999999881
23258  4.992  -66.715  -8.974 0.6000000238
15115  3.627  -73.080  8.438 0.6999999881
16339  3.964  -72.057  7.964 0.6999999881
133741  2.197  -71.834  8.674 0.6999999881
16357  5.516  -72.371  7.617 0.6999999881
132881  3.793  -71.610  5.995 0.8000000119
130767  2.738  -71.916  5.794 0.8999999762
16380  1.950  -72.778  5.869 0.8999999762
17538  0.316  -71.593  5.581 0.8999999762
139298  -0.669  -69.923  3.702 0.6000000238
20818  3.441  -68.562  -1.396 0.5000000000
21970  4.471  -67.886  -1.367 0.6000000238
23212  1.449  -66.299  -3.736 0.5000000000
23211  2.456  -66.449  -3.719 0.6000000238
21999  2.900  -67.332  -3.978 0.5000000000
20851  4.499  -68.130  -3.527 0.6999999881
20850  5.243  -68.063  -2.742 0.8000000119
21982  5.403  -67.479  -2.070 0.6000000238
22007  2.049  -67.719  -4.394 0.5000000000
20863  3.810  -68.755  -4.558 0.6999999881
23244  -0.207  -66.841  -5.619 0.5000000000
154760  0.407  -67.367  -4.903 0.6000000238
22006  2.865  -68.042  -4.595 0.6000000238
22035  0.138  -67.628  -5.645 0.6000000238
20885  1.488  -68.183  -6.083 0.6000000238
132299  2.353  -68.580  -5.912 0.6000000238
22052  1.959  -67.288  -8.006 0.6000000238
148782  1.922  -67.605  -7.291 0.6999999881
17509  4.070  -70.754  7.390 0.6999999881
17508  4.738  -71.226  7.160 0.6999999881
17521  4.804  -71.326  6.835 0.8000000119
17537  0.487  -71.267  5.787 0.8999999762
21971  3.439  -67.661  -1.322 0.5000000000
23209  4.690  -66.570  -3.353 0.6999999881
21997  4.893  -67.308  -3.070 0.6999999881
23178  5.041  -66.587  -1.243 0.5000000000
20871  1.052  -67.798  -5.255 0.6000000238
153293  0.433  -67.374  -6.866 0.6000000238
18577  3.074  -69.331  7.765 0.6999999881
18595  3.523  -69.953  5.891 0.8000000119
18585  4.042  -70.218  6.389 0.8000000119
17535  3.494  -70.853  5.788 0.8999999762
17536  2.185  -71.314  5.660 0.8999999762
18611  -0.436  -70.033  5.214 0.8000000119
24428  4.353  -65.820  -3.548 0.6000000238
24427  5.224  -65.843  -3.220 0.5000000000
24395  4.911  -65.828  -1.436 0.5000000000
25631  1.698  -65.159  -3.613 0.4000000060
129811  5.457  -66.064  -1.896 0.5000000000
25659  -0.061  -64.860  -4.531 0.4000000060
24429  3.044  -65.688  -3.633 0.5000000000
25658  -0.024  -64.515  -5.067 0.4000000060
23252  -0.394  -66.739  -6.345 0.5000000000
136034  3.613  -68.436  6.994 0.6999999881
23010  5.189  -66.323  8.606 0.5000000000
19660  0.464  -69.939  6.141 0.8999999762
19656  -0.107  -69.253  6.164 0.8999999762
18599  -0.215  -69.977  6.028 0.8000000119
21907  -0.494  -67.647  2.235 0.6000000238
19688  -0.805  -69.108  2.982 0.6000000238
25629  4.906  -65.113  -3.565 0.5000000000
133081  5.501  -65.211  -2.588 0.5000000000
152200  4.041  -65.145  -3.779 0.5000000000
25630  2.978  -64.742  -3.721 0.5000000000
25643  1.320  -64.143  -3.717 0.4000000060
26902  0.109  -63.478  -5.168 0.4000000060
24235  3.038  -65.508  8.328 0.5000000000
21826  3.068  -67.030  7.537 0.8000000119
136887  2.733  -66.280  6.874 0.8000000119
25437  5.188  -64.638  8.407 0.5000000000
143692  4.654  -65.459  8.600 0.5000000000
24236  2.564  -65.150  7.698 0.6999999881
20722  1.001  -68.342  6.255 0.8999999762
33735  15.730  -57.030  3.879 0.6000000238
139348  14.746  -58.389  3.409 0.6000000238
31375  12.662  -59.213  3.158 0.8000000119
150413  12.834  -57.633  2.273 0.6999999881
32570  12.262  -58.174  2.646 0.8000000119
32550  10.812  -58.646  2.932 0.8000000119
20730  -0.329  -68.595  5.221 0.8000000119
146505  4.415  -64.377  -3.976 0.5000000000
25599  5.345  -64.399  -2.449 0.6000000238
141016  4.625  -65.146  -1.515 0.6000000238
25628  5.279  -64.390  -3.623 0.5000000000
146256  5.091  -63.734  -4.081 0.5000000000
138817  1.998  -67.577  6.196 0.8000000119
25463  5.658  -63.911  8.195 0.4000000060
135276  0.713  -67.523  6.197 0.8999999762
136189  16.684  -56.979  4.126 0.5000000000
32547  15.238  -57.587  3.570 0.6000000238
145097  2.888  -64.350  8.030 0.6999999881
19655  0.254  -69.189  6.262 0.8999999762
31402  11.715  -58.872  3.069 0.8000000119
25464  4.713  -64.116  8.171 0.6000000238
33744  15.211  -57.246  3.165 0.6999999881
32551  9.915  -58.372  2.901 0.8000000119
31404  5.320  -58.857  3.260 0.6000000238
26696  2.101  -63.210  7.035 0.8000000119
21858  -0.337  -67.763  4.623 0.8000000119
32554  6.861  -58.260  3.159 0.6999999881
29112  3.643  -59.529  3.355 0.6999999881
23098  0.171  -65.803  2.497 0.6000000238
136831  -0.325  -66.994  4.167 0.6999999881
140592  -0.342  -65.566  3.413 0.8000000119
26838  4.038  -63.815  -1.615 0.5000000000
32544  15.984  -57.634  4.276 0.5000000000
31348  16.561  -59.061  4.906 0.5000000000
128518  17.248  -57.146  4.930 0.4000000060
31374  13.607  -59.442  3.287 0.8000000119
26693  5.506  -63.192  6.983 0.5000000000
26671  5.135  -63.566  7.710 0.6000000238
24257  1.740  -64.742  6.992 0.8000000119
23044  1.210  -65.913  6.357 0.8000000119
141052  0.252  -67.559  6.053 0.8999999762
34891  17.679  -56.304  4.444 0.4000000060
31376  11.215  -59.575  3.447 0.8000000119
25467  1.591  -64.288  7.003 0.8000000119
25484  0.996  -64.547  6.508 0.8000000119
23045  0.505  -66.096  6.052 0.8999999762
32548  14.529  -57.731  2.895 0.6999999881
31379  8.589  -58.718  3.389 0.8000000119
26694  4.537  -63.106  7.095 0.8000000119
26695  3.612  -63.103  7.260 0.6000000238
24270  0.529  -65.333  6.011 0.8000000119
23057  0.100  -66.103  5.537 0.8000000119
34919  16.762  -56.905  3.303 0.6000000238
33753  14.392  -57.380  1.720 0.6999999881
31380  7.178  -58.438  3.596 0.8000000119
32555  6.150  -58.445  3.242 0.6000000238
31384  3.539  -59.101  3.850 0.6999999881
138656  2.151  -60.306  3.261 0.6999999881
26698  0.693  -63.717  6.157 0.8000000119
23075  -0.244  -66.260  4.425 0.8999999762
33752  15.169  -57.357  2.452 0.6999999881
32569  13.755  -57.569  2.270 0.6999999881
31383  4.610  -58.635  3.952 0.6999999881
27918  0.637  -61.884  3.700 0.6999999881
25516  -0.078  -64.379  3.689 0.8000000119
29099  1.735  -61.155  3.145 0.6999999881
33716  17.346  -57.859  5.932 0.3000000119
30224  13.118  -60.348  3.485 0.8000000119
27867  4.844  -62.653  6.163 0.6999999881
31378  9.478  -58.954  3.452 0.8000000119
31349  9.020  -59.593  3.923 0.8000000119
30200  6.613  -59.757  4.439 0.8000000119
27868  3.885  -62.561  6.463 0.8000000119
26697  1.251  -63.197  6.453 0.8000000119
34918  17.559  -56.489  3.538 0.6000000238
33743  15.970  -56.881  3.407 0.6000000238
32571  11.249  -57.933  2.320 0.8000000119
31352  5.958  -58.679  4.133 0.8000000119
30187  3.648  -59.764  4.921 0.8000000119
27887  1.476  -61.345  5.464 0.8000000119
24278  0.240  -65.190  5.265 0.8000000119
33749  17.918  -56.845  2.960 0.6000000238
33751  15.961  -57.296  2.504 0.6000000238
32549  13.167  -58.399  2.856 0.8000000119
26731  0.087  -63.452  4.084 0.6999999881
141209  0.386  -63.527  5.136 0.8000000119
24297  0.024  -64.927  4.380 0.8000000119
33766  14.117  -57.274  1.016 0.6999999881
131390  0.204  -63.643  3.489 0.6999999881
32543  16.866  -57.842  5.165 0.4000000060
30221  15.996  -59.938  4.795 0.6000000238
30223  14.133  -60.491  3.630 0.6999999881
130381  12.121  -59.930  3.504 0.8000000119
34890  18.341  -55.699  4.493 0.3000000119
30227  9.903  -59.862  3.907 0.8000000119
133859  6.038  -62.007  5.117 0.6999999881
34905  17.978  -55.768  4.094 0.4000000060
31351  6.929  -58.820  4.213 0.8000000119
34903  19.310  -55.447  3.875 0.3000000119
34904  18.631  -55.346  4.145 0.4000000060
30186  4.633  -59.725  4.731 0.8000000119
27886  3.206  -61.812  5.920 0.8000000119
33748  18.728  -56.484  2.886 0.5000000000
27871  1.104  -62.219  5.799 0.8000000119
33750  17.012  -57.034  2.839 0.6000000238
31353  4.862  -58.670  4.163 0.8000000119
30204  2.208  -59.874  4.406 0.8000000119
27889  0.499  -61.867  4.722 0.8000000119
33763  16.681  -57.910  2.001 0.6000000238
30203  3.155  -59.340  4.419 0.6999999881
30229  1.736  -59.980  3.886 0.6999999881
30230  0.889  -60.081  3.983 0.8000000119
27899  0.378  -61.747  4.160 0.6999999881
29194  4.639  -61.104  -2.601 0.6000000238
138963  4.434  -60.705  -4.399 0.5000000000
29193  5.362  -61.544  -3.091 0.6000000238
27999  2.874  -62.005  -1.642 0.6000000238
137371  2.257  -62.698  -1.532 0.5000000000
29216  2.829  -61.349  -4.306 0.6000000238
28037  5.092  -62.245  -4.118 0.6000000238
34889  18.831  -55.525  4.455 0.3000000119
33714  17.883  -57.393  5.802 0.3000000119
30226  10.724  -60.152  3.910 0.8000000119
30198  8.613  -60.297  4.385 0.8000000119
30199  7.613  -59.927  4.424 0.8000000119
34888  19.359  -55.715  4.300 0.3000000119
29080  6.320  -60.932  4.723 0.8000000119
29058  5.374  -60.831  5.041 0.8000000119
34915  19.987  -55.505  3.242 0.5000000000
30188  2.705  -59.978  4.995 0.8000000119
33747  19.576  -56.207  2.650 0.5000000000
34927  20.535  -56.011  2.295 0.5000000000
33762  18.356  -57.427  2.376 0.6000000238
29062  0.929  -60.569  4.813 0.8000000119
30323  5.161  -60.623  -3.315 0.6000000238
128765  2.064  -60.318  -4.521 0.5000000000
131002  20.605  -55.389  3.219 0.3000000119
36005  22.091  -55.127  2.446 0.4000000060
141410  21.908  -55.261  1.864 0.4000000060
36012  21.307  -55.553  2.117 0.4000000060
32694  4.468  -58.403  -2.042 0.6000000238
30303  3.192  -59.878  -1.803 0.6000000238
129094  3.671  -59.174  -4.462 0.6000000238
31500  4.166  -59.272  -2.124 0.6000000238
31498  5.293  -58.542  -3.214 0.6000000238
141619  5.323  -59.474  -3.536 0.6000000238
30324  4.589  -60.034  -2.543 0.6000000238
33847  4.187  -56.885  -3.301 0.6000000238
32711  4.298  -57.556  -3.953 0.6000000238
30346  2.768  -59.603  -4.487 0.5000000000
30345  4.126  -59.986  -4.476 0.5000000000
37116  23.268  -54.209  2.681 0.3000000119
34960  3.452  -55.879  -1.154 0.5000000000
33824  3.566  -56.867  -1.125 0.6000000238
32668  4.505  -57.565  -1.965 0.6000000238
143454  3.527  -57.817  -1.281 0.6000000238
34972  3.569  -56.099  -3.100 0.6000000238
32692  5.084  -57.826  -3.268 0.6000000238
33860  3.718  -56.834  -4.173 0.6000000238
36083  4.251  -55.916  -4.129 0.6000000238
138083  3.516  -56.868  -4.597 0.6000000238
36065  4.953  -55.043  -3.399 0.6000000238
33862  2.690  -57.997  -4.853 0.6000000238
33908  3.225  -57.528  -5.748 0.5000000000
35013  3.849  -56.388  -5.886 0.5000000000
35012  4.376  -55.869  -6.513 0.4000000060
36103  4.959  -55.350  -6.157 0.5000000000
38206  24.044  -52.989  2.911 0.3000000119
153330  3.498  -55.649  -2.184 0.5000000000
33837  4.082  -56.653  -2.145 0.6000000238
37196  6.248  -53.892  -4.370 0.5000000000
36056  3.507  -54.504  -1.811 0.5000000000
34980  3.521  -55.163  -2.512 0.6000000238
149871  3.803  -56.175  -3.662 0.6000000238
34994  3.333  -57.056  -5.309 0.6000000238
36104  4.324  -55.970  -5.494 0.6000000238
39278  24.108  -52.262  2.195 0.3000000119
142215  23.534  -50.041  3.211 0.3000000119
37169  3.691  -54.320  -2.076 0.6000000238
37183  4.178  -54.139  -2.340 0.6000000238
37197  5.851  -54.679  -3.932 0.6000000238
37220  5.789  -54.623  -5.389 0.5000000000
38257  5.178  -53.417  -1.962 0.5000000000
138125  7.096  -53.115  -3.589 0.6000000238
38265  6.721  -53.330  -3.619 0.6000000238
37219  6.202  -53.575  -5.490 0.5000000000
41354  23.885  -50.556  2.586 0.3000000119
38255  7.256  -53.997  -1.813 0.5000000000
38263  8.653  -53.814  -2.402 0.6000000238
39325  6.951  -52.473  -4.135 0.5000000000
38279  6.630  -52.909  -4.633 0.5000000000
136444  6.894  -53.583  -2.808 0.6000000238
38264  7.526  -53.461  -2.850 0.6000000238
39324  7.145  -52.693  -3.960 0.6000000238
38277  9.307  -53.817  -4.383 0.6000000238
39334  7.371  -52.112  -4.435 0.5000000000
39335  7.103  -51.890  -4.577 0.4000000060
39336  6.822  -51.977  -4.783 0.4000000060
141002  23.413  -52.002  -1.195 0.4000000060
40286  23.232  -51.267  0.533 0.4000000060
41358  23.340  -50.473  1.511 0.3000000119
42500  23.178  -49.740  2.294 0.3000000119
39323  7.534  -53.185  -3.541 0.6000000238
38307  6.514  -52.741  -5.555 0.4000000060
40287  22.707  -51.808  -0.730 0.3000000119
41359  22.596  -50.836  0.509 0.3000000119
42513  22.064  -49.787  1.283 0.3000000119
129706  23.998  -51.715  -0.910 0.4000000060
40310  23.467  -51.561  -1.213 0.4000000060
42512  22.779  -49.922  1.420 0.3000000119
38306  10.206  -53.770  -5.057 0.5000000000
39360  9.361  -52.729  -5.182 0.5000000000
41441  8.413  -50.224  -5.001 0.4000000060
40357  7.305  -51.268  -4.962 0.4000000060
39358  11.402  -52.631  -5.629 0.4000000060
39359  10.396  -52.670  -5.434 0.5000000000
137679  9.773  -51.640  -5.424 0.4000000060
40355  8.674  -51.365  -5.169 0.5000000000
41376  21.970  -51.723  -0.702 0.3000000119
41360  21.633  -51.246  0.415 0.3000000119
40311  22.216  -51.578  -1.263 0.4000000060
42514  21.189  -50.183  1.111 0.3000000119
41466  7.884  -50.670  -5.390 0.3000000119
41389  23.458  -51.366  -1.303 0.4000000060
40384  12.133  -51.046  -5.950 0.3000000119
142102  10.199  -50.709  -5.562 0.4000000060
41464  8.825  -49.588  -5.346 0.5000000000
41462  11.268  -50.717  -5.765 0.4000000060
42529  24.353  -49.627  0.430 0.3000000119
43711  25.939  -47.835  -3.608 0.4000000060
43715  25.697  -48.194  -4.619 0.4000000060
42612  13.270  -49.400  -6.424 0.3000000119
41470  13.863  -50.086  -6.407 0.4000000060
40377  20.030  -51.655  -5.014 0.4000000060
41460  13.506  -51.059  -6.255 0.3000000119
41472  12.060  -50.246  -6.153 0.4000000060
149894  11.216  -49.821  -5.983 0.4000000060
43688  26.146  -47.803  -1.053 0.3000000119
42582  26.889  -48.053  -2.818 0.4000000060
141687  25.666  -47.424  -2.863 0.3000000119
44861  25.577  -47.404  -3.637 0.4000000060
42601  15.965  -49.713  -6.420 0.4000000060
43716  25.173  -48.009  -5.097 0.5000000000
43720  25.544  -48.811  -5.169 0.5000000000
43721  24.643  -48.584  -5.537 0.4000000060
41459  14.476  -50.820  -6.451 0.4000000060
147256  18.985  -50.647  -5.112 0.3000000119
41471  12.988  -50.202  -6.255 0.4000000060
42603  11.688  -49.352  -6.236 0.3000000119
45891  25.336  -46.846  -3.286 0.3000000119
41457  16.286  -50.543  -6.419 0.4000000060
129631  26.231  -48.541  -4.349 0.5000000000
130125  23.886  -49.207  -5.782 0.3000000119
141947  17.387  -51.274  -6.120 0.4000000060
154181  17.781  -50.609  -5.884 0.4000000060
42609  22.124  -49.413  -5.627 0.3000000119
42596  20.930  -49.584  -3.863 0.4000000060
140279  19.372  -49.744  -4.448 0.3000000119
134660  18.302  -48.435  -4.522 0.4000000060
42611  14.121  -49.201  -6.455 0.3000000119
43727  17.131  -48.217  -5.524 0.3000000119
151573  18.440  -50.200  -5.265 0.4000000060
41456  17.135  -50.530  -6.236 0.4000000060
137872  16.928  -49.687  -6.131 0.4000000060
42610  15.637  -48.893  -6.339 0.3000000119
42599  18.401  -49.269  -4.720 0.4000000060
42600  17.734  -49.853  -5.691 0.4000000060
42598  19.104  -48.810  -4.248 0.3000000119
44877  16.255  -47.979  -5.970 0.3000000119
150531  14.855  -48.887  -6.439 0.3000000119
43725  19.612  -48.506  -4.353 0.3000000119
43726  18.829  -48.088  -4.406 0.4000000060
133161  17.570  -48.855  -5.219 0.3000000119
150805  11.696  -87.825  -12.385 0.8000000119
1482  11.447  -90.834  -13.053 0.8000000119
139834  11.850  -94.075  -17.789 0.6000000238
150229  5.850  -93.270  -0.415 0.8999999762
2443  7.874  -88.798  -9.313 0.8999999762
1442  10.985  -90.255  -10.084 0.5000000000
1449  14.767  -90.023  -10.439 0.5000000000
1059  14.993  -90.777  -11.250 0.4000000060
154268  12.890  -92.413  -11.317 0.4000000060
619  5.546  -92.428  -1.151 0.8999999762
1880  7.089  -88.772  -7.596 1.0000000000
1451  11.558  -90.983  -10.302 0.5000000000
257  13.628  -92.883  -18.836 0.4000000060
1860  5.688  -89.566  -4.086 1.0000000000
142742  14.534  -92.858  -21.383 0.6999999881
996  8.076  -92.133  -3.425 0.4000000060
781  14.434  -91.826  -23.039 0.6000000238
132568  15.664  -86.406  -31.341 0.6000000238
5271  5.517  -83.557  9.522 0.8000000119
141354  6.524  -86.015  5.880 0.8999999762
129492  11.527  -86.235  3.919 0.6999999881
142818  11.212  -85.592  5.946 0.8000000119
1347  6.358  -90.222  1.087 0.8999999762
153513  11.068  -87.533  -1.002 0.5000000000
2377  6.602  -88.191  -2.899 0.8999999762
3197  17.069  -87.198  -28.736 0.6000000238
2956  7.622  -87.301  -0.818 0.8999999762
4333  3.310  -86.966  -21.793 0.5000000000
3734  4.420  -87.339  -22.336 0.5000000000
4395  17.633  -84.914  -32.251 0.6999999881
5961  4.919  -82.853  9.057 0.8000000119
3497  11.094  -86.179  0.659 0.8000000119
3352  0.970  -86.249  14.396 0.3000000119
142952  0.597  -85.071  11.775 0.4000000060
4312  4.173  -85.937  -19.644 0.6000000238
3719  5.189  -86.456  -19.872 0.5000000000
20058  4.880  -69.569  -26.265 0.5000000000
10026  15.487  -78.933  -33.122 0.6000000238
6728  3.003  -81.887  8.867 0.6999999881
1757  2.256  -90.244  7.308 0.8999999762
140402  7.069  -84.205  -23.930 0.6999999881
5231  0.294  -82.512  12.812 0.4000000060
7572  2.699  -80.673  6.966 0.8000000119
4680  3.741  -83.863  5.426 1.0000000000
10998  2.990  -78.161  -23.566 0.6999999881
4666  2.037  -83.490  6.386 1.0000000000
3423  2.530  -86.487  7.546 0.8999999762
10936  4.331  -77.080  -19.638 0.6000000238
12119  3.361  -76.608  -21.851 0.6999999881
134609  -0.452  -82.965  4.475 0.8000000119
146266  0.649  -84.318  4.587 0.6000000238
17676  1.409  -70.774  -7.992 0.6000000238
22108  4.837  -67.576  -13.598 0.8000000119
17688  4.417  -70.967  -8.836 0.6999999881
18770  4.637  -70.415  -9.651 0.6999999881
19845  3.068  -69.650  -10.766 0.5000000000
137975  5.042  -78.491  1.915 0.8999999762
9578  5.560  -78.102  1.459 0.8999999762
11783  4.921  -76.759  1.097 0.8999999762
16544  0.980  -71.889  -5.393 0.6999999881
17689  3.421  -70.985  -8.535 0.8000000119
19847  0.141  -68.571  -10.280 0.5000000000
18782  5.584  -70.182  -10.142 0.6999999881
18873  10.847  -69.632  -18.356 0.6999999881
18880  10.756  -69.848  -20.039 0.6999999881
17798  10.813  -72.153  -19.750 0.6000000238
15312  4.043  -73.118  -4.937 0.8000000119
19840  8.366  -69.581  -10.748 0.6999999881
147449  9.425  -71.142  -14.385 0.6999999881
133352  6.077  -78.189  3.731 0.8999999762
12867  5.509  -75.609  4.420 0.8000000119
15331  4.548  -73.371  -5.542 0.8000000119
19873  9.825  -69.608  -11.661 0.6999999881
13978  5.610  -74.648  5.859 0.8000000119
18702  3.346  -70.543  -2.292 0.6000000238
19804  8.251  -70.299  -6.499 0.8000000119
13968  5.358  -73.787  6.303 0.8000000119
24443  -0.233  -65.983  -5.083 0.4000000060
18575  4.426  -70.565  6.902 0.6999999881
19645  4.136  -69.838  6.884 0.6999999881
18596  2.639  -70.359  5.663 0.8999999762
151983  0.106  -64.032  -4.030 0.4000000060
23011  4.006  -66.173  8.897 0.5000000000
20721  2.357  -68.398  6.059 0.8000000119
25438  4.224  -64.798  8.458 0.6000000238
138814  1.186  -63.948  6.763 0.8000000119
28013  5.584  -62.390  -2.985 0.6999999881
33732  18.408  -56.218  4.977 0.3000000119
29059  4.419  -60.792  5.266 0.8000000119
31541  2.634  -58.706  -4.634 0.6000000238
32745  2.436  -58.559  -5.337 0.5000000000
33881  2.636  -58.021  -5.147 0.5000000000
33861  3.085  -57.524  -4.767 0.6000000238
36082  5.222  -55.438  -4.675 0.5000000000
39303  23.024  -52.430  -1.411 0.4000000060
39292  23.333  -52.164  -0.622 0.4000000060
40296  23.159  -51.813  -0.980 0.4000000060
39333  8.282  -52.301  -4.671 0.5000000000
40356  7.830  -50.948  -5.031 0.4000000060
41442  8.173  -50.295  -5.303 0.4000000060
141418  10.837  -51.662  -5.594 0.4000000060
41465  8.215  -50.114  -5.251 0.3000000119
42597  20.056  -49.249  -4.064 0.4000000060
1088  14.382  -91.408  -14.161 0.6000000238
17660  3.147  -71.537  -7.754 0.6999999881
1484  4.806  -90.616  -13.918 0.6999999881
1494  3.798  -90.737  -14.587 0.6999999881
234  8.409  -94.080  -14.274 0.6999999881
2503  4.321  -89.077  -13.878 0.8000000119
144754  11.421  -87.703  -7.906 0.6000000238
2418  10.557  -88.987  -8.195 0.6000000238
3034  11.228  -87.314  -8.700 0.6000000238
142714  11.701  -86.585  -8.786 0.6999999881
1434  9.592  -90.591  -8.576 0.5000000000
2440  12.421  -87.991  -9.817 0.6000000238
98  10.348  -94.235  -16.882 0.6999999881
267  10.746  -93.706  -18.757 0.6000000238
1424  9.269  -90.910  -7.100 0.5000000000
271  12.359  -93.085  -19.713 0.6999999881
1872  10.342  -89.565  -6.308 0.5000000000
1452  10.583  -91.106  -10.206 0.5000000000
153962  12.780  -93.133  -20.300 0.6999999881
472  12.807  -93.113  -21.094 0.6000000238
1407  9.345  -90.553  -5.462 0.5000000000
153391  10.700  -92.374  -10.547 0.4000000060
2851  8.774  -87.321  7.963 0.4000000060
1004  8.343  -91.686  -4.354 0.4000000060
2783  0.978  -87.422  13.106 0.4000000060
1725  4.881  -89.656  9.883 0.3000000119
2229  3.023  -89.142  10.457 0.4000000060
2257  6.331  -88.792  9.408 0.4000000060
130766  2.068  -85.909  10.942 0.6000000238
147493  10.495  -89.414  5.676 0.4000000060
338  8.836  -93.453  -1.416 0.4000000060
129921  17.510  -91.555  -17.795 0.4000000060
3334  2.390  -86.216  14.688 0.3000000119
139385  2.027  -86.649  14.041 0.4000000060
3384  0.676  -86.195  11.132 0.6000000238
5257  4.001  -84.089  10.012 0.6999999881
946  10.150  -91.932  2.293 0.4000000060
124  10.234  -92.985  1.824 0.4000000060
758  19.698  -92.023  -19.654 0.4000000060
1144  16.977  -90.035  -20.712 0.5000000000
130144  19.041  -92.018  -20.351 0.5000000000
764  18.290  -92.046  -20.789 0.5000000000
1559  19.396  -90.017  -24.351 0.6000000238
145211  16.808  -90.236  -22.193 0.6000000238
2028  19.495  -89.204  -25.186 0.6000000238
2593  20.101  -87.930  -26.698 0.5000000000
2586  19.231  -88.196  -26.587 0.5000000000
2784  0.825  -87.241  13.241 0.4000000060
3363  0.445  -86.945  12.535 0.5000000000
5273  3.562  -83.421  9.540 0.6999999881
3988  0.734  -85.139  11.279 0.6000000238
4624  1.512  -84.210  10.691 0.6000000238
4021  5.050  -85.915  6.404 1.0000000000
6750  5.408  -81.571  6.992 0.8000000119
5323  5.498  -83.495  5.480 0.8000000119
4039  4.191  -84.884  5.933 1.0000000000
2864  4.590  -87.226  6.417 1.0000000000
7173  10.623  -81.674  -26.118 0.6000000238
6424  16.840  -80.786  -30.861 0.5000000000
135308  3.236  -82.691  9.183 0.6999999881
6751  4.522  -81.477  6.847 0.8000000119
4022  3.707  -85.426  6.418 1.0000000000
6423  18.152  -80.342  -31.304 0.6000000238
9094  16.576  -79.261  -32.439 0.6000000238
4009  2.015  -85.619  7.436 0.8999999762
3406  1.546  -87.398  7.972 0.8999999762
2854  0.890  -88.162  8.016 0.8000000119
1745  1.886  -89.241  7.647 0.8000000119
132355  1.319  -88.979  7.525 0.8000000119
2855  0.434  -87.566  7.620 0.8000000119
2866  0.095  -87.650  6.810 0.5000000000
3435  -1.012  -86.159  6.412 0.8000000119
4682  -0.119  -85.249  5.319 0.8000000119
140724  -0.698  -81.327  4.441 0.8000000119
6793  -0.311  -80.841  3.900 0.8000000119
8589  2.037  -79.288  3.196 0.8000000119
9558  3.645  -78.624  3.630 0.8999999762
148956  9.189  -72.521  -23.394 0.4000000060
134601  5.180  -78.230  3.843 0.8999999762
12837  8.170  -74.772  7.536 0.8000000119
15112  6.673  -73.503  7.992 0.6999999881
20896  5.162  -68.505  -7.284 0.6999999881
20897  4.378  -68.424  -7.176 0.6999999881
20899  2.383  -68.100  -6.621 0.6999999881
149105  2.835  -67.725  -7.488 0.6999999881
23260  3.326  -66.930  -9.140 0.6000000238
23274  3.543  -66.473  -9.780 0.5000000000
23272  5.620  -66.436  -9.543 0.5000000000
24454  -0.170  -66.129  -5.973 0.5000000000
23261  2.166  -66.827  -8.791 0.5000000000
18569  1.862  -69.611  9.013 0.6000000238
19647  3.087  -68.455  7.645 0.6999999881
20717  2.614  -67.892  8.502 0.6000000238
21808  4.484  -67.008  9.003 0.5000000000
132817  2.947  -66.407  8.063 0.6000000238
23043  2.135  -65.839  6.656 0.8999999762
25440  2.744  -64.899  8.068 0.6999999881
26854  5.607  -63.430  -2.920 0.6000000238
26883  0.446  -63.309  -4.117 0.4000000060
26837  4.929  -63.677  -2.105 0.6000000238
26881  3.506  -63.088  -4.130 0.6000000238
28027  5.417  -62.803  -3.495 0.6999999881
153637  4.293  -63.160  -1.811 0.6000000238
26880  4.713  -63.062  -4.193 0.6999999881
147598  4.993  -62.834  -2.303 0.6999999881
136685  3.260  -63.083  -1.608 0.6000000238
28040  0.991  -62.384  -4.351 0.5000000000
27883  6.750  -62.672  5.905 0.6999999881
27869  2.844  -62.617  6.654 0.8000000119
143253  2.355  -61.862  5.928 0.8000000119
33764  15.690  -57.886  1.192 0.6999999881
27885  4.157  -61.884  5.652 0.8000000119
33761  19.129  -57.367  2.111 0.5000000000
130059  1.745  -61.721  -4.277 0.5000000000
29076  10.194  -61.618  4.668 0.6999999881
29077  9.192  -61.565  4.688 0.6999999881
30197  10.935  -61.171  4.256 0.6999999881
29078  8.233  -61.268  4.662 0.6999999881
150245  1.855  -59.633  -4.868 0.5000000000
33742  20.066  -55.888  3.712 0.3000000119
31559  1.857  -59.467  -5.124 0.5000000000
36011  22.861  -55.293  0.928 0.4000000060
38207  23.750  -53.599  2.281 0.3000000119
40282  24.169  -51.147  2.318 0.3000000119
136761  23.476  -51.852  0.240 0.4000000060
40283  23.827  -50.927  1.709 0.3000000119
38278  8.153  -53.358  -3.780 0.5000000000
41388  24.331  -51.107  -0.626 0.4000000060
146234  23.321  -50.876  -1.196 0.4000000060
41373  24.910  -50.155  0.362 0.4000000060
133297  25.427  -50.522  0.387 0.4000000060
41390  21.884  -51.685  -1.248 0.4000000060
151634  26.556  -50.539  0.338 0.4000000060
41454  20.578  -50.040  -3.882 0.3000000119
42543  25.740  -48.905  0.319 0.3000000119
43676  25.866  -48.224  -0.139 0.3000000119
154727  26.030  -49.971  -5.195 0.5000000000
43722  23.780  -48.320  -5.813 0.4000000060
139985  22.133  -50.454  -4.107 0.5000000000
44838  25.760  -47.558  -0.781 0.3000000119
43704  26.531  -47.228  -2.138 0.4000000060
273  11.022  -93.114  -19.411 0.5000000000
1416  9.310  -90.751  -6.381 0.5000000000
463  12.207  -93.101  -20.415 0.6000000238
1015  8.888  -91.225  -5.937 0.4000000060
129205  8.212  -92.319  -5.079 0.4000000060
153765  7.856  -93.752  -4.210 0.4000000060
134309  2.055  -84.985  10.917 0.6000000238
4623  2.512  -84.325  10.560 0.6999999881
5259  2.023  -83.602  10.288 0.6999999881
6740  3.955  -81.831  7.661 0.8000000119
144501  4.878  -82.022  5.632 0.8000000119
143535  4.544  -83.208  5.205 0.8000000119
9559  2.603  -78.781  3.788 0.8999999762
13942  7.314  -74.260  7.963 0.8000000119
23275  2.522  -66.424  -9.534 0.5000000000
20684  3.190  -68.298  9.671 0.5000000000
21787  3.833  -67.667  9.344 0.5000000000
20706  2.181  -68.511  9.113 0.5000000000
21789  2.553  -67.952  9.127 0.5000000000
26882  1.840  -63.198  -3.882 0.5000000000
152228  0.039  -62.540  -4.545 0.3000000119
27882  7.490  -62.631  5.768 0.6999999881
41374  24.039  -50.608  -0.553 0.4000000060
41375  23.606  -50.019  -0.315 0.3000000119
44825  25.433  -47.710  0.123 0.3000000119
28041  0.037  -61.743  -4.666 0.4000000060
3086  8.509  -87.831  -12.611 0.8999999762
3631  9.771  -86.460  -12.161 0.8000000119
139461  9.954  -88.013  -12.474 0.8000000119
2491  6.408  -88.184  -13.391 0.8999999762
3093  6.757  -87.479  -13.174 0.8999999762
3633  7.513  -86.428  -12.581 0.8999999762
4239  9.270  -85.707  -11.947 0.8000000119
380  5.983  -93.253  -8.799 0.6999999881
672  5.750  -92.416  -7.506 0.6999999881
1040  5.999  -91.669  -8.408 0.8000000119
2452  6.774  -88.452  -10.610 0.8000000119
1093  5.655  -91.008  -13.282 0.8999999762
419  9.321  -93.747  -12.801 0.8000000119
1092  10.634  -91.724  -13.052 0.8999999762
140956  9.068  -92.428  -12.564 0.8000000119
1081  9.388  -91.449  -12.639 0.8999999762
716  8.173  -92.766  -12.214 0.6999999881
83  10.324  -94.541  -13.926 0.8000000119
420  8.449  -93.677  -12.660 0.6999999881
82  10.813  -94.539  -13.827 0.8000000119
4841  10.647  -84.308  -9.240 0.8999999762
4214  8.987  -85.422  -9.268 0.8000000119
4223  11.400  -85.066  -10.136 0.6999999881
3072  4.978  -87.815  -11.905 0.8000000119
3069  12.794  -86.752  -11.420 0.8000000119
1454  5.279  -90.219  -11.155 0.8000000119
2492  5.439  -87.966  -13.421 0.8999999762
2475  12.315  -88.423  -12.386 0.6999999881
1468  11.270  -90.057  -12.807 0.6999999881
1090  12.222  -91.164  -13.373 0.6999999881
1946  13.337  -90.003  -13.248 0.6999999881
4201  12.278  -85.039  -7.983 0.6999999881
4202  11.922  -85.139  -8.804 0.6999999881
1879  10.513  -89.344  -7.219 0.5000000000
2428  10.464  -88.587  -9.002 0.6000000238
2442  10.704  -88.868  -9.528 0.5000000000
1895  14.618  -88.635  -9.880 0.6000000238
1898  11.244  -89.343  -9.990 0.5000000000
707  15.180  -91.926  -12.006 0.3000000119
233  12.686  -93.694  -14.619 0.5000000000
132429  14.885  -92.682  -14.249 0.4000000060
133635  6.045  -92.973  -12.495 0.6999999881
422  6.657  -93.464  -12.810 0.6000000238
232  14.424  -93.466  -14.910 0.4000000060
89  11.474  -94.334  -15.169 0.6000000238
3984  5.355  -85.476  11.043 0.6999999881
3993  8.230  -85.046  9.104 0.8000000119
129552  11.104  -87.798  -3.755 0.5000000000
2386  11.402  -88.065  -4.614 0.6000000238
4203  9.503  -84.939  -8.381 0.8999999762
1886  7.359  -89.312  -8.463 1.0000000000
1070  14.859  -91.569  -11.674 0.4000000060
2461  14.220  -88.056  -11.437 0.6999999881
145763  7.958  -93.906  -14.148 0.6999999881
244  13.377  -93.641  -16.175 0.4000000060
251  12.483  -93.923  -17.396 0.5000000000
246  11.813  -94.131  -16.936 0.6000000238
5308  11.163  -83.927  5.596 0.8000000119
1857  10.096  -89.406  -4.503 0.6000000238
2409  11.087  -88.951  -6.443 0.6000000238
2441  10.862  -87.922  -9.398 0.6000000238
1071  14.204  -91.646  -11.319 0.3000000119
1906  15.208  -89.011  -11.156 0.5000000000
134615  14.633  -93.374  -15.597 0.4000000060
249  13.642  -93.087  -17.178 0.4000000060
97  11.079  -94.255  -16.552 0.6999999881
260  11.125  -94.025  -18.238 0.6999999881
261  10.216  -94.027  -18.333 0.6999999881
137100  9.466  -90.443  -1.788 0.4000000060
1834  9.701  -89.726  -2.297 0.5000000000
143319  10.243  -88.867  -1.991 0.5000000000
1845  9.541  -89.812  -3.142 0.5000000000
3587  8.839  -86.896  -8.202 0.8999999762
152890  12.935  -93.168  -18.423 0.5000000000
2230  2.224  -88.693  10.597 0.4000000060
142556  7.546  -87.817  8.890 0.4000000060
2850  9.215  -87.685  7.435 0.5000000000
962  9.783  -91.733  0.819 0.4000000060
1382  8.622  -91.301  -2.854 0.4000000060
2417  11.187  -88.484  -7.359 0.6000000238
130579  11.352  -92.633  -10.757 0.4000000060
265  12.447  -93.396  -19.066 0.5000000000
455  13.854  -93.188  -19.713 0.6000000238
479  13.207  -92.609  -22.008 0.5000000000
2046  17.188  -88.743  -27.051 0.5000000000
2053  15.981  -88.389  -27.565 0.5000000000
1680  2.873  -89.292  12.561 0.3000000119
131035  10.348  -88.384  -2.656 0.5000000000
205  11.833  -94.105  -10.365 0.3000000119
780  15.212  -91.203  -22.997 0.5000000000
789  14.785  -89.820  -23.052 0.6999999881
1154  15.489  -89.935  -23.322 0.4000000060
453  15.397  -93.187  -19.533 0.6000000238
471  14.225  -93.166  -20.625 0.6999999881
1170  16.181  -90.348  -24.845 0.5000000000
144699  16.275  -87.338  -28.860 0.5000000000
138447  1.547  -88.298  10.747 0.4000000060
2819  1.180  -87.555  10.839 0.5000000000
138822  5.676  -87.961  5.492 0.8999999762
139820  6.798  -82.216  5.745 0.8000000119
3538  10.776  -86.389  -3.045 0.6000000238
1383  5.633  -90.349  -2.463 1.0000000000
1150  18.334  -89.700  -23.083 0.6000000238
1147  17.132  -89.800  -21.858 0.6000000238
1151  17.512  -89.601  -23.168 0.6000000238
753  16.307  -92.542  -18.447 0.4000000060
446  17.025  -93.007  -19.078 0.5000000000
143664  18.148  -89.864  -25.168 0.5000000000
477  14.888  -92.236  -22.124 0.5000000000
772  15.441  -91.742  -21.822 0.6999999881
459  16.554  -92.738  -20.558 0.6000000238
766  16.669  -92.187  -21.153 0.6999999881
2587  18.421  -88.477  -26.475 0.5000000000
2045  17.892  -88.364  -27.102 0.6000000238
9974  1.901  -77.525  -26.446 0.5000000000
3207  17.122  -87.183  -29.571 0.6000000238
3214  16.070  -86.990  -30.666 0.5000000000
3779  16.603  -86.364  -31.151 0.6000000238
152041  0.230  -87.577  12.210 0.5000000000
111  4.484  -93.495  3.029 0.6999999881
141287  9.090  -85.126  2.785 0.8000000119
744  16.924  -92.132  -17.954 0.4000000060
759  18.374  -92.340  -19.711 0.5000000000
743  18.381  -91.856  -18.122 0.4000000060
778  16.416  -90.708  -21.722 0.6999999881
1153  16.037  -89.401  -22.923 0.6999999881
7168  2.118  -80.821  -25.209 0.6000000238
132610  19.285  -87.053  -28.503 0.6000000238
3206  18.053  -87.052  -29.601 0.6000000238
3777  18.374  -86.035  -30.898 0.6999999881
3767  18.612  -86.292  -30.162 0.6999999881
3766  19.488  -85.826  -29.709 0.6000000238
4382  17.743  -85.586  -31.532 0.6999999881
5722  16.811  -83.263  -33.318 0.6000000238
5046  17.231  -84.318  -32.652 0.6999999881
4394  18.704  -84.596  -31.979 0.6000000238
5062  14.201  -84.057  -33.533 0.6000000238
4152  9.920  -85.759  -3.066 0.8000000119
769  17.553  -91.503  -21.025 0.5000000000
768  16.619  -90.060  -20.060 0.5000000000
760  17.767  -92.584  -20.051 0.5000000000
1560  18.521  -90.219  -24.390 0.5000000000
2034  19.086  -88.974  -26.046 0.5000000000
1152  16.662  -89.367  -22.931 0.6000000238
3757  19.580  -86.259  -28.788 0.6000000238
3756  19.876  -85.585  -28.061 0.4000000060
142712  17.859  -83.001  -29.946 0.5000000000
5723  15.925  -83.409  -33.595 0.6999999881
6429  13.132  -82.114  -34.186 0.4000000060
3336  1.360  -85.939  15.386 0.3000000119
1159  18.664  -90.286  -23.795 0.6000000238
4393  18.406  -83.419  -29.585 0.5000000000
5036  18.651  -83.035  -29.370 0.5000000000
5714  17.986  -81.953  -29.512 0.5000000000
6418  16.641  -82.105  -31.625 0.5000000000
6426  16.433  -81.927  -34.102 0.5000000000
140015  16.723  -82.084  -33.400 0.5000000000
127528  14.883  -81.392  -34.272 0.5000000000
9078  8.494  -79.175  -32.935 0.6999999881
5728  9.173  -83.045  -32.297 0.5000000000
4586  0.759  -83.963  14.799 0.3000000119
7184  11.227  -81.233  -29.156 0.6000000238
4354  3.611  -84.570  -26.999 0.5000000000
146778  6.668  -81.262  -31.079 0.5000000000
7223  16.061  -80.421  -31.582 0.6000000238
6422  8.447  -81.720  -32.289 0.5000000000
3910  1.150  -84.868  17.187 0.3000000119
19009  3.235  -70.789  -27.861 0.6000000238
17937  4.260  -70.997  -28.212 0.6000000238
130957  15.507  -80.231  -31.954 0.6000000238
10047  13.294  -78.748  -33.722 0.6000000238
9095  14.049  -79.333  -33.957 0.6000000238
9084  14.312  -78.777  -33.573 0.6000000238
127524  15.131  -80.117  -32.649 0.6000000238
5940  0.081  -81.954  12.071 0.4000000060
6378  9.282  -82.764  -25.652 0.6999999881
7167  10.370  -81.891  -25.358 0.5000000000
5000  5.856  -84.516  -22.976 0.6999999881
8961  2.711  -79.795  -22.632 0.8000000119
127852  15.360  -79.941  -32.160 0.6000000238
7222  16.883  -80.366  -31.313 0.5000000000
18976  6.297  -70.362  -25.602 0.6999999881
5325  2.932  -83.153  5.589 1.0000000000
18960  6.929  -69.695  -24.938 0.6000000238
14435  3.646  -74.563  -22.367 0.6999999881
140745  7.042  -75.172  -21.348 0.6999999881
21085  9.274  -67.711  -20.083 0.6000000238
17662  1.098  -71.200  -7.400 0.6000000238
23336  1.959  -65.562  -13.619 0.6000000238
19957  10.215  -68.780  -18.449 0.6000000238
11763  3.548  -76.705  2.357 0.6999999881
11745  2.132  -76.250  3.307 0.8000000119
12888  3.886  -75.847  3.772 0.8000000119
17659  3.979  -72.194  -7.539 0.8000000119
17648  8.721  -71.662  -6.573 0.8000000119
20904  8.976  -68.446  -7.979 0.5000000000
20892  9.579  -69.079  -7.545 0.5000000000
143614  6.553  -67.467  -8.433 0.6000000238
23257  5.972  -66.931  -8.772 0.5000000000
13977  6.609  -74.759  5.926 0.8000000119
18756  11.510  -70.031  -8.574 0.6999999881
20894  6.655  -68.717  -7.402 0.6000000238
13957  7.757  -74.176  7.276 0.8000000119
18598  0.049  -70.575  6.009 0.8999999762
19672  -0.523  -69.260  4.495 0.8000000119
23262  0.724  -66.624  -8.317 0.6000000238
21836  0.090  -67.838  6.008 0.8999999762
23099  -0.241  -66.085  2.703 0.6000000238
23013  2.990  -65.985  8.282 0.5000000000
33733  17.988  -56.479  5.104 0.4000000060
134467  7.934  -57.990  2.592 0.8000000119
129203  13.576  -57.105  1.438 0.6999999881
34917  18.299  -55.872  3.637 0.5000000000
29095  12.443  -60.946  3.967 0.6999999881
33731  19.035  -56.227  4.881 0.3000000119
34916  19.123  -55.591  3.575 0.4000000060
153771  19.910  -55.545  3.429 0.3000000119
28014  4.850  -61.981  -2.448 0.6000000238
29215  4.300  -61.377  -4.349 0.6000000238
36000  20.795  -55.301  2.855 0.4000000060
33760  20.069  -57.240  1.813 0.5000000000
35999  21.106  -55.223  2.996 0.3000000119
33741  21.104  -56.092  3.572 0.3000000119
37117  22.701  -54.566  2.199 0.3000000119
36066  3.744  -55.036  -2.982 0.6000000238
37182  5.466  -54.135  -2.704 0.6000000238
35035  4.604  -56.087  -7.013 0.4000000060
144687  24.254  -51.633  2.496 0.3000000119
37167  4.468  -53.504  -1.903 0.5000000000
38266  6.347  -53.832  -2.569 0.6000000238
40386  6.933  -51.522  -5.057 0.3000000119
42501  22.580  -49.277  1.779 0.3000000119
133735  23.057  -51.545  -1.397 0.4000000060
43654  24.527  -48.816  0.772 0.3000000119
144548  9.191  -50.491  -5.339 0.5000000000
40383  12.753  -51.641  -5.871 0.3000000119
139157  22.822  -51.476  -1.428 0.4000000060
44855  25.739  -47.482  -1.881 0.4000000060
41458  15.376  -50.635  -6.466 0.3000000119
41463  10.372  -49.830  -5.778 0.3000000119
42602  14.876  -49.755  -6.449 0.3000000119
41455  19.801  -50.702  -4.744 0.3000000119
42571  27.090  -47.798  -1.220 0.3000000119
43728  16.609  -48.863  -6.020 0.3000000119
42595  21.713  -49.809  -4.218 0.4000000060
43723  21.227  -49.268  -4.705 0.3000000119
43724  20.458  -48.938  -4.306 0.4000000060
148533  17.735  -48.003  -4.814 0.3000000119
44871  20.842  -48.661  -5.302 0.3000000119
143870  11.415  -93.759  -18.834 0.6000000238
22991  3.374  -66.879  9.072 0.5000000000
262  9.476  -94.006  -18.390 0.8000000119
272  11.807  -93.051  -19.775 0.6999999881
268  9.962  -93.650  -19.011 0.6000000238
480  12.349  -92.757  -21.900 0.6000000238
2033  19.927  -88.597  -26.011 0.5000000000
3750  20.243  -85.821  -27.435 0.4000000060
32546  21.808  -57.420  3.876 0.3000000119
464  11.465  -93.043  -20.377 0.6000000238
149129  20.485  -88.348  -25.501 0.4000000060
2027  20.214  -88.857  -25.284 0.5000000000
99  9.401  -94.202  -16.506 0.6000000238
2581  21.082  -88.109  -25.526 0.4000000060
2026  20.940  -88.837  -25.039 0.4000000060
2585  20.628  -88.031  -26.129 0.4000000060
2584  21.281  -87.557  -26.050 0.4000000060
2022  20.935  -89.281  -24.054 0.5000000000
2592  20.730  -87.278  -26.538 0.3000000119
2023  20.148  -89.265  -24.557 0.5000000000
3185  20.274  -86.496  -27.285 0.3000000119
1553  20.934  -89.620  -23.093 0.4000000060
1557  20.613  -89.631  -23.429 0.5000000000
1555  19.161  -90.102  -23.545 0.5000000000
134939  20.574  -85.485  -27.924 0.3000000119
1554  19.930  -89.723  -23.196 0.5000000000
5042  19.429  -82.432  -29.529 0.4000000060
127998  17.059  -89.899  -21.298 0.5000000000
1146  18.934  -89.003  -22.360 0.5000000000
145488  20.265  -89.105  -22.085 0.4000000060
1548  20.605  -89.525  -22.678 0.5000000000
6416  18.544  -80.725  -30.877 0.4000000060
127888  18.399  -89.518  -21.896 0.4000000060
145320  19.288  -89.077  -22.298 0.4000000060
7566  1.340  -79.539  9.046 0.6999999881
7557  1.980  -80.469  8.839 0.6999999881
8538  0.590  -78.421  9.102 0.6999999881
8537  1.246  -79.418  8.288 0.6999999881
7565  2.278  -80.304  8.130 0.6999999881
7574  1.120  -79.591  7.486 0.8999999762
134906  1.887  -80.354  6.761 0.6999999881
6021  2.030  -81.506  5.837 0.8999999762
6764  0.144  -80.769  6.560 0.8999999762
7584  0.027  -79.808  6.624 0.8999999762
7583  1.033  -80.079  6.768 0.8999999762
6763  1.178  -80.811  6.489 0.8999999762
6005  0.642  -81.507  6.581 0.8999999762
6004  1.351  -82.367  6.401 0.8999999762
4654  0.040  -84.615  7.604 0.8000000119
8523  0.639  -78.805  10.139 0.6999999881
8561  0.398  -79.026  7.283 0.8999999762
7585  -0.204  -79.807  6.382 0.8000000119
6007  -0.821  -82.308  7.010 0.6999999881
5990  -0.717  -82.744  7.205 0.8000000119
5310  0.133  -82.463  7.156 0.8000000119
5296  0.869  -83.358  7.025 0.8999999762
149146  -1.014  -82.679  6.983 0.6999999881
5991  -0.952  -83.015  7.168 0.6999999881
153666  0.815  -85.060  7.604 0.8000000119
4656  -1.487  -84.651  7.207 0.6999999881
131577  -0.889  -85.411  7.557 0.6999999881
130895  0.007  -85.686  7.667 0.6999999881
149188  0.999  -85.742  7.750 0.8000000119
4041  -1.641  -85.447  6.882 0.6999999881
4011  -1.251  -85.947  7.398 0.6999999881
4010  -0.683  -86.360  7.542 0.6999999881
6780  -1.015  -82.060  5.649 0.6999999881
5327  -1.437  -83.550  6.302 0.6999999881
5326  -1.255  -83.646  5.434 0.6999999881
135707  -0.521  -80.379  5.988 0.8000000119
5335  -1.182  -82.674  5.365 0.6999999881
149985  0.449  -77.895  8.537 0.6999999881
10523  0.560  -77.571  8.007 0.8999999762
8562  0.032  -79.006  6.294 0.8000000119
9511  0.369  -78.349  7.042 0.8999999762
10520  2.936  -77.303  8.077 0.8999999762
10521  1.782  -77.192  8.370 0.8999999762
9533  0.191  -78.882  5.916 0.8000000119
150433  0.634  -77.693  6.922 0.8000000119
10537  1.093  -77.216  7.781 0.8999999762
9548  -0.040  -79.117  5.189 0.8000000119
7600  -0.586  -80.450  4.685 0.6999999881
10536  2.256  -76.967  7.428 0.8999999762
9546  0.910  -78.621  4.726 0.8000000119
134488  0.578  -78.485  5.519 0.8000000119
10553  0.961  -77.989  6.202 0.8000000119
8592  -0.304  -79.793  4.368 0.6999999881
10564  2.854  -77.245  5.932 0.8000000119
10550  3.106  -77.014  6.621 0.8000000119
10534  4.516  -77.431  7.144 0.8000000119
9493  3.600  -77.953  8.640 0.6999999881
9530  2.528  -77.896  5.229 0.8000000119
10549  4.119  -77.203  6.587 0.8000000119
9492  4.725  -78.437  8.285 0.6999999881
10533  5.414  -77.717  7.173 0.8000000119
9507  5.548  -78.436  7.698 0.8000000119
9491  5.658  -79.000  8.236 0.6000000238
8534  7.054  -79.524  8.376 0.5000000000
8579  1.472  -78.955  3.962 0.8000000119
9544  3.141  -78.287  4.429 0.8000000119
9528  4.503  -77.674  5.319 0.8000000119
147415  4.588  -77.387  6.024 0.8000000119
140526  7.704  -79.549  9.350 0.5000000000
9519  6.913  -78.082  6.560 0.8000000119
132065  6.313  -78.157  7.194 0.8000000119
9543  4.297  -78.157  4.348 0.8000000119
9542  5.431  -77.953  4.645 0.8000000119
129339  5.337  -77.640  5.650 0.6999999881
8503  7.987  -79.282  9.805 0.5000000000
9506  7.359  -78.778  7.228 0.8000000119
8549  7.553  -79.290  7.837 0.6999999881
9450  7.595  -78.639  11.046 0.5000000000
138484  7.518  -77.945  5.756 0.8000000119
9504  8.412  -78.722  7.606 0.6000000238
8532  8.103  -79.194  8.916 0.5000000000
10532  8.988  -77.507  6.922 0.6999999881
10483  7.243  -77.800  10.947 0.5000000000
139034  8.686  -78.090  7.580 0.6999999881
10500  8.438  -78.058  8.961 0.6000000238
10492  7.739  -78.025  10.409 0.5000000000
9517  8.452  -78.157  6.874 0.8000000119
10519  8.380  -77.278  8.671 0.6000000238
146015  6.404  -76.720  10.345 0.6000000238
129675  7.625  -77.422  9.778 0.5000000000
12825  7.739  -75.315  8.174 0.6999999881
11701  8.075  -76.352  8.433 0.6999999881
12824  8.596  -75.730  7.766 0.6999999881
147195  6.824  -76.664  9.588 0.6999999881
11684  5.957  -76.194  9.870 0.6999999881
12826  6.793  -75.124  8.488 0.6999999881
11702  7.153  -76.101  8.740 0.6999999881
12810  5.400  -75.648  9.325 0.6999999881
13943  6.441  -74.110  8.392 0.6000000238
150770  4.573  -74.473  8.603 0.6000000238
13926  4.912  -75.066  8.838 0.6000000238
12811  4.464  -75.469  9.590 0.6000000238
148040  3.662  -75.049  9.499 0.6000000238
13927  3.215  -74.506  9.077 0.6000000238
13929  1.495  -73.619  9.761 0.5000000000
15116  2.433  -73.191  8.631 0.5000000000
17497  2.077  -70.934  8.684 0.6000000238
23263  -0.441  -65.964  -7.910 0.5000000000
30167  15.602  -59.050  7.240 0.3000000119
31347  16.658  -58.711  5.785 0.4000000060
142882  13.742  -59.351  7.927 0.3000000119
29051  13.155  -60.174  6.362 0.4000000060
30184  14.935  -59.761  6.435 0.4000000060
30196  15.250  -60.470  5.095 0.4000000060
32567  17.638  -57.754  2.262 0.5000000000
33785  14.901  -57.609  0.616 0.6000000238
32590  18.441  -58.453  1.734 0.5000000000
32591  17.496  -58.548  1.491 0.5000000000
32592  16.661  -58.545  1.004 0.5000000000
31415  18.118  -59.219  0.980 0.5000000000
139652  17.401  -59.012  0.755 0.5000000000
32616  16.181  -58.419  0.276 0.6000000238
29052  12.657  -61.160  5.645 0.4000000060
129265  11.757  -60.798  6.702 0.5000000000
27879  10.011  -62.179  6.512 0.5000000000
29074  12.591  -61.371  4.759 0.6000000238
133478  11.835  -61.394  5.425 0.6000000238
27881  8.315  -62.763  6.377 0.5000000000
27866  7.531  -62.965  6.794 0.5000000000
29073  13.593  -61.254  5.147 0.5000000000
32639  14.963  -57.900  -0.398 0.6000000238
32614  20.595  -58.098  0.955 0.5000000000
32589  19.591  -58.540  1.286 0.5000000000
32617  15.564  -58.160  -0.073 0.6000000238
127568  21.179  -58.731  -0.005 0.5000000000
31435  19.527  -59.519  0.364 0.5000000000
29056  7.850  -62.135  5.143 0.6000000238
29054  9.668  -62.220  5.467 0.6000000238
150852  13.395  -61.196  4.240 0.6000000238
33786  13.671  -57.168  0.439 0.6000000238
33784  20.848  -57.143  1.501 0.4000000060
33783  21.507  -57.610  0.577 0.5000000000
128060  21.716  -58.186  -0.525 0.6000000238
128066  21.397  -57.985  -1.879 0.6000000238
30365  0.371  -60.836  -5.107 0.3000000119
130323  1.014  -60.518  -4.865 0.4000000060
32594  10.403  -57.641  1.796 0.6000000238
34926  22.117  -55.860  1.231 0.4000000060
34936  22.840  -56.100  0.200 0.4000000060
127567  22.454  -56.746  -0.683 0.6000000238
34947  22.535  -55.685  -0.766 0.6000000238
30386  2.938  -59.857  -6.507 0.4000000060
30387  2.127  -59.705  -5.836 0.3000000119
32593  11.270  -57.300  1.500 0.6000000238
32573  9.515  -57.824  2.212 0.6000000238
32575  7.400  -58.202  2.559 0.5000000000
133850  6.188  -58.819  2.654 0.5000000000
32595  8.794  -58.031  1.415 0.6000000238
32596  8.010  -58.310  1.760 0.5000000000
141428  22.392  -54.906  1.781 0.3000000119
37125  23.080  -54.608  1.294 0.3000000119
37132  23.235  -54.629  0.106 0.3000000119
36028  22.591  -54.722  -0.890 0.3000000119
37139  22.589  -54.161  -2.015 0.3000000119
136066  23.151  -53.744  -0.377 0.3000000119
31584  2.390  -59.071  -5.665 0.4000000060
137785  3.583  -59.137  -6.460 0.4000000060
37124  23.379  -54.078  1.746 0.3000000119
130347  23.404  -53.955  0.627 0.3000000119
153752  23.570  -52.754  0.276 0.3000000119
38220  23.274  -53.009  -0.370 0.3000000119
38231  22.732  -53.154  -1.503 0.3000000119
32772  2.982  -58.703  -6.048 0.4000000060
136475  4.498  -58.676  -6.537 0.4000000060
32771  3.642  -58.150  -6.363 0.4000000060
38212  23.726  -53.300  1.100 0.3000000119
39285  23.801  -52.434  0.970 0.3000000119
37137  24.522  -53.535  -1.514 0.4000000060
38240  23.387  -52.995  -1.902 0.3000000119
38211  27.052  -53.809  0.292 0.4000000060
38238  29.207  -53.159  -1.630 0.4000000060
33907  4.277  -56.784  -6.657 0.4000000060
38219  26.085  -53.713  -0.027 0.4000000060
38230  24.241  -52.779  -1.394 0.4000000060
39302  23.606  -52.289  -1.353 0.4000000060
37130  26.831  -54.280  0.318 0.4000000060
39291  26.144  -52.721  0.148 0.4000000060
38216  28.337  -53.769  -0.374 0.4000000060
39290  26.929  -52.825  0.285 0.4000000060
40295  26.676  -52.196  0.378 0.4000000060
39310  28.677  -52.205  -1.074 0.4000000060
40320  28.149  -51.509  -0.792 0.4000000060
131593  29.014  -52.070  -1.770 0.5000000000
39316  29.022  -52.616  -3.065 0.5000000000
40341  28.743  -51.620  -3.493 0.5000000000
38262  29.871  -52.969  -5.043 0.5000000000
37189  29.275  -53.722  -5.516 0.5000000000
38275  26.918  -53.630  -5.022 0.5000000000
133292  25.949  -51.728  0.398 0.4000000060
39300  28.092  -52.640  -0.399 0.5000000000
40294  27.338  -52.348  0.113 0.4000000060
40307  27.773  -52.052  -0.348 0.4000000060
40321  27.726  -50.805  -0.823 0.4000000060
40331  28.694  -51.288  -1.982 0.5000000000
40332  28.279  -50.389  -2.255 0.5000000000
40353  28.203  -52.172  -4.723 0.5000000000
141371  29.680  -52.661  -5.937 0.5000000000
145666  28.564  -52.316  -6.156 0.5000000000
38292  25.983  -53.117  -5.136 0.5000000000
39346  24.050  -52.977  -4.852 0.4000000060
39347  23.005  -52.835  -4.613 0.4000000060
137897  24.764  -51.794  -0.450 0.4000000060
40309  25.250  -51.205  0.110 0.4000000060
40308  27.082  -51.593  0.188 0.4000000060
40322  28.126  -49.605  -0.950 0.3000000119
40333  28.123  -49.536  -2.620 0.4000000060
39344  26.207  -52.117  -5.419 0.4000000060
40372  25.261  -51.843  -5.349 0.4000000060
140281  23.531  -52.205  -4.874 0.4000000060
39348  22.268  -52.224  -4.552 0.3000000119
40376  21.546  -51.619  -4.339 0.4000000060
145612  20.782  -51.441  -4.482 0.3000000119
41405  27.267  -48.911  -0.270 0.3000000119
41414  27.694  -48.633  -1.639 0.3000000119
40343  27.291  -49.856  -3.954 0.4000000060
41428  27.440  -48.977  -3.111 0.4000000060
149674  26.582  -49.955  -4.769 0.4000000060
41440  26.365  -50.579  -5.262 0.4000000060
40371  25.850  -51.209  -5.477 0.4000000060
40373  24.778  -51.211  -5.430 0.4000000060
144201  22.910  -50.659  -5.084 0.4000000060
142389  21.183  -50.752  -3.927 0.3000000119
42594  22.344  -50.083  -5.046 0.4000000060
9509  4.034  -77.608  7.836 0.8999999762
33755  12.084  -57.305  1.967 0.6000000238
33788  11.976  -57.071  0.411 0.6000000238
133195  8.767  -94.063  -17.110 0.6000000238
11700  8.830  -76.782  7.976 0.6999999881
33767  13.011  -56.797  1.255 0.6000000238
33765  14.994  -57.470  1.545 0.6000000238
33759  21.454  -56.481  1.421 0.3000000119
39301  24.956  -52.333  -0.513 0.4000000060
146142  25.900  -49.640  0.466 0.3000000119
141925  26.746  -49.072  -4.132 0.4000000060
42592  24.865  -49.563  -5.596 0.4000000060
41450  25.468  -50.346  -5.453 0.4000000060
41451  24.611  -50.427  -5.555 0.4000000060
42608  23.005  -48.954  -6.003 0.3000000119
129590  21.046  -86.866  -27.209 0.3000000119
153197  -0.028  -61.245  -5.034 0.3000000119
42558  26.346  -48.572  -0.207 0.3000000119
42593  22.984  -49.770  -5.581 0.4000000060
141842  21.830  -50.783  -3.855 0.3000000119
40375  22.445  -51.297  -4.273 0.4000000060
9529  3.553  -77.722  5.190 0.8000000119
8520  7.062  -79.825  9.222 0.5000000000
31414  18.863  -59.248  1.044 0.5000000000
29053  10.501  -62.011  5.755 0.6000000238
128403  20.336  -59.111  0.349 0.5000000000
34937  22.320  -56.836  0.466 0.6000000238
144514  22.242  -57.507  -0.145 0.6000000238
34935  23.114  -55.419  -0.044 0.4000000060
127576  21.114  -55.878  -2.310 0.5000000000
36029  21.928  -54.907  -1.894 0.4000000060
131278  21.812  -54.611  -2.275 0.4000000060
37147  24.071  -53.960  -2.064 0.5000000000
128004  27.574  -53.536  0.034 0.4000000060
38252  29.354  -53.129  -2.433 0.4000000060
38228  28.859  -52.980  -0.994 0.4000000060
38253  29.884  -52.577  -3.577 0.4000000060
37136  25.403  -54.080  -0.740 0.4000000060
38229  25.201  -53.172  -0.641 0.4000000060
39289  27.571  -53.108  -0.005 0.3000000119
39322  29.341  -52.798  -5.032 0.5000000000
152064  27.337  -52.067  -5.543 0.5000000000
40342  28.024  -50.606  -3.740 0.4000000060
40369  27.950  -51.853  -5.211 0.4000000060
39345  25.097  -52.640  -5.179 0.4000000060
147854  24.930  -53.526  -5.103 0.5000000000
140282  24.395  -52.121  -5.238 0.4000000060
40374  23.211  -51.489  -4.867 0.4000000060
140280  22.859  -51.998  -4.550 0.4000000060
139057  22.205  -53.048  -4.865 0.5000000000
40370  26.841  -51.380  -5.279 0.4000000060
151534  23.906  -51.634  -5.255 0.4000000060
40354  27.452  -50.752  -4.799 0.4000000060
133720  23.844  -50.138  -5.636 0.4000000060
149138  19.335  -91.782  -17.955 0.3000000119
762  19.252  -91.364  -20.226 0.4000000060
757  20.046  -91.505  -19.748 0.4000000060
12785  4.197  -75.866  11.095 0.4000000060
12799  5.204  -75.911  10.188 0.5000000000
12786  3.280  -75.415  11.270 0.5000000000
32637  17.020  -58.575  -1.451 0.5000000000
30274  18.763  -58.909  -2.259 0.4000000060
31458  17.643  -59.063  -1.275 0.5000000000
31473  17.586  -58.743  -2.226 0.5000000000
32662  16.840  -58.585  -1.930 0.5000000000
32638  16.431  -58.278  -0.889 0.5000000000
128651  20.086  -59.015  -2.898 0.4000000060
30272  19.746  -59.010  -2.896 0.4000000060
31455  20.023  -59.559  -1.690 0.5000000000
32663  15.317  -58.343  -1.432 0.5000000000
128972  20.191  -59.318  -3.324 0.4000000060
130140  20.053  -59.691  -0.447 0.5000000000
32640  14.554  -58.092  -1.016 0.5000000000
33806  14.097  -57.689  -0.283 0.5000000000
33787  12.845  -56.882  0.563 0.5000000000
33807  13.261  -57.485  -0.321 0.5000000000
145353  21.705  -59.524  -3.675 0.4000000060
127914  20.870  -58.690  -3.603 0.4000000060
127893  21.207  -58.901  -1.235 0.5000000000
32641  13.768  -58.173  -1.146 0.5000000000
129217  21.497  -60.373  -3.383 0.4000000060
128038  20.920  -57.447  -2.775 0.4000000060
32618  12.334  -57.617  -0.347 0.5000000000
127575  21.072  -57.839  -3.367 0.4000000060
128402  12.712  -58.316  -1.298 0.5000000000
127800  22.110  -58.580  -3.753 0.4000000060
33769  10.479  -57.699  0.881 0.5000000000
33789  11.303  -57.313  0.670 0.5000000000
32619  11.316  -57.852  -0.440 0.5000000000
149873  21.104  -56.504  -2.560 0.5000000000
127573  21.216  -56.611  -2.042 0.5000000000
32643  11.122  -58.584  -1.513 0.5000000000
128106  21.165  -56.923  -3.036 0.4000000060
127577  22.085  -57.405  -3.627 0.4000000060
32620  9.684  -58.409  -0.040 0.5000000000
127578  21.176  -56.238  -2.634 0.4000000060
153467  22.901  -56.797  -3.447 0.4000000060
36041  21.476  -55.556  -2.612 0.4000000060
34966  24.003  -55.795  -3.009 0.4000000060
34967  22.822  -56.009  -3.245 0.4000000060
128525  23.696  -57.583  -3.312 0.4000000060
36051  22.701  -55.211  -2.720 0.5000000000
36050  23.906  -55.121  -2.591 0.4000000060
34955  24.622  -55.980  -2.135 0.4000000060
36039  24.545  -54.915  -2.083 0.4000000060
38294  23.422  -53.675  -4.897 0.4000000060
1142  17.489  -90.062  -19.928 0.4000000060
456  9.199  -93.187  -19.525 0.6000000238
128640  20.655  -59.386  -0.746 0.5000000000
31456  19.345  -59.734  -1.006 0.5000000000
127574  20.576  -58.491  -2.589 0.4000000060
31472  18.316  -58.808  -2.498 0.5000000000
32661  17.936  -58.751  -2.651 0.4000000060
32686  16.781  -58.804  -2.601 0.5000000000
127571  20.198  -58.780  -2.832 0.4000000060
128009  20.388  -58.806  -3.267 0.4000000060
37161  23.670  -54.436  -2.340 0.5000000000
5713  19.270  -81.795  -29.807 0.3000000119
2255  7.951  -88.466  8.328 0.3000000119
133350  8.519  -93.896  -6.356 0.3000000119
134589  8.969  -94.245  -6.909 0.3000000119
1055  9.615  -91.872  -10.001 0.3000000119
1049  9.315  -91.398  -8.436 0.4000000060
151408  8.854  -93.389  -9.081 0.3000000119
680  9.122  -92.413  -9.204 0.3000000119
403  10.292  -93.760  -10.256 0.3000000119
6674  6.239  -80.875  12.716 0.3000000119
144591  5.923  -80.876  11.630 0.4000000060
7542  4.616  -80.077  11.049 0.4000000060
7543  3.774  -79.871  11.437 0.4000000060
9461  1.512  -78.118  10.582 0.5000000000
8489  1.591  -78.960  11.782 0.4000000060
8507  -0.028  -79.091  10.836 0.6000000238
9462  0.685  -78.592  10.903 0.6000000238
153317  1.167  -77.819  9.901 0.6000000238
6709  5.619  -81.191  12.193 0.3000000119
7503  2.815  -80.595  12.622 0.3000000119
6711  3.833  -81.167  12.398 0.4000000060
150208  0.430  -81.088  12.755 0.3000000119
8488  2.869  -79.374  11.600 0.4000000060
149315  4.458  -79.483  10.407 0.4000000060
8479  0.367  -79.659  12.114 0.5000000000
7525  2.249  -79.749  12.229 0.4000000060
142092  2.040  -77.609  9.910 0.6000000238
7526  -0.066  -79.676  11.228 0.5000000000
7522  6.351  -80.559  11.232 0.4000000060
6693  3.628  -81.980  13.061 0.3000000119
8521  4.867  -79.365  9.737 0.4000000060
6694  2.345  -81.281  13.121 0.3000000119
9476  4.252  -78.660  9.181 0.4000000060
7502  6.689  -80.347  12.284 0.4000000060
6677  1.486  -81.763  13.738 0.3000000119
7541  6.225  -80.390  10.433 0.4000000060
8536  5.298  -79.167  8.938 0.5000000000
9494  2.477  -77.493  9.002 0.6000000238
5922  0.480  -82.057  13.343 0.3000000119
7520  7.151  -79.996  11.691 0.4000000060
10471  6.449  -78.260  12.114 0.4000000060
7556  6.010  -79.955  9.567 0.4000000060
8477  7.005  -79.660  12.094 0.4000000060
8487  7.378  -79.470  11.388 0.4000000060
10485  6.038  -77.501  11.761 0.4000000060
11648  5.169  -77.120  12.200 0.3000000119
11663  6.437  -77.182  11.038 0.4000000060
11665  4.710  -76.389  11.689 0.3000000119
11676  5.758  -76.460  10.665 0.5000000000
12801  3.648  -75.405  10.280 0.4000000060
13903  1.481  -74.378  10.822 0.4000000060
16284  1.021  -73.165  11.777 0.3000000119
13921  0.873  -73.431  10.929 0.4000000060
13919  1.851  -74.345  9.981 0.4000000060
16298  1.789  -72.447  11.907 0.3000000119
15087  1.132  -73.124  10.383 0.4000000060
17452  1.677  -72.269  11.062 0.4000000060
18535  2.155  -70.450  9.944 0.4000000060
135893  3.668  -70.830  10.546 0.4000000060
16326  1.606  -72.559  9.730 0.4000000060
16341  1.810  -72.665  8.964 0.4000000060
18533  4.839  -70.903  10.453 0.4000000060
17465  4.289  -71.661  10.884 0.4000000060
17467  2.125  -71.457  10.528 0.4000000060
17450  4.897  -71.920  11.691 0.3000000119
17451  2.317  -72.114  11.377 0.4000000060
17498  1.857  -71.111  9.255 0.4000000060
17468  1.963  -71.768  10.306 0.4000000060
18557  2.023  -69.828  9.424 0.4000000060
149495  4.045  -70.363  10.373 0.4000000060
18555  5.619  -70.235  9.929 0.4000000060
19619  2.210  -69.268  9.623 0.4000000060
19616  4.927  -69.301  9.758 0.4000000060
19617  3.754  -69.089  9.925 0.4000000060
18554  6.588  -70.064  9.463 0.3000000119
19614  7.450  -69.838  9.058 0.3000000119
20682  5.486  -68.783  9.291 0.4000000060
20683  4.371  -68.491  9.520 0.4000000060
20703  7.824  -68.712  8.261 0.3000000119
20704  6.912  -68.592  8.482 0.3000000119
21786  5.104  -67.900  9.100 0.4000000060
148297  5.802  -67.757  8.756 0.4000000060
23032  8.531  -66.248  7.583 0.3000000119
23009  6.149  -66.752  8.431 0.3000000119
23031  9.386  -66.141  7.622 0.3000000119
25435  6.891  -64.174  8.197 0.3000000119
135825  7.960  -66.873  7.744 0.3000000119
153146  5.925  -66.166  8.424 0.4000000060
24253  9.872  -64.680  7.673 0.3000000119
25460  8.170  -64.395  7.717 0.3000000119
135920  10.909  -62.444  8.185 0.3000000119
23033  7.420  -65.931  7.769 0.3000000119
24255  8.106  -65.306  7.629 0.3000000119
24232  6.649  -65.128  8.142 0.3000000119
25459  9.245  -63.822  7.712 0.3000000119
150119  8.372  -63.179  8.030 0.3000000119
25461  7.556  -63.814  7.915 0.3000000119
25462  6.513  -63.778  8.150 0.3000000119
27848  9.510  -62.699  7.712 0.3000000119
26669  7.015  -63.448  7.830 0.4000000060
29043  10.732  -61.736  7.074 0.4000000060
144198  8.836  -62.744  7.417 0.4000000060
27849  8.343  -63.216  7.917 0.4000000060
30170  11.690  -60.110  7.833 0.3000000119
29026  10.149  -62.197  7.354 0.4000000060
30385  4.055  -60.065  -6.593 0.3000000119
132505  4.535  -57.646  -6.613 0.3000000119
26692  6.628  -63.116  7.139 0.4000000060
30383  6.254  -60.232  -6.479 0.3000000119
136679  5.651  -57.683  -6.615 0.3000000119
33906  5.026  -56.740  -6.960 0.4000000060
2021  21.673  -88.881  -23.709 0.3000000119
1054  9.936  -91.259  -10.089 0.4000000060
7523  5.187  -80.800  11.621 0.4000000060
146909  4.481  -81.774  12.695 0.3000000119
8490  0.518  -79.057  11.826 0.5000000000
7504  1.627  -80.273  12.717 0.3000000119
6712  0.210  -80.690  11.476 0.5000000000
26652  9.783  -62.955  7.906 0.3000000119
130546  10.281  -62.303  7.657 0.3000000119
143328  0.182  -80.431  10.934 0.5000000000
27846  11.606  -61.278  8.113 0.3000000119
1026  8.856  -91.654  -6.715 0.4000000060
7544  0.313  -79.744  10.559 0.6000000238
8519  7.475  -79.907  10.110 0.4000000060
31437  17.824  -59.458  0.037 0.4000000060
31436  18.685  -59.640  0.195 0.4000000060
31457  18.454  -59.527  -1.075 0.4000000060
37149  22.340  -54.106  -2.142 0.4000000060
147492  4.571  -59.473  -6.545 0.4000000060
7555  6.803  -80.248  9.970 0.4000000060
37162  22.698  -54.458  -2.356 0.4000000060
1027  8.741  -92.514  -7.483 0.4000000060
670  8.754  -93.245  -8.371 0.3000000119
150631  3.548  -79.185  10.869 0.4000000060
9460  2.707  -78.357  10.359 0.6000000238
10474  3.770  -76.784  12.988 0.3000000119
19603  2.341  -69.704  10.011 0.4000000060
21806  7.283  -67.996  8.184 0.3000000119
945  10.419  -91.266  3.020 0.3000000119
591  10.129  -92.656  2.317 0.3000000119
130516  8.043  -93.381  -4.915 0.3000000119
149036  9.331  -94.084  -4.421 0.3000000119
1016  8.456  -92.045  -5.899 0.3000000119
359  8.419  -94.017  -5.450 0.3000000119
663  8.448  -92.868  -6.609 0.3000000119
1039  9.115  -91.531  -7.607 0.3000000119
147279  22.961  -52.792  -1.781 0.3000000119
35034  5.356  -55.949  -7.132 0.3000000119
12  5.116  -94.555  0.654 0.8000000119
77  11.593  -94.134  -13.927 0.8000000119
78  11.010  -94.382  -13.698 0.8000000119
79  10.403  -94.370  -13.576 0.8000000119
85  11.341  -94.434  -14.430 0.8000000119
86  10.844  -94.638  -14.164 0.8000000119
87  9.051  -94.337  -14.497 0.6999999881
91  9.594  -94.312  -15.598 0.8000000119
93  11.678  -94.230  -16.038 0.6000000238
94  10.866  -94.403  -15.736 0.8000000119
95  10.164  -94.364  -16.059 0.6999999881
96  8.927  -94.178  -15.761 0.6999999881
105  3.910  -93.265  3.758 0.6000000238
118  4.880  -93.729  2.362 0.8000000119
126  4.919  -94.197  1.886 0.6000000238
131  10.164  -93.868  0.499 0.3000000119
132  5.570  -94.454  -0.222 0.6000000238
133  5.557  -94.173  0.630 0.8000000119
139  6.072  -94.537  -0.971 0.6999999881
143  6.198  -94.490  -1.713 0.6999999881
151  9.444  -93.891  -3.577 0.3000000119
172  8.878  -94.341  -6.035 0.3000000119
173  6.040  -93.810  -7.417 0.8000000119
184  8.967  -94.244  -7.651 0.3000000119
189  12.673  -93.737  -9.105 0.3000000119
190  11.896  -93.749  -8.808 0.3000000119
206  10.939  -94.101  -10.213 0.3000000119
211  12.755  -93.967  -10.841 0.3000000119
218  9.847  -94.110  -13.170 0.8000000119
219  9.044  -94.176  -13.009 0.6999999881
224  13.983  -93.309  -14.575 0.4000000060
225  12.578  -93.583  -14.259 0.6999999881
226  9.695  -94.322  -13.538 0.8000000119
227  8.871  -94.242  -13.654 0.6999999881
228  8.044  -94.000  -13.653 0.6999999881
229  7.496  -93.766  -13.944 0.6999999881
237  15.235  -93.071  -15.158 0.4000000060
240  8.702  -94.127  -15.031 0.6999999881
242  14.365  -93.183  -16.407 0.4000000060
247  8.663  -94.065  -16.389 0.6000000238
250  13.154  -93.517  -17.067 0.4000000060
252  11.121  -94.137  -17.360 0.6999999881
253  10.486  -94.103  -17.695 0.6999999881
254  9.619  -94.121  -17.583 0.8000000119
258  12.603  -93.577  -18.508 0.5000000000
259  12.015  -94.005  -18.613 0.6000000238
264  13.028  -93.027  -19.015 0.6000000238
266  11.861  -93.503  -19.146 0.6000000238
291  1.646  -92.680  6.646 0.6000000238
315  4.491  -92.927  3.500 0.8999999762
320  5.069  -93.493  2.297 0.8999999762
337  9.267  -94.058  -0.932 0.4000000060
339  6.210  -93.845  -1.955 0.8000000119
344  6.180  -93.725  -2.760 0.8000000119
347  8.112  -94.049  -3.809 0.4000000060
348  6.318  -94.243  -3.319 0.8000000119
353  8.262  -94.068  -4.600 0.3000000119
354  6.294  -94.120  -4.035 0.8000000119
355  6.086  -93.654  -4.473 0.8999999762
360  6.158  -94.260  -5.704 0.5000000000
365  8.679  -93.686  -7.368 0.3000000119
367  6.198  -93.803  -6.179 0.6999999881
392  5.781  -93.116  -9.389 0.6999999881
401  12.179  -93.696  -10.767 0.4000000060
402  11.241  -93.591  -10.576 0.3000000119
418  10.863  -93.402  -13.220 0.8000000119
421  7.520  -93.541  -12.533 0.6999999881
425  14.962  -93.040  -13.880 0.5000000000
429  7.394  -93.804  -13.206 0.6000000238
430  6.733  -93.540  -13.596 0.6000000238
451  17.056  -93.013  -19.871 0.6000000238
454  14.498  -93.152  -19.392 0.5000000000
462  13.420  -93.169  -20.461 0.6999999881
465  10.674  -93.050  -20.403 0.5000000000
473  11.923  -93.072  -21.116 0.6000000238
570  0.878  -92.786  6.809 0.6000000238
576  2.378  -92.711  6.269 0.6000000238
581  4.528  -92.442  4.224 1.0000000000
582  3.724  -92.649  4.845 0.8000000119
587  4.853  -92.584  3.456 0.8999999762
596  10.027  -92.880  1.522 0.4000000060
597  5.603  -92.584  1.825 1.0000000000
604  5.788  -92.833  0.466 1.0000000000
611  9.344  -92.886  -0.120 0.4000000060
633  8.123  -92.975  -2.790 0.4000000060
634  5.481  -92.738  -4.070 0.8999999762
643  7.882  -93.363  -3.566 0.4000000060
655  8.247  -93.128  -5.734 0.3000000119
664  6.052  -93.498  -7.337 0.8000000119
669  8.966  -92.193  -8.207 0.4000000060
671  5.992  -93.343  -8.020 0.6999999881
681  8.868  -93.899  -8.857 0.3000000119
689  9.094  -93.549  -9.677 0.3000000119
690  6.108  -92.774  -9.424 0.6999999881
698  10.303  -93.009  -10.573 0.4000000060
700  5.599  -92.399  -10.237 0.6999999881
706  15.945  -91.133  -12.455 0.6000000238
709  12.867  -93.026  -11.451 0.4000000060
714  15.036  -92.135  -13.118 0.5000000000
720  15.820  -90.844  -13.963 0.6000000238
728  15.649  -91.103  -14.049 0.6000000238
750  19.647  -92.078  -18.775 0.4000000060
751  18.283  -92.441  -18.776 0.4000000060
763  18.281  -91.592  -20.646 0.5000000000
765  17.365  -92.348  -20.624 0.5000000000
776  16.955  -90.059  -20.979 0.6000000238
779  15.926  -90.632  -22.594 0.6999999881
790  14.253  -90.274  -23.028 0.4000000060
922  4.092  -91.767  5.377 0.8999999762
923  3.326  -91.590  6.065 0.8999999762
938  10.081  -91.940  3.139 0.4000000060
939  5.293  -92.158  3.471 0.8999999762
954  9.934  -92.303  1.559 0.4000000060
974  9.090  -92.131  -0.610 0.4000000060
981  8.960  -91.807  -1.418 0.4000000060
982  5.425  -91.662  -1.725 0.8999999762
1005  5.523  -91.269  -5.206 0.8999999762
1050  6.285  -91.971  -9.310 0.8000000119
1056  6.130  -92.077  -9.942 0.6999999881
1061  10.169  -92.013  -10.365 0.3000000119
1062  9.502  -92.737  -10.237 0.3000000119
1069  15.452  -91.092  -11.977 0.4000000060
1078  16.252  -90.682  -12.862 0.6000000238
1080  10.241  -91.272  -12.863 0.8999999762
1083  7.554  -92.228  -12.290 0.8000000119
1084  6.339  -91.151  -12.739 0.8999999762
1087  15.987  -90.055  -13.704 0.6000000238
1089  13.186  -91.560  -13.801 0.6999999881
1098  15.894  -90.719  -13.982 0.6000000238
1100  15.017  -90.885  -14.294 0.6000000238
1141  19.104  -90.633  -20.095 0.4000000060
1155  15.211  -90.428  -23.621 0.4000000060
1289  2.190  -90.072  7.280 0.8000000119
1292  10.093  -90.040  5.991 0.4000000060
1306  5.271  -90.511  4.954 1.0000000000
1317  5.606  -90.741  4.384 1.0000000000
1333  10.536  -90.249  2.827 0.4000000060
1336  5.824  -91.231  2.412 1.0000000000
1348  6.079  -90.950  1.430 1.0000000000
1357  6.446  -90.246  0.291 0.8999999762
1364  9.830  -90.990  -0.013 0.4000000060
1394  5.559  -90.191  -3.285 1.0000000000
1401  9.048  -90.772  -4.425 0.4000000060
1408  8.685  -91.384  -5.201 0.4000000060
1426  5.835  -91.289  -7.563 1.0000000000
1433  9.880  -90.095  -9.181 0.5000000000
1441  12.209  -90.058  -10.080 0.5000000000
1443  10.139  -90.504  -9.906 0.4000000060
1465  16.065  -89.998  -13.130 0.6000000238
1466  16.022  -90.229  -12.653 0.6000000238
1473  6.337  -90.219  -13.105 0.8999999762
1479  15.127  -89.904  -13.827 0.6000000238
1480  14.641  -90.468  -14.106 0.6000000238
1483  10.892  -91.235  -12.976 0.8999999762
1492  15.626  -90.230  -13.873 0.6000000238
1493  15.212  -90.576  -14.168 0.6000000238
1558  20.151  -89.964  -23.812 0.5000000000
1566  18.965  -89.927  -25.029 0.5000000000
1690  1.873  -89.320  12.224 0.3000000119
1691  1.379  -89.214  11.990 0.3000000119
1709  2.876  -90.090  10.454 0.3000000119
1710  1.541  -89.511  11.096 0.3000000119
1744  1.961  -89.448  7.624 0.8999999762
1755  3.816  -89.172  6.457 0.8999999762
1758  1.793  -89.922  7.093 0.6000000238
1763  10.549  -90.100  5.270 0.4000000060
1765  4.712  -89.429  5.791 1.0000000000
1773  6.337  -89.592  4.150 1.0000000000
1782  5.984  -90.241  4.114 1.0000000000
1790  6.598  -89.435  2.594 0.8999999762
1804  10.299  -90.113  0.334 0.5000000000
1805  6.681  -89.633  0.599 0.8999999762
1824  6.552  -89.599  -1.319 0.8999999762
1825  6.049  -90.031  -1.937 0.8999999762
1844  10.051  -89.245  -3.658 0.5000000000
1846  6.122  -88.651  -3.329 0.8999999762
1847  5.781  -89.248  -3.326 0.8999999762
1858  9.545  -89.958  -4.001 0.4000000060
1868  5.826  -89.367  -5.636 1.0000000000
1873  9.854  -90.197  -6.988 0.5000000000
1875  5.650  -90.033  -6.180 0.8999999762
1887  6.892  -90.157  -8.660 0.8000000119
1897  12.301  -88.936  -9.878 0.5000000000
1900  7.328  -89.101  -10.093 0.8999999762
1908  14.362  -89.313  -9.844 0.5000000000
1910  6.621  -89.407  -10.576 0.8999999762
1911  5.623  -89.368  -11.094 0.8000000119
1916  15.486  -89.794  -12.020 0.6000000238
1918  3.914  -90.021  -12.288 0.6999999881
1924  15.999  -89.853  -13.036 0.6000000238
1926  15.115  -89.216  -12.800 0.6000000238
1928  11.869  -89.320  -12.666 0.6999999881
1929  10.921  -89.328  -12.650 0.8999999762
1932  7.959  -89.283  -12.712 0.8999999762
1934  4.083  -89.142  -12.376 0.8000000119
1943  15.542  -89.632  -13.269 0.6000000238
1944  14.902  -89.527  -13.477 0.6000000238
1945  14.230  -89.752  -13.656 0.6000000238
1948  6.483  -89.225  -13.276 0.8999999762
1958  4.411  -89.667  -14.053 0.8000000119
1959  3.736  -89.758  -14.326 0.8000000119
2018  21.157  -89.317  -23.409 0.3000000119
2201  1.123  -88.046  12.684 0.4000000060
2210  0.775  -88.478  12.187 0.4000000060
2228  3.977  -88.550  10.386 0.4000000060
2231  1.469  -89.014  10.908 0.4000000060
2232  1.148  -88.971  11.414 0.4000000060
2243  6.938  -88.046  9.322 0.6000000238
2256  7.226  -88.702  8.821 0.4000000060
2263  9.057  -88.579  7.277 0.4000000060
2264  8.562  -88.113  7.830 0.4000000060
2265  1.358  -88.857  7.913 0.8000000119
2266  0.845  -88.341  7.723 0.8000000119
2267  0.432  -87.762  7.411 0.8000000119
2277  0.785  -88.543  7.107 0.5000000000
2296  11.130  -88.210  3.995 0.5000000000
2297  11.047  -89.004  4.223 0.4000000060
2299  5.967  -89.184  4.718 0.8999999762
2320  11.207  -88.242  2.621 0.5000000000
2321  7.444  -88.195  3.074 0.8999999762
2335  7.441  -88.232  1.338 0.8999999762
2356  7.198  -88.304  -0.565 0.8999999762
2357  6.963  -89.026  0.050 0.8999999762
2364  10.708  -88.137  -1.448 0.5000000000
2376  7.008  -88.064  -2.079 0.8999999762
2381  10.710  -87.644  -2.960 0.5000000000
2382  6.523  -88.251  -3.766 0.8999999762
2397  11.578  -88.434  -5.617 0.6000000238
2399  6.935  -88.175  -5.885 0.8999999762
2408  11.756  -88.335  -6.463 0.6000000238
2427  10.828  -88.135  -8.493 0.6000000238
2429  7.857  -88.487  -8.291 1.0000000000
2439  14.342  -88.012  -9.918 0.6999999881
2450  14.839  -88.421  -10.382 0.6000000238
2451  7.593  -88.273  -10.160 0.8999999762
2473  15.225  -89.295  -12.095 0.6000000238
2474  14.843  -88.747  -11.911 0.6999999881
2479  7.886  -88.362  -12.823 0.8999999762
2481  3.732  -89.165  -13.553 0.8000000119
2490  7.186  -88.039  -13.147 0.8999999762
2502  4.965  -88.835  -13.765 0.8000000119
2580  21.442  -88.218  -25.041 0.4000000060
2603  17.199  -87.991  -28.203 0.6000000238
2771  1.005  -86.762  13.819 0.4000000060
2772  0.972  -86.739  13.888 0.3000000119
2782  1.807  -87.911  13.112 0.3000000119
2796  0.521  -87.545  12.699 0.4000000060
2814  6.283  -86.822  10.116 0.6999999881
2816  4.117  -87.599  10.708 0.6000000238
2818  2.229  -87.766  10.639 0.4000000060
2820  0.954  -88.380  11.115 0.4000000060
2830  5.782  -88.178  9.965 0.6000000238
2840  8.201  -87.592  8.395 0.8000000119
2849  9.838  -87.046  7.083 0.5000000000
2852  2.813  -87.919  7.543 0.8999999762
2853  1.727  -88.225  7.993 0.8000000119
2856  -0.099  -87.061  7.415 0.8000000119
2865  3.764  -87.587  7.035 1.0000000000
2873  10.835  -87.699  5.720 0.4000000060
2876  4.997  -88.015  5.925 1.0000000000
2878  0.394  -87.435  6.407 0.6000000238
2887  6.774  -87.770  4.560 0.8999999762
2900  7.617  -87.418  3.506 0.8999999762
2901  7.200  -88.029  3.882 0.8999999762
2911  8.120  -86.804  2.192 0.8000000119
2912  7.760  -87.472  2.628 0.8999999762
2923  11.417  -86.699  1.981 0.6000000238
2925  8.282  -86.809  1.013 0.8999999762
2940  11.357  -86.951  1.172 0.6000000238
2966  10.861  -87.174  -1.682 0.5000000000
2976  10.882  -86.916  -2.978 0.6000000238
2978  7.246  -87.446  -2.652 0.8999999762
2986  7.720  -86.813  -3.273 0.8999999762
2992  6.951  -87.823  -4.307 0.8999999762
3000  12.125  -87.533  -5.158 0.6000000238
3001  8.214  -87.229  -5.730 0.8999999762
3003  6.939  -88.048  -5.054 0.8999999762
3016  7.661  -87.757  -6.406 0.8999999762
3026  7.610  -88.075  -7.358 0.8999999762
3055  13.994  -87.453  -10.253 0.6999999881
3056  13.127  -87.069  -10.334 0.6999999881
3057  7.739  -87.295  -10.158 0.8999999762
3058  6.892  -87.550  -10.629 0.8000000119
3070  6.314  -86.826  -11.267 0.8999999762
3071  5.542  -87.203  -11.690 0.8999999762
3081  13.469  -87.388  -11.423 0.6999999881
3082  12.533  -87.331  -12.065 0.8000000119
3085  9.285  -87.301  -12.408 0.8000000119
3087  7.571  -87.369  -12.900 0.8999999762
3088  5.263  -87.236  -12.456 0.8999999762
3089  4.666  -87.945  -12.639 0.8000000119
3095  5.458  -87.276  -13.076 0.8999999762
3158  5.091  -87.513  -21.283 0.6000000238
3170  4.750  -87.020  -23.127 0.5000000000
3174  4.346  -86.712  -24.702 0.5000000000
3187  18.421  -87.291  -28.522 0.6000000238
3196  18.730  -87.028  -29.128 0.6000000238
3198  16.640  -87.239  -28.689 0.5000000000
3337  1.110  -85.841  15.210 0.3000000119
3351  1.134  -86.290  14.566 0.3000000119
3372  4.689  -85.790  11.116 0.6999999881
3373  0.409  -86.827  11.774 0.5000000000
3379  5.197  -86.257  10.951 0.6999999881
3382  2.148  -86.848  10.846 0.5000000000
3389  7.505  -86.273  9.368 0.8000000119
3402  10.327  -86.287  6.801 0.8000000119
3407  0.775  -87.222  8.050 0.6999999881
3408  -0.169  -86.949  7.572 0.6999999881
3409  -0.769  -86.539  7.407 0.6999999881
3420  5.200  -86.492  6.231 0.8999999762
3421  4.506  -86.356  6.606 1.0000000000
3422  3.295  -87.020  7.400 0.8999999762
3431  6.608  -86.589  5.517 0.8000000119
3432  5.944  -86.591  5.782 0.8999999762
3440  11.445  -86.486  4.684 0.6999999881
3453  11.498  -86.004  3.068 0.6999999881
3454  8.305  -86.157  3.505 0.8000000119
3469  11.365  -85.930  2.234 0.8000000119
3485  11.285  -86.121  1.501 0.6999999881
3509  8.395  -86.384  -0.659 0.8999999762
3515  10.671  -86.386  -1.522 0.6999999881
3516  8.451  -86.162  -2.055 0.8999999762
3537  11.268  -86.591  -3.700 0.6999999881
3539  9.252  -85.891  -3.559 0.8999999762
3540  8.492  -86.168  -3.394 0.8999999762
3548  11.735  -86.450  -4.444 0.6999999881
3550  8.616  -86.484  -4.601 0.8999999762
3559  8.875  -86.605  -5.970 0.8999999762
3567  12.583  -86.351  -5.890 0.6000000238
3568  9.367  -85.879  -7.124 0.8999999762
3575  12.696  -86.069  -6.799 0.8000000119
3577  9.312  -85.626  -7.793 0.8999999762
3586  12.162  -85.857  -8.403 0.6999999881
3610  12.778  -86.586  -10.863 0.6999999881
3612  7.517  -86.296  -10.519 0.8000000119
3613  6.901  -86.166  -11.141 0.8000000119
3619  13.438  -87.009  -11.026 0.6999999881
3630  10.724  -86.386  -12.043 0.8000000119
3632  8.873  -86.368  -12.273 0.8999999762
3634  6.385  -86.268  -12.301 0.8999999762
3640  5.800  -86.750  -12.684 0.8999999762
3712  4.637  -86.588  -19.951 0.6000000238
3718  5.537  -86.824  -20.577 0.5000000000
3724  4.793  -87.510  -20.914 0.5000000000
3727  5.634  -86.925  -21.463 0.5000000000
3728  5.214  -87.480  -21.804 0.5000000000
3733  4.631  -87.239  -22.541 0.5000000000
3739  3.569  -85.730  -25.130 0.5000000000
3749  21.114  -86.015  -27.427 0.4000000060
3924  1.038  -85.032  16.564 0.3000000119
3937  0.930  -85.232  15.792 0.3000000119
3974  0.546  -85.865  11.528 0.5000000000
3983  6.733  -85.256  10.300 0.8000000119
3985  4.593  -85.153  11.093 0.6999999881
3987  1.098  -85.592  10.882 0.6000000238
4000  8.881  -85.140  8.630 0.8000000119
4007  10.201  -85.516  7.213 0.8000000119
4008  9.705  -85.528  7.696 0.8000000119
4012  -1.547  -85.427  7.161 0.6999999881
4019  11.240  -85.009  6.084 0.8000000119
4024  -1.342  -86.128  7.194 0.6999999881
4035  7.706  -85.345  5.556 0.8000000119
4036  7.039  -85.432  5.869 0.8000000119
4040  0.719  -86.012  5.343 0.6000000238
4051  11.581  -85.632  4.604 0.8000000119
4052  8.889  -84.947  4.219 0.8000000119
4065  9.356  -84.784  3.394 0.8000000119
4082  10.270  -85.064  2.002 0.8000000119
4083  9.374  -85.263  2.140 0.8000000119
4099  9.770  -85.425  1.438 0.8000000119
4100  9.010  -85.727  1.716 0.8000000119
4109  10.662  -85.800  0.685 0.8000000119
4111  9.573  -85.797  0.174 0.8000000119
4121  10.676  -85.977  -0.062 0.8000000119
4123  9.175  -85.835  -0.981 0.8999999762
4135  10.292  -85.901  -1.389 0.8000000119
4136  9.851  -85.711  -1.245 0.8000000119
4145  10.342  -86.017  -2.700 0.6999999881
4162  11.948  -85.983  -4.888 0.6000000238
4165  9.978  -85.861  -3.944 0.8999999762
4176  12.290  -85.943  -5.456 0.6000000238
4186  10.801  -85.086  -6.388 0.8000000119
4215  8.662  -85.235  -10.188 0.8000000119
4224  8.221  -85.227  -10.823 0.6999999881
4226  6.997  -85.814  -11.552 0.8000000119
4231  11.452  -85.253  -10.915 0.6999999881
4234  8.080  -85.444  -11.595 0.8000000119
4235  7.432  -85.645  -11.591 0.8000000119
4241  7.539  -85.774  -12.116 0.8000000119
4301  4.032  -85.303  -19.209 0.6000000238
4311  4.586  -85.656  -19.425 0.6000000238
4320  4.043  -86.511  -20.178 0.5000000000
4326  5.861  -85.971  -21.023 0.6000000238
4334  2.263  -86.332  -22.314 0.6000000238
4339  4.804  -85.814  -23.404 0.5000000000
4343  4.139  -85.302  -24.397 0.6000000238
4349  2.609  -84.871  -25.876 0.4000000060
4365  19.992  -84.864  -28.463 0.5000000000
4373  18.960  -84.490  -29.250 0.6000000238
4374  19.110  -85.603  -30.385 0.6000000238
4405  16.304  -84.595  -32.794 0.6999999881
4551  1.136  -84.551  17.480 0.3000000119
4559  1.088  -84.595  17.055 0.3000000119
4572  0.970  -84.504  16.299 0.3000000119
4620  6.480  -84.635  10.272 0.8000000119
4621  4.380  -84.623  10.641 0.6999999881
4625  0.721  -84.163  11.009 0.5000000000
4644  8.546  -84.397  8.862 0.8000000119
4652  1.554  -85.043  7.407 0.8999999762
4653  1.258  -84.287  7.243 0.8000000119
4655  -1.055  -84.315  7.525 0.6999999881
4662  11.256  -84.406  5.844 0.8000000119
4663  10.900  -84.553  6.508 0.8000000119
4665  2.324  -84.668  6.749 1.0000000000
4667  -1.683  -84.896  7.001 0.6999999881
4674  11.399  -84.319  5.171 0.8000000119
4679  4.809  -84.208  5.505 0.8999999762
4681  2.859  -84.015  5.938 1.0000000000
4683  -0.837  -84.472  5.371 0.8000000119
4684  -1.598  -84.487  6.425 0.6999999881
4691  11.278  -84.129  4.550 0.8000000119
4700  10.916  -84.560  3.386 0.8000000119
4701  10.200  -84.504  3.352 0.8000000119
4709  11.211  -84.993  3.106 0.8000000119
4806  11.961  -84.732  -6.948 0.8000000119
4807  11.246  -84.569  -6.994 0.8000000119
4810  12.047  -84.610  -7.594 0.8000000119
4812  10.950  -84.205  -7.671 0.8999999762
4813  10.292  -84.430  -7.964 0.8999999762
4830  10.169  -84.301  -8.817 0.8999999762
4840  11.190  -84.316  -8.939 0.8000000119
4843  9.249  -84.765  -9.955 0.8999999762
4853  11.033  -84.577  -9.701 0.8999999762
4854  10.385  -84.533  -10.126 0.8999999762
4866  10.143  -84.672  -10.988 0.8000000119
4867  9.212  -84.730  -11.096 0.8000000119
4868  8.492  -85.049  -11.148 0.8000000119
4947  4.175  -84.686  -18.767 0.6999999881
4962  5.740  -84.301  -19.396 0.6000000238
4963  4.959  -84.675  -19.180 0.5000000000
4964  3.672  -85.447  -19.652 0.6000000238
4988  3.169  -84.944  -21.551 0.6000000238
4995  2.769  -84.744  -22.497 0.6000000238
5003  2.352  -83.959  -23.244 0.6000000238
5006  4.506  -84.409  -24.539 0.5000000000
5007  3.408  -84.441  -25.267 0.5000000000
5014  2.738  -84.494  -26.083 0.4000000060
5033  5.449  -83.475  -29.756 0.5000000000
5045  18.274  -84.024  -32.475 0.6000000238
5053  16.923  -83.937  -33.125 0.6999999881
5213  0.980  -83.364  14.443 0.3000000119
5230  0.576  -82.987  13.487 0.3000000119
5240  0.178  -82.552  12.165 0.5000000000
5255  6.088  -84.119  9.993 0.8000000119
5258  3.033  -83.847  10.095 0.6999999881
5261  0.346  -83.308  11.212 0.5000000000
5269  8.098  -83.760  9.071 0.8000000119
5272  4.508  -83.540  9.534 0.6999999881
5274  2.591  -83.110  9.706 0.6999999881
5284  8.773  -83.624  8.526 0.8000000119
5295  9.964  -83.154  7.414 0.8000000119
5297  -0.248  -83.524  7.455 0.8000000119
5298  -0.956  -83.417  7.405 0.6999999881
5299  -1.219  -83.776  7.276 0.6999999881
5309  10.841  -83.758  6.244 0.8000000119
5311  -1.581  -84.160  6.934 0.6999999881
5324  3.683  -82.756  5.232 1.0000000000
5331  11.170  -83.843  5.137 0.8000000119
5332  10.702  -83.654  4.795 0.8000000119
5333  10.038  -83.657  4.649 0.8000000119
5334  0.910  -83.552  4.043 0.6000000238
5601  3.441  -83.358  -18.338 0.6999999881
5602  2.969  -83.206  -18.659 0.6999999881
5618  2.829  -83.505  -19.202 0.6999999881
5627  7.134  -84.041  -20.053 0.6000000238
5637  3.098  -84.175  -21.106 0.5000000000
5642  8.463  -83.441  -22.047 0.5000000000
5643  7.767  -83.835  -22.244 0.6999999881
5644  6.986  -84.250  -22.080 0.6999999881
5646  1.910  -83.941  -23.392 0.6000000238
5657  2.203  -83.332  -23.754 0.6000000238
5664  7.295  -84.048  -24.888 0.6999999881
5665  6.342  -84.184  -24.595 0.6999999881
5666  5.380  -84.195  -24.460 0.6000000238
5675  4.747  -83.625  -25.761 0.6000000238
5682  5.994  -83.476  -26.557 0.6000000238
5683  5.000  -83.394  -26.503 0.6000000238
5689  6.273  -83.249  -27.216 0.6000000238
5691  4.359  -83.321  -27.658 0.6000000238
5699  4.779  -82.826  -29.219 0.5000000000
5704  5.676  -83.095  -30.338 0.5000000000
5718  19.170  -81.233  -30.480 0.3000000119
5719  17.347  -81.581  -29.800 0.5000000000
5720  17.015  -82.445  -31.154 0.5000000000
5724  14.943  -83.571  -33.691 0.5000000000
5731  15.768  -82.778  -34.067 0.5000000000
5733  13.098  -83.134  -34.103 0.6000000238
5960  5.855  -82.961  8.875 0.8000000119
5964  1.452  -81.615  9.760 0.6999999881
5975  4.410  -82.335  8.450 0.6999999881
5976  3.717  -82.329  8.539 0.6999999881
5987  9.314  -82.719  7.540 0.8000000119
5988  8.474  -82.288  7.493 0.8000000119
6000  9.963  -82.781  6.195 0.8000000119
6001  9.296  -82.610  6.282 0.8000000119
6006  -0.372  -81.837  6.953 0.8999999762
6008  -1.243  -83.324  6.916 0.6999999881
6013  10.180  -83.020  5.729 0.8000000119
6014  9.683  -82.864  5.740 0.8000000119
6016  7.713  -82.542  5.968 0.8000000119
6018  5.289  -82.557  5.483 0.8000000119
6020  2.944  -82.217  5.450 0.8000000119
6026  -0.693  -82.053  4.339 0.8000000119
6030  0.319  -81.747  2.873 0.5000000000
6303  3.732  -82.623  -18.144 0.6000000238
6330  2.717  -82.881  -19.952 0.6000000238
6342  3.152  -83.160  -22.373 0.6000000238
6353  3.163  -82.400  -22.600 0.6999999881
6365  2.029  -82.817  -24.184 0.6000000238
6366  1.634  -82.283  -24.393 0.6000000238
6389  8.512  -82.702  -27.539 0.6999999881
6392  5.358  -82.831  -27.875 0.6000000238
6393  4.736  -82.872  -28.109 0.5000000000
6399  5.772  -82.252  -28.563 0.6000000238
6405  6.024  -82.141  -30.551 0.5000000000
6408  6.049  -82.683  -30.877 0.5000000000
6421  9.130  -82.277  -32.463 0.5000000000
6678  0.673  -81.500  13.335 0.3000000119
6691  5.849  -81.349  12.773 0.3000000119
6692  5.233  -81.724  12.763 0.3000000119
6695  1.010  -80.823  13.108 0.3000000119
6708  6.312  -80.896  12.043 0.3000000119
6710  4.812  -81.261  12.199 0.4000000060
6720  0.677  -80.873  10.176 0.6999999881
6721  0.368  -81.315  10.971 0.5000000000
6729  2.137  -81.141  9.206 0.6999999881
6738  5.822  -81.699  7.899 0.8000000119
6748  7.109  -81.604  6.970 0.8000000119
6752  3.621  -81.138  6.734 0.8000000119
6758  6.644  -81.555  6.251 0.8000000119
6759  5.946  -81.560  6.147 0.8000000119
6760  4.971  -81.632  6.080 0.8000000119
6762  2.722  -81.071  5.806 0.8000000119
6765  -0.253  -81.179  6.356 0.6999999881
6766  -0.860  -82.113  6.588 0.6999999881
6775  6.432  -81.785  5.855 0.8000000119
6776  5.626  -81.876  5.791 0.8000000119
6777  4.228  -81.647  5.625 0.8000000119
6778  3.484  -81.336  5.686 0.8000000119
6779  -0.649  -81.338  5.838 0.8000000119
6787  -0.909  -81.343  5.081 0.6999999881
6788  -1.122  -81.865  4.931 0.6999999881
7083  4.136  -81.834  -18.232 0.6000000238
7107  2.728  -81.416  -20.887 0.6000000238
7119  2.895  -81.111  -21.783 0.6999999881
7129  3.107  -82.109  -23.474 0.6999999881
7154  10.237  -82.028  -24.561 0.5000000000
7155  2.525  -81.266  -24.895 0.6000000238
7156  1.876  -81.577  -24.806 0.6000000238
7177  12.225  -81.289  -27.768 0.6000000238
7196  6.142  -81.631  -29.829 0.6000000238
7197  5.418  -82.051  -29.249 0.6000000238
7200  6.680  -81.089  -30.250 0.6000000238
7205  7.239  -80.789  -31.513 0.5000000000
7217  8.194  -80.633  -32.647 0.5000000000
7221  17.977  -80.047  -31.756 0.6000000238
7224  15.937  -81.193  -33.497 0.5000000000
7227  11.538  -81.349  -34.002 0.6999999881
7229  10.192  -80.581  -33.831 0.6000000238
7505  0.393  -80.442  12.420 0.3000000119
7506  0.141  -80.094  11.747 0.5000000000
7521  6.849  -80.369  11.508 0.4000000060
7524  3.370  -80.189  12.021 0.4000000060
7539  7.336  -79.951  11.025 0.4000000060
7540  6.892  -80.273  10.695 0.4000000060
7558  1.257  -80.129  9.590 0.6000000238
7573  1.948  -80.076  7.500 0.6999999881
7581  2.519  -80.728  6.228 0.8000000119
7582  1.932  -80.644  6.114 0.6999999881
7594  -0.582  -79.984  5.467 0.8000000119
7605  0.118  -80.520  3.306 0.8000000119
7606  -0.268  -80.241  4.011 0.6999999881
7615  0.617  -80.472  2.310 0.6999999881
7627  0.858  -80.675  1.299 0.6000000238
7939  2.535  -80.805  -20.166 0.6999999881
7963  2.630  -80.331  -21.685 0.6999999881
8008  3.059  -80.519  -23.599 0.6999999881
8088  12.034  -81.123  -29.151 0.5000000000
8110  8.323  -79.763  -30.847 0.6999999881
8112  6.800  -80.871  -30.901 0.5000000000
8119  8.068  -79.602  -31.572 0.6999999881
8129  9.456  -80.186  -33.713 0.6000000238
8130  8.757  -80.189  -33.265 0.5000000000
8137  16.745  -80.015  -31.635 0.5000000000
8139  12.994  -80.365  -34.174 0.6000000238
8141  10.612  -79.985  -34.083 0.8000000119
8478  1.093  -79.496  12.333 0.4000000060
8491  0.025  -79.338  11.525 0.5000000000
8504  7.718  -79.376  10.624 0.5000000000
8505  5.307  -80.013  10.349 0.4000000060
8506  2.302  -78.642  11.124 0.4000000060
8508  -0.104  -79.085  11.132 0.6000000238
8522  3.885  -78.770  10.058 0.4000000060
8524  0.207  -78.741  10.789 0.6000000238
8533  7.633  -79.439  8.587 0.5000000000
8535  6.280  -79.489  8.665 0.6000000238
8548  8.127  -79.173  8.029 0.6999999881
8550  6.555  -79.106  7.812 0.5000000000
8551  0.507  -78.542  8.083 0.8999999762
8552  0.399  -78.270  7.559 0.8999999762
8553  0.319  -79.123  6.942 0.8999999762
8570  -0.224  -79.392  5.635 0.8000000119
8580  0.442  -79.110  4.225 0.6999999881
8581  -0.083  -79.318  4.551 0.8000000119
8582  -0.368  -79.594  4.919 0.8000000119
8588  3.049  -78.959  2.992 0.8999999762
8591  0.064  -79.716  3.820 0.6999999881
8597  4.313  -78.840  2.037 0.8999999762
8611  2.986  -79.520  1.552 0.8000000119
8622  4.143  -78.850  0.628 0.8999999762
8624  2.972  -79.628  0.146 0.6999999881
8639  3.916  -78.687  -0.036 0.6999999881
8912  3.147  -79.277  -18.925 0.6000000238
8913  2.716  -79.331  -19.493 0.6000000238
8970  3.214  -80.736  -24.496 0.6999999881
8982  3.243  -79.966  -25.106 0.6000000238
8996  2.988  -79.483  -25.570 0.6000000238
8997  2.386  -79.389  -25.675 0.6000000238
9058  10.774  -79.432  -30.813 0.6000000238
9069  10.182  -78.800  -31.176 0.6000000238
9070  8.604  -79.224  -32.188 0.6999999881
9077  9.225  -78.776  -32.900 0.6999999881
9085  9.242  -78.972  -33.422 0.6999999881
9096  13.745  -79.394  -34.001 0.6000000238
9097  12.826  -79.760  -33.948 0.6000000238
9099  10.374  -79.092  -34.130 0.6000000238
9451  7.128  -78.882  11.814 0.4000000060
9452  1.365  -78.550  11.176 0.6000000238
9453  0.809  -78.746  11.404 0.5000000000
9459  8.014  -78.728  10.205 0.5000000000
9463  0.162  -78.882  11.267 0.5000000000
9475  8.208  -78.684  9.351 0.5000000000
9477  3.139  -78.170  9.496 0.6000000238
9478  1.428  -77.523  9.215 0.6000000238
9479  0.628  -78.381  10.195 0.6999999881
9490  8.430  -78.597  8.362 0.6000000238
9495  0.477  -78.165  9.518 0.6999999881
9505  8.067  -78.927  7.336 0.6000000238
9508  4.822  -77.937  7.614 0.8000000119
9510  0.491  -77.809  7.636 0.8999999762
9518  7.885  -78.334  6.617 0.8000000119
9520  6.002  -77.745  6.736 0.8000000119
9521  0.417  -77.953  7.076 0.8000000119
9522  0.404  -78.530  6.618 0.8000000119
9531  1.453  -78.221  5.399 0.8000000119
9532  0.644  -78.302  6.229 0.8000000119
9545  2.030  -78.500  4.586 0.8000000119
9547  0.225  -78.879  4.920 0.8000000119
9554  7.212  -77.743  3.104 0.8000000119
9555  6.479  -78.214  2.893 0.8999999762
9557  4.600  -78.536  3.404 0.8999999762
9568  6.320  -78.008  2.086 0.8999999762
9569  5.724  -78.358  2.334 0.8999999762
9570  4.867  -78.621  2.631 0.8999999762
9577  5.983  -77.450  1.583 0.8999999762
9579  4.688  -78.561  1.142 0.8999999762
9591  5.050  -78.066  0.768 0.8999999762
9606  4.017  -77.973  -0.210 0.6999999881
9607  3.403  -78.465  -0.588 0.6999999881
9878  4.372  -78.533  -19.140 0.6000000238
9879  3.554  -78.591  -19.109 0.6000000238
9901  3.085  -78.106  -19.590 0.6000000238
9902  2.640  -78.650  -19.958 0.6000000238
9926  2.804  -78.896  -23.114 0.6999999881
9959  2.205  -78.781  -26.033 0.6000000238
9960  1.554  -78.267  -26.018 0.6000000238
10029  11.328  -78.415  -33.155 0.6000000238
10030  10.416  -78.580  -33.017 0.6000000238
10036  13.464  -78.026  -33.568 0.6000000238
10038  11.000  -78.616  -33.572 0.6000000238
10039  10.344  -78.593  -33.938 0.6999999881
10040  9.862  -78.612  -33.654 0.6000000238
10048  12.629  -79.038  -33.648 0.6000000238
10484  6.904  -78.007  11.515 0.4000000060
10501  8.139  -78.133  9.710 0.5000000000
10502  7.061  -77.279  10.385 0.6000000238
10518  8.716  -77.754  8.197 0.6999999881
10522  0.860  -77.558  8.548 0.8999999762
10535  3.509  -77.129  7.258 0.8999999762
10538  0.606  -77.558  7.509 0.8999999762
10545  8.900  -77.436  6.118 0.6999999881
10547  6.298  -77.805  5.976 0.6999999881
10548  5.161  -77.542  6.518 0.8000000119
10551  2.012  -77.030  6.714 0.8000000119
10552  1.097  -77.260  7.196 0.8999999762
10559  9.119  -76.953  5.690 0.8000000119
10561  8.060  -77.637  4.796 0.8000000119
10563  3.806  -77.242  5.938 0.8000000119
10565  1.851  -77.654  6.039 0.8000000119
10572  7.812  -77.524  3.775 0.8000000119
10573  6.590  -78.001  4.370 0.8999999762
10580  8.010  -77.031  3.690 0.8000000119
10592  7.113  -77.263  2.701 0.8000000119
10921  4.668  -77.737  -19.417 0.6000000238
10934  6.591  -77.173  -20.746 0.5000000000
10935  6.079  -77.109  -20.172 0.6000000238
10937  3.358  -77.326  -19.948 0.6000000238
10978  2.805  -78.059  -22.439 0.6999999881
11038  3.288  -78.136  -26.014 0.6999999881
11058  3.214  -77.536  -26.302 0.6999999881
11059  2.619  -77.176  -26.538 0.6999999881
11060  1.916  -76.723  -26.582 0.5000000000
11664  5.538  -76.761  11.404 0.4000000060
11677  5.025  -76.141  10.958 0.5000000000
11683  7.654  -76.934  9.064 0.6999999881
11712  9.269  -76.211  6.653 0.8000000119
11713  9.192  -76.698  7.209 0.6999999881
11725  9.149  -76.332  5.945 0.8000000119
11731  7.823  -76.633  3.746 0.8000000119
11741  6.590  -76.579  2.738 0.8999999762
11760  6.702  -76.963  2.373 0.8999999762
11764  2.375  -76.740  2.591 0.8000000119
11781  6.217  -77.017  1.815 0.8999999762
11782  5.589  -76.946  1.331 0.8999999762
11799  4.999  -77.045  0.783 0.8000000119
12095  6.605  -76.342  -20.555 0.6999999881
12097  4.847  -76.351  -20.053 0.6999999881
12170  3.527  -77.333  -26.028 0.6999999881
12182  3.353  -76.805  -26.451 0.6999999881
12800  4.523  -75.773  10.438 0.5000000000
12802  2.551  -74.910  10.578 0.4000000060
12809  6.246  -75.879  9.014 0.6999999881
12812  4.085  -74.857  8.970 0.6000000238
12827  5.802  -75.119  8.646 0.6000000238
12836  9.132  -75.840  7.210 0.6999999881
12852  8.778  -75.806  5.602 0.6999999881
12853  8.106  -75.489  5.341 0.8000000119
12855  6.042  -75.288  5.223 0.8000000119
12871  1.343  -75.164  4.520 0.8000000119
12872  0.420  -74.888  4.329 0.6000000238
12885  7.163  -76.333  3.546 0.8000000119
12890  1.829  -75.664  3.906 0.8000000119
13250  6.635  -75.475  -20.709 0.6999999881
13264  3.870  -75.361  -21.651 0.6999999881
13283  3.464  -75.750  -23.943 0.6999999881
13305  3.316  -75.965  -26.676 0.6999999881
13320  2.633  -75.611  -27.004 0.6999999881
13918  2.874  -74.757  9.742 0.4000000060
13920  1.117  -73.680  10.475 0.4000000060
13928  2.217  -74.204  9.177 0.6000000238
13944  5.427  -74.310  8.496 0.6000000238
13946  2.721  -73.903  8.675 0.5000000000
13956  8.444  -74.658  6.945 0.8000000119
13966  7.844  -74.348  6.770 0.8000000119
13969  4.386  -73.741  6.190 0.8000000119
13982  0.733  -73.820  5.228 0.8000000119
13983  0.476  -73.585  5.026 0.6999999881
13991  4.006  -74.955  5.172 0.8999999762
13993  1.966  -74.732  5.100 0.8000000119
13996  0.096  -73.913  4.304 0.5000000000
14409  5.809  -74.162  -20.500 0.6999999881
14423  7.046  -74.261  -21.711 0.6000000238
14483  2.627  -74.290  -26.872 0.5000000000
15096  1.853  -73.520  9.026 0.5000000000
15097  1.419  -73.085  9.757 0.4000000060
15111  7.119  -73.777  7.516 0.6999999881
15113  5.621  -72.796  8.144 0.6999999881
15126  6.688  -73.316  7.363 0.6999999881
15135  6.631  -73.367  6.906 0.6999999881
15136  6.027  -72.904  6.774 0.6999999881
15137  5.189  -72.878  6.549 0.8000000119
15148  2.298  -73.491  5.861 0.8999999762
15149  1.243  -73.376  5.582 0.8999999762
15150  0.646  -73.187  5.330 0.8999999762
15310  6.021  -72.947  -4.769 0.8999999762
15328  7.078  -72.887  -5.786 0.8000000119
15329  6.462  -73.218  -5.579 0.8999999762
15332  3.774  -73.044  -5.430 0.8000000119
15355  4.429  -73.076  -6.441 0.8000000119
15356  3.892  -73.092  -5.916 0.8000000119
15377  6.182  -73.045  -7.072 0.6999999881
15378  5.292  -73.101  -6.748 0.6999999881
15561  6.165  -72.857  -20.488 0.6000000238
15585  3.746  -73.660  -21.850 0.6999999881
15603  9.573  -73.085  -22.780 0.4000000060
15604  7.701  -72.213  -23.576 0.6000000238
15621  7.598  -72.731  -23.971 0.5000000000
16283  1.448  -72.742  12.311 0.3000000119
16296  3.672  -72.191  11.761 0.3000000119
16299  1.269  -72.913  11.358 0.3000000119
16300  0.918  -73.331  10.940 0.3000000119
16312  1.342  -72.853  10.705 0.4000000060
16338  4.935  -71.793  7.563 0.6999999881
16340  2.773  -72.381  8.387 0.6999999881
16356  5.863  -72.510  7.153 0.6999999881
16365  4.564  -71.814  6.380 0.8000000119
16379  3.300  -72.626  6.060 0.8999999762
16382  0.518  -72.527  5.419 0.8999999762
16383  0.354  -72.441  5.310 0.6999999881
16523  3.066  -72.111  -3.814 0.8000000119
16533  5.332  -72.711  -4.366 0.8000000119
16534  4.487  -72.721  -4.379 0.8000000119
16535  3.491  -72.579  -4.436 0.8000000119
16549  8.128  -72.193  -6.386 0.8000000119
16550  7.498  -72.748  -6.350 0.8000000119
16553  1.451  -71.713  -6.093 0.6000000238
16560  8.523  -72.111  -6.885 0.8000000119
16564  3.323  -72.205  -7.072 0.8000000119
16565  2.592  -71.719  -7.117 0.8000000119
16572  6.607  -72.433  -7.762 0.8000000119
16574  4.777  -72.190  -7.757 0.8000000119
16649  11.725  -72.522  -15.399 0.6000000238
16676  10.831  -72.994  -17.446 0.6000000238
16702  10.399  -73.610  -19.291 0.6000000238
16719  7.118  -71.602  -20.261 0.6000000238
16720  6.533  -72.055  -20.350 0.6000000238
16721  5.271  -72.355  -20.344 0.6000000238
16722  4.630  -72.987  -20.692 0.6000000238
16735  10.042  -71.573  -21.684 0.6000000238
16736  9.751  -72.126  -22.253 0.6000000238
16757  9.226  -72.004  -23.058 0.4000000060
16760  3.941  -72.899  -23.164 0.6999999881
16776  8.703  -72.216  -23.706 0.4000000060
16777  8.147  -72.018  -23.958 0.5000000000
16778  7.882  -72.233  -24.024 0.5000000000
16795  7.968  -72.461  -24.241 0.5000000000
16816  4.239  -72.882  -26.563 0.6999999881
16829  4.159  -71.513  -27.875 0.6000000238
16831  3.038  -72.025  -27.325 0.6000000238
16839  3.432  -71.505  -27.776 0.6000000238
17466  3.067  -71.604  10.807 0.4000000060
17484  1.836  -71.771  9.682 0.4000000060
17495  4.291  -71.392  7.570 0.6999999881
17496  3.166  -71.364  8.025 0.6999999881
17510  2.995  -70.331  7.882 0.6999999881
17520  5.261  -71.849  7.089 0.6999999881
17522  4.314  -71.005  6.376 0.8000000119
17607  5.578  -70.757  -3.170 0.8999999762
17609  2.802  -71.171  -3.016 0.8000000119
17621  6.215  -71.599  -4.155 0.8000000119
17622  5.681  -71.505  -3.694 0.8000000119
17623  4.714  -71.515  -3.247 0.8999999762
17624  3.571  -71.657  -3.307 0.8000000119
17638  6.482  -72.171  -4.571 0.8000000119
17645  6.964  -71.930  -5.107 0.8000000119
17649  8.192  -71.645  -6.022 0.8000000119
17651  0.748  -71.455  -6.701 0.6000000238
17656  10.305  -70.932  -7.779 0.6999999881
17661  2.063  -71.151  -7.493 0.6999999881
17670  8.414  -72.119  -7.633 0.8000000119
17671  6.902  -71.768  -8.455 0.8000000119
17675  2.412  -70.813  -8.169 0.6000000238
17677  0.819  -71.079  -8.129 0.6000000238
17684  8.642  -71.462  -8.781 0.8000000119
17687  5.486  -70.932  -9.124 0.8000000119
17735  9.976  -71.512  -14.951 0.6000000238
17748  11.380  -72.085  -14.939 0.6000000238
17749  10.701  -71.854  -15.290 0.6000000238
17767  11.299  -72.495  -16.026 0.5000000000
17768  10.764  -71.945  -16.063 0.6000000238
17799  7.181  -70.622  -19.846 0.6999999881
17815  10.176  -71.081  -21.447 0.6000000238
17818  6.349  -70.674  -20.098 0.6999999881
17819  5.350  -71.113  -20.435 0.6999999881
17836  7.939  -71.483  -20.455 0.6000000238
17837  4.936  -70.867  -21.121 0.6999999881
17838  4.360  -71.615  -21.452 0.6999999881
17853  8.554  -71.484  -22.641 0.6000000238
17854  8.203  -71.666  -22.111 0.6000000238
17875  8.054  -71.757  -23.378 0.6000000238
17893  5.017  -71.671  -24.888 0.6999999881
17911  5.137  -71.510  -26.798 0.6999999881
17925  4.723  -71.190  -27.558 0.6999999881
17926  2.606  -71.098  -27.305 0.6000000238
17938  3.909  -70.998  -28.360 0.6000000238
18534  2.581  -70.552  10.328 0.4000000060
18536  1.971  -70.823  9.534 0.4000000060
18556  4.425  -69.896  10.174 0.4000000060
18568  2.077  -69.890  8.532 0.6000000238
18576  3.911  -69.953  7.225 0.6999999881
18586  -0.048  -69.802  6.195 0.8999999762
18597  1.567  -70.052  5.806 0.8999999762
18685  4.962  -69.844  -1.880 0.6999999881
18686  3.910  -69.977  -1.695 0.6000000238
18687  2.774  -69.838  -1.955 0.6000000238
18700  5.339  -70.256  -2.487 0.8999999762
18725  6.150  -70.704  -4.801 0.8000000119
18730  7.475  -71.501  -5.592 0.8000000119
18737  8.781  -70.949  -6.342 0.8000000119
18739  5.956  -70.397  -5.881 0.8000000119
18748  9.636  -70.368  -7.025 0.8000000119
18757  10.914  -70.513  -8.004 0.6999999881
18760  1.650  -70.290  -8.531 0.6000000238
18765  10.697  -70.345  -9.796 0.6999999881
18767  9.187  -70.968  -9.346 0.6999999881
18768  7.726  -70.607  -9.695 0.6999999881
18769  6.347  -70.683  -9.651 0.6999999881
18771  3.659  -70.493  -9.308 0.6999999881
18772  1.873  -69.771  -9.124 0.6000000238
18781  6.592  -70.037  -10.329 0.6999999881
18791  10.524  -69.528  -11.106 0.6999999881
18818  7.911  -70.129  -13.785 0.6999999881
18823  10.219  -71.191  -13.985 0.6999999881
18824  8.583  -70.765  -14.348 0.8000000119
18837  9.302  -71.144  -16.056 0.6999999881
18854  10.473  -71.536  -16.681 0.6000000238
18856  8.783  -70.565  -16.566 0.6999999881
18858  7.149  -70.053  -16.221 0.6999999881
18865  10.619  -71.156  -17.410 0.6999999881
18866  10.439  -70.201  -17.446 0.6999999881
18872  11.064  -70.588  -18.281 0.6999999881
18879  11.259  -70.844  -20.147 0.6999999881
18883  7.587  -69.795  -20.126 0.6999999881
18897  10.651  -70.625  -20.841 0.6999999881
18920  5.397  -70.123  -21.635 0.6999999881
18939  6.575  -69.615  -23.640 0.6000000238
18975  6.853  -69.527  -25.822 0.6999999881
19006  5.549  -70.058  -27.166 0.6000000238
19007  4.690  -70.587  -27.564 0.6000000238
19021  3.875  -70.779  -28.054 0.6000000238
19602  3.264  -69.842  10.277 0.4000000060
19615  6.550  -69.210  9.014 0.4000000060
19618  2.621  -68.931  9.855 0.4000000060
19620  2.026  -69.113  9.272 0.4000000060
19636  8.211  -69.332  8.835 0.3000000119
19637  7.420  -69.244  8.608 0.3000000119
19638  2.145  -68.914  8.639 0.6000000238
19646  3.778  -69.163  7.124 0.6999999881
19653  3.741  -69.327  6.565 0.8000000119
19654  3.241  -68.501  6.448 0.8000000119
19658  2.831  -69.317  5.841 0.8999999762
19659  1.416  -69.178  6.002 0.8999999762
19661  -0.329  -69.330  5.776 0.8000000119
19744  5.369  -69.157  -1.931 0.6999999881
19757  5.503  -69.273  -2.562 0.8000000119
19758  1.556  -69.648  -2.444 0.6000000238
19772  5.610  -69.534  -3.278 0.8000000119
19785  3.743  -69.352  -5.427 0.6999999881
19791  5.218  -70.291  -5.558 0.8000000119
19806  6.763  -70.046  -6.376 0.6999999881
19808  4.305  -69.660  -6.254 0.6999999881
19818  10.019  -69.748  -7.373 0.8000000119
19819  8.967  -70.081  -6.648 0.8000000119
19820  7.156  -69.449  -6.983 0.6999999881
19821  6.391  -69.359  -6.885 0.6000000238
19822  5.763  -68.930  -7.064 0.6999999881
19827  11.269  -69.534  -8.005 0.5000000000
19831  1.125  -69.200  -9.375 0.6000000238
19839  9.962  -69.659  -10.728 0.6999999881
19841  7.002  -69.397  -10.908 0.6000000238
19843  5.201  -69.610  -10.880 0.6000000238
19855  9.634  -69.441  -11.247 0.6999999881
19857  7.451  -69.047  -11.618 0.6000000238
19860  4.904  -69.132  -11.454 0.6000000238
19862  2.554  -69.030  -11.420 0.5000000000
19874  8.889  -69.931  -12.762 0.6999999881
19885  8.147  -69.655  -12.899 0.6999999881
19886  7.453  -69.387  -13.371 0.6000000238
19895  7.052  -69.876  -14.829 0.6999999881
19896  6.429  -69.360  -14.944 0.6999999881
19913  6.063  -69.381  -15.729 0.6999999881
19943  10.169  -69.404  -17.749 0.6999999881
19944  9.291  -68.992  -17.632 0.6000000238
19945  6.958  -69.217  -17.387 0.6999999881
19946  5.992  -69.055  -17.229 0.6999999881
19947  5.229  -68.652  -16.983 0.6000000238
19958  9.642  -68.200  -18.347 0.6000000238
19987  9.403  -68.668  -19.991 0.6999999881
20023  6.165  -69.464  -22.348 0.6999999881
20035  7.390  -69.001  -24.556 0.6000000238
20056  6.546  -69.352  -26.147 0.6999999881
20057  5.886  -69.616  -26.540 0.6000000238
20059  3.852  -69.628  -25.762 0.5000000000
20073  3.895  -69.965  -26.760 0.6000000238
20685  2.271  -68.665  9.470 0.5000000000
20705  6.061  -68.326  8.881 0.3000000119
20716  3.129  -67.865  7.374 0.6000000238
20720  3.180  -67.811  6.852 0.8000000119
20723  0.122  -68.362  6.196 0.8999999762
20724  -0.158  -68.609  6.029 0.8999999762
20739  -0.559  -68.408  3.793 0.8000000119
20817  5.095  -68.490  -1.681 0.6999999881
20852  3.603  -67.970  -3.934 0.5000000000
20864  1.860  -68.271  -4.862 0.6000000238
20869  2.992  -68.887  -5.566 0.6999999881
20870  1.886  -68.392  -5.460 0.6000000238
20872  0.350  -67.614  -5.182 0.6000000238
20883  3.937  -69.034  -6.545 0.6999999881
20884  3.087  -68.827  -6.197 0.6999999881
20886  0.800  -67.862  -5.640 0.6000000238
20891  10.427  -69.199  -7.682 0.6999999881
20898  3.441  -68.294  -6.936 0.6999999881
20903  9.911  -68.469  -7.975 0.4000000060
20905  8.035  -68.390  -7.924 0.5000000000
20906  6.586  -68.017  -7.996 0.6000000238
20911  0.459  -68.816  -9.792 0.5000000000
20919  6.034  -68.450  -11.899 0.6000000238
20920  5.380  -68.544  -11.741 0.6999999881
20922  3.826  -68.650  -12.163 0.8000000119
20923  1.950  -68.350  -11.783 0.5000000000
20939  4.501  -67.996  -12.532 0.8000000119
20941  2.277  -67.958  -12.477 0.6999999881
20955  5.504  -67.946  -13.029 0.8000000119
20956  4.860  -67.682  -12.983 0.8000000119
20970  6.162  -68.500  -13.481 0.6999999881
20990  5.026  -68.627  -16.133 0.6999999881
21032  5.025  -68.028  -17.425 0.6000000238
21047  9.944  -68.080  -18.883 0.6000000238
21049  8.380  -67.784  -18.378 0.6999999881
21068  9.675  -67.914  -19.426 0.6000000238
21086  8.622  -67.543  -20.750 0.6000000238
21103  7.709  -68.034  -22.025 0.6000000238
21132  8.032  -67.187  -23.836 0.6000000238
21135  4.971  -67.757  -24.098 0.5000000000
21147  7.359  -68.045  -25.391 0.6000000238
21788  2.867  -67.653  9.264 0.5000000000
21807  6.419  -67.670  8.484 0.4000000060
21809  3.015  -66.937  8.739 0.6000000238
21825  8.141  -67.869  7.871 0.3000000119
21833  2.654  -67.174  6.607 0.8000000119
21834  1.780  -66.636  6.340 0.8999999762
21835  0.594  -66.813  6.066 0.8000000119
21883  -0.636  -67.443  3.119 0.6000000238
21969  5.216  -67.693  -1.691 0.6000000238
21996  5.257  -67.202  -2.546 0.6999999881
21998  4.114  -67.336  -3.643 0.6999999881
22008  1.129  -67.510  -4.717 0.6000000238
22009  0.346  -67.686  -5.136 0.6000000238
22022  0.040  -67.617  -5.285 0.5000000000
22033  1.275  -67.728  -6.767 0.6000000238
22034  0.551  -67.730  -6.211 0.6000000238
22039  3.884  -67.736  -7.661 0.6999999881
22040  0.037  -66.818  -7.347 0.5000000000
22041  -0.132  -67.214  -6.438 0.5000000000
22046  9.346  -67.839  -8.454 0.5000000000
22047  8.406  -67.769  -8.441 0.5000000000
22049  5.870  -67.603  -8.174 0.6000000238
22051  3.119  -67.343  -8.304 0.6000000238
22053  0.995  -67.279  -7.494 0.6000000238
22060  7.882  -67.130  -8.873 0.5000000000
22091  1.650  -66.845  -12.564 0.5000000000
22109  4.257  -67.221  -13.615 0.8000000119
22138  1.330  -65.929  -15.550 0.5000000000
22153  4.568  -66.739  -16.235 0.6999999881
22178  9.137  -67.416  -19.617 0.6000000238
22180  6.953  -67.081  -19.045 0.6999999881
22194  8.399  -66.884  -19.907 0.6999999881
22251  8.029  -66.498  -23.508 0.6000000238
22253  5.473  -66.671  -22.872 0.5000000000
22262  7.845  -66.832  -24.115 0.6000000238
22263  6.919  -66.964  -24.324 0.6000000238
22278  7.385  -67.428  -24.781 0.6000000238
23008  7.135  -67.027  8.109 0.3000000119
23012  3.229  -66.168  8.733 0.5000000000
23034  2.684  -65.650  7.416 0.6999999881
23046  0.271  -66.981  5.880 0.8999999762
23100  -0.507  -66.469  3.231 0.8000000119
23118  0.104  -66.662  2.161 0.6000000238
23119  -0.402  -66.947  2.464 0.6000000238
23177  5.358  -66.960  -1.619 0.6000000238
23196  5.419  -66.686  -2.270 0.5000000000
23208  5.244  -66.545  -2.869 0.6999999881
23210  3.654  -66.548  -3.673 0.6999999881
23227  1.770  -66.966  -4.120 0.5000000000
23228  0.680  -66.653  -4.218 0.4000000060
23229  0.111  -66.708  -4.942 0.5000000000
23254  -0.380  -66.525  -7.028 0.5000000000
23259  4.136  -66.806  -9.333 0.6000000238
23273  4.592  -66.351  -9.854 0.5000000000
23276  1.223  -66.269  -9.324 0.5000000000
23317  1.264  -65.990  -12.781 0.5000000000
23348  4.220  -65.913  -14.546 0.6000000238
23349  2.770  -65.254  -14.116 0.6000000238
23350  2.378  -65.089  -14.329 0.6000000238
23382  4.612  -65.218  -16.226 0.6000000238
23383  2.293  -65.160  -16.503 0.5000000000
23398  2.073  -65.648  -17.148 0.5000000000
23412  3.395  -65.285  -18.826 0.5000000000
23424  7.532  -66.155  -20.258 0.6000000238
23428  3.681  -65.835  -19.518 0.6000000238
23445  4.018  -66.235  -20.126 0.6000000238
23461  6.735  -65.645  -21.742 0.6000000238
23462  5.840  -65.692  -21.529 0.6000000238
23463  5.110  -66.175  -21.078 0.5000000000
23481  7.899  -66.285  -23.470 0.6000000238
23482  7.370  -65.970  -22.850 0.6000000238
23484  5.334  -66.413  -21.973 0.5000000000
24233  5.731  -65.442  8.418 0.4000000060
24234  3.701  -65.501  8.627 0.5000000000
24254  9.002  -65.069  7.491 0.3000000119
24256  7.407  -64.752  7.887 0.3000000119
24268  1.915  -65.269  6.866 0.8000000119
24269  1.072  -65.277  6.405 0.8000000119
24279  -0.112  -65.524  4.510 0.8999999762
24298  -0.176  -65.048  3.779 0.8000000119
24320  -0.100  -65.229  2.843 0.6000000238
24321  -0.211  -64.918  3.254 0.8000000119
24394  5.190  -65.207  -1.900 0.6000000238
24413  5.458  -65.907  -2.731 0.5000000000
24430  1.847  -65.864  -3.558 0.5000000000
24431  0.770  -65.703  -3.762 0.4000000060
24543  3.986  -65.053  -14.890 0.6000000238
24561  4.218  -64.736  -15.637 0.6000000238
24562  3.622  -64.645  -15.348 0.6000000238
24564  1.881  -65.115  -14.821 0.5000000000
24579  4.256  -64.375  -16.498 0.6000000238
24581  2.811  -64.579  -16.085 0.6000000238
24595  4.364  -64.118  -17.510 0.6000000238
24596  3.748  -64.221  -17.182 0.6000000238
24597  2.912  -64.805  -16.955 0.5000000000
24609  5.236  -64.272  -18.598 0.6000000238
24619  5.912  -64.220  -20.075 0.6000000238
24621  3.989  -64.073  -20.248 0.6000000238
24622  3.573  -64.318  -19.763 0.6000000238
24631  7.040  -65.131  -21.178 0.6000000238
24632  6.330  -64.930  -20.536 0.6000000238
24634  4.812  -64.293  -20.451 0.5000000000
25436  6.110  -64.436  8.318 0.4000000060
25439  3.353  -64.896  8.354 0.6000000238
25465  3.769  -64.269  8.127 0.6000000238
25466  2.236  -64.433  7.551 0.8000000119
25485  0.473  -64.465  5.778 0.8000000119
25495  0.219  -64.347  4.737 0.8000000119
25600  4.743  -64.471  -1.761 0.6000000238
25616  5.525  -64.370  -3.113 0.6000000238
25642  3.129  -63.885  -3.950 0.6000000238
25644  0.536  -64.830  -3.902 0.4000000060
25773  3.373  -64.478  -15.802 0.6000000238
25813  4.866  -63.643  -19.319 0.6000000238
25829  5.358  -64.112  -20.274 0.6000000238
25830  5.069  -63.672  -19.916 0.6000000238
25831  4.175  -63.720  -19.721 0.6000000238
26651  10.663  -63.045  8.135 0.3000000119
26667  8.843  -62.911  7.828 0.3000000119
26668  7.830  -63.376  7.712 0.4000000060
26670  6.095  -63.448  7.822 0.5000000000
26672  4.190  -63.664  7.690 0.6000000238
26673  3.269  -63.752  7.736 0.6999999881
26674  1.751  -63.863  7.161 0.8000000119
26754  0.284  -62.663  3.844 0.6999999881
26865  5.399  -63.655  -3.557 0.6000000238
26879  5.228  -63.141  -3.946 0.6999999881
27837  10.341  -62.469  7.877 0.3000000119
27847  10.981  -61.809  7.923 0.3000000119
27850  7.715  -63.304  7.609 0.4000000060
27864  9.455  -62.618  7.582 0.4000000060
27865  8.327  -62.761  7.408 0.4000000060
27870  1.821  -62.471  6.227 0.8000000119
27880  9.262  -62.437  6.701 0.5000000000
27884  5.095  -62.007  5.299 0.8000000119
27888  0.750  -61.536  5.183 0.8000000119
27998  4.055  -62.438  -1.878 0.6999999881
28038  3.993  -62.251  -4.277 0.6000000238
28039  2.500  -62.333  -4.124 0.5000000000
29025  11.024  -61.667  7.603 0.4000000060
29050  14.315  -60.609  5.655 0.4000000060
29055  8.772  -62.329  5.327 0.6000000238
29057  6.956  -61.970  5.074 0.6999999881
29060  3.433  -60.873  5.334 0.8000000119
29061  2.436  -60.988  5.384 0.8000000119
29063  0.601  -61.071  4.495 0.6999999881
29072  14.407  -60.966  4.514 0.4000000060
29075  11.760  -61.346  4.502 0.6999999881
29079  7.262  -61.053  4.550 0.6999999881
29081  0.805  -60.424  4.296 0.8000000119
29082  0.685  -60.841  3.911 0.8000000119
29098  3.111  -60.221  2.907 0.6999999881
29100  1.248  -60.448  3.571 0.6999999881
29204  5.241  -61.142  -3.688 0.6000000238
29214  5.053  -61.149  -4.155 0.6000000238
29217  1.433  -61.030  -4.557 0.5000000000
29218  0.407  -61.052  -4.848 0.3000000119
29236  0.245  -61.030  -5.266 0.3000000119
30169  13.014  -59.780  7.567 0.3000000119
30183  16.328  -59.363  5.712 0.4000000060
30189  1.677  -60.302  4.911 0.8000000119
30201  5.622  -59.680  4.567 0.8000000119
30202  3.979  -59.065  4.328 0.6999999881
30205  1.145  -60.005  4.305 0.8000000119
30222  15.112  -60.239  4.123 0.6999999881
30225  11.542  -60.571  3.905 0.8000000119
30228  2.764  -59.651  3.509 0.6999999881
30235  4.521  -59.571  3.096 0.6000000238
30273  19.238  -58.932  -2.586 0.5000000000
30314  20.639  -60.112  -3.405 0.4000000060
30331  20.751  -59.496  -3.581 0.4000000060
30334  5.162  -60.361  -4.033 0.6000000238
30344  4.868  -60.352  -4.299 0.5000000000
30347  0.370  -60.850  -4.961 0.3000000119
30364  0.963  -60.465  -5.065 0.3000000119
30384  5.204  -60.242  -6.509 0.3000000119
30388  1.086  -60.391  -5.328 0.3000000119
31350  7.966  -59.121  3.978 0.8000000119
31354  3.675  -58.949  4.032 0.6999999881
31355  2.844  -59.353  3.991 0.6999999881
31372  15.725  -59.102  3.982 0.5000000000
31373  14.597  -59.457  3.497 0.8000000119
31377  10.355  -59.239  3.450 0.8000000119
31381  6.368  -58.411  3.730 0.6000000238
31382  5.523  -58.467  3.759 0.8000000119
31405  4.221  -58.964  3.711 0.6999999881
31417  7.361  -58.771  1.936 0.5000000000
31477  11.874  -58.716  -1.956 0.5000000000
31492  17.296  -58.966  -2.998 0.5000000000
31499  5.069  -58.907  -2.682 0.6000000238
31517  5.041  -58.472  -3.849 0.6000000238
31539  4.809  -59.456  -4.261 0.5000000000
31540  3.833  -58.337  -4.363 0.6000000238
31583  2.779  -59.258  -6.168 0.4000000060
32552  9.034  -58.173  2.879 0.8000000119
32553  8.223  -58.035  2.934 0.8000000119
32568  14.629  -57.490  2.391 0.6999999881
32572  10.370  -58.057  2.394 0.8000000119
32574  8.560  -57.874  2.343 0.8000000119
32615  16.922  -58.889  -0.163 0.5000000000
32642  11.767  -58.278  -1.322 0.5000000000
32685  17.505  -58.817  -2.637 0.4000000060
32693  5.143  -58.083  -2.650 0.6000000238
32727  3.399  -57.568  -4.519 0.6000000238
32728  2.792  -58.053  -4.686 0.6000000238
32729  2.430  -58.551  -4.883 0.5000000000
32769  6.190  -58.570  -6.480 0.3000000119
32770  5.300  -58.387  -6.537 0.3000000119
33715  17.703  -57.595  5.962 0.3000000119
33734  16.344  -57.232  4.390 0.6000000238
33740  21.988  -56.533  3.533 0.3000000119
33754  12.896  -56.993  1.735 0.6000000238
33768  12.190  -56.849  1.223 0.6000000238
33880  2.855  -57.656  -5.088 0.6000000238
33909  3.041  -58.099  -5.852 0.5000000000
34906  17.245  -56.681  3.874 0.4000000060
34956  24.270  -56.738  -2.957 0.4000000060
34993  3.722  -56.440  -4.912 0.6000000238
35036  4.119  -56.333  -6.526 0.5000000000
35037  3.772  -56.903  -6.132 0.5000000000
36006  21.389  -55.300  2.574 0.4000000060
36040  21.653  -55.271  -2.453 0.4000000060
37122  27.768  -53.939  0.103 0.4000000060
37123  27.417  -54.222  0.298 0.4000000060
37138  22.605  -53.890  -0.995 0.3000000119
37163  21.803  -54.693  -2.301 0.4000000060
37168  4.061  -53.736  -1.828 0.6000000238
37181  6.282  -53.992  -3.405 0.6000000238
38205  27.372  -53.695  0.174 0.4000000060
38217  28.243  -53.367  -0.347 0.4000000060
38218  26.720  -53.433  0.244 0.4000000060
38226  28.435  -54.095  -0.452 0.4000000060
38227  28.831  -53.773  -0.975 0.4000000060
38239  29.837  -52.354  -2.034 0.4000000060
38245  4.481  -53.470  -1.876 0.5000000000
38256  6.003  -53.731  -2.123 0.5000000000
38291  27.253  -52.757  -5.626 0.5000000000
39282  27.401  -53.423  0.104 0.4000000060
39283  27.143  -53.359  0.237 0.4000000060
39361  6.802  -52.129  -5.596 0.4000000060
40285  27.436  -53.527  0.086 0.4000000060
40358  7.090  -51.412  -4.786 0.4000000060
40379  18.246  -51.179  -5.694 0.3000000119
40385  7.336  -51.099  -5.065 0.3000000119
40392  7.134  -51.627  -5.664 0.3000000119
41443  7.871  -50.725  -5.155 0.4000000060
41452  23.851  -50.961  -5.312 0.4000000060
41461  12.704  -50.844  -6.076 0.4000000060
42586  26.136  -49.343  -4.877 0.5000000000
42587  8.538  -49.814  -5.334 0.5000000000
42591  25.641  -49.614  -5.318 0.5000000000
42613  12.471  -49.519  -6.345 0.3000000119
127482  20.989  -89.209  -22.062 0.4000000060
127569  22.056  -57.537  -1.058 0.6000000238
127584  28.128  -54.011  -0.125 0.4000000060
127876  14.995  -79.694  -33.052 0.6000000238
127948  14.955  -79.986  -34.103 0.6000000238
127949  20.403  -89.206  -22.258 0.5000000000
127965  21.705  -56.425  -3.226 0.4000000060
128003  15.341  -79.463  -32.725 0.6000000238
128012  20.484  -59.162  -2.011 0.5000000000
128019  14.920  -79.097  -33.262 0.6000000238
128057  21.458  -55.696  -1.831 0.5000000000
128079  8.095  -81.653  -29.118 0.6999999881
128268  0.304  -81.650  12.652 0.4000000060
128411  9.013  -69.465  -11.851 0.6999999881
128439  5.434  -65.129  -3.135 0.5000000000
128603  2.702  -68.717  -5.060 0.6000000238
128620  8.087  -66.105  -21.980 0.6999999881
128754  16.380  -90.690  -23.520 0.6000000238
129031  11.338  -85.478  2.841 0.8000000119
129033  8.765  -62.946  7.862 0.4000000060
129441  11.202  -87.405  -0.242 0.5000000000
129461  10.657  -89.314  0.687 0.5000000000
129595  9.666  -58.012  1.177 0.5000000000
129763  3.013  -85.406  10.945 0.6999999881
130002  1.303  -86.528  7.863 0.8000000119
130079  10.575  -57.945  -0.005 0.5000000000
130158  7.116  -88.837  2.932 0.8999999762
130169  7.257  -75.863  -21.792 0.6999999881
130380  7.647  -79.981  -31.013 0.6000000238
130450  11.027  -88.574  1.040 0.5000000000
130604  8.089  -83.685  -25.353 0.6999999881
130742  4.296  -80.567  11.762 0.4000000060
130851  11.323  -88.397  -9.893 0.5000000000
131027  7.168  -82.324  8.384 0.8000000119
131031  0.582  -87.146  11.254 0.5000000000
131101  10.973  -81.474  -26.905 0.6000000238
131161  11.480  -87.624  -9.810 0.6000000238
131190  0.874  -61.578  -4.585 0.5000000000
131237  8.716  -86.180  -3.997 0.8999999762
131251  8.184  -69.254  -12.115 0.6999999881
131258  10.250  -92.571  3.140 0.3000000119
131357  5.535  -67.235  8.702 0.4000000060
131386  14.000  -58.450  3.103 0.8000000119
131398  9.105  -86.285  -5.144 0.8999999762
131460  3.492  -60.538  -4.434 0.5000000000
131538  11.862  -85.999  -9.282 0.6999999881
131648  6.701  -92.626  -12.272 0.6999999881
131689  6.197  -93.778  -5.323 0.6999999881
131880  20.611  -58.251  -3.150 0.4000000060
131885  5.461  -87.927  -11.416 0.8000000119
131928  11.437  -86.866  3.294 0.6000000238
132014  13.430  -56.925  1.006 0.5000000000
132181  3.922  -76.934  1.385 0.8000000119
132250  13.528  -92.450  -11.480 0.3000000119
132274  14.199  -90.902  -10.754 0.4000000060
132385  0.243  -88.061  12.258 0.4000000060
132428  0.214  -82.109  12.572 0.4000000060
132497  10.038  -89.097  -2.841 0.5000000000
132502  4.856  -73.532  8.401 0.6999999881
132511  11.257  -87.892  1.316 0.5000000000
132569  8.489  -86.750  8.357 0.8000000119
132604  1.772  -71.792  9.178 0.4000000060
132677  6.030  -85.077  10.764 0.6999999881
132770  1.875  -91.809  6.783 0.6000000238
132825  4.227  -66.989  -1.090 0.5000000000
132889  0.401  -81.462  2.365 0.5000000000
133173  6.190  -85.325  5.961 0.8999999762
133291  5.900  -91.448  -0.150 1.0000000000
133359  8.743  -94.219  -4.167 0.3000000119
133404  15.391  -92.806  -18.702 0.4000000060
133437  9.493  -90.708  -7.794 0.5000000000
133459  -0.400  -70.738  4.519 0.8000000119
133757  2.537  -68.295  9.520 0.5000000000
133842  5.424  -92.539  -2.007 0.8999999762
133876  3.623  -87.497  -21.619 0.5000000000
133962  8.123  -86.194  -12.352 0.8000000119
133974  15.984  -58.180  -1.192 0.5000000000
134020  -0.646  -80.695  5.413 0.6999999881
134042  8.212  -93.844  -3.007 0.4000000060
134331  8.047  -69.131  -17.451 0.6000000238
134486  8.621  -91.748  -2.173 0.4000000060
134502  5.634  -80.514  11.031 0.4000000060
134617  3.972  -72.619  -6.987 0.8000000119
134766  17.727  -92.172  -18.233 0.4000000060
134830  10.845  -84.962  -11.135 0.6999999881
134893  5.317  -61.902  -3.575 0.6000000238
134948  11.191  -70.195  -19.257 0.6000000238
134996  5.656  -91.506  3.346 1.0000000000
135097  5.795  -62.715  5.968 0.6999999881
135157  8.523  -85.912  -9.767 0.8999999762
135296  9.643  -85.105  -11.519 0.8000000119
135335  2.934  -77.387  -21.898 0.6999999881
135487  14.727  -93.387  -15.138 0.4000000060
135547  3.234  -79.539  0.852 0.8000000119
135625  15.757  -81.376  -34.187 0.5000000000
135628  10.077  -93.751  -12.997 0.8999999762
135657  4.190  -69.199  -11.713 0.8000000119
135769  5.816  -84.930  -20.687 0.6999999881
135784  -0.410  -79.701  6.022 0.8000000119
135839  5.318  -93.102  2.163 1.0000000000
135899  1.529  -72.118  5.726 0.8999999762
135903  5.800  -91.134  -1.041 0.8999999762
135904  5.334  -75.530  -20.351 0.6999999881
136044  5.558  -83.949  -25.188 0.6000000238
136045  4.292  -72.221  -23.344 0.6999999881
136110  7.172  -63.668  7.972 0.3000000119
136112  2.052  -91.659  6.901 0.6999999881
136242  0.596  -77.876  9.368 0.6999999881
136276  15.055  -93.087  -15.728 0.4000000060
136373  -1.140  -82.762  6.369 0.6999999881
136455  -0.114  -70.759  5.660 0.8000000119
136507  7.974  -93.764  -14.683 0.6999999881
136554  1.885  -65.817  -9.762 0.5000000000
136637  6.555  -57.906  -6.491 0.3000000119
136681  9.861  -83.863  7.713 0.8000000119
136899  6.182  -82.837  5.568 0.8000000119
136936  10.903  -80.828  -29.901 0.6999999881
137095  11.514  -69.766  -10.790 0.6999999881
137106  11.409  -70.436  -12.144 0.6999999881
137217  11.089  -61.627  5.070 0.6000000238
137290  7.362  -69.845  -14.119 0.6999999881
137304  4.054  -58.841  4.067 0.6999999881
137309  3.904  -77.660  -0.015 0.6000000238
137413  2.635  -88.561  12.872 0.3000000119
137439  15.913  -79.288  -32.574 0.6000000238
137622  3.686  -86.183  6.950 1.0000000000
137706  15.619  -88.176  -28.128 0.5000000000
137868  9.100  -69.688  -10.587 0.6999999881
137940  7.063  -74.123  6.572 0.8000000119
138161  3.796  -57.420  -6.338 0.4000000060
138273  0.633  -74.052  10.894 0.4000000060
138417  -0.149  -68.027  5.677 0.8000000119
138500  11.792  -78.448  -33.282 0.6000000238
138611  10.259  -85.749  0.037 0.8000000119
138818  5.067  -87.178  -20.398 0.5000000000
138928  9.125  -71.257  -15.158 0.6999999881
139126  7.980  -92.714  -4.267 0.4000000060
139145  6.651  -79.063  12.458 0.4000000060
139248  2.510  -80.119  -20.687 0.6999999881
139475  6.727  -58.493  2.574 0.5000000000
139685  0.454  -85.078  12.575 0.4000000060
139748  8.722  -79.479  -33.269 0.6999999881
139780  19.046  -92.190  -19.290 0.4000000060
139949  4.860  -67.096  -22.316 0.5000000000
140131  13.273  -79.406  -33.894 0.6000000238
140228  11.067  -81.380  -28.364 0.6000000238
140239  7.132  -83.986  5.709 0.8000000119
140292  11.969  -94.041  -14.764 0.6000000238
140297  5.034  -67.209  -1.216 0.5000000000
140309  4.047  -81.235  6.090 0.8000000119
140310  9.070  -71.768  -7.981 0.8000000119
140352  0.460  -85.156  13.432 0.3000000119
140422  9.376  -91.951  0.056 0.4000000060
140450  10.802  -89.598  3.495 0.5000000000
140548  6.245  -82.260  8.417 0.8000000119
140575  0.241  -81.136  12.057 0.5000000000
140653  6.736  -68.445  -25.746 0.6000000238
141031  11.047  -91.792  -10.494 0.4000000060
141115  3.699  -83.583  -26.896 0.6000000238
141159  8.242  -83.198  8.570 0.8000000119
141220  5.701  -77.745  -19.869 0.6000000238
141289  7.537  -68.468  -25.144 0.6000000238
141291  5.670  -89.733  -4.842 1.0000000000
141444  5.174  -82.460  -29.531 0.6000000238
141460  14.327  -57.495  0.359 0.6000000238
141484  14.187  -78.027  -33.516 0.6000000238
141602  -0.052  -67.136  5.387 0.8000000119
141722  9.993  -84.733  7.657 0.8000000119
141780  12.427  -93.990  -18.091 0.5000000000
141822  0.637  -72.017  5.633 0.8999999762
141824  6.514  -66.082  8.233 0.4000000060
141907  10.750  -89.103  -5.753 0.6000000238
141948  20.503  -50.898  -4.381 0.3000000119
141962  8.777  -93.215  -12.474 0.6999999881
142083  9.173  -82.721  -26.268 0.6999999881
142098  12.950  -90.753  -13.395 0.6999999881
142109  3.851  -76.039  -21.372 0.6999999881
142289  0.308  -62.598  4.499 0.6999999881
142352  1.008  -61.228  3.433 0.6999999881
142383  5.041  -71.702  -20.328 0.6000000238
142465  6.642  -71.145  -19.894 0.6000000238
142482  5.379  -92.845  -13.741 0.6000000238
142599  3.237  -78.902  -25.425 0.6999999881
142686  0.515  -85.980  12.978 0.3000000119
142778  6.935  -86.026  -12.390 0.8000000119
142813  11.950  -93.770  -13.874 0.6999999881
142869  10.445  -83.166  6.093 0.8000000119
143033  -0.062  -65.492  -5.154 0.4000000060
143043  2.292  -82.498  5.827 1.0000000000
143316  3.525  -65.485  -14.317 0.6000000238
143438  2.581  -80.055  -19.728 0.6000000238
143495  13.749  -92.892  -14.162 0.6000000238
143598  6.137  -77.865  5.162 0.6999999881
143641  8.746  -75.187  7.213 0.8000000119
143703  7.872  -71.774  -8.512 0.8000000119
143706  9.831  -90.172  -6.097 0.5000000000
143771  0.184  -86.574  7.756 0.6999999881
143789  6.135  -94.915  -2.253 0.6999999881
143791  3.801  -84.087  -18.476 0.6999999881
144152  9.533  -60.614  4.316 0.8000000119
144185  9.941  -94.619  0.146 0.3000000119
144307  3.606  -81.938  5.352 0.8000000119
144360  12.221  -91.925  -13.652 0.8000000119
144400  5.973  -54.140  -6.231 0.5000000000
144481  -0.165  -67.307  -5.839 0.5000000000
144500  4.417  -85.708  6.406 1.0000000000
144523  5.834  -84.573  10.462 0.6999999881
144593  7.539  -58.110  3.025 0.6999999881
144707  4.220  -58.832  4.153 0.8000000119
144713  0.801  -80.056  12.579 0.5000000000
144732  5.699  -93.203  -2.226 0.8000000119
144818  1.093  -84.796  10.878 0.6000000238
144857  3.156  -90.132  6.771 0.8999999762
144915  6.937  -90.492  -9.432 0.8000000119
144930  0.614  -68.234  -10.485 0.6000000238
145083  11.405  -85.732  -4.928 0.8000000119
145087  7.618  -68.939  -7.437 0.6999999881
145182  4.036  -70.346  -27.419 0.6000000238
145410  27.878  -53.589  -0.097 0.4000000060
145627  29.265  -52.232  -5.643 0.5000000000
145643  3.077  -63.916  -1.533 0.5000000000
145913  3.001  -72.702  -5.050 0.8000000119
145939  8.772  -83.561  5.412 0.8000000119
145975  0.473  -86.013  12.101 0.5000000000
146058  5.772  -90.414  -7.039 1.0000000000
146086  5.173  -73.431  -6.098 0.8000000119
146181  11.020  -70.702  -8.819 0.6999999881
146182  5.150  -71.826  6.738 0.8000000119
146301  9.521  -84.700  -9.202 0.8999999762
146308  -1.325  -85.173  7.346 0.6999999881
146315  11.903  -69.419  -8.509 0.5000000000
146413  5.327  -93.668  1.836 0.8000000119
146445  11.044  -79.481  -34.018 0.6999999881
146789  4.131  -84.113  -18.444 0.6999999881
146841  2.887  -67.243  8.607 0.6000000238
146870  28.566  -53.593  -0.603 0.4000000060
146964  5.312  -72.669  -7.322 0.6999999881
147087  5.859  -92.058  0.378 0.8999999762
147398  15.767  -51.342  -6.367 0.4000000060
147512  0.514  -87.869  11.305 0.4000000060
147668  5.396  -91.051  -3.547 1.0000000000
147752  5.588  -90.168  -13.554 0.6999999881
147769  0.534  -83.951  7.384 0.8000000119
148005  10.195  -89.315  -12.612 0.8999999762
148070  10.274  -94.614  -14.502 0.8000000119
148217  4.351  -63.666  -4.177 0.5000000000
148226  9.801  -81.961  -27.599 0.6999999881
148368  0.644  -62.643  5.457 0.8000000119
148433  6.619  -88.657  -2.268 0.8999999762
148584  4.128  -86.219  -24.375 0.5000000000
148636  9.285  -91.063  -1.387 0.4000000060
148646  1.514  -85.720  16.071 0.3000000119
148655  4.276  -76.597  12.439 0.3000000119
148686  9.892  -70.903  -7.373 0.8000000119
148693  6.200  -73.685  -20.609 0.6000000238
148707  4.395  -66.254  -1.204 0.5000000000
148713  18.057  -90.115  -20.802 0.5000000000
148732  18.422  -83.920  -31.246 0.5000000000
148875  1.211  -75.969  3.376 0.6999999881
148919  2.163  -69.045  -10.551 0.6000000238
149073  10.758  -85.675  -5.094 0.8000000119
149092  8.256  -63.644  7.890 0.3000000119
149112  5.717  -88.809  -13.585 0.8999999762
149156  8.136  -77.618  9.273 0.5000000000
149191  10.954  -86.893  5.789 0.6999999881
149311  7.302  -80.427  -31.147 0.6000000238
149379  9.727  -50.107  -5.438 0.5000000000
149390  11.262  -61.497  6.404 0.5000000000
149400  8.670  -87.384  -8.753 0.8999999762
149539  3.484  -57.773  -6.167 0.4000000060
149579  0.238  -65.294  2.650 0.6000000238
149617  1.118  -73.192  10.361 0.5000000000
149687  2.766  -67.904  6.422 0.8000000119
149735  1.571  -72.535  10.148 0.4000000060
149749  12.197  -86.553  -11.864 0.8000000119
149764  1.865  -70.330  9.087 0.4000000060
149956  1.398  -70.906  5.771 0.8999999762
150070  -1.241  -85.207  6.136 0.6999999881
150089  8.931  -77.395  7.578 0.6999999881
150093  11.447  -60.980  7.522 0.3000000119
150157  4.913  -64.433  -17.889 0.6000000238
150282  5.777  -90.868  -10.811 0.8000000119
150326  8.363  -70.868  -9.417 0.6999999881
150442  0.290  -78.784  5.539 0.8000000119
150496  11.053  -86.471  -0.189 0.6999999881
150499  6.159  -68.827  -14.349 0.6999999881
150540  6.918  -83.615  -26.568 0.6000000238
150639  5.432  -76.673  1.695 0.8999999762
150657  5.454  -68.999  -15.721 0.6999999881
150683  17.813  -83.000  -33.005 0.5000000000
150918  2.427  -63.832  7.599 0.6999999881
151035  7.861  -58.469  3.327 0.8000000119
151046  12.482  -85.753  -7.587 0.6999999881
151096  7.759  -81.914  6.955 0.8000000119
151135  12.653  -93.854  -15.042 0.5000000000
151229  8.030  -93.247  -12.282 0.6999999881
151354  5.841  -69.497  9.481 0.4000000060
151498  6.816  -93.149  -12.329 0.6999999881
151531  11.546  -60.719  7.416 0.3000000119
151585  5.795  -84.882  -22.365 0.6999999881
151598  4.410  -68.553  -1.446 0.6000000238
151663  12.259  -93.091  -13.661 0.6999999881
151811  4.723  -69.969  -10.388 0.6999999881
151816  3.621  -74.698  -24.574 0.6999999881
151845  6.025  -70.576  -26.387 0.6999999881
151857  1.065  -84.163  16.352 0.3000000119
152039  2.620  -80.797  -25.172 0.6000000238
152356  0.117  -65.285  -4.075 0.4000000060
152808  4.767  -57.457  -2.647 0.6000000238
152811  0.615  -70.608  5.970 0.8999999762
153047  10.217  -93.269  1.143 0.4000000060
153087  1.122  -71.597  5.753 0.8999999762
153150  10.300  -89.563  -0.823 0.5000000000
153361  7.354  -69.093  -25.442 0.6000000238
153392  -0.280  -83.781  4.700 0.8000000119
153489  9.147  -89.244  -12.486 0.8999999762
153495  16.032  -87.297  -28.949 0.5000000000
153516  4.431  -74.307  -20.800 0.6999999881
153544  8.168  -86.865  1.628 0.8000000119
153573  9.250  -70.666  -6.636 0.8000000119
153627  1.161  -84.251  4.275 0.5000000000
153762  2.207  -69.721  9.729 0.4000000060
153901  12.093  -49.036  -6.366 0.3000000119
153985  1.236  -77.447  6.669 0.8000000119
153988  2.758  -70.541  -27.405 0.4000000060
154065  7.290  -68.941  -21.463 0.6000000238
154083  4.003  -91.301  5.667 0.8999999762
154140  4.118  -88.812  -13.599 0.8000000119
154202  10.341  -69.267  -19.613 0.6999999881
154206  3.052  -83.944  -26.127 0.6000000238
154237  10.270  -60.704  4.204 0.8000000119
154249  4.882  -83.210  -29.397 0.5000000000
154282  3.217  -81.265  12.854 0.3000000119
154349  8.683  -64.166  7.663 0.3000000119
154456  2.978  -84.823  10.820 0.6999999881
154465  17.052  -86.080  -31.410 0.6000000238
154533  5.075  -72.195  6.557 0.8000000119
154547  2.830  -63.287  7.345 0.8000000119
154574  10.293  -90.691  1.591 0.4000000060
154753  9.007  -76.240  7.572 0.6999999881
154789  15.815  -59.894  5.711 0.3000000119
154844  1.570  -77.026  7.280 0.8999999762
154897  4.775  -82.648  -28.569 0.5000000000
154924  3.423  -81.725  8.208 0.8000000119
154945  13.130  -61.373  4.921 0.6000000238
154948  14.926  -93.121  -20.810 0.6999999881
155010  0.466  -67.701  -10.931 0.6000000238
155107  0.470  -69.865  -9.049 0.6000000238
