#!ascii label  , from subject sub001 vox2ras=TkReg
3209
10845  40.610  -77.668  -13.376 0.2000000030
10825  40.911  -77.846  -12.518 0.2000000030
10843  41.928  -76.874  -12.939 0.2000000030
10846  39.724  -77.861  -13.609 0.2000000030
13175  40.499  -75.651  -14.596 0.1000000015
9774  40.720  -77.837  -11.754 0.3000000119
10823  42.135  -76.793  -12.226 0.2000000030
12021  40.692  -76.595  -14.105 0.1000000015
10860  40.256  -77.294  -14.005 0.2000000030
12006  41.970  -76.311  -13.288 0.1000000015
152203  41.929  -75.854  -13.521 0.1000000015
13154  42.214  -75.551  -13.494 0.1000000015
13173  42.824  -74.500  -13.902 0.1000000015
13174  41.091  -74.929  -14.563 0.1000000015
136505  44.340  -73.053  -13.948 0.1000000015
14301  42.413  -74.099  -14.615 0.1000000015
14318  42.845  -73.474  -15.509 0.1000000015
16632  44.316  -72.703  -14.674 0.2000000030
15470  43.584  -73.053  -15.282 0.1000000015
11956  43.643  -74.302  -12.334 0.1000000015
13098  44.785  -74.208  -12.292 0.1000000015
10822  42.457  -76.571  -12.269 0.2000000030
12004  43.301  -74.413  -13.449 0.1000000015
11982  42.876  -75.552  -12.716 0.1000000015
139997  42.790  -75.342  -13.173 0.1000000015
14280  45.187  -73.741  -13.547 0.1000000015
15467  45.544  -73.503  -13.717 0.1000000015
18829  45.582  -71.106  -14.303 0.2000000030
16642  44.969  -72.325  -13.915 0.2000000030
141398  45.347  -69.981  -15.267 0.1000000015
16643  44.634  -72.192  -14.813 0.2000000030
146050  45.443  -69.048  -15.356 0.2000000030
146002  44.732  -69.709  -15.612 0.1000000015
136287  44.235  -68.609  -15.627 0.1000000015
13150  44.985  -73.864  -12.881 0.1000000015
14247  46.840  -74.183  -12.140 0.1000000015
14297  45.549  -73.794  -13.706 0.1000000015
19899  45.940  -69.159  -14.860 0.2000000030
20976  45.990  -68.212  -15.153 0.2000000030
22125  46.170  -67.306  -15.434 0.2000000030
20993  45.180  -68.139  -15.528 0.2000000030
22141  45.442  -67.302  -16.020 0.1000000015
20994  44.212  -67.661  -16.036 0.2000000030
14259  46.563  -73.807  -12.938 0.1000000015
15446  48.115  -73.023  -12.060 0.1000000015
151222  47.005  -73.193  -13.215 0.1000000015
16630  46.900  -72.246  -13.042 0.2000000030
19879  46.547  -69.286  -13.297 0.2000000030
140207  45.844  -70.142  -14.437 0.3000000119
23369  46.468  -66.362  -16.530 0.3000000119
22156  44.342  -66.942  -17.017 0.2000000030
22142  43.209  -67.475  -16.745 0.2000000030
140507  41.651  -68.437  -16.688 0.2000000030
20958  46.474  -68.478  -13.772 0.3000000119
18820  45.841  -71.332  -13.653 0.2000000030
23368  46.688  -66.047  -16.243 0.3000000119
24565  46.691  -65.407  -16.675 0.3000000119
25791  46.403  -64.770  -17.977 0.3000000119
24584  46.131  -65.872  -17.897 0.3000000119
23387  45.050  -66.519  -17.928 0.2000000030
22143  42.339  -67.932  -16.661 0.2000000030
22144  41.709  -67.767  -17.154 0.2000000030
25776  45.581  -64.057  -16.342 0.4000000060
24546  46.320  -65.534  -15.616 0.3000000119
25758  46.499  -65.126  -16.236 0.3000000119
22114  46.409  -67.626  -14.312 0.2000000030
22124  46.439  -67.054  -15.109 0.2000000030
24599  45.753  -65.709  -18.847 0.3000000119
22157  43.306  -67.063  -17.941 0.2000000030
23401  44.764  -66.466  -19.173 0.2000000030
23388  42.858  -66.978  -18.075 0.2000000030
27021  45.210  -63.375  -16.557 0.3000000119
25775  46.228  -64.477  -16.567 0.3000000119
24611  45.189  -65.840  -20.011 0.2000000030
24601  43.270  -65.773  -18.328 0.2000000030
23416  44.420  -66.160  -19.612 0.2000000030
138543  42.610  -65.291  -17.681 0.1000000015
23403  43.664  -66.453  -18.739 0.2000000030
23370  41.645  -66.787  -17.386 0.2000000030
23389  42.207  -66.740  -17.698 0.2000000030
139585  41.224  -67.368  -17.099 0.2000000030
28198  45.006  -62.548  -17.629 0.3000000119
27051  45.774  -63.789  -19.070 0.3000000119
27036  45.798  -63.759  -17.833 0.3000000119
28214  45.628  -63.115  -19.650 0.2000000030
27061  45.771  -64.363  -19.580 0.3000000119
27062  45.645  -63.870  -20.415 0.2000000030
25804  45.855  -64.807  -18.977 0.3000000119
24623  45.053  -64.844  -20.444 0.1000000015
24613  44.593  -65.593  -19.857 0.1000000015
25792  42.425  -64.239  -17.506 0.1000000015
25805  43.383  -64.652  -18.279 0.1000000015
152649  44.525  -63.942  -20.255 0.1000000015
24586  41.831  -65.990  -17.400 0.1000000015
29366  44.413  -62.043  -17.009 0.3000000119
28215  45.267  -62.352  -18.635 0.2000000030
29400  45.479  -62.232  -19.869 0.2000000030
29411  45.238  -61.284  -19.856 0.2000000030
30553  45.523  -60.899  -20.871 0.1000000015
147708  45.570  -62.935  -21.122 0.1000000015
29420  45.456  -62.270  -21.932 0.1000000015
136480  45.217  -63.403  -21.196 0.1000000015
27063  45.107  -64.228  -20.786 0.1000000015
27037  42.849  -63.501  -17.966 0.1000000015
141470  41.707  -63.981  -17.104 0.1000000015
30533  44.202  -61.049  -18.126 0.2000000030
29427  45.444  -61.702  -22.247 0.1000000015
29421  44.945  -62.205  -22.020 0.1000000015
28251  44.838  -62.839  -21.597 0.1000000015
28234  44.353  -62.927  -20.612 0.1000000015
28233  45.038  -63.462  -21.274 0.1000000015
28235  43.443  -62.239  -19.720 0.1000000015
28217  42.987  -62.632  -18.579 0.1000000015
28216  43.799  -63.059  -19.557 0.1000000015
30568  43.792  -60.738  -21.712 0.1000000015
28218  42.017  -61.991  -18.058 0.1000000015
28199  42.264  -62.752  -17.828 0.1000000015
30578  44.928  -60.686  -22.544 0.1000000015
14299  43.807  -73.604  -13.843 0.1000000015
11981  43.359  -74.609  -12.888 0.1000000015
18831  44.653  -70.720  -15.671 0.1000000015
137147  43.107  -64.575  0.014 0.5000000000
142633  43.036  -65.946  0.468 0.5000000000
24341  44.150  -66.083  1.236 0.5000000000
150651  43.358  -65.283  0.871 0.5000000000
25564  43.454  -65.311  1.545 0.5000000000
21916  42.751  -67.925  0.578 0.2000000030
21917  42.291  -67.353  0.550 0.2000000030
20776  43.838  -68.873  0.299 0.3000000119
21935  42.951  -68.053  0.429 0.3000000119
23135  44.092  -67.677  0.263 0.5000000000
24354  44.338  -66.908  0.795 0.5000000000
23081  45.401  -67.232  2.780 0.5000000000
24326  44.461  -66.389  1.829 0.5000000000
23082  44.679  -66.609  2.753 0.5000000000
24327  43.924  -65.835  2.101 0.5000000000
25565  43.003  -64.558  0.968 0.5000000000
25550  42.696  -64.703  2.027 0.5000000000
26808  43.041  -63.664  -1.097 0.5000000000
24433  43.871  -65.089  -4.009 0.5000000000
20762  44.672  -69.508  1.498 0.3000000119
20774  44.972  -69.315  1.185 0.3000000119
23106  45.087  -68.153  1.352 0.5000000000
24304  44.353  -65.930  3.515 0.5000000000
25549  43.216  -65.229  2.662 0.5000000000
26760  42.271  -64.106  1.401 0.5000000000
26790  41.890  -63.277  -0.012 0.5000000000
18735  44.191  -70.098  -6.856 0.4000000060
19797  44.052  -69.014  -6.382 0.5000000000
20874  44.336  -68.017  -5.738 0.5000000000
23215  44.295  -65.521  -4.272 0.5000000000
25618  43.066  -64.279  -3.201 0.5000000000
18742  43.466  -70.582  -7.444 0.4000000060
21892  43.028  -68.177  1.121 0.3000000119
140145  46.411  -70.565  1.565 0.4000000060
20742  46.775  -69.169  2.051 0.4000000060
23080  46.633  -67.500  3.193 0.5000000000
154231  47.670  -67.231  3.345 0.5000000000
133191  46.135  -67.139  3.261 0.5000000000
23062  45.803  -66.377  3.808 0.5000000000
23060  47.295  -66.815  3.664 0.5000000000
24282  46.268  -65.721  4.366 0.5000000000
24283  45.383  -65.609  4.318 0.5000000000
25501  44.289  -64.734  4.689 0.5000000000
25524  41.916  -64.139  2.565 0.5000000000
26809  41.767  -63.262  -0.803 0.6000000238
137896  43.752  -66.872  -5.204 0.5000000000
145268  42.911  -65.042  -3.878 0.5000000000
155018  42.020  -63.902  -2.444 0.5000000000
16559  43.223  -72.857  -8.149 0.4000000060
16568  43.645  -72.416  -8.199 0.4000000060
19798  42.949  -69.082  -6.642 0.5000000000
24274  43.328  -65.781  5.767 0.1000000015
21842  45.445  -67.703  4.929 0.1000000015
20727  47.475  -68.334  4.965 0.1000000015
130392  44.882  -67.992  4.376 0.1000000015
145070  45.957  -68.373  4.541 0.1000000015
20732  48.340  -69.376  4.371 0.1000000015
21849  45.401  -68.615  4.044 0.1000000015
19663  47.545  -70.272  3.474 0.1000000015
19662  48.423  -70.185  3.303 0.1000000015
20744  44.633  -69.600  2.221 0.2000000030
20735  45.291  -69.713  2.898 0.1000000015
19693  45.714  -70.816  2.064 0.3000000119
21889  47.490  -68.471  2.374 0.5000000000
135114  46.541  -71.215  1.806 0.4000000060
20758  48.141  -69.677  0.921 0.4000000060
21862  48.077  -67.582  2.830 0.4000000060
23079  48.096  -66.729  3.372 0.5000000000
24302  47.896  -65.898  3.715 0.5000000000
132999  47.663  -65.019  3.966 0.5000000000
25499  45.952  -64.694  4.658 0.5000000000
26761  41.438  -63.675  1.976 0.5000000000
23216  42.840  -65.792  -4.496 0.5000000000
22023  43.336  -67.627  -5.742 0.5000000000
18743  42.663  -71.077  -7.820 0.4000000060
15339  40.880  -72.903  -6.336 0.5000000000
139814  43.381  -65.102  8.842 0.1000000015
25445  43.232  -64.828  7.560 0.1000000015
25471  43.233  -65.233  6.590 0.1000000015
24273  44.064  -65.763  6.254 0.1000000015
23052  44.395  -66.470  5.617 0.1000000015
144734  47.058  -67.839  5.139 0.1000000015
20726  48.208  -68.533  5.108 0.1000000015
24259  44.674  -65.601  6.862 0.1000000015
23050  46.048  -66.999  5.570 0.1000000015
20725  48.991  -68.528  5.248 0.1000000015
23076  51.753  -66.005  2.597 0.2000000030
25497  53.206  -64.690  3.967 0.2000000030
20736  44.767  -68.714  3.406 0.1000000015
19664  46.605  -70.099  3.371 0.1000000015
19673  47.612  -71.008  2.780 0.1000000015
19691  49.187  -70.426  2.466 0.1000000015
21885  51.264  -67.835  1.956 0.2000000030
18613  47.335  -71.596  2.283 0.2000000030
18631  49.008  -71.166  1.713 0.1000000015
18645  50.387  -70.314  1.058 0.2000000030
21932  51.665  -68.147  0.715 0.2000000030
25519  53.352  -64.211  3.380 0.2000000030
18632  48.044  -71.681  1.727 0.2000000030
19718  49.291  -70.522  0.637 0.2000000030
20773  49.239  -69.593  0.556 0.3000000119
23122  50.184  -66.675  1.230 0.3000000119
23104  49.763  -66.082  1.853 0.4000000060
24301  48.559  -65.886  3.120 0.5000000000
26810  40.838  -63.170  -0.513 0.5000000000
25521  48.464  -65.062  3.309 0.4000000060
25610  39.071  -64.726  -2.241 0.5000000000
25592  39.643  -63.984  -1.759 0.5000000000
27967  40.016  -63.060  0.155 0.5000000000
24419  40.060  -65.704  -3.451 0.5000000000
25609  40.085  -64.512  -2.327 0.5000000000
25591  40.671  -63.849  -1.787 0.5000000000
25490  43.422  -63.813  4.912 0.5000000000
25488  44.677  -64.013  5.069 0.5000000000
22014  41.540  -67.088  -5.402 0.5000000000
151776  40.861  -66.306  -4.545 0.5000000000
24418  41.063  -65.353  -3.572 0.5000000000
27947  40.252  -63.041  1.043 0.5000000000
19810  42.487  -70.043  -7.149 0.5000000000
20875  42.532  -68.370  -6.308 0.5000000000
24417  42.058  -64.972  -3.608 0.5000000000
26791  41.146  -63.297  0.701 0.6000000238
23233  42.397  -66.568  -5.007 0.5000000000
15381  41.851  -72.604  -8.038 0.4000000060
22981  44.631  -66.238  9.546 0.1000000015
24223  43.778  -65.032  8.243 0.1000000015
24221  45.463  -65.715  7.972 0.1000000015
23017  46.937  -66.366  7.666 0.1000000015
21791  49.366  -67.085  8.769 0.1000000015
24240  44.086  -65.265  7.307 0.1000000015
23018  46.145  -66.004  7.342 0.1000000015
148421  46.599  -66.682  6.071 0.1000000015
21839  48.748  -67.974  5.937 0.1000000015
152324  49.218  -68.108  5.863 0.1000000015
21847  49.384  -68.363  4.873 0.1000000015
23059  50.818  -66.557  4.671 0.1000000015
20740  49.991  -68.644  3.113 0.1000000015
139674  51.315  -66.323  3.929 0.2000000030
24280  52.722  -65.295  4.546 0.2000000030
21886  50.607  -68.261  2.542 0.1000000015
23077  51.394  -66.547  3.081 0.2000000030
23121  51.113  -66.727  1.182 0.3000000119
24322  51.670  -65.540  2.198 0.3000000119
25544  53.743  -63.496  3.312 0.2000000030
23103  50.656  -66.040  1.568 0.3000000119
25545  52.304  -64.879  2.768 0.2000000030
24325  49.292  -65.421  2.617 0.4000000060
25547  51.069  -64.478  2.619 0.3000000119
25520  49.174  -64.281  3.058 0.4000000060
25548  50.141  -64.810  2.518 0.4000000060
27949  38.447  -62.523  0.745 0.5000000000
27926  38.762  -62.056  2.418 0.5000000000
27936  39.402  -62.568  1.839 0.5000000000
25522  48.178  -64.172  3.582 0.5000000000
31400  38.790  -59.682  2.698 0.5000000000
31370  39.975  -59.876  3.367 0.5000000000
30218  40.306  -60.659  3.903 0.5000000000
27925  39.453  -62.327  2.952 0.5000000000
27935  40.144  -62.871  2.164 0.6000000238
26718  46.086  -63.662  4.621 0.5000000000
149199  46.628  -64.142  4.425 0.5000000000
31369  40.863  -59.826  3.436 0.5000000000
30195  41.005  -61.161  4.341 0.5000000000
29092  40.286  -61.672  4.149 0.6000000238
26762  40.718  -63.259  2.550 0.5000000000
26720  42.125  -63.632  4.292 0.5000000000
26738  40.693  -63.170  3.424 0.5000000000
26737  41.204  -63.640  3.059 0.5000000000
14164  37.790  -73.883  -6.421 0.4000000060
16548  39.220  -72.767  -6.694 0.4000000060
15360  42.694  -72.999  -7.847 0.4000000060
26638  48.761  -63.563  9.997 0.1000000015
21771  50.312  -66.604  9.036 0.1000000015
25424  49.486  -64.004  9.072 0.1000000015
23016  47.597  -66.786  7.048 0.1000000015
21812  48.849  -67.156  8.131 0.1000000015
21827  50.541  -67.245  7.583 0.1000000015
22993  51.503  -66.040  8.547 0.1000000015
134228  49.148  -67.412  7.497 0.1000000015
150129  51.047  -66.881  7.148 0.1000000015
24219  51.739  -65.011  8.290 0.1000000015
21837  50.373  -66.915  5.565 0.1000000015
23047  51.767  -65.960  6.413 0.1000000015
23048  51.331  -66.268  5.584 0.1000000015
148536  52.383  -64.404  6.189 0.2000000030
134288  52.083  -63.441  5.597 0.2000000030
27874  52.995  -62.849  5.479 0.2000000030
25486  53.762  -63.712  4.999 0.2000000030
26716  54.603  -63.119  4.081 0.2000000030
31421  51.460  -59.517  -0.124 0.2000000030
26755  53.696  -63.392  3.205 0.2000000030
31448  49.484  -59.869  -0.285 0.2000000030
31423  49.382  -59.082  0.352 0.2000000030
32582  49.065  -58.680  1.786 0.2000000030
32560  49.747  -58.754  2.309 0.2000000030
26756  52.833  -64.157  2.942 0.2000000030
31450  47.529  -59.730  -0.110 0.2000000030
31425  47.535  -59.292  1.257 0.2000000030
31407  47.101  -59.300  1.898 0.2000000030
31391  47.548  -59.489  2.721 0.2000000030
31390  48.530  -59.279  2.703 0.3000000119
30211  48.035  -60.393  3.453 0.2000000030
134734  48.645  -60.938  3.495 0.4000000060
31428  44.953  -58.709  0.822 0.2000000030
31427  45.594  -59.087  1.147 0.3000000119
31408  45.601  -59.330  1.918 0.3000000119
31364  46.060  -60.021  3.062 0.4000000060
31363  46.900  -59.875  3.156 0.3000000119
30212  47.248  -60.551  3.460 0.4000000060
143533  47.656  -61.881  3.671 0.5000000000
27906  49.015  -62.515  3.366 0.4000000060
26734  48.619  -63.361  3.397 0.5000000000
150176  41.184  -58.529  1.721 0.5000000000
32562  41.642  -58.934  2.101 0.4000000060
144132  42.907  -59.309  2.436 0.4000000060
31395  43.651  -59.447  2.624 0.4000000060
31366  43.821  -59.948  3.298 0.4000000060
30214  44.011  -60.646  3.873 0.5000000000
29066  45.283  -61.369  4.105 0.5000000000
142249  46.090  -61.559  4.015 0.5000000000
26735  47.756  -63.338  3.765 0.5000000000
31396  42.156  -59.352  2.629 0.5000000000
30216  42.379  -60.389  3.988 0.5000000000
30194  42.399  -61.140  4.523 0.5000000000
29070  41.634  -61.669  4.562 0.5000000000
27897  41.802  -62.644  4.608 0.5000000000
27878  43.359  -62.971  5.043 0.5000000000
26706  44.202  -63.310  5.110 0.5000000000
27821  46.698  -62.511  10.457 0.1000000015
153273  47.358  -62.928  10.550 0.1000000015
27820  47.446  -62.862  9.967 0.1000000015
27832  45.888  -62.448  8.724 0.1000000015
26642  48.146  -63.465  8.672 0.1000000015
26643  47.418  -63.324  8.194 0.1000000015
26653  48.953  -64.091  8.203 0.1000000015
26655  47.224  -63.165  7.570 0.1000000015
25470  50.227  -64.338  6.956 0.1000000015
26677  48.463  -63.614  6.746 0.1000000015
25468  52.119  -64.906  6.965 0.1000000015
26703  50.112  -63.450  5.857 0.2000000030
27877  49.938  -62.624  5.695 0.2000000030
27876  50.932  -62.855  5.509 0.2000000030
26700  53.912  -63.015  5.311 0.2000000030
26715  55.248  -62.462  3.765 0.2000000030
148795  52.448  -59.239  0.140 0.1000000015
32599  51.590  -58.824  0.594 0.2000000030
32600  50.236  -58.694  0.810 0.2000000030
32581  49.991  -58.560  1.621 0.2000000030
27921  53.401  -63.244  3.046 0.2000000030
31444  54.121  -58.568  0.006 0.1000000015
31420  53.361  -59.227  0.027 0.1000000015
32598  53.182  -58.851  0.642 0.1000000015
32579  52.795  -58.650  1.336 0.1000000015
32558  52.248  -58.720  2.051 0.1000000015
31360  50.036  -59.842  3.082 0.1000000015
30210  49.330  -60.515  3.330 0.2000000030
26758  50.959  -63.788  2.946 0.3000000119
26757  52.008  -63.909  2.866 0.2000000030
31359  51.199  -59.680  2.896 0.1000000015
30209  50.229  -60.797  3.334 0.1000000015
134336  49.451  -61.542  3.396 0.3000000119
26732  50.423  -63.224  3.083 0.2000000030
29067  44.687  -61.874  4.552 0.5000000000
27893  45.555  -62.219  4.454 0.5000000000
27892  46.706  -62.540  4.097 0.5000000000
143651  46.182  -62.818  4.436 0.5000000000
141322  43.816  -61.478  4.531 0.5000000000
27895  44.025  -62.383  4.912 0.5000000000
27894  44.828  -62.701  4.899 0.5000000000
29069  42.439  -61.910  4.801 0.5000000000
27823  45.202  -61.696  10.989 0.1000000015
141083  43.887  -61.112  9.927 0.1000000015
29005  44.618  -61.458  9.803 0.1000000015
29004  45.094  -61.902  9.137 0.1000000015
29008  44.201  -61.424  8.876 0.1000000015
27831  46.678  -62.972  8.250 0.1000000015
29013  46.306  -62.013  7.001 0.1000000015
29015  44.868  -61.505  7.537 0.1000000015
27852  47.714  -62.273  6.437 0.1000000015
29027  48.227  -61.749  6.098 0.2000000030
151611  49.190  -61.971  5.780 0.2000000030
29048  50.420  -61.735  5.587 0.2000000030
29047  51.415  -62.018  5.450 0.2000000030
30175  50.548  -60.794  5.580 0.2000000030
29046  52.585  -61.875  5.415 0.2000000030
27872  54.743  -62.534  4.896 0.2000000030
29044  55.032  -61.861  4.889 0.2000000030
27900  55.613  -62.109  3.684 0.2000000030
33795  54.003  -57.778  -0.101 0.1000000015
31418  54.360  -58.308  0.682 0.1000000015
32556  55.012  -58.158  2.033 0.1000000015
32557  54.044  -58.615  2.010 0.1000000015
31387  51.704  -59.110  2.475 0.1000000015
29085  54.003  -61.750  3.246 0.1000000015
27903  53.068  -62.264  3.124 0.2000000030
27901  55.308  -62.245  3.571 0.2000000030
31386  53.504  -59.076  2.494 0.1000000015
31358  52.778  -59.650  2.886 0.1000000015
30208  51.984  -60.312  3.143 0.1000000015
29087  50.555  -61.734  3.282 0.2000000030
130587  51.704  -61.942  3.179 0.2000000030
27922  52.051  -62.890  3.078 0.2000000030
30133  42.318  -60.158  10.652 0.1000000015
30136  43.200  -60.668  9.719 0.1000000015
31300  40.730  -59.110  9.796 0.1000000015
30140  42.835  -60.514  8.809 0.1000000015
31303  41.452  -59.596  8.771 0.1000000015
31308  41.922  -59.648  8.095 0.1000000015
30144  44.537  -60.796  7.193 0.1000000015
29016  44.231  -61.303  7.883 0.1000000015
30143  45.258  -60.995  6.890 0.1000000015
30154  46.649  -60.490  6.437 0.1000000015
150371  47.962  -61.036  6.044 0.1000000015
30178  47.232  -59.925  6.056 0.1000000015
30177  48.119  -60.186  5.815 0.1000000015
128227  49.677  -60.936  5.693 0.2000000030
146276  51.139  -60.168  5.500 0.2000000030
143367  52.753  -60.994  5.467 0.2000000030
30173  52.303  -60.288  5.450 0.2000000030
30172  53.663  -60.495  5.261 0.2000000030
31325  54.616  -59.932  4.763 0.1000000015
29064  55.779  -61.631  4.178 0.2000000030
34942  51.888  -56.641  -0.502 0.1000000015
34921  52.159  -56.729  1.033 0.1000000015
34920  53.434  -56.924  1.745 0.1000000015
33745  54.941  -57.651  2.306 0.1000000015
150109  55.788  -60.931  4.119 0.2000000030
34908  54.119  -56.980  2.659 0.1000000015
31385  54.929  -58.643  2.725 0.1000000015
31357  54.799  -59.429  3.213 0.1000000015
30207  53.672  -60.275  3.274 0.1000000015
136234  54.407  -60.988  3.508 0.2000000030
32497  39.764  -58.213  9.036 0.1000000015
146645  40.682  -58.377  7.764 0.1000000015
32500  42.048  -59.144  7.373 0.1000000015
31318  43.800  -59.313  6.657 0.1000000015
31316  45.583  -59.487  6.325 0.1000000015
31331  47.772  -59.310  5.705 0.1000000015
30176  49.142  -60.123  5.637 0.2000000030
32521  48.446  -58.380  5.397 0.1000000015
31329  49.690  -59.310  5.477 0.1000000015
32520  49.301  -58.500  5.308 0.2000000030
31328  50.718  -59.358  5.471 0.2000000030
32537  49.836  -57.913  4.930 0.1000000015
31327  51.842  -59.464  5.403 0.2000000030
34924  49.115  -56.640  1.891 0.1000000015
34911  50.273  -56.774  2.211 0.1000000015
131799  49.540  -56.813  3.017 0.1000000015
153185  50.840  -56.911  3.477 0.1000000015
33719  51.461  -57.384  4.315 0.1000000015
32535  52.042  -58.056  4.751 0.1000000015
32518  51.362  -58.688  5.237 0.1000000015
34930  52.005  -56.549  0.141 0.1000000015
129131  50.937  -56.388  0.474 0.1000000015
34910  51.418  -56.732  2.513 0.1000000015
128397  50.642  -56.824  3.111 0.1000000015
34893  51.662  -56.755  3.318 0.1000000015
145254  53.199  -56.965  3.785 0.1000000015
32533  54.995  -58.545  4.134 0.1000000015
32534  53.478  -58.167  4.544 0.1000000015
31341  55.276  -59.399  4.276 0.1000000015
34909  52.726  -56.665  2.657 0.1000000015
33736  53.911  -56.990  3.411 0.1000000015
148712  55.011  -58.102  3.519 0.1000000015
32545  55.164  -58.887  3.552 0.1000000015
30190  55.663  -60.480  4.021 0.1000000015
33693  40.236  -57.659  7.638 0.1000000015
33692  41.050  -57.938  7.287 0.1000000015
33697  42.362  -57.850  6.503 0.1000000015
32508  44.328  -58.686  6.213 0.1000000015
32524  45.732  -58.444  5.710 0.1000000015
32522  47.597  -58.489  5.513 0.1000000015
36010  45.840  -55.536  1.871 0.1000000015
36002  46.338  -56.035  2.479 0.1000000015
34897  46.592  -56.538  3.863 0.1000000015
34881  47.112  -56.912  4.380 0.1000000015
33705  48.077  -57.723  5.189 0.1000000015
154160  46.950  -55.752  1.038 0.1000000015
34913  47.840  -56.725  2.993 0.1000000015
34914  46.893  -56.447  3.111 0.1000000015
33722  48.553  -57.247  4.613 0.1000000015
33721  49.415  -57.360  4.514 0.1000000015
36015  47.619  -55.864  0.736 0.1000000015
36007  48.285  -56.244  1.230 0.1000000015
34925  48.072  -56.453  2.106 0.1000000015
34879  48.665  -56.891  4.046 0.1000000015
34878  49.148  -56.993  4.181 0.1000000015
32536  50.858  -57.996  4.859 0.1000000015
33710  43.707  -57.398  5.779 0.1000000015
34884  43.910  -56.228  4.997 0.1000000015
33726  45.199  -57.103  5.047 0.1000000015
35987  44.377  -55.974  4.557 0.1000000015
34883  44.678  -56.562  4.940 0.1000000015
33725  45.887  -57.216  4.927 0.1000000015
37112  45.029  -55.223  2.116 0.1000000015
36003  45.539  -55.698  2.708 0.1000000015
35993  45.275  -55.828  3.554 0.1000000015
34899  45.039  -56.050  4.326 0.1000000015
33724  46.744  -57.251  4.881 0.1000000015
37119  45.368  -54.973  1.320 0.1000000015
35992  46.060  -56.160  3.286 0.1000000015
21913  44.611  -68.634  0.584 0.4000000060
25503  42.462  -64.472  3.377 0.5000000000
21864  45.972  -68.361  2.208 0.4000000060
21888  48.172  -68.561  1.885 0.4000000060
23063  43.958  -66.830  5.047 0.1000000015
20731  49.045  -69.189  4.332 0.1000000015
18614  46.540  -71.411  2.145 0.2000000030
21912  49.022  -68.519  1.026 0.4000000060
150921  49.509  -66.774  1.616 0.4000000060
24207  45.026  -65.842  8.811 0.1000000015
21840  47.735  -67.696  5.628 0.1000000015
21884  51.920  -67.545  1.276 0.3000000119
150232  53.305  -64.565  4.895 0.2000000030
19690  50.979  -69.737  1.671 0.2000000030
19689  51.539  -69.028  1.295 0.2000000030
20784  50.223  -69.182  0.516 0.2000000030
23120  51.536  -66.717  1.236 0.3000000119
21911  49.918  -68.343  0.608 0.3000000119
146352  51.839  -65.521  2.461 0.2000000030
24324  50.163  -65.489  2.068 0.3000000119
27968  39.107  -62.832  0.077 0.5000000000
22997  46.274  -66.100  8.255 0.1000000015
22996  46.988  -66.492  8.634 0.1000000015
21811  49.807  -67.335  8.108 0.1000000015
21830  48.155  -67.372  6.478 0.1000000015
132712  50.247  -67.330  6.583 0.1000000015
21828  49.703  -67.550  7.161 0.1000000015
21846  50.034  -67.500  4.583 0.1000000015
23078  50.831  -67.016  3.760 0.1000000015
24271  52.611  -64.880  6.266 0.1000000015
25487  53.101  -64.444  5.718 0.2000000030
25546  51.930  -64.867  2.564 0.3000000119
26733  49.537  -63.294  3.158 0.4000000060
29113  38.213  -61.594  1.963 0.5000000000
29094  39.000  -61.085  3.278 0.5000000000
30232  37.720  -60.543  2.054 0.5000000000
31397  41.294  -59.293  2.823 0.5000000000
24194  50.238  -64.966  9.744 0.1000000015
26641  48.863  -63.646  9.262 0.1000000015
21810  50.724  -66.837  8.482 0.1000000015
152911  49.926  -64.271  8.688 0.1000000015
23035  51.750  -66.074  7.239 0.1000000015
25441  51.837  -64.834  7.627 0.1000000015
25443  50.104  -64.332  7.949 0.1000000015
27875  51.935  -62.597  5.413 0.2000000030
31422  50.384  -59.242  0.131 0.2000000030
31447  50.516  -60.288  -0.493 0.2000000030
136483  47.894  -59.489  0.478 0.2000000030
31424  48.426  -58.927  1.234 0.2000000030
31406  48.160  -58.991  2.042 0.2000000030
31388  50.411  -59.117  2.640 0.1000000015
31426  46.239  -59.225  0.746 0.2000000030
128222  46.264  -59.342  1.552 0.2000000030
31392  46.420  -59.568  2.429 0.3000000119
29088  48.465  -61.777  3.503 0.4000000060
31410  43.405  -59.001  1.811 0.5000000000
31409  44.289  -59.178  2.064 0.4000000060
32602  45.633  -58.856  0.390 0.2000000030
31394  44.582  -59.647  2.816 0.4000000060
31365  45.239  -60.106  3.221 0.5000000000
29091  45.816  -60.755  3.562 0.5000000000
27907  48.130  -62.580  3.549 0.5000000000
27905  49.960  -62.482  3.228 0.3000000119
150964  41.946  -58.444  1.347 0.5000000000
32584  42.909  -58.565  1.270 0.5000000000
31367  42.863  -59.702  3.228 0.5000000000
30215  43.253  -60.256  3.779 0.5000000000
29000  45.281  -61.699  10.302 0.1000000015
27828  45.956  -62.168  9.879 0.1000000015
27826  47.387  -63.152  9.056 0.1000000015
151502  48.584  -63.933  7.392 0.1000000015
27840  45.983  -62.475  7.712 0.1000000015
27838  47.562  -63.013  6.844 0.1000000015
26675  50.394  -64.073  6.268 0.1000000015
26704  49.252  -63.061  5.913 0.2000000030
32580  51.190  -58.548  1.472 0.1000000015
32597  54.141  -58.676  0.653 0.1000000015
29002  43.829  -61.073  10.838 0.1000000015
140316  43.406  -60.753  10.446 0.1000000015
140327  45.250  -62.140  8.056 0.1000000015
30146  43.258  -60.631  8.041 0.1000000015
29029  46.824  -61.333  6.608 0.1000000015
29028  47.510  -61.550  6.377 0.2000000030
29049  48.712  -60.976  5.829 0.2000000030
134381  50.131  -60.109  5.558 0.2000000030
33796  53.184  -57.411  -0.368 0.1000000015
33772  53.675  -57.281  0.365 0.1000000015
34928  54.079  -57.266  1.227 0.1000000015
33756  54.874  -57.764  1.811 0.1000000015
29086  52.777  -61.178  3.269 0.1000000015
31298  41.862  -59.991  9.699 0.1000000015
30134  41.659  -59.797  11.097 0.1000000015
31290  41.666  -59.773  10.421 0.1000000015
32489  39.558  -58.033  9.907 0.1000000015
32496  40.422  -58.763  9.025 0.1000000015
31304  40.906  -59.254  9.084 0.1000000015
31302  42.154  -60.103  8.786 0.1000000015
32495  40.858  -58.969  8.280 0.1000000015
129239  41.467  -59.271  7.954 0.1000000015
30145  43.884  -60.653  7.566 0.1000000015
30156  44.992  -60.167  6.691 0.1000000015
31306  43.431  -60.018  7.254 0.1000000015
30155  45.839  -60.312  6.555 0.1000000015
31333  46.180  -59.050  5.959 0.1000000015
31326  53.159  -59.665  5.156 0.2000000030
31343  52.613  -58.846  4.997 0.1000000015
34941  52.717  -56.933  -0.089 0.1000000015
34907  54.559  -57.346  1.917 0.1000000015
33746  54.735  -57.492  3.112 0.1000000015
30206  55.161  -60.239  3.759 0.1000000015
32502  40.202  -58.337  8.280 0.1000000015
32510  42.462  -58.630  6.752 0.1000000015
31319  42.880  -59.331  6.880 0.1000000015
31317  44.674  -59.416  6.491 0.1000000015
32507  45.150  -58.882  6.089 0.1000000015
32523  46.639  -58.442  5.582 0.1000000015
151547  48.112  -58.844  5.561 0.1000000015
33704  48.937  -57.771  5.080 0.1000000015
34932  49.176  -56.291  0.854 0.1000000015
34923  50.060  -56.607  1.208 0.1000000015
34922  51.136  -56.687  1.536 0.1000000015
142436  49.336  -56.882  3.746 0.1000000015
34912  48.632  -56.714  2.694 0.1000000015
33739  49.848  -57.075  3.945 0.1000000015
33738  50.901  -57.011  3.776 0.1000000015
33718  52.738  -57.382  4.261 0.1000000015
32532  55.521  -59.264  3.964 0.1000000015
33699  40.814  -57.118  7.059 0.1000000015
33698  41.571  -57.472  6.760 0.1000000015
33711  42.092  -57.046  6.229 0.1000000015
149255  42.878  -57.310  6.019 0.1000000015
32526  44.162  -57.988  5.933 0.1000000015
33709  44.579  -57.386  5.461 0.1000000015
33708  45.410  -57.689  5.364 0.1000000015
36001  47.184  -56.326  2.297 0.1000000015
34882  46.274  -56.811  4.442 0.1000000015
34896  47.416  -56.750  3.744 0.1000000015
34898  45.795  -56.316  4.031 0.1000000015
33723  47.626  -57.268  4.820 0.1000000015
36008  47.432  -56.115  1.493 0.1000000015
34874  43.255  -56.591  5.471 0.1000000015
34873  44.033  -56.810  5.357 0.1000000015
132370  45.480  -56.658  4.616 0.1000000015
35994  44.397  -55.558  3.862 0.1000000015
35988  43.760  -55.665  4.500 0.1000000015
37120  44.561  -54.640  1.579 0.1000000015
36004  44.744  -55.360  2.965 0.1000000015
21988  38.353  -67.993  -3.171 0.1000000015
19765  39.267  -69.092  -3.651 0.1000000015
21987  39.192  -67.863  -3.217 0.1000000015
21974  39.652  -67.176  -2.689 0.1000000015
138345  39.939  -66.597  -1.223 0.1000000015
23170  39.065  -66.597  -1.406 0.1000000015
23139  39.834  -66.363  0.097 0.1000000015
142611  38.012  -68.742  -3.369 0.2000000030
23124  41.455  -66.867  0.593 0.1000000015
19764  40.335  -69.845  -3.932 0.2000000030
136093  39.963  -69.122  -3.840 0.1000000015
18708  40.924  -70.508  -3.955 0.2000000030
131294  40.038  -67.733  -3.299 0.1000000015
146322  41.334  -66.512  0.170 0.1000000015
17615  40.798  -71.297  -3.679 0.2000000030
19779  40.817  -69.150  -3.947 0.2000000030
23187  40.444  -66.741  -2.352 0.2000000030
20838  40.585  -68.345  -3.652 0.2000000030
135961  40.955  -67.517  -3.213 0.2000000030
23154  41.060  -66.253  -0.755 0.3000000119
23137  42.284  -66.907  0.311 0.3000000119
129193  41.189  -66.405  -2.083 0.3000000119
24386  42.122  -65.611  -0.850 0.3000000119
19778  41.707  -69.263  -4.134 0.2000000030
20837  42.474  -67.853  -3.479 0.2000000030
17614  42.717  -72.137  -3.257 0.2000000030
21986  42.058  -67.181  -3.162 0.2000000030
18720  42.985  -70.424  -4.337 0.2000000030
9665  39.846  -78.158  -4.263 0.1000000015
16510  42.103  -72.668  -2.748 0.2000000030
18721  41.857  -70.258  -4.173 0.2000000030
18707  41.684  -71.231  -3.838 0.2000000030
23186  42.395  -65.881  -2.016 0.3000000119
24373  42.908  -65.025  -0.438 0.4000000060
12973  42.063  -74.986  -2.884 0.1000000015
16491  42.979  -73.205  -2.377 0.1000000015
20857  42.652  -68.589  -3.938 0.2000000030
150950  43.555  -67.028  -2.950 0.2000000030
11855  40.864  -76.494  -3.537 0.1000000015
24403  43.497  -65.001  -1.820 0.4000000060
15279  42.976  -73.668  -2.518 0.2000000030
19777  42.761  -69.440  -4.263 0.2000000030
16509  43.290  -72.886  -2.740 0.2000000030
10706  40.855  -77.194  -4.944 0.1000000015
11866  43.005  -76.641  -6.007 0.2000000030
12997  42.084  -75.502  -4.515 0.1000000015
17633  43.281  -71.453  -4.150 0.2000000030
19776  43.932  -69.652  -4.287 0.2000000030
20836  43.926  -67.827  -3.347 0.2000000030
23198  44.526  -66.015  -2.658 0.4000000060
14098  43.035  -74.073  -3.395 0.1000000015
21985  45.285  -66.772  -2.979 0.4000000060
24384  43.613  -64.374  -1.881 0.4000000060
16529  44.435  -72.442  -4.414 0.3000000119
148166  45.131  -70.784  -4.351 0.3000000119
147756  43.553  -73.195  -3.112 0.2000000030
15297  44.219  -73.218  -4.493 0.4000000060
23197  45.570  -65.520  -3.160 0.4000000060
25582  43.461  -63.961  -1.625 0.4000000060
131712  45.072  -69.914  -4.202 0.3000000119
17640  46.407  -71.256  -5.247 0.4000000060
144131  45.090  -72.050  -4.587 0.3000000119
29157  52.758  -61.447  -2.183 0.1000000015
142028  52.525  -59.972  -0.482 0.1000000015
24402  44.250  -64.671  -2.608 0.4000000060
21983  45.882  -67.505  -3.825 0.4000000060
23184  45.073  -64.820  -3.118 0.5000000000
144969  46.498  -70.146  -4.662 0.4000000060
18717  46.266  -70.528  -4.420 0.3000000119
19775  46.175  -69.622  -4.184 0.4000000060
20854  45.880  -68.223  -4.209 0.4000000060
29142  52.361  -61.535  -1.538 0.1000000015
29159  51.917  -62.407  -1.886 0.1000000015
145124  51.175  -60.960  -0.816 0.1000000015
141213  43.751  -64.210  -2.510 0.4000000060
25617  44.125  -64.218  -2.940 0.5000000000
23214  45.451  -65.376  -3.772 0.5000000000
25606  43.405  -63.939  -2.582 0.5000000000
29144  50.491  -61.351  -1.081 0.1000000015
30264  49.678  -60.696  -0.729 0.1000000015
30310  48.865  -60.608  -2.211 0.1000000015
30288  49.627  -61.080  -1.207 0.1000000015
30266  48.026  -59.901  -0.805 0.1000000015
20823  37.425  -68.109  -2.924 0.1000000015
21975  38.751  -67.328  -2.718 0.1000000015
23155  40.361  -66.438  -0.496 0.1000000015
23189  38.230  -66.849  -2.089 0.1000000015
145824  39.197  -66.233  -0.029 0.1000000015
149117  42.359  -67.526  1.154 0.1000000015
25571  43.145  -64.237  0.138 0.4000000060
149124  48.111  -59.828  -0.229 0.1000000015
18710  38.380  -70.324  -3.464 0.1000000015
23199  42.937  -66.374  -2.591 0.3000000119
18719  44.092  -70.678  -4.329 0.2000000030
23185  43.853  -65.443  -2.375 0.4000000060
20855  45.127  -68.917  -3.867 0.3000000119
132843  45.741  -66.163  -3.411 0.4000000060
29160  51.060  -62.345  -1.579 0.1000000015
30289  48.888  -60.607  -1.355 0.1000000015
24357  38.518  -65.961  0.218 0.1000000015
132328  29.324  -79.108  -8.568 0.1000000015
7780  28.965  -80.347  -9.054 0.1000000015
6198  28.567  -83.402  -10.896 0.1000000015
8763  28.744  -79.507  -8.823 0.1000000015
6962  29.836  -82.247  -9.439 0.1000000015
9727  29.342  -78.226  -8.498 0.1000000015
132251  28.459  -78.046  -8.441 0.1000000015
10751  27.890  -77.422  -8.276 0.1000000015
8764  28.071  -79.065  -9.053 0.1000000015
5430  30.320  -84.802  -5.152 0.1000000015
15306  25.107  -73.411  -4.786 0.1000000015
14169  25.295  -73.772  -6.410 0.1000000015
8761  30.721  -79.945  -8.498 0.1000000015
144014  26.302  -74.030  -7.225 0.1000000015
7779  29.886  -80.419  -8.764 0.1000000015
13071  27.235  -75.652  -7.801 0.1000000015
7778  30.791  -80.871  -8.607 0.1000000015
11917  27.560  -76.514  -8.097 0.1000000015
140805  29.325  -83.063  -10.215 0.1000000015
5421  31.699  -85.697  -3.950 0.1000000015
6133  29.402  -83.231  -5.064 0.1000000015
6905  29.594  -82.306  -4.653 0.1000000015
5379  31.780  -84.762  -1.100 0.1000000015
5409  31.823  -85.541  -3.205 0.1000000015
5429  31.239  -85.657  -4.488 0.1000000015
6119  31.238  -84.317  -4.414 0.1000000015
7709  28.486  -80.779  -3.900 0.1000000015
11861  26.362  -76.405  -3.043 0.1000000015
14106  25.293  -74.250  -3.479 0.1000000015
132248  30.746  -79.162  -8.473 0.1000000015
128388  31.097  -77.993  -8.356 0.1000000015
10749  29.810  -77.398  -8.488 0.1000000015
8759  31.979  -79.780  -8.267 0.1000000015
6179  30.942  -83.234  -9.290 0.1000000015
6197  29.299  -84.063  -10.933 0.1000000015
6904  30.456  -82.940  -4.511 0.1000000015
6886  30.092  -81.781  -4.208 0.1000000015
143107  32.018  -85.014  -1.585 0.1000000015
4760  32.256  -85.001  -2.494 0.1000000015
5420  31.993  -85.331  -3.593 0.1000000015
6884  31.538  -82.994  -3.488 0.1000000015
7706  31.207  -81.519  -3.456 0.1000000015
7707  30.546  -81.121  -3.715 0.1000000015
145889  29.544  -79.878  -3.621 0.1000000015
9655  29.200  -78.403  -3.553 0.1000000015
10697  27.708  -77.685  -3.472 0.1000000015
10696  28.661  -77.615  -3.636 0.1000000015
12980  27.786  -75.596  -3.670 0.1000000015
14104  26.888  -74.793  -3.628 0.1000000015
149097  26.945  -74.017  -4.101 0.1000000015
134346  25.998  -73.345  -4.895 0.1000000015
14203  29.344  -74.602  -8.327 0.1000000015
9707  32.286  -78.737  -7.991 0.1000000015
10747  31.446  -77.294  -8.163 0.1000000015
10748  30.639  -77.345  -8.394 0.1000000015
13068  29.842  -75.150  -8.402 0.1000000015
13069  29.123  -75.548  -8.516 0.1000000015
134491  32.292  -80.427  -8.195 0.1000000015
6952  30.790  -82.021  -8.857 0.1000000015
139948  32.621  -80.534  -1.565 0.1000000015
4750  32.037  -84.608  -0.234 0.1000000015
4759  32.409  -84.673  -1.689 0.1000000015
5407  32.321  -84.786  -2.639 0.1000000015
6100  32.285  -84.210  -2.792 0.1000000015
143341  32.121  -81.890  -2.490 0.1000000015
7688  32.026  -80.815  -2.349 0.1000000015
8666  31.631  -79.928  -2.627 0.1000000015
9638  31.294  -78.398  -2.393 0.1000000015
10694  30.207  -77.586  -3.249 0.1000000015
11858  29.834  -76.056  -3.161 0.1000000015
4749  32.384  -84.644  -0.834 0.1000000015
5378  33.040  -84.174  -0.363 0.1000000015
139343  32.903  -83.817  -1.502 0.1000000015
6080  33.188  -83.108  -1.159 0.1000000015
6844  32.892  -82.339  -1.566 0.1000000015
137338  28.984  -76.851  -3.734 0.1000000015
141829  28.598  -76.172  -3.722 0.1000000015
14103  28.215  -74.666  -3.950 0.1000000015
15303  28.836  -73.684  -5.101 0.1000000015
129252  26.978  -73.424  -4.869 0.1000000015
15322  29.291  -73.463  -5.683 0.1000000015
15304  27.963  -73.616  -5.097 0.1000000015
15368  29.518  -73.613  -7.072 0.1000000015
15347  28.933  -73.375  -6.412 0.1000000015
14182  31.904  -74.740  -7.139 0.1000000015
15367  30.378  -73.907  -7.232 0.1000000015
15348  27.986  -73.302  -6.606 0.1000000015
10735  32.341  -77.325  -7.687 0.1000000015
11906  31.691  -76.508  -7.868 0.1000000015
13052  31.085  -75.778  -8.081 0.1000000015
9706  33.160  -78.752  -7.563 0.1000000015
138875  33.499  -79.760  -7.502 0.1000000015
6951  31.700  -82.754  -8.686 0.1000000015
136284  31.776  -81.391  -8.437 0.1000000015
6941  33.285  -82.203  -7.825 0.1000000015
142950  33.380  -81.282  -7.684 0.1000000015
8646  32.853  -79.677  -1.251 0.1000000015
8665  32.240  -79.786  -1.906 0.1000000015
4104  32.354  -84.921  0.906 0.1000000015
4718  33.791  -84.366  1.665 0.1000000015
5364  33.518  -84.050  0.434 0.1000000015
5363  33.885  -83.549  0.700 0.1000000015
6825  33.321  -81.736  -0.692 0.1000000015
147488  32.915  -81.267  -1.279 0.1000000015
7665  33.164  -80.449  -0.854 0.1000000015
9616  32.488  -78.921  -1.478 0.1000000015
10674  30.809  -77.599  -2.601 0.1000000015
11838  30.877  -76.735  -2.123 0.1000000015
4735  33.179  -84.490  0.535 0.1000000015
141524  33.207  -83.742  -0.803 0.1000000015
11823  30.927  -75.730  -1.680 0.1000000015
12977  29.987  -75.213  -2.888 0.1000000015
14102  29.041  -74.504  -3.896 0.1000000015
14083  30.327  -74.435  -2.691 0.1000000015
151464  29.519  -74.014  -3.910 0.1000000015
15284  30.427  -73.772  -3.182 0.1000000015
15285  30.042  -73.676  -4.017 0.1000000015
139075  31.486  -73.495  -6.022 0.1000000015
136279  31.056  -73.291  -5.349 0.1000000015
10727  33.558  -77.573  -6.908 0.1000000015
11892  34.278  -76.941  -6.055 0.1000000015
11894  33.153  -76.287  -6.763 0.1000000015
13033  33.248  -75.470  -6.339 0.1000000015
14168  31.781  -73.979  -6.630 0.1000000015
14183  31.148  -74.236  -7.234 0.1000000015
9680  34.743  -77.677  -5.908 0.1000000015
13051  31.831  -75.646  -7.524 0.1000000015
9692  33.773  -78.247  -6.980 0.1000000015
9691  34.575  -78.561  -6.420 0.1000000015
8743  34.024  -79.137  -7.064 0.1000000015
7766  33.055  -80.472  -7.811 0.1000000015
6167  33.837  -83.073  -7.559 0.1000000015
4686  33.614  -84.438  3.760 0.1000000015
132332  32.547  -85.110  2.467 0.1000000015
4070  32.162  -85.270  1.918 0.1000000015
5336  34.367  -83.579  2.690 0.1000000015
6032  34.326  -83.076  2.183 0.1000000015
9615  33.079  -79.068  -0.909 0.1000000015
4696  33.468  -84.609  2.804 0.1000000015
5340  34.164  -83.865  1.850 0.1000000015
6043  33.924  -82.687  0.773 0.1000000015
7630  33.619  -80.733  0.765 0.1000000015
8614  33.548  -79.913  0.236 0.1000000015
9596  32.805  -78.456  -0.846 0.1000000015
10639  32.544  -77.750  -0.576 0.1000000015
11822  31.442  -76.591  -1.345 0.1000000015
130965  33.219  -78.053  0.579 0.1000000015
11806  32.432  -76.510  0.203 0.1000000015
12953  31.280  -75.016  -1.079 0.1000000015
12954  30.855  -74.890  -1.654 0.1000000015
155069  31.024  -73.835  -1.908 0.1000000015
14065  31.551  -74.176  -0.710 0.1000000015
140130  31.259  -73.362  -2.286 0.1000000015
16498  32.362  -72.769  -2.773 0.1000000015
15300  31.408  -73.124  -4.556 0.1000000015
15320  32.645  -73.610  -5.278 0.1000000015
15299  32.606  -73.343  -4.616 0.1000000015
11877  33.778  -76.230  -6.187 0.1000000015
154992  33.746  -74.592  -5.128 0.1000000015
11875  35.359  -76.925  -4.895 0.1000000015
11869  34.967  -76.171  -4.841 0.1000000015
10715  35.363  -77.597  -5.292 0.1000000015
9690  35.279  -79.325  -6.037 0.1000000015
7765  33.814  -80.746  -7.416 0.1000000015
6940  34.011  -81.933  -7.339 0.1000000015
8583  33.987  -80.145  3.907 0.1000000015
8584  33.655  -79.360  3.355 0.1000000015
5312  34.220  -83.494  5.423 0.1000000015
4685  34.373  -83.737  4.068 0.1000000015
131339  34.694  -83.346  3.590 0.1000000015
6022  35.059  -82.779  4.083 0.1000000015
6804  34.124  -82.442  1.634 0.1000000015
7608  33.683  -80.760  2.046 0.1000000015
134699  33.527  -78.557  2.987 0.1000000015
9549  33.562  -77.891  3.525 0.1000000015
4703  34.010  -84.227  2.293 0.1000000015
6795  33.902  -81.564  1.892 0.1000000015
7616  33.598  -80.303  1.451 0.1000000015
151872  33.426  -77.781  1.974 0.1000000015
147237  33.129  -76.088  2.348 0.1000000015
14048  32.186  -74.751  0.599 0.1000000015
151529  33.011  -77.458  0.776 0.1000000015
11791  32.788  -76.862  0.888 0.1000000015
14064  32.062  -73.901  0.121 0.1000000015
16477  31.935  -72.857  -2.141 0.1000000015
16497  32.867  -72.662  -2.153 0.1000000015
15282  32.511  -72.987  -3.912 0.1000000015
14100  34.607  -74.407  -3.718 0.1000000015
15298  33.299  -73.417  -3.963 0.1000000015
12998  35.332  -75.734  -4.115 0.1000000015
13015  34.390  -75.419  -5.049 0.1000000015
14127  34.405  -74.709  -4.396 0.1000000015
11868  35.642  -76.511  -4.300 0.1000000015
10707  35.981  -77.433  -4.545 0.1000000015
9669  35.900  -78.311  -5.087 0.1000000015
7576  36.400  -81.004  6.020 0.1000000015
6010  35.134  -83.112  5.105 0.1000000015
6781  35.678  -82.060  5.096 0.1000000015
7587  34.916  -80.514  5.295 0.1000000015
138555  34.478  -80.676  4.535 0.1000000015
9534  33.971  -78.870  5.153 0.1000000015
5301  33.653  -83.406  6.287 0.1000000015
5300  34.815  -82.961  5.834 0.1000000015
6009  35.417  -82.602  4.879 0.1000000015
6782  35.188  -82.133  4.475 0.1000000015
7601  34.577  -81.426  4.089 0.1000000015
152400  34.096  -80.949  3.474 0.1000000015
154706  33.615  -78.601  3.701 0.1000000015
148826  33.461  -76.329  3.895 0.1000000015
10574  33.401  -77.084  3.277 0.1000000015
14016  32.952  -74.515  2.275 0.1000000015
147593  32.426  -73.972  0.909 0.1000000015
15229  32.582  -73.349  0.588 0.1000000015
16475  33.243  -72.674  -1.258 0.1000000015
15245  33.976  -72.898  -1.604 0.1000000015
15281  33.668  -73.298  -3.208 0.1000000015
15261  34.818  -73.769  -2.409 0.1000000015
11837  36.524  -76.228  -2.872 0.1000000015
12976  35.007  -75.030  -3.931 0.1000000015
10673  36.969  -77.176  -3.095 0.1000000015
10692  37.502  -78.066  -3.325 0.1000000015
152695  36.960  -81.943  6.540 0.1000000015
8563  35.533  -80.356  5.914 0.1000000015
9514  34.951  -78.724  6.447 0.1000000015
154889  35.753  -82.309  5.280 0.1000000015
8564  34.655  -79.471  5.786 0.1000000015
10555  33.810  -77.352  4.962 0.1000000015
11720  34.007  -76.662  5.495 0.1000000015
12847  33.772  -75.108  4.983 0.1000000015
14015  33.275  -74.396  3.071 0.1000000015
15192  32.836  -73.749  1.819 0.1000000015
16445  33.606  -72.546  0.463 0.1000000015
16446  32.931  -72.825  0.194 0.1000000015
130492  35.553  -73.238  0.217 0.1000000015
16474  33.889  -72.682  -0.864 0.1000000015
152500  35.571  -74.151  -1.854 0.1000000015
133395  35.309  -73.537  -1.031 0.1000000015
12938  36.788  -75.173  -0.805 0.1000000015
12964  35.718  -74.877  -2.664 0.1000000015
11820  37.504  -76.430  -1.228 0.1000000015
11821  36.839  -75.981  -1.926 0.1000000015
12974  36.012  -75.568  -2.993 0.1000000015
10656  38.011  -77.276  -1.680 0.1000000015
147429  38.824  -78.731  -1.517 0.1000000015
8664  38.644  -80.588  -1.918 0.1000000015
6767  36.873  -81.691  6.133 0.1000000015
8555  37.316  -80.447  6.696 0.1000000015
9499  36.205  -78.622  7.180 0.1000000015
10539  34.644  -77.784  6.489 0.1000000015
11715  34.429  -76.818  6.309 0.1000000015
6743  37.443  -81.578  6.771 0.1000000015
9523  34.327  -78.410  5.867 0.1000000015
143924  33.855  -75.828  5.231 0.1000000015
15155  33.846  -73.558  3.925 0.1000000015
147348  33.893  -72.708  2.721 0.1000000015
135613  33.937  -72.439  1.985 0.1000000015
16434  34.399  -72.453  1.554 0.1000000015
12922  37.076  -75.171  0.117 0.1000000015
14063  35.903  -74.082  -0.963 0.1000000015
14069  36.268  -74.647  -1.275 0.1000000015
11819  38.228  -77.188  -0.749 0.1000000015
10637  38.849  -77.937  -0.287 0.1000000015
9595  39.111  -78.810  -0.781 0.1000000015
8627  40.048  -80.603  0.004 0.1000000015
9612  41.347  -79.289  -0.688 0.1000000015
8540  39.045  -80.048  7.660 0.1000000015
8554  38.106  -80.690  7.042 0.1000000015
9497  38.327  -79.376  7.486 0.1000000015
10525  36.188  -77.921  7.564 0.1000000015
11692  36.479  -76.480  8.207 0.1000000015
12819  35.867  -75.754  8.049 0.1000000015
9498  37.144  -78.749  7.434 0.1000000015
151644  35.616  -77.331  7.457 0.1000000015
12838  34.855  -74.993  7.006 0.1000000015
12846  34.072  -75.073  5.605 0.1000000015
13970  34.024  -74.240  5.029 0.1000000015
16419  34.696  -72.504  2.431 0.1000000015
15209  35.870  -72.956  1.782 0.1000000015
15227  36.179  -73.720  0.427 0.1000000015
17573  37.265  -71.999  -0.072 0.1000000015
15226  38.897  -73.511  0.646 0.1000000015
14026  40.111  -74.616  1.840 0.1000000015
12873  39.584  -75.279  2.950 0.1000000015
12910  39.089  -76.338  2.686 0.1000000015
14028  37.124  -74.486  1.631 0.1000000015
14047  36.790  -74.474  0.743 0.1000000015
16454  37.956  -73.270  -0.080 0.1000000015
14044  39.803  -74.939  1.000 0.1000000015
12894  40.292  -75.895  2.611 0.1000000015
14046  37.511  -75.256  1.249 0.1000000015
16456  37.013  -72.152  -0.872 0.1000000015
134445  37.926  -73.866  -0.990 0.1000000015
14045  38.890  -74.454  0.307 0.1000000015
10583  41.256  -77.750  2.485 0.1000000015
10597  39.414  -77.447  1.759 0.1000000015
11790  38.246  -76.571  0.740 0.1000000015
15260  37.463  -72.829  -1.909 0.1000000015
14068  38.443  -74.278  -1.652 0.1000000015
146347  39.651  -75.905  0.299 0.1000000015
10614  39.122  -77.923  0.744 0.1000000015
10613  41.525  -77.873  1.283 0.1000000015
10636  39.478  -78.862  0.214 0.1000000015
12949  41.090  -76.485  -1.755 0.1000000015
9580  41.638  -79.078  0.938 0.1000000015
9633  41.378  -78.534  -1.176 0.1000000015
9481  39.633  -79.081  8.001 0.1000000015
9496  39.194  -79.718  7.652 0.1000000015
9482  38.825  -78.857  7.760 0.1000000015
10507  39.080  -78.259  8.138 0.1000000015
11690  38.704  -77.167  8.516 0.1000000015
10524  37.870  -78.468  7.778 0.1000000015
11691  37.528  -76.845  8.432 0.1000000015
12818  36.506  -75.502  8.333 0.1000000015
13935  35.862  -74.923  8.051 0.1000000015
13950  35.352  -74.288  7.356 0.1000000015
13958  34.810  -74.252  6.560 0.1000000015
15154  34.305  -73.337  4.437 0.1000000015
16388  34.778  -72.687  3.997 0.1000000015
16406  36.230  -72.914  3.377 0.1000000015
13998  38.177  -74.576  3.705 0.1000000015
15208  36.467  -73.684  1.462 0.1000000015
139792  39.417  -73.197  1.281 0.1000000015
15187  39.516  -73.552  2.425 0.1000000015
12874  38.878  -75.280  3.293 0.1000000015
14027  37.620  -74.956  2.410 0.1000000015
17568  37.251  -71.520  0.608 0.1000000015
17596  37.484  -71.777  -2.660 0.1000000015
140205  37.746  -72.571  -2.452 0.1000000015
9480  40.564  -78.478  8.781 0.1000000015
141918  40.574  -77.740  8.406 0.1000000015
10506  39.777  -78.078  8.292 0.1000000015
12816  39.065  -76.040  8.722 0.1000000015
139572  38.896  -74.883  8.729 0.1000000015
139330  38.226  -75.284  8.748 0.1000000015
13934  38.024  -74.325  8.675 0.1000000015
146947  36.542  -74.720  8.314 0.1000000015
15104  37.552  -73.434  8.410 0.1000000015
15121  35.732  -73.262  7.323 0.1000000015
15139  35.213  -72.902  5.795 0.1000000015
16386  36.231  -72.780  4.326 0.1000000015
140769  35.592  -72.652  5.237 0.1000000015
15152  37.933  -73.015  4.244 0.1000000015
16385  37.514  -72.320  4.720 0.1000000015
15153  37.153  -73.075  4.517 0.1000000015
17566  37.100  -71.093  1.171 0.1000000015
146020  37.626  -71.230  1.711 0.1000000015
15170  38.443  -73.801  3.718 0.1000000015
15189  36.986  -73.740  3.351 0.1000000015
19730  35.328  -69.491  -0.187 0.1000000015
130657  36.351  -70.363  1.078 0.1000000015
13997  38.911  -74.667  3.368 0.1000000015
18666  35.690  -70.175  -0.751 0.1000000015
17574  36.572  -71.518  -0.842 0.1000000015
139866  41.612  -76.634  8.358 0.1000000015
139573  40.440  -76.571  8.504 0.1000000015
12815  40.996  -75.569  8.445 0.1000000015
143131  39.516  -74.369  8.675 0.1000000015
15103  38.459  -73.390  8.493 0.1000000015
16331  37.944  -72.638  8.252 0.1000000015
16349  36.754  -72.661  7.775 0.1000000015
17505  36.928  -72.089  7.235 0.1000000015
16358  36.486  -72.278  6.603 0.1000000015
17541  37.923  -71.411  4.768 0.1000000015
16366  37.230  -72.020  5.374 0.1000000015
17553  38.563  -71.744  3.229 0.1000000015
16384  38.206  -71.816  4.012 0.1000000015
17554  38.447  -71.400  2.666 0.1000000015
149056  36.735  -71.375  -0.051 0.1000000015
135774  36.161  -70.543  -2.050 0.1000000015
18711  37.450  -70.318  -3.180 0.1000000015
149858  42.031  -75.721  8.337 0.1000000015
15100  41.555  -73.762  8.114 0.1000000015
13933  40.516  -74.300  8.521 0.1000000015
152185  41.510  -73.058  7.748 0.1000000015
15101  40.781  -73.199  8.035 0.1000000015
16330  38.954  -72.481  8.125 0.1000000015
15102  39.582  -73.427  8.438 0.1000000015
16347  38.318  -71.802  7.726 0.1000000015
17504  37.742  -71.454  7.212 0.1000000015
17514  37.303  -71.635  6.534 0.1000000015
17524  37.822  -71.263  5.577 0.1000000015
153315  37.891  -70.478  3.654 0.1000000015
18634  37.775  -71.027  2.280 0.1000000015
18616  37.901  -70.752  3.002 0.1000000015
18650  35.600  -69.725  0.684 0.1000000015
19708  36.365  -70.120  1.952 0.1000000015
19750  36.561  -69.415  -2.767 0.1000000015
20841  37.208  -68.994  -3.161 0.1000000015
139972  41.715  -71.641  7.104 0.1000000015
16329  40.166  -72.389  7.714 0.1000000015
141839  40.845  -71.441  6.816 0.1000000015
17502  40.038  -70.785  6.500 0.1000000015
16346  39.508  -71.544  7.351 0.1000000015
17512  39.328  -70.394  5.987 0.1000000015
17513  38.294  -70.907  6.166 0.1000000015
17523  38.685  -70.439  5.337 0.1000000015
18600  38.159  -70.367  4.382 0.1000000015
143202  35.525  -67.988  -1.589 0.1000000015
20798  34.822  -68.139  -0.018 0.1000000015
19694  36.405  -69.703  2.776 0.1000000015
21964  36.034  -67.704  -1.930 0.1000000015
17501  41.355  -70.934  6.815 0.1000000015
19640  39.316  -69.467  6.960 0.1000000015
18571  40.607  -70.248  6.682 0.1000000015
134728  37.440  -68.891  5.765 0.1000000015
19650  38.234  -69.268  6.008 0.1000000015
18578  39.973  -70.252  6.387 0.1000000015
20729  36.694  -68.452  5.431 0.1000000015
18587  38.608  -70.153  5.080 0.1000000015
19667  37.862  -69.681  4.637 0.1000000015
21953  34.849  -67.390  -0.054 0.1000000015
21936  34.684  -67.571  0.702 0.1000000015
20786  34.821  -68.477  0.819 0.1000000015
153561  35.840  -69.781  1.390 0.1000000015
19695  35.606  -68.982  2.663 0.1000000015
18617  37.282  -70.161  3.282 0.1000000015
133951  36.534  -66.723  -1.217 0.1000000015
20778  34.661  -67.786  1.494 0.1000000015
21844  36.269  -67.616  5.743 0.1000000015
19657  38.074  -69.473  5.296 0.1000000015
19649  38.852  -69.797  5.540 0.1000000015
20738  35.768  -68.156  4.227 0.1000000015
20728  37.267  -69.130  5.051 0.1000000015
21893  34.591  -67.361  2.067 0.1000000015
20746  35.520  -68.382  3.325 0.1000000015
20745  36.292  -68.879  3.927 0.1000000015
20764  35.143  -68.307  2.555 0.1000000015
19679  36.081  -69.139  3.293 0.1000000015
12983  24.657  -74.768  -3.075 0.1000000015
15305  26.334  -73.636  -4.344 0.1000000015
15324  27.458  -73.258  -5.773 0.1000000015
15326  25.474  -73.399  -5.690 0.1000000015
15371  26.591  -73.635  -7.062 0.1000000015
7789  28.342  -81.190  -9.826 0.1000000015
13053  26.972  -74.130  -7.530 0.1000000015
7788  29.331  -81.259  -9.283 0.1000000015
11915  29.457  -76.590  -8.491 0.1000000015
14204  28.474  -74.655  -8.232 0.1000000015
10750  28.898  -77.385  -8.444 0.1000000015
9729  27.864  -78.274  -8.604 0.1000000015
11916  28.509  -76.510  -8.379 0.1000000015
4778  31.044  -86.712  -4.676 0.1000000015
136125  24.619  -73.519  -5.454 0.1000000015
15287  24.771  -73.654  -4.016 0.1000000015
148552  26.947  -74.913  -7.593 0.1000000015
6101  32.030  -84.458  -3.447 0.1000000015
7708  29.796  -80.696  -3.814 0.1000000015
11860  27.274  -76.578  -3.367 0.1000000015
12981  26.730  -75.675  -3.373 0.1000000015
10746  31.882  -78.034  -8.081 0.1000000015
11914  30.211  -76.766  -8.446 0.1000000015
6864  32.443  -82.761  -2.305 0.1000000015
149511  31.513  -80.765  -2.978 0.1000000015
9654  29.760  -79.162  -3.544 0.1000000015
8686  28.893  -79.309  -3.591 0.1000000015
8667  31.159  -79.178  -2.842 0.1000000015
142052  30.023  -78.355  -3.469 0.1000000015
12979  28.727  -75.428  -3.756 0.1000000015
14130  28.483  -74.009  -4.453 0.1000000015
14184  30.522  -74.461  -7.780 0.1000000015
14186  28.815  -73.907  -7.817 0.1000000015
141019  32.557  -78.138  -7.729 0.1000000015
11905  32.476  -76.393  -7.343 0.1000000015
10657  32.226  -78.089  -1.241 0.1000000015
11839  30.323  -76.799  -2.898 0.1000000015
6053  33.578  -82.824  -0.169 0.1000000015
134547  30.188  -73.417  -5.489 0.1000000015
15301  30.581  -73.348  -4.662 0.1000000015
150381  30.253  -73.612  -6.643 0.1000000015
14167  32.657  -74.550  -6.420 0.1000000015
7644  33.521  -80.706  -0.121 0.1000000015
4069  32.738  -84.996  1.640 0.1000000015
6805  33.799  -81.695  1.146 0.1000000015
10658  31.491  -77.612  -1.772 0.1000000015
129359  31.424  -75.825  -1.013 0.1000000015
15283  30.976  -73.255  -3.732 0.1000000015
13016  33.820  -75.465  -5.700 0.1000000015
6027  34.601  -82.766  3.159 0.1000000015
139499  33.419  -79.059  0.620 0.1000000015
8603  33.514  -79.352  1.577 0.1000000015
150928  32.333  -77.069  -0.334 0.1000000015
9563  33.491  -78.497  2.177 0.1000000015
12912  32.528  -75.754  0.988 0.1000000015
12939  32.113  -75.584  0.089 0.1000000015
138372  31.789  -74.759  -0.131 0.1000000015
15246  31.516  -73.465  -1.444 0.1000000015
14128  33.868  -74.057  -4.341 0.1000000015
10693  36.750  -77.702  -3.876 0.1000000015
131171  35.804  -79.164  -5.423 0.1000000015
131889  34.691  -79.609  -6.564 0.1000000015
8571  34.205  -79.820  4.894 0.1000000015
8593  33.578  -80.014  2.071 0.1000000015
137076  34.564  -83.509  4.751 0.1000000015
6789  34.801  -82.226  3.829 0.1000000015
129917  34.391  -81.801  3.280 0.1000000015
11750  33.305  -76.975  2.332 0.1000000015
135183  33.286  -76.190  3.048 0.1000000015
12898  32.863  -75.459  1.924 0.1000000015
16460  32.698  -72.822  -0.554 0.1000000015
15280  34.130  -73.798  -3.621 0.1000000015
11856  36.323  -76.805  -3.756 0.1000000015
9668  36.537  -78.371  -4.466 0.1000000015
7595  35.101  -81.405  4.865 0.1000000015
9524  33.944  -78.049  5.246 0.1000000015
10566  33.624  -77.226  4.121 0.1000000015
12875  33.376  -75.268  3.661 0.1000000015
16436  33.095  -72.867  0.970 0.1000000015
138316  34.301  -73.306  -2.209 0.1000000015
15238  34.553  -72.969  -0.945 0.1000000015
10672  37.817  -77.568  -2.564 0.1000000015
9651  37.840  -79.122  -3.344 0.1000000015
8557  35.370  -79.522  6.296 0.1000000015
9512  36.750  -79.471  6.910 0.1000000015
11705  34.754  -75.961  6.896 0.1000000015
13999  33.521  -74.213  3.827 0.1000000015
16457  34.961  -72.736  0.418 0.1000000015
15228  35.624  -73.016  0.980 0.1000000015
14081  36.138  -74.853  -1.981 0.1000000015
12921  37.695  -75.865  0.407 0.1000000015
9594  39.575  -79.859  -0.315 0.1000000015
9614  39.096  -79.916  -1.277 0.1000000015
8643  39.523  -80.939  -0.730 0.1000000015
7643  39.862  -81.296  -0.578 0.1000000015
8542  37.807  -79.902  7.098 0.1000000015
11714  34.984  -77.081  7.053 0.1000000015
15173  34.166  -72.996  3.592 0.1000000015
16418  35.599  -72.698  2.497 0.1000000015
11804  38.488  -77.214  0.202 0.1000000015
7642  40.240  -80.931  -0.405 0.1000000015
132473  40.183  -79.772  0.496 0.1000000015
8602  41.273  -79.120  1.540 0.1000000015
9593  41.647  -78.990  -0.019 0.1000000015
11703  36.123  -77.168  7.838 0.1000000015
15128  35.231  -73.424  6.612 0.1000000015
16407  35.369  -72.633  3.433 0.1000000015
149340  39.731  -73.782  1.675 0.1000000015
12909  40.390  -75.406  1.753 0.1000000015
11768  39.867  -76.999  2.574 0.1000000015
11769  38.649  -76.649  1.804 0.1000000015
135874  38.058  -76.039  1.291 0.1000000015
12911  38.288  -75.756  2.309 0.1000000015
14013  37.645  -74.528  3.293 0.1000000015
153032  40.078  -75.497  1.143 0.1000000015
11749  40.664  -76.866  2.550 0.1000000015
16473  36.836  -71.926  -1.541 0.1000000015
14060  39.035  -75.300  -0.302 0.1000000015
10596  40.373  -77.822  2.188 0.1000000015
135365  40.973  -78.996  1.815 0.1000000015
10594  41.705  -78.056  1.873 0.1000000015
17597  36.895  -71.571  -2.250 0.1000000015
11803  40.108  -76.818  0.067 0.1000000015
10635  41.492  -77.966  0.215 0.1000000015
11816  40.786  -76.901  -1.527 0.1000000015
10654  41.403  -77.802  -0.712 0.1000000015
15171  37.672  -73.815  4.141 0.1000000015
17564  38.658  -72.108  1.413 0.1000000015
16432  39.112  -72.017  1.913 0.1000000015
16404  39.079  -73.080  2.949 0.1000000015
133736  36.684  -70.243  -2.724 0.1000000015
16359  35.752  -72.724  6.582 0.1000000015
151152  36.348  -72.452  5.526 0.1000000015
134365  35.411  -69.432  -1.153 0.1000000015
20825  35.965  -69.047  -2.316 0.1000000015
19677  37.584  -69.914  3.971 0.1000000015
18579  39.237  -70.089  5.730 0.1000000015
22010  45.834  -67.437  -4.211 0.4000000060
16541  45.916  -72.575  -6.001 0.3000000119
18732  46.440  -70.700  -5.664 0.3000000119
19787  46.286  -69.337  -5.121 0.3000000119
20865  45.845  -68.466  -4.886 0.4000000060
22011  45.543  -66.738  -4.368 0.4000000060
18734  45.692  -70.236  -6.347 0.3000000119
22012  44.606  -67.120  -5.208 0.4000000060
14266  35.001  -74.781  -12.191 0.1000000015
14241  34.887  -73.835  -10.625 0.1000000015
15387  34.911  -73.803  -8.677 0.2000000030
15343  36.836  -73.694  -7.092 0.3000000119
23234  40.696  -66.733  -5.066 0.4000000060
15295  45.582  -73.006  -5.580 0.3000000119
146226  40.856  -72.676  -7.541 0.4000000060
18749  42.016  -71.484  -8.118 0.4000000060
14180  36.267  -74.246  -7.121 0.2000000030
143169  38.587  -72.888  -7.254 0.3000000119
145072  41.476  -72.346  -8.276 0.4000000060
140368  41.795  -70.700  -7.693 0.4000000060
22025  40.991  -67.785  -6.038 0.4000000060
13129  34.384  -75.098  -12.903 0.1000000015
134322  35.725  -73.526  -8.623 0.3000000119
18750  41.311  -71.273  -8.205 0.4000000060
19800  41.084  -69.126  -6.863 0.4000000060
20877  40.582  -68.528  -6.510 0.4000000060
13128  35.408  -75.291  -12.600 0.1000000015
23201  39.653  -66.209  -3.864 0.5000000000
154747  35.704  -73.508  -9.297 0.2000000030
15386  36.595  -73.402  -8.174 0.3000000119
15363  39.484  -72.792  -7.690 0.3000000119
19812  40.631  -69.749  -7.307 0.4000000060
26812  38.744  -63.225  -0.536 0.4000000060
16569  40.793  -72.266  -8.675 0.4000000060
133054  40.925  -71.766  -8.598 0.4000000060
19801  40.332  -69.212  -6.859 0.4000000060
150239  39.895  -67.885  -6.198 0.4000000060
22015  40.408  -67.241  -5.633 0.5000000000
11984  36.824  -76.594  -12.296 0.2000000030
13108  35.842  -75.018  -11.773 0.2000000030
14254  36.341  -74.834  -10.896 0.2000000030
15398  36.465  -73.548  -8.956 0.2000000030
149980  35.320  -73.575  -9.914 0.2000000030
136161  38.926  -73.167  -8.229 0.3000000119
16576  40.130  -72.377  -9.216 0.3000000119
12009  36.557  -76.921  -13.120 0.1000000015
18745  40.241  -70.310  -7.721 0.4000000060
130075  38.013  -73.149  -7.710 0.3000000119
17666  40.372  -71.789  -8.978 0.4000000060
19813  39.682  -69.698  -7.280 0.4000000060
23219  38.976  -66.327  -4.262 0.5000000000
153692  38.468  -65.699  -3.493 0.5000000000
26829  38.293  -63.718  -1.127 0.4000000060
18746  39.567  -70.499  -8.027 0.4000000060
143579  39.066  -68.329  -6.475 0.4000000060
23236  38.578  -66.521  -5.066 0.5000000000
24434  38.345  -65.972  -3.903 0.5000000000
133958  38.074  -64.627  -2.242 0.4000000060
11964  37.219  -76.310  -11.541 0.2000000030
14240  36.899  -74.716  -10.082 0.2000000030
14239  37.728  -74.975  -10.228 0.2000000030
15397  37.452  -73.669  -8.678 0.4000000060
14219  38.160  -74.578  -9.843 0.2000000030
15395  39.120  -73.580  -9.196 0.3000000119
15418  38.595  -74.111  -9.971 0.4000000060
16577  39.736  -72.930  -9.313 0.3000000119
22017  38.187  -67.112  -5.681 0.5000000000
132151  37.427  -64.966  -2.947 0.5000000000
26830  37.393  -63.739  -1.249 0.4000000060
27969  38.184  -62.903  0.120 0.4000000060
15417  39.145  -73.215  -9.922 0.4000000060
17668  38.982  -71.237  -9.451 0.4000000060
19814  38.756  -69.971  -7.719 0.4000000060
23220  38.059  -66.191  -4.582 0.5000000000
13106  37.638  -76.014  -11.011 0.2000000030
11983  37.587  -77.061  -11.794 0.2000000030
13087  37.986  -75.676  -10.623 0.2000000030
27951  36.750  -62.125  0.357 0.4000000060
14238  38.176  -74.962  -10.549 0.2000000030
17680  39.539  -72.446  -9.770 0.3000000119
18753  38.697  -70.604  -8.561 0.4000000060
20887  38.690  -69.124  -6.994 0.4000000060
10827  37.267  -77.430  -12.554 0.2000000030
133014  38.877  -76.328  -11.390 0.2000000030
15438  38.307  -73.946  -11.107 0.3000000119
29114  37.517  -61.153  1.665 0.4000000060
17691  38.785  -72.220  -10.580 0.3000000119
22027  37.584  -67.651  -6.237 0.5000000000
24422  37.092  -65.316  -3.691 0.5000000000
31399  39.611  -59.399  2.802 0.4000000060
9789  38.710  -78.070  -11.890 0.2000000030
11963  37.953  -76.731  -11.218 0.2000000030
18762  37.980  -70.764  -9.277 0.4000000060
19815  37.920  -69.562  -7.674 0.4000000060
151631  36.698  -64.590  -2.866 0.5000000000
27971  36.432  -62.541  -0.278 0.4000000060
144959  44.352  -58.388  0.535 0.4000000060
9788  38.995  -78.396  -12.359 0.2000000030
11961  39.577  -76.961  -11.335 0.2000000030
14252  38.938  -75.366  -11.991 0.2000000030
14253  38.462  -74.522  -11.740 0.2000000030
130764  38.092  -71.510  -10.793 0.4000000060
22019  36.181  -66.862  -6.128 0.5000000000
24436  36.693  -65.501  -4.413 0.5000000000
144544  38.426  -78.946  -12.913 0.2000000030
16583  38.318  -72.038  -11.299 0.4000000060
17681  38.216  -71.259  -10.127 0.3000000119
20879  37.194  -68.281  -6.810 0.5000000000
23237  37.664  -66.504  -5.246 0.5000000000
25594  36.993  -64.260  -2.102 0.5000000000
9798  39.220  -78.465  -12.949 0.2000000030
33757  41.034  -58.108  1.036 0.4000000060
32604  43.530  -58.251  0.702 0.2000000030
32566  38.524  -59.287  2.176 0.4000000060
29115  36.701  -61.018  1.210 0.4000000060
10802  39.527  -77.645  -11.418 0.2000000030
132722  38.306  -73.515  -11.935 0.4000000060
151851  35.666  -63.297  -1.547 0.4000000060
29129  36.347  -61.502  0.577 0.4000000060
151267  40.128  -77.989  -11.512 0.2000000030
13104  39.721  -75.968  -11.951 0.2000000030
13126  39.524  -75.064  -12.417 0.2000000030
11939  40.964  -77.185  -11.359 0.2000000030
32587  38.557  -58.769  1.623 0.4000000060
30237  36.640  -60.226  1.145 0.4000000060
30245  36.095  -60.757  0.497 0.4000000060
19824  37.353  -69.973  -8.248 0.3000000119
24444  36.256  -65.772  -5.133 0.5000000000
25632  36.244  -64.919  -3.887 0.5000000000
27972  35.633  -62.222  -0.551 0.4000000060
16609  38.342  -72.631  -12.393 0.4000000060
18763  37.288  -70.690  -9.977 0.4000000060
18755  36.455  -69.961  -9.199 0.3000000119
140395  36.902  -68.764  -7.397 0.4000000060
16596  38.031  -71.920  -11.871 0.4000000060
23239  35.745  -66.206  -5.782 0.5000000000
13103  40.715  -75.914  -11.942 0.2000000030
32588  37.667  -58.848  1.136 0.4000000060
26846  35.429  -63.542  -2.275 0.5000000000
26858  35.180  -63.795  -3.015 0.5000000000
20900  35.812  -68.964  -8.533 0.4000000060
130507  35.765  -67.214  -6.695 0.5000000000
24437  35.785  -65.231  -4.679 0.5000000000
22029  35.286  -67.108  -7.074 0.5000000000
20890  35.717  -68.375  -7.902 0.5000000000
20873  45.107  -68.613  -5.694 0.4000000060
19799  41.981  -69.143  -6.747 0.4000000060
32586  39.673  -58.465  1.741 0.4000000060
31412  37.953  -59.387  1.857 0.4000000060
24445  35.341  -65.552  -5.420 0.5000000000
15315  43.607  -75.493  -6.313 0.3000000119
15358  44.657  -73.773  -7.356 0.3000000119
16556  45.573  -72.526  -7.310 0.2000000030
18740  45.537  -71.095  -7.046 0.2000000030
129963  41.859  -76.932  -6.941 0.2000000030
15316  42.613  -74.452  -6.038 0.3000000119
15338  42.103  -73.506  -6.245 0.3000000119
133256  43.000  -73.457  -6.886 0.3000000119
13030  38.938  -75.690  -6.177 0.2000000030
147242  39.684  -73.927  -5.723 0.2000000030
15318  40.230  -73.368  -5.795 0.2000000030
14181  35.548  -74.823  -7.518 0.2000000030
9806  38.898  -78.216  -13.843 0.1000000015
10879  38.563  -78.086  -14.746 0.1000000015
16606  44.450  -72.217  -12.160 0.1000000015
14126  43.168  -74.862  -5.218 0.1000000015
15314  45.121  -74.177  -6.047 0.2000000030
16547  45.300  -73.334  -7.081 0.2000000030
14147  43.195  -75.788  -6.365 0.2000000030
14161  44.455  -75.024  -6.483 0.2000000030
10714  41.133  -78.216  -5.821 0.1000000015
10722  41.761  -77.933  -6.863 0.1000000015
13028  42.787  -76.915  -7.138 0.2000000030
9687  40.919  -78.404  -6.511 0.1000000015
9688  39.938  -79.103  -6.673 0.1000000015
9790  38.290  -78.552  -12.504 0.1000000015
140172  38.528  -78.891  -13.401 0.1000000015
13086  42.541  -75.739  -11.679 0.1000000015
14250  42.777  -74.548  -11.859 0.1000000015
15450  42.288  -73.411  -12.577 0.1000000015
15459  41.472  -73.059  -13.134 0.1000000015
11936  42.806  -75.535  -11.796 0.1000000015
15437  43.516  -73.825  -11.834 0.1000000015
16608  42.475  -72.579  -12.852 0.1000000015
142753  40.788  -71.721  -13.530 0.1000000015
15448  43.995  -72.963  -12.112 0.1000000015
18807  42.486  -70.460  -13.221 0.1000000015
19882  40.617  -69.540  -13.425 0.1000000015
134253  41.480  -69.494  -13.339 0.1000000015
20934  40.222  -68.416  -12.834 0.1000000015
13012  43.182  -76.294  -6.435 0.2000000030
10721  42.501  -77.760  -7.013 0.1000000015
15462  38.720  -72.790  -12.959 0.1000000015
18777  36.643  -70.223  -10.365 0.3000000119
10782  41.205  -77.249  -11.449 0.1000000015
11958  42.037  -75.823  -11.594 0.1000000015
13124  41.099  -75.163  -12.330 0.1000000015
15460  39.900  -73.593  -13.229 0.1000000015
143707  38.391  -71.180  -13.041 0.2000000030
18787  37.336  -70.472  -11.825 0.3000000119
20913  35.733  -68.510  -9.893 0.3000000119
141198  35.325  -67.216  -9.387 0.3000000119
149959  41.952  -77.156  -11.744 0.1000000015
16621  39.996  -71.987  -13.573 0.1000000015
19872  37.693  -69.956  -12.582 0.2000000030
20917  36.815  -68.162  -11.161 0.3000000119
10799  42.698  -76.408  -12.001 0.1000000015
19883  39.954  -69.830  -13.460 0.1000000015
20935  38.085  -68.212  -12.107 0.2000000030
22061  37.145  -67.248  -10.996 0.3000000119
151570  39.381  -68.335  -12.670 0.1000000015
22071  38.520  -67.432  -11.674 0.2000000030
24490  36.965  -65.928  -10.282 0.4000000060
20944  41.640  -68.750  -12.992 0.1000000015
22081  39.880  -67.733  -12.219 0.1000000015
23280  39.535  -65.743  -10.745 0.3000000119
131914  39.206  -70.875  -3.572 0.1000000015
16511  40.802  -72.108  -3.169 0.1000000015
25634  34.547  -64.285  -4.613 0.4000000060
24455  34.920  -65.917  -6.147 0.4000000060
22042  35.374  -68.146  -8.651 0.3000000119
136868  34.997  -67.169  -7.698 0.4000000060
23246  34.660  -66.190  -6.915 0.4000000060
23265  35.415  -66.475  -9.401 0.4000000060
24472  34.746  -65.549  -8.440 0.4000000060
23264  36.160  -66.248  -9.960 0.4000000060
24476  36.458  -65.465  -9.817 0.5000000000
23281  38.463  -66.109  -10.758 0.3000000119
24475  37.280  -65.141  -10.028 0.5000000000
22079  41.913  -67.535  -11.903 0.2000000030
22080  40.881  -67.649  -12.084 0.1000000015
24488  38.892  -65.234  -10.417 0.4000000060
19868  44.061  -69.620  -12.485 0.1000000015
22078  43.005  -67.380  -11.803 0.1000000015
23294  41.120  -66.228  -11.104 0.2000000030
23295  40.062  -66.333  -11.210 0.2000000030
18786  46.064  -70.343  -12.308 0.1000000015
131210  44.759  -68.987  -12.307 0.1000000015
22067  42.433  -66.751  -11.416 0.2000000030
18793  46.327  -70.335  -12.489 0.1000000015
143554  45.465  -68.970  -12.369 0.1000000015
26847  34.782  -63.282  -2.571 0.4000000060
138494  35.374  -62.748  -1.168 0.3000000119
26859  34.402  -63.312  -3.310 0.4000000060
139624  34.066  -64.701  -6.245 0.4000000060
25646  34.232  -64.528  -5.434 0.4000000060
25660  34.115  -64.653  -7.159 0.4000000060
25647  33.740  -64.051  -5.899 0.4000000060
131684  35.825  -65.086  -9.430 0.4000000060
25690  35.793  -64.174  -9.261 0.4000000060
142790  35.010  -64.149  -8.736 0.4000000060
132447  37.398  -63.870  -9.600 0.5000000000
25687  38.420  -63.853  -9.782 0.4000000060
23279  40.752  -65.442  -10.614 0.3000000119
24487  39.996  -64.850  -10.337 0.4000000060
25695  39.234  -64.326  -10.169 0.4000000060
23305  44.449  -66.869  -12.360 0.2000000030
23306  43.682  -66.403  -12.009 0.2000000030
24485  41.907  -65.220  -11.125 0.2000000030
138613  45.549  -67.732  -12.512 0.1000000015
130614  44.627  -67.584  -12.192 0.2000000030
16645  43.587  -72.420  -16.236 0.1000000015
28007  33.806  -61.857  -2.802 0.4000000060
29163  34.600  -61.355  -1.415 0.4000000060
26871  33.699  -62.947  -4.765 0.4000000060
28077  33.785  -63.075  -7.104 0.4000000060
28065  33.577  -62.653  -6.352 0.4000000060
28087  34.258  -62.639  -7.810 0.4000000060
26943  36.193  -63.295  -9.278 0.4000000060
26930  35.328  -63.421  -8.903 0.4000000060
26941  37.972  -63.247  -9.467 0.3000000119
146361  39.556  -62.874  -10.078 0.4000000060
26940  38.861  -62.831  -9.692 0.4000000060
25709  41.605  -64.438  -11.307 0.3000000119
128329  41.301  -64.370  -10.772 0.3000000119
134536  40.138  -64.048  -10.277 0.4000000060
22095  46.017  -67.339  -13.036 0.2000000030
23341  44.881  -66.525  -13.796 0.2000000030
24512  42.645  -65.370  -11.964 0.2000000030
24503  42.392  -65.564  -11.496 0.2000000030
20927  46.455  -68.591  -12.977 0.2000000030
15518  42.095  -72.951  -18.229 0.1000000015
15484  43.147  -72.423  -17.130 0.1000000015
16644  44.115  -72.078  -15.738 0.1000000015
149766  37.126  -58.695  0.475 0.3000000119
30291  34.443  -60.423  -1.756 0.4000000060
30268  35.020  -60.707  -0.997 0.3000000119
29209  33.370  -61.401  -4.333 0.4000000060
30357  33.518  -60.565  -5.542 0.4000000060
29223  33.352  -61.516  -5.272 0.4000000060
29268  34.174  -61.553  -7.528 0.4000000060
143286  33.451  -61.914  -6.071 0.4000000060
29287  36.160  -61.849  -9.087 0.4000000060
29280  34.768  -61.849  -8.284 0.4000000060
135640  38.320  -61.506  -9.308 0.4000000060
132888  37.238  -61.699  -9.213 0.3000000119
26981  39.981  -63.702  -13.543 0.3000000119
26969  39.781  -63.375  -12.023 0.3000000119
28127  39.721  -62.673  -11.248 0.3000000119
29302  39.551  -61.921  -10.275 0.3000000119
28101  39.457  -62.176  -9.939 0.3000000119
24547  45.417  -65.492  -15.385 0.2000000030
24535  43.863  -66.174  -14.292 0.2000000030
25752  41.359  -64.832  -14.321 0.3000000119
25742  40.819  -64.773  -13.318 0.2000000030
26955  40.336  -63.284  -11.095 0.3000000119
26946  40.230  -63.394  -10.702 0.3000000119
148061  45.621  -66.489  -14.271 0.2000000030
24524  42.744  -65.754  -13.139 0.2000000030
23320  46.280  -67.133  -13.826 0.2000000030
32609  37.774  -58.115  0.320 0.3000000119
33819  38.070  -57.789  -1.148 0.3000000119
32632  36.937  -58.355  -0.292 0.3000000119
32633  36.111  -58.794  -0.490 0.4000000060
31452  35.999  -59.411  -0.090 0.3000000119
133193  34.512  -59.450  -3.963 0.3000000119
31512  34.782  -59.386  -3.253 0.4000000060
142522  34.017  -59.364  -6.528 0.4000000060
31532  34.101  -59.378  -4.794 0.4000000060
31553  33.650  -60.092  -4.733 0.4000000060
32780  34.481  -59.129  -7.339 0.4000000060
30396  33.908  -60.910  -7.075 0.4000000060
31604  36.466  -59.440  -8.812 0.3000000119
29279  35.504  -61.212  -8.645 0.4000000060
30395  34.220  -60.720  -7.534 0.4000000060
28149  38.574  -61.530  -13.203 0.3000000119
30461  38.102  -60.828  -12.009 0.2000000030
30450  38.079  -60.017  -11.449 0.2000000030
30412  38.114  -60.102  -9.438 0.2000000030
29286  37.769  -60.863  -9.218 0.3000000119
29278  36.607  -61.021  -9.033 0.3000000119
29336  39.881  -62.282  -14.256 0.3000000119
28137  38.686  -62.052  -12.537 0.3000000119
29314  38.755  -61.522  -11.573 0.2000000030
29303  39.360  -61.251  -10.436 0.2000000030
129460  38.781  -60.797  -9.620 0.2000000030
130971  44.863  -64.788  -15.721 0.2000000030
25761  42.851  -64.442  -15.370 0.3000000119
26991  41.973  -64.093  -15.148 0.3000000119
26980  40.528  -64.196  -14.016 0.3000000119
136564  39.965  -57.379  -0.184 0.3000000119
33758  40.053  -57.967  1.153 0.3000000119
33778  38.709  -57.840  0.415 0.3000000119
31592  35.214  -58.373  -7.916 0.3000000119
133888  37.455  -57.862  -11.130 0.2000000030
32810  37.930  -58.105  -10.185 0.2000000030
31603  37.076  -58.716  -8.870 0.2000000030
130902  36.020  -58.579  -8.503 0.2000000030
33992  37.837  -58.180  -12.900 0.2000000030
31644  37.945  -59.203  -11.055 0.2000000030
31622  38.231  -58.905  -10.216 0.2000000030
142074  37.775  -58.781  -9.283 0.2000000030
33774  42.177  -57.634  0.116 0.2000000030
17715  46.541  -71.282  -12.624 0.1000000015
19865  46.456  -69.466  -12.767 0.1000000015
27003  43.562  -63.813  -15.630 0.3000000119
23340  46.139  -66.628  -14.419 0.2000000030
19796  44.987  -69.582  -6.325 0.3000000119
18741  44.554  -71.135  -7.542 0.3000000119
16558  44.200  -73.073  -8.019 0.3000000119
15340  39.278  -73.228  -6.068 0.2000000030
18709  40.065  -70.642  -3.820 0.1000000015
14124  44.456  -74.517  -5.673 0.2000000030
17652  45.919  -71.774  -6.988 0.2000000030
14282  39.259  -73.845  -12.933 0.1000000015
153002  37.464  -70.912  -11.500 0.3000000119
33775  41.317  -57.666  0.257 0.3000000119
15452  40.796  -73.871  -12.980 0.1000000015
29145  35.218  -61.481  -0.728 0.3000000119
17708  38.559  -72.055  -13.010 0.3000000119
19834  35.938  -69.139  -9.877 0.2000000030
18799  37.866  -70.804  -12.528 0.2000000030
14251  41.934  -74.897  -12.087 0.1000000015
13013  42.950  -76.287  -6.648 0.2000000030
139231  43.889  -74.333  -6.773 0.3000000119
13029  40.478  -76.318  -6.327 0.1000000015
14149  40.726  -74.332  -5.724 0.2000000030
16607  43.492  -72.246  -12.537 0.1000000015
14146  43.972  -75.498  -6.229 0.2000000030
11937  42.473  -76.054  -11.607 0.1000000015
146755  43.329  -74.470  -11.714 0.1000000015
14263  41.399  -74.407  -12.538 0.1000000015
16620  40.739  -72.447  -13.452 0.1000000015
147586  41.688  -71.961  -13.344 0.1000000015
17718  41.234  -71.098  -13.516 0.1000000015
19870  39.291  -68.987  -13.216 0.1000000015
16622  39.196  -72.411  -13.343 0.2000000030
142486  36.383  -69.494  -10.494 0.3000000119
150434  38.886  -70.676  -13.341 0.2000000030
19849  37.144  -69.567  -11.907 0.3000000119
23284  35.794  -67.162  -10.018 0.4000000060
130358  34.648  -66.144  -8.136 0.4000000060
20936  37.787  -69.053  -12.465 0.3000000119
22072  37.638  -67.762  -11.501 0.3000000119
23297  38.025  -66.894  -11.215 0.3000000119
26870  34.229  -63.550  -4.246 0.4000000060
25669  34.147  -64.056  -7.689 0.4000000060
149853  43.804  -67.717  -12.028 0.2000000030
22066  43.133  -66.524  -11.602 0.2000000030
28020  33.570  -62.106  -3.803 0.4000000060
25661  33.830  -64.181  -6.564 0.4000000060
24523  43.413  -66.099  -13.364 0.2000000030
146164  33.694  -61.007  -2.761 0.4000000060
25729  40.653  -64.298  -12.488 0.3000000119
25727  42.006  -64.837  -11.818 0.2000000030
24536  43.013  -65.874  -14.055 0.2000000030
31489  34.386  -59.875  -2.630 0.4000000060
31469  35.330  -59.311  -1.422 0.4000000060
30328  33.840  -60.387  -3.226 0.4000000060
28148  39.079  -62.435  -13.398 0.3000000119
25760  43.837  -64.677  -15.489 0.2000000030
25750  43.083  -65.454  -14.915 0.2000000030
145893  36.044  -58.520  -1.891 0.4000000060
31605  35.294  -59.451  -8.323 0.4000000060
31612  37.515  -59.409  -9.205 0.2000000030
30478  38.861  -59.941  -13.915 0.2000000030
136544  37.880  -59.861  -12.945 0.2000000030
31670  37.651  -59.370  -12.182 0.2000000030
31621  38.574  -59.821  -10.344 0.2000000030
32682  36.003  -58.717  -2.633 0.3000000119
32656  37.247  -58.096  -1.237 0.2000000030
135291  37.509  -59.101  -3.219 0.3000000119
33803  39.161  -57.512  -0.226 0.2000000030
148062  39.318  -57.665  -1.508 0.2000000030
11890  37.815  -76.086  -6.550 0.1000000015
11901  37.453  -76.979  -6.918 0.1000000015
11891  37.022  -76.174  -6.901 0.1000000015
14097  43.466  -73.890  -4.450 0.1000000015
13031  37.753  -74.801  -6.283 0.1000000015
13066  35.122  -75.595  -7.856 0.1000000015
14165  37.069  -74.113  -6.622 0.1000000015
13049  36.141  -75.169  -7.142 0.1000000015
32631  44.100  -57.920  -0.161 0.1000000015
33773  43.082  -57.704  -0.004 0.1000000015
32675  45.311  -58.118  -2.557 0.1000000015
33814  44.003  -57.655  -1.692 0.1000000015
33816  41.912  -57.410  -1.376 0.1000000015
33815  43.150  -57.543  -1.882 0.1000000015
33817  40.931  -57.510  -1.300 0.1000000015
138021  42.311  -57.532  -2.081 0.1000000015
33831  40.491  -57.917  -2.265 0.1000000015
33818  38.658  -57.909  -1.810 0.1000000015
32655  37.786  -58.283  -2.092 0.2000000030
33832  39.460  -58.164  -2.344 0.1000000015
32702  40.414  -59.490  -3.981 0.2000000030
130829  35.817  -59.597  -4.018 0.2000000030
32703  39.595  -59.608  -3.905 0.2000000030
32704  38.295  -59.713  -3.798 0.2000000030
31509  37.408  -60.117  -4.116 0.2000000030
148274  36.468  -59.363  -3.584 0.2000000030
31527  39.447  -60.453  -4.884 0.2000000030
31508  38.310  -60.508  -4.516 0.2000000030
31510  36.674  -60.067  -4.370 0.2000000030
131682  35.170  -58.724  -5.002 0.2000000030
32739  34.536  -58.841  -5.383 0.2000000030
32753  34.905  -58.229  -7.018 0.2000000030
33916  36.297  -57.167  -7.656 0.1000000015
31505  40.142  -60.067  -4.850 0.2000000030
134740  36.140  -59.423  -4.709 0.2000000030
32737  35.698  -58.439  -5.457 0.2000000030
33872  35.639  -57.842  -6.075 0.1000000015
35023  36.674  -56.599  -6.453 0.1000000015
143161  35.874  -57.336  -7.091 0.1000000015
33800  42.502  -57.472  -0.660 0.1000000015
32629  45.432  -58.264  -0.757 0.1000000015
33798  44.272  -57.765  -0.972 0.1000000015
32653  45.840  -58.270  -1.512 0.1000000015
33827  44.420  -57.819  -2.474 0.1000000015
33841  43.111  -58.078  -3.336 0.1000000015
32680  39.130  -59.185  -3.411 0.2000000030
31551  37.817  -60.321  -5.118 0.2000000030
28163  43.741  -62.887  -15.786 0.2000000030
28155  41.047  -62.528  -14.778 0.2000000030
131423  41.924  -63.052  -15.173 0.2000000030
28162  44.527  -63.002  -16.250 0.2000000030
29351  43.388  -61.946  -15.798 0.2000000030
29344  39.913  -61.322  -14.353 0.2000000030
29352  42.460  -61.559  -15.512 0.2000000030
29342  41.549  -61.611  -15.128 0.2000000030
28181  44.844  -62.716  -16.800 0.2000000030
29337  39.200  -61.519  -13.864 0.2000000030
152987  41.887  -61.013  -15.407 0.1000000015
29368  43.048  -61.153  -16.039 0.2000000030
137831  40.471  -60.677  -14.615 0.2000000030
30494  39.538  -60.530  -14.207 0.2000000030
30518  42.775  -60.392  -16.275 0.1000000015
31685  42.278  -59.988  -15.824 0.1000000015
30504  41.058  -60.047  -14.990 0.1000000015
30546  43.869  -60.214  -18.377 0.1000000015
30545  44.501  -60.733  -19.003 0.1000000015
32718  40.942  -59.785  -4.590 0.1000000015
31668  39.107  -59.083  -14.005 0.1000000015
144323  41.663  -58.703  -15.556 0.1000000015
30493  40.254  -59.826  -14.568 0.1000000015
31693  42.968  -59.927  -16.993 0.1000000015
153446  42.548  -59.743  -16.337 0.1000000015
31712  44.207  -59.824  -19.207 0.1000000015
132404  43.190  -58.995  -18.062 0.1000000015
31726  45.172  -59.930  -20.868 0.1000000015
128996  40.714  -60.026  -5.633 0.1000000015
31547  42.482  -60.436  -5.868 0.1000000015
31526  40.971  -60.081  -5.287 0.1000000015
32837  37.521  -58.554  -11.658 0.1000000015
151004  38.645  -58.864  -13.672 0.1000000015
31687  40.908  -59.059  -14.925 0.1000000015
34010  39.924  -57.690  -14.424 0.1000000015
32898  42.558  -58.366  -17.026 0.1000000015
31728  44.012  -58.822  -19.466 0.1000000015
32906  43.408  -58.492  -18.600 0.1000000015
31566  42.025  -60.078  -6.379 0.1000000015
32735  39.254  -59.844  -5.408 0.1000000015
35124  39.219  -56.668  -13.818 0.1000000015
35118  37.608  -56.763  -12.323 0.1000000015
36226  40.364  -55.658  -14.671 0.1000000015
140841  39.873  -56.977  -14.341 0.1000000015
34001  39.220  -57.574  -13.947 0.1000000015
34002  38.430  -57.855  -13.423 0.1000000015
35142  41.350  -56.517  -15.609 0.1000000015
34009  40.569  -57.348  -14.835 0.1000000015
36251  42.057  -56.028  -16.846 0.1000000015
34020  41.811  -57.069  -16.003 0.1000000015
32888  42.216  -58.483  -16.221 0.1000000015
34021  41.262  -57.267  -15.418 0.1000000015
35183  42.842  -56.158  -18.286 0.1000000015
35171  42.513  -56.364  -17.551 0.1000000015
32887  42.230  -57.672  -16.526 0.1000000015
34042  43.157  -57.669  -18.377 0.1000000015
32732  41.889  -59.270  -6.397 0.1000000015
32734  40.083  -59.462  -5.592 0.1000000015
136956  37.361  -56.995  -11.451 0.1000000015
36268  41.878  -55.220  -16.859 0.1000000015
36238  41.354  -55.695  -15.765 0.1000000015
36267  42.288  -55.646  -17.346 0.1000000015
135939  37.308  -56.269  -10.844 0.1000000015
29367  43.720  -61.602  -16.467 0.1000000015
29386  43.980  -61.326  -17.286 0.1000000015
32897  42.945  -58.343  -17.827 0.1000000015
34068  43.676  -57.782  -19.348 0.1000000015
35125  38.449  -56.394  -13.249 0.1000000015
17761  38.462  -71.438  -16.234 0.1000000015
18852  38.145  -70.792  -16.057 0.1000000015
17762  37.630  -71.310  -16.002 0.1000000015
16656  37.388  -72.622  -16.452 0.1000000015
15488  35.790  -73.230  -16.621 0.1000000015
14356  34.820  -74.405  -17.568 0.1000000015
14374  33.680  -74.403  -18.936 0.1000000015
138957  40.266  -71.097  -16.305 0.1000000015
133532  39.978  -70.174  -16.505 0.1000000015
16657  36.282  -72.453  -16.318 0.1000000015
15487  36.822  -73.256  -16.705 0.1000000015
19921  39.727  -69.364  -16.572 0.1000000015
20997  41.059  -68.990  -16.737 0.1000000015
146779  41.815  -69.238  -16.155 0.1000000015
18848  41.773  -70.680  -16.128 0.1000000015
140918  38.707  -72.093  -16.425 0.1000000015
18832  37.370  -70.462  -15.779 0.1000000015
20996  42.438  -68.623  -15.982 0.1000000015
19917  43.313  -69.030  -15.681 0.1000000015
19922  38.909  -69.289  -16.185 0.1000000015
20998  40.266  -68.625  -16.778 0.1000000015
140688  40.472  -67.750  -16.788 0.1000000015
20977  38.482  -68.455  -15.804 0.1000000015
20999  39.391  -68.610  -16.372 0.1000000015
22145  39.077  -67.990  -16.064 0.1000000015
19919  41.279  -69.829  -16.137 0.1000000015
14386  33.499  -74.518  -19.811 0.1000000015
4042  32.731  -85.043  3.453 0.1000000015
4089  32.807  -84.912  1.022 0.1000000015
4090  32.389  -85.078  1.393 0.1000000015
4695  34.255  -84.023  3.159 0.1000000015
4704  33.349  -84.723  1.959 0.1000000015
4719  33.337  -84.682  1.285 0.1000000015
4736  32.337  -84.584  0.167 0.1000000015
4737  32.027  -84.856  0.819 0.1000000015
4748  32.656  -84.469  -0.980 0.1000000015
5349  33.873  -84.175  1.100 0.1000000015
5392  32.724  -84.286  -1.342 0.1000000015
5393  32.480  -84.509  -2.091 0.1000000015
5394  32.005  -85.257  -2.220 0.1000000015
5395  31.838  -85.296  -2.607 0.1000000015
5408  32.144  -85.230  -3.064 0.1000000015
6042  34.178  -83.385  1.362 0.1000000015
6081  32.677  -83.779  -2.048 0.1000000015
6118  31.693  -84.439  -3.937 0.1000000015
6132  30.448  -83.811  -4.839 0.1000000015
6196  30.100  -83.494  -9.971 0.1000000015
6768  36.104  -82.092  5.595 0.1000000015
6794  34.246  -82.164  2.459 0.1000000015
6815  33.626  -81.708  0.299 0.1000000015
6865  31.954  -82.995  -2.909 0.1000000015
6885  30.906  -82.729  -3.973 0.1000000015
6931  34.586  -82.235  -6.822 0.1000000015
6950  32.543  -82.382  -8.290 0.1000000015
6953  30.130  -81.318  -8.918 0.1000000015
7568  38.010  -81.107  7.033 0.1000000015
7575  37.546  -81.173  6.667 0.1000000015
7586  35.803  -81.391  5.586 0.1000000015
7602  33.729  -80.273  2.850 0.1000000015
7607  33.950  -81.264  2.665 0.1000000015
7628  40.674  -80.129  0.255 0.1000000015
7629  40.148  -80.536  -0.036 0.1000000015
7666  32.503  -81.536  -1.908 0.1000000015
7689  31.683  -81.748  -2.959 0.1000000015
7723  29.285  -81.204  -4.148 0.1000000015
7753  34.540  -81.240  -6.879 0.1000000015
7776  32.727  -81.318  -8.068 0.1000000015
7777  31.507  -80.289  -8.405 0.1000000015
8541  38.655  -80.203  7.384 0.1000000015
8556  36.275  -80.132  6.439 0.1000000015
8572  33.762  -79.179  4.255 0.1000000015
8613  41.230  -79.720  0.958 0.1000000015
8625  41.340  -79.647  0.278 0.1000000015
8626  40.751  -80.178  -0.430 0.1000000015
8628  33.338  -79.270  -0.263 0.1000000015
8642  40.710  -80.156  -1.212 0.1000000015
8644  38.967  -80.811  -1.396 0.1000000015
8645  33.206  -79.646  -0.750 0.1000000015
8682  38.361  -79.802  -2.695 0.1000000015
8684  31.011  -80.189  -3.266 0.1000000015
8685  30.221  -80.009  -3.544 0.1000000015
8742  34.250  -80.113  -7.063 0.1000000015
8744  32.618  -79.569  -7.949 0.1000000015
8760  31.410  -79.508  -8.373 0.1000000015
8762  30.004  -79.528  -8.588 0.1000000015
9513  35.795  -79.044  6.709 0.1000000015
9535  33.723  -78.156  4.423 0.1000000015
9560  41.520  -78.020  2.432 0.1000000015
9561  41.360  -78.000  2.482 0.1000000015
9562  40.831  -77.676  2.526 0.1000000015
9571  41.546  -78.450  1.774 0.1000000015
9572  41.289  -78.429  2.152 0.1000000015
9573  40.953  -78.380  2.304 0.1000000015
9581  40.728  -79.852  0.904 0.1000000015
9582  33.254  -78.650  0.026 0.1000000015
9617  31.853  -78.444  -1.800 0.1000000015
9635  38.657  -79.226  -2.088 0.1000000015
9636  38.224  -78.571  -2.747 0.1000000015
9637  31.777  -79.103  -2.176 0.1000000015
9652  37.212  -78.632  -3.895 0.1000000015
9653  30.675  -78.378  -3.025 0.1000000015
9675  41.751  -78.105  -6.484 0.1000000015
9678  36.383  -79.152  -4.870 0.1000000015
9679  35.278  -78.420  -5.718 0.1000000015
9724  31.965  -79.250  -8.207 0.1000000015
9725  31.464  -78.738  -8.313 0.1000000015
9726  30.075  -78.767  -8.521 0.1000000015
9728  28.617  -78.718  -8.612 0.1000000015
9730  26.950  -77.717  -8.785 0.1000000015
9762  41.120  -77.411  -11.541 0.1000000015
9775  39.411  -78.140  -11.698 0.2000000030
9787  39.959  -78.263  -12.167 0.2000000030
9797  40.122  -78.132  -12.892 0.2000000030
9807  38.338  -79.003  -14.100 0.1000000015
10508  38.136  -77.842  8.148 0.1000000015
10509  37.021  -77.618  7.966 0.1000000015
10526  35.410  -78.070  7.064 0.1000000015
10554  34.171  -77.505  5.733 0.1000000015
10582  41.494  -77.893  2.558 0.1000000015
10584  33.450  -77.788  2.706 0.1000000015
10595  41.351  -77.475  1.975 0.1000000015
10598  33.216  -77.418  1.368 0.1000000015
10612  41.662  -78.255  1.022 0.1000000015
10615  32.750  -77.426  0.199 0.1000000015
10634  41.598  -78.437  0.125 0.1000000015
10638  33.001  -78.167  -0.207 0.1000000015
10640  31.991  -77.260  -0.958 0.1000000015
10653  41.523  -78.436  -0.664 0.1000000015
10655  38.644  -77.929  -1.220 0.1000000015
10671  38.466  -78.123  -2.023 0.1000000015
10695  29.471  -77.600  -3.549 0.1000000015
10713  42.129  -77.762  -6.273 0.1000000015
10723  40.675  -78.297  -6.726 0.1000000015
10726  34.124  -77.652  -6.494 0.1000000015
10734  33.116  -77.842  -7.375 0.1000000015
10779  43.100  -75.815  -11.927 0.1000000015
10780  42.507  -76.388  -11.828 0.1000000015
10781  41.612  -77.035  -11.571 0.1000000015
10800  42.263  -76.622  -11.842 0.1000000015
10801  41.482  -77.341  -11.851 0.1000000015
10803  38.959  -77.738  -11.475 0.2000000030
10804  38.345  -77.417  -11.555 0.2000000030
10821  42.805  -76.105  -12.345 0.2000000030
10824  41.701  -77.217  -12.402 0.2000000030
10826  37.976  -77.829  -12.153 0.2000000030
10841  42.612  -76.148  -12.793 0.1000000015
10842  42.259  -76.568  -12.823 0.2000000030
10844  41.382  -77.361  -13.185 0.2000000030
10847  37.597  -78.399  -12.715 0.1000000015
11688  41.276  -77.373  8.418 0.1000000015
11689  39.699  -77.133  8.525 0.1000000015
11704  35.544  -76.447  7.626 0.1000000015
11721  33.696  -76.511  4.706 0.1000000015
11732  39.630  -76.005  2.842 0.1000000015
11748  41.066  -77.219  2.447 0.1000000015
11770  32.990  -76.441  1.652 0.1000000015
11787  40.703  -77.179  1.243 0.1000000015
11788  40.268  -76.206  1.171 0.1000000015
11789  38.691  -77.208  1.083 0.1000000015
11802  40.903  -77.597  0.401 0.1000000015
11805  37.900  -76.489  -0.210 0.1000000015
11807  31.927  -76.323  -0.554 0.1000000015
11836  37.282  -76.725  -2.246 0.1000000015
11854  41.508  -75.692  -3.297 0.1000000015
11857  35.866  -76.037  -3.566 0.1000000015
11859  28.195  -76.751  -3.677 0.1000000015
11867  41.617  -76.334  -4.766 0.1000000015
11873  43.350  -76.867  -7.028 0.2000000030
11874  42.937  -77.392  -6.678 0.1000000015
11876  34.848  -76.921  -5.438 0.1000000015
11886  42.859  -77.235  -7.150 0.2000000030
11887  42.402  -77.435  -7.129 0.2000000030
11888  41.123  -77.509  -6.873 0.2000000030
11893  33.662  -76.976  -6.581 0.1000000015
11904  33.097  -77.064  -7.156 0.1000000015
11913  30.895  -76.592  -8.272 0.1000000015
11938  41.715  -76.874  -11.541 0.1000000015
11940  40.237  -77.450  -11.355 0.2000000030
11959  41.059  -76.333  -11.519 0.1000000015
11960  40.400  -76.749  -11.502 0.2000000030
11962  38.760  -77.059  -11.287 0.2000000030
11985  35.976  -76.073  -12.882 0.1000000015
12005  42.363  -75.968  -13.255 0.1000000015
12007  41.474  -76.730  -13.521 0.2000000030
12008  40.950  -77.179  -13.688 0.2000000030
12019  41.916  -75.045  -13.941 0.1000000015
12020  41.421  -75.931  -13.838 0.1000000015
12817  37.962  -76.070  8.693 0.1000000015
12830  35.329  -75.395  7.538 0.1000000015
12839  34.467  -75.076  6.359 0.1000000015
12857  33.630  -74.739  4.420 0.1000000015
12893  40.448  -75.618  2.286 0.1000000015
12895  38.853  -75.728  3.045 0.1000000015
12896  38.280  -75.180  3.157 0.1000000015
12897  33.152  -75.332  2.729 0.1000000015
12908  40.798  -76.417  2.165 0.1000000015
12936  39.552  -75.989  -0.715 0.1000000015
12937  37.368  -75.776  -0.518 0.1000000015
12940  31.656  -75.400  -0.524 0.1000000015
12952  36.566  -75.297  -1.608 0.1000000015
12963  36.313  -75.454  -2.360 0.1000000015
12965  30.482  -75.091  -2.211 0.1000000015
12972  42.456  -74.717  -4.075 0.1000000015
12975  35.516  -75.302  -3.419 0.1000000015
12978  29.421  -75.316  -3.479 0.1000000015
12996  42.978  -75.711  -5.708 0.1000000015
12999  34.828  -75.420  -4.475 0.1000000015
13014  41.576  -75.801  -6.312 0.1000000015
13032  36.851  -75.174  -6.688 0.1000000015
13034  32.572  -75.505  -6.943 0.1000000015
13050  35.767  -75.764  -7.436 0.1000000015
13070  28.081  -75.600  -8.229 0.1000000015
13084  46.091  -74.688  -11.535 0.1000000015
13088  37.320  -75.383  -10.599 0.2000000030
13097  45.992  -74.763  -12.104 0.1000000015
13099  43.283  -74.596  -11.786 0.1000000015
13100  42.877  -75.081  -11.723 0.1000000015
13101  42.226  -75.324  -11.806 0.1000000015
13102  41.614  -75.705  -11.832 0.1000000015
13105  38.242  -76.291  -11.046 0.2000000030
13107  36.818  -75.588  -11.240 0.2000000030
13122  45.219  -74.168  -12.656 0.1000000015
13123  44.368  -73.983  -12.743 0.1000000015
13125  40.243  -75.197  -12.431 0.1000000015
13127  36.364  -75.750  -12.078 0.2000000030
13151  43.957  -74.002  -13.005 0.1000000015
13152  43.334  -74.196  -13.655 0.1000000015
13153  42.667  -75.003  -13.489 0.1000000015
13232  33.741  -75.147  -19.561 0.1000000015
13959  34.414  -74.245  5.843 0.1000000015
13984  33.783  -73.978  4.369 0.1000000015
14012  40.059  -75.031  2.417 0.1000000015
14014  37.072  -74.108  2.444 0.1000000015
14029  32.582  -74.579  1.434 0.1000000015
14061  38.479  -74.587  -0.756 0.1000000015
14062  36.419  -74.422  -0.309 0.1000000015
14070  31.140  -74.277  -1.459 0.1000000015
14071  30.727  -74.377  -2.041 0.1000000015
14076  42.544  -74.236  -2.557 0.1000000015
14082  34.694  -74.061  -3.091 0.1000000015
14099  35.144  -74.646  -3.262 0.1000000015
14101  29.790  -74.397  -3.430 0.1000000015
14105  26.191  -74.126  -3.782 0.1000000015
14125  44.082  -75.135  -5.710 0.1000000015
14129  29.272  -73.872  -4.385 0.1000000015
14131  27.682  -74.024  -4.396 0.1000000015
14144  44.668  -74.877  -6.311 0.2000000030
14145  44.343  -75.236  -6.266 0.2000000030
14148  42.075  -74.905  -6.036 0.3000000119
14150  33.031  -74.108  -5.623 0.1000000015
14162  44.130  -75.193  -6.474 0.2000000030
14163  38.705  -74.169  -6.020 0.2000000030
14166  33.323  -74.815  -5.865 0.1000000015
14185  29.776  -74.123  -7.813 0.1000000015
14187  27.887  -74.039  -7.746 0.1000000015
14188  25.710  -74.322  -6.911 0.1000000015
14200  34.878  -74.571  -8.111 0.2000000030
14202  30.013  -74.661  -8.185 0.1000000015
14205  27.606  -74.777  -7.885 0.1000000015
14220  37.470  -74.340  -9.453 0.2000000030
14234  47.340  -73.716  -11.732 0.1000000015
14235  46.698  -74.266  -11.545 0.1000000015
14242  34.268  -73.972  -10.609 0.1000000015
14255  35.191  -74.402  -11.347 0.1000000015
14256  34.305  -74.235  -11.213 0.1000000015
14260  46.065  -74.322  -12.761 0.1000000015
14261  42.794  -73.818  -12.147 0.1000000015
14262  42.167  -74.152  -12.322 0.1000000015
14264  39.873  -74.390  -12.835 0.2000000030
14265  39.027  -74.460  -12.524 0.2000000030
14267  34.312  -74.627  -11.974 0.1000000015
14279  45.888  -74.114  -13.496 0.1000000015
14281  44.070  -73.639  -13.479 0.1000000015
14298  44.713  -73.403  -13.498 0.1000000015
14300  43.267  -73.654  -14.547 0.1000000015
14302  41.723  -74.437  -14.813 0.1000000015
15105  36.770  -73.318  8.157 0.1000000015
15119  42.138  -73.018  7.627 0.1000000015
15120  36.262  -73.114  7.757 0.1000000015
15129  34.802  -73.580  6.039 0.1000000015
15140  34.588  -73.436  5.337 0.1000000015
15169  39.110  -73.961  3.107 0.1000000015
15172  36.983  -73.468  4.064 0.1000000015
15174  33.608  -73.487  3.309 0.1000000015
15188  37.558  -74.075  3.820 0.1000000015
15190  36.366  -73.260  2.466 0.1000000015
15191  33.243  -73.549  2.537 0.1000000015
15206  39.637  -73.249  1.807 0.1000000015
15207  39.279  -72.588  1.553 0.1000000015
15210  33.299  -72.872  1.824 0.1000000015
15211  32.794  -73.427  1.260 0.1000000015
15225  39.596  -73.976  1.203 0.1000000015
15235  37.517  -73.155  -1.189 0.1000000015
15236  35.795  -73.662  -0.349 0.1000000015
15237  35.111  -73.045  -0.328 0.1000000015
15239  32.002  -73.347  -0.611 0.1000000015
15243  37.906  -73.426  -1.985 0.1000000015
15244  34.783  -73.403  -1.684 0.1000000015
15262  34.239  -73.506  -2.850 0.1000000015
15263  33.639  -73.015  -2.437 0.1000000015
15264  30.969  -73.395  -2.913 0.1000000015
15265  30.730  -73.836  -2.465 0.1000000015
15278  43.087  -73.351  -2.544 0.2000000030
15286  25.615  -73.629  -4.153 0.1000000015
15296  44.972  -73.605  -5.408 0.3000000119
15302  29.716  -73.584  -4.902 0.1000000015
15317  41.382  -73.734  -5.767 0.3000000119
15319  33.240  -73.801  -4.854 0.1000000015
15321  31.960  -73.290  -5.218 0.1000000015
15323  28.401  -73.334  -5.792 0.1000000015
15325  26.507  -73.277  -5.679 0.1000000015
15334  45.511  -73.421  -6.374 0.2000000030
15335  44.860  -74.351  -6.651 0.2000000030
15336  44.386  -74.548  -6.788 0.3000000119
15337  43.270  -74.395  -6.356 0.3000000119
15341  38.348  -73.244  -6.574 0.4000000060
15342  37.472  -73.537  -6.863 0.3000000119
15344  32.326  -73.708  -5.956 0.1000000015
15345  30.959  -73.736  -6.648 0.1000000015
15346  29.791  -73.432  -6.230 0.1000000015
15349  26.999  -73.281  -6.494 0.1000000015
15350  26.133  -73.470  -6.394 0.1000000015
15359  43.828  -73.628  -7.499 0.3000000119
15361  41.826  -72.819  -7.295 0.4000000060
15362  40.074  -72.640  -7.019 0.4000000060
15364  37.190  -73.377  -7.496 0.3000000119
15365  36.392  -73.615  -7.651 0.3000000119
15366  35.588  -73.847  -7.895 0.3000000119
15369  28.137  -73.594  -7.345 0.1000000015
15370  27.395  -73.545  -7.228 0.1000000015
15372  26.008  -73.829  -6.848 0.1000000015
15380  42.263  -72.508  -8.194 0.4000000060
15382  41.012  -72.527  -8.208 0.4000000060
15383  39.705  -73.011  -8.711 0.3000000119
15384  38.282  -73.542  -8.492 0.3000000119
15385  37.445  -73.286  -8.054 0.3000000119
15396  38.339  -74.122  -9.258 0.4000000060
15399  35.086  -73.548  -9.376 0.2000000030
15419  36.221  -73.875  -9.629 0.2000000030
15420  34.622  -73.629  -10.065 0.2000000030
15432  48.023  -73.189  -11.732 0.1000000015
15433  47.597  -73.487  -11.979 0.1000000015
15447  47.324  -73.363  -12.464 0.1000000015
15449  43.118  -73.145  -12.361 0.1000000015
15451  41.638  -73.760  -12.696 0.1000000015
15453  38.684  -73.557  -12.578 0.4000000060
15457  47.861  -72.997  -12.670 0.1000000015
15458  46.143  -73.742  -13.593 0.1000000015
15461  39.189  -73.207  -13.169 0.1000000015
15466  46.141  -73.162  -13.604 0.1000000015
15468  44.757  -73.038  -13.696 0.1000000015
15469  44.100  -72.984  -14.439 0.2000000030
15476  43.961  -72.673  -15.315 0.1000000015
15498  42.523  -72.705  -17.715 0.1000000015
15504  35.297  -73.829  -16.991 0.1000000015
16332  37.243  -72.825  8.160 0.1000000015
16345  41.455  -72.386  7.336 0.1000000015
16348  37.419  -72.195  7.816 0.1000000015
16350  36.263  -72.640  7.226 0.1000000015
16367  36.849  -72.044  6.013 0.1000000015
16387  35.448  -72.631  4.445 0.1000000015
16405  38.549  -72.616  3.490 0.1000000015
16408  34.575  -72.602  3.221 0.1000000015
16417  39.438  -72.622  2.117 0.1000000015
16433  35.161  -72.595  1.707 0.1000000015
16435  33.721  -72.485  1.287 0.1000000015
16441  38.708  -72.717  0.871 0.1000000015
16442  37.893  -72.160  0.805 0.1000000015
16443  34.865  -72.592  1.081 0.1000000015
16444  34.300  -72.478  0.776 0.1000000015
16455  37.425  -72.628  -0.546 0.1000000015
16458  34.274  -72.614  -0.130 0.1000000015
16459  33.446  -72.637  -0.360 0.1000000015
16472  37.218  -72.511  -1.388 0.1000000015
16476  32.325  -72.831  -1.333 0.1000000015
16493  40.759  -73.181  -2.714 0.1000000015
16496  37.209  -72.255  -2.111 0.1000000015
16499  31.645  -72.977  -3.009 0.1000000015
16508  43.654  -72.659  -3.656 0.3000000119
16514  32.983  -72.857  -3.145 0.1000000015
16515  32.286  -72.829  -3.359 0.1000000015
16528  45.142  -72.800  -4.877 0.4000000060
16530  31.825  -72.904  -3.865 0.1000000015
16540  46.174  -71.809  -5.884 0.3000000119
16557  45.009  -72.894  -7.707 0.2000000030
16570  40.221  -72.592  -8.764 0.3000000119
16580  48.117  -72.930  -11.358 0.1000000015
16582  38.524  -73.202  -10.825 0.4000000060
16590  48.188  -72.638  -11.826 0.1000000015
16591  48.056  -72.370  -11.454 0.1000000015
16595  38.300  -72.880  -11.631 0.4000000060
16605  48.139  -72.533  -12.435 0.1000000015
16619  46.818  -72.755  -13.488 0.2000000030
16631  44.683  -72.808  -13.883 0.2000000030
16641  45.433  -71.796  -13.822 0.2000000030
17503  38.791  -70.958  6.974 0.1000000015
17511  40.701  -70.677  6.622 0.1000000015
17540  38.361  -70.643  4.757 0.1000000015
17565  37.823  -71.654  1.306 0.1000000015
17584  36.431  -71.264  -1.741 0.1000000015
17613  43.431  -72.413  -3.555 0.2000000030
17617  39.112  -71.695  -3.260 0.1000000015
17629  46.494  -70.750  -4.826 0.4000000060
17630  46.231  -71.287  -4.782 0.4000000060
17631  45.674  -71.213  -4.426 0.3000000119
17632  44.313  -71.751  -4.336 0.3000000119
17634  42.435  -71.141  -4.068 0.2000000030
17641  46.012  -71.962  -5.420 0.4000000060
17646  46.414  -71.176  -5.627 0.3000000119
17647  46.212  -71.475  -6.237 0.3000000119
17653  45.347  -71.975  -7.658 0.2000000030
17654  44.473  -72.220  -8.056 0.3000000119
17655  43.590  -71.595  -7.975 0.4000000060
17664  42.718  -72.073  -8.250 0.4000000060
17665  41.650  -72.048  -8.451 0.4000000060
17667  39.779  -71.827  -9.500 0.3000000119
17682  37.607  -71.103  -10.624 0.4000000060
17692  37.706  -71.315  -11.303 0.3000000119
17698  37.691  -71.191  -11.944 0.2000000030
17703  46.569  -71.333  -12.360 0.1000000015
17706  42.737  -71.699  -13.031 0.1000000015
17707  39.228  -71.427  -13.416 0.2000000030
17709  38.151  -71.636  -12.470 0.3000000119
17714  46.854  -72.035  -12.737 0.2000000030
17717  42.160  -71.093  -13.332 0.1000000015
17719  40.254  -71.164  -13.585 0.1000000015
17728  46.050  -71.888  -13.177 0.2000000030
17729  46.321  -71.240  -13.162 0.2000000030
17742  45.035  -71.646  -14.631 0.2000000030
17760  39.475  -71.626  -16.466 0.1000000015
18570  41.045  -70.397  6.854 0.1000000015
18612  48.224  -71.251  2.432 0.1000000015
18615  38.281  -71.032  3.554 0.1000000015
18629  51.028  -69.793  1.136 0.2000000030
18630  50.114  -70.455  1.644 0.2000000030
18633  47.172  -71.530  1.729 0.4000000060
18635  37.106  -70.445  2.535 0.1000000015
18646  49.768  -71.043  1.080 0.2000000030
18647  48.834  -71.278  0.980 0.2000000030
18648  47.874  -71.318  1.225 0.4000000060
18649  37.047  -70.729  1.795 0.1000000015
18655  50.010  -70.464  0.621 0.2000000030
18656  49.478  -70.917  0.802 0.2000000030
18657  36.583  -70.911  0.432 0.1000000015
18658  35.900  -70.278  0.148 0.1000000015
18665  36.223  -70.848  -0.381 0.1000000015
18678  36.042  -70.778  -1.245 0.1000000015
18679  35.759  -70.044  -1.590 0.1000000015
18689  37.178  -70.961  -2.732 0.1000000015
18690  36.078  -69.793  -2.280 0.1000000015
18718  45.913  -70.243  -4.074 0.3000000119
18726  46.567  -70.646  -5.135 0.4000000060
18733  46.168  -70.905  -6.399 0.2000000030
18744  40.975  -70.462  -7.776 0.4000000060
18751  40.454  -71.056  -8.331 0.4000000060
18752  39.685  -71.189  -8.823 0.4000000060
18754  37.065  -70.388  -8.996 0.3000000119
18764  36.689  -70.271  -9.637 0.3000000119
18776  37.122  -70.730  -10.986 0.3000000119
18794  45.419  -70.277  -12.340 0.1000000015
18797  39.102  -69.883  -13.401 0.2000000030
18798  38.279  -70.339  -13.086 0.2000000030
18806  46.570  -70.243  -12.837 0.1000000015
18808  41.751  -70.370  -13.418 0.1000000015
18809  40.704  -70.289  -13.543 0.1000000015
18810  39.671  -70.544  -13.500 0.1000000015
18821  46.089  -70.697  -13.707 0.2000000030
18830  45.206  -70.877  -15.076 0.1000000015
18849  40.813  -70.504  -16.210 0.1000000015
18850  39.549  -70.740  -16.350 0.1000000015
18851  38.334  -70.033  -16.043 0.1000000015
19639  40.188  -69.882  6.689 0.1000000015
19648  39.592  -69.873  6.098 0.1000000015
19665  45.808  -70.299  2.871 0.1000000015
19666  38.454  -69.887  4.933 0.1000000015
19668  37.036  -69.359  4.350 0.1000000015
19674  46.891  -71.065  2.638 0.2000000030
19675  46.045  -70.970  2.438 0.1000000015
19676  45.512  -70.630  2.288 0.2000000030
19678  36.782  -69.544  3.618 0.1000000015
19692  47.262  -70.819  1.192 0.4000000060
19706  51.186  -69.263  0.897 0.2000000030
19707  48.389  -70.620  0.810 0.2000000030
19709  35.282  -69.207  1.214 0.1000000015
19716  51.043  -69.045  0.570 0.2000000030
19717  50.703  -69.826  0.746 0.2000000030
19719  35.155  -69.154  0.500 0.1000000015
19739  35.644  -69.431  -1.844 0.1000000015
19761  46.087  -68.871  -4.223 0.4000000060
19762  46.014  -68.815  -3.985 0.4000000060
19763  45.902  -69.270  -3.918 0.4000000060
19766  38.600  -69.365  -3.538 0.2000000030
19767  37.071  -69.721  -3.143 0.1000000015
19774  46.330  -69.488  -4.522 0.4000000060
19786  46.566  -69.883  -5.029 0.4000000060
19794  46.292  -70.062  -5.683 0.3000000119
19795  45.780  -69.354  -5.638 0.3000000119
19809  43.379  -69.775  -6.840 0.5000000000
19811  41.468  -69.849  -7.252 0.4000000060
19816  37.065  -69.339  -7.786 0.4000000060
19823  38.093  -70.099  -8.148 0.4000000060
19825  36.525  -69.634  -8.512 0.4000000060
19828  36.032  -69.400  -9.205 0.2000000030
19833  36.301  -69.766  -9.804 0.2000000030
19850  36.747  -70.015  -11.169 0.3000000119
19866  45.790  -69.605  -12.417 0.1000000015
19867  45.021  -69.609  -12.407 0.1000000015
19871  38.392  -69.449  -13.036 0.3000000119
19889  46.373  -69.222  -14.098 0.3000000119
19900  38.052  -69.208  -15.766 0.1000000015
19920  40.475  -69.549  -16.577 0.1000000015
20707  38.332  -69.105  6.815 0.1000000015
20733  47.405  -69.237  4.357 0.1000000015
20734  46.044  -69.274  3.825 0.1000000015
20737  36.520  -68.657  4.678 0.1000000015
20741  49.358  -69.413  3.290 0.1000000015
20743  45.066  -70.397  1.979 0.3000000119
20755  51.773  -68.328  1.525 0.2000000030
20756  51.164  -68.844  1.958 0.2000000030
20757  50.072  -69.308  2.283 0.2000000030
20759  47.276  -69.580  1.518 0.4000000060
20760  45.756  -69.936  1.589 0.3000000119
20761  45.127  -70.134  1.716 0.3000000119
20763  43.833  -68.943  0.805 0.3000000119
20765  34.751  -67.923  2.150 0.1000000015
20771  52.040  -68.232  1.061 0.2000000030
20772  51.638  -68.607  0.876 0.2000000030
20775  44.277  -69.018  0.582 0.3000000119
20777  35.071  -68.620  1.859 0.1000000015
20783  52.014  -68.124  0.861 0.2000000030
20785  49.833  -70.000  0.368 0.2000000030
20797  35.129  -68.685  -0.723 0.1000000015
20810  35.463  -68.742  -1.635 0.1000000015
20824  36.593  -68.602  -2.682 0.1000000015
20833  45.913  -68.261  -4.007 0.4000000060
20834  45.844  -68.166  -3.835 0.4000000060
20835  45.248  -67.875  -3.454 0.4000000060
20839  39.628  -68.456  -3.552 0.1000000015
20840  38.838  -68.593  -3.438 0.1000000015
20853  46.195  -69.022  -4.609 0.4000000060
20856  43.919  -68.688  -3.980 0.2000000030
20858  41.553  -68.526  -3.816 0.2000000030
20866  45.350  -67.631  -5.076 0.4000000060
20876  41.529  -68.422  -6.417 0.4000000060
20878  38.184  -68.230  -6.514 0.5000000000
20880  36.363  -68.303  -7.297 0.4000000060
20888  37.651  -68.893  -7.189 0.4000000060
20889  36.318  -68.953  -7.887 0.4000000060
20907  35.625  -68.742  -9.277 0.3000000119
20912  36.184  -68.595  -10.525 0.3000000119
20916  37.278  -68.641  -11.786 0.3000000119
20928  45.853  -68.408  -12.524 0.1000000015
20929  45.094  -68.343  -12.238 0.2000000030
20930  44.104  -68.547  -12.226 0.2000000030
20931  43.146  -68.316  -12.339 0.1000000015
20933  41.286  -68.253  -12.617 0.1000000015
20945  40.885  -68.908  -13.210 0.1000000015
20946  40.081  -69.179  -13.313 0.1000000015
20975  46.323  -68.404  -14.539 0.2000000030
20995  43.198  -68.030  -15.848 0.2000000030
21790  49.999  -66.950  8.942 0.1000000015
21813  48.431  -67.186  7.335 0.1000000015
21829  48.956  -67.568  6.783 0.1000000015
21838  49.586  -67.815  5.659 0.1000000015
21841  46.316  -67.778  5.082 0.1000000015
21843  44.618  -67.296  5.031 0.1000000015
21848  46.704  -68.549  4.593 0.1000000015
21851  36.064  -67.879  4.983 0.1000000015
21859  50.983  -67.387  2.787 0.2000000030
21860  50.333  -67.856  3.475 0.1000000015
21861  49.656  -68.526  4.015 0.1000000015
21863  47.241  -67.837  2.967 0.5000000000
21867  34.809  -67.590  2.796 0.1000000015
21887  48.989  -67.572  1.884 0.4000000060
21890  44.225  -69.193  1.715 0.2000000030
21908  52.080  -67.760  0.869 0.2000000030
21909  51.655  -67.419  0.783 0.2000000030
21910  50.591  -67.423  0.817 0.3000000119
21914  44.211  -68.555  0.239 0.4000000060
21915  43.331  -68.593  0.372 0.3000000119
21933  50.926  -68.234  0.528 0.3000000119
21934  43.629  -68.500  0.242 0.3000000119
21952  35.143  -67.846  -0.815 0.1000000015
21963  36.570  -67.194  -1.882 0.1000000015
21973  40.463  -67.199  -2.839 0.2000000030
21977  35.944  -68.320  -2.173 0.1000000015
21984  45.827  -67.046  -3.474 0.4000000060
22000  45.786  -66.506  -3.598 0.4000000060
22013  42.724  -67.038  -5.393 0.5000000000
22016  39.108  -66.892  -5.490 0.5000000000
22018  37.130  -67.060  -5.820 0.5000000000
22024  42.090  -67.715  -5.885 0.5000000000
22026  38.918  -67.571  -6.041 0.5000000000
22028  36.542  -67.608  -6.584 0.5000000000
22036  35.665  -67.688  -7.292 0.5000000000
22043  35.049  -67.396  -8.443 0.4000000060
22054  35.445  -67.912  -9.540 0.3000000119
22055  35.162  -67.534  -9.013 0.3000000119
22062  36.371  -67.638  -10.606 0.3000000119
22063  35.824  -67.968  -10.182 0.3000000119
22068  41.513  -66.899  -11.461 0.2000000030
22069  40.480  -67.013  -11.621 0.1000000015
22070  39.476  -67.182  -11.709 0.1000000015
22076  46.148  -67.922  -12.836 0.2000000030
22077  43.830  -67.022  -11.892 0.2000000030
22082  38.968  -67.903  -12.218 0.2000000030
22094  46.377  -67.817  -13.417 0.2000000030
22096  45.292  -67.108  -12.683 0.2000000030
22140  46.450  -66.602  -15.809 0.2000000030
22155  45.700  -66.710  -16.822 0.2000000030
22158  42.451  -67.367  -17.439 0.2000000030
22159  42.029  -67.215  -17.484 0.2000000030
22170  44.096  -66.726  -18.522 0.2000000030
22992  51.898  -65.782  7.988 0.1000000015
22995  47.700  -66.708  8.979 0.1000000015
23014  51.391  -66.628  7.873 0.1000000015
23015  47.863  -66.705  8.108 0.1000000015
23036  51.122  -66.657  6.418 0.1000000015
23037  47.329  -66.934  6.201 0.1000000015
23038  46.761  -66.430  6.741 0.1000000015
23039  45.870  -66.295  6.358 0.1000000015
23040  44.930  -66.042  6.273 0.1000000015
23049  46.885  -67.257  5.605 0.1000000015
23051  45.203  -66.739  5.592 0.1000000015
23053  43.787  -66.261  5.573 0.1000000015
23054  43.374  -66.357  5.150 0.1000000015
23058  51.689  -65.929  4.660 0.2000000030
23061  46.521  -66.541  3.853 0.5000000000
23101  51.377  -66.526  1.641 0.3000000119
23102  51.332  -66.897  2.104 0.2000000030
23105  48.950  -66.539  2.503 0.5000000000
23107  44.854  -67.102  1.663 0.5000000000
23123  44.600  -67.697  0.709 0.5000000000
23136  43.283  -67.488  0.350 0.5000000000
23138  40.624  -66.482  0.293 0.1000000015
23140  38.749  -66.343  -0.528 0.1000000015
23153  41.742  -65.871  -0.258 0.3000000119
23156  39.555  -66.464  -0.601 0.1000000015
23168  41.402  -66.118  -1.469 0.3000000119
23169  40.489  -66.504  -1.780 0.3000000119
23188  39.080  -66.838  -2.212 0.1000000015
23200  41.426  -66.726  -2.619 0.3000000119
23213  45.724  -65.672  -3.462 0.4000000060
23217  41.635  -65.681  -4.191 0.5000000000
23218  40.426  -66.069  -4.073 0.5000000000
23221  37.186  -65.962  -4.878 0.5000000000
23230  45.678  -65.945  -3.749 0.5000000000
23231  44.757  -66.233  -4.521 0.4000000060
23232  43.409  -66.342  -4.864 0.5000000000
23235  39.387  -66.513  -4.902 0.5000000000
23238  36.702  -66.365  -5.487 0.5000000000
23245  35.306  -66.634  -6.538 0.5000000000
23253  34.681  -66.443  -7.643 0.4000000060
23255  34.789  -66.744  -8.286 0.4000000060
23266  34.970  -66.967  -8.916 0.3000000119
23277  42.140  -65.734  -11.240 0.2000000030
23278  41.625  -65.599  -10.946 0.2000000030
23282  37.510  -66.428  -10.696 0.4000000060
23283  36.637  -66.759  -10.476 0.3000000119
23291  43.032  -65.934  -11.700 0.2000000030
23292  42.592  -66.100  -11.374 0.2000000030
23293  41.982  -66.208  -11.182 0.2000000030
23296  39.002  -66.605  -11.255 0.3000000119
23321  45.754  -66.800  -13.451 0.2000000030
23322  44.970  -66.741  -12.954 0.2000000030
23323  44.112  -66.421  -12.943 0.2000000030
23339  46.395  -66.813  -14.742 0.2000000030
23353  46.496  -66.362  -15.537 0.2000000030
23385  46.668  -65.926  -17.050 0.3000000119
23386  46.079  -66.280  -17.473 0.3000000119
23400  45.516  -66.207  -18.596 0.3000000119
23402  44.241  -66.444  -19.182 0.2000000030
23414  45.260  -66.151  -19.563 0.2000000030
23415  44.790  -66.158  -19.781 0.2000000030
24206  50.674  -64.925  9.263 0.1000000015
24208  44.099  -65.541  9.015 0.1000000015
24220  51.161  -65.357  8.930 0.1000000015
24222  44.607  -65.370  8.164 0.1000000015
24237  52.080  -65.178  7.627 0.1000000015
24238  45.369  -65.728  7.052 0.1000000015
24239  44.858  -65.498  7.489 0.1000000015
24258  52.151  -65.284  6.832 0.1000000015
24272  52.315  -65.517  5.798 0.1000000015
24281  47.121  -65.895  4.253 0.5000000000
24284  44.611  -65.468  4.222 0.5000000000
24285  43.923  -65.314  4.080 0.5000000000
24299  52.563  -65.172  3.243 0.2000000030
24300  51.972  -65.833  3.589 0.2000000030
24303  45.066  -66.183  3.651 0.5000000000
24305  43.759  -65.663  3.218 0.5000000000
24323  51.089  -65.370  2.076 0.3000000119
24338  51.342  -66.043  1.753 0.3000000119
24339  51.381  -66.117  1.600 0.3000000119
24340  44.538  -66.767  1.202 0.5000000000
24355  43.865  -66.488  0.619 0.5000000000
24385  43.141  -64.782  -1.139 0.4000000060
24401  44.526  -64.456  -2.988 0.4000000060
24404  40.590  -64.994  -2.925 0.5000000000
24405  39.552  -65.298  -2.844 0.5000000000
24406  38.498  -65.338  -2.918 0.5000000000
24414  45.471  -65.094  -3.383 0.5000000000
24415  44.855  -64.642  -3.157 0.5000000000
24416  44.074  -64.581  -3.461 0.5000000000
24420  39.077  -65.902  -3.497 0.5000000000
24421  37.895  -65.523  -3.527 0.5000000000
24432  44.914  -64.913  -3.629 0.5000000000
24435  37.553  -65.764  -4.167 0.5000000000
24446  34.564  -65.218  -5.792 0.4000000060
24456  34.393  -65.409  -6.638 0.4000000060
24467  34.438  -65.599  -7.595 0.4000000060
24477  35.265  -65.672  -9.099 0.4000000060
24478  34.904  -66.277  -8.712 0.4000000060
24486  41.449  -64.942  -10.685 0.2000000030
24489  37.875  -65.619  -10.388 0.5000000000
24511  43.342  -65.963  -12.350 0.2000000030
24532  46.381  -66.178  -15.221 0.3000000119
24533  46.016  -66.037  -14.904 0.2000000030
24534  44.976  -66.155  -14.742 0.2000000030
24545  46.618  -65.741  -15.917 0.3000000119
24548  44.249  -65.568  -15.180 0.2000000030
24583  46.473  -65.364  -17.695 0.3000000119
24585  42.759  -66.347  -17.980 0.2000000030
24598  45.566  -65.400  -19.564 0.2000000030
24600  43.921  -65.716  -19.136 0.2000000030
24612  44.937  -65.639  -20.182 0.2000000030
25413  50.083  -64.399  9.307 0.1000000015
25414  49.741  -64.438  9.864 0.1000000015
25415  49.241  -64.108  10.244 0.1000000015
25423  50.789  -64.611  8.648 0.1000000015
25442  51.145  -64.584  7.790 0.1000000015
25444  49.201  -64.148  7.201 0.1000000015
25469  51.398  -64.540  6.795 0.1000000015
25489  44.040  -64.075  4.987 0.5000000000
25496  53.832  -64.006  4.086 0.2000000030
25498  47.351  -64.143  4.111 0.5000000000
25500  45.043  -64.750  4.757 0.5000000000
25502  43.582  -64.562  4.508 0.5000000000
25517  54.381  -62.885  3.466 0.2000000030
25518  54.149  -63.299  3.575 0.2000000030
25523  43.268  -64.921  3.732 0.5000000000
25583  43.319  -63.995  -0.699 0.4000000060
25590  43.294  -64.230  -0.978 0.4000000060
25593  38.695  -64.110  -1.707 0.4000000060
25607  42.658  -63.939  -2.686 0.5000000000
25608  41.130  -64.274  -2.367 0.5000000000
25611  36.037  -64.186  -2.683 0.5000000000
25619  41.774  -64.522  -2.993 0.5000000000
25620  36.752  -64.887  -3.332 0.5000000000
25621  35.631  -64.391  -3.460 0.5000000000
25622  34.837  -64.048  -3.780 0.4000000060
25633  35.307  -64.655  -4.226 0.5000000000
25645  34.923  -64.944  -5.008 0.5000000000
25676  35.146  -64.880  -8.887 0.4000000060
25677  34.502  -64.649  -8.153 0.4000000060
25685  39.956  -63.419  -10.379 0.4000000060
25686  39.443  -63.493  -10.066 0.4000000060
25688  38.223  -64.785  -10.073 0.4000000060
25689  36.695  -64.582  -9.649 0.5000000000
25693  41.721  -64.735  -10.997 0.2000000030
25694  40.642  -63.937  -10.583 0.3000000119
25708  42.005  -64.992  -11.438 0.2000000030
25710  41.020  -63.813  -10.980 0.3000000119
25728  41.452  -64.560  -12.184 0.2000000030
25730  39.967  -63.909  -12.725 0.3000000119
25741  41.738  -65.360  -12.995 0.2000000030
25743  40.290  -64.266  -13.274 0.3000000119
25751  42.260  -65.496  -14.129 0.3000000119
25759  45.855  -64.788  -15.974 0.3000000119
25774  46.574  -64.842  -16.743 0.3000000119
25815  45.562  -64.822  -19.833 0.2000000030
25816  45.199  -65.079  -20.237 0.1000000015
25817  44.917  -64.980  -20.365 0.1000000015
25818  44.281  -64.730  -19.374 0.1000000015
26634  48.007  -63.233  10.304 0.1000000015
26637  49.394  -63.967  9.664 0.1000000015
26639  48.142  -63.264  9.600 0.1000000015
26654  47.973  -63.597  7.598 0.1000000015
26676  49.427  -63.790  6.388 0.1000000015
26699  55.008  -62.662  4.320 0.2000000030
26701  53.091  -63.732  5.562 0.2000000030
26702  51.142  -63.914  5.888 0.2000000030
26705  44.929  -63.421  5.088 0.5000000000
26707  42.804  -63.541  4.763 0.5000000000
26717  46.865  -63.301  4.172 0.5000000000
26719  45.373  -63.939  4.966 0.5000000000
26721  41.201  -63.254  4.024 0.5000000000
26736  41.736  -63.854  3.529 0.5000000000
26759  50.173  -63.942  2.819 0.3000000119
26775  42.694  -63.802  0.477 0.5000000000
26776  41.752  -63.563  0.954 0.5000000000
26777  40.913  -63.272  1.519 0.5000000000
26789  42.931  -63.675  -0.326 0.5000000000
26811  39.716  -63.158  -0.557 0.5000000000
26813  37.805  -63.353  -0.526 0.4000000060
26814  36.903  -63.213  -0.696 0.4000000060
26815  36.019  -63.020  -0.853 0.4000000060
26825  43.190  -63.694  -1.798 0.5000000000
26826  41.714  -63.602  -1.921 0.5000000000
26827  40.218  -63.423  -1.214 0.5000000000
26828  39.225  -63.560  -1.174 0.5000000000
26831  36.503  -63.572  -1.398 0.5000000000
26844  43.531  -63.902  -2.066 0.4000000060
26845  43.422  -63.837  -2.197 0.5000000000
26860  33.905  -62.858  -3.943 0.4000000060
26887  33.962  -63.788  -5.098 0.4000000060
26888  33.624  -63.252  -5.664 0.4000000060
26908  33.676  -63.536  -6.450 0.4000000060
26921  34.074  -63.457  -7.608 0.4000000060
26922  33.862  -63.858  -7.105 0.4000000060
26931  34.535  -63.588  -8.256 0.4000000060
26942  37.116  -63.196  -9.436 0.3000000119
26968  40.611  -63.756  -11.686 0.3000000119
26982  39.438  -63.338  -13.028 0.3000000119
26992  41.106  -63.697  -14.730 0.3000000119
27002  44.613  -63.817  -15.955 0.3000000119
27004  42.804  -63.418  -15.449 0.3000000119
27019  46.331  -64.381  -17.304 0.3000000119
27020  45.871  -63.818  -16.932 0.3000000119
27038  41.966  -63.380  -17.456 0.1000000015
27050  46.007  -64.284  -18.408 0.3000000119
27052  43.683  -63.705  -18.879 0.1000000015
27073  45.241  -64.355  -20.651 0.2000000030
27822  45.881  -62.100  10.729 0.1000000015
27827  46.675  -62.689  9.435 0.1000000015
27839  46.757  -62.692  7.285 0.1000000015
27851  48.385  -62.758  6.209 0.2000000030
27853  47.091  -62.168  6.747 0.1000000015
27873  53.932  -62.284  5.295 0.2000000030
27890  55.450  -62.252  4.219 0.2000000030
27891  47.334  -62.580  3.850 0.5000000000
27896  42.585  -62.793  4.872 0.5000000000
27898  41.166  -62.415  4.417 0.5000000000
27902  54.203  -62.323  3.040 0.2000000030
27904  50.941  -62.588  3.182 0.2000000030
27908  40.516  -62.556  4.023 0.5000000000
27909  39.896  -62.234  3.704 0.6000000238
27919  55.088  -62.310  3.576 0.2000000030
27920  54.491  -62.704  3.377 0.2000000030
27923  51.244  -63.293  3.062 0.3000000119
27924  40.168  -62.791  3.183 0.6000000238
27937  38.613  -62.284  1.536 0.5000000000
27938  37.896  -61.920  1.264 0.4000000060
27948  39.291  -62.739  0.869 0.5000000000
27950  37.599  -62.320  0.601 0.4000000060
27952  36.126  -61.968  0.052 0.4000000060
27970  37.293  -62.756  -0.052 0.4000000060
27988  34.861  -62.916  -1.813 0.4000000060
27989  34.368  -62.070  -1.958 0.4000000060
28006  34.286  -62.725  -2.575 0.4000000060
28019  33.902  -62.621  -3.244 0.4000000060
28030  33.428  -62.165  -4.653 0.4000000060
28045  33.456  -62.418  -5.467 0.4000000060
28086  34.941  -62.693  -8.568 0.4000000060
28102  38.907  -61.909  -9.524 0.3000000119
28103  36.698  -62.516  -9.277 0.4000000060
28104  35.750  -62.634  -9.041 0.4000000060
28119  39.944  -62.904  -10.751 0.3000000119
28120  39.677  -62.731  -10.387 0.3000000119
28128  39.127  -62.218  -11.729 0.3000000119
28136  39.186  -62.753  -12.380 0.3000000119
28147  40.290  -63.285  -14.251 0.3000000119
28164  42.753  -62.450  -15.458 0.2000000030
28165  41.954  -62.204  -15.209 0.2000000030
28180  45.444  -63.180  -17.293 0.3000000119
28182  44.143  -62.346  -16.279 0.2000000030
28197  45.508  -63.107  -18.309 0.3000000119
28249  45.389  -62.712  -21.795 0.1000000015
28250  45.225  -62.856  -21.772 0.1000000015
28263  45.423  -62.262  -21.990 0.1000000015
29001  44.566  -61.390  10.610 0.1000000015
29009  43.747  -61.075  8.235 0.1000000015
29014  45.565  -61.767  7.259 0.1000000015
29030  46.065  -61.143  6.756 0.1000000015
29045  53.894  -61.378  5.296 0.2000000030
29065  46.860  -61.866  3.885 0.5000000000
29068  43.008  -61.453  4.683 0.5000000000
29071  40.891  -61.860  4.407 0.5000000000
29083  55.691  -61.577  3.877 0.2000000030
29084  55.126  -61.795  3.462 0.1000000015
29089  47.251  -61.313  3.636 0.4000000060
29090  46.621  -61.090  3.605 0.4000000060
29093  39.495  -61.510  3.669 0.5000000000
29101  38.979  -61.695  3.069 0.5000000000
29102  38.526  -61.186  2.699 0.5000000000
29103  38.059  -60.952  2.186 0.5000000000
29128  37.010  -61.660  1.050 0.4000000060
29130  35.795  -61.462  -0.052 0.4000000060
29141  52.787  -61.067  -1.674 0.1000000015
29143  51.490  -61.654  -1.268 0.1000000015
29158  52.526  -62.242  -2.274 0.1000000015
29162  34.921  -62.185  -1.204 0.3000000119
29182  34.048  -61.195  -2.142 0.4000000060
29200  33.486  -61.195  -3.454 0.4000000060
29245  33.465  -61.251  -6.021 0.4000000060
29269  33.685  -61.525  -6.698 0.4000000060
29285  39.344  -61.343  -9.896 0.3000000119
29313  39.502  -61.943  -10.863 0.3000000119
29323  38.336  -61.374  -12.529 0.2000000030
29343  40.690  -61.542  -14.679 0.2000000030
29385  44.594  -61.826  -17.886 0.3000000119
29401  44.877  -61.569  -18.825 0.2000000030
29410  45.599  -61.873  -21.005 0.2000000030
29428  45.302  -61.592  -22.296 0.1000000015
29429  44.655  -61.223  -22.207 0.1000000015
29439  45.281  -61.009  -22.432 0.1000000015
30126  43.072  -60.614  11.020 0.1000000015
30137  42.540  -60.354  9.689 0.1000000015
30139  43.475  -60.969  8.927 0.1000000015
30153  47.381  -60.728  6.251 0.1000000015
30157  44.211  -60.050  6.949 0.1000000015
30171  55.120  -60.905  4.700 0.2000000030
30174  51.539  -61.102  5.500 0.2000000030
30191  55.496  -60.197  4.230 0.2000000030
30192  44.551  -61.208  4.159 0.5000000000
30193  43.156  -60.830  4.310 0.5000000000
30213  46.516  -60.418  3.341 0.5000000000
30217  41.354  -60.418  3.928 0.5000000000
30219  39.459  -60.559  3.468 0.5000000000
30220  38.843  -60.446  3.044 0.5000000000
30231  38.204  -60.342  2.531 0.5000000000
30236  37.217  -60.450  1.666 0.4000000060
30263  52.049  -60.911  -0.950 0.1000000015
30265  48.858  -60.282  -0.674 0.1000000015
30267  35.527  -60.814  -0.308 0.3000000119
30290  35.035  -59.924  -1.192 0.3000000119
30311  34.017  -60.572  -2.474 0.4000000060
30339  33.548  -60.583  -4.069 0.4000000060
30355  42.926  -60.557  -6.332 0.1000000015
30356  42.337  -60.360  -6.178 0.1000000015
30371  33.659  -60.698  -6.451 0.4000000060
30402  35.986  -60.296  -8.745 0.3000000119
30403  35.150  -60.409  -8.358 0.4000000060
30404  34.666  -60.971  -8.089 0.4000000060
30411  38.672  -60.136  -9.872 0.2000000030
30413  37.082  -60.196  -9.078 0.2000000030
30429  39.152  -60.583  -10.096 0.2000000030
30449  38.828  -60.611  -10.821 0.2000000030
30462  37.845  -60.198  -12.392 0.2000000030
30479  38.109  -60.726  -12.922 0.2000000030
30492  41.237  -60.878  -15.062 0.2000000030
30502  42.414  -60.723  -15.726 0.2000000030
30503  41.760  -60.349  -15.410 0.1000000015
30517  43.369  -60.813  -16.743 0.1000000015
30534  43.618  -60.517  -17.551 0.1000000015
30567  45.561  -61.351  -21.927 0.1000000015
31291  41.146  -59.421  10.540 0.1000000015
31299  41.272  -59.553  9.722 0.1000000015
31307  42.603  -59.979  7.803 0.1000000015
31315  46.432  -59.723  6.228 0.1000000015
31330  48.644  -59.228  5.551 0.1000000015
31332  46.971  -59.169  5.811 0.1000000015
31340  55.646  -59.719  3.959 0.1000000015
31342  54.104  -59.060  4.701 0.1000000015
31356  55.555  -59.633  3.847 0.1000000015
31361  49.010  -59.760  3.093 0.3000000119
31362  48.195  -59.770  3.162 0.2000000030
31368  41.828  -59.802  3.361 0.5000000000
31371  39.320  -59.938  3.148 0.5000000000
31389  49.428  -59.184  2.734 0.2000000030
31393  45.483  -59.647  2.621 0.3000000119
31398  40.439  -59.313  2.864 0.5000000000
31401  37.662  -59.982  2.108 0.5000000000
31411  42.480  -58.995  1.889 0.4000000060
31413  37.276  -59.698  1.534 0.4000000060
31419  53.849  -58.975  0.023 0.1000000015
31429  36.873  -59.361  0.863 0.3000000119
31430  36.250  -59.816  0.472 0.3000000119
31431  35.742  -60.097  -0.075 0.3000000119
31449  48.625  -59.652  0.024 0.2000000030
31453  35.576  -59.464  -0.704 0.4000000060
31464  53.877  -58.924  -0.512 0.1000000015
31470  34.861  -59.576  -1.914 0.4000000060
31488  34.954  -59.295  -2.612 0.4000000060
31506  39.465  -60.252  -4.549 0.2000000030
31507  38.914  -60.263  -4.245 0.2000000030
31511  35.025  -59.163  -3.825 0.2000000030
31528  38.897  -60.762  -4.713 0.2000000030
31529  38.374  -60.631  -4.888 0.2000000030
31530  37.539  -60.321  -4.760 0.2000000030
31531  34.746  -59.059  -4.551 0.2000000030
31533  33.925  -59.875  -4.005 0.3000000119
31548  41.714  -60.210  -5.911 0.1000000015
31549  39.777  -60.171  -5.145 0.2000000030
31550  39.003  -60.739  -5.060 0.1000000015
31552  33.976  -59.208  -5.721 0.4000000060
31567  33.737  -59.903  -6.127 0.4000000060
31593  34.498  -60.098  -7.857 0.4000000060
31611  38.249  -59.346  -9.713 0.2000000030
31669  38.359  -59.379  -13.487 0.1000000015
31680  39.955  -59.029  -14.469 0.1000000015
31681  39.531  -59.677  -14.263 0.1000000015
31686  41.660  -59.551  -15.428 0.1000000015
31694  42.535  -59.146  -16.662 0.1000000015
31695  42.215  -59.238  -15.936 0.1000000015
31704  43.369  -59.666  -17.806 0.1000000015
31705  42.857  -59.091  -17.430 0.1000000015
31713  43.631  -59.345  -18.586 0.1000000015
31727  44.597  -59.430  -20.058 0.1000000015
32488  40.162  -58.586  9.831 0.1000000015
32501  41.284  -58.715  7.563 0.1000000015
32509  43.310  -58.336  6.313 0.1000000015
32511  41.798  -58.303  7.011 0.1000000015
32519  50.280  -58.598  5.266 0.1000000015
32525  44.881  -58.193  5.772 0.1000000015
32559  50.795  -58.686  2.203 0.1000000015
32561  48.972  -58.862  2.357 0.2000000030
32563  40.844  -58.840  2.299 0.5000000000
32564  40.031  -58.839  2.325 0.4000000060
32565  39.167  -58.936  2.225 0.4000000060
32576  54.661  -57.843  1.202 0.1000000015
32577  54.679  -58.118  1.378 0.1000000015
32578  54.353  -58.534  1.249 0.1000000015
32583  44.139  -58.725  1.255 0.5000000000
32585  40.468  -58.434  1.733 0.4000000060
32601  49.258  -58.701  1.031 0.2000000030
32605  42.589  -58.033  0.700 0.2000000030
32606  41.822  -57.927  0.705 0.2000000030
32607  39.162  -58.213  1.151 0.4000000060
32608  38.351  -58.295  0.959 0.4000000060
32610  36.497  -59.015  0.203 0.3000000119
32627  54.078  -58.341  -0.182 0.1000000015
32630  44.771  -58.013  -0.664 0.1000000015
32634  35.759  -58.781  -1.260 0.4000000060
32654  44.910  -57.917  -1.485 0.1000000015
32657  36.432  -58.373  -1.188 0.4000000060
32658  35.465  -58.946  -2.129 0.3000000119
32679  40.043  -58.776  -3.127 0.2000000030
32681  38.483  -58.726  -2.759 0.2000000030
32705  35.447  -59.064  -3.157 0.4000000060
32717  41.775  -59.636  -4.664 0.1000000015
32733  41.371  -59.923  -6.204 0.1000000015
32736  38.449  -60.252  -5.286 0.2000000030
32738  35.052  -58.303  -5.993 0.2000000030
32754  34.378  -58.724  -6.312 0.2000000030
32790  36.778  -58.113  -8.556 0.2000000030
32791  36.004  -57.826  -8.171 0.2000000030
32801  38.004  -58.483  -9.658 0.2000000030
32844  37.620  -58.576  -12.391 0.2000000030
32852  38.863  -58.384  -13.798 0.1000000015
32853  38.280  -58.619  -13.374 0.1000000015
32854  37.823  -59.023  -12.927 0.2000000030
32868  40.360  -58.250  -14.668 0.1000000015
32869  39.567  -58.329  -14.250 0.1000000015
32878  41.740  -57.872  -15.795 0.1000000015
32879  41.102  -58.081  -15.177 0.1000000015
33706  47.175  -57.756  5.255 0.1000000015
33707  46.260  -57.783  5.293 0.1000000015
33717  54.158  -57.527  3.900 0.1000000015
33720  50.350  -57.410  4.369 0.1000000015
33737  52.135  -56.911  3.811 0.1000000015
33770  54.387  -57.999  0.412 0.1000000015
33771  54.345  -57.589  0.828 0.1000000015
33776  40.447  -57.625  0.431 0.3000000119
33777  39.584  -57.674  0.480 0.3000000119
33779  37.644  -57.913  -0.502 0.3000000119
33799  43.435  -57.540  -0.927 0.1000000015
33801  41.609  -57.476  -0.529 0.1000000015
33802  40.763  -57.492  -0.340 0.3000000119
33804  38.334  -57.666  -0.330 0.3000000119
33828  43.580  -57.692  -2.567 0.1000000015
33829  42.749  -57.783  -2.685 0.1000000015
33830  41.437  -57.692  -2.163 0.1000000015
33840  43.857  -57.916  -3.229 0.1000000015
33890  36.105  -57.308  -6.450 0.1000000015
33891  35.474  -57.759  -6.734 0.1000000015
33917  35.559  -57.750  -7.478 0.1000000015
33936  37.794  -57.691  -9.504 0.2000000030
33972  37.485  -57.742  -12.157 0.1000000015
33991  37.969  -57.232  -12.950 0.1000000015
34053  42.937  -56.853  -18.257 0.1000000015
34880  47.929  -57.029  4.229 0.1000000015
34892  52.997  -56.727  3.334 0.1000000015
34894  50.175  -56.987  3.531 0.1000000015
34895  48.697  -56.809  3.414 0.1000000015
34929  53.091  -56.944  0.707 0.1000000015
35004  36.692  -56.949  -5.845 0.1000000015
35022  37.222  -56.197  -5.910 0.1000000015
35133  40.417  -56.479  -14.732 0.1000000015
35143  40.852  -56.050  -15.212 0.1000000015
35156  42.200  -56.821  -16.748 0.1000000015
35157  41.754  -56.316  -16.200 0.1000000015
36009  46.638  -55.874  1.676 0.1000000015
36252  41.710  -55.709  -16.361 0.1000000015
36279  42.972  -55.578  -18.656 0.1000000015
36280  42.589  -55.606  -17.951 0.1000000015
37118  46.237  -55.299  1.009 0.1000000015
37384  42.276  -54.978  -17.583 0.1000000015
37385  41.807  -54.274  -17.194 0.1000000015
128160  38.698  -60.759  -13.612 0.2000000030
128233  54.940  -58.222  2.832 0.1000000015
128299  41.268  -63.353  -1.282 0.5000000000
128376  46.952  -59.528  0.414 0.2000000030
128432  40.898  -59.178  -6.059 0.1000000015
128747  27.103  -77.145  -8.097 0.1000000015
129208  39.741  -66.657  -2.007 0.1000000015
129248  43.383  -75.783  -6.208 0.2000000030
129372  37.948  -72.053  -16.197 0.1000000015
129440  39.236  -70.035  -16.413 0.1000000015
129444  47.892  -61.137  3.613 0.4000000060
129494  30.633  -73.448  -6.067 0.1000000015
129523  30.293  -78.044  -8.471 0.1000000015
129545  42.089  -76.679  -11.714 0.1000000015
129677  38.394  -71.570  1.927 0.1000000015
129817  35.964  -72.459  5.964 0.1000000015
130088  42.846  -64.240  4.361 0.5000000000
130339  33.408  -78.332  1.374 0.1000000015
130442  37.743  -58.530  -10.843 0.2000000030
130562  33.505  -83.599  0.054 0.1000000015
131201  40.266  -72.709  -8.168 0.3000000119
131254  38.608  -68.635  -12.705 0.2000000030
131305  45.499  -64.495  -20.277 0.3000000119
131355  39.928  -67.159  -16.344 0.1000000015
131464  45.699  -72.040  -4.922 0.3000000119
131780  34.365  -76.199  -5.566 0.1000000015
131938  36.637  -69.121  -11.234 0.3000000119
132018  36.019  -72.637  4.923 0.1000000015
132066  40.850  -63.176  0.243 0.6000000238
132163  39.155  -71.786  -9.997 0.3000000119
132273  38.840  -57.547  -0.986 0.3000000119
132403  35.769  -74.162  -10.386 0.2000000030
132731  33.560  -79.355  2.490 0.1000000015
133140  39.919  -74.998  -5.890 0.2000000030
133324  40.125  -66.492  -4.695 0.4000000060
133340  41.034  -68.179  -16.992 0.1000000015
133446  30.181  -75.922  -8.413 0.1000000015
133528  46.859  -64.979  4.401 0.5000000000
133703  38.017  -67.449  -2.721 0.1000000015
133723  49.419  -67.763  6.346 0.1000000015
133752  45.498  -63.129  4.822 0.5000000000
134160  51.278  -61.022  3.276 0.1000000015
134229  39.710  -67.917  -16.500 0.1000000015
134455  39.653  -63.041  -13.773 0.3000000119
134673  41.902  -77.175  -12.011 0.1000000015
135429  43.208  -62.120  4.921 0.5000000000
135444  33.338  -84.071  5.797 0.1000000015
135503  39.906  -74.076  2.139 0.1000000015
135584  37.889  -73.208  -7.127 0.3000000119
135805  50.366  -69.761  0.537 0.2000000030
135971  43.372  -57.103  -18.862 0.1000000015
136007  44.925  -59.060  1.562 0.4000000060
136298  35.633  -82.503  5.535 0.1000000015
136309  38.863  -70.757  -16.286 0.1000000015
136339  45.304  -74.421  -11.667 0.1000000015
136460  42.756  -63.650  -2.160 0.5000000000
136833  28.375  -78.452  -3.582 0.1000000015
136891  44.191  -61.516  -21.668 0.1000000015
137273  36.769  -58.525  -2.285 0.4000000060
137376  37.540  -57.190  -10.336 0.2000000030
137690  50.877  -66.206  9.027 0.1000000015
137768  38.950  -72.102  2.615 0.1000000015
137814  44.122  -71.687  -12.410 0.1000000015
138013  51.531  -60.334  -0.549 0.2000000030
138143  46.453  -69.970  -13.557 0.2000000030
138163  35.289  -67.791  -7.985 0.5000000000
138179  34.217  -75.914  6.010 0.1000000015
138338  30.513  -79.178  -3.325 0.1000000015
138366  42.333  -63.462  -1.408 0.6000000238
138459  36.260  -56.907  -6.981 0.1000000015
138473  36.962  -80.939  6.308 0.1000000015
138582  39.870  -75.267  8.699 0.1000000015
138652  40.241  -78.506  8.510 0.1000000015
138794  34.936  -66.729  -7.175 0.5000000000
138864  37.925  -62.433  -9.283 0.4000000060
139097  35.033  -83.192  4.400 0.1000000015
139195  37.817  -70.380  -8.640 0.4000000060
139837  33.593  -75.635  4.498 0.1000000015
139863  38.642  -57.140  -13.492 0.1000000015
140080  43.887  -73.248  -14.347 0.1000000015
140142  30.395  -75.946  -2.505 0.1000000015
140174  29.688  -76.840  -3.428 0.1000000015
140412  39.588  -74.466  2.777 0.1000000015
140572  40.628  -76.421  2.448 0.1000000015
140802  39.689  -62.407  -10.612 0.3000000119
140815  37.873  -64.139  -1.662 0.4000000060
140847  42.930  -60.486  10.363 0.1000000015
140879  40.889  -56.730  -15.169 0.1000000015
140882  40.158  -60.119  -5.116 0.2000000030
140958  40.823  -64.555  -10.448 0.3000000119
140967  32.695  -84.426  -0.175 0.1000000015
140988  46.070  -65.194  -18.601 0.3000000119
141172  35.699  -69.453  2.003 0.1000000015
141203  40.555  -66.449  -1.156 0.1000000015
141463  39.598  -57.467  -0.870 0.2000000030
141664  31.191  -74.971  -7.708 0.1000000015
141753  44.908  -60.711  3.694 0.5000000000
141764  43.428  -68.390  -6.200 0.5000000000
141787  37.047  -71.895  -16.104 0.1000000015
142004  35.399  -62.049  -8.738 0.4000000060
142177  29.211  -76.132  -3.611 0.1000000015
142303  36.641  -70.912  -2.362 0.1000000015
142463  46.779  -59.407  1.169 0.2000000030
142514  53.088  -64.105  3.100 0.2000000030
142566  37.329  -75.145  8.585 0.1000000015
142994  36.121  -73.921  8.031 0.1000000015
143005  46.664  -64.912  -17.208 0.3000000119
143130  38.867  -74.070  8.667 0.1000000015
143349  33.406  -60.813  -4.786 0.4000000060
143432  36.624  -63.828  -9.469 0.5000000000
143690  33.417  -79.962  -0.371 0.1000000015
143750  46.309  -67.726  -14.900 0.2000000030
143914  40.672  -74.595  -12.662 0.1000000015
143943  38.415  -75.647  -11.128 0.2000000030
144137  41.535  -55.220  -16.219 0.1000000015
144171  38.944  -69.541  6.221 0.1000000015
144209  44.175  -66.199  2.708 0.5000000000
144212  28.767  -82.287  -4.739 0.1000000015
144238  39.865  -66.789  -5.306 0.5000000000
144333  55.439  -61.064  3.788 0.1000000015
144338  51.841  -67.222  1.012 0.3000000119
144372  39.692  -68.827  -6.663 0.4000000060
144383  46.564  -68.528  2.331 0.4000000060
144449  48.643  -60.264  3.334 0.2000000030
144452  37.028  -74.134  8.411 0.1000000015
144520  42.625  -57.446  -17.479 0.1000000015
144604  46.135  -69.075  -12.540 0.1000000015
144610  36.767  -72.619  5.053 0.1000000015
144625  50.882  -60.299  3.178 0.1000000015
144774  48.111  -56.905  3.700 0.1000000015
144814  40.018  -57.633  -1.524 0.2000000030
144825  41.619  -66.414  -4.764 0.5000000000
144876  49.686  -67.455  1.048 0.3000000119
144885  47.579  -59.906  3.268 0.2000000030
144949  41.615  -71.854  -3.321 0.2000000030
144995  44.522  -60.181  3.386 0.5000000000
145022  28.666  -73.494  -7.085 0.1000000015
145113  45.877  -72.457  -6.620 0.2000000030
145221  39.869  -72.850  -6.269 0.4000000060
145601  33.558  -79.862  0.912 0.1000000015
145702  37.594  -64.465  -9.805 0.5000000000
145746  37.044  -75.704  -1.232 0.1000000015
145959  39.705  -66.387  -4.329 0.5000000000
146064  36.275  -64.601  -3.250 0.5000000000
146080  33.647  -62.514  -4.301 0.4000000060
146258  44.990  -70.439  -6.824 0.2000000030
146307  45.796  -72.468  -13.376 0.2000000030
146523  46.217  -69.684  -12.488 0.1000000015
146528  45.275  -64.316  -16.009 0.4000000060
146538  35.199  -74.294  -2.665 0.1000000015
146543  50.588  -65.601  9.391 0.1000000015
146710  37.134  -76.001  8.525 0.1000000015
146765  45.419  -65.862  -19.649 0.2000000030
146849  43.689  -66.626  -18.509 0.2000000030
146927  52.606  -64.763  2.984 0.2000000030
147257  36.030  -73.501  -8.070 0.3000000119
147447  34.275  -59.776  -3.402 0.4000000060
147461  37.774  -69.550  -3.378 0.1000000015
147465  42.578  -65.472  -1.372 0.3000000119
147787  54.458  -62.972  4.795 0.2000000030
147875  30.506  -75.126  -8.188 0.1000000015
148018  34.998  -68.781  0.068 0.1000000015
148035  41.063  -78.054  2.516 0.1000000015
148041  55.063  -62.748  3.898 0.2000000030
148099  45.674  -58.979  6.035 0.1000000015
148187  38.348  -73.944  -0.167 0.1000000015
148346  40.264  -57.457  -0.828 0.1000000015
148384  33.902  -60.066  -7.078 0.4000000060
148430  44.980  -59.355  2.211 0.4000000060
148538  45.719  -66.048  8.723 0.1000000015
148679  40.565  -73.194  -13.323 0.1000000015
148691  40.716  -77.552  -11.439 0.2000000030
148704  38.184  -80.793  -2.477 0.1000000015
148804  48.164  -72.113  -11.764 0.1000000015
148873  32.675  -84.658  0.495 0.1000000015
148966  30.747  -78.536  -8.445 0.1000000015
149033  41.740  -60.911  4.367 0.5000000000
149095  42.675  -57.435  -1.380 0.1000000015
149186  42.536  -65.594  0.090 0.4000000060
149385  37.817  -72.602  0.267 0.1000000015
149505  39.592  -69.470  -13.371 0.1000000015
149554  46.285  -62.183  4.195 0.5000000000
149736  33.137  -78.714  -0.480 0.1000000015
149776  44.880  -65.139  -2.767 0.4000000060
149905  41.980  -67.319  0.813 0.1000000015
149918  50.672  -70.091  1.346 0.2000000030
150041  45.257  -72.951  -13.539 0.1000000015
150155  33.734  -59.755  -5.360 0.4000000060
150156  33.786  -62.251  -7.058 0.4000000060
150189  34.929  -72.809  4.873 0.1000000015
150358  46.197  -66.822  -16.069 0.2000000030
150747  44.093  -74.276  -11.953 0.1000000015
150771  35.809  -65.786  -9.558 0.4000000060
150808  39.634  -67.233  -5.742 0.5000000000
150839  38.287  -70.927  4.213 0.1000000015
150900  40.243  -78.724  1.384 0.1000000015
150911  54.596  -57.588  1.519 0.1000000015
150955  38.306  -60.159  -13.411 0.2000000030
151007  48.674  -59.067  0.634 0.2000000030
151045  46.479  -70.605  -13.141 0.1000000015
151144  42.427  -63.411  -0.737 0.5000000000
151165  38.185  -59.730  2.340 0.4000000060
151181  44.680  -61.729  8.285 0.1000000015
151209  39.899  -72.847  -13.454 0.1000000015
151245  38.930  -61.362  -9.544 0.2000000030
151322  38.775  -71.744  2.242 0.1000000015
151512  46.696  -69.260  4.081 0.1000000015
151569  24.878  -73.586  -5.986 0.1000000015
151701  36.132  -63.772  -2.005 0.4000000060
151714  41.468  -67.904  -3.495 0.2000000030
151878  39.136  -58.568  1.714 0.4000000060
152308  41.340  -66.826  1.085 0.1000000015
152312  35.307  -59.108  -4.368 0.2000000030
152434  53.893  -58.992  -0.336 0.1000000015
152441  34.261  -74.222  -4.021 0.1000000015
152454  25.990  -75.683  -3.168 0.1000000015
152482  41.070  -69.797  -4.049 0.2000000030
152776  35.350  -60.206  -0.628 0.3000000119
152787  42.036  -69.996  -15.975 0.1000000015
152807  48.810  -63.348  6.270 0.1000000015
152841  36.837  -60.132  -4.771 0.2000000030
152959  30.405  -82.684  -9.334 0.1000000015
152984  39.235  -76.832  2.316 0.1000000015
153048  42.244  -64.945  -14.879 0.2000000030
153118  33.680  -81.020  1.452 0.1000000015
153125  42.949  -72.768  -2.630 0.1000000015
153134  44.985  -68.900  -15.574 0.1000000015
153233  43.297  -73.591  -2.903 0.2000000030
153297  52.168  -56.785  1.898 0.1000000015
153412  45.779  -67.700  -15.455 0.2000000030
153576  41.204  -64.110  -11.609 0.3000000119
153644  33.776  -83.141  0.363 0.1000000015
153703  31.544  -74.828  -0.593 0.1000000015
153754  32.625  -73.919  1.374 0.1000000015
153924  53.003  -64.998  5.599 0.2000000030
154008  37.948  -56.579  -12.800 0.1000000015
154025  32.424  -73.218  -0.034 0.1000000015
154214  33.427  -72.752  -1.853 0.1000000015
154285  43.011  -75.296  -11.892 0.1000000015
154403  27.526  -74.591  -3.872 0.1000000015
154455  32.057  -73.042  -4.450 0.1000000015
154508  38.235  -67.621  -6.105 0.5000000000
154558  43.495  -58.636  1.252 0.5000000000
154660  35.267  -68.314  -1.205 0.1000000015
154757  33.604  -62.086  -6.558 0.4000000060
154907  29.352  -79.786  -8.708 0.1000000015
154951  34.251  -80.786  4.010 0.1000000015
155002  42.390  -77.247  -5.851 0.2000000030
