#!ascii label  , from subject sub001 vox2ras=TkReg
5262
1117  15.788  -90.722  -16.815 0.0000000000
25671  5.373  -64.611  -7.080 0.0000000000
150915  6.323  -72.912  7.147 0.0000000000
15563  4.889  -73.840  -20.591 0.0000000000
148533  17.735  -48.003  -4.814 0.0000000000
2602  18.068  -88.002  -28.059 0.0000000000
19749  -0.876  -69.758  -1.542 0.0000000000
33808  5.217  -57.352  0.257 0.0000000000
132457  11.251  -49.905  -8.931 0.0000000000
144754  11.421  -87.703  -7.906 0.0000000000
349  5.996  -93.547  -3.605 0.0000000000
1794  -0.983  -89.363  2.974 0.0000000000
29078  8.233  -61.268  4.662 0.0000000000
139074  9.062  -83.102  -22.264 0.0000000000
19835  13.532  -68.854  -10.730 0.0000000000
1511  21.991  -89.662  -16.135 0.0000000000
145533  19.288  -88.422  -22.179 0.0000000000
778  16.416  -90.708  -21.722 0.0000000000
43738  11.529  -48.516  -6.306 0.0000000000
144585  8.319  -87.684  -7.976 0.0000000000
5327  -1.437  -83.550  6.302 0.0000000000
8623  3.616  -79.238  0.408 0.0000000000
11767  -0.394  -75.996  2.176 0.0000000000
31348  16.561  -59.061  4.906 0.0000000000
136779  16.158  -58.441  -2.119 0.0000000000
128060  21.716  -58.186  -0.525 0.0000000000
8998  1.789  -79.168  -25.725 0.0000000000
4333  3.310  -86.966  -21.793 0.0000000000
7938  5.099  -79.962  -19.363 0.0000000000
10975  11.197  -77.427  -22.593 0.0000000000
11102  7.858  -78.023  -29.632 0.0000000000
24428  4.353  -65.820  -3.548 0.0000000000
15353  6.793  -73.190  -6.353 0.0000000000
23274  3.543  -66.473  -9.780 0.0000000000
39344  26.207  -52.117  -5.419 0.0000000000
6418  16.641  -82.105  -31.625 0.0000000000
21165  5.795  -69.016  -25.863 0.0000000000
29140  -0.479  -62.374  0.271 0.0000000000
30346  2.768  -59.603  -4.487 0.0000000000
37196  6.248  -53.892  -4.370 0.0000000000
1459  15.559  -90.442  -11.942 0.0000000000
260  11.125  -94.025  -18.238 0.0000000000
1931  8.691  -89.665  -12.506 0.0000000000
2875  5.438  -87.268  5.839 0.0000000000
129486  2.023  -95.081  3.122 0.0000000000
24257  1.740  -64.742  6.992 0.0000000000
37136  25.403  -54.080  -0.740 0.0000000000
146250  23.472  -47.280  1.132 0.0000000000
169  10.668  -93.767  -6.491 0.0000000000
1058  17.371  -91.096  -9.501 0.0000000000
144886  9.516  -80.830  -33.159 0.0000000000
8087  12.692  -81.100  -28.646 0.0000000000
133204  0.101  -71.010  -10.003 0.0000000000
20972  4.732  -67.652  -14.555 0.0000000000
133250  11.159  -71.268  -19.082 0.0000000000
138654  14.067  -67.950  -18.664 0.0000000000
1971  18.318  -89.607  -16.520 0.0000000000
757  20.046  -91.505  -19.748 0.0000000000
446  17.025  -93.007  -19.078 0.0000000000
12824  8.596  -75.730  7.766 0.0000000000
133352  6.077  -78.189  3.731 0.0000000000
12886  6.102  -76.067  3.504 0.0000000000
10630  2.059  -77.768  0.189 0.0000000000
13992  3.023  -74.839  5.120 0.0000000000
33766  14.117  -57.274  1.016 0.0000000000
32567  17.638  -57.754  2.262 0.0000000000
31457  18.454  -59.527  -1.075 0.0000000000
141894  3.544  -75.214  -24.814 0.0000000000
9915  2.651  -78.795  -21.943 0.0000000000
12096  5.823  -76.368  -20.096 0.0000000000
8981  5.367  -80.373  -24.947 0.0000000000
11037  6.147  -76.748  -25.887 0.0000000000
25658  -0.024  -64.515  -5.067 0.0000000000
20885  1.488  -68.183  -6.083 0.0000000000
25683  -0.088  -63.962  -8.448 0.0000000000
43715  25.697  -48.194  -4.619 0.0000000000
130125  23.886  -49.207  -5.782 0.0000000000
2027  20.214  -88.857  -25.284 0.0000000000
2573  22.947  -88.034  -23.882 0.0000000000
129590  21.046  -86.866  -27.209 0.0000000000
4371  20.190  -84.332  -28.816 0.0000000000
4381  18.844  -85.231  -31.210 0.0000000000
31441  1.237  -59.053  1.451 0.0000000000
29195  3.816  -60.728  -2.135 0.0000000000
33824  3.566  -56.867  -1.125 0.0000000000
147256  18.985  -50.647  -5.112 0.0000000000
152755  15.436  -51.861  -6.291 0.0000000000
43769  9.604  -48.672  -7.169 0.0000000000
41442  8.173  -50.295  -5.303 0.0000000000
1896  13.748  -88.510  -9.628 0.0000000000
1467  12.300  -90.191  -13.018 0.0000000000
3629  11.578  -86.242  -11.872 0.0000000000
1409  5.561  -90.884  -6.131 0.0000000000
130665  6.140  -90.214  -10.697 0.0000000000
393  5.209  -93.263  -9.299 0.0000000000
176  3.554  -94.432  -6.344 0.0000000000
3444  1.588  -86.827  4.797 0.0000000000
1298  1.970  -91.019  6.936 0.0000000000
584  -1.237  -92.754  4.672 0.0000000000
27848  9.510  -62.699  7.712 0.0000000000
24232  6.649  -65.128  8.142 0.0000000000
27868  3.885  -62.561  6.463 0.0000000000
24297  0.024  -64.927  4.380 0.0000000000
30229  1.736  -59.980  3.886 0.0000000000
40287  22.707  -51.808  -0.730 0.0000000000
128004  27.574  -53.536  0.034 0.0000000000
133297  25.427  -50.522  0.387 0.0000000000
41405  27.267  -48.911  -0.270 0.0000000000
1004  8.343  -91.686  -4.354 0.0000000000
53  10.358  -93.453  -3.431 0.0000000000
1049  9.315  -91.398  -8.436 0.0000000000
130579  11.352  -92.633  -10.757 0.0000000000
141919  5.561  -85.861  -20.177 0.0000000000
4347  3.714  -85.841  -24.722 0.0000000000
136085  6.513  -84.000  -25.420 0.0000000000
6397  8.105  -82.277  -28.443 0.0000000000
7167  10.370  -81.891  -25.358 0.0000000000
8002  12.320  -80.616  -23.416 0.0000000000
16546  -0.555  -72.841  -5.048 0.0000000000
18758  10.395  -71.107  -8.299 0.0000000000
18782  5.584  -70.182  -10.142 0.0000000000
154616  8.557  -69.560  -12.401 0.0000000000
19932  7.437  -69.797  -16.879 0.0000000000
17733  11.774  -71.775  -14.294 0.0000000000
1986  19.069  -89.380  -19.378 0.0000000000
146846  17.032  -89.638  -21.610 0.0000000000
1567  17.196  -90.177  -25.016 0.0000000000
47037  17.007  -45.255  -6.976 0.0000000000
47023  11.268  -45.388  -6.839 0.0000000000
133616  11.548  -45.985  -8.212 0.0000000000
4829  10.965  -84.094  -8.364 0.0000000000
133734  9.962  -85.939  -4.916 0.0000000000
2987  7.043  -87.588  -3.513 0.0000000000
1813  6.192  -90.385  -1.171 0.0000000000
7584  0.027  -79.808  6.624 0.0000000000
10564  2.854  -77.245  5.932 0.0000000000
8601  0.524  -79.936  3.037 0.0000000000
141785  -0.812  -82.792  1.216 0.0000000000
7685  -1.567  -80.685  -2.769 0.0000000000
29095  12.443  -60.946  3.967 0.0000000000
32554  6.861  -58.260  3.159 0.0000000000
32593  11.270  -57.300  1.500 0.0000000000
31459  11.414  -59.302  -1.751 0.0000000000
145353  21.705  -59.524  -3.675 0.0000000000
6364  2.672  -82.664  -23.965 0.0000000000
6319  2.689  -82.603  -19.014 0.0000000000
6300  6.594  -82.729  -18.490 0.0000000000
7934  9.785  -79.855  -19.789 0.0000000000
8959  7.490  -80.263  -22.725 0.0000000000
9969  9.420  -77.895  -26.165 0.0000000000
21971  3.439  -67.661  -1.322 0.0000000000
147739  2.896  -71.670  -3.448 0.0000000000
19783  5.496  -69.927  -4.389 0.0000000000
20894  6.655  -68.717  -7.402 0.0000000000
142860  9.700  -66.912  -9.450 0.0000000000
38295  22.584  -53.787  -4.964 0.0000000000
41453  21.418  -50.183  -3.737 0.0000000000
44872  20.111  -48.227  -5.061 0.0000000000
153159  20.124  -81.499  -31.514 0.0000000000
9094  16.576  -79.261  -32.439 0.0000000000
15665  2.958  -73.222  -27.144 0.0000000000
18977  5.460  -71.043  -24.565 0.0000000000
24400  -0.554  -65.854  -0.829 0.0000000000
26838  4.038  -63.815  -1.615 0.0000000000
26881  3.506  -63.088  -4.130 0.0000000000
29262  1.929  -61.658  -6.256 0.0000000000
131934  9.123  -55.525  -0.649 0.0000000000
38263  8.653  -53.814  -2.402 0.0000000000
37153  4.356  -53.639  -1.655 0.0000000000
34994  3.333  -57.056  -5.309 0.0000000000
147492  4.571  -59.473  -6.545 0.0000000000
149663  8.577  -61.866  -6.709 0.0000000000
222  15.749  -92.053  -14.444 0.0000000000
249  13.642  -93.087  -17.178 0.0000000000
427  12.712  -93.324  -13.964 0.0000000000
419  9.321  -93.747  -12.801 0.0000000000
4242  6.912  -85.803  -12.044 0.0000000000
1949  5.210  -89.541  -13.771 0.0000000000
955  5.860  -91.805  1.697 0.0000000000
149188  0.999  -85.742  7.750 0.0000000000
574  4.176  -92.238  4.997 0.0000000000
132819  5.120  -94.839  -0.365 0.0000000000
18595  3.523  -69.953  5.891 0.0000000000
18599  -0.215  -69.977  6.028 0.0000000000
138771  -0.291  -70.383  2.026 0.0000000000
34967  22.822  -56.009  -3.245 0.0000000000
147279  22.961  -52.792  -1.781 0.0000000000
34946  24.925  -56.634  -0.554 0.0000000000
32611  26.473  -57.908  0.033 0.0000000000
42582  26.889  -48.053  -2.818 0.0000000000
1833  12.548  -89.825  -3.331 0.0000000000
679  13.726  -92.174  -8.249 0.0000000000
202  15.528  -93.423  -11.351 0.0000000000
135448  19.021  -90.789  -13.217 0.0000000000
143874  13.722  -93.034  -21.286 0.0000000000
149528  13.970  -91.168  -24.099 0.0000000000
4406  15.321  -84.831  -33.029 0.0000000000
7225  13.930  -81.349  -34.302 0.0000000000
10037  12.616  -78.227  -33.409 0.0000000000
9059  9.814  -79.259  -30.776 0.0000000000
10013  14.034  -77.567  -30.820 0.0000000000
17660  3.147  -71.537  -7.754 0.0000000000
20942  1.244  -67.364  -11.842 0.0000000000
23426  6.266  -64.674  -19.763 0.0000000000
21102  8.185  -67.135  -21.574 0.0000000000
17817  7.513  -70.948  -19.817 0.0000000000
26963  6.327  -63.907  -12.194 0.0000000000
23316  10.122  -66.006  -13.024 0.0000000000
24575  11.028  -66.039  -16.806 0.0000000000
20967  14.034  -68.885  -14.662 0.0000000000
134730  13.208  -73.393  -17.896 0.0000000000
14422  9.817  -74.431  -21.809 0.0000000000
15651  7.555  -74.000  -24.790 0.0000000000
14501  6.782  -73.915  -29.358 0.0000000000
14509  12.071  -74.513  -30.187 0.0000000000
1516  16.921  -89.861  -17.077 0.0000000000
129921  17.510  -91.555  -17.795 0.0000000000
745  15.856  -91.692  -17.729 0.0000000000
13957  7.757  -74.176  7.276 0.0000000000
12864  8.479  -76.114  4.863 0.0000000000
13977  6.609  -74.759  5.926 0.0000000000
12868  4.445  -75.473  4.468 0.0000000000
13979  4.615  -74.501  5.798 0.0000000000
34918  17.559  -56.489  3.538 0.0000000000
33761  19.129  -57.367  2.111 0.0000000000
15606  3.688  -73.771  -23.100 0.0000000000
142963  3.681  -76.021  -22.168 0.0000000000
13251  6.072  -75.002  -20.420 0.0000000000
10976  6.905  -77.312  -22.379 0.0000000000
147728  7.239  -75.837  -22.651 0.0000000000
24463  3.235  -65.029  -6.256 0.0000000000
24465  0.086  -65.386  -6.483 0.0000000000
25681  3.193  -64.448  -7.606 0.0000000000
44866  24.962  -47.226  -4.863 0.0000000000
2586  19.231  -88.196  -26.587 0.0000000000
2585  20.628  -88.031  -26.129 0.0000000000
3186  19.743  -87.116  -27.817 0.0000000000
3757  19.580  -86.259  -28.788 0.0000000000
3206  18.053  -87.052  -29.601 0.0000000000
32623  2.546  -58.030  1.211 0.0000000000
32647  1.550  -57.609  0.567 0.0000000000
34939  2.810  -55.948  0.665 0.0000000000
42599  18.401  -49.269  -4.720 0.0000000000
141947  17.387  -51.274  -6.120 0.0000000000
137872  16.928  -49.687  -6.131 0.0000000000
150819  10.137  -49.106  -7.922 0.0000000000
2441  10.862  -87.922  -9.398 0.0000000000
3609  13.575  -87.134  -10.675 0.0000000000
3598  11.634  -85.472  -9.697 0.0000000000
644  5.522  -92.322  -5.044 0.0000000000
672  5.750  -92.416  -7.506 0.0000000000
174  6.053  -94.088  -6.625 0.0000000000
194  4.588  -94.048  -8.022 0.0000000000
69  5.332  -95.065  -5.394 0.0000000000
2313  0.684  -87.920  4.316 0.0000000000
1318  0.229  -90.071  5.034 0.0000000000
940  -1.170  -91.331  3.880 0.0000000000
27881  8.315  -62.763  6.377 0.0000000000
26692  6.628  -63.116  7.139 0.0000000000
133859  6.038  -62.007  5.117 0.0000000000
30188  2.705  -59.978  4.995 0.0000000000
30186  4.633  -59.725  4.731 0.0000000000
41388  24.331  -51.107  -0.626 0.0000000000
1872  10.342  -89.565  -6.308 0.0000000000
1026  8.856  -91.654  -6.715 0.0000000000
1423  9.929  -89.835  -8.150 0.0000000000
1899  10.458  -89.693  -9.687 0.0000000000
5635  7.448  -83.983  -21.212 0.0000000000
5000  5.856  -84.516  -22.976 0.0000000000
5653  7.558  -83.938  -23.174 0.0000000000
5672  8.709  -83.213  -25.892 0.0000000000
6362  9.553  -82.608  -24.112 0.0000000000
7152  11.203  -81.205  -24.626 0.0000000000
7126  10.590  -81.411  -22.254 0.0000000000
17628  -1.076  -72.084  -2.773 0.0000000000
19829  12.140  -69.601  -9.026 0.0000000000
18778  9.638  -70.339  -10.024 0.0000000000
18790  11.340  -69.840  -11.313 0.0000000000
18815  10.580  -70.674  -12.949 0.0000000000
18801  13.282  -70.461  -12.386 0.0000000000
3124  20.434  -87.826  -17.805 0.0000000000
2536  21.224  -89.518  -18.428 0.0000000000
769  17.553  -91.503  -21.025 0.0000000000
1142  17.489  -90.062  -19.928 0.0000000000
145211  16.808  -90.236  -22.193 0.0000000000
1160  17.852  -90.349  -23.694 0.0000000000
145689  16.726  -90.991  -23.826 0.0000000000
47019  15.523  -45.513  -6.517 0.0000000000
48179  14.917  -43.973  -7.318 0.0000000000
49221  12.106  -43.089  -6.680 0.0000000000
47049  11.317  -45.297  -7.564 0.0000000000
2956  7.622  -87.301  -0.818 0.0000000000
133032  6.106  -88.896  -2.749 0.0000000000
2347  7.291  -88.293  0.420 0.0000000000
10533  5.414  -77.717  7.173 0.0000000000
137975  5.042  -78.491  1.915 0.0000000000
9558  3.645  -78.624  3.630 0.0000000000
8612  2.124  -79.815  1.667 0.0000000000
139120  0.265  -81.705  1.613 0.0000000000
7641  0.328  -81.205  0.698 0.0000000000
6078  -1.321  -82.496  -0.643 0.0000000000
7661  0.410  -80.561  -1.140 0.0000000000
11784  0.140  -77.056  1.795 0.0000000000
10651  -0.303  -77.990  -0.144 0.0000000000
30223  14.133  -60.491  3.630 0.0000000000
31402  11.715  -58.872  3.069 0.0000000000
32549  13.167  -58.399  2.856 0.0000000000
32639  14.963  -57.900  -0.398 0.0000000000
33807  13.261  -57.485  -0.321 0.0000000000
32665  13.446  -58.825  -2.010 0.0000000000
130140  20.053  -59.691  -0.447 0.0000000000
30295  19.480  -59.074  -3.182 0.0000000000
128651  20.086  -59.015  -2.898 0.0000000000
29184  21.312  -60.991  -2.786 0.0000000000
127574  20.576  -58.491  -2.589 0.0000000000
7168  2.118  -80.821  -25.209 0.0000000000
9880  2.940  -78.750  -19.357 0.0000000000
148902  2.616  -80.747  -21.032 0.0000000000
7907  2.947  -80.777  -18.494 0.0000000000
6302  4.606  -82.654  -18.223 0.0000000000
7916  5.336  -80.875  -19.287 0.0000000000
7104  7.117  -81.028  -19.970 0.0000000000
7986  5.898  -80.553  -22.158 0.0000000000
9025  5.299  -80.263  -27.850 0.0000000000
9010  6.895  -80.084  -26.464 0.0000000000
149012  10.430  -77.478  -28.383 0.0000000000
129811  5.457  -66.064  -1.896 0.0000000000
20816  5.370  -68.449  -2.135 0.0000000000
20851  4.499  -68.130  -3.527 0.0000000000
22052  1.959  -67.288  -8.006 0.0000000000
20897  4.378  -68.424  -7.176 0.0000000000
22050  5.231  -67.215  -8.409 0.0000000000
22048  7.375  -67.737  -8.352 0.0000000000
23271  6.559  -66.562  -9.449 0.0000000000
39346  24.050  -52.977  -4.852 0.0000000000
42608  23.005  -48.954  -6.003 0.0000000000
42594  22.344  -50.083  -5.046 0.0000000000
42609  22.124  -49.413  -5.627 0.0000000000
43724  20.458  -48.938  -4.306 0.0000000000
44884  20.899  -47.961  -6.192 0.0000000000
4356  24.044  -85.070  -28.478 0.0000000000
5043  18.428  -82.379  -29.503 0.0000000000
5713  19.270  -81.795  -29.807 0.0000000000
6417  16.941  -81.186  -30.360 0.0000000000
8136  17.742  -79.691  -32.190 0.0000000000
7223  16.061  -80.421  -31.582 0.0000000000
18978  3.250  -69.960  -25.182 0.0000000000
16798  1.734  -72.063  -25.829 0.0000000000
19008  3.103  -70.227  -27.381 0.0000000000
16815  4.552  -72.027  -27.115 0.0000000000
18992  6.270  -69.988  -26.612 0.0000000000
130731  0.951  -61.911  0.776 0.0000000000
26804  0.909  -63.697  0.853 0.0000000000
140227  0.675  -65.949  0.726 0.0000000000
25589  -0.609  -63.950  -0.445 0.0000000000
25603  1.123  -64.227  -1.507 0.0000000000
26840  1.272  -62.800  -1.363 0.0000000000
141619  5.323  -59.474  -3.536 0.0000000000
29193  5.362  -61.544  -3.091 0.0000000000
29216  2.829  -61.349  -4.306 0.0000000000
28041  0.037  -61.743  -4.666 0.0000000000
30365  0.371  -60.836  -5.107 0.0000000000
43737  12.562  -48.724  -6.442 0.0000000000
41471  12.988  -50.202  -6.255 0.0000000000
39336  6.822  -51.977  -4.783 0.0000000000
39334  7.371  -52.112  -4.435 0.0000000000
138125  7.096  -53.115  -3.589 0.0000000000
38255  7.256  -53.997  -1.813 0.0000000000
37182  5.466  -54.135  -2.704 0.0000000000
36066  3.744  -55.036  -2.982 0.0000000000
36082  5.222  -55.438  -4.675 0.0000000000
33903  8.662  -57.521  -6.746 0.0000000000
136679  5.651  -57.683  -6.615 0.0000000000
31580  7.555  -59.578  -6.568 0.0000000000
139547  7.065  -61.091  -6.604 0.0000000000
713  16.040  -91.058  -12.936 0.0000000000
132429  14.885  -92.682  -14.249 0.0000000000
1088  14.382  -91.408  -14.161 0.0000000000
135718  10.415  -89.951  -12.695 0.0000000000
1092  10.634  -91.724  -13.052 0.0000000000
1081  9.388  -91.449  -12.639 0.0000000000
220  8.179  -94.046  -13.000 0.0000000000
139754  6.882  -91.693  -12.468 0.0000000000
4204  9.032  -85.955  -8.391 0.0000000000
4856  8.878  -84.810  -10.691 0.0000000000
3600  8.211  -86.565  -9.916 0.0000000000
1460  4.444  -90.503  -11.585 0.0000000000
2463  4.465  -88.482  -12.055 0.0000000000
140287  6.786  -89.258  3.557 0.0000000000
1774  5.763  -89.989  4.566 0.0000000000
6007  -0.821  -82.308  7.010 0.0000000000
5310  0.133  -82.463  7.156 0.0000000000
131577  -0.889  -85.411  7.557 0.0000000000
103  1.303  -93.503  5.864 0.0000000000
568  2.401  -92.081  6.609 0.0000000000
106  3.210  -93.671  4.158 0.0000000000
111  4.484  -93.495  3.029 0.0000000000
14  3.519  -95.035  1.471 0.0000000000
133665  3.197  -95.031  -1.960 0.0000000000
22  1.734  -95.267  0.607 0.0000000000
25438  4.224  -64.798  8.458 0.0000000000
23010  5.189  -66.323  8.606 0.0000000000
23013  2.990  -65.985  8.282 0.0000000000
20717  2.614  -67.892  8.502 0.0000000000
138817  1.998  -67.577  6.196 0.0000000000
19660  0.464  -69.939  6.141 0.0000000000
141052  0.252  -67.559  6.053 0.0000000000
25543  -0.004  -64.492  3.096 0.0000000000
21907  -0.494  -67.647  2.235 0.0000000000
30244  7.339  -59.491  1.488 0.0000000000
30234  5.301  -59.764  2.734 0.0000000000
36029  21.928  -54.907  -1.894 0.0000000000
37139  22.589  -54.161  -2.015 0.0000000000
39302  23.606  -52.289  -1.353 0.0000000000
40296  23.159  -51.813  -0.980 0.0000000000
37137  24.522  -53.535  -1.514 0.0000000000
36039  24.545  -54.915  -2.083 0.0000000000
36026  25.550  -54.979  -0.513 0.0000000000
33782  25.623  -57.767  0.392 0.0000000000
36018  26.293  -55.524  0.296 0.0000000000
38228  28.859  -52.980  -0.994 0.0000000000
127582  28.091  -55.606  -0.699 0.0000000000
34964  27.857  -55.926  -1.983 0.0000000000
41414  27.694  -48.633  -1.639 0.0000000000
44825  25.433  -47.710  0.123 0.0000000000
44855  25.739  -47.482  -1.881 0.0000000000
331  12.249  -93.080  -0.029 0.0000000000
134508  10.083  -93.879  -5.315 0.0000000000
151883  11.451  -92.709  -2.921 0.0000000000
130756  11.343  -91.706  -4.396 0.0000000000
653  12.255  -92.202  -6.080 0.0000000000
1060  13.092  -91.594  -10.990 0.0000000000
410  12.923  -93.528  -11.244 0.0000000000
708  14.499  -92.311  -11.788 0.0000000000
212  16.000  -91.685  -12.762 0.0000000000
152709  17.631  -88.630  -11.287 0.0000000000
2472  17.679  -88.358  -12.865 0.0000000000
1457  18.348  -90.406  -11.432 0.0000000000
251  12.483  -93.923  -17.396 0.0000000000
257  13.628  -92.883  -18.836 0.0000000000
271  12.359  -93.085  -19.713 0.0000000000
1569  14.033  -90.448  -25.340 0.0000000000
131713  13.570  -79.875  -34.207 0.0000000000
10049  11.014  -78.888  -33.880 0.0000000000
2567  2.910  -88.120  -21.661 0.0000000000
7185  10.450  -81.431  -28.725 0.0000000000
8099  9.164  -80.748  -29.849 0.0000000000
8107  11.344  -80.230  -30.380 0.0000000000
10015  12.382  -78.600  -30.861 0.0000000000
8095  13.144  -80.083  -30.009 0.0000000000
10003  15.400  -78.171  -29.658 0.0000000000
133029  14.821  -80.489  -28.435 0.0000000000
147294  10.481  -77.977  -20.608 0.0000000000
15311  5.011  -73.303  -4.800 0.0000000000
148292  3.217  -72.727  -5.753 0.0000000000
16563  4.624  -72.647  -7.158 0.0000000000
20938  5.369  -68.145  -12.363 0.0000000000
19861  3.429  -69.319  -11.681 0.0000000000
22110  3.371  -66.953  -13.439 0.0000000000
23336  1.959  -65.562  -13.619 0.0000000000
23367  4.436  -65.627  -15.355 0.0000000000
25814  4.326  -63.913  -18.620 0.0000000000
22167  4.843  -67.133  -17.321 0.0000000000
18867  9.476  -69.901  -17.180 0.0000000000
22179  8.327  -67.256  -19.081 0.0000000000
19969  10.119  -68.672  -19.339 0.0000000000
19989  7.366  -69.347  -20.727 0.0000000000
18898  9.660  -70.094  -20.450 0.0000000000
26990  5.314  -63.021  -13.849 0.0000000000
26988  6.716  -63.670  -13.942 0.0000000000
25739  8.433  -64.402  -12.412 0.0000000000
24541  8.117  -65.621  -14.760 0.0000000000
150776  12.611  -66.820  -17.218 0.0000000000
22134  12.182  -67.878  -15.740 0.0000000000
21007  13.832  -69.334  -17.071 0.0000000000
154682  14.830  -71.202  -16.275 0.0000000000
18871  14.702  -70.589  -18.449 0.0000000000
16775  13.038  -72.979  -23.819 0.0000000000
14419  12.062  -74.156  -21.673 0.0000000000
14443  11.259  -74.981  -23.570 0.0000000000
14445  9.243  -74.649  -23.848 0.0000000000
13301  9.378  -75.504  -25.773 0.0000000000
13318  6.656  -74.730  -27.263 0.0000000000
1498  21.117  -90.323  -15.776 0.0000000000
1524  21.590  -90.337  -18.023 0.0000000000
1126  20.115  -91.467  -17.479 0.0000000000
759  18.374  -92.340  -19.711 0.0000000000
766  16.669  -92.187  -21.153 0.0000000000
138484  7.518  -77.945  5.756 0.0000000000
10560  8.720  -77.241  5.272 0.0000000000
10581  7.544  -77.262  3.260 0.0000000000
10627  5.340  -77.480  0.975 0.0000000000
10648  3.324  -77.919  -0.426 0.0000000000
11762  4.668  -76.575  1.976 0.0000000000
11744  3.214  -76.343  3.204 0.0000000000
132189  0.782  -75.466  3.802 0.0000000000
128518  17.248  -57.146  4.930 0.0000000000
33744  15.211  -57.246  3.165 0.0000000000
33743  15.970  -56.881  3.407 0.0000000000
33764  15.690  -57.886  1.192 0.0000000000
32616  16.181  -58.419  0.276 0.0000000000
31473  17.586  -58.743  -2.226 0.0000000000
31415  18.118  -59.219  0.980 0.0000000000
32589  19.591  -58.540  1.286 0.0000000000
33784  20.848  -57.143  1.501 0.0000000000
132645  3.613  -76.502  -26.098 0.0000000000
8983  3.393  -79.309  -24.938 0.0000000000
10997  3.293  -77.408  -24.194 0.0000000000
10955  2.995  -77.190  -20.955 0.0000000000
10920  5.156  -78.090  -19.532 0.0000000000
137289  5.568  -79.773  -21.862 0.0000000000
144868  6.210  -78.396  -22.536 0.0000000000
153954  5.877  -78.532  -25.299 0.0000000000
142459  4.764  -78.566  -28.586 0.0000000000
25631  1.698  -65.159  -3.613 0.0000000000
22007  2.049  -67.719  -4.394 0.0000000000
23244  -0.207  -66.841  -5.619 0.0000000000
23263  -0.441  -65.964  -7.910 0.0000000000
24483  0.818  -65.170  -9.635 0.0000000000
154727  26.030  -49.971  -5.195 0.0000000000
40373  24.778  -51.211  -5.430 0.0000000000
43716  25.173  -48.009  -5.097 0.0000000000
44869  24.447  -47.708  -5.433 0.0000000000
1553  20.934  -89.620  -23.093 0.0000000000
2009  21.801  -88.586  -22.172 0.0000000000
2575  21.499  -88.468  -24.412 0.0000000000
3177  22.151  -87.377  -26.070 0.0000000000
3745  22.038  -86.610  -27.258 0.0000000000
4363  22.132  -85.476  -29.012 0.0000000000
134939  20.574  -85.485  -27.924 0.0000000000
4379  18.784  -83.722  -29.180 0.0000000000
5044  18.973  -83.761  -31.815 0.0000000000
30260  -0.021  -60.256  0.973 0.0000000000
29177  0.726  -61.274  -1.136 0.0000000000
31482  0.935  -59.379  -0.638 0.0000000000
31480  3.227  -58.797  -1.590 0.0000000000
32692  5.084  -57.826  -3.268 0.0000000000
39351  19.316  -52.327  -5.601 0.0000000000
140260  15.578  -53.109  -5.741 0.0000000000
40391  7.471  -51.149  -5.845 0.0000000000
38324  6.710  -52.804  -6.280 0.0000000000
1907  15.084  -89.123  -10.338 0.0000000000
1927  14.368  -89.150  -12.910 0.0000000000
2461  14.220  -88.056  -11.437 0.0000000000
150805  11.696  -87.825  -12.385 0.0000000000
139461  9.954  -88.013  -12.474 0.0000000000
2419  6.394  -88.897  -7.030 0.0000000000
2443  7.874  -88.798  -9.313 0.0000000000
1435  6.547  -91.011  -8.991 0.0000000000
1063  5.714  -91.636  -10.556 0.0000000000
142005  3.461  -91.574  -11.725 0.0000000000
4682  -0.119  -85.249  5.319 0.0000000000
3424  -0.650  -86.893  7.053 0.0000000000
128643  1.450  -88.453  5.579 0.0000000000
918  0.551  -92.360  6.328 0.0000000000
112  -0.008  -94.919  4.131 0.0000000000
131149  0.767  -95.190  1.017 0.0000000000
26671  5.135  -63.566  7.710 0.0000000000
26696  2.101  -63.210  7.035 0.0000000000
24270  0.529  -65.333  6.011 0.0000000000
27871  1.104  -62.219  5.799 0.0000000000
27899  0.378  -61.747  4.160 0.0000000000
27917  1.252  -62.169  3.207 0.0000000000
39301  24.956  -52.333  -0.513 0.0000000000
37130  26.831  -54.280  0.318 0.0000000000
133292  25.949  -51.728  0.398 0.0000000000
40294  27.338  -52.348  0.113 0.0000000000
40320  28.149  -51.509  -0.792 0.0000000000
40331  28.694  -51.288  -1.982 0.0000000000
146142  25.900  -49.640  0.466 0.0000000000
42528  25.098  -49.341  0.537 0.0000000000
44807  23.186  -48.010  1.123 0.0000000000
343  8.536  -93.596  -2.242 0.0000000000
45  10.285  -94.281  -2.237 0.0000000000
130516  8.043  -93.381  -4.915 0.0000000000
133350  8.519  -93.896  -6.356 0.0000000000
192  9.068  -94.319  -8.283 0.0000000000
132573  10.069  -94.217  -8.849 0.0000000000
1055  9.615  -91.872  -10.001 0.0000000000
1451  11.558  -90.983  -10.302 0.0000000000
262  9.476  -94.006  -18.390 0.0000000000
3720  4.497  -87.150  -20.462 0.0000000000
3734  4.420  -87.339  -22.336 0.0000000000
4332  5.348  -86.676  -22.407 0.0000000000
153825  4.050  -84.082  -25.109 0.0000000000
5684  3.935  -83.484  -26.395 0.0000000000
6400  5.008  -82.413  -28.580 0.0000000000
5688  7.262  -83.302  -27.217 0.0000000000
6382  9.350  -82.407  -27.013 0.0000000000
7178  11.384  -81.381  -27.687 0.0000000000
8077  13.614  -81.114  -27.189 0.0000000000
7164  12.272  -81.228  -25.589 0.0000000000
133985  13.735  -81.130  -24.674 0.0000000000
16567  -0.105  -72.524  -7.321 0.0000000000
17658  9.055  -71.757  -7.186 0.0000000000
17672  6.009  -71.712  -8.420 0.0000000000
17685  7.913  -71.146  -9.142 0.0000000000
148260  7.728  -69.402  -11.008 0.0000000000
19887  6.842  -68.730  -12.958 0.0000000000
19934  5.648  -69.155  -16.410 0.0000000000
18825  7.733  -70.366  -14.711 0.0000000000
152538  9.615  -71.393  -15.536 0.0000000000
17779  10.798  -72.116  -16.869 0.0000000000
3663  19.663  -86.438  -15.794 0.0000000000
3696  18.843  -86.639  -18.600 0.0000000000
133474  15.807  -88.128  -19.699 0.0000000000
134980  15.654  -89.341  -21.660 0.0000000000
1534  20.104  -90.421  -19.382 0.0000000000
131076  18.280  -89.691  -20.570 0.0000000000
145320  19.288  -89.077  -22.298 0.0000000000
1555  19.161  -90.102  -23.545 0.0000000000
2029  18.753  -89.297  -25.380 0.0000000000
2036  17.683  -88.932  -26.465 0.0000000000
45907  17.545  -46.870  -5.443 0.0000000000
44877  16.255  -47.979  -5.970 0.0000000000
44887  16.250  -46.909  -5.859 0.0000000000
132782  12.973  -47.144  -6.596 0.0000000000
48155  13.343  -44.159  -6.910 0.0000000000
48140  12.075  -44.899  -6.411 0.0000000000
44878  11.442  -46.892  -6.439 0.0000000000
45923  10.977  -46.485  -6.877 0.0000000000
44920  10.886  -47.383  -7.784 0.0000000000
43783  11.654  -48.504  -9.062 0.0000000000
3014  12.340  -87.784  -6.022 0.0000000000
4201  12.278  -85.039  -7.983 0.0000000000
4184  12.315  -85.485  -6.233 0.0000000000
4187  9.941  -85.534  -6.615 0.0000000000
3569  9.015  -86.617  -6.848 0.0000000000
134108  8.136  -86.613  -4.051 0.0000000000
3002  7.549  -87.685  -5.439 0.0000000000
1859  5.946  -89.062  -4.744 0.0000000000
1402  5.532  -90.512  -4.363 0.0000000000
142368  5.294  -92.002  -2.503 0.0000000000
150433  0.634  -77.693  6.922 0.0000000000
9548  -0.040  -79.117  5.189 0.0000000000
9528  4.503  -77.674  5.319 0.0000000000
8579  1.472  -78.955  3.962 0.0000000000
140724  -0.698  -81.327  4.441 0.0000000000
6025  0.349  -82.487  3.523 0.0000000000
4716  0.964  -84.070  3.086 0.0000000000
4088  -1.285  -85.718  1.893 0.0000000000
2932  -1.319  -87.378  1.629 0.0000000000
146263  -2.067  -84.919  0.256 0.0000000000
8661  0.891  -79.347  -1.762 0.0000000000
29076  10.194  -61.618  4.668 0.0000000000
31351  6.929  -58.820  4.213 0.0000000000
31378  9.478  -58.954  3.452 0.0000000000
32573  9.515  -57.824  2.212 0.0000000000
146655  9.001  -58.399  0.532 0.0000000000
33767  13.011  -56.797  1.255 0.0000000000
32619  11.316  -57.852  -0.440 0.0000000000
135287  9.729  -59.617  -0.123 0.0000000000
30316  17.873  -59.497  -3.049 0.0000000000
1857  10.096  -89.406  -4.503 0.0000000000
4996  2.064  -84.928  -22.731 0.0000000000
7143  3.157  -81.264  -23.636 0.0000000000
6343  3.089  -82.591  -21.789 0.0000000000
4978  3.288  -84.811  -20.373 0.0000000000
4948  3.668  -84.668  -18.913 0.0000000000
5616  5.524  -83.846  -18.878 0.0000000000
5613  8.223  -82.841  -19.488 0.0000000000
7102  9.973  -81.400  -20.070 0.0000000000
7915  8.551  -81.098  -19.491 0.0000000000
8949  8.667  -79.564  -20.745 0.0000000000
9923  9.396  -78.385  -22.705 0.0000000000
8028  5.994  -81.000  -24.562 0.0000000000
8993  7.785  -79.671  -24.963 0.0000000000
11015  9.782  -77.879  -24.410 0.0000000000
11033  12.306  -77.789  -25.614 0.0000000000
20820  0.933  -68.353  -2.158 0.0000000000
18704  0.781  -70.322  -2.743 0.0000000000
19746  3.326  -69.369  -1.562 0.0000000000
146518  4.857  -70.871  -2.697 0.0000000000
18724  6.519  -71.397  -4.568 0.0000000000
151554  3.248  -69.000  -5.185 0.0000000000
130749  4.944  -70.101  -6.246 0.0000000000
18738  7.764  -70.766  -6.113 0.0000000000
142153  9.381  -69.643  -7.149 0.0000000000
20902  10.825  -68.602  -8.079 0.0000000000
22056  12.285  -67.357  -9.434 0.0000000000
38297  20.944  -53.665  -5.516 0.0000000000
40374  23.211  -51.489  -4.867 0.0000000000
39348  22.268  -52.224  -4.552 0.0000000000
142076  20.678  -52.199  -4.871 0.0000000000
41454  20.578  -50.040  -3.882 0.0000000000
42597  20.056  -49.249  -4.064 0.0000000000
43726  18.829  -48.088  -4.406 0.0000000000
45931  20.786  -46.039  -6.888 0.0000000000
5027  22.376  -84.504  -30.270 0.0000000000
146340  18.055  -78.891  -33.656 0.0000000000
133402  17.037  -78.215  -33.334 0.0000000000
12826  6.793  -75.124  8.488 0.0000000000
13294  0.830  -75.058  -25.192 0.0000000000
12184  1.975  -75.866  -26.838 0.0000000000
14471  3.479  -74.453  -26.514 0.0000000000
16797  4.237  -72.849  -25.212 0.0000000000
16759  4.017  -72.300  -22.295 0.0000000000
153402  7.763  -63.842  -8.021 0.0000000000
25678  5.986  -63.736  -8.222 0.0000000000
19736  0.184  -69.580  -0.208 0.0000000000
20796  -0.048  -68.022  0.273 0.0000000000
20809  -0.916  -67.937  -0.643 0.0000000000
142409  0.635  -65.969  -1.683 0.0000000000
24396  4.035  -65.571  -1.312 0.0000000000
25599  5.345  -64.399  -2.449 0.0000000000
27999  2.874  -62.005  -1.642 0.0000000000
28027  5.417  -62.803  -3.495 0.0000000000
146505  4.415  -64.377  -3.976 0.0000000000
26883  0.446  -63.309  -4.117 0.0000000000
26901  1.275  -63.757  -5.629 0.0000000000
26900  3.320  -63.932  -5.881 0.0000000000
34959  6.130  -56.316  0.114 0.0000000000
41459  14.476  -50.820  -6.451 0.0000000000
150500  13.516  -51.983  -6.032 0.0000000000
138351  11.019  -53.503  -5.336 0.0000000000
38277  9.307  -53.817  -4.383 0.0000000000
37195  10.516  -54.320  -2.980 0.0000000000
37165  9.627  -54.671  -0.611 0.0000000000
37151  6.814  -54.712  -0.226 0.0000000000
36019  4.358  -55.545  0.766 0.0000000000
34973  3.378  -55.064  -1.544 0.0000000000
34972  3.569  -56.099  -3.100 0.0000000000
33862  2.690  -57.997  -4.853 0.0000000000
31584  2.390  -59.071  -5.665 0.0000000000
140361  3.462  -60.804  -6.648 0.0000000000
138501  6.047  -62.639  -6.235 0.0000000000
26912  7.247  -63.553  -6.607 0.0000000000
28079  9.818  -62.847  -7.795 0.0000000000
435  16.470  -92.215  -15.042 0.0000000000
443  14.522  -91.919  -17.428 0.0000000000
134615  14.633  -93.374  -15.597 0.0000000000
239  13.029  -93.762  -15.586 0.0000000000
89  11.474  -94.334  -15.169 0.0000000000
1090  12.222  -91.164  -13.373 0.0000000000
216  11.293  -93.959  -13.611 0.0000000000
90  10.232  -94.555  -15.253 0.0000000000
92  9.164  -94.281  -15.153 0.0000000000
4865  10.899  -84.779  -10.563 0.0000000000
4239  9.270  -85.707  -11.947 0.0000000000
3086  8.509  -87.831  -12.611 0.0000000000
3059  6.085  -87.724  -11.045 0.0000000000
3094  6.038  -87.295  -13.218 0.0000000000
1933  7.187  -89.751  -12.858 0.0000000000
2322  7.109  -88.823  2.020 0.0000000000
1358  6.190  -90.829  0.508 0.0000000000
150229  5.850  -93.270  -0.415 0.0000000000
129853  4.014  -86.833  6.936 0.0000000000
2854  0.890  -88.162  8.016 0.0000000000
1756  2.705  -89.446  7.284 0.0000000000
1307  4.712  -90.248  5.568 0.0000000000
580  5.061  -92.078  4.004 0.0000000000
143613  5.490  -93.904  1.328 0.0000000000
37  6.064  -94.853  -1.578 0.0000000000
138188  4.386  -95.205  -2.819 0.0000000000
73  2.171  -94.622  -4.772 0.0000000000
16339  3.964  -72.057  7.964 0.0000000000
17521  4.804  -71.326  6.835 0.0000000000
130767  2.738  -71.916  5.794 0.0000000000
16381  0.952  -72.716  5.568 0.0000000000
15168  0.261  -73.160  4.859 0.0000000000
21858  -0.337  -67.763  4.623 0.0000000000
139298  -0.669  -69.923  3.702 0.0000000000
136078  0.160  -72.766  2.654 0.0000000000
15222  0.620  -73.475  1.761 0.0000000000
31383  4.610  -58.635  3.952 0.0000000000
29097  3.889  -61.265  2.940 0.0000000000
127567  22.454  -56.746  -0.683 0.0000000000
149873  21.104  -56.504  -2.560 0.0000000000
127577  22.085  -57.405  -3.627 0.0000000000
127572  24.001  -58.437  -2.694 0.0000000000
136761  23.476  -51.852  0.240 0.0000000000
153752  23.570  -52.754  0.276 0.0000000000
37162  22.698  -54.458  -2.356 0.0000000000
33821  24.719  -56.925  -1.788 0.0000000000
145483  27.688  -55.610  0.219 0.0000000000
152064  27.337  -52.067  -5.543 0.0000000000
40341  28.743  -51.620  -3.493 0.0000000000
40343  27.291  -49.856  -3.954 0.0000000000
149674  26.582  -49.955  -4.769 0.0000000000
43711  25.939  -47.835  -3.608 0.0000000000
2939  13.837  -87.661  0.704 0.0000000000
610  12.081  -92.976  -1.461 0.0000000000
154527  12.716  -90.088  -1.530 0.0000000000
1036  16.133  -90.643  -7.875 0.0000000000
676  16.588  -91.820  -9.068 0.0000000000
198  12.074  -94.112  -9.658 0.0000000000
389  15.179  -93.447  -9.812 0.0000000000
696  17.323  -92.224  -10.498 0.0000000000
407  17.985  -92.615  -12.009 0.0000000000
424  17.041  -90.910  -13.893 0.0000000000
1103  18.108  -91.585  -14.879 0.0000000000
1954  22.250  -89.653  -14.675 0.0000000000
1941  21.251  -89.642  -14.262 0.0000000000
2507  18.320  -88.584  -15.116 0.0000000000
1957  17.472  -89.062  -14.647 0.0000000000
448  14.557  -92.951  -18.851 0.0000000000
460  15.658  -93.079  -20.543 0.0000000000
477  14.888  -92.236  -22.124 0.0000000000
797  14.562  -90.424  -23.594 0.0000000000
136448  15.325  -90.725  -24.382 0.0000000000
2038  16.091  -89.298  -26.299 0.0000000000
2595  16.752  -88.279  -27.549 0.0000000000
2612  16.802  -87.174  -28.452 0.0000000000
3769  16.894  -86.855  -30.442 0.0000000000
4395  17.633  -84.914  -32.251 0.0000000000
5722  16.811  -83.263  -33.318 0.0000000000
6426  16.433  -81.927  -34.102 0.0000000000
127524  15.131  -80.117  -32.649 0.0000000000
9084  14.312  -78.777  -33.573 0.0000000000
11141  14.741  -77.523  -33.062 0.0000000000
143455  6.725  -81.425  -29.642 0.0000000000
8120  7.601  -80.022  -31.686 0.0000000000
9078  8.494  -79.175  -32.935 0.0000000000
10021  11.084  -78.388  -32.321 0.0000000000
11134  13.529  -77.191  -32.384 0.0000000000
11127  15.069  -76.772  -31.759 0.0000000000
12254  16.333  -76.683  -30.534 0.0000000000
7958  11.409  -80.193  -20.768 0.0000000000
16524  1.116  -71.889  -4.211 0.0000000000
16554  0.346  -71.780  -6.044 0.0000000000
18761  0.981  -70.438  -8.482 0.0000000000
17688  4.417  -70.967  -8.836 0.0000000000
138307  2.114  -69.336  -9.847 0.0000000000
19847  0.141  -68.571  -10.280 0.0000000000
22252  6.577  -66.480  -23.345 0.0000000000
21051  6.117  -67.784  -18.420 0.0000000000
23441  7.428  -65.766  -21.192 0.0000000000
21146  7.719  -67.694  -24.628 0.0000000000
20022  7.174  -68.868  -23.270 0.0000000000
18941  4.764  -70.759  -22.039 0.0000000000
154039  5.820  -72.198  -20.174 0.0000000000
28094  2.857  -62.463  -9.034 0.0000000000
28115  0.918  -62.947  -10.190 0.0000000000
25705  3.073  -64.276  -11.045 0.0000000000
26966  3.841  -63.153  -11.911 0.0000000000
24498  5.700  -65.479  -10.723 0.0000000000
24496  7.643  -65.462  -10.477 0.0000000000
24494  10.158  -65.717  -10.771 0.0000000000
23302  12.915  -66.608  -10.835 0.0000000000
23346  10.016  -67.157  -15.049 0.0000000000
22105  12.955  -67.510  -13.289 0.0000000000
20937  14.214  -68.576  -12.492 0.0000000000
17720  14.208  -71.151  -13.897 0.0000000000
16663  12.714  -73.150  -16.053 0.0000000000
15509  11.311  -73.750  -17.394 0.0000000000
16716  13.785  -72.081  -20.093 0.0000000000
14391  11.829  -74.189  -19.677 0.0000000000
16717  10.327  -72.975  -20.355 0.0000000000
17834  9.333  -71.433  -22.211 0.0000000000
16758  7.684  -72.110  -22.602 0.0000000000
14434  7.279  -73.793  -22.795 0.0000000000
130350  6.765  -75.082  -25.806 0.0000000000
13335  5.438  -75.504  -28.270 0.0000000000
12256  6.944  -76.461  -30.289 0.0000000000
14511  9.712  -74.179  -29.809 0.0000000000
12236  10.288  -76.141  -30.148 0.0000000000
13344  12.001  -75.854  -29.518 0.0000000000
1501  16.337  -90.220  -16.513 0.0000000000
1128  16.471  -91.071  -17.615 0.0000000000
1129  15.720  -90.990  -17.281 0.0000000000
15125  7.230  -73.772  7.057 0.0000000000
13976  7.550  -74.869  6.042 0.0000000000
13967  6.277  -73.869  6.410 0.0000000000
13978  5.610  -74.648  5.859 0.0000000000
13968  5.358  -73.787  6.303 0.0000000000
15584  4.136  -73.634  -21.030 0.0000000000
14424  3.933  -74.418  -21.379 0.0000000000
14410  5.206  -74.642  -20.513 0.0000000000
140745  7.042  -75.172  -21.348 0.0000000000
14408  6.536  -74.497  -20.828 0.0000000000
25668  4.150  -64.874  -6.547 0.0000000000
138039  3.374  -65.123  -7.039 0.0000000000
25672  4.330  -65.032  -6.998 0.0000000000
132368  18.670  -88.072  -27.265 0.0000000000
2594  19.452  -87.594  -27.196 0.0000000000
2601  18.984  -87.601  -27.990 0.0000000000
132610  19.285  -87.053  -28.503 0.0000000000
146674  17.960  -87.265  -28.983 0.0000000000
32645  4.890  -58.199  -0.102 0.0000000000
32622  3.862  -58.169  0.526 0.0000000000
142365  3.188  -57.174  1.362 0.0000000000
137268  2.236  -57.021  1.367 0.0000000000
33791  3.686  -56.635  1.283 0.0000000000
134660  18.302  -48.435  -4.522 0.0000000000
42600  17.734  -49.853  -5.691 0.0000000000
133161  17.570  -48.855  -5.219 0.0000000000
42645  10.383  -49.761  -8.437 0.0000000000
41506  9.785  -50.347  -8.211 0.0000000000
40422  10.030  -51.108  -8.547 0.0000000000
3034  11.228  -87.314  -8.700 0.0000000000
3047  11.521  -86.958  -9.492 0.0000000000
142714  11.701  -86.585  -8.786 0.0000000000
152304  5.689  -93.100  -4.927 0.0000000000
656  5.785  -93.066  -5.725 0.0000000000
160  6.216  -94.371  -4.786 0.0000000000
74  5.705  -94.646  -5.977 0.0000000000
159  6.150  -94.672  -3.935 0.0000000000
2314  -0.649  -88.363  3.574 0.0000000000
1783  -0.710  -89.074  3.600 0.0000000000
29056  7.850  -62.135  5.143 0.0000000000
27882  7.490  -62.631  5.768 0.0000000000
29080  6.320  -60.932  4.723 0.0000000000
29058  5.374  -60.831  5.041 0.0000000000
2417  11.187  -88.484  -7.359 0.0000000000
1879  10.513  -89.344  -7.219 0.0000000000
2418  10.557  -88.987  -8.195 0.0000000000
2428  10.464  -88.587  -9.002 0.0000000000
5634  8.149  -83.611  -21.418 0.0000000000
140609  7.259  -84.082  -22.631 0.0000000000
5652  8.438  -83.470  -23.018 0.0000000000
133070  8.862  -83.238  -23.895 0.0000000000
6363  9.223  -82.922  -23.202 0.0000000000
7127  10.124  -81.960  -22.862 0.0000000000
6351  9.617  -82.537  -22.534 0.0000000000
17583  -0.517  -70.688  -1.252 0.0000000000
139824  -1.054  -71.834  -2.186 0.0000000000
17612  -0.725  -71.144  -2.312 0.0000000000
137801  12.725  -69.188  -9.499 0.0000000000
19837  12.219  -69.741  -9.959 0.0000000000
19854  12.340  -69.754  -10.960 0.0000000000
151013  12.081  -70.240  -11.618 0.0000000000
19853  13.246  -69.464  -11.167 0.0000000000
2531  22.039  -89.254  -17.089 0.0000000000
2532  21.939  -89.299  -17.861 0.0000000000
1980  21.932  -89.657  -17.585 0.0000000000
770  16.610  -90.958  -20.558 0.0000000000
777  16.555  -90.596  -21.274 0.0000000000
151304  16.281  -90.456  -22.697 0.0000000000
1153  16.037  -89.401  -22.923 0.0000000000
788  15.567  -90.026  -22.801 0.0000000000
2955  7.970  -86.977  0.094 0.0000000000
138111  7.526  -87.678  -0.020 0.0000000000
8610  3.817  -79.172  1.265 0.0000000000
8598  3.459  -79.161  2.218 0.0000000000
7625  2.588  -79.846  0.849 0.0000000000
7626  1.729  -80.205  0.955 0.0000000000
7639  2.150  -80.163  -0.011 0.0000000000
7662  0.360  -80.906  -0.228 0.0000000000
8641  2.620  -79.564  -0.616 0.0000000000
11766  -0.129  -76.171  2.268 0.0000000000
10611  -0.482  -77.115  1.069 0.0000000000
11786  -0.668  -76.435  0.930 0.0000000000
12935  -0.592  -75.945  0.960 0.0000000000
31347  16.658  -58.711  5.785 0.0000000000
31374  13.607  -59.442  3.287 0.0000000000
139348  14.746  -58.389  3.409 0.0000000000
32663  15.317  -58.343  -1.432 0.0000000000
32640  14.554  -58.092  -1.016 0.0000000000
32688  14.479  -59.096  -2.124 0.0000000000
31474  14.546  -59.638  -2.008 0.0000000000
31494  15.458  -59.280  -2.380 0.0000000000
147091  16.114  -58.830  -2.571 0.0000000000
128640  20.655  -59.386  -0.746 0.0000000000
31455  20.023  -59.559  -1.690 0.0000000000
127893  21.207  -58.901  -1.235 0.0000000000
127571  20.198  -58.780  -2.832 0.0000000000
128066  21.397  -57.985  -1.879 0.0000000000
8052  1.982  -79.986  -25.492 0.0000000000
9864  3.865  -79.258  -18.712 0.0000000000
8901  2.790  -80.014  -18.928 0.0000000000
8899  4.038  -79.904  -18.454 0.0000000000
7906  3.816  -80.772  -18.308 0.0000000000
7917  4.564  -80.334  -18.649 0.0000000000
7106  5.909  -80.689  -20.330 0.0000000000
7937  5.605  -80.367  -20.297 0.0000000000
9997  6.976  -78.970  -29.143 0.0000000000
9988  7.335  -79.209  -28.014 0.0000000000
9996  8.071  -78.476  -28.536 0.0000000000
11080  8.876  -77.789  -28.871 0.0000000000
24427  5.224  -65.843  -3.220 0.0000000000
21997  4.893  -67.308  -3.070 0.0000000000
23209  4.690  -66.570  -3.353 0.0000000000
23260  3.326  -66.930  -9.140 0.0000000000
150135  4.270  -67.231  -8.507 0.0000000000
23258  4.992  -66.715  -8.974 0.0000000000
23257  5.972  -66.931  -8.772 0.0000000000
23272  5.620  -66.436  -9.543 0.0000000000
39345  25.097  -52.640  -5.179 0.0000000000
43733  23.012  -48.085  -6.241 0.0000000000
44883  22.079  -47.847  -6.506 0.0000000000
43734  21.560  -48.737  -6.004 0.0000000000
4348  24.811  -85.504  -26.619 0.0000000000
149461  24.078  -85.407  -27.905 0.0000000000
5715  17.407  -82.707  -30.674 0.0000000000
5714  17.986  -81.953  -29.512 0.0000000000
6424  16.840  -80.786  -30.861 0.0000000000
6425  16.201  -81.271  -31.603 0.0000000000
20045  4.646  -68.985  -25.341 0.0000000000
18993  2.862  -69.902  -26.436 0.0000000000
20058  4.880  -69.569  -26.265 0.0000000000
20072  4.903  -69.949  -27.132 0.0000000000
21164  6.569  -69.004  -26.108 0.0000000000
27964  0.188  -61.966  0.752 0.0000000000
153529  1.425  -63.234  0.856 0.0000000000
26805  0.051  -63.302  0.745 0.0000000000
140649  -0.001  -63.870  0.775 0.0000000000
27966  -0.593  -62.870  0.195 0.0000000000
26841  0.165  -62.941  -1.067 0.0000000000
28002  -0.304  -62.342  -0.509 0.0000000000
30345  4.126  -59.986  -4.476 0.0000000000
138963  4.434  -60.705  -4.399 0.0000000000
128765  2.064  -60.318  -4.521 0.0000000000
130323  1.014  -60.518  -4.865 0.0000000000
150245  1.855  -59.633  -4.868 0.0000000000
42603  11.688  -49.352  -6.236 0.0000000000
42604  10.627  -48.927  -6.018 0.0000000000
38279  6.630  -52.909  -4.633 0.0000000000
39325  6.951  -52.473  -4.135 0.0000000000
38265  6.721  -53.330  -3.619 0.0000000000
38266  6.347  -53.832  -2.569 0.0000000000
37197  5.851  -54.679  -3.932 0.0000000000
36065  4.953  -55.043  -3.399 0.0000000000
37220  5.789  -54.623  -5.389 0.0000000000
137387  8.102  -58.123  -6.604 0.0000000000
32767  8.248  -59.035  -6.637 0.0000000000
31579  8.369  -59.932  -6.641 0.0000000000
1079  15.995  -90.788  -12.480 0.0000000000
1099  15.637  -90.933  -14.185 0.0000000000
1478  15.756  -89.854  -13.409 0.0000000000
1930  9.532  -89.747  -12.564 0.0000000000
137085  9.845  -90.603  -12.684 0.0000000000
1470  8.806  -90.659  -12.464 0.0000000000
1082  8.447  -91.803  -12.443 0.0000000000
1471  7.792  -91.216  -12.390 0.0000000000
3587  8.839  -86.896  -8.202 0.0000000000
3599  8.707  -86.554  -9.126 0.0000000000
3035  8.375  -87.361  -9.442 0.0000000000
2286  5.421  -88.781  5.473 0.0000000000
149146  -1.014  -82.679  6.983 0.0000000000
5991  -0.952  -83.015  7.168 0.0000000000
4656  -1.487  -84.651  7.207 0.0000000000
150110  1.790  -94.795  3.994 0.0000000000
102  2.080  -93.631  5.399 0.0000000000
3  2.568  -94.672  3.555 0.0000000000
2  3.338  -94.440  3.049 0.0000000000
133123  2.750  -94.996  2.748 0.0000000000
21  2.918  -95.138  0.677 0.0000000000
9  2.076  -95.367  2.281 0.0000000000
25440  2.744  -64.899  8.068 0.0000000000
24235  3.038  -65.508  8.328 0.0000000000
24236  2.564  -65.150  7.698 0.0000000000
136887  2.733  -66.280  6.874 0.0000000000
23043  2.135  -65.839  6.656 0.0000000000
135276  0.713  -67.523  6.197 0.0000000000
23044  1.210  -65.913  6.357 0.0000000000
134205  1.006  -65.537  2.784 0.0000000000
131630  7.977  -59.855  0.905 0.0000000000
30233  6.790  -60.220  1.879 0.0000000000
38212  23.726  -53.300  1.100 0.0000000000
136066  23.151  -53.744  -0.377 0.0000000000
38230  24.241  -52.779  -1.394 0.0000000000
36038  24.894  -54.467  -1.451 0.0000000000
37131  26.166  -54.611  0.056 0.0000000000
38238  29.207  -53.159  -1.630 0.0000000000
37146  28.905  -54.026  -1.622 0.0000000000
44805  24.820  -48.122  0.682 0.0000000000
44826  24.702  -47.337  0.443 0.0000000000
163  10.334  -93.838  -5.907 0.0000000000
352  10.694  -93.165  -4.562 0.0000000000
358  11.029  -93.000  -5.489 0.0000000000
654  11.541  -92.320  -5.594 0.0000000000
357  11.844  -92.983  -6.022 0.0000000000
372  11.385  -93.549  -6.880 0.0000000000
1059  14.993  -90.777  -11.250 0.0000000000
1071  14.204  -91.646  -11.319 0.0000000000
1070  14.859  -91.569  -11.674 0.0000000000
707  15.180  -91.926  -12.006 0.0000000000
1894  17.615  -89.359  -9.697 0.0000000000
1458  17.919  -89.467  -11.276 0.0000000000
1446  17.671  -91.022  -10.616 0.0000000000
139834  11.850  -94.075  -17.789 0.0000000000
265  12.447  -93.396  -19.066 0.0000000000
143870  11.415  -93.759  -18.834 0.0000000000
6433  10.394  -81.386  -32.829 0.0000000000
7228  10.875  -81.115  -33.680 0.0000000000
8140  11.480  -80.328  -34.028 0.0000000000
8142  9.871  -79.679  -34.090 0.0000000000
3162  2.554  -87.555  -21.892 0.0000000000
7184  11.227  -81.233  -29.156 0.0000000000
7192  10.465  -81.150  -29.394 0.0000000000
8097  11.744  -80.785  -29.763 0.0000000000
8106  12.231  -80.200  -30.234 0.0000000000
8096  12.577  -80.702  -29.541 0.0000000000
8094  13.936  -80.007  -29.443 0.0000000000
134073  13.388  -80.612  -29.190 0.0000000000
10952  10.900  -77.563  -21.404 0.0000000000
10932  11.800  -77.557  -20.822 0.0000000000
10974  11.848  -77.281  -21.827 0.0000000000
15330  5.565  -73.437  -5.462 0.0000000000
15331  4.548  -73.371  -5.542 0.0000000000
15354  5.948  -73.366  -6.248 0.0000000000
22108  4.837  -67.576  -13.598 0.0000000000
22090  4.193  -67.525  -13.104 0.0000000000
22122  4.366  -66.866  -14.169 0.0000000000
23334  3.877  -66.298  -13.939 0.0000000000
22137  4.462  -66.764  -15.073 0.0000000000
131605  4.908  -65.800  -16.923 0.0000000000
20991  4.641  -67.828  -15.687 0.0000000000
18873  10.847  -69.632  -18.356 0.0000000000
19957  10.215  -68.780  -18.449 0.0000000000
138737  10.703  -69.338  -19.183 0.0000000000
18881  9.836  -69.309  -19.980 0.0000000000
18880  10.756  -69.848  -20.039 0.0000000000
25771  7.321  -63.977  -15.208 0.0000000000
24542  7.721  -64.908  -14.178 0.0000000000
24560  7.612  -64.906  -15.023 0.0000000000
23395  12.748  -66.405  -17.764 0.0000000000
22177  13.592  -67.638  -18.197 0.0000000000
21027  13.319  -68.864  -17.090 0.0000000000
21026  13.819  -68.786  -17.578 0.0000000000
137121  14.606  -70.273  -17.785 0.0000000000
19956  14.599  -69.718  -18.582 0.0000000000
15633  12.448  -73.776  -24.155 0.0000000000
136191  9.999  -75.458  -24.816 0.0000000000
13316  9.382  -75.232  -26.690 0.0000000000
1514  19.527  -90.211  -16.450 0.0000000000
1115  19.924  -91.062  -16.850 0.0000000000
1116  18.886  -90.603  -16.958 0.0000000000
752  17.374  -92.592  -18.634 0.0000000000
743  18.381  -91.856  -18.122 0.0000000000
445  17.685  -92.823  -19.338 0.0000000000
760  17.767  -92.584  -20.051 0.0000000000
459  16.554  -92.738  -20.558 0.0000000000
10532  8.988  -77.507  6.922 0.0000000000
10544  9.247  -76.887  6.381 0.0000000000
12865  7.796  -76.026  4.385 0.0000000000
11730  8.313  -76.661  4.292 0.0000000000
11740  7.390  -76.880  3.072 0.0000000000
10593  6.531  -77.373  2.185 0.0000000000
11761  6.087  -76.748  1.977 0.0000000000
11783  4.921  -76.759  1.097 0.0000000000
11742  5.507  -76.377  2.593 0.0000000000
12869  3.448  -75.371  4.510 0.0000000000
12888  3.886  -75.847  3.772 0.0000000000
12889  2.861  -75.789  3.876 0.0000000000
11745  2.132  -76.250  3.307 0.0000000000
12870  2.437  -75.291  4.537 0.0000000000
33733  17.988  -56.479  5.104 0.0000000000
136189  16.684  -56.979  4.126 0.0000000000
34891  17.679  -56.304  4.444 0.0000000000
33749  17.918  -56.845  2.960 0.0000000000
33750  17.012  -57.034  2.839 0.0000000000
33763  16.681  -57.910  2.001 0.0000000000
32592  16.661  -58.545  1.004 0.0000000000
32591  17.496  -58.548  1.491 0.0000000000
139652  17.401  -59.012  0.755 0.0000000000
32590  18.441  -58.453  1.734 0.0000000000
33760  20.069  -57.240  1.813 0.0000000000
32614  20.595  -58.098  0.955 0.0000000000
13293  3.425  -76.044  -25.080 0.0000000000
12156  3.525  -76.977  -25.245 0.0000000000
12144  3.395  -76.519  -24.293 0.0000000000
13253  4.318  -75.748  -20.718 0.0000000000
12119  3.361  -76.608  -21.851 0.0000000000
12098  3.818  -76.540  -20.564 0.0000000000
10936  4.331  -77.080  -19.638 0.0000000000
12077  5.313  -77.211  -19.747 0.0000000000
10954  6.059  -78.016  -20.567 0.0000000000
10953  6.506  -77.743  -21.528 0.0000000000
143858  6.604  -77.099  -24.268 0.0000000000
10996  6.501  -77.818  -23.373 0.0000000000
130282  5.897  -77.939  -25.982 0.0000000000
9972  5.296  -78.536  -26.894 0.0000000000
11081  5.101  -77.681  -27.788 0.0000000000
25659  -0.061  -64.860  -4.531 0.0000000000
24442  0.017  -65.831  -4.339 0.0000000000
24443  -0.233  -65.983  -5.083 0.0000000000
25674  0.362  -64.539  -7.621 0.0000000000
24466  -0.477  -65.961  -7.104 0.0000000000
24471  -0.542  -65.220  -7.995 0.0000000000
24473  0.105  -65.662  -8.853 0.0000000000
24484  -0.248  -64.675  -9.133 0.0000000000
43720  25.544  -48.811  -5.169 0.0000000000
45903  24.388  -46.740  -5.348 0.0000000000
44870  23.755  -47.426  -5.905 0.0000000000
2022  20.935  -89.281  -24.054 0.0000000000
2021  21.673  -88.881  -23.709 0.0000000000
2026  20.940  -88.837  -25.039 0.0000000000
2592  20.730  -87.278  -26.538 0.0000000000
2584  21.281  -87.557  -26.050 0.0000000000
3178  21.645  -87.124  -26.709 0.0000000000
3180  22.616  -86.951  -26.739 0.0000000000
3749  21.114  -86.015  -27.427 0.0000000000
3750  20.243  -85.821  -27.435 0.0000000000
3765  19.500  -85.014  -28.718 0.0000000000
30257  1.925  -59.829  0.839 0.0000000000
130357  1.056  -60.932  0.991 0.0000000000
31442  0.603  -59.307  1.281 0.0000000000
150894  0.018  -59.848  0.678 0.0000000000
32626  0.523  -58.827  1.103 0.0000000000
32646  2.439  -57.150  -0.262 0.0000000000
32669  2.277  -58.089  -0.590 0.0000000000
143454  3.527  -57.817  -1.281 0.0000000000
32694  4.468  -58.403  -2.042 0.0000000000
32668  4.505  -57.565  -1.965 0.0000000000
40378  19.125  -51.447  -5.414 0.0000000000
148283  17.675  -51.915  -5.916 0.0000000000
40380  15.966  -52.149  -6.046 0.0000000000
39354  15.023  -52.434  -6.179 0.0000000000
39355  14.032  -52.939  -5.856 0.0000000000
43746  9.449  -48.516  -6.253 0.0000000000
39381  7.722  -52.162  -6.781 0.0000000000
39368  7.116  -52.243  -6.280 0.0000000000
38323  7.219  -52.793  -6.753 0.0000000000
38339  7.607  -53.342  -7.152 0.0000000000
1895  14.618  -88.635  -9.880 0.0000000000
154172  14.812  -88.144  -10.966 0.0000000000
3054  14.522  -87.841  -10.423 0.0000000000
3620  12.105  -85.983  -11.318 0.0000000000
3069  12.794  -86.752  -11.420 0.0000000000
3083  11.458  -87.009  -12.238 0.0000000000
139370  10.863  -87.876  -12.464 0.0000000000
3084  10.333  -87.194  -12.312 0.0000000000
1874  5.914  -89.433  -6.677 0.0000000000
135245  6.493  -89.640  -7.641 0.0000000000
1425  6.266  -90.683  -8.044 0.0000000000
380  5.983  -93.253  -8.799 0.0000000000
682  6.140  -92.743  -8.697 0.0000000000
691  5.911  -92.753  -9.810 0.0000000000
1064  4.919  -91.930  -10.817 0.0000000000
701  4.787  -92.483  -10.366 0.0000000000
405  4.634  -92.903  -9.806 0.0000000000
187  4.062  -94.222  -7.268 0.0000000000
140490  3.509  -93.352  -8.527 0.0000000000
4055  1.215  -84.935  4.538 0.0000000000
3434  -0.017  -86.816  6.209 0.0000000000
2877  1.523  -87.562  5.378 0.0000000000
583  -0.977  -92.323  5.243 0.0000000000
1310  0.855  -91.123  5.734 0.0000000000
140975  -0.841  -92.994  5.708 0.0000000000
104  0.054  -94.022  5.560 0.0000000000
109  -0.341  -94.141  4.719 0.0000000000
6  -0.381  -94.902  3.162 0.0000000000
150119  8.372  -63.179  8.030 0.0000000000
27867  4.844  -62.653  6.163 0.0000000000
26693  5.506  -63.192  6.983 0.0000000000
26694  4.537  -63.106  7.095 0.0000000000
26695  3.612  -63.103  7.260 0.0000000000
27869  2.844  -62.617  6.654 0.0000000000
26697  1.251  -63.197  6.453 0.0000000000
143253  2.355  -61.862  5.928 0.0000000000
30204  2.208  -59.874  4.406 0.0000000000
29062  0.929  -60.569  4.813 0.0000000000
30230  0.889  -60.081  3.983 0.0000000000
27918  0.637  -61.884  3.700 0.0000000000
29099  1.735  -61.155  3.145 0.0000000000
40310  23.467  -51.561  -1.213 0.0000000000
129706  23.998  -51.715  -0.910 0.0000000000
137897  24.764  -51.794  -0.450 0.0000000000
39291  26.144  -52.721  0.148 0.0000000000
40309  25.250  -51.205  0.110 0.0000000000
40308  27.082  -51.593  0.188 0.0000000000
40307  27.773  -52.052  -0.348 0.0000000000
151634  26.556  -50.539  0.338 0.0000000000
40321  27.726  -50.805  -0.823 0.0000000000
42529  24.353  -49.627  0.430 0.0000000000
43654  24.527  -48.816  0.772 0.0000000000
996  8.076  -92.133  -3.425 0.0000000000
153765  7.856  -93.752  -4.210 0.0000000000
129205  8.212  -92.319  -5.079 0.0000000000
1039  9.115  -91.531  -7.607 0.0000000000
663  8.448  -92.868  -6.609 0.0000000000
1027  8.741  -92.514  -7.483 0.0000000000
134589  8.969  -94.245  -6.909 0.0000000000
670  8.754  -93.245  -8.371 0.0000000000
151408  8.854  -93.389  -9.081 0.0000000000
680  9.122  -92.413  -9.204 0.0000000000
1898  11.244  -89.343  -9.990 0.0000000000
1442  10.985  -90.255  -10.084 0.0000000000
1909  13.341  -89.421  -9.777 0.0000000000
1450  13.552  -90.333  -10.237 0.0000000000
3719  5.189  -86.456  -19.872 0.0000000000
3723  5.234  -87.438  -21.084 0.0000000000
4331  5.696  -85.836  -21.960 0.0000000000
5655  6.065  -84.344  -23.735 0.0000000000
5001  5.319  -84.531  -23.740 0.0000000000
5667  4.655  -83.916  -25.079 0.0000000000
5676  3.864  -83.824  -25.611 0.0000000000
5674  5.760  -83.721  -25.918 0.0000000000
5690  5.393  -83.235  -27.105 0.0000000000
154141  6.545  -83.796  -26.067 0.0000000000
6378  9.282  -82.764  -25.652 0.0000000000
6383  8.633  -82.979  -26.723 0.0000000000
6377  9.844  -82.263  -26.064 0.0000000000
144032  10.216  -81.906  -26.906 0.0000000000
7173  10.623  -81.674  -26.118 0.0000000000
146469  12.216  -81.282  -26.406 0.0000000000
7172  11.449  -81.376  -26.093 0.0000000000
129733  11.844  -80.842  -24.078 0.0000000000
133744  12.661  -81.040  -24.650 0.0000000000
8026  13.189  -80.844  -23.786 0.0000000000
8025  14.267  -80.921  -23.878 0.0000000000
131675  13.873  -80.727  -22.939 0.0000000000
146364  -0.821  -74.425  -5.257 0.0000000000
17669  9.725  -71.326  -7.671 0.0000000000
154062  8.500  -71.839  -8.255 0.0000000000
17683  9.589  -71.380  -8.540 0.0000000000
135516  9.061  -69.363  -11.039 0.0000000000
19840  8.366  -69.581  -10.748 0.0000000000
19856  8.295  -69.310  -11.401 0.0000000000
19876  6.794  -68.570  -12.085 0.0000000000
19875  7.486  -69.046  -12.477 0.0000000000
128273  6.847  -69.125  -14.027 0.0000000000
18817  8.573  -70.249  -13.450 0.0000000000
17723  11.222  -71.330  -13.694 0.0000000000
147449  9.425  -71.142  -14.385 0.0000000000
17734  10.857  -71.646  -14.510 0.0000000000
17750  10.146  -71.509  -15.952 0.0000000000
153678  11.159  -72.205  -15.511 0.0000000000
3662  20.829  -86.850  -15.614 0.0000000000
3676  19.261  -86.576  -16.615 0.0000000000
3121  19.841  -87.154  -17.206 0.0000000000
3132  19.667  -88.255  -18.737 0.0000000000
3133  18.828  -87.481  -18.912 0.0000000000
2538  17.803  -88.395  -19.505 0.0000000000
127986  14.458  -89.001  -20.200 0.0000000000
127489  15.796  -89.733  -20.425 0.0000000000
1134  20.519  -91.308  -18.607 0.0000000000
1530  21.007  -90.371  -19.014 0.0000000000
1533  20.380  -90.719  -19.365 0.0000000000
1144  16.977  -90.035  -20.712 0.0000000000
127894  18.274  -89.783  -19.835 0.0000000000
127998  17.059  -89.899  -21.298 0.0000000000
127888  18.399  -89.518  -21.896 0.0000000000
1146  18.934  -89.003  -22.360 0.0000000000
1554  19.930  -89.723  -23.196 0.0000000000
1150  18.334  -89.700  -23.083 0.0000000000
1561  17.677  -90.436  -24.314 0.0000000000
1560  18.521  -90.219  -24.390 0.0000000000
143664  18.148  -89.864  -25.168 0.0000000000
2035  18.242  -89.138  -25.860 0.0000000000
1575  17.437  -89.403  -25.695 0.0000000000
45918  17.134  -46.247  -5.796 0.0000000000
45908  16.940  -46.665  -5.603 0.0000000000
45919  16.517  -46.207  -5.920 0.0000000000
47020  14.581  -45.278  -6.735 0.0000000000
45920  14.997  -46.073  -6.543 0.0000000000
142912  14.198  -46.000  -6.694 0.0000000000
45922  13.362  -46.367  -6.646 0.0000000000
48141  11.646  -44.296  -6.547 0.0000000000
48156  12.212  -44.047  -6.492 0.0000000000
47009  11.610  -45.061  -6.604 0.0000000000
149731  12.024  -45.630  -6.456 0.0000000000
151500  11.428  -46.112  -6.623 0.0000000000
45910  10.926  -47.158  -6.482 0.0000000000
45934  11.132  -46.023  -7.383 0.0000000000
45947  11.345  -46.744  -8.007 0.0000000000
43767  10.893  -48.122  -8.309 0.0000000000
44919  11.652  -47.586  -8.735 0.0000000000
2386  11.402  -88.065  -4.614 0.0000000000
139028  12.568  -87.081  -5.670 0.0000000000
2999  12.251  -86.585  -5.066 0.0000000000
144906  11.182  -85.387  -5.621 0.0000000000
133789  10.379  -85.669  -5.753 0.0000000000
148244  9.334  -86.141  -6.475 0.0000000000
3558  9.583  -86.055  -5.818 0.0000000000
3526  7.793  -86.737  -2.333 0.0000000000
148286  8.262  -86.266  -2.744 0.0000000000
2991  7.523  -87.237  -4.130 0.0000000000
3551  8.037  -87.132  -4.836 0.0000000000
135759  7.408  -87.596  -4.753 0.0000000000
2400  6.374  -88.612  -5.355 0.0000000000
2388  6.465  -88.442  -4.540 0.0000000000
1835  6.369  -89.283  -2.086 0.0000000000
1836  5.845  -89.639  -2.641 0.0000000000
1383  5.633  -90.349  -2.463 0.0000000000
989  5.351  -91.109  -2.638 0.0000000000
1375  5.635  -90.772  -1.826 0.0000000000
10550  3.106  -77.014  6.621 0.0000000000
10536  2.256  -76.967  7.428 0.0000000000
10553  0.961  -77.989  6.202 0.0000000000
9533  0.191  -78.882  5.916 0.0000000000
134488  0.578  -78.485  5.519 0.0000000000
10562  7.080  -77.898  5.027 0.0000000000
129339  5.337  -77.640  5.650 0.0000000000
9542  5.431  -77.953  4.645 0.0000000000
8589  2.037  -79.288  3.196 0.0000000000
9559  2.603  -78.781  3.788 0.0000000000
8590  0.923  -79.432  3.418 0.0000000000
8592  -0.304  -79.793  4.368 0.0000000000
6793  -0.311  -80.841  3.900 0.0000000000
6031  -0.182  -81.521  3.688 0.0000000000
6792  0.072  -81.123  3.163 0.0000000000
6052  -0.530  -82.257  1.117 0.0000000000
5347  0.514  -83.183  2.540 0.0000000000
5348  -0.620  -83.363  1.572 0.0000000000
4087  0.154  -85.149  2.781 0.0000000000
4733  -1.491  -84.613  1.252 0.0000000000
4103  -2.044  -85.710  1.137 0.0000000000
5361  -1.469  -83.585  0.959 0.0000000000
6860  -1.555  -81.377  -1.994 0.0000000000
6079  -1.964  -83.028  -1.217 0.0000000000
10629  3.244  -77.596  -0.019 0.0000000000
9629  1.867  -78.834  -1.284 0.0000000000
9609  1.529  -78.442  -1.045 0.0000000000
29073  13.593  -61.254  5.147 0.0000000000
29074  12.591  -61.371  4.759 0.0000000000
133478  11.835  -61.394  5.425 0.0000000000
30197  10.935  -61.171  4.256 0.0000000000
30227  9.903  -59.862  3.907 0.0000000000
30226  10.724  -60.152  3.910 0.0000000000
32571  11.249  -57.933  2.320 0.0000000000
32550  10.812  -58.646  2.932 0.0000000000
32594  10.403  -57.641  1.796 0.0000000000
32595  8.794  -58.031  1.415 0.0000000000
33769  10.479  -57.699  0.881 0.0000000000
33753  14.392  -57.380  1.720 0.0000000000
32569  13.755  -57.569  2.270 0.0000000000
129203  13.576  -57.105  1.438 0.0000000000
128402  12.712  -58.316  -1.298 0.0000000000
32618  12.334  -57.617  -0.347 0.0000000000
32643  11.122  -58.584  -1.513 0.0000000000
32644  10.249  -58.435  -1.006 0.0000000000
30281  10.553  -59.145  -1.309 0.0000000000
31458  17.643  -59.063  -1.275 0.0000000000
32661  17.936  -58.751  -2.651 0.0000000000
31472  18.316  -58.808  -2.498 0.0000000000
29186  19.619  -60.436  -3.032 0.0000000000
129217  21.497  -60.373  -3.383 0.0000000000
127570  22.607  -60.375  -2.995 0.0000000000
145401  22.743  -59.547  -3.480 0.0000000000
2398  10.717  -88.859  -5.013 0.0000000000
152674  1.506  -82.852  -24.058 0.0000000000
5656  2.654  -83.315  -23.481 0.0000000000
9937  2.926  -78.893  -24.128 0.0000000000
8971  3.049  -79.775  -24.113 0.0000000000
8961  2.711  -79.795  -22.632 0.0000000000
7096  2.582  -81.766  -19.746 0.0000000000
129648  2.965  -81.884  -21.780 0.0000000000
133189  2.862  -82.281  -20.886 0.0000000000
129388  3.016  -83.274  -21.185 0.0000000000
5628  2.926  -83.849  -20.129 0.0000000000
4965  3.184  -84.416  -19.355 0.0000000000
4949  3.250  -83.921  -18.705 0.0000000000
6301  5.653  -82.536  -18.388 0.0000000000
5599  5.124  -83.289  -18.468 0.0000000000
5598  6.184  -83.224  -18.552 0.0000000000
5614  7.519  -83.405  -19.243 0.0000000000
148569  7.691  -82.832  -18.900 0.0000000000
6316  8.109  -82.200  -19.114 0.0000000000
144951  7.852  -81.548  -19.280 0.0000000000
7983  7.346  -80.443  -21.988 0.0000000000
7961  7.335  -80.662  -20.899 0.0000000000
8958  8.176  -79.666  -21.932 0.0000000000
8957  8.679  -79.066  -22.518 0.0000000000
8967  8.004  -79.653  -23.041 0.0000000000
9935  5.567  -79.839  -23.999 0.0000000000
8029  5.680  -80.611  -24.132 0.0000000000
137871  5.576  -80.785  -24.942 0.0000000000
9970  8.575  -78.607  -26.335 0.0000000000
9009  7.800  -79.501  -25.928 0.0000000000
9956  8.469  -78.828  -25.325 0.0000000000
9944  9.106  -78.306  -24.810 0.0000000000
11035  9.669  -77.858  -25.315 0.0000000000
11014  10.482  -77.635  -25.033 0.0000000000
136733  10.314  -77.661  -25.985 0.0000000000
11077  11.628  -77.646  -27.379 0.0000000000
20819  2.102  -67.843  -1.822 0.0000000000
140211  2.155  -69.013  -1.770 0.0000000000
20818  3.441  -68.562  -1.396 0.0000000000
147105  5.429  -68.875  -2.786 0.0000000000
18684  5.466  -69.661  -2.362 0.0000000000
131942  5.849  -69.968  -3.067 0.0000000000
18716  6.132  -70.793  -3.905 0.0000000000
134234  5.906  -70.229  -3.776 0.0000000000
20871  1.052  -67.798  -5.255 0.0000000000
22006  2.865  -68.042  -4.595 0.0000000000
132299  2.353  -68.580  -5.912 0.0000000000
20896  5.162  -68.505  -7.284 0.0000000000
20882  4.833  -69.305  -6.741 0.0000000000
19807  5.696  -69.771  -6.556 0.0000000000
133362  6.937  -70.741  -5.714 0.0000000000
19805  7.578  -70.023  -6.596 0.0000000000
19804  8.251  -70.299  -6.499 0.0000000000
136170  8.038  -69.635  -6.918 0.0000000000
22059  8.872  -67.161  -9.051 0.0000000000
20904  8.976  -68.446  -7.979 0.0000000000
22058  9.729  -67.438  -8.900 0.0000000000
153964  11.060  -68.001  -8.464 0.0000000000
22057  10.580  -67.352  -9.042 0.0000000000
38296  21.748  -53.683  -5.188 0.0000000000
151534  23.906  -51.634  -5.255 0.0000000000
133720  23.844  -50.138  -5.636 0.0000000000
139985  22.133  -50.454  -4.107 0.0000000000
40375  22.445  -51.297  -4.273 0.0000000000
141842  21.830  -50.783  -3.855 0.0000000000
40376  21.546  -51.619  -4.339 0.0000000000
145612  20.782  -51.441  -4.482 0.0000000000
142389  21.183  -50.752  -3.927 0.0000000000
43725  19.612  -48.506  -4.353 0.0000000000
42598  19.104  -48.810  -4.248 0.0000000000
44873  19.303  -47.645  -4.912 0.0000000000
45914  21.672  -46.227  -6.731 0.0000000000
142477  19.454  -46.411  -6.458 0.0000000000
2017  22.180  -88.363  -22.577 0.0000000000
4370  21.504  -85.060  -29.595 0.0000000000
5028  20.782  -84.099  -29.695 0.0000000000
5717  20.330  -81.936  -31.203 0.0000000000
5041  20.275  -82.426  -30.362 0.0000000000
9093  17.137  -79.271  -32.282 0.0000000000
9092  18.152  -79.306  -33.241 0.0000000000
148361  17.342  -79.110  -33.023 0.0000000000
10057  17.954  -78.631  -33.835 0.0000000000
10046  17.005  -78.673  -33.148 0.0000000000
16817  2.302  -72.255  -26.678 0.0000000000
15654  1.389  -73.602  -25.716 0.0000000000
14472  1.914  -74.185  -26.387 0.0000000000
13306  1.378  -75.416  -26.141 0.0000000000
13321  2.150  -75.045  -26.800 0.0000000000
14482  3.043  -75.036  -26.936 0.0000000000
139634  3.120  -74.194  -27.074 0.0000000000
17892  5.574  -71.206  -25.938 0.0000000000
16796  4.843  -72.128  -25.924 0.0000000000
16779  4.499  -72.195  -24.483 0.0000000000
16780  4.139  -72.704  -24.044 0.0000000000
17876  4.769  -71.611  -23.805 0.0000000000
23152  -0.241  -65.996  0.309 0.0000000000
23151  0.104  -66.721  0.558 0.0000000000
23166  -0.606  -66.815  0.068 0.0000000000
21961  -0.923  -67.407  -0.300 0.0000000000
23183  -0.598  -66.413  -0.946 0.0000000000
23182  -0.173  -66.590  -1.432 0.0000000000
24399  -0.235  -65.653  -1.264 0.0000000000
25602  2.341  -64.485  -1.522 0.0000000000
25601  3.684  -64.667  -1.445 0.0000000000
141016  4.625  -65.146  -1.515 0.0000000000
26837  4.929  -63.677  -2.105 0.0000000000
30304  1.903  -60.096  -1.397 0.0000000000
29176  1.858  -61.131  -1.454 0.0000000000
29175  2.920  -60.930  -1.740 0.0000000000
28037  5.092  -62.245  -4.118 0.0000000000
28013  5.584  -62.390  -2.985 0.0000000000
26880  4.713  -63.062  -4.193 0.0000000000
146256  5.091  -63.734  -4.081 0.0000000000
25643  1.320  -64.143  -3.717 0.0000000000
26882  1.840  -63.198  -3.882 0.0000000000
28073  0.704  -61.732  -5.745 0.0000000000
139582  -0.168  -62.550  -5.022 0.0000000000
28072  1.780  -62.859  -6.027 0.0000000000
152770  2.278  -63.903  -5.792 0.0000000000
28071  3.098  -62.572  -6.340 0.0000000000
34957  8.249  -55.712  -0.241 0.0000000000
150531  14.855  -48.887  -6.439 0.0000000000
42610  15.637  -48.893  -6.339 0.0000000000
42602  14.876  -49.755  -6.449 0.0000000000
40384  12.133  -51.046  -5.950 0.0000000000
40383  12.753  -51.641  -5.871 0.0000000000
39357  12.372  -52.622  -5.724 0.0000000000
39358  11.402  -52.631  -5.629 0.0000000000
39323  7.534  -53.185  -3.541 0.0000000000
39333  8.282  -52.301  -4.671 0.0000000000
38278  8.153  -53.358  -3.780 0.0000000000
148003  9.382  -54.104  -2.634 0.0000000000
37180  9.901  -53.969  -1.239 0.0000000000
38254  8.609  -54.151  -1.578 0.0000000000
38244  5.080  -53.399  -1.832 0.0000000000
38242  7.385  -54.539  -0.729 0.0000000000
37152  5.299  -53.966  -0.803 0.0000000000
37140  6.012  -54.937  -0.063 0.0000000000
37141  4.861  -54.398  -0.126 0.0000000000
36033  3.161  -54.874  -0.055 0.0000000000
37143  3.682  -54.293  -0.853 0.0000000000
149871  3.803  -56.175  -3.662 0.0000000000
34980  3.521  -55.163  -2.512 0.0000000000
138083  3.516  -56.868  -4.597 0.0000000000
33860  3.718  -56.834  -4.173 0.0000000000
33861  3.085  -57.524  -4.767 0.0000000000
36126  4.934  -55.443  -7.004 0.0000000000
31582  5.549  -59.289  -6.499 0.0000000000
132505  4.535  -57.646  -6.613 0.0000000000
136475  4.498  -58.676  -6.537 0.0000000000
32772  2.982  -58.703  -6.048 0.0000000000
137785  3.583  -59.137  -6.460 0.0000000000
30386  2.938  -59.857  -6.507 0.0000000000
30385  4.055  -60.065  -6.593 0.0000000000
143035  7.937  -61.230  -6.632 0.0000000000
139546  5.932  -61.370  -6.421 0.0000000000
29258  6.865  -62.303  -6.420 0.0000000000
28068  6.718  -63.221  -6.310 0.0000000000
28067  7.612  -63.051  -6.355 0.0000000000
26924  8.512  -63.510  -7.089 0.0000000000
29256  9.132  -62.447  -6.888 0.0000000000
236  16.001  -92.310  -14.906 0.0000000000
436  15.741  -92.765  -15.334 0.0000000000
231  14.996  -93.098  -14.847 0.0000000000
426  13.958  -93.162  -14.386 0.0000000000
143037  13.458  -93.654  -15.045 0.0000000000
233  12.686  -93.694  -14.619 0.0000000000
88  12.219  -94.050  -15.469 0.0000000000
80  11.791  -94.045  -14.253 0.0000000000
153469  13.777  -89.455  -13.146 0.0000000000
1946  13.337  -90.003  -13.248 0.0000000000
154692  9.836  -93.099  -12.733 0.0000000000
724  10.721  -92.446  -13.115 0.0000000000
217  10.580  -94.051  -13.375 0.0000000000
82  10.813  -94.539  -13.827 0.0000000000
83  10.324  -94.541  -13.926 0.0000000000
147977  9.659  -94.475  -14.843 0.0000000000
84  9.644  -94.474  -14.137 0.0000000000
422  6.657  -93.464  -12.810 0.0000000000
145763  7.958  -93.906  -14.148 0.0000000000
4828  11.675  -84.451  -8.349 0.0000000000
4213  11.512  -84.727  -9.243 0.0000000000
4841  10.647  -84.308  -9.240 0.0000000000
4869  7.904  -85.371  -11.208 0.0000000000
4233  8.818  -85.207  -11.552 0.0000000000
4240  8.416  -85.698  -12.009 0.0000000000
149643  8.328  -86.898  -12.570 0.0000000000
3633  7.513  -86.428  -12.581 0.0000000000
154600  7.125  -89.674  -10.094 0.0000000000
2452  6.774  -88.452  -10.610 0.0000000000
2453  5.922  -88.554  -11.014 0.0000000000
3096  5.014  -87.610  -13.125 0.0000000000
2492  5.439  -87.966  -13.421 0.0000000000
2491  6.408  -88.184  -13.391 0.0000000000
154850  5.885  -89.570  -13.484 0.0000000000
1093  5.655  -91.008  -13.282 0.0000000000
152562  5.846  -90.735  3.049 0.0000000000
131778  6.128  -90.260  2.208 0.0000000000
963  6.037  -91.548  0.815 0.0000000000
613  5.721  -92.278  -0.313 0.0000000000
130082  5.850  -92.337  1.099 0.0000000000
7583  1.033  -80.079  6.768 0.0000000000
153666  0.815  -85.060  7.604 0.0000000000
5296  0.869  -83.358  7.025 0.0000000000
3423  2.530  -86.487  7.546 0.0000000000
132355  1.319  -88.979  7.525 0.0000000000
2855  0.434  -87.566  7.620 0.0000000000
1745  1.886  -89.241  7.647 0.0000000000
575  3.275  -92.348  5.694 0.0000000000
1296  2.541  -91.087  6.847 0.0000000000
1308  3.777  -90.757  6.029 0.0000000000
1295  4.050  -89.935  6.093 0.0000000000
136121  4.642  -91.089  5.268 0.0000000000
148436  5.217  -91.148  4.661 0.0000000000
930  4.851  -91.771  4.668 0.0000000000
149521  4.903  -94.477  1.401 0.0000000000
324  5.183  -93.872  1.851 0.0000000000
125  5.215  -94.194  1.342 0.0000000000
329  6.030  -94.112  -0.207 0.0000000000
27  5.704  -94.849  -1.074 0.0000000000
47  5.201  -95.205  -2.480 0.0000000000
39  5.014  -95.143  -1.396 0.0000000000
148328  2.342  -95.121  -2.237 0.0000000000
133383  2.747  -95.130  -2.789 0.0000000000
21808  4.484  -67.008  9.003 0.0000000000
136034  3.613  -68.436  6.994 0.0000000000
19647  3.087  -68.455  7.645 0.0000000000
19645  4.136  -69.838  6.884 0.0000000000
18575  4.426  -70.565  6.902 0.0000000000
18585  4.042  -70.218  6.389 0.0000000000
132881  3.793  -71.610  5.995 0.0000000000
17535  3.494  -70.853  5.788 0.0000000000
18598  0.049  -70.575  6.009 0.0000000000
17537  0.487  -71.267  5.787 0.0000000000
17538  0.316  -71.593  5.581 0.0000000000
15151  0.541  -73.001  5.254 0.0000000000
17539  -0.041  -71.615  5.172 0.0000000000
24278  0.240  -65.190  5.265 0.0000000000
23057  0.100  -66.103  5.537 0.0000000000
23075  -0.244  -66.260  4.425 0.0000000000
136687  -0.580  -68.956  1.973 0.0000000000
19688  -0.805  -69.108  2.982 0.0000000000
19705  -0.685  -69.742  2.420 0.0000000000
16416  -0.074  -72.168  3.195 0.0000000000
16431  -0.189  -72.011  2.181 0.0000000000
15223  0.038  -73.844  1.949 0.0000000000
17563  0.020  -71.536  1.816 0.0000000000
31380  7.178  -58.438  3.596 0.0000000000
31352  5.958  -58.679  4.133 0.0000000000
32555  6.150  -58.445  3.242 0.0000000000
29110  4.902  -60.816  2.824 0.0000000000
29111  4.040  -60.246  2.994 0.0000000000
27914  4.130  -62.493  3.269 0.0000000000
138031  3.363  -62.819  3.404 0.0000000000
26750  4.168  -63.386  3.546 0.0000000000
127573  21.216  -56.611  -2.042 0.0000000000
34947  22.535  -55.685  -0.766 0.0000000000
36041  21.476  -55.556  -2.612 0.0000000000
127578  21.176  -56.238  -2.634 0.0000000000
153467  22.901  -56.797  -3.447 0.0000000000
128525  23.696  -57.583  -3.312 0.0000000000
39303  23.024  -52.430  -1.411 0.0000000000
39292  23.333  -52.164  -0.622 0.0000000000
38231  22.732  -53.154  -1.503 0.0000000000
38241  22.683  -53.295  -1.905 0.0000000000
36027  24.992  -55.445  -1.060 0.0000000000
34955  24.622  -55.980  -2.135 0.0000000000
147533  24.414  -57.541  -0.678 0.0000000000
128036  24.823  -57.705  0.295 0.0000000000
33781  26.298  -57.337  0.254 0.0000000000
153870  25.783  -58.636  0.389 0.0000000000
38211  27.052  -53.809  0.292 0.0000000000
37129  27.460  -54.988  0.383 0.0000000000
134852  27.952  -55.049  0.208 0.0000000000
34954  27.669  -56.634  -1.489 0.0000000000
38274  28.529  -53.306  -5.957 0.0000000000
145666  28.564  -52.316  -6.156 0.0000000000
40322  28.126  -49.605  -0.950 0.0000000000
40332  28.279  -50.389  -2.255 0.0000000000
42571  27.090  -47.798  -1.220 0.0000000000
40333  28.123  -49.536  -2.620 0.0000000000
41428  27.440  -48.977  -3.111 0.0000000000
40354  27.452  -50.752  -4.799 0.0000000000
141925  26.746  -49.072  -4.132 0.0000000000
1803  13.209  -89.429  0.349 0.0000000000
52  10.727  -93.788  -2.557 0.0000000000
134846  11.537  -93.810  -1.631 0.0000000000
137389  11.206  -93.879  -2.267 0.0000000000
995  11.514  -91.719  -3.351 0.0000000000
987  11.985  -91.359  -2.423 0.0000000000
134296  12.588  -89.941  -2.285 0.0000000000
1809  13.316  -88.863  -1.353 0.0000000000
1820  13.374  -88.705  -2.199 0.0000000000
146039  13.467  -88.707  -2.923 0.0000000000
1038  13.794  -91.574  -7.775 0.0000000000
1037  14.392  -90.972  -7.563 0.0000000000
1048  14.508  -91.583  -8.290 0.0000000000
677  15.835  -91.666  -8.573 0.0000000000
678  15.086  -92.361  -8.793 0.0000000000
403  10.292  -93.760  -10.256 0.0000000000
199  11.215  -94.189  -9.830 0.0000000000
205  11.833  -94.105  -10.365 0.0000000000
210  13.791  -93.768  -11.340 0.0000000000
203  14.205  -94.019  -10.753 0.0000000000
400  15.414  -93.596  -10.699 0.0000000000
388  15.958  -92.819  -10.177 0.0000000000
399  16.310  -93.079  -11.025 0.0000000000
705  18.275  -92.371  -11.580 0.0000000000
408  17.129  -92.770  -11.625 0.0000000000
213  15.515  -91.722  -13.079 0.0000000000
149992  16.634  -91.103  -12.696 0.0000000000
221  16.069  -91.274  -13.477 0.0000000000
434  16.971  -91.932  -14.862 0.0000000000
2487  19.810  -88.378  -13.569 0.0000000000
1956  19.452  -88.955  -14.999 0.0000000000
2499  18.799  -88.260  -14.289 0.0000000000
134535  17.942  -89.891  -13.539 0.0000000000
2501  17.743  -88.547  -14.313 0.0000000000
1477  17.566  -89.585  -14.182 0.0000000000
1491  17.290  -89.990  -14.800 0.0000000000
139925  18.005  -90.708  -13.974 0.0000000000
248  14.028  -92.526  -17.347 0.0000000000
447  14.472  -92.410  -18.138 0.0000000000
256  13.747  -92.648  -18.170 0.0000000000
455  13.854  -93.188  -19.713 0.0000000000
461  14.790  -93.241  -20.096 0.0000000000
471  14.225  -93.166  -20.625 0.0000000000
470  15.293  -92.619  -21.340 0.0000000000
142742  14.534  -92.858  -21.383 0.0000000000
800  12.472  -90.330  -23.417 0.0000000000
792  13.088  -90.377  -23.084 0.0000000000
791  13.848  -90.382  -23.193 0.0000000000
781  14.434  -91.826  -23.039 0.0000000000
798  14.235  -90.655  -23.589 0.0000000000
152254  14.989  -90.963  -23.950 0.0000000000
1163  14.601  -91.055  -24.140 0.0000000000
139002  14.833  -90.116  -25.765 0.0000000000
2047  16.460  -88.965  -27.072 0.0000000000
3207  17.122  -87.183  -29.571 0.0000000000
3208  16.402  -87.222  -29.692 0.0000000000
4396  15.764  -85.303  -32.407 0.0000000000
4383  16.531  -85.864  -31.959 0.0000000000
148359  16.674  -85.017  -32.388 0.0000000000
5046  17.231  -84.318  -32.652 0.0000000000
5054  16.041  -84.061  -33.228 0.0000000000
6429  13.132  -82.114  -34.186 0.0000000000
6428  14.150  -82.432  -34.197 0.0000000000
6427  15.335  -82.198  -34.190 0.0000000000
127528  14.883  -81.392  -34.272 0.0000000000
127527  15.404  -80.674  -34.109 0.0000000000
128034  14.600  -80.531  -34.319 0.0000000000
10047  13.294  -78.748  -33.722 0.0000000000
9095  14.049  -79.333  -33.957 0.0000000000
10035  13.794  -78.698  -33.773 0.0000000000
10034  15.133  -78.189  -33.325 0.0000000000
11142  13.877  -77.532  -33.067 0.0000000000
3737  4.435  -86.694  -23.541 0.0000000000
6398  6.959  -82.436  -28.593 0.0000000000
7189  6.273  -81.819  -29.170 0.0000000000
7188  7.275  -81.791  -29.147 0.0000000000
8109  9.257  -80.027  -30.385 0.0000000000
8100  8.190  -80.363  -30.210 0.0000000000
9060  8.869  -79.375  -31.192 0.0000000000
9071  8.011  -79.625  -32.363 0.0000000000
140035  9.439  -78.945  -31.707 0.0000000000
153483  9.821  -78.639  -33.045 0.0000000000
10022  10.150  -78.657  -32.228 0.0000000000
10014  13.135  -78.074  -30.850 0.0000000000
10020  12.441  -77.772  -31.567 0.0000000000
10019  13.261  -77.310  -31.609 0.0000000000
11128  14.081  -76.898  -31.702 0.0000000000
128454  14.642  -76.948  -31.088 0.0000000000
12263  15.852  -76.631  -31.297 0.0000000000
10012  14.981  -77.534  -30.423 0.0000000000
149768  14.715  -80.986  -26.987 0.0000000000
7913  9.760  -80.583  -19.751 0.0000000000
7959  10.619  -80.558  -20.257 0.0000000000
7932  11.028  -79.742  -19.993 0.0000000000
17610  1.357  -71.070  -3.116 0.0000000000
17626  0.500  -71.438  -3.606 0.0000000000
17625  2.052  -71.670  -3.673 0.0000000000
16552  2.613  -72.174  -6.366 0.0000000000
16543  2.187  -72.312  -5.506 0.0000000000
17650  1.764  -71.468  -6.826 0.0000000000
17662  1.098  -71.200  -7.400 0.0000000000
17676  1.409  -70.774  -7.992 0.0000000000
17686  6.355  -71.255  -9.010 0.0000000000
17673  5.061  -71.609  -8.359 0.0000000000
18770  4.637  -70.415  -9.651 0.0000000000
19877  2.840  -68.764  -12.261 0.0000000000
19845  3.068  -69.650  -10.766 0.0000000000
19863  1.600  -68.488  -10.842 0.0000000000
19846  1.318  -68.757  -10.035 0.0000000000
20924  0.962  -67.672  -10.999 0.0000000000
22075  -0.080  -67.245  -11.688 0.0000000000
22092  0.765  -66.686  -12.201 0.0000000000
24563  2.780  -64.731  -15.229 0.0000000000
24620  5.642  -63.988  -19.468 0.0000000000
25841  4.611  -63.762  -20.198 0.0000000000
24633  5.923  -65.004  -20.864 0.0000000000
23483  6.260  -66.071  -22.436 0.0000000000
24643  6.866  -65.187  -21.240 0.0000000000
19933  6.510  -69.618  -16.549 0.0000000000
21031  5.575  -68.362  -17.759 0.0000000000
21030  6.503  -68.540  -17.893 0.0000000000
22215  8.841  -67.230  -20.182 0.0000000000
22195  7.645  -66.680  -19.616 0.0000000000
22216  8.116  -66.685  -20.779 0.0000000000
22236  7.959  -66.094  -22.866 0.0000000000
21119  8.137  -66.749  -22.751 0.0000000000
21133  7.807  -68.152  -24.225 0.0000000000
21120  7.753  -67.940  -23.036 0.0000000000
18899  6.531  -69.938  -20.362 0.0000000000
19990  6.332  -69.584  -21.226 0.0000000000
18900  5.714  -70.367  -20.724 0.0000000000
146281  4.771  -71.466  -20.710 0.0000000000
128794  5.763  -71.569  -20.154 0.0000000000
28092  5.309  -62.799  -8.866 0.0000000000
28111  4.486  -61.718  -9.281 0.0000000000
28126  1.810  -62.812  -10.685 0.0000000000
26953  1.293  -63.112  -10.750 0.0000000000
25726  2.263  -63.270  -11.226 0.0000000000
26976  5.783  -63.381  -12.917 0.0000000000
26977  4.906  -63.157  -12.907 0.0000000000
26964  5.464  -63.676  -12.165 0.0000000000
139772  5.000  -64.218  -11.602 0.0000000000
25703  5.613  -64.833  -11.291 0.0000000000
24497  6.726  -65.495  -10.606 0.0000000000
25701  7.303  -64.830  -11.061 0.0000000000
143698  9.858  -65.447  -12.473 0.0000000000
24510  9.956  -65.276  -11.599 0.0000000000
24520  10.574  -65.719  -12.152 0.0000000000
23303  11.998  -66.120  -11.098 0.0000000000
23315  11.605  -66.221  -11.993 0.0000000000
23365  9.069  -66.479  -15.708 0.0000000000
23380  10.373  -66.488  -16.299 0.0000000000
20988  13.346  -68.752  -15.516 0.0000000000
20969  12.292  -67.893  -15.014 0.0000000000
20953  13.614  -68.096  -13.711 0.0000000000
22104  13.688  -67.820  -12.872 0.0000000000
144821  14.284  -68.830  -13.757 0.0000000000
18811  14.336  -70.262  -13.355 0.0000000000
136981  14.562  -70.354  -14.125 0.0000000000
16673  14.287  -72.331  -17.436 0.0000000000
16646  14.166  -72.384  -15.707 0.0000000000
15490  12.840  -73.489  -16.772 0.0000000000
15491  12.026  -73.501  -16.646 0.0000000000
15508  12.140  -73.806  -17.371 0.0000000000
151001  13.993  -71.366  -20.153 0.0000000000
147884  13.495  -72.306  -20.788 0.0000000000
14420  11.334  -74.584  -21.633 0.0000000000
14405  11.729  -74.281  -20.792 0.0000000000
142676  10.843  -74.644  -20.825 0.0000000000
14393  10.642  -74.262  -19.230 0.0000000000
15560  9.891  -73.737  -20.722 0.0000000000
16718  10.101  -72.464  -21.328 0.0000000000
15582  9.759  -73.450  -21.604 0.0000000000
15634  7.888  -73.349  -24.653 0.0000000000
15620  8.272  -72.619  -24.272 0.0000000000
15635  7.745  -72.914  -24.321 0.0000000000
15605  7.419  -72.777  -22.997 0.0000000000
144080  7.411  -73.667  -24.422 0.0000000000
14459  7.002  -74.761  -24.749 0.0000000000
14470  7.267  -74.678  -25.335 0.0000000000
13345  6.595  -73.941  -28.719 0.0000000000
13334  5.660  -74.814  -27.905 0.0000000000
128333  6.444  -75.306  -29.025 0.0000000000
13347  5.924  -76.052  -28.994 0.0000000000
13365  6.843  -75.024  -29.659 0.0000000000
14510  11.013  -74.474  -30.033 0.0000000000
13363  9.480  -75.082  -30.196 0.0000000000
13362  10.685  -75.287  -30.195 0.0000000000
12235  11.233  -76.092  -29.860 0.0000000000
13360  12.452  -75.110  -30.011 0.0000000000
1515  17.719  -90.017  -17.117 0.0000000000
1525  17.116  -90.512  -17.446 0.0000000000
744  16.924  -92.132  -17.954 0.0000000000
753  16.307  -92.542  -18.447 0.0000000000
12837  8.170  -74.772  7.536 0.0000000000
12845  8.961  -75.488  6.544 0.0000000000
13965  8.359  -75.040  6.221 0.0000000000
12854  7.140  -75.387  5.217 0.0000000000
12866  6.665  -75.755  4.351 0.0000000000
12887  4.966  -75.922  3.615 0.0000000000
12867  5.509  -75.609  4.420 0.0000000000
12856  4.986  -75.161  5.236 0.0000000000
136364  3.654  -74.345  5.681 0.0000000000
34905  17.978  -55.768  4.094 0.0000000000
33748  18.728  -56.484  2.886 0.0000000000
33762  18.356  -57.427  2.376 0.0000000000
33747  19.576  -56.207  2.650 0.0000000000
14448  3.639  -74.804  -23.692 0.0000000000
13272  3.555  -75.492  -22.804 0.0000000000
14435  3.646  -74.563  -22.367 0.0000000000
13252  4.445  -75.012  -20.805 0.0000000000
140404  6.193  -75.730  -20.315 0.0000000000
12118  7.085  -76.704  -21.389 0.0000000000
13263  7.124  -75.916  -21.025 0.0000000000
12143  7.026  -76.554  -23.269 0.0000000000
129310  6.821  -75.869  -24.394 0.0000000000
25657  1.014  -64.659  -5.587 0.0000000000
24453  0.528  -65.208  -5.828 0.0000000000
24464  1.775  -65.300  -6.311 0.0000000000
25673  2.137  -64.887  -7.296 0.0000000000
25682  1.158  -63.669  -8.123 0.0000000000
45891  25.336  -46.846  -3.286 0.0000000000
44865  25.464  -47.599  -4.385 0.0000000000
2033  19.927  -88.597  -26.011 0.0000000000
149129  20.485  -88.348  -25.501 0.0000000000
2593  20.101  -87.930  -26.698 0.0000000000
3181  20.181  -87.136  -27.107 0.0000000000
3185  20.274  -86.496  -27.285 0.0000000000
3195  19.683  -86.306  -27.802 0.0000000000
3758  18.917  -86.511  -29.542 0.0000000000
3767  18.612  -86.292  -30.162 0.0000000000
31460  4.607  -59.051  -0.372 0.0000000000
31461  3.646  -59.104  0.312 0.0000000000
137113  1.601  -58.370  1.310 0.0000000000
32648  0.812  -58.282  0.903 0.0000000000
32624  1.624  -57.712  1.222 0.0000000000
33810  1.973  -56.830  0.654 0.0000000000
34949  2.698  -56.320  0.110 0.0000000000
151573  18.440  -50.200  -5.265 0.0000000000
154181  17.781  -50.609  -5.884 0.0000000000
41456  17.135  -50.530  -6.236 0.0000000000
41457  16.286  -50.543  -6.419 0.0000000000
42624  9.161  -49.193  -6.665 0.0000000000
42646  9.635  -49.528  -7.665 0.0000000000
2440  12.421  -87.991  -9.817 0.0000000000
3045  13.503  -87.612  -9.840 0.0000000000
3046  12.320  -87.201  -9.972 0.0000000000
3597  12.089  -86.352  -10.177 0.0000000000
3611  11.924  -85.708  -10.604 0.0000000000
1017  5.550  -92.069  -6.166 0.0000000000
1028  5.666  -91.390  -6.874 0.0000000000
665  5.917  -93.187  -6.657 0.0000000000
366  6.171  -93.809  -6.889 0.0000000000
374  5.751  -93.578  -8.080 0.0000000000
382  4.943  -93.661  -8.670 0.0000000000
140185  5.452  -94.428  -6.678 0.0000000000
75  5.119  -95.030  -6.093 0.0000000000
70  4.739  -95.108  -5.462 0.0000000000
2902  1.248  -87.021  4.275 0.0000000000
2300  1.444  -88.448  4.973 0.0000000000
2301  0.092  -88.692  4.395 0.0000000000
1319  -0.649  -90.120  4.397 0.0000000000
932  -1.317  -92.035  4.307 0.0000000000
589  -1.409  -92.717  3.579 0.0000000000
144198  8.836  -62.744  7.417 0.0000000000
27849  8.343  -63.216  7.917 0.0000000000
27866  7.531  -62.965  6.794 0.0000000000
27883  6.750  -62.672  5.905 0.0000000000
27885  4.157  -61.884  5.652 0.0000000000
27886  3.206  -61.812  5.920 0.0000000000
29059  4.419  -60.792  5.266 0.0000000000
30187  3.648  -59.764  4.921 0.0000000000
30203  3.155  -59.340  4.419 0.0000000000
146234  23.321  -50.876  -1.196 0.0000000000
41374  24.039  -50.608  -0.553 0.0000000000
41373  24.910  -50.155  0.362 0.0000000000
1407  9.345  -90.553  -5.462 0.0000000000
1015  8.888  -91.225  -5.937 0.0000000000
1416  9.310  -90.751  -6.381 0.0000000000
1424  9.269  -90.910  -7.100 0.0000000000
1434  9.592  -90.591  -8.576 0.0000000000
1444  9.645  -91.124  -9.379 0.0000000000
1885  10.163  -89.268  -9.027 0.0000000000
2442  10.704  -88.868  -9.528 0.0000000000
4985  6.469  -84.445  -21.150 0.0000000000
4986  5.903  -84.937  -21.615 0.0000000000
4993  6.233  -84.522  -22.221 0.0000000000
5654  6.676  -84.240  -22.955 0.0000000000
140402  7.069  -84.205  -23.930 0.0000000000
5673  7.263  -83.856  -25.797 0.0000000000
5663  8.091  -83.808  -24.184 0.0000000000
6373  8.932  -83.173  -24.898 0.0000000000
6372  9.714  -82.455  -25.115 0.0000000000
136515  10.683  -81.544  -24.835 0.0000000000
7153  10.680  -81.488  -24.149 0.0000000000
7141  10.625  -81.418  -23.281 0.0000000000
8004  11.107  -80.933  -22.710 0.0000000000
16527  -1.146  -72.953  -2.980 0.0000000000
16526  -0.962  -72.522  -3.595 0.0000000000
18756  11.510  -70.031  -8.574 0.0000000000
18766  10.175  -70.976  -9.162 0.0000000000
19830  11.611  -70.148  -9.338 0.0000000000
19838  11.175  -69.900  -10.393 0.0000000000
19873  9.825  -69.608  -11.661 0.0000000000
18804  9.689  -70.027  -12.451 0.0000000000
18803  10.505  -70.016  -11.901 0.0000000000
18814  11.764  -70.979  -12.915 0.0000000000
17722  12.277  -71.464  -13.582 0.0000000000
2533  20.867  -88.771  -18.132 0.0000000000
2537  20.331  -89.181  -18.733 0.0000000000
130144  19.041  -92.018  -20.351 0.0000000000
762  19.252  -91.364  -20.226 0.0000000000
768  16.619  -90.060  -20.060 0.0000000000
1147  17.132  -89.800  -21.858 0.0000000000
1151  17.512  -89.601  -23.168 0.0000000000
1152  16.662  -89.367  -22.931 0.0000000000
1161  17.039  -90.692  -23.659 0.0000000000
1562  16.695  -90.498  -23.795 0.0000000000
48177  16.620  -44.564  -7.460 0.0000000000
47038  16.140  -45.174  -6.802 0.0000000000
48153  15.228  -44.778  -6.836 0.0000000000
48154  14.329  -44.441  -7.061 0.0000000000
150355  11.434  -43.932  -6.769 0.0000000000
47039  11.139  -45.265  -7.084 0.0000000000
48180  11.232  -44.737  -7.127 0.0000000000
136074  11.483  -44.649  -7.658 0.0000000000
2967  7.465  -87.347  -1.788 0.0000000000
2377  6.602  -88.191  -2.899 0.0000000000
2365  7.233  -87.955  -1.348 0.0000000000
2366  6.895  -88.746  -1.501 0.0000000000
137101  6.896  -89.128  -0.751 0.0000000000
9492  4.725  -78.437  8.285 0.0000000000
10534  4.516  -77.431  7.144 0.0000000000
10549  4.119  -77.203  6.587 0.0000000000
9556  5.558  -78.480  3.094 0.0000000000
134601  5.180  -78.230  3.843 0.0000000000
8587  4.013  -78.889  2.864 0.0000000000
8599  2.540  -79.420  2.374 0.0000000000
8600  1.414  -79.731  2.495 0.0000000000
6803  0.334  -81.146  2.491 0.0000000000
7614  1.320  -80.110  1.733 0.0000000000
151081  0.403  -81.310  1.618 0.0000000000
5376  -1.132  -82.951  0.536 0.0000000000
6823  -0.270  -81.655  0.085 0.0000000000
6839  -0.634  -81.178  -0.898 0.0000000000
131102  0.253  -80.258  -1.769 0.0000000000
10609  1.694  -77.570  1.203 0.0000000000
10650  0.919  -78.260  -0.393 0.0000000000
30196  15.250  -60.470  5.095 0.0000000000
150852  13.395  -61.196  4.240 0.0000000000
130381  12.121  -59.930  3.504 0.0000000000
30224  13.118  -60.348  3.485 0.0000000000
31375  12.662  -59.213  3.158 0.0000000000
32570  12.262  -58.174  2.646 0.0000000000
33785  14.901  -57.609  0.616 0.0000000000
33786  13.671  -57.168  0.439 0.0000000000
33806  14.097  -57.689  -0.283 0.0000000000
32641  13.768  -58.173  -1.146 0.0000000000
133197  12.553  -58.861  -2.089 0.0000000000
31456  19.345  -59.734  -1.006 0.0000000000
30274  18.763  -58.909  -2.259 0.0000000000
30272  19.746  -59.010  -2.896 0.0000000000
30294  20.033  -59.474  -3.087 0.0000000000
128972  20.191  -59.318  -3.324 0.0000000000
128009  20.388  -58.806  -3.267 0.0000000000
127914  20.870  -58.690  -3.603 0.0000000000
6374  2.278  -82.070  -24.488 0.0000000000
140171  2.546  -78.667  -20.859 0.0000000000
8951  2.533  -79.502  -21.334 0.0000000000
8935  2.519  -79.363  -20.306 0.0000000000
7918  2.613  -80.814  -19.155 0.0000000000
7085  2.753  -81.677  -18.735 0.0000000000
6304  3.032  -82.539  -18.421 0.0000000000
7084  3.307  -81.685  -18.253 0.0000000000
7082  4.900  -82.019  -18.366 0.0000000000
7094  5.464  -81.691  -18.666 0.0000000000
143221  6.802  -81.547  -19.252 0.0000000000
7093  5.968  -81.316  -19.358 0.0000000000
7118  6.064  -80.741  -21.274 0.0000000000
7984  6.784  -80.773  -22.960 0.0000000000
8079  5.254  -80.273  -27.145 0.0000000000
8066  5.587  -80.474  -26.280 0.0000000000
9024  6.539  -79.957  -27.495 0.0000000000
9971  7.718  -79.430  -26.961 0.0000000000
11056  10.034  -77.702  -26.900 0.0000000000
11078  10.703  -77.639  -27.594 0.0000000000
12193  11.172  -77.340  -28.199 0.0000000000
23178  5.041  -66.587  -1.243 0.0000000000
21970  4.471  -67.886  -1.367 0.0000000000
21982  5.403  -67.479  -2.070 0.0000000000
20850  5.243  -68.063  -2.742 0.0000000000
19773  5.148  -68.962  -3.660 0.0000000000
148782  1.922  -67.605  -7.291 0.0000000000
20899  2.383  -68.100  -6.621 0.0000000000
149105  2.835  -67.725  -7.488 0.0000000000
22038  4.973  -67.790  -7.801 0.0000000000
20895  5.843  -68.230  -7.626 0.0000000000
148385  7.244  -68.353  -7.846 0.0000000000
143614  6.553  -67.467  -8.433 0.0000000000
23256  6.973  -67.034  -8.830 0.0000000000
139084  8.218  -66.692  -9.405 0.0000000000
38293  24.160  -53.799  -5.057 0.0000000000
38294  23.422  -53.675  -4.897 0.0000000000
43722  23.780  -48.320  -5.813 0.0000000000
42593  22.984  -49.770  -5.581 0.0000000000
42596  20.930  -49.584  -3.863 0.0000000000
43723  21.227  -49.268  -4.705 0.0000000000
44871  20.842  -48.661  -5.302 0.0000000000
5036  18.651  -83.035  -29.370 0.0000000000
5042  19.429  -82.432  -29.529 0.0000000000
6416  18.544  -80.725  -30.877 0.0000000000
146602  19.199  -80.499  -32.148 0.0000000000
6423  18.152  -80.342  -31.304 0.0000000000
7222  16.883  -80.366  -31.313 0.0000000000
127525  15.988  -79.894  -31.826 0.0000000000
18994  2.424  -70.302  -26.917 0.0000000000
19009  3.235  -70.789  -27.861 0.0000000000
16830  3.729  -72.442  -27.406 0.0000000000
17937  4.260  -70.997  -28.212 0.0000000000
17910  5.537  -70.686  -27.026 0.0000000000
18976  6.297  -70.362  -25.602 0.0000000000
133279  2.838  -62.971  0.774 0.0000000000
26803  2.145  -63.634  0.978 0.0000000000
135952  1.634  -64.459  1.021 0.0000000000
24369  1.719  -65.821  0.922 0.0000000000
137342  0.485  -64.483  0.838 0.0000000000
25581  -0.330  -64.386  0.412 0.0000000000
141684  -0.642  -64.733  -0.296 0.0000000000
142679  0.232  -64.848  -1.447 0.0000000000
25604  -0.089  -63.899  -1.153 0.0000000000
141385  0.919  -63.477  -1.330 0.0000000000
26839  2.056  -63.536  -1.501 0.0000000000
30324  4.589  -60.034  -2.543 0.0000000000
29194  4.639  -61.104  -2.601 0.0000000000
30323  5.161  -60.623  -3.315 0.0000000000
29215  4.300  -61.377  -4.349 0.0000000000
28040  0.991  -62.384  -4.351 0.0000000000
130059  1.745  -61.721  -4.277 0.0000000000
153197  -0.028  -61.245  -5.034 0.0000000000
29263  1.222  -61.014  -5.890 0.0000000000
36054  10.043  -55.065  -0.425 0.0000000000
42611  14.121  -49.201  -6.455 0.0000000000
42612  13.270  -49.400  -6.424 0.0000000000
40357  7.305  -51.268  -4.962 0.0000000000
40356  7.830  -50.948  -5.031 0.0000000000
39335  7.103  -51.890  -4.577 0.0000000000
39324  7.145  -52.693  -3.960 0.0000000000
38264  7.526  -53.461  -2.850 0.0000000000
136444  6.894  -53.583  -2.808 0.0000000000
38257  5.178  -53.417  -1.962 0.0000000000
37167  4.468  -53.504  -1.903 0.0000000000
37169  3.691  -54.320  -2.076 0.0000000000
37183  4.178  -54.139  -2.340 0.0000000000
36083  4.251  -55.916  -4.129 0.0000000000
36104  4.324  -55.970  -5.494 0.0000000000
33905  6.246  -56.936  -6.755 0.0000000000
33904  7.269  -57.627  -6.563 0.0000000000
32768  7.250  -58.621  -6.489 0.0000000000
31581  6.660  -59.403  -6.499 0.0000000000
30383  6.254  -60.232  -6.479 0.0000000000
150006  7.056  -60.120  -6.585 0.0000000000
30381  8.520  -60.839  -6.671 0.0000000000
29255  9.409  -61.411  -6.864 0.0000000000
214  15.283  -92.027  -13.366 0.0000000000
223  15.018  -93.223  -14.365 0.0000000000
415  14.596  -91.857  -14.055 0.0000000000
142728  14.719  -91.968  -14.162 0.0000000000
721  14.070  -92.266  -14.147 0.0000000000
1468  11.270  -90.057  -12.807 0.0000000000
1482  11.447  -90.834  -13.053 0.0000000000
1469  10.699  -90.666  -12.819 0.0000000000
715  9.950  -92.052  -12.933 0.0000000000
140956  9.068  -92.428  -12.564 0.0000000000
420  8.449  -93.677  -12.660 0.0000000000
716  8.173  -92.766  -12.214 0.0000000000
717  7.423  -93.010  -12.117 0.0000000000
133635  6.045  -92.973  -12.495 0.0000000000
4203  9.503  -84.939  -8.381 0.0000000000
4842  9.925  -84.411  -9.658 0.0000000000
4214  8.987  -85.422  -9.268 0.0000000000
4216  8.097  -85.785  -10.378 0.0000000000
4225  7.480  -85.655  -11.017 0.0000000000
1454  5.279  -90.219  -11.155 0.0000000000
2462  5.092  -88.527  -11.474 0.0000000000
1917  4.568  -89.364  -11.580 0.0000000000
2298  6.770  -88.768  4.251 0.0000000000
1335  6.142  -90.010  3.376 0.0000000000
1326  5.813  -90.822  3.810 0.0000000000
7585  -0.204  -79.807  6.382 0.0000000000
6764  0.144  -80.769  6.560 0.0000000000
5990  -0.717  -82.744  7.205 0.0000000000
4654  0.040  -84.615  7.604 0.0000000000
130895  0.007  -85.686  7.667 0.0000000000
569  1.711  -92.322  6.706 0.0000000000
1297  2.155  -91.019  7.008 0.0000000000
152532  2.011  -92.498  6.671 0.0000000000
299  2.960  -92.901  5.400 0.0000000000
308  3.407  -93.104  4.561 0.0000000000
307  4.025  -92.829  4.138 0.0000000000
140674  3.723  -93.829  3.361 0.0000000000
7  4.385  -94.600  1.790 0.0000000000
13  4.475  -94.793  1.104 0.0000000000
28  4.295  -95.027  -0.616 0.0000000000
29  3.538  -95.008  -0.006 0.0000000000
30  2.489  -95.062  -0.177 0.0000000000
25437  5.188  -64.638  8.407 0.0000000000
153146  5.925  -66.166  8.424 0.0000000000
143692  4.654  -65.459  8.600 0.0000000000
23011  4.006  -66.173  8.897 0.0000000000
22991  3.374  -66.879  9.072 0.0000000000
132817  2.947  -66.407  8.063 0.0000000000
21826  3.068  -67.030  7.537 0.0000000000
20721  2.357  -68.398  6.059 0.0000000000
18596  2.639  -70.359  5.663 0.0000000000
20722  1.001  -68.342  6.255 0.0000000000
19655  0.254  -69.189  6.262 0.0000000000
19656  -0.107  -69.253  6.164 0.0000000000
25516  -0.078  -64.379  3.689 0.0000000000
140592  -0.342  -65.566  3.413 0.0000000000
23099  -0.241  -66.085  2.703 0.0000000000
21906  -0.139  -67.463  1.902 0.0000000000
141591  -0.005  -68.921  1.503 0.0000000000
32575  7.400  -58.202  2.559 0.0000000000
133850  6.188  -58.819  2.654 0.0000000000
31403  6.642  -59.109  1.993 0.0000000000
29109  5.968  -60.717  2.440 0.0000000000
36028  22.591  -54.722  -0.890 0.0000000000
131278  21.812  -54.611  -2.275 0.0000000000
141002  23.413  -52.002  -1.195 0.0000000000
38240  23.387  -52.995  -1.902 0.0000000000
37147  24.071  -53.960  -2.064 0.0000000000
34934  25.574  -57.018  0.238 0.0000000000
34945  25.530  -55.999  0.006 0.0000000000
136545  26.354  -56.453  0.356 0.0000000000
34933  26.882  -56.643  0.290 0.0000000000
38216  28.337  -53.769  -0.374 0.0000000000
127581  28.197  -54.648  -0.093 0.0000000000
127580  28.476  -54.700  -0.751 0.0000000000
36037  28.457  -55.157  -1.583 0.0000000000
36049  27.655  -55.932  -2.850 0.0000000000
42558  26.346  -48.572  -0.207 0.0000000000
43676  25.866  -48.224  -0.139 0.0000000000
43688  26.146  -47.803  -1.053 0.0000000000
43704  26.531  -47.228  -2.138 0.0000000000
129284  12.448  -91.986  -0.030 0.0000000000
156  10.227  -93.497  -4.427 0.0000000000
346  10.812  -93.225  -3.639 0.0000000000
151809  10.497  -93.273  -4.241 0.0000000000
1391  11.750  -90.927  -4.137 0.0000000000
1390  12.294  -90.277  -4.015 0.0000000000
1003  11.834  -91.232  -4.835 0.0000000000
362  12.913  -93.072  -6.823 0.0000000000
141375  13.363  -92.832  -8.143 0.0000000000
146631  12.318  -92.453  -11.126 0.0000000000
411  12.102  -93.241  -11.041 0.0000000000
154268  12.890  -92.413  -11.317 0.0000000000
409  13.914  -93.157  -11.640 0.0000000000
130708  14.935  -93.502  -11.672 0.0000000000
209  15.555  -92.013  -12.055 0.0000000000
215  15.057  -92.687  -12.164 0.0000000000
3079  18.125  -87.307  -12.235 0.0000000000
3092  18.081  -87.623  -13.118 0.0000000000
1923  18.103  -89.607  -12.858 0.0000000000
1464  18.976  -90.664  -12.478 0.0000000000
140839  12.778  -93.589  -17.924 0.0000000000
145605  13.137  -93.046  -17.962 0.0000000000
152890  12.935  -93.168  -18.423 0.0000000000
270  13.004  -93.065  -19.695 0.0000000000
153962  12.780  -93.133  -20.300 0.0000000000
1171  14.027  -91.058  -24.669 0.0000000000
6431  11.962  -82.258  -33.871 0.0000000000
142700  12.369  -81.789  -34.101 0.0000000000
7226  13.066  -81.171  -34.213 0.0000000000
7230  13.762  -80.482  -34.350 0.0000000000
131826  12.300  -80.171  -34.044 0.0000000000
9098  11.851  -79.472  -33.785 0.0000000000
140567  11.744  -78.736  -33.389 0.0000000000
7187  8.917  -81.803  -28.797 0.0000000000
7194  8.609  -81.191  -29.484 0.0000000000
7193  9.642  -81.300  -29.236 0.0000000000
8098  10.002  -80.701  -29.848 0.0000000000
8108  10.408  -80.177  -30.378 0.0000000000
9068  10.921  -78.775  -31.447 0.0000000000
9057  11.713  -79.366  -30.806 0.0000000000
135152  12.543  -79.556  -30.456 0.0000000000
9055  13.827  -78.652  -30.237 0.0000000000
10004  14.620  -78.405  -30.034 0.0000000000
9047  14.327  -79.274  -29.650 0.0000000000
9046  15.078  -79.036  -29.371 0.0000000000
9912  9.964  -78.493  -20.461 0.0000000000
9897  12.650  -78.211  -20.318 0.0000000000
16522  4.056  -72.204  -3.787 0.0000000000
138829  2.420  -72.226  -4.382 0.0000000000
15312  4.043  -73.118  -4.937 0.0000000000
16551  3.580  -72.686  -6.435 0.0000000000
17659  3.979  -72.194  -7.539 0.0000000000
19859  5.718  -69.003  -11.375 0.0000000000
19844  4.181  -69.724  -11.155 0.0000000000
20921  4.721  -68.487  -11.893 0.0000000000
20940  3.361  -67.941  -12.765 0.0000000000
134949  2.594  -67.274  -12.939 0.0000000000
22111  2.224  -66.294  -13.218 0.0000000000
23335  2.957  -65.854  -13.763 0.0000000000
24544  3.208  -64.909  -14.656 0.0000000000
25772  3.871  -64.400  -15.909 0.0000000000
25803  3.914  -64.151  -18.038 0.0000000000
23397  4.930  -64.786  -17.065 0.0000000000
132689  5.317  -65.748  -17.942 0.0000000000
23411  5.998  -65.112  -18.922 0.0000000000
19931  8.412  -69.875  -17.020 0.0000000000
21029  7.640  -68.450  -17.909 0.0000000000
21028  8.806  -68.240  -18.003 0.0000000000
21048  9.319  -67.710  -18.810 0.0000000000
21085  9.274  -67.711  -20.083 0.0000000000
21087  8.076  -68.308  -21.224 0.0000000000
19988  8.581  -68.568  -20.540 0.0000000000
18882  8.348  -70.074  -20.037 0.0000000000
17816  8.505  -70.733  -20.292 0.0000000000
28160  5.723  -62.796  -14.611 0.0000000000
144195  6.053  -63.344  -13.660 0.0000000000
26975  6.705  -63.745  -12.963 0.0000000000
25722  7.794  -64.297  -11.683 0.0000000000
25748  8.093  -64.511  -13.251 0.0000000000
24530  8.389  -65.371  -13.786 0.0000000000
147132  9.593  -66.377  -13.729 0.0000000000
23396  12.023  -66.108  -17.135 0.0000000000
22152  11.618  -67.519  -16.063 0.0000000000
22151  12.320  -67.888  -16.398 0.0000000000
21009  12.701  -68.454  -16.077 0.0000000000
19912  14.146  -69.559  -15.499 0.0000000000
134394  14.591  -70.392  -15.019 0.0000000000
19911  14.552  -70.448  -16.088 0.0000000000
133310  14.763  -71.631  -16.933 0.0000000000
16687  14.220  -72.049  -18.212 0.0000000000
16774  13.271  -72.226  -23.383 0.0000000000
15601  13.013  -72.911  -21.924 0.0000000000
15618  12.548  -73.701  -23.124 0.0000000000
14430  11.950  -74.341  -22.408 0.0000000000
14432  10.125  -74.950  -22.522 0.0000000000
14433  9.632  -74.525  -22.940 0.0000000000
13270  9.836  -75.086  -23.375 0.0000000000
13290  9.115  -75.334  -25.002 0.0000000000
13291  8.530  -75.432  -25.718 0.0000000000
13303  7.091  -75.012  -26.593 0.0000000000
136056  8.651  -75.414  -26.482 0.0000000000
13331  8.359  -75.081  -27.379 0.0000000000
14492  7.619  -73.488  -28.465 0.0000000000
1497  21.715  -90.080  -16.035 0.0000000000
143285  21.829  -90.059  -16.944 0.0000000000
1113  21.383  -90.602  -17.332 0.0000000000
1124  20.931  -91.165  -17.905 0.0000000000
1125  20.170  -91.763  -18.246 0.0000000000
149138  19.335  -91.782  -17.955 0.0000000000
135540  18.975  -92.112  -18.569 0.0000000000
758  19.698  -92.023  -19.654 0.0000000000
764  18.290  -92.046  -20.789 0.0000000000
152906  17.866  -91.870  -21.172 0.0000000000
771  15.684  -90.912  -20.953 0.0000000000
9517  8.452  -78.157  6.874 0.0000000000
10546  8.329  -77.757  5.875 0.0000000000
131488  7.451  -77.875  4.235 0.0000000000
138100  8.809  -76.652  5.092 0.0000000000
10571  8.400  -77.122  4.379 0.0000000000
9541  7.045  -77.990  3.619 0.0000000000
9567  6.788  -77.787  2.575 0.0000000000
9578  5.560  -78.102  1.459 0.0000000000
9592  4.494  -78.300  0.354 0.0000000000
8640  3.314  -79.143  -0.412 0.0000000000
10628  4.586  -77.650  0.439 0.0000000000
11800  4.177  -77.287  0.594 0.0000000000
10608  3.036  -77.345  0.786 0.0000000000
11743  4.307  -76.349  2.961 0.0000000000
11763  3.548  -76.705  2.357 0.0000000000
133087  2.701  -77.158  1.769 0.0000000000
134871  1.442  -77.201  1.995 0.0000000000
11765  1.041  -76.473  2.662 0.0000000000
11746  0.283  -75.828  3.083 0.0000000000
33716  17.346  -57.859  5.932 0.0000000000
32544  15.984  -57.634  4.276 0.0000000000
32547  15.238  -57.587  3.570 0.0000000000
33735  15.730  -57.030  3.879 0.0000000000
33752  15.169  -57.357  2.452 0.0000000000
34919  16.762  -56.905  3.303 0.0000000000
33751  15.961  -57.296  2.504 0.0000000000
33765  14.994  -57.470  1.545 0.0000000000
32617  15.564  -58.160  -0.073 0.0000000000
32638  16.431  -58.278  -0.889 0.0000000000
32662  16.840  -58.585  -1.930 0.0000000000
32637  17.020  -58.575  -1.451 0.0000000000
31437  17.824  -59.458  0.037 0.0000000000
31436  18.685  -59.640  0.195 0.0000000000
31414  18.863  -59.248  1.044 0.0000000000
31435  19.527  -59.519  0.364 0.0000000000
128403  20.336  -59.111  0.349 0.0000000000
127568  21.179  -58.731  -0.005 0.0000000000
33783  21.507  -57.610  0.577 0.0000000000
9973  2.545  -78.076  -26.291 0.0000000000
9958  2.845  -78.808  -25.902 0.0000000000
11017  3.379  -77.899  -25.400 0.0000000000
9936  3.316  -78.470  -24.746 0.0000000000
10998  2.990  -78.161  -23.566 0.0000000000
12132  3.382  -76.451  -23.146 0.0000000000
10977  3.114  -77.334  -22.852 0.0000000000
10956  2.652  -77.938  -21.385 0.0000000000
10938  2.743  -77.918  -20.403 0.0000000000
10922  3.898  -77.829  -19.331 0.0000000000
8910  4.949  -79.021  -19.520 0.0000000000
8934  5.469  -79.573  -20.096 0.0000000000
9914  5.665  -79.186  -20.846 0.0000000000
9925  5.643  -79.549  -22.784 0.0000000000
9934  6.101  -78.497  -24.371 0.0000000000
9946  5.473  -79.544  -25.068 0.0000000000
9012  5.074  -79.743  -26.921 0.0000000000
9036  5.005  -79.546  -28.512 0.0000000000
9998  5.892  -78.968  -29.241 0.0000000000
24429  3.044  -65.688  -3.633 0.0000000000
23211  2.456  -66.449  -3.719 0.0000000000
23212  1.449  -66.299  -3.736 0.0000000000
154760  0.407  -67.367  -4.903 0.0000000000
22035  0.138  -67.628  -5.645 0.0000000000
24454  -0.170  -66.129  -5.973 0.0000000000
23252  -0.394  -66.739  -6.345 0.0000000000
153293  0.433  -67.374  -6.866 0.0000000000
23262  0.724  -66.624  -8.317 0.0000000000
23261  2.166  -66.827  -8.791 0.0000000000
23275  2.522  -66.424  -9.534 0.0000000000
40371  25.850  -51.209  -5.477 0.0000000000
40372  25.261  -51.843  -5.349 0.0000000000
41450  25.468  -50.346  -5.453 0.0000000000
42592  24.865  -49.563  -5.596 0.0000000000
43721  24.643  -48.584  -5.537 0.0000000000
145488  20.265  -89.105  -22.085 0.0000000000
128132  21.039  -89.015  -21.884 0.0000000000
2013  21.518  -88.922  -22.510 0.0000000000
2570  22.225  -88.326  -23.335 0.0000000000
2574  22.152  -88.147  -24.066 0.0000000000
2581  21.082  -88.109  -25.526 0.0000000000
2583  21.777  -87.882  -25.537 0.0000000000
3173  22.553  -87.615  -25.378 0.0000000000
3176  23.179  -87.173  -25.983 0.0000000000
129694  22.908  -86.259  -27.532 0.0000000000
4357  23.332  -85.690  -28.136 0.0000000000
3748  22.290  -86.158  -28.029 0.0000000000
3755  21.524  -85.741  -28.275 0.0000000000
3756  19.876  -85.585  -28.061 0.0000000000
4372  19.377  -84.196  -28.916 0.0000000000
4393  18.406  -83.419  -29.585 0.0000000000
142712  17.859  -83.001  -29.946 0.0000000000
5051  18.079  -83.498  -32.274 0.0000000000
27963  2.273  -61.934  0.678 0.0000000000
29139  0.115  -61.085  0.955 0.0000000000
141697  -0.157  -61.103  0.655 0.0000000000
29178  -0.061  -61.477  -0.518 0.0000000000
30306  0.268  -60.746  -0.536 0.0000000000
30305  0.868  -60.394  -1.051 0.0000000000
31462  0.994  -58.364  -0.097 0.0000000000
31481  1.890  -59.008  -1.172 0.0000000000
30303  3.192  -59.878  -1.803 0.0000000000
31500  4.166  -59.272  -2.124 0.0000000000
31498  5.293  -58.542  -3.214 0.0000000000
129094  3.671  -59.174  -4.462 0.0000000000
141950  16.902  -52.047  -6.012 0.0000000000
129522  10.621  -48.136  -6.180 0.0000000000
41466  7.884  -50.670  -5.390 0.0000000000
40386  6.933  -51.522  -5.057 0.0000000000
38307  6.514  -52.741  -5.555 0.0000000000
37219  6.202  -53.575  -5.490 0.0000000000
37242  6.252  -54.321  -6.729 0.0000000000
1448  15.314  -89.782  -11.125 0.0000000000
1925  15.707  -89.696  -12.738 0.0000000000
1906  15.208  -89.011  -11.156 0.0000000000
150233  14.063  -88.600  -12.178 0.0000000000
140904  13.163  -89.186  -12.613 0.0000000000
3068  14.113  -87.481  -10.837 0.0000000000
144228  13.332  -88.183  -11.970 0.0000000000
2475  12.315  -88.423  -12.386 0.0000000000
140924  11.336  -88.582  -12.534 0.0000000000
2476  10.473  -88.665  -12.555 0.0000000000
2477  9.604  -88.840  -12.527 0.0000000000
1880  7.089  -88.772  -7.596 0.0000000000
3036  8.443  -88.081  -8.947 0.0000000000
1886  7.359  -89.312  -8.463 0.0000000000
137037  7.308  -89.730  -9.451 0.0000000000
1901  6.852  -90.295  -10.110 0.0000000000
1040  5.999  -91.669  -8.408 0.0000000000
1445  6.542  -91.155  -9.750 0.0000000000
1453  6.307  -91.089  -10.333 0.0000000000
1455  5.096  -91.128  -11.108 0.0000000000
394  4.262  -93.299  -9.118 0.0000000000
5326  -1.255  -83.646  5.434 0.0000000000
4041  -1.641  -85.447  6.882 0.0000000000
3435  -1.012  -86.159  6.412 0.0000000000
2866  0.095  -87.650  6.810 0.0000000000
2288  1.463  -89.469  6.525 0.0000000000
1775  1.423  -89.073  5.542 0.0000000000
1766  1.488  -89.985  5.918 0.0000000000
1299  1.442  -91.766  6.556 0.0000000000
293  0.261  -93.180  6.907 0.0000000000
100  0.654  -93.837  5.645 0.0000000000
4  1.244  -95.093  3.376 0.0000000000
133943  1.384  -95.274  2.203 0.0000000000
154764  0.086  -95.115  2.871 0.0000000000
18  -0.071  -95.099  1.353 0.0000000000
25435  6.891  -64.174  8.197 0.0000000000
26669  7.015  -63.448  7.830 0.0000000000
25462  6.513  -63.778  8.150 0.0000000000
25463  5.658  -63.911  8.195 0.0000000000
25464  4.713  -64.116  8.171 0.0000000000
145097  2.888  -64.350  8.030 0.0000000000
25467  1.591  -64.288  7.003 0.0000000000
25484  0.996  -64.547  6.508 0.0000000000
138814  1.186  -63.948  6.763 0.0000000000
26698  0.693  -63.717  6.157 0.0000000000
141209  0.386  -63.527  5.136 0.0000000000
27887  1.476  -61.345  5.464 0.0000000000
27889  0.499  -61.867  4.722 0.0000000000
26731  0.087  -63.452  4.084 0.0000000000
131390  0.204  -63.643  3.489 0.0000000000
136040  0.525  -63.904  3.002 0.0000000000
25542  1.832  -64.030  3.316 0.0000000000
38229  25.201  -53.172  -0.641 0.0000000000
38219  26.085  -53.713  -0.027 0.0000000000
39290  26.929  -52.825  0.285 0.0000000000
40295  26.676  -52.196  0.378 0.0000000000
39289  27.571  -53.108  -0.005 0.0000000000
39300  28.092  -52.640  -0.399 0.0000000000
39310  28.677  -52.205  -1.074 0.0000000000
131593  29.014  -52.070  -1.770 0.0000000000
42543  25.740  -48.905  0.319 0.0000000000
44806  24.095  -47.936  1.064 0.0000000000
25  10.571  -95.046  -0.957 0.0000000000
146  9.703  -94.284  -2.066 0.0000000000
143744  9.591  -93.856  -2.700 0.0000000000
149036  9.331  -94.084  -4.421 0.0000000000
1016  8.456  -92.045  -5.899 0.0000000000
359  8.419  -94.017  -5.450 0.0000000000
158  8.900  -94.284  -5.093 0.0000000000
165  9.294  -94.256  -5.746 0.0000000000
171  9.363  -94.251  -6.557 0.0000000000
182  9.740  -94.164  -7.329 0.0000000000
138402  10.337  -94.007  -8.101 0.0000000000
201  9.423  -94.184  -9.120 0.0000000000
699  9.685  -93.438  -10.223 0.0000000000
153391  10.700  -92.374  -10.547 0.0000000000
1054  9.936  -91.259  -10.089 0.0000000000
1452  10.583  -91.106  -10.206 0.0000000000
697  11.953  -91.720  -10.706 0.0000000000
132156  12.485  -90.953  -10.400 0.0000000000
1449  14.767  -90.023  -10.439 0.0000000000
261  10.216  -94.027  -18.333 0.0000000000
267  10.746  -93.706  -18.757 0.0000000000
268  9.962  -93.650  -19.011 0.0000000000
6420  9.949  -82.056  -32.502 0.0000000000
4327  3.875  -87.153  -20.959 0.0000000000
137760  3.867  -87.369  -21.541 0.0000000000
3729  4.946  -87.306  -21.534 0.0000000000
3732  4.972  -86.827  -23.069 0.0000000000
3736  4.222  -86.446  -23.861 0.0000000000
4994  5.380  -85.254  -22.943 0.0000000000
5002  4.841  -85.018  -23.832 0.0000000000
4344  3.243  -85.333  -25.004 0.0000000000
5010  2.708  -84.706  -25.726 0.0000000000
5016  3.255  -84.110  -26.685 0.0000000000
5692  3.856  -83.720  -27.358 0.0000000000
6385  4.524  -83.176  -27.245 0.0000000000
6391  6.552  -82.867  -27.909 0.0000000000
6390  7.613  -82.881  -27.840 0.0000000000
5681  7.883  -83.477  -26.407 0.0000000000
6384  8.016  -83.151  -27.174 0.0000000000
149660  9.114  -82.229  -27.990 0.0000000000
7186  9.753  -81.724  -28.352 0.0000000000
7179  10.524  -81.590  -27.774 0.0000000000
7183  11.779  -81.297  -28.472 0.0000000000
132117  13.080  -81.184  -27.843 0.0000000000
8078  12.641  -81.223  -27.070 0.0000000000
7171  12.976  -81.208  -26.336 0.0000000000
128574  13.916  -81.202  -26.268 0.0000000000
8048  11.873  -81.135  -24.854 0.0000000000
8047  13.292  -81.199  -25.498 0.0000000000
135597  14.244  -81.197  -25.476 0.0000000000
8024  14.735  -81.050  -24.753 0.0000000000
17679  0.166  -72.159  -8.747 0.0000000000
16561  7.970  -72.544  -6.969 0.0000000000
16562  7.169  -72.932  -7.069 0.0000000000
16571  7.517  -72.353  -7.752 0.0000000000
138917  7.137  -71.088  -9.203 0.0000000000
146507  7.048  -70.527  -9.926 0.0000000000
18779  8.537  -70.255  -10.054 0.0000000000
18780  7.552  -69.955  -10.403 0.0000000000
19842  6.115  -69.491  -10.831 0.0000000000
19858  6.546  -68.928  -11.461 0.0000000000
20954  6.117  -68.311  -12.558 0.0000000000
20971  5.465  -68.278  -14.147 0.0000000000
135463  5.108  -68.482  -15.228 0.0000000000
19897  5.787  -68.905  -15.046 0.0000000000
18840  6.728  -69.844  -15.645 0.0000000000
18839  7.442  -70.292  -15.581 0.0000000000
18816  9.404  -70.602  -13.475 0.0000000000
18838  8.292  -70.883  -15.572 0.0000000000
18857  7.836  -70.385  -16.351 0.0000000000
151230  9.613  -70.578  -16.796 0.0000000000
18855  10.044  -71.081  -16.823 0.0000000000
17785  10.830  -71.736  -17.967 0.0000000000
22192  14.073  -67.964  -19.371 0.0000000000
19968  14.527  -69.417  -19.413 0.0000000000
17874  13.242  -71.326  -23.712 0.0000000000
4269  19.189  -85.793  -15.276 0.0000000000
4272  18.685  -85.978  -16.063 0.0000000000
3677  18.486  -85.977  -16.977 0.0000000000
3684  18.510  -85.928  -17.944 0.0000000000
3697  18.219  -86.072  -19.130 0.0000000000
3125  19.504  -87.286  -18.163 0.0000000000
3134  17.722  -87.203  -19.326 0.0000000000
127897  16.527  -87.018  -19.936 0.0000000000
127491  14.664  -87.661  -20.774 0.0000000000
128022  14.925  -88.348  -21.884 0.0000000000
145476  18.334  -88.780  -22.332 0.0000000000
1984  21.581  -89.938  -18.423 0.0000000000
1985  20.541  -89.931  -18.986 0.0000000000
1994  19.395  -89.982  -19.451 0.0000000000
128020  19.615  -90.640  -19.864 0.0000000000
2003  18.999  -90.133  -19.773 0.0000000000
154490  17.695  -89.620  -19.884 0.0000000000
127969  18.001  -89.382  -20.982 0.0000000000
127806  18.599  -89.060  -22.155 0.0000000000
145289  19.291  -88.808  -22.231 0.0000000000
1548  20.605  -89.525  -22.678 0.0000000000
1557  20.613  -89.631  -23.429 0.0000000000
2023  20.148  -89.265  -24.557 0.0000000000
1159  18.664  -90.286  -23.795 0.0000000000
1559  19.396  -90.017  -24.351 0.0000000000
2028  19.495  -89.204  -25.186 0.0000000000
2034  19.086  -88.974  -26.046 0.0000000000
2587  18.421  -88.477  -26.475 0.0000000000
2045  17.892  -88.364  -27.102 0.0000000000
43727  17.131  -48.217  -5.524 0.0000000000
44876  17.185  -47.404  -5.445 0.0000000000
44888  15.575  -47.482  -6.216 0.0000000000
147255  15.823  -46.177  -6.204 0.0000000000
137257  15.309  -46.812  -6.350 0.0000000000
151202  13.755  -44.848  -6.976 0.0000000000
49235  12.974  -43.347  -6.748 0.0000000000
142646  12.889  -44.871  -6.749 0.0000000000
47021  13.579  -45.512  -6.779 0.0000000000
45909  12.202  -46.419  -6.478 0.0000000000
43745  9.912  -47.989  -6.805 0.0000000000
44899  10.469  -47.342  -7.021 0.0000000000
136538  10.401  -47.831  -7.490 0.0000000000
43768  10.242  -48.437  -7.709 0.0000000000
42644  10.917  -49.058  -8.587 0.0000000000
41526  11.957  -49.324  -9.244 0.0000000000
44937  12.188  -48.083  -9.512 0.0000000000
3024  12.083  -87.765  -6.951 0.0000000000
3576  12.187  -86.796  -7.702 0.0000000000
3013  12.618  -87.032  -6.463 0.0000000000
4190  12.388  -85.176  -7.143 0.0000000000
4811  11.489  -84.329  -7.665 0.0000000000
4185  11.635  -85.016  -6.227 0.0000000000
4191  10.494  -84.754  -7.198 0.0000000000
4192  9.768  -85.111  -7.497 0.0000000000
3578  9.060  -86.377  -7.620 0.0000000000
3025  8.648  -87.101  -7.375 0.0000000000
3525  9.101  -85.802  -2.664 0.0000000000
3549  9.253  -86.062  -4.349 0.0000000000
153142  8.574  -86.760  -5.246 0.0000000000
3015  8.437  -87.188  -6.562 0.0000000000
148427  8.103  -87.564  -7.129 0.0000000000
2410  6.909  -88.345  -6.775 0.0000000000
2411  6.316  -88.751  -6.242 0.0000000000
1869  5.585  -90.274  -5.385 0.0000000000
132567  6.005  -88.833  -3.968 0.0000000000
1860  5.688  -89.566  -4.086 0.0000000000
129477  5.431  -91.627  -4.247 0.0000000000
997  5.296  -91.893  -3.308 0.0000000000
131202  5.426  -92.823  -2.921 0.0000000000
10523  0.560  -77.571  8.007 0.0000000000
10520  2.936  -77.303  8.077 0.0000000000
10537  1.093  -77.216  7.781 0.0000000000
9511  0.369  -78.349  7.042 0.0000000000
8562  0.032  -79.006  6.294 0.0000000000
135707  -0.521  -80.379  5.988 0.0000000000
6780  -1.015  -82.060  5.649 0.0000000000
9519  6.913  -78.082  6.560 0.0000000000
147415  4.588  -77.387  6.024 0.0000000000
9529  3.553  -77.722  5.190 0.0000000000
9543  4.297  -78.157  4.348 0.0000000000
9544  3.141  -78.287  4.429 0.0000000000
9530  2.528  -77.896  5.229 0.0000000000
9546  0.910  -78.621  4.726 0.0000000000
7600  -0.586  -80.450  4.685 0.0000000000
5335  -1.182  -82.674  5.365 0.0000000000
134609  -0.452  -82.965  4.475 0.0000000000
146266  0.649  -84.318  4.587 0.0000000000
4702  1.262  -84.262  3.917 0.0000000000
154812  0.555  -82.568  2.814 0.0000000000
5339  0.866  -83.360  3.332 0.0000000000
4068  1.215  -84.966  3.610 0.0000000000
139249  0.575  -85.771  3.307 0.0000000000
3458  -1.008  -86.991  2.725 0.0000000000
2916  -1.354  -87.453  2.338 0.0000000000
2339  -0.979  -88.132  2.006 0.0000000000
2917  -1.676  -86.910  1.881 0.0000000000
3503  -1.974  -86.177  1.039 0.0000000000
6062  -1.551  -83.141  -0.306 0.0000000000
8659  2.775  -78.933  -1.021 0.0000000000
7683  1.166  -80.009  -1.348 0.0000000000
7700  0.390  -79.958  -1.967 0.0000000000
9610  0.063  -78.147  -1.228 0.0000000000
29077  9.192  -61.565  4.688 0.0000000000
30199  7.613  -59.927  4.424 0.0000000000
30198  8.613  -60.297  4.385 0.0000000000
31349  9.020  -59.593  3.923 0.0000000000
31379  8.589  -58.718  3.389 0.0000000000
31376  11.215  -59.575  3.447 0.0000000000
32551  9.915  -58.372  2.901 0.0000000000
134467  7.934  -57.990  2.592 0.0000000000
32596  8.010  -58.310  1.760 0.0000000000
32621  8.418  -58.647  0.722 0.0000000000
30243  8.388  -59.170  0.384 0.0000000000
32548  14.529  -57.731  2.895 0.0000000000
150413  12.834  -57.633  2.273 0.0000000000
33755  12.084  -57.305  1.967 0.0000000000
33787  12.845  -56.882  0.563 0.0000000000
33788  11.976  -57.071  0.411 0.0000000000
33789  11.303  -57.313  0.670 0.0000000000
32620  9.684  -58.409  -0.040 0.0000000000
30256  8.974  -59.225  -0.087 0.0000000000
32686  16.781  -58.804  -2.601 0.0000000000
29189  17.349  -60.537  -2.455 0.0000000000
30315  18.889  -59.394  -3.162 0.0000000000
29188  18.258  -60.655  -2.640 0.0000000000
136478  9.596  -90.043  -4.773 0.0000000000
1867  10.081  -89.665  -5.414 0.0000000000
2409  11.087  -88.951  -6.443 0.0000000000
142494  2.591  -85.832  -22.288 0.0000000000
8031  2.688  -80.212  -25.345 0.0000000000
8030  3.091  -80.814  -25.031 0.0000000000
148620  2.954  -81.594  -24.368 0.0000000000
7987  2.870  -80.769  -22.677 0.0000000000
7130  3.096  -81.596  -22.680 0.0000000000
6352  3.041  -82.915  -23.196 0.0000000000
5645  2.877  -83.677  -22.891 0.0000000000
5636  3.138  -83.987  -22.055 0.0000000000
4987  3.158  -85.980  -21.760 0.0000000000
4977  3.500  -85.967  -20.725 0.0000000000
4312  4.173  -85.937  -19.644 0.0000000000
4310  5.177  -85.573  -19.610 0.0000000000
5600  4.170  -83.510  -18.248 0.0000000000
5617  4.601  -84.020  -18.610 0.0000000000
4976  5.531  -84.864  -19.840 0.0000000000
4975  6.206  -84.437  -20.005 0.0000000000
5626  8.088  -83.484  -20.346 0.0000000000
6341  8.871  -83.211  -21.212 0.0000000000
6340  9.378  -82.650  -20.743 0.0000000000
6329  8.848  -82.776  -20.196 0.0000000000
7092  9.290  -81.412  -19.613 0.0000000000
147088  9.357  -80.361  -19.683 0.0000000000
7936  8.018  -80.865  -19.776 0.0000000000
7960  8.323  -80.222  -20.250 0.0000000000
8933  9.480  -79.239  -20.262 0.0000000000
8948  9.141  -78.819  -21.391 0.0000000000
9911  9.914  -77.974  -21.449 0.0000000000
9922  10.328  -77.707  -22.671 0.0000000000
141752  5.641  -80.277  -21.880 0.0000000000
8006  6.137  -80.772  -23.630 0.0000000000
8005  6.547  -80.838  -23.872 0.0000000000
8065  6.172  -80.661  -25.964 0.0000000000
8980  6.906  -80.650  -24.548 0.0000000000
8979  7.852  -79.704  -24.002 0.0000000000
9945  8.508  -78.932  -24.405 0.0000000000
9931  9.838  -77.944  -23.520 0.0000000000
10995  10.569  -77.631  -23.908 0.0000000000
11013  11.412  -77.555  -24.794 0.0000000000
147114  12.366  -77.649  -24.660 0.0000000000
11053  13.058  -77.897  -26.075 0.0000000000
20821  -0.135  -68.804  -2.100 0.0000000000
18705  -0.339  -70.324  -2.344 0.0000000000
19747  0.961  -69.022  -2.377 0.0000000000
18703  2.169  -70.406  -2.662 0.0000000000
18702  3.346  -70.543  -2.292 0.0000000000
19745  4.440  -69.186  -1.521 0.0000000000
18701  4.438  -70.525  -2.161 0.0000000000
17608  3.954  -71.150  -2.670 0.0000000000
16521  5.055  -72.206  -3.829 0.0000000000
17639  5.875  -72.225  -4.159 0.0000000000
16542  6.776  -72.604  -5.231 0.0000000000
21999  2.900  -67.332  -3.978 0.0000000000
20863  3.810  -68.755  -4.558 0.0000000000
19784  4.537  -69.609  -4.860 0.0000000000
19793  3.712  -69.439  -5.997 0.0000000000
19792  4.386  -69.936  -5.798 0.0000000000
154792  4.827  -70.078  -5.247 0.0000000000
148831  6.518  -70.780  -5.429 0.0000000000
18731  6.805  -71.223  -5.206 0.0000000000
17644  7.524  -72.281  -5.741 0.0000000000
17648  8.721  -71.662  -6.573 0.0000000000
17657  9.384  -71.168  -6.862 0.0000000000
18747  10.277  -70.435  -7.498 0.0000000000
20893  8.655  -69.155  -7.371 0.0000000000
20892  9.579  -69.079  -7.545 0.0000000000
19817  10.659  -69.908  -7.633 0.0000000000
20901  11.737  -68.673  -8.455 0.0000000000
20910  12.399  -68.220  -9.001 0.0000000000
150103  12.871  -67.786  -9.476 0.0000000000
140282  24.395  -52.121  -5.238 0.0000000000
140281  23.531  -52.205  -4.874 0.0000000000
39347  23.005  -52.835  -4.613 0.0000000000
144201  22.910  -50.659  -5.084 0.0000000000
140280  22.859  -51.998  -4.550 0.0000000000
139057  22.205  -53.048  -4.865 0.0000000000
39349  21.400  -52.783  -4.960 0.0000000000
39350  19.996  -52.500  -5.259 0.0000000000
40377  20.030  -51.655  -5.014 0.0000000000
41455  19.801  -50.702  -4.744 0.0000000000
140279  19.372  -49.744  -4.448 0.0000000000
134783  18.221  -47.872  -4.524 0.0000000000
140411  20.794  -46.930  -6.551 0.0000000000
44885  20.028  -47.465  -5.960 0.0000000000
44886  19.351  -47.029  -5.879 0.0000000000
45905  18.805  -47.139  -5.221 0.0000000000
45917  17.817  -46.484  -5.937 0.0000000000
47017  17.423  -45.799  -6.382 0.0000000000
2561  21.122  -88.514  -21.654 0.0000000000
4362  23.282  -85.235  -28.783 0.0000000000
5022  23.118  -84.818  -29.544 0.0000000000
5026  23.708  -84.127  -30.108 0.0000000000
5035  20.525  -83.065  -29.976 0.0000000000
5034  21.775  -84.191  -31.082 0.0000000000
8135  18.895  -80.384  -33.554 0.0000000000
10056  17.936  -78.918  -34.928 0.0000000000
11139  16.837  -77.885  -33.164 0.0000000000
11701  8.075  -76.352  8.433 0.0000000000
12825  7.739  -75.315  8.174 0.0000000000
13942  7.314  -74.260  7.963 0.0000000000
15112  6.673  -73.503  7.992 0.0000000000
15127  6.169  -72.881  7.705 0.0000000000
9947  1.047  -78.353  -25.243 0.0000000000
14461  0.883  -74.212  -25.063 0.0000000000
12157  0.857  -76.560  -25.347 0.0000000000
12171  1.390  -76.252  -26.166 0.0000000000
9974  1.901  -77.525  -26.446 0.0000000000
12183  2.665  -76.330  -26.796 0.0000000000
131317  3.563  -75.458  -26.128 0.0000000000
14460  3.651  -74.633  -25.453 0.0000000000
15652  3.588  -73.559  -26.947 0.0000000000
15636  3.969  -73.784  -25.831 0.0000000000
137646  3.661  -74.157  -24.464 0.0000000000
15623  3.862  -73.352  -24.273 0.0000000000
16740  3.798  -73.045  -22.282 0.0000000000
16739  4.004  -72.717  -21.360 0.0000000000
25670  6.372  -64.254  -7.335 0.0000000000
25679  5.523  -64.241  -7.669 0.0000000000
149441  6.965  -63.796  -8.048 0.0000000000
28109  7.572  -62.726  -8.946 0.0000000000
19738  -1.056  -69.379  -1.091 0.0000000000
23150  1.576  -66.672  0.799 0.0000000000
21950  0.675  -67.466  0.550 0.0000000000
19737  -0.678  -69.019  -0.534 0.0000000000
19748  -0.855  -69.123  -1.425 0.0000000000
136002  0.013  -68.014  -2.046 0.0000000000
23181  1.156  -66.914  -1.735 0.0000000000
23180  2.812  -66.962  -1.435 0.0000000000
24398  1.307  -65.192  -1.685 0.0000000000
136640  2.020  -66.117  -1.578 0.0000000000
23179  3.415  -66.226  -1.291 0.0000000000
24395  4.911  -65.828  -1.436 0.0000000000
133081  5.501  -65.211  -2.588 0.0000000000
25629  4.906  -65.113  -3.565 0.0000000000
28000  1.611  -62.004  -1.425 0.0000000000
137371  2.257  -62.698  -1.532 0.0000000000
136685  3.260  -63.083  -1.608 0.0000000000
28014  4.850  -61.981  -2.448 0.0000000000
147598  4.993  -62.834  -2.303 0.0000000000
153637  4.293  -63.160  -1.811 0.0000000000
26854  5.607  -63.430  -2.920 0.0000000000
25628  5.279  -64.390  -3.623 0.0000000000
152200  4.041  -65.145  -3.779 0.0000000000
25630  2.978  -64.742  -3.721 0.0000000000
151983  0.106  -64.032  -4.030 0.0000000000
152228  0.039  -62.540  -4.545 0.0000000000
26903  -0.006  -63.326  -4.695 0.0000000000
26902  0.109  -63.478  -5.168 0.0000000000
25656  2.567  -64.622  -5.832 0.0000000000
25655  3.694  -64.632  -6.081 0.0000000000
26915  4.582  -64.284  -6.282 0.0000000000
153654  5.509  -56.629  0.437 0.0000000000
43728  16.609  -48.863  -6.020 0.0000000000
42601  15.965  -49.713  -6.420 0.0000000000
41458  15.376  -50.635  -6.466 0.0000000000
41470  13.863  -50.086  -6.407 0.0000000000
41460  13.506  -51.059  -6.255 0.0000000000
40382  14.270  -51.813  -6.281 0.0000000000
141451  13.073  -53.355  -5.461 0.0000000000
38304  12.027  -53.820  -5.398 0.0000000000
38305  11.381  -54.314  -4.606 0.0000000000
38306  10.206  -53.770  -5.057 0.0000000000
38276  10.510  -54.348  -4.226 0.0000000000
37194  12.015  -54.024  -2.663 0.0000000000
37179  10.768  -53.877  -1.298 0.0000000000
37164  10.728  -54.417  -0.795 0.0000000000
36055  8.897  -55.257  -0.036 0.0000000000
37150  7.982  -55.050  0.194 0.0000000000
36042  8.091  -55.446  0.191 0.0000000000
36030  6.340  -55.649  0.411 0.0000000000
34948  5.478  -55.956  0.759 0.0000000000
33790  4.655  -56.450  1.035 0.0000000000
36020  3.411  -55.357  0.531 0.0000000000
34961  3.126  -55.300  -0.331 0.0000000000
34960  3.452  -55.879  -1.154 0.0000000000
36056  3.507  -54.504  -1.811 0.0000000000
153330  3.498  -55.649  -2.184 0.0000000000
33837  4.082  -56.653  -2.145 0.0000000000
33847  4.187  -56.885  -3.301 0.0000000000
32711  4.298  -57.556  -3.953 0.0000000000
31541  2.634  -58.706  -4.634 0.0000000000
36103  4.959  -55.350  -6.157 0.0000000000
35012  4.376  -55.869  -6.513 0.0000000000
35013  3.849  -56.388  -5.886 0.0000000000
33908  3.225  -57.528  -5.748 0.0000000000
33881  2.636  -58.021  -5.147 0.0000000000
32745  2.436  -58.559  -5.337 0.0000000000
31559  1.857  -59.467  -5.124 0.0000000000
30387  2.127  -59.705  -5.836 0.0000000000
134426  2.120  -60.588  -6.302 0.0000000000
29261  2.940  -61.494  -6.581 0.0000000000
139558  4.709  -61.067  -6.547 0.0000000000
29260  4.190  -62.040  -6.455 0.0000000000
28070  4.351  -63.333  -6.249 0.0000000000
134349  5.213  -63.740  -6.319 0.0000000000
25666  5.969  -64.322  -6.822 0.0000000000
26925  7.777  -63.835  -6.972 0.0000000000
26923  9.164  -63.511  -7.824 0.0000000000
131869  10.552  -62.193  -7.705 0.0000000000
440  16.136  -92.138  -15.736 0.0000000000
134611  15.055  -91.803  -16.646 0.0000000000
150859  15.233  -92.713  -16.175 0.0000000000
441  14.636  -92.537  -16.605 0.0000000000
243  13.953  -93.456  -16.308 0.0000000000
232  14.424  -93.466  -14.910 0.0000000000
238  13.984  -93.565  -15.506 0.0000000000
244  13.377  -93.641  -16.175 0.0000000000
245  12.554  -93.916  -16.390 0.0000000000
246  11.813  -94.131  -16.936 0.0000000000
97  11.079  -94.255  -16.552 0.0000000000
154995  14.727  -89.866  -13.833 0.0000000000
1481  13.761  -90.653  -13.820 0.0000000000
722  12.833  -92.596  -13.853 0.0000000000
1091  11.380  -91.696  -13.287 0.0000000000
723  11.712  -92.670  -13.471 0.0000000000
428  11.788  -93.439  -13.612 0.0000000000
81  11.221  -94.462  -13.967 0.0000000000
133797  10.843  -94.596  -14.824 0.0000000000
152158  10.612  -94.310  -16.315 0.0000000000
98  10.348  -94.235  -16.882 0.0000000000
99  9.401  -94.202  -16.506 0.0000000000
234  8.409  -94.080  -14.274 0.0000000000
4202  11.922  -85.139  -8.804 0.0000000000
4223  11.400  -85.066  -10.136 0.0000000000
3621  11.073  -85.648  -11.535 0.0000000000
4855  9.622  -84.595  -10.478 0.0000000000
4232  10.376  -85.157  -11.435 0.0000000000
4238  10.143  -85.721  -11.832 0.0000000000
3631  9.771  -86.460  -12.161 0.0000000000
139823  9.216  -88.166  -12.486 0.0000000000
2478  8.733  -88.776  -12.545 0.0000000000
143392  8.122  -88.040  -9.625 0.0000000000
142395  6.984  -86.769  -10.685 0.0000000000
3622  6.520  -86.200  -11.752 0.0000000000
3072  4.978  -87.815  -11.905 0.0000000000
3623  5.811  -86.611  -11.984 0.0000000000
3639  6.669  -86.693  -12.849 0.0000000000
3093  6.757  -87.479  -13.174 0.0000000000
1947  7.219  -88.818  -13.094 0.0000000000
137014  7.937  -90.216  -12.526 0.0000000000
1472  7.078  -90.707  -12.584 0.0000000000
2348  6.978  -88.911  0.994 0.0000000000
1812  6.627  -89.845  -0.388 0.0000000000
1800  6.619  -89.532  1.569 0.0000000000
1347  6.358  -90.222  1.087 0.0000000000
1365  6.195  -90.657  -0.338 0.0000000000
975  5.614  -91.773  -0.901 0.0000000000
619  5.546  -92.428  -1.151 0.0000000000
340  5.771  -93.205  -1.458 0.0000000000
6005  0.642  -81.507  6.581 0.0000000000
6004  1.351  -82.367  6.401 0.0000000000
2864  4.590  -87.226  6.417 0.0000000000
4011  -1.251  -85.947  7.398 0.0000000000
4010  -0.683  -86.360  7.542 0.0000000000
3406  1.546  -87.398  7.972 0.0000000000
1757  2.256  -90.244  7.308 0.0000000000
144852  2.144  -88.869  7.770 0.0000000000
3405  2.420  -87.397  7.750 0.0000000000
2276  3.281  -88.519  7.121 0.0000000000
2275  4.196  -88.184  6.474 0.0000000000
2287  4.631  -88.706  5.984 0.0000000000
1764  5.365  -89.706  5.212 0.0000000000
929  5.446  -91.509  4.118 0.0000000000
947  5.552  -92.226  2.612 0.0000000000
314  4.781  -93.184  2.838 0.0000000000
592  5.050  -92.815  2.806 0.0000000000
129103  5.620  -93.256  1.363 0.0000000000
330  5.864  -93.708  0.580 0.0000000000
335  6.203  -93.982  -1.088 0.0000000000
147  6.283  -94.414  -2.530 0.0000000000
63  5.934  -95.044  -3.789 0.0000000000
57  4.876  -95.214  -3.342 0.0000000000
144879  4.135  -95.110  -4.810 0.0000000000
48  3.608  -95.142  -2.760 0.0000000000
66  3.596  -95.096  -4.109 0.0000000000
166  2.791  -94.527  -5.553 0.0000000000
15114  4.879  -72.485  8.139 0.0000000000
16357  5.516  -72.371  7.617 0.0000000000
17508  4.738  -71.226  7.160 0.0000000000
16364  5.475  -72.278  6.854 0.0000000000
15138  4.343  -72.825  6.331 0.0000000000
15147  3.403  -73.609  6.030 0.0000000000
13980  2.629  -74.207  5.566 0.0000000000
17536  2.185  -71.314  5.660 0.0000000000
16380  1.950  -72.778  5.869 0.0000000000
13981  1.549  -74.059  5.470 0.0000000000
13994  0.941  -74.502  4.975 0.0000000000
13995  0.388  -74.217  4.712 0.0000000000
12892  -0.106  -74.856  2.885 0.0000000000
23045  0.505  -66.096  6.052 0.0000000000
21836  0.090  -67.838  6.008 0.0000000000
20730  -0.329  -68.595  5.221 0.0000000000
136831  -0.325  -66.994  4.167 0.0000000000
19672  -0.523  -69.260  4.495 0.0000000000
18611  -0.436  -70.033  5.214 0.0000000000
16403  0.039  -72.376  4.493 0.0000000000
15186  0.039  -73.159  3.756 0.0000000000
14025  -0.145  -74.481  2.425 0.0000000000
14042  0.072  -74.338  1.500 0.0000000000
30200  6.613  -59.757  4.439 0.0000000000
31353  4.862  -58.670  4.163 0.0000000000
31384  3.539  -59.101  3.850 0.0000000000
31404  5.320  -58.857  3.260 0.0000000000
29112  3.643  -59.529  3.355 0.0000000000
138656  2.151  -60.306  3.261 0.0000000000
27916  2.467  -62.075  3.142 0.0000000000
33759  21.454  -56.481  1.421 0.0000000000
34937  22.320  -56.836  0.466 0.0000000000
144514  22.242  -57.507  -0.145 0.0000000000
128038  20.920  -57.447  -2.775 0.0000000000
127575  21.072  -57.839  -3.367 0.0000000000
127576  21.114  -55.878  -2.310 0.0000000000
128106  21.165  -56.923  -3.036 0.0000000000
127800  22.110  -58.580  -3.753 0.0000000000
127805  23.500  -59.112  -3.289 0.0000000000
127793  23.583  -59.208  -1.767 0.0000000000
145462  23.487  -58.912  -0.285 0.0000000000
40282  24.169  -51.147  2.318 0.0000000000
40286  23.232  -51.267  0.533 0.0000000000
40283  23.827  -50.927  1.709 0.0000000000
39284  23.890  -51.602  1.542 0.0000000000
39285  23.801  -52.434  0.970 0.0000000000
38220  23.274  -53.009  -0.370 0.0000000000
37149  22.340  -54.106  -2.142 0.0000000000
36051  22.701  -55.211  -2.720 0.0000000000
37161  23.670  -54.436  -2.340 0.0000000000
36050  23.906  -55.121  -2.591 0.0000000000
34966  24.003  -55.795  -3.009 0.0000000000
127981  24.304  -57.600  -2.150 0.0000000000
127916  23.965  -58.266  -1.122 0.0000000000
134969  25.400  -58.372  0.514 0.0000000000
134909  26.824  -55.090  0.415 0.0000000000
36017  27.104  -55.867  0.469 0.0000000000
33780  26.941  -57.122  0.047 0.0000000000
127872  27.789  -55.960  -0.168 0.0000000000
33805  27.395  -56.865  -0.302 0.0000000000
39316  29.022  -52.616  -3.065 0.0000000000
40353  28.203  -52.172  -4.723 0.0000000000
40342  28.024  -50.606  -3.740 0.0000000000
40369  27.950  -51.853  -5.211 0.0000000000
40370  26.841  -51.380  -5.279 0.0000000000
41440  26.365  -50.579  -5.262 0.0000000000
129631  26.231  -48.541  -4.349 0.0000000000
141687  25.666  -47.424  -2.863 0.0000000000
44808  22.196  -47.991  0.916 0.0000000000
129308  11.288  -94.515  -1.029 0.0000000000
151329  12.232  -93.064  -0.797 0.0000000000
137510  12.468  -91.479  -0.819 0.0000000000
625  11.751  -92.321  -2.295 0.0000000000
617  12.070  -91.896  -1.528 0.0000000000
1363  12.989  -90.062  -0.261 0.0000000000
135705  13.259  -89.101  -0.510 0.0000000000
675  17.053  -91.252  -8.826 0.0000000000
142371  17.313  -91.735  -9.988 0.0000000000
180  11.409  -93.696  -7.920 0.0000000000
379  12.373  -93.436  -8.206 0.0000000000
378  13.080  -93.309  -8.546 0.0000000000
154020  12.629  -94.111  -10.304 0.0000000000
197  13.229  -94.094  -9.917 0.0000000000
688  14.827  -93.142  -9.069 0.0000000000
687  15.725  -92.500  -9.309 0.0000000000
686  16.505  -92.284  -9.651 0.0000000000
153831  17.575  -91.694  -10.380 0.0000000000
130574  18.261  -91.876  -11.227 0.0000000000
129909  18.961  -92.027  -12.089 0.0000000000
712  19.037  -92.010  -12.930 0.0000000000
207  16.713  -92.375  -12.147 0.0000000000
131308  17.195  -91.271  -13.211 0.0000000000
1096  18.264  -91.699  -14.296 0.0000000000
1097  18.120  -92.078  -14.899 0.0000000000
732  16.750  -92.034  -15.379 0.0000000000
1105  16.165  -90.961  -15.866 0.0000000000
4255  20.645  -85.744  -14.306 0.0000000000
4268  20.164  -86.134  -15.049 0.0000000000
1970  22.588  -89.178  -15.665 0.0000000000
1961  22.350  -89.357  -15.755 0.0000000000
1489  21.759  -89.936  -15.414 0.0000000000
1962  20.273  -89.704  -15.388 0.0000000000
1963  19.060  -89.270  -15.833 0.0000000000
2500  17.968  -88.282  -14.377 0.0000000000
2508  17.722  -88.738  -15.004 0.0000000000
1964  17.885  -88.962  -15.859 0.0000000000
1965  17.290  -89.436  -15.584 0.0000000000
1500  16.755  -90.407  -15.552 0.0000000000
746  15.155  -91.513  -17.362 0.0000000000
754  15.159  -92.066  -17.980 0.0000000000
141433  16.290  -93.070  -19.245 0.0000000000
453  15.397  -93.187  -19.533 0.0000000000
452  16.249  -93.159  -19.972 0.0000000000
469  16.010  -92.390  -21.239 0.0000000000
772  15.441  -91.742  -21.822 0.0000000000
272  11.807  -93.051  -19.775 0.0000000000
478  14.067  -92.471  -22.088 0.0000000000
780  15.212  -91.203  -22.997 0.0000000000
789  14.785  -89.820  -23.052 0.0000000000
1154  15.489  -89.935  -23.322 0.0000000000
1162  16.151  -91.037  -24.058 0.0000000000
1170  16.181  -90.348  -24.845 0.0000000000
1568  14.717  -90.682  -24.895 0.0000000000
1577  15.769  -90.027  -25.792 0.0000000000
1576  16.603  -89.802  -25.706 0.0000000000
2037  16.906  -89.171  -26.333 0.0000000000
2046  17.188  -88.743  -27.051 0.0000000000
130340  17.390  -88.210  -27.525 0.0000000000
2604  16.316  -88.023  -28.353 0.0000000000
3188  17.462  -87.260  -28.595 0.0000000000
3197  17.069  -87.198  -28.736 0.0000000000
3768  17.651  -86.619  -30.311 0.0000000000
3777  18.374  -86.035  -30.898 0.0000000000
3778  17.391  -86.269  -31.041 0.0000000000
5052  17.710  -83.413  -33.011 0.0000000000
5721  17.104  -82.707  -33.265 0.0000000000
5723  15.925  -83.409  -33.595 0.0000000000
5730  16.824  -82.570  -33.876 0.0000000000
140015  16.723  -82.084  -33.400 0.0000000000
141529  16.169  -81.567  -33.345 0.0000000000
130957  15.507  -80.231  -31.954 0.0000000000
127852  15.360  -79.941  -32.160 0.0000000000
8138  14.213  -79.871  -34.316 0.0000000000
127526  14.488  -79.505  -33.808 0.0000000000
10026  15.487  -78.933  -33.122 0.0000000000
10033  16.076  -78.483  -33.141 0.0000000000
141627  16.111  -78.016  -33.230 0.0000000000
11140  15.716  -77.599  -33.049 0.0000000000
3161  3.804  -88.135  -21.220 0.0000000000
2571  4.846  -88.549  -22.085 0.0000000000
7216  8.852  -81.180  -32.772 0.0000000000
7201  6.401  -81.576  -30.539 0.0000000000
7195  7.492  -81.050  -29.736 0.0000000000
8111  7.287  -80.544  -30.542 0.0000000000
146778  6.668  -81.262  -31.079 0.0000000000
8123  7.727  -80.241  -32.263 0.0000000000
9079  8.159  -79.777  -32.881 0.0000000000
133868  9.269  -79.532  -33.702 0.0000000000
9100  9.768  -78.870  -34.009 0.0000000000
135670  10.540  -78.507  -33.718 0.0000000000
10028  12.254  -77.956  -32.985 0.0000000000
9067  11.648  -78.234  -31.493 0.0000000000
128463  11.898  -77.898  -32.324 0.0000000000
10027  13.064  -77.648  -33.031 0.0000000000
11132  15.377  -77.076  -32.631 0.0000000000
11131  16.495  -77.224  -32.837 0.0000000000
128724  15.786  -77.336  -30.029 0.0000000000
8076  14.305  -80.933  -27.980 0.0000000000
8075  15.242  -80.690  -27.835 0.0000000000
7114  10.493  -81.484  -21.015 0.0000000000
7982  11.065  -80.864  -21.486 0.0000000000
7981  11.606  -80.522  -22.017 0.0000000000
8947  11.731  -79.462  -20.247 0.0000000000
7957  12.169  -80.035  -21.294 0.0000000000
132763  12.787  -80.341  -21.955 0.0000000000
17611  -0.160  -70.910  -2.997 0.0000000000
16525  -0.243  -71.863  -4.001 0.0000000000
16538  -0.692  -72.436  -4.325 0.0000000000
16536  1.676  -72.163  -4.846 0.0000000000
16544  0.980  -71.889  -5.393 0.0000000000
16545  -0.044  -72.053  -5.477 0.0000000000
16566  -0.017  -72.158  -6.764 0.0000000000
17663  0.302  -71.720  -7.469 0.0000000000
18774  0.707  -70.496  -8.821 0.0000000000
16573  5.662  -72.274  -7.779 0.0000000000
17674  4.119  -71.618  -8.178 0.0000000000
17689  3.421  -70.985  -8.535 0.0000000000
18783  3.887  -69.999  -10.137 0.0000000000
18784  2.910  -69.992  -9.700 0.0000000000
18759  2.676  -70.424  -8.902 0.0000000000
18773  0.909  -69.786  -8.836 0.0000000000
19832  0.475  -69.456  -9.373 0.0000000000
19848  -0.051  -69.135  -9.840 0.0000000000
137399  4.694  -67.543  -23.038 0.0000000000
21010  4.748  -67.950  -16.686 0.0000000000
22166  5.379  -67.451  -17.995 0.0000000000
22181  5.988  -66.682  -18.702 0.0000000000
21050  7.254  -67.839  -18.493 0.0000000000
23425  6.831  -65.805  -19.526 0.0000000000
23442  6.820  -65.029  -20.452 0.0000000000
23460  7.424  -65.655  -21.902 0.0000000000
23503  7.485  -66.435  -23.670 0.0000000000
21148  6.751  -67.693  -25.133 0.0000000000
21163  7.196  -68.809  -25.891 0.0000000000
18960  6.929  -69.695  -24.938 0.0000000000
18961  5.957  -70.299  -24.096 0.0000000000
20006  7.016  -68.902  -22.167 0.0000000000
18940  5.582  -70.182  -22.736 0.0000000000
18962  5.226  -70.992  -23.241 0.0000000000
17855  4.471  -71.559  -22.616 0.0000000000
17820  4.563  -72.106  -20.656 0.0000000000
15562  5.485  -73.320  -20.488 0.0000000000
25680  4.605  -64.406  -7.621 0.0000000000
26934  3.707  -63.603  -8.400 0.0000000000
26935  2.218  -63.183  -8.532 0.0000000000
28112  3.383  -61.660  -9.449 0.0000000000
28095  1.806  -62.625  -9.247 0.0000000000
26936  0.475  -63.264  -9.004 0.0000000000
25691  0.393  -64.074  -9.743 0.0000000000
24501  1.903  -65.126  -10.192 0.0000000000
24482  3.788  -65.833  -10.280 0.0000000000
26967  2.980  -62.787  -11.553 0.0000000000
25725  3.413  -63.620  -11.474 0.0000000000
24499  3.949  -65.076  -10.756 0.0000000000
24481  4.724  -65.721  -10.532 0.0000000000
24480  6.178  -66.029  -10.070 0.0000000000
24479  7.091  -66.162  -10.062 0.0000000000
23289  8.910  -66.336  -9.807 0.0000000000
25721  8.686  -64.606  -11.528 0.0000000000
24495  9.309  -65.662  -10.474 0.0000000000
23288  9.843  -66.335  -10.112 0.0000000000
23287  10.726  -66.355  -10.266 0.0000000000
137131  12.391  -66.519  -10.439 0.0000000000
22064  13.510  -67.518  -10.550 0.0000000000
24559  8.151  -65.352  -15.726 0.0000000000
23347  9.220  -66.759  -15.088 0.0000000000
23331  10.429  -66.697  -13.697 0.0000000000
22135  11.453  -67.694  -15.358 0.0000000000
22107  11.070  -67.195  -14.133 0.0000000000
23330  11.388  -66.894  -13.286 0.0000000000
22089  12.274  -67.070  -12.847 0.0000000000
22087  13.932  -67.952  -12.151 0.0000000000
19852  13.931  -69.007  -11.485 0.0000000000
18800  14.046  -70.042  -12.631 0.0000000000
18812  13.742  -70.784  -13.094 0.0000000000
17732  12.760  -71.921  -14.194 0.0000000000
17747  14.461  -71.783  -15.197 0.0000000000
16633  13.946  -72.210  -14.964 0.0000000000
16635  12.213  -72.288  -14.805 0.0000000000
16664  11.912  -73.034  -15.958 0.0000000000
16675  11.345  -73.090  -16.646 0.0000000000
16689  10.626  -72.928  -18.458 0.0000000000
18878  14.588  -70.255  -19.230 0.0000000000
16700  14.145  -71.727  -18.885 0.0000000000
16701  13.796  -72.436  -18.797 0.0000000000
15580  13.037  -72.908  -21.061 0.0000000000
15542  12.769  -73.416  -19.595 0.0000000000
131870  12.362  -73.867  -18.957 0.0000000000
14381  10.944  -74.336  -18.563 0.0000000000
15529  10.633  -74.073  -18.479 0.0000000000
17798  10.813  -72.153  -19.750 0.0000000000
17814  10.758  -71.525  -20.972 0.0000000000
18919  9.656  -70.799  -21.196 0.0000000000
17835  8.796  -71.182  -21.601 0.0000000000
148956  9.189  -72.521  -23.394 0.0000000000
17852  8.557  -71.767  -23.247 0.0000000000
16737  7.490  -72.098  -21.078 0.0000000000
16738  7.125  -72.703  -21.466 0.0000000000
135833  7.167  -73.419  -21.992 0.0000000000
15583  6.707  -73.575  -21.132 0.0000000000
13271  7.272  -74.928  -22.487 0.0000000000
13282  7.120  -75.300  -23.590 0.0000000000
12168  6.366  -75.712  -25.881 0.0000000000
14481  6.631  -74.999  -26.444 0.0000000000
144048  5.545  -75.248  -27.492 0.0000000000
12181  5.426  -76.383  -27.336 0.0000000000
12216  4.998  -76.603  -28.945 0.0000000000
11115  5.649  -77.052  -30.149 0.0000000000
153839  7.267  -77.650  -30.048 0.0000000000
15694  7.682  -72.955  -29.360 0.0000000000
15693  8.645  -72.969  -29.459 0.0000000000
14512  8.366  -73.755  -29.937 0.0000000000
13364  8.201  -74.881  -30.542 0.0000000000
12238  8.300  -76.226  -30.562 0.0000000000
11112  8.902  -77.135  -30.026 0.0000000000
12215  9.786  -76.692  -29.749 0.0000000000
12213  11.548  -76.610  -28.829 0.0000000000
12212  12.259  -76.400  -28.454 0.0000000000
13342  13.266  -75.293  -28.737 0.0000000000
0  2.402  -94.150  4.426 0.0000000000
1  0.861  -94.954  4.218 0.0000000000
5  0.388  -95.086  3.427 0.0000000000
8  3.541  -94.751  2.284 0.0000000000
10  1.528  -95.205  2.711 0.0000000000
11  -0.176  -95.065  2.245 0.0000000000
12  5.116  -94.555  0.654 0.0000000000
15  2.422  -95.286  1.476 0.0000000000
16  1.562  -95.347  1.603 0.0000000000
17  0.721  -95.174  1.841 0.0000000000
19  4.496  -94.923  0.287 0.0000000000
20  3.814  -95.010  0.723 0.0000000000
31  1.475  -95.162  -0.447 0.0000000000
34  10.923  -94.982  -1.602 0.0000000000
35  10.474  -95.024  -1.625 0.0000000000
36  9.855  -94.983  -1.849 0.0000000000
38  5.797  -95.093  -1.898 0.0000000000
40  4.002  -95.093  -1.398 0.0000000000
44  10.881  -94.759  -2.190 0.0000000000
46  5.948  -95.123  -2.591 0.0000000000
49  1.875  -95.140  -2.819 0.0000000000
54  9.919  -93.688  -2.891 0.0000000000
55  6.154  -94.896  -3.089 0.0000000000
56  5.698  -95.140  -3.221 0.0000000000
58  3.153  -95.112  -3.447 0.0000000000
62  9.846  -93.666  -3.990 0.0000000000
64  5.780  -95.032  -4.608 0.0000000000
65  5.039  -95.174  -4.806 0.0000000000
67  2.691  -95.061  -4.143 0.0000000000
71  3.768  -94.882  -5.537 0.0000000000
72  3.174  -95.032  -4.831 0.0000000000
76  4.397  -94.882  -6.060 0.0000000000
77  11.593  -94.134  -13.927 0.0000000000
78  11.010  -94.382  -13.698 0.0000000000
79  10.403  -94.370  -13.576 0.0000000000
85  11.341  -94.434  -14.430 0.0000000000
86  10.844  -94.638  -14.164 0.0000000000
87  9.051  -94.337  -14.497 0.0000000000
91  9.594  -94.312  -15.598 0.0000000000
93  11.678  -94.230  -16.038 0.0000000000
94  10.866  -94.403  -15.736 0.0000000000
95  10.164  -94.364  -16.059 0.0000000000
96  8.927  -94.178  -15.761 0.0000000000
101  2.733  -93.409  4.965 0.0000000000
105  3.910  -93.265  3.758 0.0000000000
107  1.375  -94.260  4.934 0.0000000000
108  0.429  -94.455  4.914 0.0000000000
113  -0.526  -94.475  3.807 0.0000000000
118  4.880  -93.729  2.362 0.0000000000
119  4.256  -94.133  2.521 0.0000000000
126  4.919  -94.197  1.886 0.0000000000
127  -0.736  -94.751  1.500 0.0000000000
132  5.570  -94.454  -0.222 0.0000000000
133  5.557  -94.173  0.630 0.0000000000
139  6.072  -94.537  -0.971 0.0000000000
142  8.936  -94.035  -2.405 0.0000000000
143  6.198  -94.490  -1.713 0.0000000000
145  10.896  -93.993  -2.510 0.0000000000
150  10.719  -93.346  -3.366 0.0000000000
151  9.444  -93.891  -3.577 0.0000000000
152  8.744  -94.026  -3.297 0.0000000000
155  10.497  -93.466  -5.202 0.0000000000
157  9.632  -94.054  -5.036 0.0000000000
164  9.744  -94.117  -5.860 0.0000000000
170  10.020  -94.094  -6.526 0.0000000000
172  8.878  -94.341  -6.035 0.0000000000
173  6.040  -93.810  -7.417 0.0000000000
175  4.629  -94.530  -6.624 0.0000000000
181  10.571  -93.880  -7.184 0.0000000000
183  9.238  -94.306  -7.489 0.0000000000
184  8.967  -94.244  -7.651 0.0000000000
185  5.748  -94.061  -7.417 0.0000000000
186  5.029  -94.260  -7.367 0.0000000000
189  12.673  -93.737  -9.105 0.0000000000
190  11.896  -93.749  -8.808 0.0000000000
191  9.577  -94.238  -8.209 0.0000000000
193  5.354  -93.914  -8.121 0.0000000000
195  3.675  -93.856  -7.933 0.0000000000
196  14.248  -93.804  -9.666 0.0000000000
200  10.339  -94.149  -9.631 0.0000000000
204  13.301  -94.050  -10.667 0.0000000000
206  10.939  -94.101  -10.213 0.0000000000
208  16.248  -92.722  -11.681 0.0000000000
211  12.755  -93.967  -10.841 0.0000000000
218  9.847  -94.110  -13.170 0.0000000000
219  9.044  -94.176  -13.009 0.0000000000
224  13.983  -93.309  -14.575 0.0000000000
225  12.578  -93.583  -14.259 0.0000000000
226  9.695  -94.322  -13.538 0.0000000000
227  8.871  -94.242  -13.654 0.0000000000
228  8.044  -94.000  -13.653 0.0000000000
229  7.496  -93.766  -13.944 0.0000000000
230  15.578  -92.625  -14.802 0.0000000000
237  15.235  -93.071  -15.158 0.0000000000
242  14.365  -93.183  -16.407 0.0000000000
250  13.154  -93.517  -17.067 0.0000000000
252  11.121  -94.137  -17.360 0.0000000000
253  10.486  -94.103  -17.695 0.0000000000
254  9.619  -94.121  -17.583 0.0000000000
258  12.603  -93.577  -18.508 0.0000000000
259  12.015  -94.005  -18.613 0.0000000000
264  13.028  -93.027  -19.015 0.0000000000
266  11.861  -93.503  -19.146 0.0000000000
291  1.646  -92.680  6.646 0.0000000000
292  1.081  -93.085  6.639 0.0000000000
294  -0.171  -93.140  6.507 0.0000000000
300  1.881  -93.092  6.188 0.0000000000
301  0.129  -93.480  6.230 0.0000000000
302  -0.353  -93.461  5.659 0.0000000000
309  -0.887  -93.399  4.835 0.0000000000
310  -1.281  -93.260  4.069 0.0000000000
315  4.491  -92.927  3.500 0.0000000000
317  -1.351  -93.539  3.272 0.0000000000
320  5.069  -93.493  2.297 0.0000000000
332  11.930  -93.599  -0.847 0.0000000000
339  6.210  -93.845  -1.955 0.0000000000
342  11.571  -93.195  -2.245 0.0000000000
344  6.180  -93.725  -2.760 0.0000000000
347  8.112  -94.049  -3.809 0.0000000000
348  6.318  -94.243  -3.319 0.0000000000
353  8.262  -94.068  -4.600 0.0000000000
354  6.294  -94.120  -4.035 0.0000000000
355  6.086  -93.654  -4.473 0.0000000000
360  6.158  -94.260  -5.704 0.0000000000
363  12.102  -93.255  -6.523 0.0000000000
364  11.091  -93.394  -6.113 0.0000000000
365  8.679  -93.686  -7.368 0.0000000000
367  6.198  -93.803  -6.179 0.0000000000
370  12.971  -93.163  -7.659 0.0000000000
373  8.827  -93.996  -8.133 0.0000000000
377  13.839  -93.126  -8.769 0.0000000000
381  5.537  -93.418  -8.759 0.0000000000
383  4.242  -93.678  -8.462 0.0000000000
387  16.756  -92.476  -10.332 0.0000000000
390  13.410  -93.682  -9.228 0.0000000000
391  9.692  -93.896  -9.849 0.0000000000
392  5.781  -93.116  -9.389 0.0000000000
395  3.338  -93.075  -9.102 0.0000000000
397  17.684  -92.647  -11.275 0.0000000000
398  17.057  -92.725  -11.022 0.0000000000
401  12.179  -93.696  -10.767 0.0000000000
402  11.241  -93.591  -10.576 0.0000000000
404  5.443  -92.882  -9.836 0.0000000000
406  3.666  -92.789  -9.663 0.0000000000
412  18.312  -92.249  -12.916 0.0000000000
413  17.469  -92.332  -12.407 0.0000000000
414  17.049  -90.810  -13.539 0.0000000000
416  15.328  -91.818  -13.355 0.0000000000
417  14.907  -92.744  -12.185 0.0000000000
418  10.863  -93.402  -13.220 0.0000000000
421  7.520  -93.541  -12.533 0.0000000000
423  18.344  -91.920  -13.775 0.0000000000
425  14.962  -93.040  -13.880 0.0000000000
429  7.394  -93.804  -13.206 0.0000000000
430  6.733  -93.540  -13.596 0.0000000000
432  16.441  -91.062  -14.345 0.0000000000
451  17.056  -93.013  -19.871 0.0000000000
454  14.498  -93.152  -19.392 0.0000000000
462  13.420  -93.169  -20.461 0.0000000000
570  0.878  -92.786  6.809 0.0000000000
571  0.159  -92.935  7.042 0.0000000000
576  2.378  -92.711  6.269 0.0000000000
577  -0.235  -92.772  6.124 0.0000000000
581  4.528  -92.442  4.224 0.0000000000
582  3.724  -92.649  4.845 0.0000000000
587  4.853  -92.584  3.456 0.0000000000
597  5.603  -92.584  1.825 0.0000000000
604  5.788  -92.833  0.466 0.0000000000
609  12.277  -92.431  -0.771 0.0000000000
632  11.042  -92.658  -3.829 0.0000000000
634  5.481  -92.738  -4.070 0.0000000000
642  11.116  -92.430  -4.875 0.0000000000
643  7.882  -93.363  -3.566 0.0000000000
655  8.247  -93.128  -5.734 0.0000000000
664  6.052  -93.498  -7.337 0.0000000000
668  13.233  -92.250  -7.483 0.0000000000
669  8.966  -92.193  -8.207 0.0000000000
671  5.992  -93.343  -8.020 0.0000000000
681  8.868  -93.899  -8.857 0.0000000000
684  17.196  -91.224  -9.137 0.0000000000
685  17.013  -91.843  -9.633 0.0000000000
689  9.094  -93.549  -9.677 0.0000000000
690  6.108  -92.774  -9.424 0.0000000000
695  17.743  -92.114  -10.822 0.0000000000
698  10.303  -93.009  -10.573 0.0000000000
700  5.599  -92.399  -10.237 0.0000000000
702  3.903  -92.458  -10.352 0.0000000000
706  15.945  -91.133  -12.455 0.0000000000
709  12.867  -93.026  -11.451 0.0000000000
714  15.036  -92.135  -13.118 0.0000000000
719  18.449  -92.019  -13.742 0.0000000000
720  15.820  -90.844  -13.963 0.0000000000
727  17.976  -92.040  -14.402 0.0000000000
728  15.649  -91.103  -14.049 0.0000000000
731  17.666  -92.244  -15.033 0.0000000000
738  15.709  -91.487  -16.233 0.0000000000
739  15.331  -91.156  -16.979 0.0000000000
749  20.157  -91.859  -19.038 0.0000000000
750  19.647  -92.078  -18.775 0.0000000000
751  18.283  -92.441  -18.776 0.0000000000
763  18.281  -91.592  -20.646 0.0000000000
765  17.365  -92.348  -20.624 0.0000000000
776  16.955  -90.059  -20.979 0.0000000000
779  15.926  -90.632  -22.594 0.0000000000
783  12.659  -91.974  -22.886 0.0000000000
790  14.253  -90.274  -23.028 0.0000000000
799  13.405  -90.646  -23.582 0.0000000000
917  1.127  -92.491  6.656 0.0000000000
922  4.092  -91.767  5.377 0.0000000000
923  3.326  -91.590  6.065 0.0000000000
924  -0.240  -91.823  5.509 0.0000000000
931  -1.062  -91.408  4.725 0.0000000000
939  5.293  -92.158  3.471 0.0000000000
982  5.425  -91.662  -1.725 0.0000000000
1005  5.523  -91.269  -5.206 0.0000000000
1050  6.285  -91.971  -9.310 0.0000000000
1056  6.130  -92.077  -9.942 0.0000000000
1061  10.169  -92.013  -10.365 0.0000000000
1062  9.502  -92.737  -10.237 0.0000000000
1065  3.903  -92.111  -11.096 0.0000000000
1068  18.866  -91.351  -11.829 0.0000000000
1069  15.452  -91.092  -11.977 0.0000000000
1077  19.278  -91.486  -12.775 0.0000000000
1078  16.252  -90.682  -12.862 0.0000000000
1080  10.241  -91.272  -12.863 0.0000000000
1083  7.554  -92.228  -12.290 0.0000000000
1084  6.339  -91.151  -12.739 0.0000000000
1086  19.019  -91.615  -13.511 0.0000000000
1087  15.987  -90.055  -13.704 0.0000000000
1089  13.186  -91.560  -13.801 0.0000000000
1098  15.894  -90.719  -13.982 0.0000000000
1100  15.017  -90.885  -14.294 0.0000000000
1104  17.405  -91.866  -15.204 0.0000000000
1114  20.740  -90.964  -17.032 0.0000000000
1127  18.333  -91.124  -17.506 0.0000000000
1133  21.088  -90.773  -18.817 0.0000000000
1138  20.393  -91.128  -19.295 0.0000000000
1140  19.959  -91.050  -19.950 0.0000000000
1141  19.104  -90.633  -20.095 0.0000000000
1155  15.211  -90.428  -23.621 0.0000000000
1289  2.190  -90.072  7.280 0.0000000000
1306  5.271  -90.511  4.954 0.0000000000
1309  1.652  -90.867  6.572 0.0000000000
1311  -0.455  -90.807  4.876 0.0000000000
1317  5.606  -90.741  4.384 0.0000000000
1327  -0.970  -89.857  3.643 0.0000000000
1336  5.824  -91.231  2.412 0.0000000000
1341  -0.790  -90.170  2.905 0.0000000000
1348  6.079  -90.950  1.430 0.0000000000
1357  6.446  -90.246  0.291 0.0000000000
1372  12.766  -90.570  -0.893 0.0000000000
1379  12.284  -90.547  -2.576 0.0000000000
1380  12.027  -90.746  -3.301 0.0000000000
1394  5.559  -90.191  -3.285 0.0000000000
1400  12.376  -90.608  -4.511 0.0000000000
1401  9.048  -90.772  -4.425 0.0000000000
1408  8.685  -91.384  -5.201 0.0000000000
1426  5.835  -91.289  -7.563 0.0000000000
1433  9.880  -90.095  -9.181 0.0000000000
1440  17.583  -90.268  -9.620 0.0000000000
1441  12.209  -90.058  -10.080 0.0000000000
1443  10.139  -90.504  -9.906 0.0000000000
1465  16.065  -89.998  -13.130 0.0000000000
1466  16.022  -90.229  -12.653 0.0000000000
1473  6.337  -90.219  -13.105 0.0000000000
1479  15.127  -89.904  -13.827 0.0000000000
1480  14.641  -90.468  -14.106 0.0000000000
1483  10.892  -91.235  -12.976 0.0000000000
1488  22.142  -89.659  -15.511 0.0000000000
1490  21.322  -89.845  -15.039 0.0000000000
1492  15.626  -90.230  -13.873 0.0000000000
1493  15.212  -90.576  -14.168 0.0000000000
1499  20.197  -90.093  -15.990 0.0000000000
1512  21.297  -90.531  -16.558 0.0000000000
1513  20.546  -90.622  -16.416 0.0000000000
1526  16.347  -90.445  -17.242 0.0000000000
1547  21.165  -89.369  -22.655 0.0000000000
1552  21.590  -89.036  -23.028 0.0000000000
1558  20.151  -89.964  -23.812 0.0000000000
1566  18.965  -89.927  -25.029 0.0000000000
1744  1.961  -89.448  7.624 0.0000000000
1755  3.816  -89.172  6.457 0.0000000000
1758  1.793  -89.922  7.093 0.0000000000
1765  4.712  -89.429  5.791 0.0000000000
1773  6.337  -89.592  4.150 0.0000000000
1776  1.027  -89.218  5.036 0.0000000000
1777  -0.292  -89.435  4.372 0.0000000000
1782  5.984  -90.241  4.114 0.0000000000
1790  6.598  -89.435  2.594 0.0000000000
1805  6.681  -89.633  0.599 0.0000000000
1821  12.962  -89.391  -1.855 0.0000000000
1824  6.552  -89.599  -1.319 0.0000000000
1825  6.049  -90.031  -1.937 0.0000000000
1832  12.956  -89.186  -2.725 0.0000000000
1846  6.122  -88.651  -3.329 0.0000000000
1847  5.781  -89.248  -3.326 0.0000000000
1868  5.826  -89.367  -5.636 0.0000000000
1873  9.854  -90.197  -6.988 0.0000000000
1875  5.650  -90.033  -6.180 0.0000000000
1887  6.892  -90.157  -8.660 0.0000000000
1897  12.301  -88.936  -9.878 0.0000000000
1900  7.328  -89.101  -10.093 0.0000000000
1908  14.362  -89.313  -9.844 0.0000000000
1910  6.621  -89.407  -10.576 0.0000000000
1911  5.623  -89.368  -11.094 0.0000000000
1914  18.414  -89.840  -12.034 0.0000000000
1915  17.851  -88.952  -12.040 0.0000000000
1916  15.486  -89.794  -12.020 0.0000000000
1918  3.914  -90.021  -12.288 0.0000000000
1924  15.999  -89.853  -13.036 0.0000000000
1926  15.115  -89.216  -12.800 0.0000000000
1928  11.869  -89.320  -12.666 0.0000000000
1929  10.921  -89.328  -12.650 0.0000000000
1932  7.959  -89.283  -12.712 0.0000000000
1934  4.083  -89.142  -12.376 0.0000000000
1942  17.606  -88.857  -13.786 0.0000000000
1943  15.542  -89.632  -13.269 0.0000000000
1944  14.902  -89.527  -13.477 0.0000000000
1945  14.230  -89.752  -13.656 0.0000000000
1948  6.483  -89.225  -13.276 0.0000000000
1953  22.733  -89.346  -15.161 0.0000000000
1955  20.512  -89.526  -14.749 0.0000000000
1972  17.444  -89.528  -16.475 0.0000000000
1979  22.107  -89.359  -16.517 0.0000000000
2018  21.157  -89.317  -23.409 0.0000000000
2265  1.358  -88.857  7.913 0.0000000000
2266  0.845  -88.341  7.723 0.0000000000
2267  0.432  -87.762  7.411 0.0000000000
2277  0.785  -88.543  7.107 0.0000000000
2326  -0.550  -88.807  2.531 0.0000000000
2327  -1.100  -88.191  2.817 0.0000000000
2335  7.441  -88.232  1.338 0.0000000000
2345  13.550  -88.440  0.053 0.0000000000
2356  7.198  -88.304  -0.565 0.0000000000
2357  6.963  -89.026  0.050 0.0000000000
2376  7.008  -88.064  -2.079 0.0000000000
2382  6.523  -88.251  -3.766 0.0000000000
2397  11.578  -88.434  -5.617 0.0000000000
2399  6.935  -88.175  -5.885 0.0000000000
2408  11.756  -88.335  -6.463 0.0000000000
2427  10.828  -88.135  -8.493 0.0000000000
2429  7.857  -88.487  -8.291 0.0000000000
2439  14.342  -88.012  -9.918 0.0000000000
2450  14.839  -88.421  -10.382 0.0000000000
2451  7.593  -88.273  -10.160 0.0000000000
2460  17.615  -88.050  -11.896 0.0000000000
2473  15.225  -89.295  -12.095 0.0000000000
2474  14.843  -88.747  -11.911 0.0000000000
2479  7.886  -88.362  -12.823 0.0000000000
2489  17.829  -88.074  -13.611 0.0000000000
2490  7.186  -88.039  -13.147 0.0000000000
2498  20.111  -89.047  -14.213 0.0000000000
2502  4.965  -88.835  -13.765 0.0000000000
2521  22.378  -89.071  -16.368 0.0000000000
2562  3.349  -88.644  -21.336 0.0000000000
2566  4.295  -88.371  -21.506 0.0000000000
2572  5.032  -88.091  -21.768 0.0000000000
2578  22.931  -88.047  -24.683 0.0000000000
2579  22.092  -88.117  -24.868 0.0000000000
2580  21.442  -88.218  -25.041 0.0000000000
2603  17.199  -87.991  -28.203 0.0000000000
2852  2.813  -87.919  7.543 0.0000000000
2853  1.727  -88.225  7.993 0.0000000000
2856  -0.099  -87.061  7.415 0.0000000000
2865  3.764  -87.587  7.035 0.0000000000
2876  4.997  -88.015  5.925 0.0000000000
2878  0.394  -87.435  6.407 0.0000000000
2888  1.629  -87.621  4.933 0.0000000000
2978  7.246  -87.446  -2.652 0.0000000000
2986  7.720  -86.813  -3.273 0.0000000000
2992  6.951  -87.823  -4.307 0.0000000000
3000  12.125  -87.533  -5.158 0.0000000000
3001  8.214  -87.229  -5.730 0.0000000000
3003  6.939  -88.048  -5.054 0.0000000000
3016  7.661  -87.757  -6.406 0.0000000000
3026  7.610  -88.075  -7.358 0.0000000000
3055  13.994  -87.453  -10.253 0.0000000000
3056  13.127  -87.069  -10.334 0.0000000000
3057  7.739  -87.295  -10.158 0.0000000000
3058  6.892  -87.550  -10.629 0.0000000000
3070  6.314  -86.826  -11.267 0.0000000000
3071  5.542  -87.203  -11.690 0.0000000000
3080  17.833  -87.701  -12.610 0.0000000000
3081  13.469  -87.388  -11.423 0.0000000000
3082  12.533  -87.331  -12.065 0.0000000000
3085  9.285  -87.301  -12.408 0.0000000000
3087  7.571  -87.369  -12.900 0.0000000000
3088  5.263  -87.236  -12.456 0.0000000000
3089  4.666  -87.945  -12.639 0.0000000000
3095  5.458  -87.276  -13.076 0.0000000000
3158  5.091  -87.513  -21.283 0.0000000000
3170  4.750  -87.020  -23.127 0.0000000000
3174  4.346  -86.712  -24.702 0.0000000000
3187  18.421  -87.291  -28.522 0.0000000000
3196  18.730  -87.028  -29.128 0.0000000000
3407  0.775  -87.222  8.050 0.0000000000
3408  -0.169  -86.949  7.572 0.0000000000
3409  -0.769  -86.539  7.407 0.0000000000
3422  3.295  -87.020  7.400 0.0000000000
3433  1.304  -86.795  5.386 0.0000000000
3456  1.311  -85.966  4.127 0.0000000000
3457  0.172  -86.617  3.401 0.0000000000
3474  -0.660  -86.242  2.675 0.0000000000
3475  -1.577  -86.736  2.154 0.0000000000
3476  -1.767  -86.385  1.558 0.0000000000
3491  -1.582  -86.676  1.373 0.0000000000
3539  9.252  -85.891  -3.559 0.0000000000
3540  8.492  -86.168  -3.394 0.0000000000
3550  8.616  -86.484  -4.601 0.0000000000
3559  8.875  -86.605  -5.970 0.0000000000
3567  12.583  -86.351  -5.890 0.0000000000
3568  9.367  -85.879  -7.124 0.0000000000
3575  12.696  -86.069  -6.799 0.0000000000
3577  9.312  -85.626  -7.793 0.0000000000
3586  12.162  -85.857  -8.403 0.0000000000
3610  12.778  -86.586  -10.863 0.0000000000
3612  7.517  -86.296  -10.519 0.0000000000
3613  6.901  -86.166  -11.141 0.0000000000
3619  13.438  -87.009  -11.026 0.0000000000
3630  10.724  -86.386  -12.043 0.0000000000
3632  8.873  -86.368  -12.273 0.0000000000
3634  6.385  -86.268  -12.301 0.0000000000
3640  5.800  -86.750  -12.684 0.0000000000
3675  20.194  -87.015  -16.385 0.0000000000
3683  19.060  -86.584  -17.544 0.0000000000
3712  4.637  -86.588  -19.951 0.0000000000
3718  5.537  -86.824  -20.577 0.0000000000
3724  4.793  -87.510  -20.914 0.0000000000
3727  5.634  -86.925  -21.463 0.0000000000
3728  5.214  -87.480  -21.804 0.0000000000
3733  4.631  -87.239  -22.541 0.0000000000
3739  3.569  -85.730  -25.130 0.0000000000
4012  -1.547  -85.427  7.161 0.0000000000
4024  -1.342  -86.128  7.194 0.0000000000
4040  0.719  -86.012  5.343 0.0000000000
4054  1.365  -85.950  4.648 0.0000000000
4067  1.369  -85.159  4.157 0.0000000000
4115  -2.011  -85.625  0.498 0.0000000000
4165  9.978  -85.861  -3.944 0.0000000000
4186  10.801  -85.086  -6.388 0.0000000000
4215  8.662  -85.235  -10.188 0.0000000000
4224  8.221  -85.227  -10.823 0.0000000000
4226  6.997  -85.814  -11.552 0.0000000000
4231  11.452  -85.253  -10.915 0.0000000000
4234  8.080  -85.444  -11.595 0.0000000000
4235  7.432  -85.645  -11.591 0.0000000000
4241  7.539  -85.774  -12.116 0.0000000000
4256  19.649  -85.480  -14.596 0.0000000000
4301  4.032  -85.303  -19.209 0.0000000000
4311  4.586  -85.656  -19.425 0.0000000000
4320  4.043  -86.511  -20.178 0.0000000000
4326  5.861  -85.971  -21.023 0.0000000000
4334  2.263  -86.332  -22.314 0.0000000000
4339  4.804  -85.814  -23.404 0.0000000000
4343  4.139  -85.302  -24.397 0.0000000000
4349  2.609  -84.871  -25.876 0.0000000000
4350  25.143  -84.862  -26.755 0.0000000000
4351  24.439  -85.312  -27.235 0.0000000000
4364  20.842  -85.175  -28.512 0.0000000000
4365  19.992  -84.864  -28.463 0.0000000000
4373  18.960  -84.490  -29.250 0.0000000000
4374  19.110  -85.603  -30.385 0.0000000000
4378  19.597  -83.454  -29.199 0.0000000000
4405  16.304  -84.595  -32.794 0.0000000000
4653  1.258  -84.287  7.243 0.0000000000
4655  -1.055  -84.315  7.525 0.0000000000
4667  -1.683  -84.896  7.001 0.0000000000
4683  -0.837  -84.472  5.371 0.0000000000
4684  -1.598  -84.487  6.425 0.0000000000
4717  -0.248  -84.298  2.170 0.0000000000
4734  -2.074  -85.076  0.767 0.0000000000
4747  -2.037  -84.358  -0.169 0.0000000000
4806  11.961  -84.732  -6.948 0.0000000000
4807  11.246  -84.569  -6.994 0.0000000000
4810  12.047  -84.610  -7.594 0.0000000000
4812  10.950  -84.205  -7.671 0.0000000000
4813  10.292  -84.430  -7.964 0.0000000000
4830  10.169  -84.301  -8.817 0.0000000000
4840  11.190  -84.316  -8.939 0.0000000000
4843  9.249  -84.765  -9.955 0.0000000000
4853  11.033  -84.577  -9.701 0.0000000000
4854  10.385  -84.533  -10.126 0.0000000000
4866  10.143  -84.672  -10.988 0.0000000000
4867  9.212  -84.730  -11.096 0.0000000000
4868  8.492  -85.049  -11.148 0.0000000000
4947  4.175  -84.686  -18.767 0.0000000000
4962  5.740  -84.301  -19.396 0.0000000000
4963  4.959  -84.675  -19.180 0.0000000000
4964  3.672  -85.447  -19.652 0.0000000000
4988  3.169  -84.944  -21.551 0.0000000000
4995  2.769  -84.744  -22.497 0.0000000000
5003  2.352  -83.959  -23.244 0.0000000000
5006  4.506  -84.409  -24.539 0.0000000000
5007  3.408  -84.441  -25.267 0.0000000000
5014  2.738  -84.494  -26.083 0.0000000000
5053  16.923  -83.937  -33.125 0.0000000000
5297  -0.248  -83.524  7.455 0.0000000000
5298  -0.956  -83.417  7.405 0.0000000000
5299  -1.219  -83.776  7.276 0.0000000000
5311  -1.581  -84.160  6.934 0.0000000000
5334  0.910  -83.552  4.043 0.0000000000
5362  -1.994  -84.329  0.619 0.0000000000
5377  -1.757  -83.664  0.187 0.0000000000
5597  7.093  -83.149  -18.586 0.0000000000
5601  3.441  -83.358  -18.338 0.0000000000
5602  2.969  -83.206  -18.659 0.0000000000
5615  6.567  -83.791  -19.094 0.0000000000
5618  2.829  -83.505  -19.202 0.0000000000
5627  7.134  -84.041  -20.053 0.0000000000
5637  3.098  -84.175  -21.106 0.0000000000
5642  8.463  -83.441  -22.047 0.0000000000
5643  7.767  -83.835  -22.244 0.0000000000
5644  6.986  -84.250  -22.080 0.0000000000
5646  1.910  -83.941  -23.392 0.0000000000
5657  2.203  -83.332  -23.754 0.0000000000
5664  7.295  -84.048  -24.888 0.0000000000
5665  6.342  -84.184  -24.595 0.0000000000
5666  5.380  -84.195  -24.460 0.0000000000
5675  4.747  -83.625  -25.761 0.0000000000
5682  5.994  -83.476  -26.557 0.0000000000
5683  5.000  -83.394  -26.503 0.0000000000
5689  6.273  -83.249  -27.216 0.0000000000
5691  4.359  -83.321  -27.658 0.0000000000
5718  19.170  -81.233  -30.480 0.0000000000
5719  17.347  -81.581  -29.800 0.0000000000
5720  17.015  -82.445  -31.154 0.0000000000
5731  15.768  -82.778  -34.067 0.0000000000
6006  -0.372  -81.837  6.953 0.0000000000
6008  -1.243  -83.324  6.916 0.0000000000
6026  -0.693  -82.053  4.339 0.0000000000
6030  0.319  -81.747  2.873 0.0000000000
6041  0.206  -82.229  1.945 0.0000000000
6303  3.732  -82.623  -18.144 0.0000000000
6315  8.796  -82.136  -19.540 0.0000000000
6317  7.274  -82.392  -18.788 0.0000000000
6318  6.352  -82.064  -18.652 0.0000000000
6330  2.717  -82.881  -19.952 0.0000000000
6342  3.152  -83.160  -22.373 0.0000000000
6353  3.163  -82.400  -22.600 0.0000000000
6354  1.153  -83.063  -23.576 0.0000000000
6365  2.029  -82.817  -24.184 0.0000000000
6366  1.634  -82.283  -24.393 0.0000000000
6389  8.512  -82.702  -27.539 0.0000000000
6392  5.358  -82.831  -27.875 0.0000000000
6399  5.772  -82.252  -28.563 0.0000000000
6415  19.869  -81.003  -31.946 0.0000000000
6419  10.716  -82.348  -32.497 0.0000000000
6765  -0.253  -81.179  6.356 0.0000000000
6766  -0.860  -82.113  6.588 0.0000000000
6779  -0.649  -81.338  5.838 0.0000000000
6787  -0.909  -81.343  5.081 0.0000000000
6788  -1.122  -81.865  4.931 0.0000000000
6813  -0.118  -81.843  0.949 0.0000000000
6814  -0.815  -82.253  0.302 0.0000000000
6840  -1.226  -81.855  -1.121 0.0000000000
6841  -1.827  -82.260  -1.658 0.0000000000
7083  4.136  -81.834  -18.232 0.0000000000
7095  4.682  -81.266  -18.479 0.0000000000
7103  9.444  -82.115  -20.023 0.0000000000
7105  6.339  -80.904  -20.202 0.0000000000
7107  2.728  -81.416  -20.887 0.0000000000
7115  9.872  -82.117  -20.833 0.0000000000
7116  6.693  -80.745  -21.996 0.0000000000
7117  6.532  -80.833  -21.123 0.0000000000
7119  2.895  -81.111  -21.783 0.0000000000
7128  6.245  -80.718  -21.915 0.0000000000
7129  3.107  -82.109  -23.474 0.0000000000
7142  10.187  -82.009  -23.734 0.0000000000
7154  10.237  -82.028  -24.561 0.0000000000
7155  2.525  -81.266  -24.895 0.0000000000
7156  1.876  -81.577  -24.806 0.0000000000
7165  11.507  -81.284  -25.310 0.0000000000
7166  10.938  -81.436  -25.391 0.0000000000
7177  12.225  -81.289  -27.768 0.0000000000
7196  6.142  -81.631  -29.829 0.0000000000
7197  5.418  -82.051  -29.249 0.0000000000
7200  6.680  -81.089  -30.250 0.0000000000
7205  7.239  -80.789  -31.513 0.0000000000
7220  19.150  -80.401  -33.237 0.0000000000
7221  17.977  -80.047  -31.756 0.0000000000
7224  15.937  -81.193  -33.497 0.0000000000
7227  11.538  -81.349  -34.002 0.0000000000
7594  -0.582  -79.984  5.467 0.0000000000
7605  0.118  -80.520  3.306 0.0000000000
7606  -0.268  -80.241  4.011 0.0000000000
7615  0.617  -80.472  2.310 0.0000000000
7627  0.858  -80.675  1.299 0.0000000000
7640  1.156  -80.637  0.325 0.0000000000
7660  1.946  -79.938  -0.753 0.0000000000
7684  -0.672  -80.604  -1.818 0.0000000000
7701  -0.713  -80.119  -2.454 0.0000000000
7914  9.104  -80.900  -19.504 0.0000000000
7933  10.413  -79.786  -19.890 0.0000000000
7935  8.814  -80.552  -19.644 0.0000000000
7939  2.535  -80.805  -20.166 0.0000000000
7962  5.779  -80.493  -21.287 0.0000000000
7963  2.630  -80.331  -21.685 0.0000000000
7979  13.556  -80.547  -21.983 0.0000000000
7980  12.169  -80.414  -22.487 0.0000000000
7985  6.238  -80.687  -22.672 0.0000000000
8003  11.637  -80.648  -23.122 0.0000000000
8007  5.841  -80.515  -23.131 0.0000000000
8008  3.059  -80.519  -23.599 0.0000000000
8027  11.155  -81.020  -23.697 0.0000000000
8049  6.286  -80.941  -25.212 0.0000000000
8050  5.776  -80.861  -25.407 0.0000000000
8051  5.416  -80.522  -25.663 0.0000000000
8067  5.184  -80.230  -26.629 0.0000000000
8084  15.472  -80.112  -28.417 0.0000000000
8085  14.151  -80.506  -28.762 0.0000000000
8086  13.558  -80.916  -28.392 0.0000000000
8088  12.034  -81.123  -29.151 0.0000000000
8110  8.323  -79.763  -30.847 0.0000000000
8112  6.800  -80.871  -30.901 0.0000000000
8119  8.068  -79.602  -31.572 0.0000000000
8129  9.456  -80.186  -33.713 0.0000000000
8130  8.757  -80.189  -33.265 0.0000000000
8137  16.745  -80.015  -31.635 0.0000000000
8139  12.994  -80.365  -34.174 0.0000000000
8141  10.612  -79.985  -34.083 0.0000000000
8552  0.399  -78.270  7.559 0.0000000000
8553  0.319  -79.123  6.942 0.0000000000
8570  -0.224  -79.392  5.635 0.0000000000
8580  0.442  -79.110  4.225 0.0000000000
8581  -0.083  -79.318  4.551 0.0000000000
8582  -0.368  -79.594  4.919 0.0000000000
8588  3.049  -78.959  2.992 0.0000000000
8591  0.064  -79.716  3.820 0.0000000000
8597  4.313  -78.840  2.037 0.0000000000
8611  2.986  -79.520  1.552 0.0000000000
8622  4.143  -78.850  0.628 0.0000000000
8624  2.972  -79.628  0.146 0.0000000000
8639  3.916  -78.687  -0.036 0.0000000000
8660  1.979  -79.392  -1.172 0.0000000000
8900  3.404  -79.969  -18.532 0.0000000000
8909  9.108  -79.933  -19.971 0.0000000000
8911  4.459  -79.473  -18.871 0.0000000000
8912  3.147  -79.277  -18.925 0.0000000000
8913  2.716  -79.331  -19.493 0.0000000000
8932  10.311  -79.177  -19.880 0.0000000000
8950  5.554  -80.058  -21.125 0.0000000000
8960  5.627  -80.217  -22.557 0.0000000000
8968  7.252  -80.449  -23.548 0.0000000000
8969  5.610  -80.231  -23.331 0.0000000000
8970  3.214  -80.736  -24.496 0.0000000000
8982  3.243  -79.966  -25.106 0.0000000000
8994  6.972  -80.359  -25.517 0.0000000000
8995  5.277  -80.032  -25.872 0.0000000000
8996  2.988  -79.483  -25.570 0.0000000000
8997  2.386  -79.389  -25.675 0.0000000000
9011  5.879  -80.440  -26.921 0.0000000000
9026  4.799  -80.044  -27.692 0.0000000000
9034  14.799  -79.926  -29.048 0.0000000000
9035  6.021  -79.665  -28.518 0.0000000000
9048  13.689  -79.463  -29.919 0.0000000000
9056  13.113  -79.069  -30.326 0.0000000000
9058  10.774  -79.432  -30.813 0.0000000000
9069  10.182  -78.800  -31.176 0.0000000000
9070  8.604  -79.224  -32.188 0.0000000000
9077  9.225  -78.776  -32.900 0.0000000000
9085  9.242  -78.972  -33.422 0.0000000000
9096  13.745  -79.394  -34.001 0.0000000000
9097  12.826  -79.760  -33.948 0.0000000000
9099  10.374  -79.092  -34.130 0.0000000000
9508  4.822  -77.937  7.614 0.0000000000
9510  0.491  -77.809  7.636 0.0000000000
9518  7.885  -78.334  6.617 0.0000000000
9520  6.002  -77.745  6.736 0.0000000000
9521  0.417  -77.953  7.076 0.0000000000
9522  0.404  -78.530  6.618 0.0000000000
9531  1.453  -78.221  5.399 0.0000000000
9532  0.644  -78.302  6.229 0.0000000000
9545  2.030  -78.500  4.586 0.0000000000
9547  0.225  -78.879  4.920 0.0000000000
9554  7.212  -77.743  3.104 0.0000000000
9555  6.479  -78.214  2.893 0.0000000000
9557  4.600  -78.536  3.404 0.0000000000
9568  6.320  -78.008  2.086 0.0000000000
9569  5.724  -78.358  2.334 0.0000000000
9570  4.867  -78.621  2.631 0.0000000000
9577  5.983  -77.450  1.583 0.0000000000
9579  4.688  -78.561  1.142 0.0000000000
9591  5.050  -78.066  0.768 0.0000000000
9606  4.017  -77.973  -0.210 0.0000000000
9607  3.403  -78.465  -0.588 0.0000000000
9608  2.644  -78.362  -0.875 0.0000000000
9630  0.556  -78.709  -1.487 0.0000000000
9878  4.372  -78.533  -19.140 0.0000000000
9879  3.554  -78.591  -19.109 0.0000000000
9898  11.910  -78.050  -20.203 0.0000000000
9900  5.566  -78.556  -19.918 0.0000000000
9901  3.085  -78.106  -19.590 0.0000000000
9902  2.640  -78.650  -19.958 0.0000000000
9913  5.922  -78.850  -21.687 0.0000000000
9924  5.943  -78.919  -23.407 0.0000000000
9926  2.804  -78.896  -23.114 0.0000000000
9932  9.229  -78.391  -23.889 0.0000000000
9933  8.626  -78.989  -23.440 0.0000000000
9955  9.031  -78.235  -25.573 0.0000000000
9957  5.481  -79.106  -26.002 0.0000000000
9959  2.205  -78.781  -26.033 0.0000000000
9960  1.554  -78.267  -26.018 0.0000000000
9999  5.165  -78.430  -29.183 0.0000000000
10005  6.749  -78.289  -29.719 0.0000000000
10006  5.841  -78.023  -29.756 0.0000000000
10007  5.296  -77.527  -29.596 0.0000000000
10029  11.328  -78.415  -33.155 0.0000000000
10030  10.416  -78.580  -33.017 0.0000000000
10036  13.464  -78.026  -33.568 0.0000000000
10038  11.000  -78.616  -33.572 0.0000000000
10039  10.344  -78.593  -33.938 0.0000000000
10040  9.862  -78.612  -33.654 0.0000000000
10048  12.629  -79.038  -33.648 0.0000000000
10538  0.606  -77.558  7.509 0.0000000000
10545  8.900  -77.436  6.118 0.0000000000
10547  6.298  -77.805  5.976 0.0000000000
10548  5.161  -77.542  6.518 0.0000000000
10551  2.012  -77.030  6.714 0.0000000000
10552  1.097  -77.260  7.196 0.0000000000
10559  9.119  -76.953  5.690 0.0000000000
10561  8.060  -77.637  4.796 0.0000000000
10563  3.806  -77.242  5.938 0.0000000000
10565  1.851  -77.654  6.039 0.0000000000
10572  7.812  -77.524  3.775 0.0000000000
10573  6.590  -78.001  4.370 0.0000000000
10580  8.010  -77.031  3.690 0.0000000000
10592  7.113  -77.263  2.701 0.0000000000
10610  0.627  -77.655  1.469 0.0000000000
10631  0.402  -78.086  0.732 0.0000000000
10632  -0.334  -77.626  0.601 0.0000000000
10649  2.427  -77.978  -0.546 0.0000000000
10921  4.668  -77.737  -19.417 0.0000000000
10931  12.421  -77.760  -20.558 0.0000000000
10934  6.591  -77.173  -20.746 0.0000000000
10935  6.079  -77.109  -20.172 0.0000000000
10937  3.358  -77.326  -19.948 0.0000000000
10951  12.665  -77.495  -21.282 0.0000000000
10978  2.805  -78.059  -22.439 0.0000000000
11016  6.304  -77.531  -25.145 0.0000000000
11018  0.971  -77.603  -25.372 0.0000000000
11034  11.303  -77.616  -25.807 0.0000000000
11036  6.517  -76.362  -25.108 0.0000000000
11038  3.288  -78.136  -26.014 0.0000000000
11039  1.360  -77.201  -26.121 0.0000000000
11057  5.616  -77.172  -26.727 0.0000000000
11058  3.214  -77.536  -26.302 0.0000000000
11059  2.619  -77.176  -26.538 0.0000000000
11060  1.916  -76.723  -26.582 0.0000000000
11079  9.688  -77.702  -27.956 0.0000000000
11101  9.775  -77.350  -29.066 0.0000000000
11103  4.844  -77.520  -29.233 0.0000000000
11113  7.892  -77.119  -30.202 0.0000000000
11114  6.501  -77.513  -30.131 0.0000000000
11120  15.392  -76.871  -30.846 0.0000000000
11121  7.124  -77.015  -30.264 0.0000000000
11122  6.405  -76.789  -30.278 0.0000000000
11133  14.402  -77.049  -32.483 0.0000000000
11135  12.726  -77.510  -32.333 0.0000000000
11147  17.804  -78.049  -33.933 0.0000000000
11154  18.371  -78.684  -35.055 0.0000000000
11712  9.269  -76.211  6.653 0.0000000000
11725  9.149  -76.332  5.945 0.0000000000
11731  7.823  -76.633  3.746 0.0000000000
11741  6.590  -76.579  2.738 0.0000000000
11747  -0.236  -75.474  2.548 0.0000000000
11760  6.702  -76.963  2.373 0.0000000000
11764  2.375  -76.740  2.591 0.0000000000
11781  6.217  -77.017  1.815 0.0000000000
11782  5.589  -76.946  1.331 0.0000000000
11785  -0.491  -76.367  1.479 0.0000000000
11799  4.999  -77.045  0.783 0.0000000000
12095  6.605  -76.342  -20.555 0.0000000000
12097  4.847  -76.351  -20.053 0.0000000000
12131  7.221  -76.475  -22.270 0.0000000000
12169  5.851  -75.925  -26.649 0.0000000000
12170  3.527  -77.333  -26.028 0.0000000000
12180  12.331  -77.647  -27.261 0.0000000000
12182  3.353  -76.805  -26.451 0.0000000000
12192  11.925  -77.156  -27.896 0.0000000000
12194  5.173  -76.392  -28.123 0.0000000000
12214  10.624  -76.823  -29.132 0.0000000000
12237  9.259  -76.124  -30.522 0.0000000000
12239  5.888  -76.508  -30.064 0.0000000000
12240  5.215  -76.858  -29.724 0.0000000000
12255  7.519  -76.326  -30.402 0.0000000000
12836  9.132  -75.840  7.210 0.0000000000
12852  8.778  -75.806  5.602 0.0000000000
12853  8.106  -75.489  5.341 0.0000000000
12855  6.042  -75.288  5.223 0.0000000000
12871  1.343  -75.164  4.520 0.0000000000
12872  0.420  -74.888  4.329 0.0000000000
12885  7.163  -76.333  3.546 0.0000000000
12890  1.829  -75.664  3.906 0.0000000000
12891  0.094  -75.166  3.437 0.0000000000
12907  -0.447  -75.217  1.980 0.0000000000
12920  -0.377  -75.469  1.453 0.0000000000
13250  6.635  -75.475  -20.709 0.0000000000
13264  3.870  -75.361  -21.651 0.0000000000
13279  10.714  -75.254  -24.135 0.0000000000
13280  10.076  -75.315  -23.891 0.0000000000
13281  9.538  -75.199  -24.188 0.0000000000
13283  3.464  -75.750  -23.943 0.0000000000
13284  0.493  -75.386  -24.324 0.0000000000
13292  6.708  -75.487  -25.206 0.0000000000
13302  7.818  -75.323  -26.260 0.0000000000
13304  6.184  -75.142  -26.675 0.0000000000
13305  3.316  -75.965  -26.676 0.0000000000
13317  7.807  -75.239  -27.037 0.0000000000
13319  5.950  -74.712  -27.317 0.0000000000
13320  2.633  -75.611  -27.004 0.0000000000
13330  12.843  -76.072  -27.987 0.0000000000
13332  7.093  -74.388  -28.012 0.0000000000
13333  6.265  -74.537  -28.063 0.0000000000
13343  12.646  -75.597  -29.057 0.0000000000
13346  6.464  -74.526  -28.833 0.0000000000
13361  11.689  -75.284  -30.226 0.0000000000
13366  6.532  -75.828  -29.624 0.0000000000
13380  7.509  -75.417  -30.519 0.0000000000
13381  6.997  -75.837  -30.255 0.0000000000
13382  6.549  -76.239  -30.140 0.0000000000
13956  8.444  -74.658  6.945 0.0000000000
13966  7.844  -74.348  6.770 0.0000000000
13969  4.386  -73.741  6.190 0.0000000000
13982  0.733  -73.820  5.228 0.0000000000
13983  0.476  -73.585  5.026 0.0000000000
13991  4.006  -74.955  5.172 0.0000000000
13993  1.966  -74.732  5.100 0.0000000000
13996  0.096  -73.913  4.304 0.0000000000
14010  0.123  -74.565  3.907 0.0000000000
14011  -0.011  -74.263  3.342 0.0000000000
14380  11.617  -74.272  -18.736 0.0000000000
14392  11.006  -74.502  -19.328 0.0000000000
14406  11.114  -74.556  -20.094 0.0000000000
14407  9.845  -74.193  -21.016 0.0000000000
14409  5.809  -74.162  -20.500 0.0000000000
14421  10.500  -74.779  -21.666 0.0000000000
14423  7.046  -74.261  -21.711 0.0000000000
14431  11.021  -74.931  -22.569 0.0000000000
14442  11.916  -74.461  -23.286 0.0000000000
14444  10.454  -75.188  -23.281 0.0000000000
14446  8.461  -73.718  -24.460 0.0000000000
14447  7.180  -74.160  -23.767 0.0000000000
14455  11.887  -74.498  -24.011 0.0000000000
14457  8.863  -74.840  -24.461 0.0000000000
14458  8.230  -74.578  -24.969 0.0000000000
14468  7.636  -74.610  -25.294 0.0000000000
14469  7.146  -74.765  -25.745 0.0000000000
14483  2.627  -74.290  -26.872 0.0000000000
14489  13.847  -74.849  -28.429 0.0000000000
14500  6.936  -73.181  -29.083 0.0000000000
14513  7.362  -73.649  -29.770 0.0000000000
15111  7.119  -73.777  7.516 0.0000000000
15113  5.621  -72.796  8.144 0.0000000000
15126  6.688  -73.316  7.363 0.0000000000
15135  6.631  -73.367  6.906 0.0000000000
15136  6.027  -72.904  6.774 0.0000000000
15137  5.189  -72.878  6.549 0.0000000000
15148  2.298  -73.491  5.861 0.0000000000
15149  1.243  -73.376  5.582 0.0000000000
15150  0.646  -73.187  5.330 0.0000000000
15204  0.211  -73.347  2.227 0.0000000000
15205  0.033  -73.726  2.844 0.0000000000
15277  -0.973  -73.372  -2.437 0.0000000000
15310  6.021  -72.947  -4.769 0.0000000000
15328  7.078  -72.887  -5.786 0.0000000000
15329  6.462  -73.218  -5.579 0.0000000000
15332  3.774  -73.044  -5.430 0.0000000000
15333  -0.935  -73.810  -4.805 0.0000000000
15355  4.429  -73.076  -6.441 0.0000000000
15356  3.892  -73.092  -5.916 0.0000000000
15377  6.182  -73.045  -7.072 0.0000000000
15378  5.292  -73.101  -6.748 0.0000000000
15507  12.877  -73.599  -17.455 0.0000000000
15510  10.754  -73.789  -17.887 0.0000000000
15527  13.140  -73.233  -18.709 0.0000000000
15528  11.463  -74.179  -17.986 0.0000000000
15541  13.462  -72.675  -19.488 0.0000000000
15557  13.210  -72.833  -20.261 0.0000000000
15558  12.551  -73.623  -20.448 0.0000000000
15559  10.156  -74.063  -19.968 0.0000000000
15561  6.165  -72.857  -20.488 0.0000000000
15581  12.553  -73.671  -21.342 0.0000000000
15585  3.746  -73.660  -21.850 0.0000000000
15602  12.574  -73.658  -22.226 0.0000000000
15603  9.573  -73.085  -22.780 0.0000000000
15604  7.701  -72.213  -23.576 0.0000000000
15619  9.082  -73.297  -23.767 0.0000000000
15621  7.598  -72.731  -23.971 0.0000000000
15622  7.351  -73.315  -23.741 0.0000000000
15653  2.124  -73.415  -26.479 0.0000000000
15673  7.578  -72.687  -28.968 0.0000000000
15681  12.394  -73.798  -29.918 0.0000000000
15683  9.045  -72.378  -28.934 0.0000000000
15684  8.269  -72.561  -28.761 0.0000000000
15691  11.254  -73.710  -29.676 0.0000000000
16338  4.935  -71.793  7.563 0.0000000000
16356  5.863  -72.510  7.153 0.0000000000
16365  4.564  -71.814  6.380 0.0000000000
16379  3.300  -72.626  6.060 0.0000000000
16382  0.518  -72.527  5.419 0.0000000000
16383  0.354  -72.441  5.310 0.0000000000
16430  0.116  -72.428  2.027 0.0000000000
16490  -0.860  -72.165  -1.749 0.0000000000
16507  -1.137  -72.544  -2.292 0.0000000000
16523  3.066  -72.111  -3.814 0.0000000000
16533  5.332  -72.711  -4.366 0.0000000000
16534  4.487  -72.721  -4.379 0.0000000000
16535  3.491  -72.579  -4.436 0.0000000000
16537  0.218  -71.927  -4.748 0.0000000000
16539  -1.050  -73.127  -4.231 0.0000000000
16549  8.128  -72.193  -6.386 0.0000000000
16550  7.498  -72.748  -6.350 0.0000000000
16553  1.451  -71.713  -6.093 0.0000000000
16560  8.523  -72.111  -6.885 0.0000000000
16564  3.323  -72.205  -7.072 0.0000000000
16565  2.592  -71.719  -7.117 0.0000000000
16572  6.607  -72.433  -7.762 0.0000000000
16574  4.777  -72.190  -7.757 0.0000000000
16575  -0.065  -72.456  -8.027 0.0000000000
16634  13.159  -72.382  -14.801 0.0000000000
16647  13.394  -72.684  -15.513 0.0000000000
16648  12.513  -72.733  -15.386 0.0000000000
16649  11.725  -72.522  -15.399 0.0000000000
16661  14.291  -72.446  -16.561 0.0000000000
16662  13.594  -72.976  -16.275 0.0000000000
16674  13.639  -73.132  -17.178 0.0000000000
16676  10.831  -72.994  -17.446 0.0000000000
16688  13.742  -72.789  -18.038 0.0000000000
16702  10.399  -73.610  -19.291 0.0000000000
16715  14.053  -71.508  -19.543 0.0000000000
16719  7.118  -71.602  -20.261 0.0000000000
16720  6.533  -72.055  -20.350 0.0000000000
16721  5.271  -72.355  -20.344 0.0000000000
16722  4.630  -72.987  -20.692 0.0000000000
16734  13.504  -72.206  -21.554 0.0000000000
16735  10.042  -71.573  -21.684 0.0000000000
16736  9.751  -72.126  -22.253 0.0000000000
16755  13.435  -72.118  -22.547 0.0000000000
16756  13.037  -72.953  -22.839 0.0000000000
16757  9.226  -72.004  -23.058 0.0000000000
16760  3.941  -72.899  -23.164 0.0000000000
16776  8.703  -72.216  -23.706 0.0000000000
16777  8.147  -72.018  -23.958 0.0000000000
16778  7.882  -72.233  -24.024 0.0000000000
16795  7.968  -72.461  -24.241 0.0000000000
16816  4.239  -72.882  -26.563 0.0000000000
16818  1.628  -72.790  -26.036 0.0000000000
16829  4.159  -71.513  -27.875 0.0000000000
16831  3.038  -72.025  -27.325 0.0000000000
16839  3.432  -71.505  -27.776 0.0000000000
17520  5.261  -71.849  7.089 0.0000000000
17522  4.314  -71.005  6.376 0.0000000000
17552  -0.252  -71.475  3.814 0.0000000000
17595  -0.843  -71.308  -1.820 0.0000000000
17607  5.578  -70.757  -3.170 0.0000000000
17609  2.802  -71.171  -3.016 0.0000000000
17621  6.215  -71.599  -4.155 0.0000000000
17622  5.681  -71.505  -3.694 0.0000000000
17623  4.714  -71.515  -3.247 0.0000000000
17624  3.571  -71.657  -3.307 0.0000000000
17627  -0.710  -71.661  -3.233 0.0000000000
17638  6.482  -72.171  -4.571 0.0000000000
17645  6.964  -71.930  -5.107 0.0000000000
17649  8.192  -71.645  -6.022 0.0000000000
17651  0.748  -71.455  -6.701 0.0000000000
17656  10.305  -70.932  -7.779 0.0000000000
17661  2.063  -71.151  -7.493 0.0000000000
17670  8.414  -72.119  -7.633 0.0000000000
17671  6.902  -71.768  -8.455 0.0000000000
17675  2.412  -70.813  -8.169 0.0000000000
17677  0.819  -71.079  -8.129 0.0000000000
17678  0.540  -71.554  -8.335 0.0000000000
17684  8.642  -71.462  -8.781 0.0000000000
17687  5.486  -70.932  -9.124 0.0000000000
17690  0.404  -71.396  -9.315 0.0000000000
17721  13.314  -71.450  -13.607 0.0000000000
17730  14.226  -71.666  -14.583 0.0000000000
17731  13.693  -71.851  -14.310 0.0000000000
17735  9.976  -71.512  -14.951 0.0000000000
17748  11.380  -72.085  -14.939 0.0000000000
17749  10.701  -71.854  -15.290 0.0000000000
17766  14.665  -71.819  -15.992 0.0000000000
17767  11.299  -72.495  -16.026 0.0000000000
17768  10.764  -71.945  -16.063 0.0000000000
17778  14.598  -71.665  -17.727 0.0000000000
17784  14.573  -71.331  -18.347 0.0000000000
17797  14.421  -71.030  -19.043 0.0000000000
17799  7.181  -70.622  -19.846 0.0000000000
17813  13.853  -71.572  -20.905 0.0000000000
17815  10.176  -71.081  -21.447 0.0000000000
17818  6.349  -70.674  -20.098 0.0000000000
17819  5.350  -71.113  -20.435 0.0000000000
17836  7.939  -71.483  -20.455 0.0000000000
17837  4.936  -70.867  -21.121 0.0000000000
17838  4.360  -71.615  -21.452 0.0000000000
17853  8.554  -71.484  -22.641 0.0000000000
17854  8.203  -71.666  -22.111 0.0000000000
17875  8.054  -71.757  -23.378 0.0000000000
17893  5.017  -71.671  -24.888 0.0000000000
17911  5.137  -71.510  -26.798 0.0000000000
17912  2.202  -71.276  -26.360 0.0000000000
17925  4.723  -71.190  -27.558 0.0000000000
17926  2.606  -71.098  -27.305 0.0000000000
17938  3.909  -70.998  -28.360 0.0000000000
18586  -0.048  -69.802  6.195 0.0000000000
18597  1.567  -70.052  5.806 0.0000000000
18628  -0.549  -70.570  2.996 0.0000000000
18644  -0.286  -71.285  2.381 0.0000000000
18676  -0.591  -69.846  -0.812 0.0000000000
18677  -0.950  -69.985  -1.305 0.0000000000
18685  4.962  -69.844  -1.880 0.0000000000
18686  3.910  -69.977  -1.695 0.0000000000
18687  2.774  -69.838  -1.955 0.0000000000
18688  -0.793  -70.438  -1.738 0.0000000000
18700  5.339  -70.256  -2.487 0.0000000000
18706  -0.795  -70.211  -1.939 0.0000000000
18725  6.150  -70.704  -4.801 0.0000000000
18730  7.475  -71.501  -5.592 0.0000000000
18737  8.781  -70.949  -6.342 0.0000000000
18739  5.956  -70.397  -5.881 0.0000000000
18748  9.636  -70.368  -7.025 0.0000000000
18757  10.914  -70.513  -8.004 0.0000000000
18760  1.650  -70.290  -8.531 0.0000000000
18765  10.697  -70.345  -9.796 0.0000000000
18767  9.187  -70.968  -9.346 0.0000000000
18768  7.726  -70.607  -9.695 0.0000000000
18769  6.347  -70.683  -9.651 0.0000000000
18771  3.659  -70.493  -9.308 0.0000000000
18772  1.873  -69.771  -9.124 0.0000000000
18775  0.233  -70.030  -9.411 0.0000000000
18781  6.592  -70.037  -10.329 0.0000000000
18788  13.644  -69.738  -11.919 0.0000000000
18789  12.837  -70.123  -11.683 0.0000000000
18791  10.524  -69.528  -11.106 0.0000000000
18802  12.365  -70.610  -12.262 0.0000000000
18813  12.823  -71.069  -12.907 0.0000000000
18818  7.911  -70.129  -13.785 0.0000000000
18822  14.570  -71.131  -14.679 0.0000000000
18823  10.219  -71.191  -13.985 0.0000000000
18824  8.583  -70.765  -14.348 0.0000000000
18836  14.748  -71.172  -15.505 0.0000000000
18837  9.302  -71.144  -16.056 0.0000000000
18854  10.473  -71.536  -16.681 0.0000000000
18856  8.783  -70.565  -16.566 0.0000000000
18858  7.149  -70.053  -16.221 0.0000000000
18864  14.910  -71.048  -17.719 0.0000000000
18865  10.619  -71.156  -17.410 0.0000000000
18866  10.439  -70.201  -17.446 0.0000000000
18872  11.064  -70.588  -18.281 0.0000000000
18879  11.259  -70.844  -20.147 0.0000000000
18883  7.587  -69.795  -20.126 0.0000000000
18897  10.651  -70.625  -20.841 0.0000000000
18920  5.397  -70.123  -21.635 0.0000000000
18939  6.575  -69.615  -23.640 0.0000000000
18975  6.853  -69.527  -25.822 0.0000000000
19006  5.549  -70.058  -27.166 0.0000000000
19007  4.690  -70.587  -27.564 0.0000000000
19021  3.875  -70.779  -28.054 0.0000000000
19646  3.778  -69.163  7.124 0.0000000000
19653  3.741  -69.327  6.565 0.0000000000
19654  3.241  -68.501  6.448 0.0000000000
19658  2.831  -69.317  5.841 0.0000000000
19659  1.416  -69.178  6.002 0.0000000000
19661  -0.329  -69.330  5.776 0.0000000000
19744  5.369  -69.157  -1.931 0.0000000000
19757  5.503  -69.273  -2.562 0.0000000000
19758  1.556  -69.648  -2.444 0.0000000000
19759  0.317  -69.622  -2.427 0.0000000000
19760  -0.655  -69.628  -1.961 0.0000000000
19772  5.610  -69.534  -3.278 0.0000000000
19785  3.743  -69.352  -5.427 0.0000000000
19791  5.218  -70.291  -5.558 0.0000000000
19806  6.763  -70.046  -6.376 0.0000000000
19808  4.305  -69.660  -6.254 0.0000000000
19818  10.019  -69.748  -7.373 0.0000000000
19819  8.967  -70.081  -6.648 0.0000000000
19820  7.156  -69.449  -6.983 0.0000000000
19821  6.391  -69.359  -6.885 0.0000000000
19822  5.763  -68.930  -7.064 0.0000000000
19826  12.453  -69.027  -8.843 0.0000000000
19827  11.269  -69.534  -8.005 0.0000000000
19831  1.125  -69.200  -9.375 0.0000000000
19836  13.231  -68.735  -9.979 0.0000000000
19839  9.962  -69.659  -10.728 0.0000000000
19841  7.002  -69.397  -10.908 0.0000000000
19843  5.201  -69.610  -10.880 0.0000000000
19851  14.239  -69.184  -12.327 0.0000000000
19855  9.634  -69.441  -11.247 0.0000000000
19857  7.451  -69.047  -11.618 0.0000000000
19860  4.904  -69.132  -11.454 0.0000000000
19862  2.554  -69.030  -11.420 0.0000000000
19874  8.889  -69.931  -12.762 0.0000000000
19884  14.371  -69.580  -12.974 0.0000000000
19885  8.147  -69.655  -12.899 0.0000000000
19886  7.453  -69.387  -13.371 0.0000000000
19894  14.448  -69.578  -14.407 0.0000000000
19895  7.052  -69.876  -14.829 0.0000000000
19896  6.429  -69.360  -14.944 0.0000000000
19913  6.063  -69.381  -15.729 0.0000000000
19929  14.322  -70.010  -17.045 0.0000000000
19930  14.064  -69.708  -16.417 0.0000000000
19942  14.290  -69.272  -17.861 0.0000000000
19943  10.169  -69.404  -17.749 0.0000000000
19944  9.291  -68.992  -17.632 0.0000000000
19945  6.958  -69.217  -17.387 0.0000000000
19946  5.992  -69.055  -17.229 0.0000000000
19947  5.229  -68.652  -16.983 0.0000000000
19958  9.642  -68.200  -18.347 0.0000000000
19987  9.403  -68.668  -19.991 0.0000000000
20023  6.165  -69.464  -22.348 0.0000000000
20035  7.390  -69.001  -24.556 0.0000000000
20056  6.546  -69.352  -26.147 0.0000000000
20057  5.886  -69.616  -26.540 0.0000000000
20059  3.852  -69.628  -25.762 0.0000000000
20073  3.895  -69.965  -26.760 0.0000000000
20716  3.129  -67.865  7.374 0.0000000000
20720  3.180  -67.811  6.852 0.0000000000
20723  0.122  -68.362  6.196 0.0000000000
20724  -0.158  -68.609  6.029 0.0000000000
20739  -0.559  -68.408  3.793 0.0000000000
20754  -0.660  -68.267  2.501 0.0000000000
20770  -0.281  -68.201  1.825 0.0000000000
20808  -0.792  -68.152  -0.203 0.0000000000
20817  5.095  -68.490  -1.681 0.0000000000
20822  -0.599  -68.199  -1.306 0.0000000000
20852  3.603  -67.970  -3.934 0.0000000000
20864  1.860  -68.271  -4.862 0.0000000000
20869  2.992  -68.887  -5.566 0.0000000000
20870  1.886  -68.392  -5.460 0.0000000000
20872  0.350  -67.614  -5.182 0.0000000000
20883  3.937  -69.034  -6.545 0.0000000000
20884  3.087  -68.827  -6.197 0.0000000000
20886  0.800  -67.862  -5.640 0.0000000000
20891  10.427  -69.199  -7.682 0.0000000000
20898  3.441  -68.294  -6.936 0.0000000000
20903  9.911  -68.469  -7.975 0.0000000000
20905  8.035  -68.390  -7.924 0.0000000000
20906  6.586  -68.017  -7.996 0.0000000000
20908  13.286  -67.952  -9.889 0.0000000000
20909  12.919  -68.540  -9.364 0.0000000000
20911  0.459  -68.816  -9.792 0.0000000000
20914  13.518  -68.263  -10.441 0.0000000000
20918  14.099  -68.545  -11.934 0.0000000000
20919  6.034  -68.450  -11.899 0.0000000000
20920  5.380  -68.544  -11.741 0.0000000000
20922  3.826  -68.650  -12.163 0.0000000000
20923  1.950  -68.350  -11.783 0.0000000000
20925  0.121  -67.881  -10.903 0.0000000000
20939  4.501  -67.996  -12.532 0.0000000000
20941  2.277  -67.958  -12.477 0.0000000000
20951  14.418  -68.965  -13.007 0.0000000000
20952  14.154  -68.366  -12.962 0.0000000000
20955  5.504  -67.946  -13.029 0.0000000000
20956  4.860  -67.682  -12.983 0.0000000000
20966  14.475  -69.562  -13.587 0.0000000000
20968  13.246  -68.239  -14.697 0.0000000000
20970  6.162  -68.500  -13.481 0.0000000000
20989  12.733  -68.204  -15.442 0.0000000000
20990  5.026  -68.627  -16.133 0.0000000000
21008  13.351  -69.116  -16.379 0.0000000000
21032  5.025  -68.028  -17.425 0.0000000000
21047  9.944  -68.080  -18.883 0.0000000000
21049  8.380  -67.784  -18.378 0.0000000000
21067  14.285  -68.658  -19.741 0.0000000000
21068  9.675  -67.914  -19.426 0.0000000000
21086  8.622  -67.543  -20.750 0.0000000000
21103  7.709  -68.034  -22.025 0.0000000000
21132  8.032  -67.187  -23.836 0.0000000000
21147  7.359  -68.045  -25.391 0.0000000000
21149  5.605  -68.268  -25.052 0.0000000000
21809  3.015  -66.937  8.739 0.0000000000
21833  2.654  -67.174  6.607 0.0000000000
21834  1.780  -66.636  6.340 0.0000000000
21835  0.594  -66.813  6.066 0.0000000000
21883  -0.636  -67.443  3.119 0.0000000000
21951  -0.438  -67.435  0.198 0.0000000000
21962  -0.731  -67.242  -0.919 0.0000000000
21969  5.216  -67.693  -1.691 0.0000000000
21972  0.781  -67.652  -1.996 0.0000000000
21996  5.257  -67.202  -2.546 0.0000000000
21998  4.114  -67.336  -3.643 0.0000000000
22008  1.129  -67.510  -4.717 0.0000000000
22009  0.346  -67.686  -5.136 0.0000000000
22022  0.040  -67.617  -5.285 0.0000000000
22033  1.275  -67.728  -6.767 0.0000000000
22034  0.551  -67.730  -6.211 0.0000000000
22039  3.884  -67.736  -7.661 0.0000000000
22040  0.037  -66.818  -7.347 0.0000000000
22041  -0.132  -67.214  -6.438 0.0000000000
22044  11.628  -67.709  -8.887 0.0000000000
22045  10.241  -67.899  -8.434 0.0000000000
22046  9.346  -67.839  -8.454 0.0000000000
22047  8.406  -67.769  -8.441 0.0000000000
22049  5.870  -67.603  -8.174 0.0000000000
22051  3.119  -67.343  -8.304 0.0000000000
22053  0.995  -67.279  -7.494 0.0000000000
22060  7.882  -67.130  -8.873 0.0000000000
22065  13.030  -67.003  -10.038 0.0000000000
22073  13.477  -67.174  -11.343 0.0000000000
22074  0.414  -67.261  -11.425 0.0000000000
22088  13.242  -67.305  -12.371 0.0000000000
22091  1.650  -66.845  -12.564 0.0000000000
22106  11.945  -67.375  -13.706 0.0000000000
22109  4.257  -67.221  -13.615 0.0000000000
22119  12.623  -67.726  -14.187 0.0000000000
22120  11.647  -67.609  -14.568 0.0000000000
22121  10.770  -67.519  -14.905 0.0000000000
22136  10.687  -67.259  -15.684 0.0000000000
22150  12.808  -68.483  -16.791 0.0000000000
22153  4.568  -66.739  -16.235 0.0000000000
22164  13.303  -68.175  -17.514 0.0000000000
22165  12.649  -67.682  -17.064 0.0000000000
22176  14.040  -68.350  -18.092 0.0000000000
22178  9.137  -67.416  -19.617 0.0000000000
22180  6.953  -67.081  -19.045 0.0000000000
22194  8.399  -66.884  -19.907 0.0000000000
22251  8.029  -66.498  -23.508 0.0000000000
22253  5.473  -66.671  -22.872 0.0000000000
22262  7.845  -66.832  -24.115 0.0000000000
22278  7.385  -67.428  -24.781 0.0000000000
23012  3.229  -66.168  8.733 0.0000000000
23034  2.684  -65.650  7.416 0.0000000000
23046  0.271  -66.981  5.880 0.0000000000
23100  -0.507  -66.469  3.231 0.0000000000
23119  -0.402  -66.947  2.464 0.0000000000
23167  -0.614  -66.253  -0.356 0.0000000000
23177  5.358  -66.960  -1.619 0.0000000000
23196  5.419  -66.686  -2.270 0.0000000000
23208  5.244  -66.545  -2.869 0.0000000000
23210  3.654  -66.548  -3.673 0.0000000000
23227  1.770  -66.966  -4.120 0.0000000000
23228  0.680  -66.653  -4.218 0.0000000000
23229  0.111  -66.708  -4.942 0.0000000000
23254  -0.380  -66.525  -7.028 0.0000000000
23259  4.136  -66.806  -9.333 0.0000000000
23267  12.183  -66.764  -9.927 0.0000000000
23268  11.346  -66.916  -9.631 0.0000000000
23269  10.412  -66.780  -9.709 0.0000000000
23270  7.453  -66.645  -9.422 0.0000000000
23273  4.592  -66.351  -9.854 0.0000000000
23276  1.223  -66.269  -9.324 0.0000000000
23285  13.314  -66.957  -10.639 0.0000000000
23286  11.633  -66.366  -10.357 0.0000000000
23290  7.962  -66.219  -9.993 0.0000000000
23314  12.527  -66.641  -11.852 0.0000000000
23332  9.217  -65.659  -13.224 0.0000000000
23333  8.858  -66.267  -14.321 0.0000000000
23348  4.220  -65.913  -14.546 0.0000000000
23349  2.770  -65.254  -14.116 0.0000000000
23350  2.378  -65.089  -14.329 0.0000000000
23364  9.754  -66.805  -15.684 0.0000000000
23366  8.572  -66.203  -15.310 0.0000000000
23378  12.124  -67.127  -16.669 0.0000000000
23379  11.305  -66.780  -16.406 0.0000000000
23381  9.487  -66.185  -16.237 0.0000000000
23382  4.612  -65.218  -16.226 0.0000000000
23394  13.066  -67.210  -17.668 0.0000000000
23424  7.532  -66.155  -20.258 0.0000000000
23461  6.735  -65.645  -21.742 0.0000000000
23462  5.840  -65.692  -21.529 0.0000000000
23481  7.899  -66.285  -23.470 0.0000000000
23482  7.370  -65.970  -22.850 0.0000000000
23484  5.334  -66.413  -21.973 0.0000000000
24233  5.731  -65.442  8.418 0.0000000000
24234  3.701  -65.501  8.627 0.0000000000
24256  7.407  -64.752  7.887 0.0000000000
24268  1.915  -65.269  6.866 0.0000000000
24269  1.072  -65.277  6.405 0.0000000000
24279  -0.112  -65.524  4.510 0.0000000000
24298  -0.176  -65.048  3.779 0.0000000000
24319  0.326  -64.817  2.814 0.0000000000
24320  -0.100  -65.229  2.843 0.0000000000
24321  -0.211  -64.918  3.254 0.0000000000
24370  1.153  -65.200  0.861 0.0000000000
24371  0.044  -65.220  0.714 0.0000000000
24372  -0.349  -65.187  0.237 0.0000000000
24383  -0.556  -65.578  -0.291 0.0000000000
24394  5.190  -65.207  -1.900 0.0000000000
24397  2.805  -65.380  -1.428 0.0000000000
24413  5.458  -65.907  -2.731 0.0000000000
24430  1.847  -65.864  -3.558 0.0000000000
24431  0.770  -65.703  -3.762 0.0000000000
24452  2.149  -65.133  -5.958 0.0000000000
24462  3.678  -65.155  -6.708 0.0000000000
24468  2.749  -65.210  -6.708 0.0000000000
24469  1.228  -65.231  -6.916 0.0000000000
24470  -0.357  -65.180  -7.410 0.0000000000
24474  -0.489  -65.162  -8.511 0.0000000000
24493  11.066  -65.925  -10.873 0.0000000000
24500  2.931  -65.080  -10.512 0.0000000000
24502  1.083  -64.427  -10.178 0.0000000000
24509  10.594  -65.641  -11.367 0.0000000000
24519  11.168  -65.881  -11.596 0.0000000000
24521  9.271  -64.831  -12.232 0.0000000000
24522  8.746  -64.806  -12.976 0.0000000000
24543  3.986  -65.053  -14.890 0.0000000000
24558  8.736  -65.931  -16.066 0.0000000000
24561  4.218  -64.736  -15.637 0.0000000000
24562  3.622  -64.645  -15.348 0.0000000000
24576  10.203  -65.532  -16.822 0.0000000000
24579  4.256  -64.375  -16.498 0.0000000000
24595  4.364  -64.118  -17.510 0.0000000000
24596  3.748  -64.221  -17.182 0.0000000000
24609  5.236  -64.272  -18.598 0.0000000000
24619  5.912  -64.220  -20.075 0.0000000000
24631  7.040  -65.131  -21.178 0.0000000000
24632  6.330  -64.930  -20.536 0.0000000000
24634  4.812  -64.293  -20.451 0.0000000000
25436  6.110  -64.436  8.318 0.0000000000
25439  3.353  -64.896  8.354 0.0000000000
25465  3.769  -64.269  8.127 0.0000000000
25466  2.236  -64.433  7.551 0.0000000000
25485  0.473  -64.465  5.778 0.0000000000
25495  0.219  -64.347  4.737 0.0000000000
25600  4.743  -64.471  -1.761 0.0000000000
25605  -0.423  -64.729  -0.981 0.0000000000
25616  5.525  -64.370  -3.113 0.0000000000
25642  3.129  -63.885  -3.950 0.0000000000
25644  0.536  -64.830  -3.902 0.0000000000
25665  6.905  -64.002  -6.923 0.0000000000
25667  5.025  -64.541  -6.779 0.0000000000
25675  -0.491  -64.667  -8.058 0.0000000000
25684  -0.404  -64.579  -8.584 0.0000000000
25692  0.078  -63.803  -9.236 0.0000000000
25699  9.553  -65.255  -10.959 0.0000000000
25700  8.184  -64.773  -10.883 0.0000000000
25702  6.389  -64.929  -11.218 0.0000000000
25704  4.100  -64.405  -11.313 0.0000000000
25706  1.842  -64.093  -10.684 0.0000000000
25707  0.910  -63.689  -10.332 0.0000000000
25720  9.324  -64.925  -11.394 0.0000000000
25723  5.983  -64.290  -11.672 0.0000000000
25724  4.210  -63.820  -11.707 0.0000000000
25740  7.611  -64.085  -12.627 0.0000000000
25749  7.364  -64.156  -13.597 0.0000000000
25757  7.280  -64.236  -14.416 0.0000000000
25773  3.373  -64.478  -15.802 0.0000000000
25813  4.866  -63.643  -19.319 0.0000000000
25829  5.358  -64.112  -20.274 0.0000000000
25830  5.069  -63.672  -19.916 0.0000000000
26667  8.843  -62.911  7.828 0.0000000000
26668  7.830  -63.376  7.712 0.0000000000
26670  6.095  -63.448  7.822 0.0000000000
26672  4.190  -63.664  7.690 0.0000000000
26673  3.269  -63.752  7.736 0.0000000000
26674  1.751  -63.863  7.161 0.0000000000
26752  1.091  -63.193  3.052 0.0000000000
26753  0.576  -62.922  3.346 0.0000000000
26754  0.284  -62.663  3.844 0.0000000000
26806  -0.447  -63.448  0.339 0.0000000000
26807  -0.768  -63.331  -0.047 0.0000000000
26823  -0.475  -63.194  -0.494 0.0000000000
26865  5.399  -63.655  -3.557 0.0000000000
26879  5.228  -63.141  -3.946 0.0000000000
26911  7.980  -63.445  -6.629 0.0000000000
26913  6.408  -63.811  -6.503 0.0000000000
26914  5.558  -64.096  -6.479 0.0000000000
26932  8.240  -63.823  -7.589 0.0000000000
26933  4.933  -63.658  -8.332 0.0000000000
26944  0.915  -62.823  -9.473 0.0000000000
26945  0.538  -63.187  -9.621 0.0000000000
26954  0.591  -63.329  -10.025 0.0000000000
26965  4.613  -63.456  -12.122 0.0000000000
26979  3.602  -62.444  -11.991 0.0000000000
26989  5.972  -63.188  -14.452 0.0000000000
27850  7.715  -63.304  7.609 0.0000000000
27864  9.455  -62.618  7.582 0.0000000000
27865  8.327  -62.761  7.408 0.0000000000
27870  1.821  -62.471  6.227 0.0000000000
27880  9.262  -62.437  6.701 0.0000000000
27884  5.095  -62.007  5.299 0.0000000000
27888  0.750  -61.536  5.183 0.0000000000
27915  3.349  -61.990  3.134 0.0000000000
27965  -0.241  -62.635  0.549 0.0000000000
27984  -0.655  -62.691  -0.075 0.0000000000
27998  4.055  -62.438  -1.878 0.0000000000
28001  0.439  -62.102  -1.127 0.0000000000
28015  3.863  -61.554  -2.030 0.0000000000
28038  3.993  -62.251  -4.277 0.0000000000
28039  2.500  -62.333  -4.124 0.0000000000
28042  -0.226  -62.113  -4.911 0.0000000000
28060  0.441  -62.638  -5.477 0.0000000000
28061  -0.127  -61.772  -5.222 0.0000000000
28066  8.503  -62.948  -6.592 0.0000000000
28069  5.931  -63.522  -6.256 0.0000000000
28080  9.219  -63.103  -7.180 0.0000000000
28091  7.491  -63.408  -8.418 0.0000000000
28093  4.106  -62.657  -8.937 0.0000000000
28135  2.190  -62.706  -11.178 0.0000000000
28153  5.325  -62.599  -13.870 0.0000000000
29052  12.657  -61.160  5.645 0.0000000000
29055  8.772  -62.329  5.327 0.0000000000
29057  6.956  -61.970  5.074 0.0000000000
29060  3.433  -60.873  5.334 0.0000000000
29061  2.436  -60.988  5.384 0.0000000000
29063  0.601  -61.071  4.495 0.0000000000
29072  14.407  -60.966  4.514 0.0000000000
29075  11.760  -61.346  4.502 0.0000000000
29079  7.262  -61.053  4.550 0.0000000000
29081  0.805  -60.424  4.296 0.0000000000
29082  0.685  -60.841  3.911 0.0000000000
29098  3.111  -60.221  2.907 0.0000000000
29100  1.248  -60.448  3.571 0.0000000000
29156  -0.446  -61.771  0.145 0.0000000000
29204  5.241  -61.142  -3.688 0.0000000000
29214  5.053  -61.149  -4.155 0.0000000000
29217  1.433  -61.030  -4.557 0.0000000000
29218  0.407  -61.052  -4.848 0.0000000000
29236  0.245  -61.030  -5.266 0.0000000000
29257  7.775  -62.111  -6.570 0.0000000000
29259  5.259  -62.034  -6.473 0.0000000000
29273  9.805  -62.319  -7.250 0.0000000000
30189  1.677  -60.302  4.911 0.0000000000
30201  5.622  -59.680  4.567 0.0000000000
30202  3.979  -59.065  4.328 0.0000000000
30205  1.145  -60.005  4.305 0.0000000000
30222  15.112  -60.239  4.123 0.0000000000
30225  11.542  -60.571  3.905 0.0000000000
30228  2.764  -59.651  3.509 0.0000000000
30235  4.521  -59.571  3.096 0.0000000000
30255  10.360  -59.768  -0.683 0.0000000000
30258  1.135  -59.954  1.216 0.0000000000
30259  0.390  -60.147  1.170 0.0000000000
30273  19.238  -58.932  -2.586 0.0000000000
30285  0.282  -59.938  -0.141 0.0000000000
30286  -0.144  -60.718  0.282 0.0000000000
30293  22.691  -60.937  -2.088 0.0000000000
30296  18.982  -58.849  -2.983 0.0000000000
30314  20.639  -60.112  -3.405 0.0000000000
30331  20.751  -59.496  -3.581 0.0000000000
30334  5.162  -60.361  -4.033 0.0000000000
30344  4.868  -60.352  -4.299 0.0000000000
30347  0.370  -60.850  -4.961 0.0000000000
30364  0.963  -60.465  -5.065 0.0000000000
30384  5.204  -60.242  -6.509 0.0000000000
30388  1.086  -60.391  -5.328 0.0000000000
31350  7.966  -59.121  3.978 0.0000000000
31354  3.675  -58.949  4.032 0.0000000000
31355  2.844  -59.353  3.991 0.0000000000
31372  15.725  -59.102  3.982 0.0000000000
31373  14.597  -59.457  3.497 0.0000000000
31377  10.355  -59.239  3.450 0.0000000000
31381  6.368  -58.411  3.730 0.0000000000
31382  5.523  -58.467  3.759 0.0000000000
31405  4.221  -58.964  3.711 0.0000000000
31416  7.796  -58.993  0.988 0.0000000000
31417  7.361  -58.771  1.936 0.0000000000
31438  9.702  -58.965  -0.644 0.0000000000
31439  8.913  -58.883  -0.080 0.0000000000
31443  0.242  -59.479  1.023 0.0000000000
31463  0.388  -59.041  0.507 0.0000000000
31475  13.643  -59.440  -2.021 0.0000000000
31476  12.268  -59.264  -2.054 0.0000000000
31477  11.874  -58.716  -1.956 0.0000000000
31491  18.213  -58.798  -2.995 0.0000000000
31492  17.296  -58.966  -2.998 0.0000000000
31493  16.451  -59.096  -2.800 0.0000000000
31499  5.069  -58.907  -2.682 0.0000000000
31517  5.041  -58.472  -3.849 0.0000000000
31539  4.809  -59.456  -4.261 0.0000000000
31540  3.833  -58.337  -4.363 0.0000000000
31583  2.779  -59.258  -6.168 0.0000000000
32543  16.866  -57.842  5.165 0.0000000000
32552  9.034  -58.173  2.879 0.0000000000
32553  8.223  -58.035  2.934 0.0000000000
32568  14.629  -57.490  2.391 0.0000000000
32572  10.370  -58.057  2.394 0.0000000000
32574  8.560  -57.874  2.343 0.0000000000
32612  26.003  -58.180  0.351 0.0000000000
32615  16.922  -58.889  -0.163 0.0000000000
32625  0.958  -58.409  1.311 0.0000000000
32636  26.555  -58.332  -0.357 0.0000000000
32642  11.767  -58.278  -1.322 0.0000000000
32664  14.492  -58.616  -1.742 0.0000000000
32685  17.505  -58.817  -2.637 0.0000000000
32687  15.373  -58.762  -2.138 0.0000000000
32693  5.143  -58.083  -2.650 0.0000000000
32727  3.399  -57.568  -4.519 0.0000000000
32728  2.792  -58.053  -4.686 0.0000000000
32729  2.430  -58.551  -4.883 0.0000000000
32769  6.190  -58.570  -6.480 0.0000000000
32770  5.300  -58.387  -6.537 0.0000000000
33715  17.703  -57.595  5.962 0.0000000000
33734  16.344  -57.232  4.390 0.0000000000
33754  12.896  -56.993  1.735 0.0000000000
33768  12.190  -56.849  1.223 0.0000000000
33792  2.856  -56.518  1.316 0.0000000000
33793  1.825  -57.087  1.083 0.0000000000
33794  1.321  -57.850  1.093 0.0000000000
33809  4.282  -57.320  0.871 0.0000000000
33880  2.855  -57.656  -5.088 0.0000000000
33909  3.041  -58.099  -5.852 0.0000000000
34906  17.245  -56.681  3.874 0.0000000000
34938  3.565  -56.012  1.124 0.0000000000
34940  2.197  -56.523  0.881 0.0000000000
34953  27.920  -55.958  -1.239 0.0000000000
34956  24.270  -56.738  -2.957 0.0000000000
34958  7.263  -55.965  0.097 0.0000000000
34993  3.722  -56.440  -4.912 0.0000000000
35036  4.119  -56.333  -6.526 0.0000000000
35037  3.772  -56.903  -6.132 0.0000000000
36031  5.180  -55.164  0.398 0.0000000000
36032  3.949  -54.671  0.058 0.0000000000
36040  21.653  -55.271  -2.453 0.0000000000
36043  7.299  -55.357  0.310 0.0000000000
36044  3.512  -54.571  -1.020 0.0000000000
37122  27.768  -53.939  0.103 0.0000000000
37123  27.417  -54.222  0.298 0.0000000000
37138  22.605  -53.890  -0.995 0.0000000000
37142  4.212  -53.992  -0.794 0.0000000000
37148  22.939  -53.686  -2.147 0.0000000000
37154  3.756  -54.099  -1.583 0.0000000000
37163  21.803  -54.693  -2.301 0.0000000000
37166  8.403  -54.691  -0.581 0.0000000000
37168  4.061  -53.736  -1.828 0.0000000000
37178  11.819  -53.917  -1.568 0.0000000000
37181  6.282  -53.992  -3.405 0.0000000000
38205  27.372  -53.695  0.174 0.0000000000
38217  28.243  -53.367  -0.347 0.0000000000
38218  26.720  -53.433  0.244 0.0000000000
38226  28.435  -54.095  -0.452 0.0000000000
38227  28.831  -53.773  -0.975 0.0000000000
38243  6.233  -54.094  -1.391 0.0000000000
38245  4.481  -53.470  -1.876 0.0000000000
38256  6.003  -53.731  -2.123 0.0000000000
38291  27.253  -52.757  -5.626 0.0000000000
39282  27.401  -53.423  0.104 0.0000000000
39283  27.143  -53.359  0.237 0.0000000000
39356  13.157  -52.493  -5.778 0.0000000000
39361  6.802  -52.129  -5.596 0.0000000000
39382  7.399  -51.745  -6.292 0.0000000000
40285  27.436  -53.527  0.086 0.0000000000
40358  7.090  -51.412  -4.786 0.0000000000
40379  18.246  -51.179  -5.694 0.0000000000
40381  15.052  -51.500  -6.420 0.0000000000
40385  7.336  -51.099  -5.065 0.0000000000
40392  7.134  -51.627  -5.664 0.0000000000
40401  7.792  -51.467  -6.553 0.0000000000
41443  7.871  -50.725  -5.155 0.0000000000
41452  23.851  -50.961  -5.312 0.0000000000
41461  12.704  -50.844  -6.076 0.0000000000
41505  10.655  -50.472  -8.747 0.0000000000
42586  26.136  -49.343  -4.877 0.0000000000
42591  25.641  -49.614  -5.318 0.0000000000
42613  12.471  -49.519  -6.345 0.0000000000
43735  15.258  -48.195  -6.366 0.0000000000
44861  25.577  -47.404  -3.637 0.0000000000
44874  18.541  -47.476  -4.714 0.0000000000
45935  10.883  -46.763  -7.291 0.0000000000
45946  12.075  -46.770  -8.783 0.0000000000
47018  16.719  -45.722  -6.261 0.0000000000
47022  12.624  -45.625  -6.588 0.0000000000
48157  11.353  -44.594  -6.848 0.0000000000
49222  11.598  -43.592  -6.650 0.0000000000
127481  21.153  -89.215  -22.305 0.0000000000
127482  20.989  -89.209  -22.062 0.0000000000
127483  18.405  -89.748  -20.254 0.0000000000
127484  21.459  -88.846  -22.035 0.0000000000
127485  18.305  -89.658  -19.977 0.0000000000
127486  18.981  -89.531  -21.290 0.0000000000
127488  17.287  -89.320  -19.896 0.0000000000
127490  15.082  -87.773  -20.185 0.0000000000
127492  16.704  -88.706  -22.458 0.0000000000
127569  22.056  -57.537  -1.058 0.0000000000
127584  28.128  -54.011  -0.125 0.0000000000
127786  20.238  -88.755  -21.922 0.0000000000
127876  14.995  -79.694  -33.052 0.0000000000
127923  27.400  -56.373  0.131 0.0000000000
127948  14.955  -79.986  -34.103 0.0000000000
127949  20.403  -89.206  -22.258 0.0000000000
127965  21.705  -56.425  -3.226 0.0000000000
127966  28.091  -55.294  -0.104 0.0000000000
128003  15.341  -79.463  -32.725 0.0000000000
128012  20.484  -59.162  -2.011 0.0000000000
128019  14.920  -79.097  -33.262 0.0000000000
128046  15.842  -89.134  -19.847 0.0000000000
128057  21.458  -55.696  -1.831 0.0000000000
128079  8.095  -81.653  -29.118 0.0000000000
128090  18.294  -88.989  -22.100 0.0000000000
128177  21.632  -88.563  -21.812 0.0000000000
128411  9.013  -69.465  -11.851 0.0000000000
128439  5.434  -65.129  -3.135 0.0000000000
128533  5.971  -59.422  2.325 0.0000000000
128603  2.702  -68.717  -5.060 0.0000000000
128607  4.005  -95.141  -3.416 0.0000000000
128617  13.836  -68.157  -11.204 0.0000000000
128620  8.087  -66.105  -21.980 0.0000000000
128754  16.380  -90.690  -23.520 0.0000000000
128791  11.018  -66.249  -12.729 0.0000000000
129000  -0.946  -90.629  4.173 0.0000000000
129033  8.765  -62.946  7.862 0.0000000000
129500  2.264  -56.577  1.138 0.0000000000
129595  9.666  -58.012  1.177 0.0000000000
129732  1.317  -74.555  -25.935 0.0000000000
129785  14.257  -70.838  -19.757 0.0000000000
130002  1.303  -86.528  7.863 0.0000000000
130079  10.575  -57.945  -0.005 0.0000000000
130169  7.257  -75.863  -21.792 0.0000000000
130196  5.346  -95.130  -4.004 0.0000000000
130287  12.966  -80.556  -22.792 0.0000000000
130380  7.647  -79.981  -31.013 0.0000000000
130572  2.756  -61.106  2.995 0.0000000000
130604  8.089  -83.685  -25.353 0.0000000000
130851  11.323  -88.397  -9.893 0.0000000000
131101  10.973  -81.474  -26.905 0.0000000000
131161  11.480  -87.624  -9.810 0.0000000000
131190  0.874  -61.578  -4.585 0.0000000000
131195  15.044  -93.992  -11.075 0.0000000000
131237  8.716  -86.180  -3.997 0.0000000000
131251  8.184  -69.254  -12.115 0.0000000000
131386  14.000  -58.450  3.103 0.0000000000
131398  9.105  -86.285  -5.144 0.0000000000
131460  3.492  -60.538  -4.434 0.0000000000
131538  11.862  -85.999  -9.282 0.0000000000
131648  6.701  -92.626  -12.272 0.0000000000
131689  6.197  -93.778  -5.323 0.0000000000
131880  20.611  -58.251  -3.150 0.0000000000
131885  5.461  -87.927  -11.416 0.0000000000
131947  6.880  -64.320  -11.656 0.0000000000
132014  13.430  -56.925  1.006 0.0000000000
132181  3.922  -76.934  1.385 0.0000000000
132250  13.528  -92.450  -11.480 0.0000000000
132274  14.199  -90.902  -10.754 0.0000000000
132352  3.136  -94.929  -0.949 0.0000000000
132770  1.875  -91.809  6.783 0.0000000000
132825  4.227  -66.989  -1.090 0.0000000000
132889  0.401  -81.462  2.365 0.0000000000
132994  -0.515  -75.853  1.363 0.0000000000
133291  5.900  -91.448  -0.150 0.0000000000
133359  8.743  -94.219  -4.167 0.0000000000
133404  15.391  -92.806  -18.702 0.0000000000
133431  12.931  -59.248  -2.125 0.0000000000
133437  9.493  -90.708  -7.794 0.0000000000
133459  -0.400  -70.738  4.519 0.0000000000
133702  -0.997  -90.682  3.430 0.0000000000
133842  5.424  -92.539  -2.007 0.0000000000
133853  0.678  -62.793  0.771 0.0000000000
133876  3.623  -87.497  -21.619 0.0000000000
133880  4.747  -79.267  -27.818 0.0000000000
133901  1.761  -62.765  0.803 0.0000000000
133962  8.123  -86.194  -12.352 0.0000000000
133974  15.984  -58.180  -1.192 0.0000000000
134020  -0.646  -80.695  5.413 0.0000000000
134042  8.212  -93.844  -3.007 0.0000000000
134171  14.755  -70.796  -16.974 0.0000000000
134223  6.877  -63.345  -15.409 0.0000000000
134300  13.425  -67.367  -19.847 0.0000000000
134331  8.047  -69.131  -17.451 0.0000000000
134617  3.972  -72.619  -6.987 0.0000000000
134680  10.566  -74.379  -20.099 0.0000000000
134708  2.315  -95.096  -1.575 0.0000000000
134766  17.727  -92.172  -18.233 0.0000000000
134830  10.845  -84.962  -11.135 0.0000000000
134893  5.317  -61.902  -3.575 0.0000000000
134948  11.191  -70.195  -19.257 0.0000000000
134951  4.247  -95.173  -2.127 0.0000000000
134996  5.656  -91.506  3.346 0.0000000000
135002  -0.091  -67.425  -1.628 0.0000000000
135097  5.795  -62.715  5.968 0.0000000000
135157  8.523  -85.912  -9.767 0.0000000000
135296  9.643  -85.105  -11.519 0.0000000000
135335  2.934  -77.387  -21.898 0.0000000000
135373  18.560  -92.257  -12.277 0.0000000000
135400  12.406  -73.845  -18.136 0.0000000000
135459  -0.168  -61.809  0.541 0.0000000000
135487  14.727  -93.387  -15.138 0.0000000000
135547  3.234  -79.539  0.852 0.0000000000
135625  15.757  -81.376  -34.187 0.0000000000
135628  10.077  -93.751  -12.997 0.0000000000
135653  19.399  -91.330  -17.307 0.0000000000
135657  4.190  -69.199  -11.713 0.0000000000
135769  5.816  -84.930  -20.687 0.0000000000
135784  -0.410  -79.701  6.022 0.0000000000
135836  11.148  -94.664  -1.954 0.0000000000
135839  5.318  -93.102  2.163 0.0000000000
135899  1.529  -72.118  5.726 0.0000000000
135903  5.800  -91.134  -1.041 0.0000000000
135904  5.334  -75.530  -20.351 0.0000000000
136044  5.558  -83.949  -25.188 0.0000000000
136045  4.292  -72.221  -23.344 0.0000000000
136110  7.172  -63.668  7.972 0.0000000000
136112  2.052  -91.659  6.901 0.0000000000
136276  15.055  -93.087  -15.728 0.0000000000
136373  -1.140  -82.762  6.369 0.0000000000
136455  -0.114  -70.759  5.660 0.0000000000
136507  7.974  -93.764  -14.683 0.0000000000
136554  1.885  -65.817  -9.762 0.0000000000
136637  6.555  -57.906  -6.491 0.0000000000
136641  5.234  -62.956  -6.294 0.0000000000
136936  10.903  -80.828  -29.901 0.0000000000
137095  11.514  -69.766  -10.790 0.0000000000
137106  11.409  -70.436  -12.144 0.0000000000
137217  11.089  -61.627  5.070 0.0000000000
137290  7.362  -69.845  -14.119 0.0000000000
137304  4.054  -58.841  4.067 0.0000000000
137309  3.904  -77.660  -0.015 0.0000000000
137439  15.913  -79.288  -32.574 0.0000000000
137477  12.980  -72.052  -24.202 0.0000000000
137622  3.686  -86.183  6.950 0.0000000000
137719  12.965  -69.310  -10.339 0.0000000000
137868  9.100  -69.688  -10.587 0.0000000000
137940  7.063  -74.123  6.572 0.0000000000
138108  11.027  -94.123  -9.016 0.0000000000
138173  13.419  -88.738  0.980 0.0000000000
138399  5.854  -74.942  -28.418 0.0000000000
138417  -0.149  -68.027  5.677 0.0000000000
138419  10.045  -82.029  -21.870 0.0000000000
138500  11.792  -78.448  -33.282 0.0000000000
138596  15.109  -90.770  -8.016 0.0000000000
138818  5.067  -87.178  -20.398 0.0000000000
138890  -1.018  -68.650  -0.843 0.0000000000
138928  9.125  -71.257  -15.158 0.0000000000
139083  9.680  -66.823  -14.407 0.0000000000
139126  7.980  -92.714  -4.267 0.0000000000
139248  2.510  -80.119  -20.687 0.0000000000
139355  17.970  -78.350  -35.121 0.0000000000
139401  6.359  -53.483  -6.269 0.0000000000
139475  6.727  -58.493  2.574 0.0000000000
139531  1.470  -64.783  3.207 0.0000000000
139690  10.924  -74.175  -18.029 0.0000000000
139748  8.722  -79.479  -33.269 0.0000000000
139763  4.862  -65.047  -11.073 0.0000000000
139764  9.520  -82.676  -21.578 0.0000000000
139780  19.046  -92.190  -19.290 0.0000000000
139867  2.158  -95.100  -0.899 0.0000000000
139883  -0.127  -77.784  1.245 0.0000000000
139949  4.860  -67.096  -22.316 0.0000000000
139954  15.244  -92.430  -12.443 0.0000000000
140131  13.273  -79.406  -33.894 0.0000000000
140228  11.067  -81.380  -28.364 0.0000000000
140292  11.969  -94.041  -14.764 0.0000000000
140297  5.034  -67.209  -1.216 0.0000000000
140310  9.070  -71.768  -7.981 0.0000000000
140364  11.797  -81.337  -26.970 0.0000000000
140373  13.245  -89.166  -3.522 0.0000000000
140424  11.502  -91.790  -5.084 0.0000000000
140583  -1.093  -74.789  -4.587 0.0000000000
140653  6.736  -68.445  -25.746 0.0000000000
141031  11.047  -91.792  -10.494 0.0000000000
141115  3.699  -83.583  -26.896 0.0000000000
141126  14.392  -68.694  -18.788 0.0000000000
141214  0.698  -75.768  -24.963 0.0000000000
141220  5.701  -77.745  -19.869 0.0000000000
141289  7.537  -68.468  -25.144 0.0000000000
141290  0.941  -75.787  -25.598 0.0000000000
141291  5.670  -89.733  -4.842 0.0000000000
141460  14.327  -57.495  0.359 0.0000000000
141484  14.187  -78.027  -33.516 0.0000000000
141602  -0.052  -67.136  5.387 0.0000000000
141780  12.427  -93.990  -18.091 0.0000000000
141801  16.570  -51.321  -6.293 0.0000000000
141822  0.637  -72.017  5.633 0.0000000000
141824  6.514  -66.082  8.233 0.0000000000
141881  7.213  -74.482  -30.108 0.0000000000
141907  10.750  -89.103  -5.753 0.0000000000
141948  20.503  -50.898  -4.381 0.0000000000
141962  8.777  -93.215  -12.474 0.0000000000
142013  10.350  -67.135  -14.478 0.0000000000
142083  9.173  -82.721  -26.268 0.0000000000
142098  12.950  -90.753  -13.395 0.0000000000
142109  3.851  -76.039  -21.372 0.0000000000
142161  4.501  -95.144  -4.073 0.0000000000
142240  12.415  -90.862  -1.687 0.0000000000
142260  10.208  -74.446  -20.946 0.0000000000
142289  0.308  -62.598  4.499 0.0000000000
142329  -0.014  -95.103  0.685 0.0000000000
142352  1.008  -61.228  3.433 0.0000000000
142383  5.041  -71.702  -20.328 0.0000000000
142465  6.642  -71.145  -19.894 0.0000000000
142599  3.237  -78.902  -25.425 0.0000000000
142778  6.935  -86.026  -12.390 0.0000000000
142813  11.950  -93.770  -13.874 0.0000000000
143033  -0.062  -65.492  -5.154 0.0000000000
143180  -0.952  -88.719  3.096 0.0000000000
143237  8.685  -59.778  0.553 0.0000000000
143316  3.525  -65.485  -14.317 0.0000000000
143438  2.581  -80.055  -19.728 0.0000000000
143495  13.749  -92.892  -14.162 0.0000000000
143598  6.137  -77.865  5.162 0.0000000000
143641  8.746  -75.187  7.213 0.0000000000
143647  -0.264  -72.921  -6.902 0.0000000000
143703  7.872  -71.774  -8.512 0.0000000000
143706  9.831  -90.172  -6.097 0.0000000000
143771  0.184  -86.574  7.756 0.0000000000
143789  6.135  -94.915  -2.253 0.0000000000
143791  3.801  -84.087  -18.476 0.0000000000
143881  2.231  -65.210  1.076 0.0000000000
144152  9.533  -60.614  4.316 0.0000000000
144258  2.462  -93.142  5.734 0.0000000000
144360  12.221  -91.925  -13.652 0.0000000000
144400  5.973  -54.140  -6.231 0.0000000000
144476  1.320  -80.428  -0.566 0.0000000000
144481  -0.165  -67.307  -5.839 0.0000000000
144554  8.618  -81.535  -19.439 0.0000000000
144593  7.539  -58.110  3.025 0.0000000000
144707  4.220  -58.832  4.153 0.0000000000
144732  5.699  -93.203  -2.226 0.0000000000
144833  2.797  -65.919  -10.100 0.0000000000
144857  3.156  -90.132  6.771 0.0000000000
144915  6.937  -90.492  -9.432 0.0000000000
144930  0.614  -68.234  -10.485 0.0000000000
145034  8.428  -63.534  -8.343 0.0000000000
145083  11.405  -85.732  -4.928 0.0000000000
145087  7.618  -68.939  -7.437 0.0000000000
145099  14.504  -93.159  -11.755 0.0000000000
145171  -0.837  -81.896  -0.429 0.0000000000
145182  4.036  -70.346  -27.419 0.0000000000
145235  16.981  -92.094  -15.115 0.0000000000
145363  23.302  -59.797  -2.730 0.0000000000
145410  27.878  -53.589  -0.097 0.0000000000
145446  27.895  -54.514  0.181 0.0000000000
145469  18.837  -89.665  -20.968 0.0000000000
145637  9.732  -82.410  -23.307 0.0000000000
145643  3.077  -63.916  -1.533 0.0000000000
145865  0.257  -73.140  2.056 0.0000000000
145913  3.001  -72.702  -5.050 0.0000000000
146058  5.772  -90.414  -7.039 0.0000000000
146086  5.173  -73.431  -6.098 0.0000000000
146181  11.020  -70.702  -8.819 0.0000000000
146182  5.150  -71.826  6.738 0.0000000000
146301  9.521  -84.700  -9.202 0.0000000000
146308  -1.325  -85.173  7.346 0.0000000000
146315  11.903  -69.419  -8.509 0.0000000000
146413  5.327  -93.668  1.836 0.0000000000
146419  7.604  -60.334  1.562 0.0000000000
146445  11.044  -79.481  -34.018 0.0000000000
146647  13.009  -89.690  -1.046 0.0000000000
146676  21.332  -90.338  -18.545 0.0000000000
146724  7.819  -64.381  -15.765 0.0000000000
146789  4.131  -84.113  -18.444 0.0000000000
146841  2.887  -67.243  8.607 0.0000000000
146870  28.566  -53.593  -0.603 0.0000000000
146880  22.504  -85.671  -28.506 0.0000000000
146964  5.312  -72.669  -7.322 0.0000000000
147056  23.234  -58.247  -3.603 0.0000000000
147087  5.859  -92.058  0.378 0.0000000000
147100  -0.520  -87.560  3.339 0.0000000000
147125  11.144  -93.421  -2.933 0.0000000000
147163  5.371  -66.025  -10.142 0.0000000000
147398  15.767  -51.342  -6.367 0.0000000000
147668  5.396  -91.051  -3.547 0.0000000000
147769  0.534  -83.951  7.384 0.0000000000
147900  8.500  -65.532  -10.401 0.0000000000
148005  10.195  -89.315  -12.612 0.0000000000
148070  10.274  -94.614  -14.502 0.0000000000
148081  -0.522  -65.318  -0.845 0.0000000000
148174  13.861  -72.088  -19.370 0.0000000000
148201  2.857  -95.139  2.061 0.0000000000
148217  4.351  -63.666  -4.177 0.0000000000
148226  9.801  -81.961  -27.599 0.0000000000
148368  0.644  -62.643  5.457 0.0000000000
148433  6.619  -88.657  -2.268 0.0000000000
148457  7.373  -63.996  -7.463 0.0000000000
148584  4.128  -86.219  -24.375 0.0000000000
148686  9.892  -70.903  -7.373 0.0000000000
148693  6.200  -73.685  -20.609 0.0000000000
148707  4.395  -66.254  -1.204 0.0000000000
148713  18.057  -90.115  -20.802 0.0000000000
148716  0.649  -93.359  6.335 0.0000000000
148732  18.422  -83.920  -31.246 0.0000000000
148875  1.211  -75.969  3.376 0.0000000000
148910  1.155  -62.930  -8.866 0.0000000000
148919  2.163  -69.045  -10.551 0.0000000000
149073  10.758  -85.675  -5.094 0.0000000000
149112  5.717  -88.809  -13.585 0.0000000000
149311  7.302  -80.427  -31.147 0.0000000000
149400  8.670  -87.384  -8.753 0.0000000000
149583  6.533  -62.879  -8.750 0.0000000000
149687  2.766  -67.904  6.422 0.0000000000
149749  12.197  -86.553  -11.864 0.0000000000
149817  0.992  -88.091  6.382 0.0000000000
149888  -0.309  -69.547  1.826 0.0000000000
149956  1.398  -70.906  5.771 0.0000000000
150070  -1.241  -85.207  6.136 0.0000000000
150122  7.096  -64.022  -12.144 0.0000000000
150157  4.913  -64.433  -17.889 0.0000000000
150282  5.777  -90.868  -10.811 0.0000000000
150326  8.363  -70.868  -9.417 0.0000000000
150428  4.755  -77.330  -28.711 0.0000000000
150442  0.290  -78.784  5.539 0.0000000000
150449  18.131  -87.928  -13.796 0.0000000000
150499  6.159  -68.827  -14.349 0.0000000000
150540  6.918  -83.615  -26.568 0.0000000000
150547  -0.764  -63.948  0.012 0.0000000000
150639  5.432  -76.673  1.695 0.0000000000
150657  5.454  -68.999  -15.721 0.0000000000
150683  17.813  -83.000  -33.005 0.0000000000
150879  2.654  -65.207  -6.321 0.0000000000
150918  2.427  -63.832  7.599 0.0000000000
151035  7.861  -58.469  3.327 0.0000000000
151046  12.482  -85.753  -7.587 0.0000000000
151067  -0.524  -94.837  0.879 0.0000000000
151122  14.384  -92.510  -8.646 0.0000000000
151135  12.653  -93.854  -15.042 0.0000000000
151203  3.960  -53.910  -1.497 0.0000000000
151224  -0.307  -78.934  -1.933 0.0000000000
151229  8.030  -93.247  -12.282 0.0000000000
151273  0.736  -95.164  2.650 0.0000000000
151332  13.438  -71.760  -23.147 0.0000000000
151381  3.040  -94.182  3.729 0.0000000000
151420  5.910  -94.760  -5.320 0.0000000000
151466  12.481  -80.808  -24.008 0.0000000000
151498  6.816  -93.149  -12.329 0.0000000000
151585  5.795  -84.882  -22.365 0.0000000000
151598  4.410  -68.553  -1.446 0.0000000000
151663  12.259  -93.091  -13.661 0.0000000000
151744  14.864  -93.935  -10.382 0.0000000000
151811  4.723  -69.969  -10.388 0.0000000000
151816  3.621  -74.698  -24.574 0.0000000000
151845  6.025  -70.576  -26.387 0.0000000000
152030  -0.096  -70.975  1.976 0.0000000000
152039  2.620  -80.797  -25.172 0.0000000000
152083  22.680  -86.562  -27.101 0.0000000000
152219  15.383  -90.340  -25.105 0.0000000000
152221  13.659  -81.072  -27.874 0.0000000000
152246  4.731  -79.519  -28.179 0.0000000000
152356  0.117  -65.285  -4.075 0.0000000000
152606  13.848  -68.504  -14.195 0.0000000000
152665  9.733  -53.977  -1.702 0.0000000000
152781  7.924  -80.044  -21.109 0.0000000000
152808  4.767  -57.457  -2.647 0.0000000000
152811  0.615  -70.608  5.970 0.0000000000
153045  8.940  -65.010  -10.849 0.0000000000
153087  1.122  -71.597  5.753 0.0000000000
153361  7.354  -69.093  -25.442 0.0000000000
153392  -0.280  -83.781  4.700 0.0000000000
153489  9.147  -89.244  -12.486 0.0000000000
153516  4.431  -74.307  -20.800 0.0000000000
153573  9.250  -70.666  -6.636 0.0000000000
153627  1.161  -84.251  4.275 0.0000000000
153805  10.866  -77.532  -23.219 0.0000000000
153893  -1.016  -82.781  -0.039 0.0000000000
153901  12.093  -49.036  -6.366 0.0000000000
153914  0.247  -59.770  1.122 0.0000000000
153985  1.236  -77.447  6.669 0.0000000000
153988  2.758  -70.541  -27.405 0.0000000000
154065  7.290  -68.941  -21.463 0.0000000000
154083  4.003  -91.301  5.667 0.0000000000
154202  10.341  -69.267  -19.613 0.0000000000
154206  3.052  -83.944  -26.127 0.0000000000
154237  10.270  -60.704  4.204 0.0000000000
154458  0.425  -65.408  -1.585 0.0000000000
154465  17.052  -86.080  -31.410 0.0000000000
154513  11.749  -66.629  -12.561 0.0000000000
154533  5.075  -72.195  6.557 0.0000000000
154547  2.830  -63.287  7.345 0.0000000000
154627  -0.804  -66.835  -0.503 0.0000000000
154720  16.842  -89.732  -16.308 0.0000000000
154753  9.007  -76.240  7.572 0.0000000000
154793  11.108  -65.969  -12.132 0.0000000000
154821  -0.007  -73.822  3.598 0.0000000000
154844  1.570  -77.026  7.280 0.0000000000
154868  27.594  -56.411  -0.207 0.0000000000
154945  13.130  -61.373  4.921 0.0000000000
154948  14.926  -93.121  -20.810 0.0000000000
155010  0.466  -67.701  -10.931 0.0000000000
155101  10.061  -74.228  -20.503 0.0000000000
155107  0.470  -69.865  -9.049 0.0000000000
