#!ascii label  , from subject sub001 vox2ras=TkReg
5048
14173  13.306  -74.128  -6.168 0.0000000000
31570  22.292  -59.582  -6.322 0.0000000000
151217  7.946  -82.546  -10.758 0.0000000000
8751  3.093  -78.986  -7.053 0.0000000000
4278  1.400  -85.208  -16.724 0.0000000000
21052  1.636  -68.203  -18.774 0.0000000000
20861  14.648  -68.352  -4.564 0.0000000000
1131  9.577  -91.834  -16.818 0.0000000000
138756  5.583  -76.844  -1.838 0.0000000000
24316  14.202  -65.478  3.578 0.0000000000
130295  23.083  -59.473  0.470 0.0000000000
145514  10.559  -84.489  -27.496 0.0000000000
10789  10.388  -77.154  -9.841 0.0000000000
129623  3.029  -74.422  -13.913 0.0000000000
16613  5.400  -72.386  -12.609 0.0000000000
25652  17.694  -64.154  -5.952 0.0000000000
26834  9.368  -63.515  -0.688 0.0000000000
31535  12.898  -59.307  -5.140 0.0000000000
6114  1.007  -82.512  -2.772 0.0000000000
29127  8.137  -60.766  1.514 0.0000000000
26783  18.994  -62.788  1.731 0.0000000000
3668  10.140  -87.213  -15.097 0.0000000000
145304  11.995  -86.553  -23.189 0.0000000000
136880  14.720  -82.688  -18.966 0.0000000000
38322  19.200  -53.893  -5.931 0.0000000000
6216  1.658  -83.205  -11.415 0.0000000000
7040  9.597  -81.220  -15.605 0.0000000000
10874  2.715  -77.507  -13.945 0.0000000000
12078  1.343  -76.201  -19.668 0.0000000000
17590  10.752  -71.881  -1.057 0.0000000000
12992  4.370  -75.527  -4.248 0.0000000000
20790  5.996  -68.290  0.492 0.0000000000
149813  12.135  -54.276  -3.247 0.0000000000
1951  1.995  -90.312  -13.951 0.0000000000
128347  1.128  -89.544  -9.841 0.0000000000
1849  1.282  -89.670  -3.541 0.0000000000
3529  1.995  -86.615  -2.611 0.0000000000
6075  7.569  -82.959  -0.222 0.0000000000
151979  11.798  -78.591  -0.533 0.0000000000
139531  1.470  -64.783  3.207 0.0000000000
18625  7.530  -69.951  4.045 0.0000000000
16392  14.991  -72.963  3.768 0.0000000000
19740  17.056  -69.195  -2.459 0.0000000000
23190  23.417  -66.744  -2.295 0.0000000000
154659  26.423  -62.556  -3.008 0.0000000000
1572  10.975  -90.217  -25.404 0.0000000000
3217  13.936  -86.334  -30.827 0.0000000000
127847  7.446  -88.035  -20.845 0.0000000000
13082  13.174  -75.465  -9.574 0.0000000000
14290  9.429  -73.942  -13.414 0.0000000000
15406  9.316  -74.155  -10.165 0.0000000000
29229  20.672  -61.772  -5.858 0.0000000000
133062  14.875  -61.999  -5.621 0.0000000000
31575  17.484  -59.734  -6.177 0.0000000000
4893  9.166  -84.347  -13.717 0.0000000000
3678  14.316  -86.371  -15.952 0.0000000000
5542  14.544  -83.222  -13.268 0.0000000000
6959  -0.249  -81.095  -8.683 0.0000000000
7842  3.159  -80.742  -13.064 0.0000000000
9761  -1.043  -77.936  -9.360 0.0000000000
134794  3.107  -72.213  -18.641 0.0000000000
14349  0.488  -74.915  -16.393 0.0000000000
17840  0.479  -71.496  -21.265 0.0000000000
16782  1.541  -72.687  -23.793 0.0000000000
21121  4.439  -67.925  -21.949 0.0000000000
18715  12.901  -69.535  -2.777 0.0000000000
18699  8.022  -70.191  -1.793 0.0000000000
23195  9.563  -66.520  -3.015 0.0000000000
30301  5.902  -60.601  -1.488 0.0000000000
27962  4.188  -62.424  0.466 0.0000000000
37215  15.611  -54.295  -5.376 0.0000000000
1463  0.926  -90.588  -11.896 0.0000000000
147023  -0.665  -93.880  -1.274 0.0000000000
966  0.373  -92.249  0.623 0.0000000000
2988  -1.184  -87.488  -3.052 0.0000000000
1349  3.132  -90.678  1.623 0.0000000000
8693  3.938  -79.467  -3.381 0.0000000000
6050  4.324  -82.517  2.176 0.0000000000
7637  6.687  -80.363  0.834 0.0000000000
6835  10.876  -81.555  -0.554 0.0000000000
9604  8.220  -77.711  -0.301 0.0000000000
26772  11.306  -63.097  2.854 0.0000000000
24294  7.908  -65.344  4.559 0.0000000000
21901  10.320  -67.465  2.136 0.0000000000
18603  11.863  -71.042  4.379 0.0000000000
19696  13.322  -69.329  1.538 0.0000000000
17567  17.418  -71.383  1.431 0.0000000000
21923  15.451  -67.343  0.893 0.0000000000
29120  21.006  -61.915  1.144 0.0000000000
24362  22.030  -65.716  0.809 0.0000000000
25572  24.009  -64.476  0.517 0.0000000000
25612  25.749  -64.995  -2.717 0.0000000000
29131  25.236  -61.235  0.327 0.0000000000
449  8.427  -93.299  -18.314 0.0000000000
482  10.773  -92.586  -21.685 0.0000000000
128069  7.952  -90.959  -21.827 0.0000000000
145310  16.380  -84.199  -25.998 0.0000000000
127895  13.746  -85.995  -27.328 0.0000000000
5703  13.542  -83.394  -30.035 0.0000000000
5058  12.147  -84.082  -33.264 0.0000000000
4388  9.628  -84.286  -31.256 0.0000000000
5569  5.712  -83.382  -15.728 0.0000000000
4284  9.267  -85.309  -17.681 0.0000000000
3140  4.855  -87.882  -17.915 0.0000000000
15255  1.378  -73.330  -1.473 0.0000000000
13047  1.362  -75.454  -6.207 0.0000000000
9737  6.741  -78.698  -8.146 0.0000000000
11951  3.270  -76.283  -10.318 0.0000000000
12001  6.664  -75.887  -12.514 0.0000000000
14360  6.186  -73.722  -16.748 0.0000000000
18842  1.967  -70.866  -15.934 0.0000000000
23251  15.625  -66.549  -6.115 0.0000000000
24390  12.230  -64.690  -1.551 0.0000000000
26876  13.185  -64.238  -4.680 0.0000000000
29202  10.065  -61.785  -3.823 0.0000000000
31495  8.102  -58.997  -2.859 0.0000000000
4127  -1.194  -85.632  -0.034 0.0000000000
10690  -1.016  -78.080  -3.078 0.0000000000
12947  1.879  -75.674  -0.507 0.0000000000
29136  14.225  -60.891  0.722 0.0000000000
25559  16.243  -64.357  2.814 0.0000000000
29171  16.928  -61.097  -1.430 0.0000000000
29167  20.193  -61.707  -2.268 0.0000000000
132566  10.479  -90.224  -15.444 0.0000000000
2547  9.655  -88.746  -19.915 0.0000000000
3136  12.321  -87.897  -18.257 0.0000000000
4984  14.467  -84.426  -20.950 0.0000000000
145547  13.401  -83.170  -23.351 0.0000000000
7108  0.019  -81.708  -21.276 0.0000000000
3713  1.559  -86.862  -19.657 0.0000000000
36094  24.598  -55.557  -5.380 0.0000000000
35026  20.646  -56.617  -6.378 0.0000000000
6968  6.069  -81.397  -9.273 0.0000000000
7835  12.461  -80.609  -12.181 0.0000000000
7838  7.684  -80.303  -12.235 0.0000000000
9846  6.470  -78.793  -16.220 0.0000000000
7043  2.340  -81.645  -15.453 0.0000000000
13121  -0.938  -75.512  -11.594 0.0000000000
152017  -1.292  -78.557  -15.409 0.0000000000
129847  -0.126  -80.731  -18.465 0.0000000000
143266  0.225  -77.071  -22.853 0.0000000000
12989  10.895  -75.131  -3.469 0.0000000000
13040  8.356  -75.553  -6.622 0.0000000000
15292  7.785  -73.808  -3.371 0.0000000000
16468  4.707  -72.285  -0.600 0.0000000000
19729  1.495  -69.204  0.112 0.0000000000
24365  7.705  -65.421  1.271 0.0000000000
130480  3.120  -65.210  1.196 0.0000000000
33900  16.213  -57.234  -6.512 0.0000000000
34992  11.431  -56.497  -3.898 0.0000000000
431  5.930  -93.190  -13.216 0.0000000000
137065  4.482  -90.961  -16.926 0.0000000000
137052  3.851  -87.815  -15.675 0.0000000000
154123  3.508  -85.355  -13.841 0.0000000000
4871  4.129  -84.727  -11.426 0.0000000000
60  1.476  -94.949  -3.481 0.0000000000
1417  3.103  -90.512  -5.739 0.0000000000
4194  4.460  -85.154  -7.603 0.0000000000
4207  0.989  -86.074  -8.774 0.0000000000
132300  -1.076  -84.735  -6.280 0.0000000000
5449  2.444  -83.195  -5.277 0.0000000000
4085  3.518  -85.723  2.143 0.0000000000
4138  5.354  -85.003  -0.898 0.0000000000
134302  6.134  -81.708  -5.157 0.0000000000
149688  9.600  -80.176  -5.738 0.0000000000
8716  12.598  -79.988  -6.074 0.0000000000
10711  14.150  -77.292  -4.705 0.0000000000
16415  2.619  -71.812  3.400 0.0000000000
21879  4.512  -67.844  3.747 0.0000000000
16424  6.390  -72.912  3.307 0.0000000000
14023  9.486  -74.245  2.525 0.0000000000
11758  12.698  -76.831  2.745 0.0000000000
14072  13.736  -75.153  -0.979 0.0000000000
16452  13.210  -72.654  1.056 0.0000000000
131164  16.225  -72.526  -1.917 0.0000000000
127979  17.347  -71.386  -4.996 0.0000000000
23131  19.042  -67.156  2.273 0.0000000000
20811  20.030  -68.155  -1.770 0.0000000000
128101  19.747  -68.584  -5.831 0.0000000000
23223  21.279  -66.472  -4.585 0.0000000000
26874  23.603  -64.459  -6.429 0.0000000000
29224  25.324  -60.996  -5.400 0.0000000000
32683  26.952  -57.916  -2.563 0.0000000000
34989  26.444  -56.937  -4.542 0.0000000000
2049  14.745  -89.105  -27.052 0.0000000000
145495  9.795  -88.527  -24.743 0.0000000000
2608  12.449  -87.971  -28.367 0.0000000000
149180  15.557  -87.305  -29.971 0.0000000000
152868  13.316  -82.326  -16.246 0.0000000000
145303  10.698  -84.279  -20.573 0.0000000000
145316  8.548  -86.077  -24.644 0.0000000000
1546  4.369  -89.748  -21.394 0.0000000000
2030  6.584  -89.168  -25.208 0.0000000000
3204  7.218  -86.645  -28.853 0.0000000000
7206  6.405  -81.914  -30.988 0.0000000000
14213  5.028  -74.546  -8.865 0.0000000000
133023  1.674  -72.592  -11.678 0.0000000000
20973  -0.144  -67.524  -13.756 0.0000000000
24580  3.546  -64.357  -16.369 0.0000000000
14207  13.603  -74.307  -8.518 0.0000000000
138457  11.445  -74.242  -10.033 0.0000000000
15390  11.812  -73.769  -8.649 0.0000000000
29248  21.260  -61.102  -6.052 0.0000000000
29250  19.390  -60.880  -5.877 0.0000000000
31572  20.360  -59.563  -6.341 0.0000000000
5533  9.114  -83.222  -12.944 0.0000000000
4891  11.860  -84.792  -13.144 0.0000000000
5532  11.922  -83.459  -12.164 0.0000000000
7770  0.921  -79.796  -6.953 0.0000000000
7795  -0.615  -79.789  -9.627 0.0000000000
9721  0.382  -78.583  -7.783 0.0000000000
18884  2.599  -70.392  -19.346 0.0000000000
17790  0.450  -71.756  -19.323 0.0000000000
18901  1.510  -69.387  -20.856 0.0000000000
20025  2.366  -69.530  -22.237 0.0000000000
22219  2.674  -67.768  -20.297 0.0000000000
19782  13.817  -69.079  -3.697 0.0000000000
20848  10.903  -67.980  -3.365 0.0000000000
21993  11.654  -67.289  -3.582 0.0000000000
139373  5.479  -58.984  -0.885 0.0000000000
30283  3.707  -60.093  0.055 0.0000000000
155079  -1.315  -92.985  2.023 0.0000000000
950  0.240  -91.698  2.495 0.0000000000
1360  1.376  -91.563  0.567 0.0000000000
1339  1.973  -90.742  2.584 0.0000000000
10685  4.667  -77.832  -2.997 0.0000000000
7680  5.392  -80.065  -1.860 0.0000000000
9627  6.603  -78.206  -1.724 0.0000000000
8636  7.375  -79.023  -0.239 0.0000000000
149704  7.031  -77.074  -1.401 0.0000000000
25563  12.801  -63.825  3.086 0.0000000000
24290  11.435  -65.367  4.095 0.0000000000
21871  11.789  -66.998  2.978 0.0000000000
21927  11.459  -67.688  1.224 0.0000000000
21899  12.751  -67.265  1.833 0.0000000000
21944  14.031  -67.544  0.789 0.0000000000
21868  15.023  -67.119  3.057 0.0000000000
148395  21.869  -60.485  0.309 0.0000000000
26778  23.120  -62.869  1.472 0.0000000000
27939  23.117  -61.931  1.530 0.0000000000
27953  24.798  -62.496  0.756 0.0000000000
30247  24.553  -60.663  0.897 0.0000000000
747  8.250  -92.792  -17.211 0.0000000000
150606  7.918  -91.915  -20.169 0.0000000000
1139  8.258  -91.469  -19.365 0.0000000000
145524  12.807  -83.633  -26.925 0.0000000000
145380  14.736  -83.417  -28.200 0.0000000000
145435  11.966  -83.829  -28.914 0.0000000000
127520  10.693  -84.502  -30.678 0.0000000000
127509  9.813  -85.061  -29.616 0.0000000000
4922  4.431  -84.662  -16.028 0.0000000000
4288  5.550  -85.805  -17.067 0.0000000000
3690  2.980  -86.575  -17.121 0.0000000000
17594  -0.354  -71.669  -1.339 0.0000000000
153531  -0.671  -74.074  -2.614 0.0000000000
10756  9.429  -78.117  -8.826 0.0000000000
10792  7.107  -77.433  -10.312 0.0000000000
11947  9.096  -76.638  -11.116 0.0000000000
139782  7.543  -72.323  -13.396 0.0000000000
15475  7.885  -73.629  -15.049 0.0000000000
16639  6.322  -72.032  -15.232 0.0000000000
17751  4.745  -71.640  -16.203 0.0000000000
17738  3.781  -72.018  -14.455 0.0000000000
24460  16.545  -65.360  -6.796 0.0000000000
24451  14.654  -65.505  -5.450 0.0000000000
26910  15.349  -64.074  -6.308 0.0000000000
30363  13.266  -60.991  -5.392 0.0000000000
150635  12.863  -61.799  -5.113 0.0000000000
30342  11.647  -60.594  -4.734 0.0000000000
30332  9.099  -60.434  -3.689 0.0000000000
31514  10.034  -59.032  -3.946 0.0000000000
130747  -0.356  -77.018  -0.031 0.0000000000
11852  0.814  -76.789  -2.242 0.0000000000
30278  13.316  -60.021  -0.914 0.0000000000
30299  14.847  -59.949  -1.637 0.0000000000
29151  15.971  -61.036  -0.188 0.0000000000
30318  16.023  -59.765  -2.390 0.0000000000
2512  10.452  -88.338  -15.596 0.0000000000
145019  12.678  -89.953  -16.469 0.0000000000
2510  12.485  -88.646  -15.573 0.0000000000
4933  14.271  -84.413  -17.553 0.0000000000
133148  13.572  -85.307  -18.708 0.0000000000
4973  14.912  -83.514  -20.246 0.0000000000
127775  15.288  -83.562  -22.901 0.0000000000
145525  14.730  -82.722  -21.561 0.0000000000
8010  0.605  -80.226  -23.406 0.0000000000
6355  0.706  -82.460  -23.051 0.0000000000
37206  25.701  -54.072  -4.987 0.0000000000
37208  23.736  -54.388  -5.179 0.0000000000
6970  3.742  -81.695  -9.704 0.0000000000
7809  6.485  -80.934  -10.503 0.0000000000
6997  5.259  -81.677  -11.646 0.0000000000
9805  3.787  -78.838  -13.160 0.0000000000
8831  5.444  -79.792  -13.976 0.0000000000
10871  4.649  -77.852  -14.987 0.0000000000
7891  5.102  -79.764  -16.407 0.0000000000
8863  3.270  -78.685  -15.688 0.0000000000
145934  3.572  -75.134  -11.968 0.0000000000
13094  1.137  -75.146  -10.391 0.0000000000
14276  1.499  -74.272  -12.697 0.0000000000
12063  0.720  -75.796  -17.425 0.0000000000
10897  -0.713  -76.756  -15.713 0.0000000000
10903  0.370  -77.592  -17.557 0.0000000000
8891  -0.035  -79.815  -17.013 0.0000000000
143926  0.727  -77.870  -19.259 0.0000000000
9903  -0.137  -79.043  -20.393 0.0000000000
12120  0.565  -76.360  -21.605 0.0000000000
15250  10.391  -72.968  -2.195 0.0000000000
151424  9.392  -73.815  -3.907 0.0000000000
16503  9.277  -72.414  -3.248 0.0000000000
19734  6.697  -69.665  -0.287 0.0000000000
17578  6.298  -71.317  -0.626 0.0000000000
18661  5.139  -70.174  0.491 0.0000000000
17580  3.242  -71.645  0.004 0.0000000000
20793  3.452  -68.691  0.888 0.0000000000
26819  11.234  -63.888  -0.177 0.0000000000
24379  10.880  -65.100  0.240 0.0000000000
26799  8.754  -64.255  0.750 0.0000000000
139416  3.363  -63.777  0.985 0.0000000000
135254  20.303  -55.197  -6.203 0.0000000000
143995  18.818  -56.969  -6.492 0.0000000000
36121  17.710  -55.605  -6.198 0.0000000000
130483  13.973  -54.352  -4.683 0.0000000000
36101  13.887  -55.244  -4.640 0.0000000000
36081  12.798  -55.194  -2.933 0.0000000000
34978  10.375  -56.186  -2.737 0.0000000000
36052  11.781  -54.311  -0.913 0.0000000000
2494  3.828  -89.254  -13.960 0.0000000000
1101  4.159  -91.624  -14.851 0.0000000000
1508  2.706  -90.248  -15.729 0.0000000000
2528  4.320  -89.392  -16.906 0.0000000000
148330  2.134  -89.596  -16.008 0.0000000000
1912  0.892  -89.460  -10.643 0.0000000000
3643  1.679  -86.796  -13.417 0.0000000000
3636  1.549  -86.817  -12.274 0.0000000000
4899  3.704  -84.834  -12.827 0.0000000000
3616  2.593  -86.701  -10.959 0.0000000000
990  1.069  -91.518  -2.648 0.0000000000
645  1.543  -92.673  -3.801 0.0000000000
1870  3.127  -89.409  -4.772 0.0000000000
2420  3.470  -88.017  -6.794 0.0000000000
3570  3.280  -87.025  -6.719 0.0000000000
143705  3.077  -85.224  -7.528 0.0000000000
142461  1.500  -87.673  -6.284 0.0000000000
3530  0.840  -86.742  -2.544 0.0000000000
4178  -1.243  -86.158  -5.555 0.0000000000
4156  0.724  -85.441  -3.541 0.0000000000
4800  0.334  -83.305  -5.520 0.0000000000
4167  2.312  -84.908  -3.953 0.0000000000
5390  0.358  -84.252  -1.313 0.0000000000
4102  1.879  -85.854  1.302 0.0000000000
4745  1.712  -84.337  0.218 0.0000000000
5343  6.108  -82.981  2.492 0.0000000000
4729  5.370  -84.388  1.975 0.0000000000
5387  6.161  -84.021  -0.765 0.0000000000
5428  5.513  -83.711  -3.160 0.0000000000
6113  6.651  -82.475  -2.596 0.0000000000
7733  8.263  -80.717  -4.988 0.0000000000
6873  8.773  -81.507  -2.379 0.0000000000
7655  11.608  -80.302  -0.291 0.0000000000
6891  11.474  -81.317  -3.205 0.0000000000
8692  13.305  -79.818  -3.113 0.0000000000
9686  13.881  -78.931  -5.274 0.0000000000
9644  13.193  -78.559  -2.311 0.0000000000
21905  0.375  -67.373  1.933 0.0000000000
18642  0.849  -70.343  2.052 0.0000000000
20752  2.179  -68.285  3.326 0.0000000000
138178  6.899  -61.204  2.392 0.0000000000
21904  7.475  -67.976  2.336 0.0000000000
143129  6.445  -66.001  4.345 0.0000000000
19682  6.063  -69.163  3.347 0.0000000000
134652  5.199  -70.611  4.676 0.0000000000
17534  6.620  -71.161  5.184 0.0000000000
16422  8.147  -73.205  2.726 0.0000000000
16377  8.977  -71.897  5.034 0.0000000000
17544  13.399  -71.406  4.467 0.0000000000
136726  12.211  -74.115  4.309 0.0000000000
13989  13.423  -74.344  4.077 0.0000000000
11776  13.769  -76.195  0.982 0.0000000000
14031  13.230  -74.570  1.990 0.0000000000
14050  12.493  -74.398  0.687 0.0000000000
15213  14.371  -73.598  2.044 0.0000000000
133160  16.752  -70.252  -0.470 0.0000000000
16461  17.600  -72.522  -0.536 0.0000000000
127538  17.875  -72.350  -1.702 0.0000000000
16516  16.765  -72.373  -3.665 0.0000000000
18712  17.717  -70.561  -3.239 0.0000000000
26784  17.450  -63.449  1.963 0.0000000000
24312  17.621  -65.463  3.250 0.0000000000
25557  18.974  -64.609  2.887 0.0000000000
23144  22.609  -66.296  -0.075 0.0000000000
148790  21.131  -67.381  0.075 0.0000000000
21966  21.284  -67.503  -1.909 0.0000000000
20843  20.205  -68.341  -3.596 0.0000000000
21990  21.124  -67.504  -3.658 0.0000000000
22020  20.476  -67.677  -5.187 0.0000000000
23203  22.679  -66.743  -3.477 0.0000000000
26848  26.248  -64.319  -2.967 0.0000000000
25624  24.928  -65.517  -4.770 0.0000000000
28032  25.865  -63.047  -4.905 0.0000000000
28048  24.300  -62.459  -5.754 0.0000000000
28031  25.978  -61.971  -4.599 0.0000000000
154845  27.109  -57.248  -3.302 0.0000000000
36076  27.944  -54.464  -4.332 0.0000000000
1156  10.162  -91.178  -23.766 0.0000000000
793  12.072  -90.354  -22.799 0.0000000000
1166  11.939  -90.644  -24.118 0.0000000000
1579  12.378  -90.120  -26.049 0.0000000000
127505  10.566  -87.336  -21.375 0.0000000000
145326  9.846  -87.965  -22.601 0.0000000000
127510  11.123  -86.968  -23.430 0.0000000000
3751  13.846  -85.892  -28.958 0.0000000000
3182  11.907  -87.183  -28.051 0.0000000000
3202  13.151  -87.020  -29.287 0.0000000000
2615  13.788  -87.955  -29.133 0.0000000000
3216  14.226  -86.687  -30.812 0.0000000000
132568  15.664  -86.406  -31.341 0.0000000000
3789  14.386  -85.987  -32.087 0.0000000000
6432  11.373  -81.765  -32.898 0.0000000000
7858  11.287  -80.829  -13.806 0.0000000000
128590  13.327  -81.466  -13.663 0.0000000000
6255  12.033  -83.306  -15.276 0.0000000000
145429  8.872  -87.011  -19.177 0.0000000000
145592  10.240  -84.904  -19.265 0.0000000000
153296  9.235  -85.688  -21.001 0.0000000000
145301  9.679  -84.971  -22.824 0.0000000000
145580  7.909  -86.671  -23.022 0.0000000000
3725  1.458  -87.393  -21.725 0.0000000000
2002  2.763  -89.183  -19.482 0.0000000000
139377  2.832  -84.756  -26.295 0.0000000000
142925  4.862  -87.636  -25.380 0.0000000000
3184  5.396  -86.978  -26.791 0.0000000000
2598  6.755  -88.046  -27.317 0.0000000000
3764  5.944  -85.500  -28.379 0.0000000000
4392  6.755  -84.309  -29.911 0.0000000000
147221  5.093  -82.872  -29.783 0.0000000000
13023  6.898  -76.067  -5.482 0.0000000000
134461  7.102  -76.025  -7.427 0.0000000000
11898  4.750  -76.128  -6.574 0.0000000000
15393  -0.043  -73.490  -8.656 0.0000000000
15391  1.646  -73.746  -9.050 0.0000000000
16589  -0.277  -72.193  -11.217 0.0000000000
17727  -0.325  -71.037  -12.850 0.0000000000
128968  -0.272  -69.286  -11.174 0.0000000000
11923  12.147  -76.982  -9.221 0.0000000000
11973  10.637  -75.819  -11.625 0.0000000000
14257  11.197  -74.674  -11.406 0.0000000000
15441  9.891  -73.528  -11.743 0.0000000000
15443  7.232  -73.018  -11.321 0.0000000000
26893  19.155  -63.130  -5.705 0.0000000000
26896  15.532  -63.128  -6.055 0.0000000000
29232  17.274  -61.932  -5.751 0.0000000000
29253  16.249  -60.888  -6.017 0.0000000000
31577  14.781  -59.602  -6.130 0.0000000000
4263  10.099  -85.820  -14.220 0.0000000000
3666  12.308  -86.977  -15.176 0.0000000000
4261  11.991  -85.872  -14.239 0.0000000000
130567  14.371  -84.991  -14.941 0.0000000000
5563  14.926  -83.157  -16.364 0.0000000000
5524  -0.753  -83.285  -11.311 0.0000000000
6241  2.072  -82.329  -12.435 0.0000000000
140492  0.357  -81.379  -12.074 0.0000000000
8810  0.338  -79.584  -11.240 0.0000000000
137536  0.784  -78.568  -11.501 0.0000000000
14348  2.860  -74.146  -15.847 0.0000000000
14315  1.177  -73.817  -14.272 0.0000000000
15516  1.059  -73.098  -17.449 0.0000000000
15532  0.398  -73.635  -18.883 0.0000000000
14411  0.978  -73.862  -20.598 0.0000000000
14436  1.041  -73.825  -22.576 0.0000000000
17857  1.473  -71.356  -22.541 0.0000000000
18964  2.609  -70.416  -23.563 0.0000000000
21136  4.300  -68.262  -23.529 0.0000000000
18682  11.835  -70.931  -1.630 0.0000000000
146198  9.217  -70.733  -2.601 0.0000000000
19754  9.964  -69.660  -2.567 0.0000000000
20814  8.204  -68.391  -1.902 0.0000000000
21960  7.330  -67.609  -0.329 0.0000000000
29172  7.014  -62.019  -1.902 0.0000000000
26821  6.976  -63.060  -0.131 0.0000000000
29153  5.028  -61.277  -0.634 0.0000000000
29138  2.271  -60.758  0.643 0.0000000000
37213  17.455  -54.202  -5.800 0.0000000000
39353  17.435  -52.723  -5.841 0.0000000000
1475  1.267  -90.643  -12.783 0.0000000000
710  3.076  -92.155  -10.858 0.0000000000
132911  2.661  -93.061  -8.656 0.0000000000
385  1.447  -92.775  -8.056 0.0000000000
120  -0.900  -94.638  2.344 0.0000000000
614  -0.424  -93.221  -0.299 0.0000000000
1385  -0.305  -90.444  -2.020 0.0000000000
1864  -0.797  -89.483  -3.538 0.0000000000
1815  -0.169  -90.008  -1.195 0.0000000000
2360  1.606  -89.204  -0.874 0.0000000000
2367  3.243  -88.469  -0.630 0.0000000000
7699  2.789  -80.852  -3.139 0.0000000000
135360  3.185  -82.528  -0.068 0.0000000000
148699  4.209  -81.307  -1.525 0.0000000000
6811  5.537  -81.493  1.703 0.0000000000
141250  7.489  -82.262  2.345 0.0000000000
6073  9.178  -82.240  -0.066 0.0000000000
6799  8.948  -81.076  1.951 0.0000000000
7620  9.958  -79.996  0.940 0.0000000000
9588  10.314  -78.603  -0.068 0.0000000000
29107  9.501  -61.528  2.022 0.0000000000
27910  8.753  -62.823  3.023 0.0000000000
25538  9.710  -64.314  3.978 0.0000000000
23068  9.234  -66.177  4.350 0.0000000000
20767  8.354  -68.709  1.658 0.0000000000
128309  9.874  -70.478  4.362 0.0000000000
19699  10.547  -69.901  1.942 0.0000000000
136696  12.243  -70.033  2.714 0.0000000000
18619  14.926  -70.804  3.391 0.0000000000
17555  16.201  -71.812  3.122 0.0000000000
18654  14.901  -70.081  1.934 0.0000000000
19732  15.247  -68.741  -0.364 0.0000000000
20802  16.151  -68.455  -0.917 0.0000000000
26795  20.155  -62.209  1.040 0.0000000000
26763  20.125  -63.905  2.276 0.0000000000
151759  21.859  -63.581  1.827 0.0000000000
25573  23.063  -64.669  0.807 0.0000000000
24376  24.418  -65.756  -0.703 0.0000000000
24407  24.719  -66.046  -2.888 0.0000000000
153221  25.370  -64.988  -0.812 0.0000000000
27991  26.149  -63.519  -0.763 0.0000000000
29164  26.303  -62.204  -1.486 0.0000000000
273  11.022  -93.114  -19.411 0.0000000000
466  9.494  -93.042  -20.238 0.0000000000
786  9.202  -92.098  -22.335 0.0000000000
1158  8.851  -90.974  -23.550 0.0000000000
127871  14.534  -85.794  -24.029 0.0000000000
145358  12.727  -86.550  -24.730 0.0000000000
127874  15.954  -85.169  -26.311 0.0000000000
4358  15.126  -84.529  -28.651 0.0000000000
4376  14.361  -84.369  -30.421 0.0000000000
3783  13.174  -85.154  -32.320 0.0000000000
130765  12.134  -83.922  -31.923 0.0000000000
5059  10.334  -83.457  -31.880 0.0000000000
5728  9.173  -83.045  -32.297 0.0000000000
6276  8.385  -82.532  -16.007 0.0000000000
5552  9.685  -83.305  -15.842 0.0000000000
4937  7.748  -84.912  -17.007 0.0000000000
3687  7.010  -86.170  -17.699 0.0000000000
3149  6.696  -88.561  -19.065 0.0000000000
14122  2.684  -74.657  -3.362 0.0000000000
11885  2.876  -76.138  -5.246 0.0000000000
146912  0.717  -75.767  -3.947 0.0000000000
14160  -0.700  -75.119  -5.244 0.0000000000
134147  5.199  -78.831  -7.718 0.0000000000
152693  3.547  -78.319  -8.531 0.0000000000
10772  5.382  -77.669  -9.858 0.0000000000
153848  5.378  -76.159  -11.577 0.0000000000
13171  4.687  -74.873  -13.317 0.0000000000
13141  8.231  -75.525  -13.069 0.0000000000
14311  7.054  -74.684  -14.872 0.0000000000
136307  5.040  -74.908  -16.057 0.0000000000
15512  4.476  -73.308  -17.696 0.0000000000
18868  3.642  -70.587  -18.434 0.0000000000
136511  1.722  -69.265  -17.482 0.0000000000
22003  15.041  -67.202  -5.281 0.0000000000
133965  13.267  -66.435  -3.608 0.0000000000
24425  13.787  -65.814  -3.637 0.0000000000
25627  13.002  -64.686  -2.570 0.0000000000
26850  11.633  -63.787  -1.816 0.0000000000
132313  13.905  -63.275  -5.453 0.0000000000
28023  11.023  -62.970  -4.029 0.0000000000
28010  8.989  -63.083  -2.962 0.0000000000
29191  7.377  -61.450  -2.513 0.0000000000
31497  6.733  -59.482  -1.926 0.0000000000
32666  6.331  -57.847  -1.260 0.0000000000
6128  -0.813  -82.172  -3.403 0.0000000000
8679  -1.081  -79.336  -3.641 0.0000000000
8697  0.497  -79.881  -4.337 0.0000000000
8695  1.936  -79.264  -3.966 0.0000000000
10687  2.642  -77.411  -2.779 0.0000000000
12946  3.251  -75.834  -0.696 0.0000000000
30240  11.449  -60.613  1.013 0.0000000000
27946  13.009  -61.694  1.741 0.0000000000
26769  14.163  -63.678  2.268 0.0000000000
25533  14.882  -64.798  3.331 0.0000000000
26786  15.588  -63.176  1.689 0.0000000000
27958  17.005  -62.149  0.681 0.0000000000
144519  18.336  -61.949  -0.021 0.0000000000
29169  18.642  -61.858  -1.838 0.0000000000
27977  19.710  -62.636  -0.652 0.0000000000
29148  20.634  -62.224  -1.316 0.0000000000
148412  21.916  -61.303  -1.724 0.0000000000
1106  10.373  -91.602  -15.890 0.0000000000
146262  9.445  -90.585  -18.600 0.0000000000
1983  11.269  -90.295  -17.737 0.0000000000
2545  10.881  -88.080  -19.102 0.0000000000
3710  11.760  -86.765  -19.933 0.0000000000
3126  13.776  -87.400  -17.094 0.0000000000
4308  12.816  -85.725  -20.021 0.0000000000
145420  13.620  -85.553  -22.367 0.0000000000
148493  15.847  -84.557  -23.749 0.0000000000
145487  14.559  -83.391  -24.604 0.0000000000
145513  12.035  -83.915  -25.366 0.0000000000
5603  0.332  -83.881  -18.331 0.0000000000
3692  1.321  -86.424  -17.734 0.0000000000
4980  0.434  -83.998  -20.348 0.0000000000
4989  1.224  -84.803  -22.314 0.0000000000
33892  23.827  -57.771  -5.934 0.0000000000
135509  21.973  -57.839  -6.361 0.0000000000
35025  22.437  -56.421  -6.055 0.0000000000
154881  21.746  -54.913  -5.588 0.0000000000
6966  7.634  -81.715  -9.599 0.0000000000
6996  11.218  -81.448  -11.253 0.0000000000
7805  9.473  -80.888  -10.278 0.0000000000
8817  10.426  -79.568  -12.387 0.0000000000
148411  9.639  -79.224  -13.767 0.0000000000
7841  5.499  -81.357  -13.262 0.0000000000
8844  7.878  -78.991  -14.519 0.0000000000
8874  8.871  -79.709  -16.109 0.0000000000
7889  6.754  -80.600  -16.462 0.0000000000
6258  4.606  -82.376  -15.604 0.0000000000
5555  2.173  -83.244  -15.797 0.0000000000
10776  1.383  -77.065  -8.913 0.0000000000
11934  -1.092  -76.498  -10.059 0.0000000000
10839  -0.120  -77.852  -12.352 0.0000000000
14296  -0.237  -74.496  -13.476 0.0000000000
10859  -0.864  -77.264  -13.555 0.0000000000
10876  0.004  -78.584  -13.517 0.0000000000
149021  0.357  -79.942  -14.498 0.0000000000
7063  0.777  -81.791  -16.267 0.0000000000
6291  0.284  -82.656  -17.359 0.0000000000
7097  -0.330  -81.313  -19.166 0.0000000000
128749  -0.048  -79.373  -22.091 0.0000000000
9948  0.752  -77.974  -24.453 0.0000000000
14450  0.518  -75.032  -23.511 0.0000000000
14156  11.891  -74.197  -5.374 0.0000000000
14176  10.547  -74.010  -6.423 0.0000000000
135377  10.051  -73.902  -5.176 0.0000000000
14139  8.197  -74.928  -4.725 0.0000000000
14142  5.992  -75.039  -3.835 0.0000000000
16505  7.605  -72.266  -2.466 0.0000000000
16506  6.366  -73.021  -1.979 0.0000000000
14092  4.324  -74.432  -2.839 0.0000000000
16486  3.068  -72.908  -0.955 0.0000000000
17582  1.098  -71.384  -0.468 0.0000000000
24412  11.152  -65.377  -1.380 0.0000000000
24393  9.095  -65.825  -0.639 0.0000000000
23147  6.334  -66.843  0.906 0.0000000000
142304  6.282  -64.052  1.118 0.0000000000
24352  4.767  -65.317  1.398 0.0000000000
23133  4.777  -66.912  1.361 0.0000000000
21949  2.019  -67.647  0.701 0.0000000000
32760  19.308  -58.230  -6.424 0.0000000000
135038  16.366  -58.815  -6.481 0.0000000000
32743  14.245  -58.394  -5.865 0.0000000000
130694  15.925  -55.567  -5.880 0.0000000000
33879  13.634  -56.786  -5.325 0.0000000000
32724  12.151  -58.151  -4.858 0.0000000000
33845  9.705  -57.287  -3.640 0.0000000000
33834  8.318  -56.871  -2.866 0.0000000000
437  7.867  -93.367  -15.077 0.0000000000
129725  7.318  -92.656  -15.285 0.0000000000
1094  4.924  -91.773  -13.362 0.0000000000
736  5.409  -92.468  -15.449 0.0000000000
1109  7.837  -91.627  -15.428 0.0000000000
1974  6.982  -89.807  -16.571 0.0000000000
2515  7.119  -88.387  -15.948 0.0000000000
3672  6.405  -86.809  -15.278 0.0000000000
3101  1.497  -87.931  -14.407 0.0000000000
3657  3.535  -86.507  -14.645 0.0000000000
3654  7.063  -86.028  -14.894 0.0000000000
4907  6.440  -84.629  -14.068 0.0000000000
5546  6.850  -83.665  -13.157 0.0000000000
5520  6.433  -83.132  -11.512 0.0000000000
673  1.075  -92.675  -7.177 0.0000000000
51  0.114  -94.402  -2.204 0.0000000000
657  1.609  -92.912  -5.466 0.0000000000
1883  2.107  -90.007  -7.612 0.0000000000
2444  3.436  -88.159  -8.843 0.0000000000
136903  4.931  -85.101  -9.721 0.0000000000
139460  6.377  -82.967  -9.615 0.0000000000
5465  5.237  -83.140  -7.797 0.0000000000
5480  3.454  -83.360  -8.056 0.0000000000
4845  0.942  -84.981  -9.943 0.0000000000
3019  -0.404  -87.816  -6.945 0.0000000000
4197  -0.995  -86.233  -8.189 0.0000000000
4847  -0.599  -84.902  -10.414 0.0000000000
5469  -0.891  -83.509  -7.786 0.0000000000
6937  0.405  -81.619  -6.610 0.0000000000
148454  2.949  -81.129  -6.135 0.0000000000
2930  1.175  -87.884  1.616 0.0000000000
2914  3.272  -88.035  2.371 0.0000000000
2957  4.022  -87.177  -0.460 0.0000000000
5360  3.070  -83.563  1.690 0.0000000000
4113  4.984  -85.935  1.006 0.0000000000
3527  3.860  -86.230  -2.366 0.0000000000
4785  4.467  -84.559  -3.923 0.0000000000
6148  4.744  -82.423  -5.490 0.0000000000
7757  4.826  -80.156  -6.326 0.0000000000
139307  6.387  -79.611  -6.263 0.0000000000
9700  8.451  -79.039  -6.901 0.0000000000
145198  9.814  -78.827  -7.043 0.0000000000
136528  10.032  -81.302  -3.097 0.0000000000
136377  10.589  -80.188  -5.595 0.0000000000
9711  11.999  -78.535  -7.748 0.0000000000
153363  13.586  -77.847  -7.973 0.0000000000
11909  14.444  -76.591  -7.359 0.0000000000
130371  14.457  -76.171  -5.794 0.0000000000
15221  2.392  -73.838  1.676 0.0000000000
15219  4.151  -73.886  1.813 0.0000000000
146903  3.441  -63.604  3.560 0.0000000000
26729  6.312  -63.915  4.108 0.0000000000
24296  5.175  -65.323  4.374 0.0000000000
23097  3.022  -66.488  3.967 0.0000000000
19685  3.398  -69.280  3.884 0.0000000000
16426  4.636  -72.923  3.117 0.0000000000
14037  5.806  -74.256  1.290 0.0000000000
14052  7.367  -74.611  0.575 0.0000000000
12925  9.084  -75.964  0.763 0.0000000000
11779  10.929  -76.654  1.492 0.0000000000
16397  10.337  -72.306  4.998 0.0000000000
12884  11.345  -75.294  3.293 0.0000000000
10644  11.880  -77.833  -0.023 0.0000000000
139687  13.974  -77.152  -1.137 0.0000000000
11847  14.487  -75.959  -2.849 0.0000000000
14110  13.912  -75.189  -3.918 0.0000000000
14088  12.538  -75.251  -2.220 0.0000000000
14074  10.806  -75.082  -0.978 0.0000000000
16465  12.155  -72.402  0.194 0.0000000000
15230  16.465  -72.691  1.304 0.0000000000
132491  14.950  -72.286  -0.174 0.0000000000
17587  13.264  -71.541  -1.200 0.0000000000
17599  14.727  -71.398  -2.413 0.0000000000
17637  15.188  -71.033  -4.040 0.0000000000
18729  15.789  -70.530  -5.305 0.0000000000
23089  16.418  -66.432  3.305 0.0000000000
21894  17.097  -67.535  1.986 0.0000000000
21941  17.298  -68.031  -0.143 0.0000000000
23129  20.464  -66.279  1.641 0.0000000000
129967  19.962  -68.149  -0.112 0.0000000000
20828  18.285  -68.277  -2.988 0.0000000000
19769  18.597  -69.485  -4.009 0.0000000000
145472  17.959  -70.259  -5.493 0.0000000000
19803  16.776  -69.185  -6.230 0.0000000000
22030  17.511  -67.642  -6.756 0.0000000000
23248  18.622  -66.642  -6.886 0.0000000000
24448  19.826  -65.414  -6.182 0.0000000000
136772  24.511  -66.132  -4.260 0.0000000000
25637  22.530  -65.959  -5.772 0.0000000000
136662  20.541  -64.110  -5.216 0.0000000000
28050  22.023  -62.860  -5.600 0.0000000000
146960  22.996  -61.668  -5.771 0.0000000000
30372  23.523  -60.271  -5.856 0.0000000000
127845  24.037  -58.261  0.082 0.0000000000
32613  24.671  -58.679  0.637 0.0000000000
31433  26.027  -59.690  0.028 0.0000000000
30269  26.408  -60.217  -0.919 0.0000000000
32659  26.936  -57.782  -1.305 0.0000000000
30312  26.808  -60.204  -2.875 0.0000000000
30329  26.705  -59.747  -3.839 0.0000000000
32722  26.038  -58.970  -5.096 0.0000000000
32741  24.856  -58.432  -5.602 0.0000000000
34990  25.938  -56.266  -4.941 0.0000000000
37191  26.449  -54.566  -4.748 0.0000000000
480  12.349  -92.757  -21.900 0.0000000000
782  13.664  -92.011  -23.049 0.0000000000
2005  8.600  -89.802  -20.977 0.0000000000
145426  8.779  -89.595  -23.579 0.0000000000
127504  9.707  -89.304  -25.594 0.0000000000
145407  11.631  -87.298  -25.577 0.0000000000
145432  11.088  -88.137  -26.765 0.0000000000
2052  11.554  -89.190  -26.795 0.0000000000
2050  13.297  -89.022  -27.298 0.0000000000
2605  14.929  -88.269  -28.271 0.0000000000
5056  13.622  -84.406  -33.370 0.0000000000
6223  14.077  -82.291  -12.289 0.0000000000
7020  14.962  -81.891  -14.842 0.0000000000
7080  13.977  -81.527  -18.317 0.0000000000
152100  11.061  -84.173  -17.263 0.0000000000
5596  11.862  -83.289  -18.651 0.0000000000
145507  12.676  -82.829  -20.786 0.0000000000
127770  11.051  -83.901  -22.349 0.0000000000
145383  10.516  -84.400  -24.257 0.0000000000
145503  9.486  -85.200  -26.101 0.0000000000
3141  2.635  -88.071  -18.066 0.0000000000
141522  4.695  -89.991  -19.119 0.0000000000
127858  6.348  -89.775  -20.644 0.0000000000
2020  4.976  -89.056  -23.245 0.0000000000
1556  5.450  -89.857  -23.433 0.0000000000
145348  6.644  -89.302  -23.195 0.0000000000
127783  7.328  -87.849  -25.364 0.0000000000
147724  8.194  -86.830  -27.096 0.0000000000
145519  8.811  -85.851  -28.379 0.0000000000
132974  8.083  -85.400  -29.986 0.0000000000
5049  8.269  -83.665  -31.278 0.0000000000
14209  9.219  -74.981  -8.677 0.0000000000
145055  6.945  -74.643  -9.206 0.0000000000
15428  4.902  -73.074  -10.848 0.0000000000
14195  3.153  -74.997  -7.760 0.0000000000
15409  3.661  -73.526  -9.854 0.0000000000
16615  3.649  -72.445  -12.209 0.0000000000
17725  1.109  -71.599  -13.714 0.0000000000
18844  0.229  -70.241  -15.363 0.0000000000
154997  1.062  -67.612  -16.481 0.0000000000
23319  0.058  -66.805  -12.245 0.0000000000
23351  1.229  -65.646  -14.549 0.0000000000
22168  1.929  -66.428  -17.873 0.0000000000
23427  3.774  -64.841  -20.152 0.0000000000
14190  13.797  -74.090  -7.614 0.0000000000
15389  12.555  -73.735  -8.816 0.0000000000
15374  12.433  -73.476  -7.921 0.0000000000
30374  21.809  -60.374  -6.279 0.0000000000
30375  20.838  -60.317  -6.223 0.0000000000
31571  21.341  -59.573  -6.391 0.0000000000
6238  9.459  -82.632  -12.271 0.0000000000
132883  10.898  -83.350  -12.415 0.0000000000
5517  10.434  -82.532  -11.928 0.0000000000
8737  1.949  -79.699  -6.885 0.0000000000
8754  0.615  -79.087  -7.261 0.0000000000
9719  2.316  -78.728  -7.537 0.0000000000
19970  1.948  -69.575  -19.578 0.0000000000
18885  1.616  -69.803  -20.140 0.0000000000
19971  1.745  -69.035  -20.345 0.0000000000
21089  2.356  -68.352  -20.746 0.0000000000
22197  2.309  -67.497  -19.476 0.0000000000
20862  14.167  -68.581  -4.052 0.0000000000
20846  12.633  -68.359  -3.516 0.0000000000
21992  12.692  -67.465  -3.681 0.0000000000
142709  -0.925  -91.571  2.974 0.0000000000
154383  -0.471  -90.986  2.900 0.0000000000
949  1.427  -91.647  2.440 0.0000000000
1793  -0.200  -89.713  2.541 0.0000000000
11848  5.174  -77.318  -2.432 0.0000000000
9646  5.676  -78.488  -2.514 0.0000000000
10667  5.958  -77.389  -2.218 0.0000000000
9626  6.987  -77.694  -1.415 0.0000000000
11828  6.417  -76.941  -1.719 0.0000000000
25534  13.488  -64.844  3.735 0.0000000000
131698  12.279  -65.639  3.810 0.0000000000
24317  13.200  -65.641  3.706 0.0000000000
148471  12.492  -67.090  2.809 0.0000000000
23092  13.682  -66.470  3.345 0.0000000000
21898  13.584  -67.254  2.109 0.0000000000
23091  14.631  -66.520  3.315 0.0000000000
30249  22.461  -60.022  0.374 0.0000000000
30238  22.246  -60.480  1.063 0.0000000000
29117  23.159  -60.908  1.450 0.0000000000
29116  23.999  -61.037  1.192 0.0000000000
145750  23.642  -59.740  0.956 0.0000000000
1132  8.691  -92.215  -17.532 0.0000000000
755  8.084  -92.306  -18.180 0.0000000000
1136  8.497  -91.787  -18.562 0.0000000000
145548  11.571  -83.979  -27.235 0.0000000000
127941  12.591  -83.699  -28.024 0.0000000000
128076  11.280  -84.203  -28.198 0.0000000000
127512  11.079  -84.350  -28.991 0.0000000000
145597  10.217  -84.723  -28.535 0.0000000000
147443  2.626  -85.107  -16.227 0.0000000000
4277  4.120  -85.485  -16.467 0.0000000000
144966  2.085  -85.535  -16.574 0.0000000000
10768  9.693  -77.593  -9.478 0.0000000000
10791  8.612  -77.206  -10.390 0.0000000000
10790  9.445  -77.128  -10.231 0.0000000000
137599  6.100  -72.309  -13.192 0.0000000000
16625  6.923  -72.177  -13.728 0.0000000000
16626  5.242  -72.110  -13.601 0.0000000000
16640  4.699  -71.987  -14.492 0.0000000000
16627  4.213  -72.184  -13.650 0.0000000000
25663  17.032  -64.744  -6.693 0.0000000000
25664  16.090  -64.609  -6.619 0.0000000000
26909  16.765  -64.145  -6.341 0.0000000000
31558  13.096  -60.175  -5.262 0.0000000000
30341  12.512  -60.844  -5.062 0.0000000000
31536  12.256  -59.898  -4.928 0.0000000000
135442  9.961  -59.906  -3.911 0.0000000000
31537  11.346  -59.529  -4.554 0.0000000000
30298  15.694  -60.205  -1.712 0.0000000000
3669  9.221  -87.199  -15.207 0.0000000000
140671  11.336  -88.001  -15.518 0.0000000000
3667  11.208  -87.213  -15.180 0.0000000000
5582  14.617  -83.434  -17.850 0.0000000000
153498  14.377  -83.851  -18.354 0.0000000000
5610  14.903  -83.091  -19.659 0.0000000000
6339  15.142  -82.835  -21.094 0.0000000000
6326  14.730  -82.664  -20.312 0.0000000000
8984  1.387  -79.561  -25.148 0.0000000000
8009  1.080  -80.742  -24.314 0.0000000000
38292  25.983  -53.117  -5.136 0.0000000000
147854  24.930  -53.526  -5.103 0.0000000000
6215  2.368  -82.721  -10.690 0.0000000000
6985  3.673  -82.010  -10.788 0.0000000000
6214  2.964  -82.391  -11.042 0.0000000000
132277  3.561  -78.096  -13.170 0.0000000000
9804  4.243  -78.164  -13.743 0.0000000000
10873  3.493  -77.596  -14.370 0.0000000000
9848  3.839  -78.048  -15.561 0.0000000000
9837  3.060  -78.034  -15.101 0.0000000000
140379  3.210  -74.566  -13.109 0.0000000000
13146  2.691  -74.921  -11.894 0.0000000000
14294  2.270  -74.302  -13.306 0.0000000000
13239  1.321  -75.248  -19.001 0.0000000000
12051  0.604  -76.653  -17.429 0.0000000000
10912  1.123  -77.146  -18.254 0.0000000000
9865  0.564  -78.181  -18.375 0.0000000000
10923  1.105  -77.031  -19.346 0.0000000000
153263  0.683  -77.610  -20.006 0.0000000000
12099  0.969  -76.310  -20.686 0.0000000000
16482  10.508  -72.639  -1.392 0.0000000000
15268  10.177  -72.641  -3.080 0.0000000000
16502  9.979  -71.899  -2.817 0.0000000000
19724  6.220  -69.044  0.165 0.0000000000
19735  5.945  -69.950  0.109 0.0000000000
19725  5.495  -69.337  0.528 0.0000000000
19726  4.711  -69.437  0.806 0.0000000000
20792  4.313  -68.716  1.021 0.0000000000
129204  10.464  -63.553  -0.830 0.0000000000
129018  10.402  -63.957  0.207 0.0000000000
26820  8.549  -63.610  -0.117 0.0000000000
37238  19.739  -54.540  -6.155 0.0000000000
36119  19.429  -55.341  -6.341 0.0000000000
37239  18.862  -54.692  -6.177 0.0000000000
37192  12.874  -54.791  -3.511 0.0000000000
149945  12.847  -54.824  -2.651 0.0000000000
36062  12.812  -54.815  -2.060 0.0000000000
36063  12.422  -54.993  -1.511 0.0000000000
37177  12.343  -54.352  -1.678 0.0000000000
1474  3.067  -90.531  -12.852 0.0000000000
1935  3.498  -89.561  -13.103 0.0000000000
1950  3.078  -89.927  -14.112 0.0000000000
1495  3.045  -90.284  -15.037 0.0000000000
1485  2.097  -90.073  -14.882 0.0000000000
1509  2.234  -89.974  -16.048 0.0000000000
1496  1.496  -89.818  -14.975 0.0000000000
1904  1.016  -90.436  -9.557 0.0000000000
3074  1.037  -87.498  -11.856 0.0000000000
3062  1.391  -88.070  -11.051 0.0000000000
150965  2.192  -86.436  -11.688 0.0000000000
2454  2.015  -88.371  -10.123 0.0000000000
1395  0.740  -90.722  -2.764 0.0000000000
998  1.974  -91.043  -3.353 0.0000000000
1848  2.108  -89.293  -3.767 0.0000000000
2401  3.085  -88.333  -5.288 0.0000000000
2402  2.584  -88.248  -4.987 0.0000000000
3017  2.642  -87.447  -6.287 0.0000000000
2403  0.803  -88.563  -5.250 0.0000000000
2981  1.491  -87.135  -2.131 0.0000000000
3543  0.190  -86.160  -2.989 0.0000000000
3542  1.383  -86.061  -3.052 0.0000000000
142198  1.490  -84.982  -3.884 0.0000000000
3541  2.446  -85.950  -3.047 0.0000000000
6098  0.516  -83.283  -2.454 0.0000000000
5389  1.319  -83.907  -0.714 0.0000000000
5403  1.748  -83.287  -0.995 0.0000000000
5373  7.168  -83.701  0.887 0.0000000000
149746  6.812  -84.080  0.435 0.0000000000
153691  6.896  -83.628  -0.260 0.0000000000
139093  6.642  -82.794  -1.784 0.0000000000
137922  7.183  -82.251  -1.770 0.0000000000
6112  7.318  -81.888  -2.423 0.0000000000
6094  7.860  -82.266  -0.983 0.0000000000
8634  11.904  -79.274  -0.592 0.0000000000
7678  12.515  -80.261  -1.744 0.0000000000
8655  12.626  -79.106  -1.868 0.0000000000
152975  13.365  -79.018  -2.814 0.0000000000
128530  12.720  -78.518  -1.795 0.0000000000
23098  0.171  -65.803  2.497 0.0000000000
21882  1.040  -66.994  2.436 0.0000000000
20753  1.141  -67.943  2.422 0.0000000000
21881  2.007  -67.433  3.193 0.0000000000
29108  7.651  -61.229  2.002 0.0000000000
19702  7.391  -69.026  2.281 0.0000000000
20747  6.976  -68.401  2.468 0.0000000000
152408  7.094  -69.582  3.262 0.0000000000
18608  6.372  -70.551  4.880 0.0000000000
18607  7.123  -70.321  4.805 0.0000000000
16378  8.048  -71.802  5.047 0.0000000000
18592  8.705  -70.769  5.128 0.0000000000
16393  14.330  -72.823  4.327 0.0000000000
15163  13.729  -73.502  4.364 0.0000000000
151602  14.440  -73.417  3.942 0.0000000000
14021  13.545  -74.951  2.815 0.0000000000
14006  14.283  -74.078  3.031 0.0000000000
15194  13.920  -74.154  2.472 0.0000000000
136202  15.173  -73.488  2.834 0.0000000000
18668  17.342  -70.384  -1.344 0.0000000000
18667  18.100  -71.157  -0.779 0.0000000000
138786  18.038  -71.085  -1.480 0.0000000000
17598  17.959  -71.802  -2.150 0.0000000000
18692  17.571  -69.897  -2.903 0.0000000000
145267  18.157  -63.036  1.658 0.0000000000
26765  18.337  -63.797  2.318 0.0000000000
26764  19.369  -63.778  2.357 0.0000000000
143262  22.796  -66.770  -1.247 0.0000000000
21965  21.937  -67.163  -1.371 0.0000000000
23174  22.612  -66.834  -1.910 0.0000000000
21979  21.207  -67.567  -2.645 0.0000000000
21989  21.598  -67.254  -3.056 0.0000000000
22001  21.695  -67.019  -3.514 0.0000000000
23191  22.489  -66.840  -2.757 0.0000000000
136952  26.466  -63.412  -3.011 0.0000000000
28022  26.223  -63.828  -4.090 0.0000000000
28021  26.328  -62.799  -3.886 0.0000000000
29201  26.429  -61.751  -3.559 0.0000000000
1167  10.678  -90.901  -24.264 0.0000000000
150140  11.261  -90.196  -23.913 0.0000000000
1174  11.324  -90.641  -24.687 0.0000000000
150931  12.600  -90.599  -25.272 0.0000000000
1571  11.819  -90.387  -25.398 0.0000000000
127747  11.213  -86.815  -22.613 0.0000000000
145574  10.482  -87.397  -22.805 0.0000000000
3770  13.797  -86.185  -30.396 0.0000000000
3752  13.119  -86.649  -29.069 0.0000000000
3211  13.646  -86.742  -29.943 0.0000000000
3210  13.803  -86.974  -30.166 0.0000000000
3780  14.679  -86.377  -31.409 0.0000000000
3781  13.916  -86.092  -31.531 0.0000000000
7024  10.788  -81.362  -14.464 0.0000000000
7023  11.824  -81.832  -14.147 0.0000000000
7039  10.283  -81.866  -15.049 0.0000000000
146470  7.972  -87.305  -20.601 0.0000000000
127832  8.830  -86.504  -19.968 0.0000000000
145368  8.461  -86.613  -20.866 0.0000000000
127498  8.294  -86.361  -22.056 0.0000000000
130273  7.637  -87.160  -22.328 0.0000000000
3730  2.063  -86.948  -22.252 0.0000000000
3159  1.807  -87.723  -21.631 0.0000000000
4354  3.611  -84.570  -26.999 0.0000000000
133659  3.956  -85.445  -26.363 0.0000000000
4353  4.637  -85.218  -27.264 0.0000000000
3754  5.488  -85.814  -27.732 0.0000000000
4360  5.124  -84.983  -28.035 0.0000000000
4369  5.634  -84.622  -28.671 0.0000000000
143562  4.704  -83.341  -28.790 0.0000000000
148485  5.440  -75.575  -4.624 0.0000000000
13043  5.958  -76.182  -5.771 0.0000000000
13025  4.368  -75.802  -5.260 0.0000000000
16579  -0.056  -72.508  -9.414 0.0000000000
16578  -0.074  -72.978  -10.006 0.0000000000
129503  -0.084  -72.158  -10.290 0.0000000000
17700  -0.378  -71.594  -11.514 0.0000000000
11927  12.693  -76.248  -9.649 0.0000000000
13092  11.825  -75.602  -10.884 0.0000000000
13091  12.354  -75.224  -10.503 0.0000000000
15405  10.198  -74.202  -10.099 0.0000000000
15440  10.611  -74.068  -11.470 0.0000000000
15424  9.146  -73.505  -10.937 0.0000000000
145713  8.097  -72.681  -11.723 0.0000000000
137038  8.223  -73.141  -11.032 0.0000000000
28052  19.627  -62.536  -5.705 0.0000000000
28053  18.323  -62.946  -5.669 0.0000000000
139284  18.950  -62.312  -5.707 0.0000000000
137544  19.083  -60.140  -5.949 0.0000000000
30377  17.711  -60.516  -5.974 0.0000000000
30378  16.878  -60.320  -6.084 0.0000000000
30379  16.041  -60.158  -6.230 0.0000000000
136042  16.609  -59.556  -6.305 0.0000000000
4904  9.624  -85.075  -13.908 0.0000000000
4262  11.020  -85.814  -14.275 0.0000000000
4903  10.496  -85.157  -13.843 0.0000000000
4889  13.735  -84.403  -13.295 0.0000000000
4249  13.346  -85.082  -13.758 0.0000000000
4902  14.416  -84.452  -14.315 0.0000000000
4909  14.830  -83.857  -15.750 0.0000000000
5548  14.939  -82.929  -14.625 0.0000000000
6204  -1.083  -82.618  -10.149 0.0000000000
6233  -0.484  -82.624  -11.688 0.0000000000
6986  -0.918  -81.737  -10.396 0.0000000000
8780  -0.704  -78.824  -9.479 0.0000000000
7810  -0.140  -80.259  -11.030 0.0000000000
8794  -0.321  -79.437  -10.351 0.0000000000
135356  1.242  -79.027  -11.293 0.0000000000
9772  -0.906  -78.426  -10.145 0.0000000000
15514  2.849  -73.045  -17.826 0.0000000000
15493  2.172  -73.476  -16.914 0.0000000000
15515  1.606  -72.895  -17.436 0.0000000000
17803  0.177  -71.778  -20.005 0.0000000000
16694  0.250  -72.534  -18.996 0.0000000000
152838  0.030  -72.313  -20.027 0.0000000000
15543  0.394  -73.594  -19.756 0.0000000000
131036  0.389  -72.708  -20.587 0.0000000000
15587  0.863  -73.278  -21.032 0.0000000000
144167  0.962  -71.811  -22.047 0.0000000000
21104  3.502  -68.528  -21.711 0.0000000000
18942  2.143  -70.179  -22.640 0.0000000000
21122  4.011  -68.470  -22.636 0.0000000000
20037  3.715  -69.080  -23.510 0.0000000000
133247  12.610  -70.310  -2.259 0.0000000000
18696  10.678  -70.184  -2.360 0.0000000000
133536  11.286  -69.705  -2.466 0.0000000000
21995  10.102  -67.249  -3.418 0.0000000000
20849  9.961  -68.273  -3.157 0.0000000000
21981  8.761  -66.894  -2.491 0.0000000000
20815  7.831  -67.979  -1.174 0.0000000000
23176  8.457  -66.444  -1.534 0.0000000000
29173  6.263  -61.634  -1.267 0.0000000000
29152  5.715  -61.689  -0.710 0.0000000000
30302  5.268  -60.706  -1.044 0.0000000000
31440  2.464  -59.250  0.809 0.0000000000
30284  2.792  -60.179  0.506 0.0000000000
154510  18.035  -52.886  -5.782 0.0000000000
147788  14.366  -53.602  -5.339 0.0000000000
1073  2.861  -91.811  -11.527 0.0000000000
384  2.724  -93.409  -7.897 0.0000000000
396  1.872  -92.633  -8.666 0.0000000000
153786  2.324  -93.516  -7.372 0.0000000000
114  -1.002  -94.324  3.159 0.0000000000
605  -0.529  -92.966  1.122 0.0000000000
325  -1.059  -93.230  1.338 0.0000000000
967  -0.140  -92.727  0.332 0.0000000000
983  -0.000  -91.687  -1.204 0.0000000000
977  0.138  -91.738  -0.554 0.0000000000
1376  -0.143  -90.515  -1.511 0.0000000000
1369  0.124  -90.914  -0.818 0.0000000000
1359  2.482  -91.430  1.271 0.0000000000
1367  1.907  -90.799  0.084 0.0000000000
146286  2.299  -89.899  -0.243 0.0000000000
2359  2.754  -89.154  -0.510 0.0000000000
1806  3.476  -89.796  0.970 0.0000000000
7716  3.346  -80.166  -3.347 0.0000000000
6875  3.171  -81.352  -2.426 0.0000000000
7697  4.229  -80.254  -2.862 0.0000000000
7658  5.776  -80.382  -0.467 0.0000000000
6820  5.222  -81.037  0.013 0.0000000000
7638  5.960  -80.674  0.430 0.0000000000
6810  6.297  -81.396  2.110 0.0000000000
7613  6.982  -80.681  1.815 0.0000000000
6036  8.311  -81.663  2.181 0.0000000000
7623  7.793  -80.432  1.662 0.0000000000
9590  7.789  -78.352  -0.304 0.0000000000
8619  8.809  -79.180  0.644 0.0000000000
153301  9.089  -78.562  0.107 0.0000000000
8618  9.631  -79.124  0.353 0.0000000000
141655  8.926  -77.905  -0.181 0.0000000000
27929  10.898  -62.393  2.486 0.0000000000
26774  9.621  -62.943  2.942 0.0000000000
26773  10.466  -63.025  2.897 0.0000000000
23094  10.461  -66.556  3.834 0.0000000000
23067  9.978  -66.225  4.205 0.0000000000
21873  9.966  -67.074  3.030 0.0000000000
21874  8.992  -67.427  2.963 0.0000000000
143919  9.564  -67.602  2.291 0.0000000000
19715  9.701  -69.488  1.646 0.0000000000
20782  10.090  -68.459  1.318 0.0000000000
145186  12.232  -68.524  1.023 0.0000000000
19713  11.568  -68.653  1.280 0.0000000000
18638  13.224  -69.816  2.459 0.0000000000
130148  13.205  -70.379  3.354 0.0000000000
18637  14.066  -69.821  2.184 0.0000000000
149015  14.691  -70.336  2.675 0.0000000000
19710  14.156  -69.348  1.125 0.0000000000
21924  14.636  -67.353  0.616 0.0000000000
20787  14.447  -68.210  0.199 0.0000000000
20804  15.084  -68.060  -0.248 0.0000000000
20803  15.610  -68.425  -0.563 0.0000000000
21959  15.687  -67.955  -0.370 0.0000000000
27942  20.773  -62.297  1.459 0.0000000000
26781  20.533  -62.859  1.696 0.0000000000
27941  21.532  -62.341  1.579 0.0000000000
26794  23.068  -63.749  1.190 0.0000000000
25585  23.920  -65.328  0.104 0.0000000000
25584  24.839  -65.022  -0.241 0.0000000000
25596  25.144  -65.429  -1.163 0.0000000000
29146  25.364  -62.215  0.217 0.0000000000
139222  25.791  -63.839  -0.275 0.0000000000
27973  25.890  -62.810  -0.441 0.0000000000
27990  26.233  -62.928  -1.210 0.0000000000
144020  25.875  -61.966  -0.568 0.0000000000
263  8.824  -93.990  -17.988 0.0000000000
456  9.199  -93.187  -19.525 0.0000000000
457  8.509  -93.143  -19.025 0.0000000000
146627  7.898  -91.623  -20.750 0.0000000000
774  8.515  -92.260  -20.962 0.0000000000
1149  8.179  -91.228  -22.081 0.0000000000
796  9.092  -91.568  -22.957 0.0000000000
145494  8.295  -90.788  -22.693 0.0000000000
145374  15.985  -85.247  -25.363 0.0000000000
128055  14.980  -85.920  -24.919 0.0000000000
5698  14.448  -83.310  -29.004 0.0000000000
145386  15.074  -83.674  -28.648 0.0000000000
5697  14.729  -83.627  -29.265 0.0000000000
4375  14.704  -84.456  -29.831 0.0000000000
5030  13.647  -83.802  -30.693 0.0000000000
4384  13.845  -84.474  -31.292 0.0000000000
5037  12.757  -83.946  -31.308 0.0000000000
3784  9.806  -84.508  -30.897 0.0000000000
4387  10.096  -84.633  -31.774 0.0000000000
5047  9.741  -83.948  -31.540 0.0000000000
5060  9.661  -83.389  -31.963 0.0000000000
5048  9.326  -83.713  -31.729 0.0000000000
6277  7.082  -82.640  -16.014 0.0000000000
143359  8.148  -83.511  -16.322 0.0000000000
136896  6.926  -83.891  -16.307 0.0000000000
3688  5.178  -86.573  -17.321 0.0000000000
139838  6.041  -86.436  -17.534 0.0000000000
3702  6.617  -87.081  -18.067 0.0000000000
3138  7.116  -87.645  -18.726 0.0000000000
3139  6.205  -87.883  -18.437 0.0000000000
15274  1.860  -73.822  -2.125 0.0000000000
146482  1.665  -74.967  -3.549 0.0000000000
14095  1.183  -74.422  -2.659 0.0000000000
15313  -1.183  -74.043  -4.025 0.0000000000
14143  -1.090  -74.912  -3.865 0.0000000000
14179  -0.586  -74.357  -6.012 0.0000000000
15357  -0.623  -73.659  -5.666 0.0000000000
9738  5.838  -78.696  -8.398 0.0000000000
9739  4.995  -78.706  -8.624 0.0000000000
9758  6.526  -78.436  -9.065 0.0000000000
11977  6.674  -76.445  -11.668 0.0000000000
10817  6.301  -76.884  -11.044 0.0000000000
12002  5.933  -76.101  -12.008 0.0000000000
13115  5.221  -75.680  -12.066 0.0000000000
13143  5.824  -75.582  -12.736 0.0000000000
13140  9.755  -75.010  -12.885 0.0000000000
11998  9.272  -75.493  -12.631 0.0000000000
153720  8.917  -74.767  -13.598 0.0000000000
15479  7.374  -73.883  -15.536 0.0000000000
14329  7.289  -74.320  -15.343 0.0000000000
14330  6.602  -74.514  -15.632 0.0000000000
129882  6.126  -74.766  -15.141 0.0000000000
14345  5.427  -74.563  -16.527 0.0000000000
14362  5.061  -74.017  -17.110 0.0000000000
15511  5.669  -73.602  -17.057 0.0000000000
18841  3.163  -71.143  -16.214 0.0000000000
17771  4.230  -71.229  -16.871 0.0000000000
18860  3.618  -70.713  -17.477 0.0000000000
18869  2.922  -70.166  -17.888 0.0000000000
18862  1.533  -70.263  -16.478 0.0000000000
135866  15.469  -67.003  -5.718 0.0000000000
23224  14.550  -66.728  -4.781 0.0000000000
23243  14.619  -66.222  -4.994 0.0000000000
25640  13.683  -64.815  -4.550 0.0000000000
25625  13.812  -65.379  -3.944 0.0000000000
25641  13.344  -64.813  -3.585 0.0000000000
26861  12.439  -64.249  -2.454 0.0000000000
145898  12.123  -63.969  -3.822 0.0000000000
136810  14.983  -62.672  -5.827 0.0000000000
28057  14.351  -62.639  -5.556 0.0000000000
28036  10.730  -62.047  -4.226 0.0000000000
28034  12.208  -62.508  -4.839 0.0000000000
28024  10.262  -62.744  -3.698 0.0000000000
26864  9.805  -63.322  -3.074 0.0000000000
28025  9.462  -62.491  -3.528 0.0000000000
28011  8.256  -62.655  -2.773 0.0000000000
28026  8.674  -62.200  -3.364 0.0000000000
31516  8.590  -59.617  -3.328 0.0000000000
138741  7.926  -59.895  -2.905 0.0000000000
31496  7.410  -59.269  -2.418 0.0000000000
32691  6.923  -58.588  -1.841 0.0000000000
32690  7.548  -58.335  -2.409 0.0000000000
6116  -1.529  -82.531  -3.063 0.0000000000
6880  -2.013  -81.587  -3.100 0.0000000000
9632  -1.105  -78.128  -1.977 0.0000000000
9648  -1.079  -78.795  -2.267 0.0000000000
9664  -0.952  -78.716  -3.624 0.0000000000
7734  -0.540  -79.724  -4.180 0.0000000000
8706  0.121  -79.307  -4.290 0.0000000000
144226  1.402  -79.808  -4.159 0.0000000000
10705  0.769  -77.769  -3.373 0.0000000000
11813  1.095  -76.146  -1.031 0.0000000000
11851  2.096  -76.900  -2.257 0.0000000000
139828  2.565  -76.553  -1.778 0.0000000000
11831  3.305  -76.381  -1.504 0.0000000000
11812  2.315  -76.104  -1.219 0.0000000000
30241  10.384  -60.401  0.497 0.0000000000
151109  11.669  -60.279  -0.597 0.0000000000
129039  14.074  -60.141  0.030 0.0000000000
30239  12.770  -60.526  0.755 0.0000000000
29121  13.888  -61.626  1.508 0.0000000000
27945  13.523  -62.431  1.914 0.0000000000
134847  14.360  -62.410  1.682 0.0000000000
26787  14.713  -63.158  1.819 0.0000000000
27960  14.779  -61.742  1.198 0.0000000000
29150  16.647  -61.298  -0.420 0.0000000000
29134  16.323  -61.624  0.518 0.0000000000
27980  16.969  -61.860  0.001 0.0000000000
27957  17.819  -62.149  0.716 0.0000000000
27979  17.587  -61.968  0.003 0.0000000000
29168  19.432  -61.819  -2.230 0.0000000000
27993  19.329  -62.398  -1.374 0.0000000000
27992  19.948  -62.480  -1.449 0.0000000000
27976  20.234  -62.586  -0.617 0.0000000000
29165  22.146  -60.982  -2.690 0.0000000000
127841  23.204  -60.321  -1.846 0.0000000000
1519  11.032  -91.356  -16.202 0.0000000000
1503  11.318  -90.859  -15.743 0.0000000000
2534  13.212  -89.085  -17.033 0.0000000000
1982  11.912  -89.676  -17.695 0.0000000000
3137  11.516  -87.758  -18.866 0.0000000000
135873  11.170  -87.350  -19.699 0.0000000000
3147  11.971  -87.155  -19.159 0.0000000000
3664  13.992  -86.502  -15.349 0.0000000000
3106  13.570  -87.403  -15.630 0.0000000000
3679  14.118  -86.920  -16.509 0.0000000000
4307  13.472  -85.170  -19.597 0.0000000000
3708  13.045  -85.933  -19.118 0.0000000000
128150  13.504  -85.087  -20.455 0.0000000000
4319  12.836  -85.671  -20.868 0.0000000000
145340  13.572  -85.113  -21.145 0.0000000000
127501  14.854  -85.044  -22.648 0.0000000000
151715  15.226  -84.379  -22.290 0.0000000000
145538  14.650  -83.056  -23.015 0.0000000000
127788  15.216  -83.456  -23.764 0.0000000000
145585  13.305  -83.413  -24.193 0.0000000000
145521  13.204  -83.570  -25.055 0.0000000000
145325  12.180  -83.818  -24.534 0.0000000000
5619  -0.017  -83.163  -19.790 0.0000000000
131696  0.285  -83.908  -19.229 0.0000000000
5629  0.370  -83.210  -20.839 0.0000000000
5638  0.958  -84.023  -22.648 0.0000000000
4997  1.566  -84.501  -22.951 0.0000000000
33876  24.022  -57.159  -5.825 0.0000000000
33893  23.340  -57.374  -6.133 0.0000000000
35024  23.345  -56.546  -5.916 0.0000000000
148568  23.096  -54.272  -5.108 0.0000000000
36096  22.371  -55.028  -5.512 0.0000000000
37210  22.061  -54.392  -5.310 0.0000000000
37211  21.367  -54.361  -5.565 0.0000000000
6967  6.835  -81.551  -9.379 0.0000000000
6965  8.962  -81.088  -10.019 0.0000000000
7793  7.502  -81.070  -9.750 0.0000000000
7837  8.311  -80.150  -11.604 0.0000000000
8807  9.146  -80.006  -11.529 0.0000000000
8819  8.564  -79.973  -12.558 0.0000000000
152738  9.867  -79.320  -13.021 0.0000000000
8828  9.170  -79.428  -13.272 0.0000000000
133097  2.626  -81.709  -12.776 0.0000000000
7012  3.709  -81.696  -12.922 0.0000000000
7018  4.107  -80.762  -13.436 0.0000000000
9814  6.137  -78.383  -14.962 0.0000000000
8845  6.780  -79.083  -14.539 0.0000000000
9813  7.045  -78.483  -15.064 0.0000000000
9812  8.591  -78.685  -14.863 0.0000000000
8862  7.802  -78.780  -15.932 0.0000000000
7888  7.487  -79.899  -16.565 0.0000000000
8877  6.637  -79.524  -16.509 0.0000000000
149312  3.715  -80.958  -15.781 0.0000000000
7062  5.001  -81.504  -15.872 0.0000000000
143930  3.290  -81.678  -15.563 0.0000000000
5554  3.220  -83.230  -15.626 0.0000000000
6260  2.751  -82.467  -15.554 0.0000000000
10774  3.545  -77.426  -9.387 0.0000000000
10775  2.632  -77.194  -9.084 0.0000000000
11931  2.110  -76.551  -9.483 0.0000000000
13095  -0.014  -74.750  -10.274 0.0000000000
11953  0.417  -75.577  -9.647 0.0000000000
13096  -0.680  -75.315  -10.805 0.0000000000
10820  -1.260  -77.002  -11.162 0.0000000000
11980  -1.164  -76.438  -11.560 0.0000000000
14335  0.478  -73.998  -15.372 0.0000000000
14316  0.454  -73.935  -14.584 0.0000000000
143451  0.018  -74.209  -14.969 0.0000000000
10891  -1.341  -77.936  -14.931 0.0000000000
10877  -1.053  -77.102  -14.437 0.0000000000
141341  -1.135  -78.144  -14.012 0.0000000000
10858  -0.439  -77.895  -13.275 0.0000000000
9819  -0.965  -79.006  -14.001 0.0000000000
144997  0.233  -79.122  -13.940 0.0000000000
8848  -1.025  -79.449  -14.714 0.0000000000
7899  0.043  -80.595  -17.401 0.0000000000
7064  0.065  -80.830  -15.858 0.0000000000
7070  0.208  -81.281  -16.794 0.0000000000
141551  0.412  -81.987  -16.783 0.0000000000
141593  0.047  -81.960  -17.520 0.0000000000
6305  -0.080  -82.528  -18.191 0.0000000000
130632  -0.337  -80.553  -19.480 0.0000000000
10957  -0.058  -77.740  -21.547 0.0000000000
130201  -0.231  -79.193  -21.261 0.0000000000
10979  0.021  -77.870  -22.585 0.0000000000
9939  0.432  -78.391  -23.557 0.0000000000
11000  0.426  -77.505  -23.551 0.0000000000
15624  1.204  -73.588  -23.513 0.0000000000
14449  0.840  -74.322  -23.474 0.0000000000
15637  1.207  -73.499  -24.606 0.0000000000
13003  11.532  -75.142  -3.974 0.0000000000
14157  10.800  -73.929  -5.432 0.0000000000
14137  10.556  -73.896  -4.706 0.0000000000
15291  8.666  -73.894  -3.686 0.0000000000
14115  8.835  -74.336  -4.241 0.0000000000
14116  8.033  -74.489  -3.988 0.0000000000
14141  6.628  -74.971  -4.122 0.0000000000
15293  6.890  -73.972  -3.004 0.0000000000
18698  8.589  -70.657  -2.309 0.0000000000
17606  8.149  -71.507  -2.375 0.0000000000
141974  7.976  -70.978  -1.892 0.0000000000
16467  5.592  -71.819  -0.512 0.0000000000
17593  6.254  -72.080  -1.062 0.0000000000
16484  5.547  -72.552  -1.086 0.0000000000
152698  5.503  -73.723  -2.220 0.0000000000
148230  4.200  -73.375  -1.645 0.0000000000
15253  3.425  -73.401  -1.556 0.0000000000
16485  3.993  -72.861  -1.113 0.0000000000
18664  2.274  -70.088  0.211 0.0000000000
17581  2.229  -71.508  -0.276 0.0000000000
18674  1.696  -70.753  -0.117 0.0000000000
18675  0.381  -70.541  -0.452 0.0000000000
151820  1.201  -70.052  -0.041 0.0000000000
23192  13.068  -65.558  -3.004 0.0000000000
23193  12.183  -65.696  -2.754 0.0000000000
24411  11.969  -65.213  -1.783 0.0000000000
24363  9.501  -65.351  0.995 0.0000000000
24380  9.863  -65.397  0.398 0.0000000000
24381  9.012  -65.851  0.629 0.0000000000
24382  8.066  -66.263  0.737 0.0000000000
133177  7.043  -66.221  1.059 0.0000000000
27961  5.723  -62.749  0.234 0.0000000000
26822  6.387  -62.998  0.252 0.0000000000
132917  5.212  -63.265  0.647 0.0000000000
25580  2.771  -64.497  1.099 0.0000000000
25578  4.796  -64.506  1.254 0.0000000000
24368  3.813  -65.633  1.343 0.0000000000
24353  4.492  -66.098  1.410 0.0000000000
23134  3.779  -66.523  1.289 0.0000000000
23149  2.883  -67.047  1.061 0.0000000000
133139  2.761  -66.023  1.118 0.0000000000
33895  21.304  -57.243  -6.399 0.0000000000
136638  20.129  -58.135  -6.473 0.0000000000
33896  20.389  -57.390  -6.451 0.0000000000
33899  17.287  -57.245  -6.523 0.0000000000
33898  18.212  -57.528  -6.481 0.0000000000
32763  16.745  -58.113  -6.552 0.0000000000
32764  15.665  -58.153  -6.486 0.0000000000
32742  14.725  -57.829  -6.087 0.0000000000
37214  16.564  -54.303  -5.607 0.0000000000
36098  17.132  -54.951  -5.820 0.0000000000
36100  15.309  -54.839  -5.393 0.0000000000
35011  13.418  -55.849  -4.663 0.0000000000
154887  13.927  -56.075  -5.236 0.0000000000
33856  12.968  -56.755  -4.828 0.0000000000
32723  12.854  -57.875  -5.058 0.0000000000
33858  11.694  -57.442  -4.513 0.0000000000
33859  10.947  -57.744  -4.259 0.0000000000
33844  10.576  -56.888  -3.749 0.0000000000
34968  10.147  -55.641  -1.242 0.0000000000
34979  9.201  -56.459  -3.021 0.0000000000
34970  8.056  -56.143  -1.870 0.0000000000
34971  7.245  -56.374  -1.420 0.0000000000
235  7.153  -93.411  -14.369 0.0000000000
438  6.947  -92.899  -14.844 0.0000000000
2493  4.671  -88.345  -13.441 0.0000000000
1484  4.806  -90.616  -13.918 0.0000000000
1123  4.188  -91.372  -16.348 0.0000000000
730  4.641  -92.197  -15.057 0.0000000000
742  5.659  -92.186  -16.200 0.0000000000
1110  6.661  -92.109  -15.950 0.0000000000
1121  5.987  -91.505  -16.646 0.0000000000
1507  7.491  -90.624  -16.229 0.0000000000
1520  6.470  -90.590  -16.740 0.0000000000
144840  4.018  -88.521  -16.184 0.0000000000
2527  5.528  -89.233  -16.581 0.0000000000
2516  6.110  -88.442  -15.904 0.0000000000
3112  6.704  -87.589  -15.593 0.0000000000
3113  5.687  -87.486  -15.531 0.0000000000
1085  1.259  -91.114  -11.951 0.0000000000
1952  0.925  -89.206  -14.341 0.0000000000
143239  0.790  -88.764  -13.662 0.0000000000
3642  2.400  -86.135  -13.590 0.0000000000
3658  2.734  -86.451  -14.270 0.0000000000
4267  3.997  -85.556  -14.246 0.0000000000
3655  5.363  -86.107  -14.776 0.0000000000
135892  4.828  -85.536  -14.480 0.0000000000
4266  6.711  -85.328  -14.511 0.0000000000
4253  4.705  -84.953  -14.063 0.0000000000
4883  3.627  -84.803  -12.148 0.0000000000
138625  5.130  -84.255  -12.797 0.0000000000
4881  5.210  -83.749  -12.080 0.0000000000
5536  6.587  -83.248  -12.363 0.0000000000
4870  4.892  -83.979  -11.416 0.0000000000
141812  1.918  -95.004  -4.092 0.0000000000
178  1.431  -93.500  -6.187 0.0000000000
168  1.017  -93.726  -5.372 0.0000000000
24  -0.454  -94.758  0.223 0.0000000000
32  0.602  -95.077  -0.923 0.0000000000
144  -0.454  -94.067  -1.812 0.0000000000
1410  2.974  -91.342  -5.262 0.0000000000
133107  1.878  -92.874  -4.546 0.0000000000
130237  2.318  -91.858  -5.929 0.0000000000
152470  1.799  -90.827  -7.070 0.0000000000
1427  2.430  -90.358  -6.863 0.0000000000
2431  2.829  -88.849  -8.564 0.0000000000
1888  3.236  -88.827  -7.455 0.0000000000
3588  4.547  -86.320  -7.908 0.0000000000
3601  4.581  -86.326  -8.854 0.0000000000
4217  5.185  -84.959  -8.637 0.0000000000
148080  5.550  -84.350  -9.508 0.0000000000
4831  5.501  -84.200  -8.390 0.0000000000
5491  5.929  -83.496  -8.923 0.0000000000
4814  5.064  -83.863  -7.816 0.0000000000
4206  2.122  -85.497  -8.023 0.0000000000
5468  3.262  -84.014  -7.830 0.0000000000
5481  2.464  -83.871  -8.422 0.0000000000
6190  2.921  -83.023  -8.852 0.0000000000
4832  1.629  -84.992  -8.776 0.0000000000
128567  -1.359  -88.433  -3.338 0.0000000000
2405  -0.985  -88.512  -5.059 0.0000000000
2993  -1.362  -87.609  -4.973 0.0000000000
138916  -1.168  -85.229  -5.713 0.0000000000
4188  -1.082  -86.073  -6.827 0.0000000000
136216  -1.083  -85.175  -7.488 0.0000000000
4220  -0.420  -85.629  -9.790 0.0000000000
136806  -1.083  -85.400  -8.732 0.0000000000
5482  -1.147  -84.304  -9.056 0.0000000000
4808  -0.897  -83.946  -6.876 0.0000000000
5450  1.407  -83.274  -5.292 0.0000000000
6162  0.353  -82.524  -6.099 0.0000000000
6151  1.868  -82.587  -5.664 0.0000000000
6936  1.439  -81.242  -6.448 0.0000000000
6150  2.853  -82.473  -5.606 0.0000000000
3490  -1.046  -87.125  0.994 0.0000000000
2931  -0.499  -87.840  1.428 0.0000000000
134776  0.255  -87.137  1.119 0.0000000000
4086  2.798  -85.702  1.883 0.0000000000
2929  2.558  -87.232  1.982 0.0000000000
2913  3.639  -87.202  2.149 0.0000000000
2336  3.941  -87.887  1.504 0.0000000000
3471  4.084  -86.494  2.060 0.0000000000
6060  3.322  -82.494  0.873 0.0000000000
5374  3.075  -83.141  1.124 0.0000000000
6051  3.608  -82.853  1.851 0.0000000000
4124  5.483  -85.287  0.351 0.0000000000
4112  5.195  -85.171  1.520 0.0000000000
4125  4.947  -85.838  -0.298 0.0000000000
143060  4.866  -85.609  -1.291 0.0000000000
4147  4.106  -85.495  -2.884 0.0000000000
4777  4.725  -85.024  -2.597 0.0000000000
6127  5.937  -82.918  -4.164 0.0000000000
5437  5.360  -83.469  -4.544 0.0000000000
6147  5.592  -82.660  -5.026 0.0000000000
6924  5.001  -81.533  -5.793 0.0000000000
154835  5.643  -81.373  -5.629 0.0000000000
8733  5.514  -79.710  -6.404 0.0000000000
7750  6.186  -80.841  -5.642 0.0000000000
7732  8.830  -80.652  -4.944 0.0000000000
8721  7.822  -79.959  -6.054 0.0000000000
8719  9.381  -79.663  -6.293 0.0000000000
9699  9.318  -78.890  -7.023 0.0000000000
8729  9.783  -79.093  -6.776 0.0000000000
6836  10.095  -81.998  -0.116 0.0000000000
6858  9.541  -81.784  -1.676 0.0000000000
137311  10.341  -81.689  -1.860 0.0000000000
7728  12.431  -80.532  -4.853 0.0000000000
6911  11.353  -81.128  -4.161 0.0000000000
7755  11.769  -80.057  -6.161 0.0000000000
8727  11.194  -79.403  -6.601 0.0000000000
8726  12.200  -79.626  -6.754 0.0000000000
10741  12.349  -78.028  -8.208 0.0000000000
8725  13.117  -79.488  -6.612 0.0000000000
9672  13.984  -78.070  -4.960 0.0000000000
9694  14.229  -78.300  -6.718 0.0000000000
10730  14.460  -77.580  -6.239 0.0000000000
11896  14.573  -76.769  -6.525 0.0000000000
11881  14.276  -76.761  -5.174 0.0000000000
17561  1.742  -71.928  2.877 0.0000000000
15203  1.503  -72.962  2.075 0.0000000000
15202  2.626  -73.321  2.288 0.0000000000
15220  3.217  -73.878  1.797 0.0000000000
15201  3.575  -73.515  2.317 0.0000000000
26727  7.916  -64.079  3.917 0.0000000000
26747  7.467  -63.351  3.538 0.0000000000
25511  7.475  -64.647  4.392 0.0000000000
23072  5.808  -66.619  4.182 0.0000000000
143105  5.684  -65.872  4.350 0.0000000000
23073  4.862  -66.271  4.326 0.0000000000
143862  3.898  -66.192  4.267 0.0000000000
21857  4.039  -67.036  4.067 0.0000000000
133603  3.594  -67.806  3.867 0.0000000000
20750  3.962  -68.530  3.875 0.0000000000
16402  5.426  -72.011  4.263 0.0000000000
17557  4.599  -72.012  4.214 0.0000000000
16425  5.534  -72.873  3.140 0.0000000000
15199  5.344  -73.323  2.515 0.0000000000
15217  6.115  -73.685  1.980 0.0000000000
14036  6.947  -74.122  1.426 0.0000000000
146949  6.986  -73.543  2.147 0.0000000000
15185  9.022  -72.920  2.987 0.0000000000
14034  8.422  -74.144  1.321 0.0000000000
14033  9.168  -74.603  1.726 0.0000000000
11780  9.914  -76.277  1.114 0.0000000000
12906  10.037  -75.063  2.110 0.0000000000
18622  10.826  -70.581  4.090 0.0000000000
17530  10.017  -71.510  5.162 0.0000000000
17547  10.812  -71.733  5.070 0.0000000000
12882  12.629  -75.484  3.570 0.0000000000
12863  11.911  -74.867  3.898 0.0000000000
152992  12.150  -76.762  2.792 0.0000000000
11778  11.676  -76.852  2.359 0.0000000000
10605  12.438  -77.697  1.745 0.0000000000
154173  13.309  -77.579  -0.806 0.0000000000
10621  13.468  -77.371  0.737 0.0000000000
12923  13.926  -75.599  0.382 0.0000000000
136909  14.676  -75.982  -1.037 0.0000000000
12955  14.391  -75.563  -1.528 0.0000000000
12987  14.289  -75.601  -3.492 0.0000000000
132390  14.043  -75.197  -2.083 0.0000000000
14111  13.535  -75.069  -3.444 0.0000000000
152192  13.317  -75.226  -1.773 0.0000000000
15232  12.811  -73.187  1.350 0.0000000000
15241  11.642  -74.387  -0.084 0.0000000000
16453  12.312  -72.750  0.937 0.0000000000
15242  11.333  -73.285  0.082 0.0000000000
16464  12.981  -72.341  0.284 0.0000000000
17560  16.774  -71.735  2.463 0.0000000000
139658  16.509  -72.761  2.125 0.0000000000
16437  17.415  -71.912  1.488 0.0000000000
16478  16.590  -72.704  -1.181 0.0000000000
16463  16.092  -72.569  -0.271 0.0000000000
16479  15.700  -72.387  -1.109 0.0000000000
16480  13.846  -72.031  -0.590 0.0000000000
17586  14.354  -71.576  -1.524 0.0000000000
17600  13.880  -71.028  -1.893 0.0000000000
16501  15.352  -71.993  -1.978 0.0000000000
16531  16.860  -72.052  -4.330 0.0000000000
139156  15.613  -71.718  -3.817 0.0000000000
17636  15.803  -71.436  -4.646 0.0000000000
18722  15.412  -70.751  -4.733 0.0000000000
17643  16.167  -71.223  -5.243 0.0000000000
24314  16.052  -65.605  3.430 0.0000000000
25531  16.518  -64.904  3.220 0.0000000000
23114  18.426  -66.602  2.792 0.0000000000
23115  17.612  -66.921  2.799 0.0000000000
23132  18.059  -67.432  2.159 0.0000000000
21921  17.455  -67.847  1.025 0.0000000000
21940  18.342  -68.109  0.466 0.0000000000
24349  21.399  -65.144  1.611 0.0000000000
24350  20.587  -65.399  1.944 0.0000000000
23128  21.173  -65.957  1.240 0.0000000000
20799  20.443  -68.030  -0.963 0.0000000000
20800  19.272  -68.249  -0.986 0.0000000000
20812  18.843  -68.139  -2.087 0.0000000000
20844  19.158  -68.661  -3.498 0.0000000000
20860  19.875  -68.750  -4.961 0.0000000000
128252  19.157  -69.318  -4.726 0.0000000000
127887  19.073  -69.168  -5.511 0.0000000000
18736  17.008  -70.022  -6.039 0.0000000000
19802  17.695  -69.289  -6.312 0.0000000000
20881  17.240  -68.422  -6.490 0.0000000000
127547  18.133  -68.346  -6.560 0.0000000000
23240  20.594  -66.909  -5.200 0.0000000000
127548  20.179  -67.358  -6.069 0.0000000000
23241  20.081  -66.412  -6.158 0.0000000000
24457  19.267  -65.996  -6.642 0.0000000000
24447  20.537  -65.816  -5.249 0.0000000000
25613  25.245  -65.517  -2.243 0.0000000000
136893  24.320  -66.457  -3.287 0.0000000000
132208  25.153  -65.526  -3.520 0.0000000000
25635  24.811  -64.879  -5.610 0.0000000000
25636  24.005  -65.778  -5.857 0.0000000000
26875  22.605  -65.009  -6.251 0.0000000000
25648  21.677  -64.520  -5.231 0.0000000000
26890  22.327  -63.840  -5.558 0.0000000000
26891  21.223  -63.459  -5.372 0.0000000000
26889  22.882  -63.464  -5.873 0.0000000000
29225  24.708  -61.561  -5.605 0.0000000000
128983  23.372  -62.376  -5.758 0.0000000000
29226  23.730  -61.656  -5.742 0.0000000000
29246  23.178  -61.001  -5.818 0.0000000000
30359  24.748  -60.648  -5.622 0.0000000000
31432  26.190  -58.752  0.128 0.0000000000
31454  26.578  -59.078  -0.703 0.0000000000
33820  27.427  -57.160  -0.989 0.0000000000
148447  26.857  -57.989  -1.930 0.0000000000
32660  26.762  -58.526  -1.523 0.0000000000
32684  26.842  -58.605  -2.302 0.0000000000
31490  26.865  -59.262  -2.911 0.0000000000
32707  26.881  -58.506  -3.094 0.0000000000
33854  26.935  -57.164  -3.810 0.0000000000
32721  26.344  -58.344  -4.704 0.0000000000
33873  26.073  -57.684  -4.953 0.0000000000
131479  25.413  -58.856  -5.479 0.0000000000
33874  25.305  -57.726  -5.411 0.0000000000
35005  25.668  -57.024  -5.166 0.0000000000
37190  27.683  -54.125  -4.921 0.0000000000
38275  26.918  -53.630  -5.022 0.0000000000
474  11.122  -93.040  -21.096 0.0000000000
464  11.465  -93.043  -20.377 0.0000000000
481  11.554  -92.762  -21.747 0.0000000000
1578  14.565  -89.508  -26.363 0.0000000000
2039  15.264  -89.416  -26.319 0.0000000000
2048  15.657  -89.043  -27.044 0.0000000000
1989  9.774  -89.912  -18.805 0.0000000000
1535  9.093  -90.209  -19.261 0.0000000000
2004  9.187  -89.254  -20.466 0.0000000000
150131  9.627  -88.403  -23.856 0.0000000000
127787  9.298  -88.772  -23.048 0.0000000000
127798  9.214  -89.100  -24.093 0.0000000000
145327  8.849  -89.828  -24.194 0.0000000000
145477  9.801  -88.859  -25.716 0.0000000000
145473  13.901  -86.208  -26.418 0.0000000000
127992  12.380  -86.825  -25.549 0.0000000000
127507  12.761  -86.682  -26.317 0.0000000000
145408  11.541  -87.658  -27.431 0.0000000000
127940  11.295  -88.312  -27.154 0.0000000000
133413  10.958  -89.000  -26.992 0.0000000000
127985  11.667  -88.528  -27.280 0.0000000000
2051  12.309  -88.959  -27.237 0.0000000000
2057  12.835  -88.431  -27.831 0.0000000000
3199  15.262  -87.559  -29.347 0.0000000000
2614  14.622  -88.041  -29.080 0.0000000000
2613  15.517  -88.050  -28.844 0.0000000000
2604  16.316  -88.023  -28.353 0.0000000000
144699  16.275  -87.338  -28.860 0.0000000000
141838  12.543  -85.031  -32.912 0.0000000000
4408  13.473  -84.968  -33.157 0.0000000000
151049  12.621  -84.177  -33.520 0.0000000000
6979  11.709  -80.961  -11.316 0.0000000000
6225  12.845  -82.045  -11.487 0.0000000000
7009  13.582  -81.310  -12.323 0.0000000000
7037  13.577  -82.121  -15.040 0.0000000000
7021  14.515  -81.807  -14.431 0.0000000000
130917  14.473  -81.501  -16.049 0.0000000000
128104  14.755  -81.478  -16.440 0.0000000000
7069  13.422  -81.672  -17.761 0.0000000000
4935  9.689  -84.689  -16.949 0.0000000000
5565  11.025  -84.199  -16.162 0.0000000000
128609  10.374  -84.632  -17.182 0.0000000000
145564  10.681  -84.416  -19.685 0.0000000000
4960  11.137  -84.054  -19.301 0.0000000000
145558  11.247  -83.861  -20.066 0.0000000000
5611  12.554  -82.691  -19.984 0.0000000000
145562  11.927  -83.256  -20.433 0.0000000000
145302  12.238  -83.175  -21.278 0.0000000000
145561  10.836  -84.083  -21.477 0.0000000000
127514  8.859  -85.719  -23.891 0.0000000000
145573  9.939  -84.773  -23.602 0.0000000000
127745  9.855  -84.903  -24.454 0.0000000000
127743  10.383  -84.521  -25.047 0.0000000000
127495  8.932  -85.749  -25.500 0.0000000000
3704  1.407  -86.668  -18.589 0.0000000000
3131  2.144  -87.523  -17.911 0.0000000000
3142  1.971  -87.928  -18.382 0.0000000000
2007  3.714  -89.670  -20.330 0.0000000000
2000  4.115  -89.937  -19.284 0.0000000000
1542  4.760  -90.294  -20.338 0.0000000000
2006  5.935  -89.976  -19.953 0.0000000000
127910  5.535  -90.112  -21.313 0.0000000000
3166  5.017  -87.884  -21.785 0.0000000000
3169  5.014  -87.514  -23.726 0.0000000000
2044  5.571  -88.523  -25.633 0.0000000000
2024  5.514  -89.077  -24.427 0.0000000000
145395  6.387  -89.310  -24.164 0.0000000000
127826  6.546  -89.588  -23.745 0.0000000000
145307  6.908  -89.063  -24.605 0.0000000000
127773  6.846  -88.800  -24.031 0.0000000000
145567  7.354  -88.952  -25.464 0.0000000000
2610  7.255  -87.702  -27.866 0.0000000000
145377  8.009  -88.154  -27.094 0.0000000000
145375  8.197  -87.731  -27.611 0.0000000000
145594  8.518  -86.765  -27.889 0.0000000000
145593  8.367  -86.979  -28.342 0.0000000000
145465  8.523  -86.613  -28.864 0.0000000000
3213  7.924  -86.045  -29.487 0.0000000000
5710  6.171  -83.272  -30.723 0.0000000000
5040  6.995  -83.844  -30.461 0.0000000000
138071  6.878  -82.462  -31.228 0.0000000000
141870  7.855  -82.279  -31.677 0.0000000000
14177  9.753  -74.587  -6.758 0.0000000000
14193  9.589  -74.813  -7.785 0.0000000000
13039  9.034  -75.189  -7.079 0.0000000000
13077  5.601  -75.168  -8.343 0.0000000000
14211  7.251  -75.082  -8.605 0.0000000000
153707  5.760  -74.610  -8.952 0.0000000000
15407  6.061  -73.838  -10.029 0.0000000000
14230  5.471  -74.173  -9.490 0.0000000000
13046  2.210  -75.949  -5.745 0.0000000000
13045  3.099  -75.835  -6.490 0.0000000000
13063  2.610  -75.392  -7.123 0.0000000000
15430  1.657  -73.047  -10.251 0.0000000000
15410  2.152  -73.468  -9.573 0.0000000000
16586  2.247  -72.701  -10.930 0.0000000000
16585  3.228  -72.758  -10.962 0.0000000000
150751  2.012  -72.386  -12.321 0.0000000000
16629  2.793  -72.238  -12.781 0.0000000000
17710  1.650  -72.155  -12.987 0.0000000000
18828  -0.273  -70.065  -14.061 0.0000000000
18827  -0.109  -70.668  -14.617 0.0000000000
152285  -0.269  -69.094  -15.008 0.0000000000
19937  0.571  -69.052  -16.386 0.0000000000
148007  0.349  -67.348  -15.089 0.0000000000
24531  1.542  -65.434  -13.958 0.0000000000
24582  2.075  -65.048  -15.771 0.0000000000
23384  1.683  -65.792  -16.491 0.0000000000
139423  2.555  -65.540  -17.652 0.0000000000
23413  2.735  -65.979  -18.332 0.0000000000
24610  3.352  -64.829  -17.908 0.0000000000
144767  13.806  -74.922  -8.664 0.0000000000
13090  12.915  -74.998  -10.042 0.0000000000
15388  13.097  -74.032  -9.084 0.0000000000
15403  11.984  -74.007  -9.332 0.0000000000
14225  10.506  -74.297  -9.304 0.0000000000
29230  19.704  -61.751  -5.813 0.0000000000
29249  20.296  -61.010  -6.028 0.0000000000
30376  19.908  -60.249  -6.142 0.0000000000
31573  19.494  -59.541  -6.226 0.0000000000
5543  9.533  -83.756  -13.338 0.0000000000
139646  10.871  -84.628  -13.368 0.0000000000
4879  10.385  -83.924  -13.044 0.0000000000
4877  12.396  -84.136  -12.597 0.0000000000
5530  13.777  -83.290  -12.164 0.0000000000
7771  0.131  -80.740  -7.047 0.0000000000
6971  -0.658  -80.835  -9.643 0.0000000000
139112  0.154  -79.724  -7.162 0.0000000000
8770  -0.127  -78.669  -8.010 0.0000000000
9743  -0.073  -77.937  -8.192 0.0000000000
17800  3.091  -70.923  -19.323 0.0000000000
16692  1.913  -71.871  -18.618 0.0000000000
17801  1.972  -70.568  -19.534 0.0000000000
138166  1.182  -70.305  -20.262 0.0000000000
17821  0.542  -70.783  -21.145 0.0000000000
18922  1.062  -70.268  -21.548 0.0000000000
20009  1.462  -69.589  -21.304 0.0000000000
21105  2.462  -68.657  -21.294 0.0000000000
22238  4.094  -67.766  -21.192 0.0000000000
152569  13.526  -69.473  -3.211 0.0000000000
20829  11.438  -68.676  -3.054 0.0000000000
20847  11.881  -68.155  -3.469 0.0000000000
21994  10.851  -67.072  -3.539 0.0000000000
23207  10.491  -66.512  -3.185 0.0000000000
31479  5.188  -59.916  -0.995 0.0000000000
138052  4.387  -59.753  -0.468 0.0000000000
588  -1.245  -91.991  3.510 0.0000000000
957  -0.358  -92.258  2.336 0.0000000000
146678  0.432  -92.216  2.126 0.0000000000
140830  0.940  -91.981  0.983 0.0000000000
956  1.781  -92.067  2.181 0.0000000000
948  2.301  -91.542  2.323 0.0000000000
1338  2.843  -90.750  2.284 0.0000000000
9659  4.397  -78.715  -3.292 0.0000000000
7696  4.916  -79.930  -2.462 0.0000000000
8675  5.478  -79.255  -2.470 0.0000000000
8658  5.918  -79.482  -1.678 0.0000000000
8638  6.165  -79.722  -0.880 0.0000000000
8621  7.134  -79.726  0.218 0.0000000000
9605  7.106  -78.418  -0.941 0.0000000000
10647  7.530  -77.508  -0.822 0.0000000000
11810  7.560  -76.660  -0.791 0.0000000000
26771  12.223  -63.289  2.784 0.0000000000
25536  11.327  -64.414  3.765 0.0000000000
128707  12.152  -64.792  3.844 0.0000000000
154301  11.466  -66.351  3.756 0.0000000000
21872  10.850  -66.911  2.934 0.0000000000
21928  10.606  -67.810  1.372 0.0000000000
142859  11.939  -67.347  1.766 0.0000000000
21926  12.392  -67.527  1.148 0.0000000000
20779  12.736  -68.076  0.853 0.0000000000
20788  13.629  -68.085  0.775 0.0000000000
133546  13.272  -67.272  1.156 0.0000000000
21925  14.015  -67.102  1.111 0.0000000000
21896  15.322  -67.305  2.236 0.0000000000
30250  21.549  -60.947  0.759 0.0000000000
27940  22.308  -62.199  1.544 0.0000000000
29118  22.209  -61.265  1.437 0.0000000000
27954  23.945  -62.683  1.078 0.0000000000
26792  25.021  -63.530  0.461 0.0000000000
29132  24.659  -61.566  0.867 0.0000000000
450  7.956  -93.011  -17.810 0.0000000000
458  7.978  -92.801  -18.930 0.0000000000
756  7.958  -92.560  -18.423 0.0000000000
149052  7.956  -91.830  -19.640 0.0000000000
1539  8.266  -90.546  -20.602 0.0000000000
145293  14.186  -83.427  -26.587 0.0000000000
145385  16.058  -83.814  -26.962 0.0000000000
145539  13.931  -83.332  -27.608 0.0000000000
127885  13.772  -83.262  -28.559 0.0000000000
5023  12.687  -83.469  -29.604 0.0000000000
5038  11.699  -84.095  -30.682 0.0000000000
128078  11.553  -83.963  -29.797 0.0000000000
151613  10.283  -84.820  -29.979 0.0000000000
3785  9.193  -84.620  -30.658 0.0000000000
4921  5.402  -84.394  -16.078 0.0000000000
4275  6.061  -85.042  -16.671 0.0000000000
4276  5.056  -85.233  -16.525 0.0000000000
4289  4.723  -86.017  -16.863 0.0000000000
3128  4.636  -87.247  -17.546 0.0000000000
15256  0.198  -73.331  -1.359 0.0000000000
14096  0.081  -74.423  -2.484 0.0000000000
15257  -0.718  -73.011  -1.716 0.0000000000
9756  8.500  -78.265  -8.794 0.0000000000
10770  7.215  -77.967  -9.582 0.0000000000
139773  7.909  -77.491  -10.000 0.0000000000
11948  7.930  -76.982  -10.873 0.0000000000
12000  7.608  -76.001  -12.220 0.0000000000
16623  8.307  -72.715  -13.516 0.0000000000
15465  8.808  -73.564  -13.904 0.0000000000
16624  7.709  -72.557  -14.156 0.0000000000
152128  6.894  -72.505  -15.410 0.0000000000
16651  6.671  -72.632  -16.070 0.0000000000
17769  5.438  -72.114  -16.613 0.0000000000
17736  5.302  -71.839  -15.485 0.0000000000
17737  4.326  -71.762  -15.256 0.0000000000
138077  3.440  -71.566  -15.204 0.0000000000
132539  16.051  -65.986  -6.548 0.0000000000
24450  15.241  -65.960  -5.956 0.0000000000
24461  15.823  -65.355  -6.574 0.0000000000
25653  15.260  -64.997  -6.307 0.0000000000
26898  13.843  -64.170  -5.404 0.0000000000
131407  14.416  -61.189  -5.785 0.0000000000
136459  14.201  -61.965  -5.503 0.0000000000
29212  11.169  -61.356  -4.541 0.0000000000
29213  10.480  -61.256  -4.242 0.0000000000
29203  9.228  -61.526  -3.723 0.0000000000
138642  9.919  -60.835  -3.956 0.0000000000
32710  8.777  -58.729  -3.285 0.0000000000
10668  -0.924  -77.521  -1.704 0.0000000000
139940  0.260  -77.332  -2.689 0.0000000000
11834  -0.566  -76.925  -1.219 0.0000000000
150137  0.057  -76.460  -0.877 0.0000000000
12948  0.442  -75.909  -0.228 0.0000000000
30279  12.151  -59.922  -1.326 0.0000000000
30300  12.974  -59.674  -1.862 0.0000000000
131884  13.876  -59.860  -1.748 0.0000000000
30251  14.726  -60.383  0.051 0.0000000000
29135  15.335  -61.060  0.487 0.0000000000
30276  15.403  -60.339  -0.628 0.0000000000
30275  16.210  -60.715  -1.052 0.0000000000
30297  16.450  -60.477  -2.124 0.0000000000
29185  20.424  -60.773  -2.869 0.0000000000
138923  9.962  -89.097  -15.650 0.0000000000
1966  11.354  -90.100  -15.586 0.0000000000
2511  11.426  -88.729  -15.540 0.0000000000
2524  13.123  -89.049  -15.877 0.0000000000
2523  13.443  -88.759  -16.329 0.0000000000
4274  14.435  -85.522  -16.237 0.0000000000
3685  14.238  -86.037  -16.767 0.0000000000
4943  13.993  -84.548  -18.440 0.0000000000
4959  13.904  -84.633  -19.193 0.0000000000
151783  14.844  -83.947  -20.567 0.0000000000
127515  15.223  -84.064  -21.652 0.0000000000
145486  15.350  -83.464  -21.602 0.0000000000
145284  14.609  -82.835  -22.212 0.0000000000
145588  13.563  -82.920  -22.512 0.0000000000
7988  0.542  -80.924  -22.793 0.0000000000
6344  0.418  -82.494  -22.099 0.0000000000
7132  0.736  -81.718  -23.386 0.0000000000
7144  1.179  -81.617  -24.299 0.0000000000
153989  25.053  -55.167  -5.231 0.0000000000
138700  23.970  -55.054  -5.340 0.0000000000
37207  24.694  -54.555  -5.188 0.0000000000
6969  4.581  -81.470  -9.330 0.0000000000
7794  6.727  -81.031  -9.737 0.0000000000
6983  5.253  -81.213  -9.897 0.0000000000
133779  5.671  -81.187  -10.761 0.0000000000
7839  6.976  -80.867  -12.073 0.0000000000
8833  3.777  -79.963  -13.336 0.0000000000
8832  4.532  -79.521  -13.676 0.0000000000
9815  5.293  -78.210  -14.777 0.0000000000
9847  5.616  -78.434  -16.048 0.0000000000
8878  5.786  -79.131  -16.450 0.0000000000
8879  4.931  -78.805  -16.287 0.0000000000
149206  3.586  -79.284  -16.005 0.0000000000
7876  2.722  -79.726  -15.630 0.0000000000
145709  3.392  -75.837  -10.858 0.0000000000
13093  2.457  -75.648  -10.544 0.0000000000
13118  1.960  -75.001  -11.181 0.0000000000
13119  0.671  -74.536  -11.168 0.0000000000
13148  0.148  -74.393  -11.974 0.0000000000
14364  0.813  -74.838  -17.288 0.0000000000
13192  -0.159  -75.497  -15.885 0.0000000000
12045  -0.115  -76.104  -16.666 0.0000000000
10904  -0.343  -77.018  -16.907 0.0000000000
143120  -0.915  -77.863  -16.045 0.0000000000
9849  -1.023  -78.803  -16.095 0.0000000000
134413  -0.223  -79.036  -16.859 0.0000000000
154150  0.066  -79.242  -17.577 0.0000000000
9881  0.180  -78.849  -19.347 0.0000000000
8914  -0.293  -79.743  -19.860 0.0000000000
134845  0.258  -78.247  -20.143 0.0000000000
10939  0.270  -77.682  -20.711 0.0000000000
132968  0.117  -77.053  -22.054 0.0000000000
17894  2.178  -71.470  -25.323 0.0000000000
18979  2.644  -70.659  -25.570 0.0000000000
14089  10.427  -74.388  -3.014 0.0000000000
14114  10.434  -73.836  -4.212 0.0000000000
15267  10.377  -73.570  -3.052 0.0000000000
16518  9.344  -73.228  -3.513 0.0000000000
16519  8.520  -73.104  -3.315 0.0000000000
19743  7.675  -69.671  -1.320 0.0000000000
18683  6.921  -70.901  -0.811 0.0000000000
18671  6.453  -70.501  -0.381 0.0000000000
18672  5.636  -70.978  0.063 0.0000000000
153415  5.002  -71.588  -0.015 0.0000000000
17579  4.193  -71.668  0.044 0.0000000000
17571  3.771  -71.008  0.447 0.0000000000
18663  3.337  -70.194  0.523 0.0000000000
19728  2.860  -69.360  0.524 0.0000000000
25598  11.918  -64.504  -0.804 0.0000000000
24391  11.816  -65.012  -0.695 0.0000000000
25587  11.063  -64.516  0.235 0.0000000000
25588  10.143  -64.792  0.698 0.0000000000
25576  8.402  -64.751  1.170 0.0000000000
154409  3.385  -62.430  0.607 0.0000000000
26802  3.842  -63.081  0.742 0.0000000000
35027  20.028  -55.985  -6.394 0.0000000000
138503  19.752  -56.780  -6.450 0.0000000000
35028  19.133  -56.139  -6.448 0.0000000000
35029  18.286  -56.248  -6.406 0.0000000000
35030  17.466  -56.368  -6.349 0.0000000000
131422  14.606  -54.280  -5.039 0.0000000000
138914  14.538  -54.924  -5.061 0.0000000000
37216  14.072  -54.611  -4.646 0.0000000000
137565  13.248  -55.218  -4.139 0.0000000000
34976  12.458  -55.496  -2.624 0.0000000000
34977  11.574  -55.879  -2.516 0.0000000000
36064  11.416  -55.305  -1.277 0.0000000000
2480  4.073  -88.637  -12.968 0.0000000000
2503  4.321  -89.077  -13.878 0.0000000000
1494  3.798  -90.737  -14.587 0.0000000000
1102  3.487  -91.006  -15.513 0.0000000000
1522  3.757  -90.695  -16.683 0.0000000000
149250  5.107  -89.834  -17.093 0.0000000000
1977  3.446  -89.983  -16.955 0.0000000000
2529  3.283  -89.269  -16.673 0.0000000000
2518  3.078  -88.393  -16.027 0.0000000000
1920  0.889  -89.640  -11.535 0.0000000000
2495  0.675  -87.827  -13.177 0.0000000000
2482  0.722  -87.996  -12.332 0.0000000000
3635  1.907  -86.404  -12.824 0.0000000000
150416  2.582  -85.795  -12.846 0.0000000000
135259  3.885  -85.033  -13.640 0.0000000000
3625  2.411  -85.911  -12.150 0.0000000000
3624  2.870  -85.938  -11.377 0.0000000000
3615  3.442  -86.281  -10.519 0.0000000000
128358  1.575  -95.120  -2.080 0.0000000000
136996  -0.154  -93.233  -2.015 0.0000000000
351  -0.054  -93.413  -2.705 0.0000000000
635  1.123  -92.376  -3.093 0.0000000000
1006  2.719  -91.183  -3.998 0.0000000000
144196  3.253  -89.756  -5.268 0.0000000000
1881  3.319  -88.778  -6.394 0.0000000000
1876  3.226  -88.929  -5.437 0.0000000000
141571  3.244  -87.617  -6.401 0.0000000000
3580  3.606  -86.565  -7.213 0.0000000000
4195  3.943  -85.165  -7.402 0.0000000000
133601  3.396  -85.888  -7.344 0.0000000000
154112  2.594  -85.873  -7.498 0.0000000000
3582  1.020  -87.043  -7.692 0.0000000000
3531  -0.345  -86.960  -2.603 0.0000000000
3545  -1.249  -86.934  -3.922 0.0000000000
3544  -0.774  -86.418  -3.177 0.0000000000
4169  -0.375  -85.177  -3.996 0.0000000000
4801  -0.762  -84.471  -5.329 0.0000000000
5452  -0.503  -83.856  -5.831 0.0000000000
153029  -0.133  -83.935  -5.121 0.0000000000
137472  1.691  -84.491  -4.380 0.0000000000
5440  2.026  -83.867  -4.855 0.0000000000
154063  -0.277  -84.724  -1.050 0.0000000000
4114  -0.058  -85.807  -0.061 0.0000000000
135030  0.712  -84.651  -0.613 0.0000000000
4732  1.722  -85.065  0.885 0.0000000000
4731  2.462  -84.979  1.662 0.0000000000
6039  4.952  -82.691  2.571 0.0000000000
5345  4.534  -83.401  2.511 0.0000000000
5359  5.644  -83.623  2.296 0.0000000000
4744  5.968  -84.721  1.008 0.0000000000
142312  5.705  -84.384  -1.074 0.0000000000
5417  5.535  -83.945  -2.380 0.0000000000
5416  6.100  -83.268  -2.215 0.0000000000
5427  5.962  -83.057  -3.157 0.0000000000
6126  6.516  -82.419  -3.622 0.0000000000
6923  6.895  -81.024  -5.222 0.0000000000
6895  7.811  -81.307  -3.662 0.0000000000
6912  8.410  -80.941  -4.263 0.0000000000
7715  9.007  -80.777  -3.992 0.0000000000
7656  11.272  -80.993  -0.069 0.0000000000
6856  11.106  -81.537  -1.573 0.0000000000
6855  11.975  -81.054  -1.630 0.0000000000
7713  12.752  -80.710  -3.455 0.0000000000
7743  12.859  -80.093  -5.198 0.0000000000
8715  13.375  -79.611  -5.715 0.0000000000
7727  13.470  -79.505  -4.723 0.0000000000
9673  13.773  -78.588  -4.284 0.0000000000
9658  13.729  -77.935  -3.558 0.0000000000
18643  0.205  -70.735  1.842 0.0000000000
19703  0.707  -69.405  1.950 0.0000000000
18627  1.670  -69.828  2.769 0.0000000000
18626  1.911  -70.931  2.912 0.0000000000
27934  5.725  -61.826  2.881 0.0000000000
21853  7.559  -67.043  3.979 0.0000000000
23070  7.330  -66.124  4.411 0.0000000000
21854  6.705  -67.405  3.670 0.0000000000
21877  6.227  -67.955  2.905 0.0000000000
20748  5.737  -68.512  3.222 0.0000000000
19671  4.764  -69.888  4.200 0.0000000000
19670  5.659  -69.937  4.227 0.0000000000
18609  5.796  -70.996  5.025 0.0000000000
16401  6.239  -72.286  4.231 0.0000000000
16423  7.280  -73.198  3.003 0.0000000000
16400  7.793  -72.753  4.512 0.0000000000
16411  8.462  -73.121  3.822 0.0000000000
16410  9.274  -72.966  4.132 0.0000000000
17545  12.526  -71.604  4.769 0.0000000000
16395  12.275  -72.372  4.924 0.0000000000
143026  12.950  -73.006  4.760 0.0000000000
15164  12.864  -73.863  4.481 0.0000000000
11737  12.975  -76.196  3.068 0.0000000000
133461  13.616  -76.968  1.331 0.0000000000
12904  13.254  -75.954  2.693 0.0000000000
141623  13.347  -75.472  2.005 0.0000000000
143084  13.063  -75.094  0.679 0.0000000000
14067  12.649  -75.058  -0.024 0.0000000000
15214  13.433  -73.787  1.790 0.0000000000
15231  14.706  -73.114  1.571 0.0000000000
18651  17.351  -70.838  0.798 0.0000000000
17570  17.758  -71.567  0.725 0.0000000000
17569  18.117  -71.662  -0.236 0.0000000000
16447  18.156  -72.240  -0.823 0.0000000000
15247  17.467  -72.682  -1.711 0.0000000000
154233  16.528  -72.596  -2.401 0.0000000000
15266  17.376  -72.594  -2.390 0.0000000000
127540  17.458  -72.311  -3.050 0.0000000000
127543  17.688  -71.233  -3.633 0.0000000000
26766  16.826  -63.952  2.337 0.0000000000
25558  17.044  -64.509  2.873 0.0000000000
140489  17.905  -64.676  2.960 0.0000000000
24336  18.509  -65.484  3.060 0.0000000000
23113  19.230  -66.109  2.596 0.0000000000
137479  21.711  -66.349  0.523 0.0000000000
21937  21.751  -66.876  -0.048 0.0000000000
135894  21.179  -67.635  -1.132 0.0000000000
20826  20.716  -67.849  -2.300 0.0000000000
20827  19.755  -68.262  -2.749 0.0000000000
138659  20.716  -67.973  -3.044 0.0000000000
20842  20.725  -67.887  -3.688 0.0000000000
20859  20.352  -68.214  -5.172 0.0000000000
127546  20.095  -68.031  -6.010 0.0000000000
140221  20.662  -67.778  -4.354 0.0000000000
22002  21.045  -67.243  -4.217 0.0000000000
23222  21.943  -66.619  -3.791 0.0000000000
25623  25.546  -64.786  -4.156 0.0000000000
26872  25.416  -64.026  -5.180 0.0000000000
26873  24.597  -64.057  -6.087 0.0000000000
28033  23.767  -63.298  -6.128 0.0000000000
137432  24.892  -63.216  -5.681 0.0000000000
28047  25.243  -62.328  -5.397 0.0000000000
28046  25.519  -61.550  -5.253 0.0000000000
34965  27.536  -56.687  -2.380 0.0000000000
33843  27.221  -57.298  -2.800 0.0000000000
150740  27.380  -55.964  -3.527 0.0000000000
141133  26.626  -56.015  -4.419 0.0000000000
785  10.567  -92.198  -22.535 0.0000000000
142795  11.279  -91.623  -22.838 0.0000000000
143548  11.213  -90.127  -22.820 0.0000000000
801  11.589  -89.900  -23.213 0.0000000000
1165  12.757  -91.098  -24.028 0.0000000000
1172  13.341  -90.977  -25.046 0.0000000000
1570  13.239  -90.249  -25.717 0.0000000000
1582  13.942  -89.321  -26.737 0.0000000000
2555  9.961  -88.049  -20.193 0.0000000000
127827  9.593  -88.576  -20.799 0.0000000000
145427  10.191  -87.641  -22.034 0.0000000000
145339  9.923  -87.925  -23.317 0.0000000000
145329  10.194  -87.899  -24.079 0.0000000000
128986  13.699  -85.908  -28.192 0.0000000000
127511  12.654  -86.579  -27.952 0.0000000000
135082  13.057  -86.433  -28.564 0.0000000000
135956  12.592  -86.890  -28.391 0.0000000000
3189  12.566  -87.327  -28.528 0.0000000000
2607  13.279  -88.118  -28.475 0.0000000000
3201  13.614  -87.230  -29.420 0.0000000000
3200  14.220  -87.482  -29.557 0.0000000000
3209  14.603  -87.246  -30.152 0.0000000000
3214  16.070  -86.990  -30.666 0.0000000000
3215  15.086  -87.023  -30.829 0.0000000000
3788  15.152  -86.032  -32.037 0.0000000000
4397  14.788  -85.404  -32.493 0.0000000000
5735  11.794  -82.672  -32.618 0.0000000000
5064  12.518  -83.778  -33.973 0.0000000000
7847  12.492  -80.674  -12.721 0.0000000000
7016  13.287  -81.102  -13.068 0.0000000000
7017  12.434  -81.112  -13.461 0.0000000000
6250  12.625  -82.645  -14.945 0.0000000000
133277  12.751  -83.203  -15.868 0.0000000000
4299  8.950  -86.100  -18.177 0.0000000000
152346  9.539  -85.670  -18.295 0.0000000000
145397  9.186  -86.401  -19.308 0.0000000000
147764  9.531  -85.463  -20.509 0.0000000000
127792  10.067  -84.721  -21.168 0.0000000000
145416  10.400  -84.395  -21.986 0.0000000000
145332  9.122  -85.522  -22.306 0.0000000000
145579  8.563  -85.952  -23.057 0.0000000000
147749  8.182  -86.372  -23.847 0.0000000000
3721  1.410  -87.136  -21.029 0.0000000000
2550  1.832  -88.167  -19.821 0.0000000000
2557  1.509  -88.045  -20.988 0.0000000000
133848  2.874  -88.830  -20.825 0.0000000000
2012  3.722  -89.331  -21.073 0.0000000000
142861  2.929  -85.324  -25.754 0.0000000000
149411  4.510  -87.021  -25.171 0.0000000000
2591  4.713  -86.946  -25.607 0.0000000000
3179  5.090  -87.380  -26.135 0.0000000000
2590  5.794  -88.279  -26.336 0.0000000000
2589  6.524  -88.312  -26.526 0.0000000000
3183  5.871  -87.257  -27.259 0.0000000000
3193  6.207  -86.880  -27.967 0.0000000000
3205  6.699  -86.474  -28.514 0.0000000000
3762  7.164  -86.015  -29.058 0.0000000000
4368  6.389  -85.168  -28.972 0.0000000000
5032  6.133  -83.716  -30.180 0.0000000000
6406  5.614  -82.528  -30.176 0.0000000000
13022  7.702  -75.981  -5.651 0.0000000000
13058  7.766  -75.983  -7.106 0.0000000000
13042  6.591  -76.328  -6.279 0.0000000000
11910  5.361  -76.123  -7.211 0.0000000000
13061  5.016  -75.647  -7.749 0.0000000000
14198  0.072  -74.316  -7.396 0.0000000000
14197  0.991  -74.709  -7.683 0.0000000000
15392  0.766  -73.742  -8.898 0.0000000000
15431  0.449  -73.145  -10.390 0.0000000000
148047  0.332  -72.937  -11.118 0.0000000000
17711  0.652  -71.946  -12.871 0.0000000000
17699  -0.404  -72.073  -11.914 0.0000000000
18805  -0.321  -70.284  -12.072 0.0000000000
19888  -0.180  -69.029  -13.159 0.0000000000
10767  11.339  -77.236  -9.373 0.0000000000
11946  10.298  -76.572  -10.915 0.0000000000
11929  11.207  -76.701  -10.362 0.0000000000
13113  10.735  -75.122  -11.972 0.0000000000
14258  10.559  -74.530  -12.147 0.0000000000
14245  11.740  -74.591  -10.668 0.0000000000
15454  10.299  -73.982  -12.308 0.0000000000
15455  9.780  -73.622  -12.705 0.0000000000
16610  8.335  -72.610  -12.509 0.0000000000
16597  7.497  -72.495  -12.144 0.0000000000
137269  6.134  -72.487  -12.476 0.0000000000
136270  18.484  -63.723  -5.714 0.0000000000
26894  17.092  -63.481  -6.025 0.0000000000
152751  17.818  -63.484  -5.711 0.0000000000
28055  16.521  -62.681  -5.910 0.0000000000
29233  16.379  -61.700  -5.795 0.0000000000
29251  17.929  -61.294  -5.822 0.0000000000
29252  17.085  -61.101  -5.909 0.0000000000
29234  15.455  -61.361  -5.870 0.0000000000
29254  15.043  -60.734  -6.001 0.0000000000
30361  14.585  -60.326  -5.966 0.0000000000
31557  13.600  -59.563  -5.559 0.0000000000
3651  9.660  -86.530  -14.643 0.0000000000
3649  11.620  -86.430  -14.749 0.0000000000
3648  12.629  -86.326  -14.761 0.0000000000
3647  13.584  -86.121  -14.770 0.0000000000
4250  12.424  -85.312  -13.674 0.0000000000
4259  13.761  -85.433  -14.344 0.0000000000
4271  14.347  -85.725  -15.439 0.0000000000
4910  14.578  -84.743  -15.738 0.0000000000
4932  14.686  -83.780  -17.011 0.0000000000
5581  14.905  -82.764  -17.285 0.0000000000
5522  0.727  -83.272  -11.916 0.0000000000
6231  2.448  -82.673  -11.813 0.0000000000
6232  0.173  -82.633  -12.172 0.0000000000
6243  0.685  -81.960  -12.322 0.0000000000
7844  1.154  -81.144  -12.252 0.0000000000
7811  -0.537  -80.730  -10.513 0.0000000000
7828  0.507  -80.515  -11.634 0.0000000000
7827  1.533  -79.837  -11.710 0.0000000000
8809  2.117  -79.110  -11.546 0.0000000000
9785  1.966  -78.712  -11.618 0.0000000000
10837  2.119  -78.092  -12.449 0.0000000000
14332  3.217  -74.511  -15.280 0.0000000000
129532  2.108  -74.052  -14.081 0.0000000000
14333  2.147  -73.994  -15.000 0.0000000000
15482  0.994  -73.889  -15.994 0.0000000000
15495  0.909  -73.680  -16.827 0.0000000000
16693  0.858  -72.031  -18.636 0.0000000000
15517  0.736  -73.566  -17.760 0.0000000000
147198  0.692  -74.040  -18.088 0.0000000000
147838  0.768  -74.165  -18.469 0.0000000000
140555  0.894  -74.302  -19.317 0.0000000000
13254  1.308  -75.250  -20.114 0.0000000000
135570  1.116  -74.722  -20.916 0.0000000000
14425  1.019  -74.121  -21.628 0.0000000000
16761  1.321  -72.878  -22.507 0.0000000000
17878  1.883  -71.754  -23.490 0.0000000000
18943  1.438  -70.556  -22.243 0.0000000000
17856  2.027  -70.932  -23.082 0.0000000000
17877  2.364  -71.149  -24.264 0.0000000000
143405  2.854  -70.440  -24.493 0.0000000000
20046  3.792  -69.261  -24.706 0.0000000000
21149  5.605  -68.268  -25.052 0.0000000000
17602  11.024  -71.171  -1.897 0.0000000000
136299  10.386  -70.921  -2.336 0.0000000000
140154  9.189  -70.050  -2.553 0.0000000000
19756  8.633  -69.699  -2.285 0.0000000000
20830  10.707  -69.104  -2.699 0.0000000000
138284  8.661  -68.833  -2.373 0.0000000000
19742  8.171  -69.278  -1.864 0.0000000000
138578  7.760  -68.851  -1.275 0.0000000000
20805  7.302  -68.482  -0.654 0.0000000000
21945  6.533  -67.581  0.417 0.0000000000
27996  7.469  -62.757  -1.700 0.0000000000
26836  7.631  -63.126  -0.672 0.0000000000
27997  6.885  -62.515  -1.042 0.0000000000
27982  5.405  -62.039  -0.163 0.0000000000
27983  4.588  -61.793  0.074 0.0000000000
30282  4.626  -60.436  -0.668 0.0000000000
29155  3.334  -60.757  0.303 0.0000000000
29137  3.497  -61.605  0.405 0.0000000000
38298  19.609  -53.115  -5.642 0.0000000000
37212  18.309  -54.039  -5.949 0.0000000000
38299  18.657  -53.136  -5.806 0.0000000000
38300  17.791  -53.434  -5.805 0.0000000000
135496  16.032  -53.700  -5.583 0.0000000000
140273  16.461  -52.895  -5.829 0.0000000000
38302  15.140  -53.835  -5.274 0.0000000000
133900  14.493  -53.983  -5.038 0.0000000000
37217  13.327  -54.576  -4.459 0.0000000000
37218  12.530  -54.509  -4.247 0.0000000000
1072  4.243  -91.464  -11.455 0.0000000000
1462  2.637  -91.317  -12.292 0.0000000000
152913  1.970  -90.915  -13.179 0.0000000000
1074  1.981  -91.557  -11.810 0.0000000000
1075  1.561  -91.459  -11.227 0.0000000000
142073  2.955  -92.402  -10.128 0.0000000000
1076  0.905  -91.020  -11.232 0.0000000000
704  1.265  -91.852  -9.899 0.0000000000
1057  1.004  -91.236  -9.764 0.0000000000
1437  0.981  -91.268  -9.028 0.0000000000
134  -0.986  -94.383  0.654 0.0000000000
326  -1.289  -93.557  1.799 0.0000000000
135  -1.155  -93.830  0.932 0.0000000000
336  -0.748  -93.686  -0.743 0.0000000000
620  -0.095  -92.609  -1.470 0.0000000000
1384  0.282  -90.971  -2.205 0.0000000000
1396  -0.260  -90.279  -2.658 0.0000000000
1863  -0.033  -89.553  -4.121 0.0000000000
1851  -0.814  -89.690  -2.906 0.0000000000
2383  -1.292  -89.156  -2.933 0.0000000000
1827  -0.666  -89.188  -1.755 0.0000000000
1368  0.642  -90.887  -0.425 0.0000000000
1814  0.996  -90.042  -0.709 0.0000000000
147391  -0.127  -88.653  -1.720 0.0000000000
2369  1.055  -88.531  -1.511 0.0000000000
2970  1.840  -87.783  -1.729 0.0000000000
2969  3.057  -87.735  -1.374 0.0000000000
6876  2.308  -81.522  -2.701 0.0000000000
6096  2.646  -82.052  -1.789 0.0000000000
6076  3.344  -82.185  -0.839 0.0000000000
6822  3.740  -82.098  0.109 0.0000000000
7681  4.753  -80.757  -1.954 0.0000000000
6821  4.394  -81.551  0.167 0.0000000000
6812  4.862  -82.012  2.007 0.0000000000
6802  5.643  -82.040  2.344 0.0000000000
6037  6.597  -82.341  2.481 0.0000000000
5372  7.921  -83.025  0.788 0.0000000000
6074  8.379  -82.592  -0.058 0.0000000000
6049  8.203  -82.420  1.677 0.0000000000
6047  9.374  -81.776  1.013 0.0000000000
6819  9.952  -81.571  0.730 0.0000000000
8609  8.360  -79.879  1.267 0.0000000000
8608  9.129  -79.866  1.428 0.0000000000
6808  10.156  -80.821  1.034 0.0000000000
7635  10.882  -80.359  0.414 0.0000000000
7634  11.247  -79.597  -0.073 0.0000000000
8635  11.126  -78.773  -0.227 0.0000000000
143143  8.590  -61.451  1.981 0.0000000000
27930  9.128  -62.216  2.499 0.0000000000
26745  9.232  -63.535  3.492 0.0000000000
143573  9.114  -64.668  4.353 0.0000000000
25508  10.483  -64.961  4.306 0.0000000000
25509  9.648  -64.954  4.439 0.0000000000
24293  8.934  -65.345  4.549 0.0000000000
23096  8.639  -66.850  3.837 0.0000000000
21903  8.145  -67.970  2.147 0.0000000000
19701  7.952  -69.232  1.944 0.0000000000
18606  8.429  -70.197  4.460 0.0000000000
19700  9.236  -70.042  2.195 0.0000000000
18641  9.961  -70.229  3.188 0.0000000000
18640  10.690  -70.239  2.854 0.0000000000
19714  10.664  -69.008  1.464 0.0000000000
18639  11.282  -70.067  2.518 0.0000000000
18621  11.583  -70.436  3.414 0.0000000000
18601  13.165  -70.863  4.003 0.0000000000
140659  13.991  -70.847  3.890 0.0000000000
146928  14.738  -71.346  3.938 0.0000000000
16409  15.700  -72.502  3.382 0.0000000000
148719  15.703  -71.185  3.130 0.0000000000
18636  16.248  -71.109  2.606 0.0000000000
18653  15.862  -70.430  1.836 0.0000000000
19723  13.976  -68.632  0.523 0.0000000000
19721  15.192  -69.687  0.987 0.0000000000
18660  16.166  -70.165  0.586 0.0000000000
19720  15.826  -69.507  -0.676 0.0000000000
18669  16.435  -69.524  -1.436 0.0000000000
19741  16.655  -68.997  -1.718 0.0000000000
26782  19.880  -63.080  1.745 0.0000000000
138992  20.683  -63.566  2.085 0.0000000000
26779  22.251  -63.103  1.759 0.0000000000
25569  22.350  -64.032  1.561 0.0000000000
25574  22.241  -64.917  1.250 0.0000000000
24361  22.974  -65.527  0.391 0.0000000000
24377  23.578  -65.982  -0.395 0.0000000000
24388  23.951  -66.325  -1.224 0.0000000000
24408  24.149  -66.560  -2.285 0.0000000000
24387  24.615  -65.970  -1.726 0.0000000000
25595  25.750  -64.947  -1.488 0.0000000000
26816  25.457  -64.445  -0.405 0.0000000000
138461  26.099  -64.248  -1.102 0.0000000000
145247  26.202  -64.548  -2.021 0.0000000000
28009  26.429  -63.765  -1.875 0.0000000000
28008  26.409  -62.843  -2.168 0.0000000000
29183  26.465  -61.741  -2.338 0.0000000000
274  10.072  -93.151  -19.841 0.0000000000
475  10.295  -92.910  -21.104 0.0000000000
467  8.841  -92.715  -20.192 0.0000000000
476  9.408  -92.671  -20.930 0.0000000000
483  9.857  -92.390  -21.802 0.0000000000
795  9.770  -92.082  -22.811 0.0000000000
1157  9.463  -91.153  -23.668 0.0000000000
1176  9.772  -90.457  -24.772 0.0000000000
127850  13.112  -86.295  -23.798 0.0000000000
127842  13.804  -86.237  -24.585 0.0000000000
127516  15.131  -85.953  -25.848 0.0000000000
128152  15.025  -85.713  -26.761 0.0000000000
127862  15.920  -84.198  -27.468 0.0000000000
145439  15.445  -84.723  -27.944 0.0000000000
127519  14.821  -85.458  -27.644 0.0000000000
4359  14.698  -84.963  -29.412 0.0000000000
4367  14.438  -85.065  -30.264 0.0000000000
141264  14.352  -85.153  -30.955 0.0000000000
3782  13.659  -85.586  -32.073 0.0000000000
4385  13.085  -84.409  -31.892 0.0000000000
133761  12.024  -84.538  -32.625 0.0000000000
4386  11.651  -84.106  -31.373 0.0000000000
4400  11.293  -83.888  -31.910 0.0000000000
5725  11.608  -83.571  -32.214 0.0000000000
5726  10.540  -83.254  -32.149 0.0000000000
7215  9.583  -81.503  -32.686 0.0000000000
7057  8.931  -81.714  -15.880 0.0000000000
6257  9.791  -82.415  -15.555 0.0000000000
6275  9.136  -82.630  -15.886 0.0000000000
4918  8.900  -84.156  -16.583 0.0000000000
4936  8.720  -84.845  -17.084 0.0000000000
4287  6.928  -85.339  -17.111 0.0000000000
4286  7.598  -85.582  -17.521 0.0000000000
4300  8.018  -86.147  -18.047 0.0000000000
3701  7.605  -86.916  -18.371 0.0000000000
127973  7.422  -88.013  -19.266 0.0000000000
145436  7.198  -88.470  -19.895 0.0000000000
5694  4.628  -82.968  -28.498 0.0000000000
14121  3.470  -74.778  -3.535 0.0000000000
139008  3.738  -75.816  -4.823 0.0000000000
12994  2.598  -75.178  -4.035 0.0000000000
13026  1.749  -76.157  -4.949 0.0000000000
139851  0.941  -75.895  -5.398 0.0000000000
12995  -0.186  -75.438  -3.931 0.0000000000
13027  -0.145  -75.857  -5.265 0.0000000000
13048  0.322  -75.426  -5.952 0.0000000000
140732  -0.155  -74.656  -6.491 0.0000000000
15379  -0.338  -73.209  -7.470 0.0000000000
8750  3.959  -78.866  -7.055 0.0000000000
9718  3.462  -78.618  -7.847 0.0000000000
9740  4.225  -78.472  -8.569 0.0000000000
9760  3.958  -78.101  -9.070 0.0000000000
10773  4.404  -77.609  -9.653 0.0000000000
153598  5.947  -77.498  -10.246 0.0000000000
10794  5.688  -77.097  -10.650 0.0000000000
11950  4.148  -76.356  -10.814 0.0000000000
140462  3.883  -75.686  -11.424 0.0000000000
13145  4.048  -74.854  -12.741 0.0000000000
14293  4.013  -74.716  -13.742 0.0000000000
133009  9.900  -76.148  -11.648 0.0000000000
11999  8.574  -75.800  -12.384 0.0000000000
13142  7.363  -75.626  -12.981 0.0000000000
13181  8.202  -74.429  -14.504 0.0000000000
13182  7.742  -74.814  -14.371 0.0000000000
13169  6.654  -75.351  -13.425 0.0000000000
13183  6.365  -74.927  -14.268 0.0000000000
14292  4.845  -74.821  -13.920 0.0000000000
14314  3.632  -74.695  -14.620 0.0000000000
136668  3.609  -74.693  -16.036 0.0000000000
14363  4.149  -73.892  -17.164 0.0000000000
15531  3.820  -72.885  -18.210 0.0000000000
17780  5.118  -72.296  -17.377 0.0000000000
16690  4.478  -72.165  -18.214 0.0000000000
17787  3.552  -71.463  -18.913 0.0000000000
18874  3.691  -70.820  -18.999 0.0000000000
19949  2.234  -69.535  -18.180 0.0000000000
19950  1.712  -68.763  -18.046 0.0000000000
143583  15.171  -68.071  -5.180 0.0000000000
21991  13.643  -67.092  -3.906 0.0000000000
23226  14.133  -66.704  -4.173 0.0000000000
23204  13.761  -66.088  -3.565 0.0000000000
24409  13.129  -65.011  -2.497 0.0000000000
24441  14.276  -65.778  -4.395 0.0000000000
25626  13.253  -65.204  -2.937 0.0000000000
24389  12.789  -64.618  -2.120 0.0000000000
26849  12.264  -64.200  -1.482 0.0000000000
26833  11.256  -63.581  -0.939 0.0000000000
26851  10.636  -63.417  -1.898 0.0000000000
26895  16.179  -63.686  -6.306 0.0000000000
26897  14.622  -63.509  -5.844 0.0000000000
26899  13.241  -63.457  -5.194 0.0000000000
28059  12.825  -62.764  -5.124 0.0000000000
26877  12.533  -63.537  -4.659 0.0000000000
26863  10.757  -63.475  -3.106 0.0000000000
26852  9.627  -63.340  -1.960 0.0000000000
26853  8.674  -63.180  -2.057 0.0000000000
27995  7.947  -62.925  -2.168 0.0000000000
29192  6.707  -61.006  -1.953 0.0000000000
30320  7.877  -60.906  -2.984 0.0000000000
30321  7.193  -60.296  -2.426 0.0000000000
30322  6.516  -60.201  -1.897 0.0000000000
32667  5.685  -58.073  -0.700 0.0000000000
33808  5.217  -57.352  0.257 0.0000000000
4757  -1.269  -84.765  -0.817 0.0000000000
6115  -0.055  -82.865  -3.153 0.0000000000
6878  0.353  -82.012  -3.409 0.0000000000
8677  -0.394  -79.482  -2.258 0.0000000000
136473  -1.245  -80.160  -3.536 0.0000000000
7720  -1.151  -80.483  -3.948 0.0000000000
6898  -0.446  -81.278  -3.778 0.0000000000
6897  0.711  -81.166  -3.720 0.0000000000
6896  1.804  -80.986  -3.440 0.0000000000
7717  2.244  -80.137  -3.728 0.0000000000
8694  2.966  -79.400  -3.655 0.0000000000
10688  1.482  -77.316  -2.811 0.0000000000
10704  1.970  -77.904  -3.328 0.0000000000
9660  3.519  -78.741  -3.479 0.0000000000
10686  3.692  -77.543  -2.838 0.0000000000
11830  4.076  -76.567  -1.926 0.0000000000
152450  4.492  -76.425  -1.624 0.0000000000
30242  9.400  -60.117  0.541 0.0000000000
29125  9.917  -60.911  1.393 0.0000000000
29124  10.891  -61.109  1.481 0.0000000000
29105  11.335  -61.780  2.078 0.0000000000
142466  12.006  -60.477  0.491 0.0000000000
29123  12.371  -60.989  1.315 0.0000000000
29104  12.167  -61.772  1.957 0.0000000000
27927  12.698  -62.462  2.271 0.0000000000
26770  13.280  -63.276  2.473 0.0000000000
148327  14.168  -64.668  3.433 0.0000000000
25561  14.516  -64.249  2.817 0.0000000000
26768  15.025  -63.763  2.136 0.0000000000
26767  15.993  -63.714  2.120 0.0000000000
27959  15.591  -61.937  0.968 0.0000000000
27943  16.191  -62.565  1.160 0.0000000000
142419  16.737  -63.348  1.765 0.0000000000
153270  17.138  -63.140  1.528 0.0000000000
26797  17.620  -62.836  1.350 0.0000000000
26796  18.588  -62.110  1.107 0.0000000000
30317  16.922  -59.650  -2.804 0.0000000000
29170  17.762  -61.396  -1.683 0.0000000000
27994  18.160  -61.888  -0.768 0.0000000000
142852  18.902  -62.313  -0.604 0.0000000000
26818  19.566  -62.081  0.039 0.0000000000
27956  20.008  -62.377  -0.019 0.0000000000
27955  20.492  -62.160  0.406 0.0000000000
27975  21.212  -61.850  0.201 0.0000000000
29166  21.016  -61.564  -2.003 0.0000000000
29147  21.358  -61.960  -0.983 0.0000000000
30271  21.550  -61.070  -0.299 0.0000000000
128095  22.502  -60.644  -0.964 0.0000000000
1118  9.833  -91.995  -15.888 0.0000000000
1135  9.364  -91.375  -18.000 0.0000000000
1529  10.214  -91.346  -17.241 0.0000000000
1531  10.286  -90.658  -17.971 0.0000000000
1988  10.537  -89.700  -18.418 0.0000000000
1527  11.960  -90.502  -17.160 0.0000000000
149650  11.193  -89.428  -18.200 0.0000000000
2546  10.239  -88.401  -19.448 0.0000000000
3148  10.493  -87.809  -19.754 0.0000000000
3717  11.327  -86.831  -20.729 0.0000000000
145331  11.996  -86.402  -22.341 0.0000000000
3107  12.975  -87.726  -15.388 0.0000000000
3122  13.811  -87.818  -16.237 0.0000000000
3135  13.126  -87.616  -17.692 0.0000000000
3686  13.872  -86.498  -17.329 0.0000000000
154707  13.409  -86.898  -17.763 0.0000000000
3699  12.730  -86.814  -18.503 0.0000000000
3716  12.182  -86.276  -20.439 0.0000000000
127856  12.189  -86.242  -21.430 0.0000000000
127771  12.866  -86.102  -22.846 0.0000000000
127508  14.060  -85.698  -23.178 0.0000000000
128247  15.297  -85.155  -23.449 0.0000000000
127751  16.099  -84.320  -24.212 0.0000000000
127917  15.570  -84.293  -23.021 0.0000000000
145311  15.784  -83.740  -24.518 0.0000000000
127749  15.359  -83.537  -25.248 0.0000000000
145535  14.358  -83.466  -25.606 0.0000000000
145283  13.019  -83.658  -25.956 0.0000000000
145587  10.802  -84.260  -26.546 0.0000000000
4292  0.840  -84.637  -17.506 0.0000000000
4291  0.886  -85.560  -17.294 0.0000000000
4303  0.767  -85.080  -18.065 0.0000000000
4314  0.723  -85.364  -18.932 0.0000000000
131740  1.042  -85.576  -19.987 0.0000000000
5639  0.522  -83.293  -21.908 0.0000000000
4979  1.023  -84.939  -21.047 0.0000000000
4321  1.388  -86.052  -21.124 0.0000000000
4328  1.460  -85.749  -22.128 0.0000000000
146953  1.660  -86.283  -22.271 0.0000000000
134310  22.795  -58.869  -6.281 0.0000000000
32758  21.853  -58.722  -6.420 0.0000000000
32757  22.544  -58.256  -6.344 0.0000000000
33894  22.170  -57.097  -6.300 0.0000000000
146784  21.577  -56.474  -6.221 0.0000000000
36116  22.806  -55.726  -5.720 0.0000000000
36117  21.850  -55.653  -5.848 0.0000000000
37236  21.110  -55.074  -5.869 0.0000000000
37237  20.585  -54.428  -5.915 0.0000000000
38321  20.084  -53.764  -5.855 0.0000000000
148119  20.427  -53.023  -5.315 0.0000000000
6200  8.248  -81.935  -10.160 0.0000000000
6227  10.432  -81.769  -11.253 0.0000000000
6212  9.652  -81.556  -10.735 0.0000000000
6980  10.892  -81.060  -11.006 0.0000000000
7804  10.985  -80.599  -11.137 0.0000000000
7807  8.070  -80.681  -10.190 0.0000000000
150853  10.655  -79.962  -11.365 0.0000000000
8804  11.435  -80.007  -11.817 0.0000000000
8827  11.007  -79.854  -12.775 0.0000000000
7849  10.764  -80.017  -13.510 0.0000000000
7860  9.883  -79.672  -14.933 0.0000000000
6999  3.869  -82.271  -12.170 0.0000000000
7010  5.469  -81.622  -12.566 0.0000000000
7840  6.312  -81.320  -12.923 0.0000000000
7853  4.979  -80.716  -13.705 0.0000000000
7851  6.629  -80.718  -13.475 0.0000000000
149832  8.296  -79.662  -13.565 0.0000000000
8843  8.855  -79.091  -14.164 0.0000000000
8860  9.260  -79.269  -15.422 0.0000000000
136734  9.510  -80.158  -15.663 0.0000000000
7058  8.458  -81.025  -16.185 0.0000000000
7060  6.888  -81.716  -16.234 0.0000000000
6278  6.284  -82.477  -15.937 0.0000000000
7890  5.923  -80.115  -16.489 0.0000000000
6279  5.440  -82.374  -15.725 0.0000000000
135611  4.979  -83.083  -15.505 0.0000000000
132186  4.773  -83.836  -15.559 0.0000000000
4911  2.728  -83.834  -15.756 0.0000000000
154104  1.579  -84.247  -16.143 0.0000000000
9741  1.903  -78.281  -8.050 0.0000000000
9742  0.964  -77.930  -8.224 0.0000000000
10759  0.203  -77.239  -8.624 0.0000000000
11952  1.653  -75.881  -9.891 0.0000000000
11932  0.366  -76.499  -9.124 0.0000000000
10778  -1.059  -77.121  -9.535 0.0000000000
9786  -0.762  -77.865  -10.905 0.0000000000
10819  0.400  -78.149  -11.727 0.0000000000
10838  1.219  -78.138  -12.354 0.0000000000
14295  1.259  -73.911  -13.445 0.0000000000
14277  0.588  -74.104  -12.771 0.0000000000
130679  -0.434  -74.771  -12.827 0.0000000000
137818  -0.732  -75.902  -14.860 0.0000000000
13172  -0.577  -75.383  -13.349 0.0000000000
131389  -0.745  -75.479  -12.561 0.0000000000
10840  -0.706  -77.251  -12.767 0.0000000000
10857  0.591  -78.281  -13.075 0.0000000000
10875  1.620  -78.044  -13.797 0.0000000000
9838  2.219  -78.348  -14.754 0.0000000000
128539  1.567  -79.915  -14.881 0.0000000000
140654  1.968  -80.763  -15.273 0.0000000000
7879  -0.232  -80.464  -15.222 0.0000000000
7045  0.740  -81.185  -15.646 0.0000000000
7044  1.400  -81.528  -15.468 0.0000000000
5556  1.441  -83.040  -16.012 0.0000000000
5571  1.341  -83.762  -16.182 0.0000000000
154067  1.243  -84.065  -16.700 0.0000000000
132581  0.215  -83.277  -17.902 0.0000000000
6320  -0.240  -82.234  -19.271 0.0000000000
128422  -0.338  -81.328  -20.114 0.0000000000
8936  -0.323  -79.847  -20.713 0.0000000000
130867  -0.224  -80.692  -20.946 0.0000000000
7964  0.163  -80.845  -21.852 0.0000000000
154532  0.259  -79.557  -22.813 0.0000000000
9938  0.895  -78.904  -24.543 0.0000000000
148391  0.630  -75.752  -21.970 0.0000000000
13273  0.557  -75.428  -22.674 0.0000000000
13285  0.382  -75.816  -23.500 0.0000000000
12145  0.495  -76.202  -24.361 0.0000000000
14155  12.818  -74.349  -5.420 0.0000000000
15352  12.047  -73.590  -7.006 0.0000000000
14175  11.480  -73.973  -6.217 0.0000000000
131731  9.860  -74.207  -5.836 0.0000000000
13020  9.100  -75.083  -6.060 0.0000000000
14138  9.771  -73.926  -4.522 0.0000000000
130197  8.954  -74.545  -4.800 0.0000000000
13004  8.037  -75.411  -5.342 0.0000000000
13005  7.509  -75.467  -5.119 0.0000000000
13007  6.010  -75.371  -4.382 0.0000000000
12991  5.217  -75.423  -3.857 0.0000000000
140701  9.248  -71.764  -3.004 0.0000000000
16504  8.424  -72.144  -3.017 0.0000000000
16520  7.772  -72.966  -2.991 0.0000000000
17592  6.899  -71.523  -1.237 0.0000000000
16483  6.840  -72.331  -1.803 0.0000000000
15269  7.008  -73.089  -2.544 0.0000000000
14090  6.125  -74.292  -2.918 0.0000000000
14091  5.399  -74.271  -2.645 0.0000000000
14093  3.272  -74.337  -2.771 0.0000000000
15273  2.892  -73.896  -2.104 0.0000000000
15254  2.481  -73.367  -1.529 0.0000000000
16487  2.049  -72.777  -1.045 0.0000000000
16488  0.866  -72.768  -0.942 0.0000000000
16471  0.477  -72.000  -0.789 0.0000000000
23205  12.391  -66.443  -3.459 0.0000000000
23206  11.410  -66.463  -3.315 0.0000000000
132280  10.297  -66.007  -2.203 0.0000000000
24392  11.380  -65.205  -0.229 0.0000000000
150533  10.099  -65.307  -0.986 0.0000000000
23175  9.194  -65.894  -2.051 0.0000000000
23165  7.760  -66.901  -0.057 0.0000000000
23146  7.129  -66.885  0.381 0.0000000000
129886  5.603  -67.550  1.004 0.0000000000
26800  7.821  -63.820  0.382 0.0000000000
135841  6.868  -63.729  0.670 0.0000000000
25577  6.883  -64.626  1.287 0.0000000000
139010  4.464  -63.757  0.983 0.0000000000
137578  6.069  -64.713  1.418 0.0000000000
24366  6.624  -65.455  1.426 0.0000000000
23148  6.121  -66.148  1.330 0.0000000000
21946  5.631  -66.714  1.276 0.0000000000
128697  4.632  -67.897  1.169 0.0000000000
21947  3.900  -68.140  1.123 0.0000000000
21948  3.120  -67.924  1.020 0.0000000000
20794  2.407  -68.509  0.579 0.0000000000
20795  1.118  -68.268  0.386 0.0000000000
20807  0.008  -68.738  0.127 0.0000000000
32759  20.765  -58.812  -6.458 0.0000000000
131673  19.825  -58.852  -6.408 0.0000000000
131671  18.163  -59.063  -6.315 0.0000000000
147263  18.893  -57.727  -6.460 0.0000000000
32761  18.559  -58.281  -6.419 0.0000000000
131548  17.188  -58.918  -6.362 0.0000000000
31576  15.637  -59.322  -6.392 0.0000000000
31556  14.212  -59.137  -5.847 0.0000000000
36097  17.988  -54.826  -6.108 0.0000000000
35008  16.805  -55.712  -6.000 0.0000000000
33877  15.773  -56.340  -6.228 0.0000000000
35010  14.450  -55.788  -5.406 0.0000000000
140689  15.006  -56.343  -5.884 0.0000000000
33901  15.289  -57.125  -6.240 0.0000000000
135785  13.963  -57.673  -5.677 0.0000000000
32744  13.481  -58.536  -5.449 0.0000000000
135806  12.121  -59.006  -4.802 0.0000000000
32726  10.739  -58.767  -4.247 0.0000000000
32709  9.480  -58.436  -3.667 0.0000000000
32689  8.202  -58.045  -2.889 0.0000000000
33836  6.966  -57.570  -1.814 0.0000000000
33822  6.482  -56.771  -0.942 0.0000000000
133195  8.767  -94.063  -17.110 0.0000000000
241  8.378  -93.861  -15.690 0.0000000000
255  8.349  -93.881  -16.550 0.0000000000
748  8.252  -93.210  -16.503 0.0000000000
740  8.526  -92.667  -15.679 0.0000000000
734  8.266  -92.246  -15.265 0.0000000000
718  5.887  -92.050  -12.699 0.0000000000
725  5.294  -92.563  -13.044 0.0000000000
1095  4.404  -91.459  -14.144 0.0000000000
726  4.730  -92.177  -13.944 0.0000000000
729  5.313  -92.673  -14.547 0.0000000000
735  6.298  -92.548  -15.521 0.0000000000
733  9.150  -92.144  -15.432 0.0000000000
1108  8.882  -91.535  -15.290 0.0000000000
1505  9.533  -90.758  -15.380 0.0000000000
1969  8.811  -89.830  -15.786 0.0000000000
1975  6.017  -89.833  -17.023 0.0000000000
2525  7.511  -89.097  -16.266 0.0000000000
135974  9.008  -88.921  -15.874 0.0000000000
153958  8.861  -88.263  -15.977 0.0000000000
154734  8.245  -87.716  -15.768 0.0000000000
3670  8.260  -87.133  -15.336 0.0000000000
147549  1.164  -89.687  -14.528 0.0000000000
3117  1.843  -88.378  -15.130 0.0000000000
3116  2.524  -87.911  -15.385 0.0000000000
3097  1.103  -87.408  -13.649 0.0000000000
3100  2.728  -87.156  -14.731 0.0000000000
3674  4.154  -87.037  -15.259 0.0000000000
153981  5.769  -86.644  -15.156 0.0000000000
155012  6.745  -86.415  -15.094 0.0000000000
3653  7.876  -86.257  -14.859 0.0000000000
4264  8.378  -85.597  -14.481 0.0000000000
4905  8.054  -84.837  -14.208 0.0000000000
4894  7.873  -84.113  -14.014 0.0000000000
4897  5.532  -84.478  -13.651 0.0000000000
4896  6.387  -84.181  -13.519 0.0000000000
5545  7.693  -83.606  -13.459 0.0000000000
5535  7.406  -83.093  -12.677 0.0000000000
5519  7.203  -82.833  -11.741 0.0000000000
136222  6.989  -82.836  -10.907 0.0000000000
188  1.916  -93.636  -6.935 0.0000000000
386  1.244  -92.459  -7.714 0.0000000000
1051  1.231  -91.335  -8.250 0.0000000000
42  0.717  -95.005  -1.786 0.0000000000
50  0.867  -94.817  -2.723 0.0000000000
350  0.231  -93.568  -3.546 0.0000000000
356  0.522  -93.749  -4.201 0.0000000000
128637  0.750  -93.822  -4.749 0.0000000000
667  1.247  -92.731  -6.447 0.0000000000
1041  1.575  -91.401  -7.302 0.0000000000
1903  1.589  -89.810  -8.985 0.0000000000
2445  2.641  -88.508  -9.343 0.0000000000
3060  3.167  -87.078  -10.107 0.0000000000
2430  3.619  -88.163  -7.820 0.0000000000
3602  3.981  -86.671  -9.638 0.0000000000
4227  4.418  -85.135  -10.557 0.0000000000
5503  5.579  -83.887  -10.536 0.0000000000
5502  6.326  -83.250  -10.523 0.0000000000
5501  7.086  -82.703  -10.100 0.0000000000
6201  6.987  -82.351  -9.463 0.0000000000
6185  6.723  -81.999  -9.016 0.0000000000
6956  5.729  -81.838  -8.625 0.0000000000
5466  4.628  -83.465  -7.648 0.0000000000
6173  4.164  -83.044  -7.722 0.0000000000
6957  4.938  -81.901  -8.573 0.0000000000
133556  3.224  -82.236  -9.192 0.0000000000
6203  2.430  -82.597  -9.638 0.0000000000
5504  1.795  -83.316  -10.352 0.0000000000
2391  -0.159  -89.095  -4.937 0.0000000000
3018  0.475  -87.770  -6.987 0.0000000000
3583  0.022  -87.243  -8.020 0.0000000000
3560  -1.263  -87.218  -5.640 0.0000000000
3584  -0.700  -87.157  -7.651 0.0000000000
3590  -0.450  -86.720  -8.541 0.0000000000
4219  0.460  -85.722  -9.653 0.0000000000
4846  0.057  -85.218  -10.370 0.0000000000
4859  -0.065  -84.550  -10.945 0.0000000000
4860  -0.641  -84.081  -11.085 0.0000000000
131772  -1.133  -83.467  -9.758 0.0000000000
134705  -0.526  -82.063  -8.510 0.0000000000
5451  -0.229  -83.171  -6.294 0.0000000000
6163  -0.140  -82.415  -6.731 0.0000000000
6945  -0.085  -81.705  -7.057 0.0000000000
7761  0.774  -80.672  -6.797 0.0000000000
7760  1.639  -80.415  -6.692 0.0000000000
144436  3.123  -80.295  -6.346 0.0000000000
2338  0.051  -88.612  1.821 0.0000000000
2325  1.533  -88.777  2.230 0.0000000000
2324  2.684  -88.907  2.466 0.0000000000
3488  1.594  -86.825  1.410 0.0000000000
2915  2.532  -88.086  2.322 0.0000000000
2323  3.248  -89.009  2.292 0.0000000000
2349  3.778  -88.799  1.086 0.0000000000
2958  3.757  -87.838  -0.592 0.0000000000
2968  3.793  -87.291  -1.185 0.0000000000
6077  2.496  -82.738  -0.758 0.0000000000
5375  2.440  -83.611  0.946 0.0000000000
4715  3.254  -84.988  2.084 0.0000000000
4713  4.181  -84.174  2.467 0.0000000000
4101  4.506  -84.816  2.189 0.0000000000
4084  4.093  -85.734  2.185 0.0000000000
140119  4.430  -86.690  0.323 0.0000000000
134173  4.349  -86.508  -1.223 0.0000000000
3528  3.005  -86.473  -2.529 0.0000000000
4154  3.373  -85.779  -3.025 0.0000000000
4166  3.090  -84.831  -4.017 0.0000000000
5439  3.056  -83.749  -4.843 0.0000000000
129728  5.134  -83.966  -3.866 0.0000000000
5438  4.599  -83.987  -4.615 0.0000000000
5448  3.403  -83.108  -5.288 0.0000000000
6926  3.293  -81.742  -5.853 0.0000000000
6935  3.698  -80.984  -6.101 0.0000000000
8735  3.616  -79.497  -6.651 0.0000000000
8734  4.581  -79.442  -6.683 0.0000000000
148981  5.971  -79.198  -6.647 0.0000000000
134459  7.068  -78.901  -7.246 0.0000000000
7749  6.880  -80.178  -5.818 0.0000000000
8747  7.576  -79.138  -6.672 0.0000000000
9715  7.920  -78.803  -7.255 0.0000000000
9714  8.790  -78.715  -7.268 0.0000000000
9734  9.975  -78.582  -8.079 0.0000000000
147204  10.689  -78.547  -8.182 0.0000000000
6093  8.642  -81.865  -1.387 0.0000000000
6893  9.250  -81.082  -3.156 0.0000000000
7714  9.689  -80.986  -3.825 0.0000000000
6892  10.630  -81.274  -3.536 0.0000000000
7730  10.266  -80.853  -4.403 0.0000000000
7746  10.038  -80.381  -5.264 0.0000000000
8728  10.409  -79.216  -6.528 0.0000000000
9712  10.971  -78.861  -7.510 0.0000000000
10755  11.347  -78.013  -8.639 0.0000000000
146272  12.159  -77.610  -8.694 0.0000000000
11922  12.824  -76.836  -8.907 0.0000000000
11921  13.530  -76.705  -8.504 0.0000000000
9710  13.591  -78.823  -7.109 0.0000000000
10753  14.051  -77.292  -7.950 0.0000000000
11920  14.071  -76.329  -8.084 0.0000000000
13057  14.276  -75.665  -7.561 0.0000000000
14189  14.216  -74.888  -6.992 0.0000000000
14172  13.912  -74.656  -6.185 0.0000000000
14058  0.728  -74.917  0.884 0.0000000000
16440  0.557  -72.677  1.936 0.0000000000
14041  1.460  -74.214  1.359 0.0000000000
14057  2.062  -74.879  0.807 0.0000000000
14056  3.253  -74.853  0.711 0.0000000000
12931  3.831  -75.326  0.032 0.0000000000
12930  4.920  -75.335  0.013 0.0000000000
24318  2.658  -64.904  3.692 0.0000000000
27932  7.399  -61.992  2.639 0.0000000000
27912  7.044  -62.614  3.150 0.0000000000
144977  5.686  -63.538  3.796 0.0000000000
25512  6.595  -64.561  4.362 0.0000000000
25513  5.619  -64.409  4.248 0.0000000000
26730  4.867  -63.886  3.862 0.0000000000
25540  3.999  -64.161  3.790 0.0000000000
148358  3.319  -65.613  4.061 0.0000000000
23074  2.275  -65.654  3.587 0.0000000000
21880  2.777  -67.746  3.792 0.0000000000
19686  2.407  -69.169  3.510 0.0000000000
128349  2.907  -71.066  3.595 0.0000000000
18610  4.419  -70.704  4.470 0.0000000000
17550  4.172  -71.456  4.319 0.0000000000
16414  3.359  -72.257  3.542 0.0000000000
15200  4.384  -73.437  2.472 0.0000000000
14054  5.382  -74.815  0.631 0.0000000000
12929  5.946  -75.223  -0.077 0.0000000000
12943  6.419  -75.764  -0.668 0.0000000000
12942  7.270  -75.860  -0.557 0.0000000000
11798  7.980  -76.015  -0.334 0.0000000000
15215  8.138  -73.596  1.793 0.0000000000
14051  8.096  -74.640  0.618 0.0000000000
11797  8.622  -76.460  0.114 0.0000000000
11796  9.360  -76.708  0.477 0.0000000000
10624  10.379  -77.552  0.165 0.0000000000
10645  11.026  -77.967  0.211 0.0000000000
17531  9.277  -71.339  5.185 0.0000000000
16398  9.513  -72.489  4.893 0.0000000000
15167  10.065  -72.952  4.444 0.0000000000
15182  11.466  -73.843  4.185 0.0000000000
14008  10.941  -74.307  3.552 0.0000000000
14022  10.416  -74.723  2.900 0.0000000000
11759  11.141  -76.246  2.277 0.0000000000
10623  11.751  -77.735  0.920 0.0000000000
9625  12.567  -78.311  -1.543 0.0000000000
9643  13.536  -77.978  -2.696 0.0000000000
10683  13.878  -77.160  -3.044 0.0000000000
10641  14.444  -76.542  -0.763 0.0000000000
10682  14.353  -76.460  -2.461 0.0000000000
11872  14.241  -76.562  -4.443 0.0000000000
131499  14.112  -76.131  -4.925 0.0000000000
132788  14.063  -75.580  -5.316 0.0000000000
14154  13.490  -74.668  -5.532 0.0000000000
144038  13.129  -74.793  -4.950 0.0000000000
140027  12.579  -75.143  -3.753 0.0000000000
12988  11.724  -75.364  -3.034 0.0000000000
14073  12.177  -75.217  -1.011 0.0000000000
12956  11.442  -75.226  -1.956 0.0000000000
14075  10.452  -75.100  -1.983 0.0000000000
151452  10.095  -74.609  -1.158 0.0000000000
16481  10.781  -72.772  -0.587 0.0000000000
17589  11.275  -71.907  -0.488 0.0000000000
15193  15.901  -73.032  2.764 0.0000000000
15212  15.533  -73.249  2.101 0.0000000000
130830  15.454  -72.727  0.858 0.0000000000
16449  17.184  -72.440  0.463 0.0000000000
141314  14.629  -72.533  0.512 0.0000000000
17576  12.678  -71.954  -0.404 0.0000000000
17588  12.101  -71.493  -0.916 0.0000000000
17601  12.855  -70.979  -1.700 0.0000000000
18694  13.482  -70.617  -2.247 0.0000000000
18693  14.226  -70.807  -2.687 0.0000000000
17619  15.447  -71.888  -2.974 0.0000000000
17620  14.998  -71.203  -3.231 0.0000000000
18713  14.536  -70.545  -3.430 0.0000000000
19770  14.179  -69.826  -3.586 0.0000000000
19781  14.576  -69.354  -4.265 0.0000000000
135703  15.211  -69.079  -4.937 0.0000000000
24315  15.180  -65.610  3.424 0.0000000000
23090  15.552  -66.511  3.330 0.0000000000
21895  16.187  -67.521  2.048 0.0000000000
24313  16.850  -65.557  3.332 0.0000000000
23116  16.787  -67.069  2.819 0.0000000000
21922  16.422  -67.563  0.879 0.0000000000
143463  16.622  -67.677  0.204 0.0000000000
21958  16.427  -67.969  -0.408 0.0000000000
140467  17.090  -68.402  -1.217 0.0000000000
24334  19.905  -64.752  2.503 0.0000000000
24351  19.928  -65.737  2.311 0.0000000000
23130  19.812  -66.661  2.014 0.0000000000
23145  20.973  -66.809  0.768 0.0000000000
21919  19.645  -67.456  1.489 0.0000000000
21939  19.360  -67.932  0.691 0.0000000000
21956  19.029  -68.146  -0.068 0.0000000000
20801  18.194  -68.233  -1.498 0.0000000000
20813  17.591  -68.530  -2.264 0.0000000000
19752  17.407  -68.996  -2.934 0.0000000000
127545  17.903  -70.511  -4.101 0.0000000000
19768  19.673  -68.728  -4.194 0.0000000000
127544  18.464  -70.039  -4.610 0.0000000000
130463  17.876  -70.621  -4.885 0.0000000000
18728  16.530  -70.675  -5.607 0.0000000000
19789  16.251  -69.870  -5.748 0.0000000000
20868  15.873  -68.863  -5.677 0.0000000000
20867  16.428  -68.370  -6.237 0.0000000000
22031  16.581  -67.694  -6.451 0.0000000000
23250  16.789  -66.985  -6.739 0.0000000000
128028  19.344  -67.431  -6.510 0.0000000000
23249  17.657  -66.844  -7.014 0.0000000000
150544  17.787  -66.184  -7.067 0.0000000000
24458  18.326  -65.677  -6.839 0.0000000000
25662  17.997  -64.893  -6.330 0.0000000000
23202  23.665  -66.716  -3.019 0.0000000000
24423  23.834  -66.671  -3.956 0.0000000000
24439  22.175  -66.106  -4.448 0.0000000000
24438  23.508  -66.498  -5.003 0.0000000000
24440  21.254  -65.695  -4.796 0.0000000000
25649  20.912  -64.999  -5.097 0.0000000000
25650  20.132  -64.774  -5.531 0.0000000000
138464  19.510  -63.978  -5.620 0.0000000000
26892  20.143  -63.152  -5.515 0.0000000000
28051  20.963  -62.562  -5.611 0.0000000000
28049  22.888  -62.873  -5.695 0.0000000000
29227  22.511  -62.134  -5.770 0.0000000000
29228  21.613  -61.930  -5.825 0.0000000000
29247  22.289  -61.215  -5.972 0.0000000000
30373  22.698  -60.343  -6.075 0.0000000000
31569  23.153  -59.563  -6.096 0.0000000000
145462  23.487  -58.912  -0.285 0.0000000000
128005  23.875  -59.088  0.575 0.0000000000
31434  24.533  -59.692  0.864 0.0000000000
30246  25.345  -60.173  0.599 0.0000000000
130435  25.470  -59.150  0.557 0.0000000000
30270  25.838  -60.774  -0.220 0.0000000000
30292  26.231  -61.293  -1.237 0.0000000000
138324  26.577  -60.679  -1.999 0.0000000000
32635  26.897  -57.616  -0.527 0.0000000000
31471  26.763  -59.524  -1.868 0.0000000000
30313  26.540  -61.030  -2.906 0.0000000000
30330  26.564  -60.765  -3.818 0.0000000000
154389  26.439  -60.327  -4.365 0.0000000000
30340  26.155  -59.850  -4.809 0.0000000000
129350  26.690  -58.403  -3.906 0.0000000000
31534  26.498  -59.029  -4.361 0.0000000000
30358  25.466  -60.299  -5.373 0.0000000000
130455  24.779  -59.902  -5.617 0.0000000000
31568  24.037  -59.527  -5.845 0.0000000000
140682  23.585  -58.884  -6.058 0.0000000000
32755  24.048  -58.322  -5.879 0.0000000000
132141  24.827  -57.082  -5.510 0.0000000000
35006  25.138  -56.339  -5.345 0.0000000000
36077  27.002  -55.028  -4.431 0.0000000000
36078  26.142  -55.461  -4.770 0.0000000000
146653  25.548  -54.929  -5.023 0.0000000000
463  12.207  -93.101  -20.415 0.0000000000
472  12.807  -93.113  -21.094 0.0000000000
784  11.885  -92.114  -22.572 0.0000000000
479  13.207  -92.609  -22.008 0.0000000000
1532  8.804  -90.964  -18.903 0.0000000000
1536  8.528  -90.741  -19.754 0.0000000000
1544  8.136  -90.461  -21.500 0.0000000000
2010  9.178  -89.197  -21.372 0.0000000000
2011  8.563  -89.827  -21.906 0.0000000000
127963  8.221  -90.514  -22.400 0.0000000000
127921  8.574  -90.261  -23.330 0.0000000000
127924  9.247  -90.173  -24.703 0.0000000000
1573  10.133  -90.170  -25.434 0.0000000000
145421  11.882  -86.704  -24.068 0.0000000000
127503  11.729  -86.975  -24.898 0.0000000000
145478  11.065  -87.588  -25.153 0.0000000000
128067  11.832  -86.992  -27.355 0.0000000000
127939  11.190  -87.918  -26.021 0.0000000000
127901  10.450  -88.264  -25.451 0.0000000000
128311  9.999  -88.971  -26.129 0.0000000000
128214  10.523  -89.187  -26.245 0.0000000000
1580  11.478  -89.853  -26.170 0.0000000000
2041  12.166  -89.455  -26.497 0.0000000000
2040  13.043  -89.534  -26.493 0.0000000000
133031  14.024  -89.018  -27.396 0.0000000000
2056  13.680  -88.554  -27.867 0.0000000000
2055  14.468  -88.634  -27.776 0.0000000000
2054  15.234  -88.535  -27.603 0.0000000000
2053  15.981  -88.389  -27.565 0.0000000000
3779  16.603  -86.364  -31.151 0.0000000000
3790  13.817  -85.598  -32.132 0.0000000000
4398  13.961  -85.346  -32.527 0.0000000000
138644  11.132  -82.066  -11.517 0.0000000000
5514  13.379  -82.777  -11.687 0.0000000000
5529  14.281  -82.946  -12.470 0.0000000000
131886  13.798  -81.260  -12.900 0.0000000000
6246  14.777  -82.016  -14.038 0.0000000000
5541  14.822  -82.638  -13.909 0.0000000000
6273  15.177  -82.208  -15.992 0.0000000000
127536  15.136  -81.981  -17.122 0.0000000000
7090  14.358  -81.918  -18.714 0.0000000000
148685  10.550  -83.544  -15.586 0.0000000000
5564  11.841  -83.911  -15.794 0.0000000000
143051  12.362  -83.448  -16.542 0.0000000000
4945  10.560  -84.584  -17.939 0.0000000000
133345  11.815  -83.586  -17.863 0.0000000000
6289  12.767  -82.228  -18.010 0.0000000000
7081  13.328  -81.876  -18.575 0.0000000000
7091  13.924  -81.882  -19.123 0.0000000000
6312  13.935  -82.310  -19.983 0.0000000000
145505  13.538  -82.737  -21.516 0.0000000000
147634  12.611  -83.133  -21.990 0.0000000000
145270  12.212  -83.421  -22.721 0.0000000000
145306  10.368  -84.429  -22.816 0.0000000000
127758  11.234  -83.879  -23.212 0.0000000000
145504  11.282  -83.976  -24.025 0.0000000000
145589  11.165  -84.052  -24.812 0.0000000000
145545  10.973  -84.058  -25.647 0.0000000000
145282  9.949  -84.778  -26.774 0.0000000000
3691  2.027  -86.799  -17.439 0.0000000000
3130  2.860  -87.358  -17.610 0.0000000000
3129  3.785  -88.036  -17.873 0.0000000000
1993  2.672  -89.023  -18.852 0.0000000000
2542  3.781  -89.022  -18.296 0.0000000000
2541  4.739  -88.725  -18.265 0.0000000000
2548  5.927  -89.384  -19.257 0.0000000000
1998  6.576  -89.269  -19.874 0.0000000000
127796  6.874  -88.998  -20.697 0.0000000000
138139  4.704  -89.410  -22.455 0.0000000000
2577  5.181  -88.278  -24.040 0.0000000000
2019  4.924  -89.655  -23.070 0.0000000000
1550  5.122  -90.044  -22.683 0.0000000000
128027  5.790  -89.936  -22.230 0.0000000000
145418  6.574  -89.371  -22.321 0.0000000000
127759  6.904  -88.612  -22.454 0.0000000000
145299  7.413  -87.466  -23.095 0.0000000000
145319  7.539  -87.129  -23.813 0.0000000000
145334  7.810  -86.949  -24.748 0.0000000000
145578  7.368  -88.042  -26.133 0.0000000000
127781  7.840  -87.187  -25.772 0.0000000000
145575  8.313  -86.461  -25.371 0.0000000000
145595  8.918  -85.744  -26.367 0.0000000000
145596  9.231  -85.378  -26.960 0.0000000000
145522  9.617  -84.986  -27.693 0.0000000000
145485  8.977  -85.692  -28.948 0.0000000000
145470  9.020  -85.531  -29.367 0.0000000000
3786  8.712  -84.622  -30.494 0.0000000000
3787  7.852  -85.192  -29.957 0.0000000000
4390  7.983  -84.641  -30.363 0.0000000000
4403  8.970  -83.921  -31.442 0.0000000000
5729  8.746  -82.706  -32.141 0.0000000000
6422  8.447  -81.720  -32.289 0.0000000000
6403  4.862  -82.489  -28.959 0.0000000000
7202  5.752  -82.052  -29.966 0.0000000000
15375  11.474  -73.738  -7.804 0.0000000000
14208  10.057  -74.470  -8.539 0.0000000000
133802  8.736  -74.683  -9.410 0.0000000000
13075  7.532  -75.562  -7.898 0.0000000000
14228  7.753  -74.708  -9.348 0.0000000000
14227  8.231  -74.019  -10.183 0.0000000000
15426  6.630  -73.463  -10.616 0.0000000000
15444  6.230  -72.919  -11.247 0.0000000000
16600  4.628  -72.585  -11.825 0.0000000000
11899  3.867  -76.092  -6.232 0.0000000000
13044  3.969  -75.940  -6.908 0.0000000000
13079  3.892  -74.858  -8.139 0.0000000000
139491  2.535  -74.520  -8.271 0.0000000000
14215  3.314  -74.492  -8.519 0.0000000000
14214  4.168  -74.455  -8.726 0.0000000000
139517  4.335  -73.394  -10.310 0.0000000000
16584  4.083  -72.960  -11.006 0.0000000000
151780  4.161  -72.414  -12.440 0.0000000000
16628  3.288  -72.097  -13.640 0.0000000000
17739  2.847  -71.718  -14.407 0.0000000000
17754  1.355  -71.185  -15.194 0.0000000000
17741  0.115  -71.211  -14.245 0.0000000000
18826  0.485  -70.972  -14.984 0.0000000000
18843  0.925  -70.665  -15.751 0.0000000000
19936  1.290  -69.513  -16.804 0.0000000000
141064  1.271  -68.677  -17.117 0.0000000000
21033  1.413  -68.006  -17.830 0.0000000000
20915  -0.107  -68.653  -10.539 0.0000000000
20943  -0.293  -67.759  -12.227 0.0000000000
22112  -0.071  -66.643  -13.231 0.0000000000
23337  0.977  -65.738  -13.248 0.0000000000
134303  0.699  -65.755  -13.847 0.0000000000
22123  0.134  -66.657  -14.049 0.0000000000
22139  0.829  -67.260  -15.858 0.0000000000
22154  1.284  -66.887  -16.559 0.0000000000
22182  2.111  -66.923  -18.715 0.0000000000
23429  3.045  -66.521  -19.044 0.0000000000
22196  3.293  -66.963  -19.777 0.0000000000
22217  4.378  -66.677  -20.806 0.0000000000
23444  4.402  -65.228  -20.489 0.0000000000
22264  5.727  -67.112  -23.725 0.0000000000
21134  6.008  -67.570  -24.479 0.0000000000
23  0.523  -95.130  0.067 0.0000000000
33  -0.239  -94.662  -0.563 0.0000000000
41  1.451  -95.137  -1.296 0.0000000000
43  -0.023  -94.562  -1.376 0.0000000000
59  2.289  -95.112  -3.493 0.0000000000
61  0.707  -94.321  -3.532 0.0000000000
68  1.264  -94.474  -4.079 0.0000000000
121  -1.272  -93.944  2.441 0.0000000000
128  -1.154  -94.276  1.599 0.0000000000
140  -0.940  -94.178  -0.284 0.0000000000
148  -0.058  -94.157  -3.057 0.0000000000
149  -0.358  -93.967  -2.519 0.0000000000
153  0.025  -93.903  -3.692 0.0000000000
154  -0.209  -93.828  -3.021 0.0000000000
161  1.154  -94.207  -4.823 0.0000000000
162  0.541  -94.035  -4.272 0.0000000000
167  1.728  -94.167  -5.552 0.0000000000
177  2.324  -94.153  -6.357 0.0000000000
179  0.988  -93.213  -5.770 0.0000000000
240  8.702  -94.127  -15.031 0.0000000000
247  8.663  -94.065  -16.389 0.0000000000
269  9.059  -93.581  -18.751 0.0000000000
316  -1.014  -93.912  3.987 0.0000000000
321  -1.425  -93.141  2.580 0.0000000000
341  -0.377  -93.455  -1.450 0.0000000000
345  -0.382  -93.751  -2.162 0.0000000000
361  0.913  -93.397  -4.977 0.0000000000
368  1.157  -93.162  -6.919 0.0000000000
369  0.936  -92.961  -6.568 0.0000000000
375  1.717  -93.196  -7.518 0.0000000000
376  1.022  -92.889  -7.313 0.0000000000
433  6.137  -93.144  -14.182 0.0000000000
439  5.993  -92.787  -14.959 0.0000000000
442  8.280  -93.388  -15.829 0.0000000000
444  8.380  -93.563  -17.396 0.0000000000
465  10.674  -93.050  -20.403 0.0000000000
468  8.165  -92.384  -20.001 0.0000000000
473  11.923  -93.072  -21.116 0.0000000000
593  -1.197  -92.467  2.697 0.0000000000
598  -0.019  -92.543  1.524 0.0000000000
599  -0.889  -92.696  1.818 0.0000000000
626  0.270  -92.702  -2.119 0.0000000000
636  0.581  -92.936  -2.915 0.0000000000
646  1.125  -93.074  -4.692 0.0000000000
658  0.992  -93.017  -5.726 0.0000000000
666  1.946  -92.468  -5.984 0.0000000000
683  1.188  -92.206  -8.458 0.0000000000
692  2.595  -92.606  -9.331 0.0000000000
693  1.556  -92.231  -9.240 0.0000000000
694  0.971  -91.780  -9.152 0.0000000000
703  2.036  -92.241  -9.967 0.0000000000
711  2.237  -91.971  -11.176 0.0000000000
737  4.766  -92.025  -15.984 0.0000000000
741  7.987  -92.881  -15.325 0.0000000000
761  7.975  -92.235  -19.353 0.0000000000
767  7.926  -91.960  -20.817 0.0000000000
773  8.973  -92.264  -21.665 0.0000000000
775  8.151  -91.843  -21.529 0.0000000000
787  8.591  -91.778  -22.162 0.0000000000
794  10.562  -91.231  -23.248 0.0000000000
802  10.931  -90.177  -23.433 0.0000000000
964  2.313  -91.858  2.006 0.0000000000
965  1.765  -92.062  1.635 0.0000000000
976  0.572  -91.621  -0.065 0.0000000000
991  0.790  -92.044  -2.276 0.0000000000
992  0.181  -91.498  -1.721 0.0000000000
1007  2.230  -92.090  -3.839 0.0000000000
1018  2.439  -92.284  -5.008 0.0000000000
1029  1.817  -91.950  -6.565 0.0000000000
1030  1.524  -92.114  -7.030 0.0000000000
1042  1.222  -92.003  -7.845 0.0000000000
1052  0.998  -91.751  -8.584 0.0000000000
1066  1.711  -91.933  -10.604 0.0000000000
1067  1.167  -91.371  -10.535 0.0000000000
1107  9.756  -91.611  -15.488 0.0000000000
1111  4.047  -91.599  -15.646 0.0000000000
1112  3.419  -90.997  -16.048 0.0000000000
1119  9.102  -92.432  -16.170 0.0000000000
1120  6.933  -91.301  -16.303 0.0000000000
1122  5.026  -91.544  -16.660 0.0000000000
1130  10.440  -91.578  -16.457 0.0000000000
1137  7.967  -92.014  -18.921 0.0000000000
1143  7.967  -91.375  -20.231 0.0000000000
1145  7.973  -91.482  -21.351 0.0000000000
1148  8.547  -91.153  -22.798 0.0000000000
1164  13.392  -91.139  -24.391 0.0000000000
1168  9.969  -90.965  -24.292 0.0000000000
1169  9.327  -90.650  -24.155 0.0000000000
1173  12.698  -91.074  -24.640 0.0000000000
1175  10.446  -90.541  -24.798 0.0000000000
1337  3.475  -89.721  1.960 0.0000000000
1340  0.394  -90.767  2.608 0.0000000000
1350  2.723  -91.388  2.034 0.0000000000
1366  2.946  -90.466  0.619 0.0000000000
1403  2.254  -89.994  -3.313 0.0000000000
1418  2.148  -91.109  -6.430 0.0000000000
1428  1.668  -90.655  -7.736 0.0000000000
1436  1.355  -90.638  -8.683 0.0000000000
1456  0.884  -90.726  -10.399 0.0000000000
1461  3.687  -90.958  -12.120 0.0000000000
1476  0.983  -89.794  -12.502 0.0000000000
1486  1.473  -90.045  -14.309 0.0000000000
1487  1.025  -89.746  -13.654 0.0000000000
1502  12.112  -90.306  -16.010 0.0000000000
1504  10.504  -91.208  -15.542 0.0000000000
1506  8.474  -90.701  -15.595 0.0000000000
1510  1.777  -89.695  -15.449 0.0000000000
1517  12.286  -90.341  -16.740 0.0000000000
1518  11.715  -90.874  -16.545 0.0000000000
1521  5.338  -90.649  -17.088 0.0000000000
1523  2.994  -90.306  -16.351 0.0000000000
1528  11.181  -91.148  -17.071 0.0000000000
1537  4.717  -90.226  -19.664 0.0000000000
1538  4.156  -90.090  -19.950 0.0000000000
1540  7.912  -91.105  -21.064 0.0000000000
1541  5.324  -90.334  -20.067 0.0000000000
1543  4.235  -89.922  -20.717 0.0000000000
1545  4.861  -90.089  -21.191 0.0000000000
1549  8.080  -90.886  -22.277 0.0000000000
1551  4.751  -89.885  -21.976 0.0000000000
1563  8.881  -90.322  -24.010 0.0000000000
1564  5.810  -89.583  -23.973 0.0000000000
1565  5.230  -89.348  -23.711 0.0000000000
1574  5.939  -89.253  -24.623 0.0000000000
1581  10.582  -89.832  -26.049 0.0000000000
1791  2.789  -89.827  2.374 0.0000000000
1792  1.895  -89.653  2.496 0.0000000000
1826  0.265  -89.295  -1.298 0.0000000000
1828  -0.718  -89.533  -1.831 0.0000000000
1837  -0.891  -89.683  -2.208 0.0000000000
1850  -0.064  -89.969  -3.382 0.0000000000
1861  2.945  -88.790  -4.781 0.0000000000
1862  2.751  -89.341  -4.117 0.0000000000
1877  3.113  -89.662  -6.136 0.0000000000
1882  2.838  -89.540  -7.104 0.0000000000
1889  2.309  -89.490  -8.103 0.0000000000
1890  1.751  -90.117  -8.243 0.0000000000
1902  1.813  -89.089  -9.449 0.0000000000
1913  0.894  -90.029  -10.251 0.0000000000
1919  0.914  -88.757  -11.133 0.0000000000
1936  2.679  -90.315  -13.505 0.0000000000
1937  0.813  -88.828  -12.910 0.0000000000
1958  4.411  -89.667  -14.053 0.0000000000
1959  3.736  -89.758  -14.326 0.0000000000
1960  1.283  -89.510  -14.927 0.0000000000
1967  10.943  -89.316  -15.517 0.0000000000
1968  9.562  -89.751  -15.574 0.0000000000
1973  13.122  -89.489  -16.431 0.0000000000
1976  4.361  -90.238  -17.106 0.0000000000
1978  2.710  -89.816  -16.495 0.0000000000
1981  12.708  -89.857  -17.064 0.0000000000
1987  11.551  -88.646  -18.367 0.0000000000
1990  5.137  -89.512  -18.807 0.0000000000
1991  4.290  -89.550  -18.688 0.0000000000
1992  3.395  -89.399  -18.874 0.0000000000
1995  10.025  -89.143  -19.126 0.0000000000
1996  9.411  -89.495  -19.602 0.0000000000
1997  8.765  -89.918  -20.080 0.0000000000
1999  5.291  -90.040  -19.433 0.0000000000
2001  3.519  -89.621  -19.671 0.0000000000
2008  3.044  -89.286  -20.268 0.0000000000
2014  4.739  -89.759  -22.489 0.0000000000
2015  4.425  -89.536  -21.872 0.0000000000
2016  4.181  -89.043  -21.698 0.0000000000
2025  5.168  -88.737  -24.197 0.0000000000
2031  5.799  -89.080  -25.216 0.0000000000
2032  5.244  -88.718  -24.978 0.0000000000
2042  6.960  -88.985  -26.192 0.0000000000
2043  6.310  -89.035  -26.012 0.0000000000
2337  3.639  -88.572  2.043 0.0000000000
2358  3.477  -89.087  0.138 0.0000000000
2368  2.311  -88.476  -1.137 0.0000000000
2370  -0.839  -88.480  -2.010 0.0000000000
2371  -1.170  -89.111  -2.116 0.0000000000
2389  2.301  -88.729  -4.346 0.0000000000
2390  1.247  -89.007  -4.307 0.0000000000
2392  -1.054  -88.997  -4.098 0.0000000000
2404  -0.262  -88.646  -5.640 0.0000000000
2412  3.335  -88.148  -5.877 0.0000000000
2455  1.244  -88.861  -10.356 0.0000000000
2464  0.924  -88.166  -11.630 0.0000000000
2465  0.906  -88.855  -12.008 0.0000000000
2481  3.732  -89.165  -13.553 0.0000000000
2504  1.215  -88.837  -14.731 0.0000000000
2509  13.274  -88.317  -15.732 0.0000000000
2513  9.435  -88.302  -15.747 0.0000000000
2514  8.199  -88.314  -16.066 0.0000000000
2517  5.061  -88.524  -16.005 0.0000000000
2519  2.257  -88.796  -15.808 0.0000000000
2520  1.722  -89.223  -15.348 0.0000000000
2526  6.553  -89.149  -16.408 0.0000000000
2530  2.634  -89.226  -16.301 0.0000000000
2535  12.485  -88.956  -17.649 0.0000000000
2539  10.706  -88.858  -18.756 0.0000000000
2540  5.746  -88.731  -18.597 0.0000000000
2543  2.389  -88.453  -18.642 0.0000000000
2544  1.916  -88.244  -18.995 0.0000000000
2549  2.247  -88.643  -19.312 0.0000000000
2556  2.275  -88.625  -20.241 0.0000000000
2563  2.313  -88.318  -21.176 0.0000000000
2576  5.079  -88.138  -24.771 0.0000000000
2582  4.782  -87.545  -24.728 0.0000000000
2588  7.172  -88.252  -26.750 0.0000000000
2596  12.069  -88.288  -27.840 0.0000000000
2597  7.415  -88.094  -27.415 0.0000000000
2599  6.016  -88.043  -27.107 0.0000000000
2600  5.517  -87.722  -26.643 0.0000000000
2606  14.114  -88.241  -28.437 0.0000000000
2609  7.781  -88.029  -27.745 0.0000000000
2611  6.506  -87.453  -27.579 0.0000000000
2616  13.098  -87.681  -28.905 0.0000000000
2617  8.095  -86.964  -28.876 0.0000000000
2927  4.020  -87.181  1.871 0.0000000000
2928  3.683  -87.775  2.072 0.0000000000
2943  4.204  -87.205  1.172 0.0000000000
2944  3.992  -87.712  0.445 0.0000000000
2979  3.507  -86.961  -1.871 0.0000000000
2980  2.510  -87.094  -2.018 0.0000000000
2982  -0.769  -87.809  -2.429 0.0000000000
2983  -1.217  -88.441  -2.579 0.0000000000
3004  2.997  -87.860  -5.591 0.0000000000
3005  1.979  -87.915  -5.466 0.0000000000
3006  0.359  -88.297  -6.251 0.0000000000
3007  -0.886  -88.143  -6.051 0.0000000000
3027  4.135  -86.739  -7.621 0.0000000000
3028  3.679  -87.290  -7.173 0.0000000000
3029  0.489  -87.463  -7.500 0.0000000000
3030  -0.117  -87.570  -7.504 0.0000000000
3037  4.342  -86.920  -8.423 0.0000000000
3038  3.999  -87.516  -8.152 0.0000000000
3048  3.846  -87.390  -9.172 0.0000000000
3049  2.907  -87.862  -9.703 0.0000000000
3061  2.302  -87.559  -10.578 0.0000000000
3073  1.883  -87.232  -11.480 0.0000000000
3090  0.880  -87.332  -12.530 0.0000000000
3108  12.071  -87.703  -15.386 0.0000000000
3109  10.535  -87.667  -15.452 0.0000000000
3110  9.735  -87.720  -15.549 0.0000000000
3111  7.625  -87.650  -15.677 0.0000000000
3114  4.642  -87.701  -15.616 0.0000000000
3115  3.338  -87.469  -15.281 0.0000000000
3127  12.960  -88.384  -17.519 0.0000000000
3143  1.739  -87.564  -19.044 0.0000000000
3150  1.589  -87.653  -20.158 0.0000000000
3155  10.540  -87.491  -20.454 0.0000000000
3165  5.221  -88.179  -22.576 0.0000000000
3190  11.707  -87.824  -27.984 0.0000000000
3191  7.870  -87.227  -28.225 0.0000000000
3192  6.872  -86.922  -28.168 0.0000000000
3194  5.721  -86.620  -27.523 0.0000000000
3198  16.640  -87.239  -28.689 0.0000000000
3203  7.792  -86.760  -29.016 0.0000000000
3212  8.117  -86.457  -29.194 0.0000000000
3472  3.641  -86.487  2.168 0.0000000000
3473  3.080  -86.446  2.123 0.0000000000
3489  0.914  -86.475  0.893 0.0000000000
3499  4.437  -86.557  1.537 0.0000000000
3500  0.920  -85.876  0.493 0.0000000000
3501  -0.353  -86.469  0.440 0.0000000000
3502  -1.535  -86.361  0.689 0.0000000000
3552  -0.981  -85.962  -3.831 0.0000000000
3553  -1.290  -86.553  -4.712 0.0000000000
3571  1.491  -87.294  -6.920 0.0000000000
3572  -1.036  -87.265  -6.561 0.0000000000
3579  4.199  -85.912  -7.486 0.0000000000
3581  2.592  -86.605  -7.042 0.0000000000
3589  0.435  -86.774  -8.487 0.0000000000
3614  4.322  -85.838  -9.948 0.0000000000
3641  3.151  -85.769  -14.040 0.0000000000
3646  14.121  -85.716  -14.852 0.0000000000
3650  10.606  -86.523  -14.647 0.0000000000
3652  8.766  -86.435  -14.780 0.0000000000
3656  4.503  -86.262  -14.744 0.0000000000
3659  1.959  -86.990  -14.168 0.0000000000
3665  13.279  -86.844  -15.192 0.0000000000
3671  7.241  -86.826  -15.263 0.0000000000
3673  5.038  -86.864  -15.173 0.0000000000
3680  3.061  -85.766  -16.552 0.0000000000
3681  2.230  -86.224  -16.856 0.0000000000
3682  1.469  -86.082  -16.962 0.0000000000
3689  3.784  -86.980  -17.419 0.0000000000
3698  13.445  -86.156  -18.203 0.0000000000
3700  8.602  -86.835  -18.587 0.0000000000
3703  5.593  -87.331  -17.805 0.0000000000
3709  12.340  -86.393  -19.533 0.0000000000
3711  8.013  -87.393  -19.093 0.0000000000
3742  4.084  -86.155  -25.503 0.0000000000
3746  5.059  -86.109  -26.967 0.0000000000
3747  4.752  -86.514  -26.221 0.0000000000
3753  6.156  -86.262  -28.150 0.0000000000
3759  13.835  -86.004  -29.810 0.0000000000
3760  13.516  -86.605  -29.727 0.0000000000
3761  7.585  -86.240  -29.199 0.0000000000
3763  6.560  -85.900  -28.735 0.0000000000
3771  9.664  -84.977  -29.917 0.0000000000
3772  9.082  -85.231  -30.004 0.0000000000
3773  8.468  -85.444  -29.786 0.0000000000
3774  7.712  -85.782  -29.571 0.0000000000
3775  7.376  -85.419  -29.549 0.0000000000
3776  6.863  -85.568  -29.206 0.0000000000
4126  -0.256  -85.251  -0.568 0.0000000000
4139  4.553  -85.701  -2.099 0.0000000000
4153  3.729  -85.084  -3.649 0.0000000000
4155  1.906  -85.492  -3.554 0.0000000000
4157  -0.331  -85.767  -3.442 0.0000000000
4168  0.699  -84.711  -4.152 0.0000000000
4170  -1.049  -85.061  -4.837 0.0000000000
4193  4.941  -84.698  -7.877 0.0000000000
4196  1.635  -86.300  -7.842 0.0000000000
4205  4.830  -85.605  -7.982 0.0000000000
4208  -0.101  -86.331  -9.216 0.0000000000
4209  -0.785  -86.021  -9.113 0.0000000000
4218  4.885  -85.620  -9.025 0.0000000000
4228  3.661  -85.443  -10.969 0.0000000000
4236  3.203  -85.240  -11.789 0.0000000000
4243  3.033  -85.214  -12.475 0.0000000000
4248  13.994  -84.765  -13.966 0.0000000000
4251  11.403  -85.291  -13.758 0.0000000000
4252  5.677  -85.225  -14.409 0.0000000000
4258  14.131  -85.073  -14.501 0.0000000000
4260  12.981  -85.749  -14.239 0.0000000000
4265  7.559  -85.442  -14.540 0.0000000000
4279  0.976  -84.735  -16.915 0.0000000000
4283  13.909  -85.448  -17.697 0.0000000000
4285  8.388  -85.467  -17.629 0.0000000000
4290  3.882  -86.264  -16.882 0.0000000000
4298  10.141  -85.115  -18.502 0.0000000000
4302  0.900  -85.958  -18.236 0.0000000000
4309  9.182  -86.394  -18.737 0.0000000000
4313  1.128  -86.136  -19.187 0.0000000000
4335  1.717  -85.439  -22.520 0.0000000000
4346  2.896  -85.231  -25.456 0.0000000000
4366  15.020  -84.115  -29.162 0.0000000000
4377  6.875  -84.928  -29.501 0.0000000000
4389  8.972  -84.199  -31.015 0.0000000000
4391  7.483  -84.678  -29.988 0.0000000000
4399  13.212  -85.164  -32.608 0.0000000000
4401  10.407  -83.988  -31.528 0.0000000000
4402  9.583  -84.167  -31.468 0.0000000000
4404  8.444  -84.132  -30.801 0.0000000000
4409  12.305  -84.473  -33.136 0.0000000000
4410  11.880  -84.062  -32.621 0.0000000000
4411  11.061  -83.667  -31.966 0.0000000000
4712  4.849  -83.836  2.419 0.0000000000
4714  3.662  -84.400  2.342 0.0000000000
4728  5.995  -84.066  1.590 0.0000000000
4730  3.009  -84.240  1.917 0.0000000000
4743  6.559  -84.180  1.042 0.0000000000
4746  0.865  -85.195  0.025 0.0000000000
4755  6.432  -84.330  0.141 0.0000000000
4756  5.944  -84.720  -0.257 0.0000000000
4767  5.433  -84.436  -1.666 0.0000000000
4768  5.031  -85.036  -1.825 0.0000000000
4776  5.144  -84.544  -2.302 0.0000000000
4784  4.993  -84.382  -3.076 0.0000000000
4790  3.700  -84.399  -4.459 0.0000000000
4791  2.674  -84.401  -4.443 0.0000000000
4792  0.807  -83.976  -4.812 0.0000000000
4793  -0.197  -84.451  -4.598 0.0000000000
4815  4.400  -84.357  -7.572 0.0000000000
4816  3.630  -84.513  -7.549 0.0000000000
4817  2.663  -84.622  -7.920 0.0000000000
4818  -1.026  -84.470  -7.974 0.0000000000
4833  -0.958  -85.237  -9.677 0.0000000000
4844  1.698  -84.284  -9.301 0.0000000000
4857  4.921  -84.514  -10.565 0.0000000000
4858  0.599  -84.609  -10.550 0.0000000000
4875  14.105  -83.686  -12.837 0.0000000000
4876  13.362  -83.968  -12.643 0.0000000000
4878  11.351  -84.121  -12.744 0.0000000000
4880  5.941  -83.876  -12.804 0.0000000000
4882  4.376  -84.323  -12.245 0.0000000000
4888  14.313  -84.064  -13.582 0.0000000000
4890  12.885  -84.686  -13.131 0.0000000000
4892  10.008  -84.432  -13.566 0.0000000000
4895  7.104  -84.150  -13.766 0.0000000000
4898  4.539  -84.626  -13.230 0.0000000000
4901  14.770  -84.009  -14.945 0.0000000000
4906  7.290  -84.726  -14.203 0.0000000000
4912  1.900  -84.044  -15.874 0.0000000000
4914  14.742  -84.088  -16.309 0.0000000000
4915  14.499  -84.664  -16.640 0.0000000000
4916  10.228  -84.010  -15.838 0.0000000000
4917  9.669  -84.080  -16.201 0.0000000000
4919  7.547  -84.094  -16.530 0.0000000000
4920  6.906  -84.579  -16.633 0.0000000000
4923  2.694  -84.483  -15.913 0.0000000000
4924  1.889  -84.746  -16.214 0.0000000000
4925  1.433  -84.432  -16.499 0.0000000000
4926  1.080  -83.994  -17.211 0.0000000000
4934  10.355  -84.326  -16.498 0.0000000000
4938  0.691  -83.895  -17.726 0.0000000000
4944  11.248  -83.925  -18.471 0.0000000000
4946  9.983  -85.059  -17.707 0.0000000000
4950  0.504  -84.562  -18.671 0.0000000000
4958  14.475  -83.822  -19.237 0.0000000000
4961  10.681  -84.517  -18.841 0.0000000000
4966  0.615  -84.716  -19.678 0.0000000000
4974  14.247  -84.355  -20.026 0.0000000000
4990  0.668  -84.075  -21.596 0.0000000000
5024  6.093  -84.288  -29.431 0.0000000000
5025  5.110  -83.798  -29.126 0.0000000000
5029  14.635  -83.904  -29.783 0.0000000000
5031  12.637  -83.635  -30.413 0.0000000000
5033  5.449  -83.475  -29.756 0.0000000000
5039  7.829  -84.105  -30.605 0.0000000000
5050  7.582  -83.104  -31.324 0.0000000000
5057  12.943  -84.511  -33.340 0.0000000000
5061  9.321  -83.308  -32.126 0.0000000000
5065  12.342  -83.073  -32.954 0.0000000000
5342  6.855  -82.854  2.233 0.0000000000
5344  5.256  -83.099  2.652 0.0000000000
5346  3.749  -83.661  2.341 0.0000000000
5357  7.427  -83.043  1.702 0.0000000000
5358  6.595  -83.582  1.840 0.0000000000
5388  2.125  -83.482  -0.169 0.0000000000
5401  6.403  -83.342  -1.274 0.0000000000
5402  5.876  -83.903  -1.571 0.0000000000
5404  0.989  -83.601  -1.576 0.0000000000
5405  -0.134  -83.893  -2.025 0.0000000000
5418  -0.668  -83.465  -2.727 0.0000000000
5419  -1.690  -83.051  -2.510 0.0000000000
5447  4.796  -83.294  -5.126 0.0000000000
5467  3.956  -83.732  -7.567 0.0000000000
5479  5.776  -82.870  -8.298 0.0000000000
5490  6.279  -82.595  -8.935 0.0000000000
5492  2.052  -83.415  -9.341 0.0000000000
5493  1.358  -84.145  -10.158 0.0000000000
5494  -1.049  -84.397  -10.287 0.0000000000
5505  0.923  -84.004  -11.131 0.0000000000
5506  0.090  -83.920  -11.469 0.0000000000
5513  13.927  -82.743  -11.959 0.0000000000
5515  12.498  -82.752  -11.642 0.0000000000
5516  11.492  -82.703  -11.815 0.0000000000
5518  8.056  -82.726  -12.049 0.0000000000
5521  5.716  -83.552  -11.368 0.0000000000
5523  -0.211  -83.375  -11.751 0.0000000000
5531  12.949  -83.447  -12.021 0.0000000000
5534  8.273  -83.172  -12.913 0.0000000000
5537  5.913  -83.424  -12.044 0.0000000000
5544  8.594  -83.732  -13.589 0.0000000000
5549  14.681  -83.577  -14.079 0.0000000000
5551  14.966  -83.067  -15.443 0.0000000000
5553  4.187  -83.192  -15.557 0.0000000000
5557  1.117  -82.839  -16.338 0.0000000000
5566  8.975  -83.341  -16.184 0.0000000000
5567  7.334  -83.379  -16.158 0.0000000000
5568  6.612  -83.315  -15.971 0.0000000000
5570  3.664  -84.050  -15.727 0.0000000000
5572  1.036  -83.435  -16.685 0.0000000000
5583  11.876  -83.963  -16.856 0.0000000000
5584  0.659  -83.318  -17.251 0.0000000000
5594  14.777  -82.683  -18.146 0.0000000000
5595  14.721  -83.196  -18.724 0.0000000000
5612  11.721  -83.369  -19.445 0.0000000000
5625  15.198  -82.986  -20.545 0.0000000000
5648  0.796  -83.230  -22.823 0.0000000000
5699  4.779  -82.826  -29.219 0.0000000000
5702  14.245  -83.446  -29.632 0.0000000000
5704  5.676  -83.095  -30.338 0.0000000000
5709  6.791  -83.153  -30.991 0.0000000000
5716  8.911  -83.408  -31.903 0.0000000000
5727  9.667  -82.976  -32.345 0.0000000000
5734  12.191  -83.113  -33.966 0.0000000000
6038  5.795  -82.506  2.503 0.0000000000
6040  4.242  -83.013  2.385 0.0000000000
6048  8.894  -81.738  1.580 0.0000000000
6058  8.801  -82.297  0.779 0.0000000000
6059  4.109  -82.078  1.263 0.0000000000
6061  2.855  -83.057  0.293 0.0000000000
6092  9.400  -82.017  -0.829 0.0000000000
6095  7.007  -82.762  -1.030 0.0000000000
6097  1.632  -82.787  -1.813 0.0000000000
6111  7.886  -81.746  -1.903 0.0000000000
6117  -2.015  -82.286  -2.785 0.0000000000
6125  7.182  -81.862  -3.214 0.0000000000
6129  -1.668  -81.993  -3.218 0.0000000000
6137  6.347  -82.215  -4.468 0.0000000000
6149  3.777  -82.419  -5.565 0.0000000000
6152  0.996  -82.743  -5.717 0.0000000000
6160  2.284  -81.738  -6.028 0.0000000000
6161  1.211  -82.084  -6.114 0.0000000000
6172  4.832  -82.912  -7.724 0.0000000000
6174  -0.495  -82.454  -7.560 0.0000000000
6186  6.052  -82.201  -8.579 0.0000000000
6187  5.339  -82.496  -8.190 0.0000000000
6188  4.524  -82.516  -8.130 0.0000000000
6189  3.690  -82.623  -8.310 0.0000000000
6191  -0.875  -83.039  -8.610 0.0000000000
6202  2.944  -82.096  -10.064 0.0000000000
6211  10.365  -81.209  -10.787 0.0000000000
6213  8.887  -82.024  -10.737 0.0000000000
6217  -1.002  -82.611  -10.995 0.0000000000
6224  13.607  -82.238  -11.819 0.0000000000
6226  11.948  -82.054  -11.432 0.0000000000
6228  9.628  -82.104  -11.436 0.0000000000
6229  8.814  -82.434  -11.610 0.0000000000
6230  3.351  -82.367  -11.719 0.0000000000
6239  8.737  -82.753  -12.422 0.0000000000
6240  3.038  -82.278  -12.450 0.0000000000
6242  1.130  -82.494  -12.275 0.0000000000
6247  14.472  -82.292  -13.122 0.0000000000
6249  14.962  -82.246  -14.480 0.0000000000
6254  15.076  -82.263  -15.118 0.0000000000
6256  10.868  -82.966  -15.239 0.0000000000
6259  3.720  -82.443  -15.586 0.0000000000
6261  1.812  -82.377  -15.684 0.0000000000
6262  1.210  -82.118  -15.985 0.0000000000
6274  12.912  -82.403  -17.025 0.0000000000
6280  0.732  -82.685  -16.756 0.0000000000
6288  14.884  -82.189  -17.664 0.0000000000
6290  12.329  -83.057  -17.475 0.0000000000
6297  14.659  -82.115  -18.274 0.0000000000
6298  12.714  -82.314  -18.700 0.0000000000
6299  12.275  -82.849  -18.321 0.0000000000
6310  14.774  -82.785  -19.732 0.0000000000
6311  14.394  -82.334  -19.495 0.0000000000
6313  13.139  -82.245  -19.384 0.0000000000
6314  12.289  -82.702  -19.107 0.0000000000
6327  14.322  -82.597  -20.856 0.0000000000
6328  13.372  -82.571  -20.533 0.0000000000
6331  -0.085  -82.367  -20.416 0.0000000000
6367  1.066  -82.405  -23.907 0.0000000000
6393  4.736  -82.872  -28.109 0.0000000000
6405  6.024  -82.141  -30.551 0.0000000000
6408  6.049  -82.683  -30.877 0.0000000000
6421  9.130  -82.277  -32.463 0.0000000000
6800  7.657  -81.473  2.379 0.0000000000
6801  6.413  -81.904  2.455 0.0000000000
6809  9.514  -81.229  1.412 0.0000000000
6818  10.664  -81.301  0.335 0.0000000000
6834  11.556  -81.027  -0.841 0.0000000000
6837  4.633  -81.176  -0.867 0.0000000000
6838  3.987  -81.665  -0.762 0.0000000000
6854  12.341  -80.976  -2.232 0.0000000000
6857  10.281  -81.878  -1.096 0.0000000000
6859  3.565  -81.618  -1.605 0.0000000000
6870  11.673  -81.328  -2.368 0.0000000000
6871  10.776  -81.488  -2.573 0.0000000000
6872  9.795  -81.509  -2.459 0.0000000000
6874  7.877  -81.447  -2.763 0.0000000000
6877  1.392  -81.739  -3.092 0.0000000000
6879  -1.956  -81.267  -2.832 0.0000000000
6890  12.037  -81.174  -3.630 0.0000000000
6894  8.532  -81.064  -3.328 0.0000000000
6899  -1.416  -81.382  -3.525 0.0000000000
6910  12.287  -80.913  -4.264 0.0000000000
6913  7.599  -81.111  -4.587 0.0000000000
6914  7.117  -81.863  -4.090 0.0000000000
6922  7.674  -80.562  -5.388 0.0000000000
6925  4.176  -81.675  -5.814 0.0000000000
6933  5.402  -80.653  -6.003 0.0000000000
6934  4.534  -80.867  -6.090 0.0000000000
6946  -0.152  -81.397  -7.716 0.0000000000
6958  4.082  -82.031  -8.831 0.0000000000
6981  9.596  -81.110  -10.341 0.0000000000
6982  8.944  -81.461  -10.248 0.0000000000
6984  4.367  -81.394  -10.277 0.0000000000
6993  13.790  -81.780  -12.136 0.0000000000
6994  13.292  -81.599  -11.825 0.0000000000
6995  12.551  -81.307  -11.593 0.0000000000
6998  4.428  -81.972  -11.378 0.0000000000
7000  -0.114  -81.981  -12.084 0.0000000000
7001  -0.598  -81.841  -11.215 0.0000000000
7008  14.039  -81.671  -12.684 0.0000000000
7011  4.708  -81.457  -13.176 0.0000000000
7013  1.648  -81.843  -12.569 0.0000000000
7015  14.231  -81.749  -13.462 0.0000000000
7022  12.953  -81.795  -14.246 0.0000000000
7034  15.115  -81.822  -15.528 0.0000000000
7035  14.848  -81.619  -15.554 0.0000000000
7036  14.325  -81.787  -15.268 0.0000000000
7038  11.309  -82.432  -14.726 0.0000000000
7041  4.144  -81.599  -15.767 0.0000000000
7042  2.955  -80.808  -15.601 0.0000000000
7046  0.308  -80.984  -15.579 0.0000000000
7056  15.101  -81.667  -16.181 0.0000000000
7059  7.682  -81.035  -16.308 0.0000000000
7061  5.938  -81.362  -16.206 0.0000000000
7078  14.821  -81.797  -17.458 0.0000000000
7079  14.438  -81.635  -17.906 0.0000000000
7086  -0.180  -81.686  -18.410 0.0000000000
7120  0.422  -81.679  -22.375 0.0000000000
7131  0.806  -81.059  -23.660 0.0000000000
7611  8.359  -81.011  2.190 0.0000000000
7612  7.702  -80.865  2.190 0.0000000000
7621  9.439  -80.547  1.554 0.0000000000
7622  8.418  -80.491  1.817 0.0000000000
7624  6.162  -80.960  1.350 0.0000000000
7636  7.518  -80.099  1.054 0.0000000000
7657  6.433  -80.091  -0.097 0.0000000000
7659  5.230  -80.570  -1.050 0.0000000000
7679  12.170  -80.306  -1.005 0.0000000000
7682  3.968  -81.079  -2.260 0.0000000000
7695  12.910  -80.245  -2.481 0.0000000000
7698  3.523  -80.742  -2.829 0.0000000000
7702  -1.723  -80.923  -3.376 0.0000000000
7712  13.017  -80.170  -4.188 0.0000000000
7718  1.110  -80.426  -4.058 0.0000000000
7719  -0.045  -80.481  -4.138 0.0000000000
7729  11.745  -80.733  -4.907 0.0000000000
7731  9.437  -80.609  -4.825 0.0000000000
7744  12.154  -80.409  -5.520 0.0000000000
7745  11.362  -80.386  -5.550 0.0000000000
7747  9.064  -80.228  -5.686 0.0000000000
7748  8.431  -80.339  -5.611 0.0000000000
7756  6.064  -80.075  -5.919 0.0000000000
7758  4.067  -80.151  -6.307 0.0000000000
7759  2.320  -80.837  -6.379 0.0000000000
7772  -0.075  -80.374  -7.796 0.0000000000
7785  -0.407  -80.073  -8.752 0.0000000000
7792  8.286  -81.123  -9.918 0.0000000000
7806  8.883  -80.764  -10.175 0.0000000000
7808  7.256  -80.719  -10.242 0.0000000000
7820  12.977  -81.017  -11.972 0.0000000000
7821  12.250  -80.733  -11.732 0.0000000000
7822  11.571  -80.432  -11.552 0.0000000000
7823  8.617  -80.294  -10.769 0.0000000000
7824  7.672  -80.412  -11.096 0.0000000000
7825  6.932  -80.792  -11.079 0.0000000000
7826  6.194  -81.338  -11.749 0.0000000000
7829  -0.155  -81.129  -11.443 0.0000000000
7836  11.772  -80.151  -12.346 0.0000000000
7843  2.143  -80.975  -12.613 0.0000000000
7846  13.143  -81.011  -12.519 0.0000000000
7848  11.687  -80.309  -13.067 0.0000000000
7850  7.134  -80.747  -12.990 0.0000000000
7852  5.906  -80.825  -13.648 0.0000000000
7859  10.486  -80.250  -14.315 0.0000000000
7861  -0.460  -80.045  -14.818 0.0000000000
7873  10.083  -80.734  -15.023 0.0000000000
7874  4.444  -80.592  -16.112 0.0000000000
7875  3.616  -80.130  -15.956 0.0000000000
7877  0.927  -80.760  -14.971 0.0000000000
7878  0.104  -80.680  -14.955 0.0000000000
7886  9.005  -80.636  -16.104 0.0000000000
7887  8.301  -80.246  -16.385 0.0000000000
7892  4.289  -79.486  -16.233 0.0000000000
7893  -0.352  -80.253  -15.603 0.0000000000
7900  -0.061  -80.417  -16.352 0.0000000000
7940  -0.423  -80.432  -20.229 0.0000000000
8032  1.497  -80.397  -25.000 0.0000000000
8617  10.517  -79.400  0.190 0.0000000000
8620  7.970  -79.247  0.411 0.0000000000
8637  6.773  -79.333  -0.547 0.0000000000
8656  12.297  -78.462  -1.182 0.0000000000
8657  6.466  -78.975  -1.339 0.0000000000
8673  13.569  -78.523  -3.055 0.0000000000
8674  12.989  -79.080  -2.295 0.0000000000
8676  4.756  -79.381  -3.062 0.0000000000
8678  -1.108  -79.421  -2.923 0.0000000000
8691  13.539  -79.203  -3.667 0.0000000000
8696  0.945  -79.245  -4.201 0.0000000000
8698  -1.014  -79.295  -4.021 0.0000000000
8705  0.303  -78.796  -4.152 0.0000000000
8717  10.855  -79.676  -5.973 0.0000000000
8718  10.100  -79.643  -6.050 0.0000000000
8720  8.629  -79.785  -6.232 0.0000000000
8730  8.942  -79.242  -6.744 0.0000000000
8731  8.051  -79.354  -6.486 0.0000000000
8732  7.223  -79.498  -6.280 0.0000000000
8736  2.772  -79.575  -6.723 0.0000000000
8746  12.628  -78.999  -7.281 0.0000000000
8748  6.700  -79.195  -6.647 0.0000000000
8749  5.323  -79.058  -6.898 0.0000000000
8752  2.344  -79.128  -7.020 0.0000000000
8753  1.520  -79.066  -7.104 0.0000000000
8755  -0.095  -79.453  -7.919 0.0000000000
8771  -0.372  -79.154  -8.751 0.0000000000
8790  11.011  -80.126  -11.401 0.0000000000
8791  10.463  -80.221  -11.053 0.0000000000
8792  9.611  -80.339  -10.688 0.0000000000
8793  -0.170  -78.873  -11.013 0.0000000000
8803  11.986  -80.296  -11.989 0.0000000000
8805  10.848  -79.810  -11.724 0.0000000000
8806  10.120  -79.815  -11.496 0.0000000000
8808  2.678  -78.873  -11.905 0.0000000000
8818  9.558  -79.611  -12.359 0.0000000000
8820  7.793  -80.259  -13.088 0.0000000000
8821  3.238  -79.336  -12.541 0.0000000000
8822  2.563  -79.685  -12.096 0.0000000000
8829  7.306  -80.040  -13.759 0.0000000000
8830  6.340  -79.949  -13.985 0.0000000000
8841  10.113  -79.414  -14.102 0.0000000000
8842  9.360  -79.002  -14.629 0.0000000000
8846  5.818  -78.996  -14.457 0.0000000000
8847  -0.449  -79.469  -14.387 0.0000000000
8861  8.537  -78.865  -15.638 0.0000000000
8864  2.365  -78.856  -15.208 0.0000000000
8865  1.387  -79.000  -14.572 0.0000000000
8866  -0.886  -79.974  -15.171 0.0000000000
8875  8.075  -79.370  -16.319 0.0000000000
8876  7.290  -79.114  -16.313 0.0000000000
8880  4.097  -78.609  -16.031 0.0000000000
8881  -0.639  -79.679  -15.951 0.0000000000
8890  0.096  -79.863  -17.967 0.0000000000
8902  -0.083  -79.785  -18.917 0.0000000000
8952  -0.077  -80.009  -21.522 0.0000000000
8962  0.268  -80.146  -22.379 0.0000000000
8972  0.960  -79.863  -24.344 0.0000000000
8973  0.494  -79.290  -23.564 0.0000000000
9589  9.618  -78.236  -0.112 0.0000000000
9600  12.346  -78.007  -0.970 0.0000000000
9601  11.608  -78.260  -0.318 0.0000000000
9602  10.823  -78.360  -0.013 0.0000000000
9603  10.254  -78.033  -0.150 0.0000000000
9624  13.105  -78.329  -1.973 0.0000000000
9628  6.127  -78.756  -2.092 0.0000000000
9631  -0.875  -78.350  -1.679 0.0000000000
9645  6.156  -78.024  -2.294 0.0000000000
9647  5.163  -78.601  -3.018 0.0000000000
9649  -1.092  -78.588  -2.825 0.0000000000
9661  2.481  -78.623  -3.623 0.0000000000
9662  1.198  -78.482  -3.873 0.0000000000
9663  -0.188  -78.260  -3.774 0.0000000000
9674  -0.464  -78.970  -4.105 0.0000000000
9685  14.200  -78.294  -5.802 0.0000000000
9695  13.874  -79.038  -6.245 0.0000000000
9696  11.570  -79.025  -7.184 0.0000000000
9697  10.725  -79.037  -6.969 0.0000000000
9698  10.204  -78.939  -7.037 0.0000000000
9709  14.003  -78.124  -7.553 0.0000000000
9713  9.599  -78.731  -7.230 0.0000000000
9716  6.088  -78.833  -7.266 0.0000000000
9717  4.415  -78.701  -7.845 0.0000000000
9720  1.248  -78.623  -7.649 0.0000000000
9735  9.095  -78.501  -8.010 0.0000000000
9736  7.468  -78.645  -7.894 0.0000000000
9744  -0.507  -78.272  -8.681 0.0000000000
9757  7.507  -78.407  -8.746 0.0000000000
9759  4.764  -78.339  -9.227 0.0000000000
9773  -1.262  -77.640  -9.958 0.0000000000
9784  2.491  -78.349  -12.135 0.0000000000
9796  3.175  -78.484  -12.500 0.0000000000
9803  4.981  -78.754  -14.228 0.0000000000
9816  4.661  -78.009  -14.461 0.0000000000
9817  2.444  -77.830  -14.411 0.0000000000
9818  1.435  -78.402  -14.148 0.0000000000
9820  -1.271  -78.752  -14.702 0.0000000000
9833  7.149  -78.596  -15.742 0.0000000000
9834  6.324  -78.391  -15.553 0.0000000000
9835  5.448  -78.202  -15.305 0.0000000000
9836  4.657  -78.091  -15.672 0.0000000000
9839  -1.179  -79.258  -15.290 0.0000000000
9854  0.153  -78.524  -17.602 0.0000000000
9855  -0.423  -78.130  -16.893 0.0000000000
9916  -0.169  -78.557  -21.872 0.0000000000
9927  0.054  -78.831  -22.747 0.0000000000
10590  12.930  -77.331  2.251 0.0000000000
10591  12.286  -77.302  2.375 0.0000000000
10604  13.137  -77.503  1.577 0.0000000000
10606  11.700  -77.416  1.716 0.0000000000
10607  11.056  -77.301  0.730 0.0000000000
10622  12.677  -77.790  0.885 0.0000000000
10625  9.533  -77.435  -0.036 0.0000000000
10626  8.614  -77.182  -0.132 0.0000000000
10633  -0.475  -77.023  0.496 0.0000000000
10642  14.039  -77.109  -0.140 0.0000000000
10643  13.037  -77.702  -0.037 0.0000000000
10646  7.961  -77.133  -0.459 0.0000000000
10663  14.447  -76.476  -1.546 0.0000000000
10664  13.750  -77.353  -2.161 0.0000000000
10665  13.148  -77.887  -1.520 0.0000000000
10666  6.557  -77.501  -1.873 0.0000000000
10684  5.481  -77.904  -2.629 0.0000000000
10689  -0.863  -77.597  -2.478 0.0000000000
10701  14.167  -77.032  -3.890 0.0000000000
10702  3.909  -78.177  -3.195 0.0000000000
10703  3.068  -78.063  -3.185 0.0000000000
10712  13.922  -77.783  -4.302 0.0000000000
10720  14.285  -77.504  -5.418 0.0000000000
10739  14.450  -77.497  -7.119 0.0000000000
10740  13.074  -78.333  -7.843 0.0000000000
10742  11.642  -78.322  -8.190 0.0000000000
10743  11.034  -78.719  -7.977 0.0000000000
10754  13.123  -77.549  -8.381 0.0000000000
10757  3.163  -77.838  -8.769 0.0000000000
10758  2.175  -77.763  -8.526 0.0000000000
10760  -0.515  -77.540  -8.889 0.0000000000
10769  8.774  -77.703  -9.612 0.0000000000
10771  6.321  -77.840  -9.840 0.0000000000
10777  -0.348  -76.910  -9.054 0.0000000000
10793  6.376  -77.310  -10.538 0.0000000000
10795  4.777  -77.052  -10.355 0.0000000000
10796  3.897  -76.895  -10.011 0.0000000000
10797  -1.332  -77.014  -10.336 0.0000000000
10816  6.974  -76.905  -10.959 0.0000000000
10818  1.659  -78.237  -11.854 0.0000000000
10854  3.501  -77.691  -13.772 0.0000000000
10855  2.825  -77.927  -13.019 0.0000000000
10856  1.906  -77.968  -13.152 0.0000000000
10872  4.107  -77.732  -14.404 0.0000000000
10889  3.902  -77.643  -15.010 0.0000000000
10890  3.138  -77.632  -14.626 0.0000000000
10999  0.636  -77.083  -24.440 0.0000000000
11738  12.385  -76.258  3.158 0.0000000000
11739  11.687  -76.190  2.958 0.0000000000
11757  13.185  -76.743  2.510 0.0000000000
11777  13.512  -76.413  1.919 0.0000000000
11794  13.901  -76.762  0.566 0.0000000000
11795  10.217  -76.905  0.574 0.0000000000
11808  14.341  -76.215  -0.095 0.0000000000
11809  8.098  -76.702  -0.306 0.0000000000
11811  6.830  -76.492  -1.093 0.0000000000
11815  -0.511  -77.238  -0.806 0.0000000000
11827  14.683  -75.926  -1.957 0.0000000000
11829  5.985  -76.333  -1.249 0.0000000000
11832  1.569  -76.475  -1.689 0.0000000000
11833  0.273  -76.550  -1.563 0.0000000000
11849  4.325  -77.122  -2.469 0.0000000000
11850  3.295  -76.885  -2.265 0.0000000000
11853  -0.455  -76.981  -2.027 0.0000000000
11865  14.348  -76.196  -3.678 0.0000000000
11882  5.225  -76.153  -6.037 0.0000000000
11883  4.509  -76.069  -5.869 0.0000000000
11884  3.741  -76.065  -5.550 0.0000000000
11897  5.693  -76.291  -6.520 0.0000000000
11900  3.153  -76.072  -5.864 0.0000000000
11926  13.213  -76.103  -8.999 0.0000000000
11928  12.003  -76.618  -10.013 0.0000000000
11930  3.059  -76.707  -9.655 0.0000000000
11933  -0.381  -76.360  -9.530 0.0000000000
11944  12.292  -75.894  -10.379 0.0000000000
11945  11.254  -76.108  -11.093 0.0000000000
11949  5.104  -76.539  -11.041 0.0000000000
11954  -0.537  -75.749  -10.140 0.0000000000
11955  -1.175  -76.224  -10.813 0.0000000000
11972  11.308  -75.357  -11.402 0.0000000000
11974  9.214  -75.991  -11.962 0.0000000000
11975  8.314  -76.321  -11.653 0.0000000000
11976  7.495  -76.543  -11.469 0.0000000000
11978  5.850  -76.574  -11.353 0.0000000000
11979  4.707  -75.952  -11.482 0.0000000000
12003  -0.974  -76.391  -12.312 0.0000000000
12018  -0.683  -76.381  -13.108 0.0000000000
12031  -0.775  -76.221  -13.918 0.0000000000
12052  0.162  -76.226  -17.153 0.0000000000
12062  1.387  -76.192  -18.637 0.0000000000
12133  0.371  -76.303  -22.592 0.0000000000
12146  0.365  -76.659  -23.546 0.0000000000
12881  13.182  -75.360  3.243 0.0000000000
12883  12.001  -75.733  3.524 0.0000000000
12905  10.868  -75.592  2.594 0.0000000000
12917  10.408  -75.909  1.856 0.0000000000
12918  9.578  -75.489  1.415 0.0000000000
12919  8.798  -75.036  0.979 0.0000000000
12924  13.365  -75.526  1.218 0.0000000000
12926  8.366  -75.543  0.312 0.0000000000
12927  7.723  -75.187  -0.067 0.0000000000
12928  6.905  -75.144  -0.124 0.0000000000
12932  2.645  -75.352  0.155 0.0000000000
12933  1.350  -75.357  0.284 0.0000000000
12941  14.300  -75.601  -0.572 0.0000000000
12944  5.462  -75.733  -0.703 0.0000000000
12945  4.445  -75.759  -0.678 0.0000000000
12957  4.988  -76.222  -1.372 0.0000000000
12958  4.112  -76.188  -1.302 0.0000000000
12970  14.346  -75.557  -2.467 0.0000000000
12971  10.875  -75.303  -2.726 0.0000000000
12990  11.019  -74.354  -4.101 0.0000000000
12993  3.560  -75.378  -4.267 0.0000000000
13002  14.078  -75.586  -4.472 0.0000000000
13006  6.751  -75.400  -4.808 0.0000000000
13008  4.710  -75.615  -4.642 0.0000000000
13009  2.644  -75.989  -4.639 0.0000000000
13010  0.487  -76.050  -4.614 0.0000000000
13011  -0.557  -75.463  -4.599 0.0000000000
13021  8.258  -75.575  -5.860 0.0000000000
13024  5.172  -75.781  -5.365 0.0000000000
13038  14.250  -75.362  -6.113 0.0000000000
13041  7.829  -76.108  -6.295 0.0000000000
13059  6.339  -76.201  -7.174 0.0000000000
13060  5.782  -75.792  -7.724 0.0000000000
13062  4.095  -75.497  -7.620 0.0000000000
13064  1.669  -75.156  -7.027 0.0000000000
13065  0.699  -74.927  -6.799 0.0000000000
13072  13.940  -75.521  -8.299 0.0000000000
13073  13.597  -75.424  -8.947 0.0000000000
13074  8.298  -75.470  -7.555 0.0000000000
13076  6.576  -75.560  -8.014 0.0000000000
13078  4.641  -75.024  -8.236 0.0000000000
13083  12.729  -75.511  -10.102 0.0000000000
13112  11.836  -75.017  -10.936 0.0000000000
13114  10.057  -75.530  -12.279 0.0000000000
13116  4.413  -75.392  -12.063 0.0000000000
13117  3.022  -75.356  -11.300 0.0000000000
13120  -0.316  -74.629  -11.197 0.0000000000
13139  10.277  -74.928  -12.495 0.0000000000
13144  4.957  -75.187  -12.740 0.0000000000
13147  1.702  -74.673  -11.955 0.0000000000
13149  -0.452  -74.747  -12.116 0.0000000000
13166  9.353  -74.565  -13.336 0.0000000000
13167  8.409  -74.931  -13.820 0.0000000000
13168  7.632  -75.260  -13.678 0.0000000000
13170  5.550  -75.014  -13.543 0.0000000000
13201  0.334  -75.458  -16.699 0.0000000000
13208  0.525  -75.626  -17.170 0.0000000000
13222  1.064  -75.380  -18.080 0.0000000000
13223  0.874  -74.930  -17.809 0.0000000000
13265  0.954  -75.606  -21.203 0.0000000000
13990  12.714  -74.640  4.062 0.0000000000
14007  13.614  -74.637  3.446 0.0000000000
14009  9.964  -73.823  3.236 0.0000000000
14024  8.705  -73.794  2.110 0.0000000000
14032  12.837  -74.016  1.303 0.0000000000
14035  7.816  -74.012  1.207 0.0000000000
14038  4.767  -74.381  1.286 0.0000000000
14039  3.759  -74.342  1.245 0.0000000000
14040  2.721  -74.347  1.286 0.0000000000
14049  13.027  -74.824  1.340 0.0000000000
14053  6.429  -74.663  0.561 0.0000000000
14055  4.332  -74.829  0.641 0.0000000000
14066  13.684  -75.268  -0.071 0.0000000000
14086  14.039  -75.207  -2.993 0.0000000000
14087  13.536  -75.162  -2.612 0.0000000000
14094  2.290  -74.320  -2.766 0.0000000000
14112  12.858  -75.200  -3.001 0.0000000000
14113  10.625  -74.001  -3.681 0.0000000000
14117  7.204  -74.488  -3.722 0.0000000000
14118  6.427  -74.583  -3.490 0.0000000000
14119  5.695  -74.732  -3.342 0.0000000000
14120  4.345  -75.061  -3.667 0.0000000000
14123  -0.536  -74.682  -3.205 0.0000000000
14133  13.652  -75.181  -4.916 0.0000000000
14134  13.299  -74.962  -4.289 0.0000000000
14135  12.368  -74.733  -4.612 0.0000000000
14136  11.406  -74.195  -4.590 0.0000000000
14140  7.387  -74.952  -4.439 0.0000000000
14153  13.921  -75.065  -5.614 0.0000000000
14158  9.412  -74.497  -5.261 0.0000000000
14159  8.635  -74.996  -5.337 0.0000000000
14174  12.452  -73.974  -6.203 0.0000000000
14178  -0.349  -75.145  -5.776 0.0000000000
14191  11.174  -73.825  -6.975 0.0000000000
14192  10.481  -74.159  -7.520 0.0000000000
14194  8.899  -75.226  -7.976 0.0000000000
14196  2.100  -74.785  -7.671 0.0000000000
14199  -0.481  -73.939  -7.033 0.0000000000
14206  14.018  -74.872  -7.954 0.0000000000
14210  8.266  -75.209  -8.548 0.0000000000
14212  6.404  -74.869  -8.728 0.0000000000
14216  1.539  -74.268  -8.406 0.0000000000
14217  0.385  -74.104  -8.201 0.0000000000
14218  -0.241  -73.650  -7.858 0.0000000000
14223  13.365  -74.724  -9.307 0.0000000000
14224  12.786  -74.460  -9.751 0.0000000000
14226  9.653  -74.496  -9.408 0.0000000000
14229  6.278  -74.411  -9.417 0.0000000000
14231  4.497  -73.931  -9.487 0.0000000000
14232  3.549  -73.975  -9.157 0.0000000000
14233  2.551  -73.986  -8.912 0.0000000000
14244  12.335  -74.760  -10.343 0.0000000000
14246  7.048  -74.162  -9.943 0.0000000000
14274  10.002  -74.385  -12.838 0.0000000000
14275  2.460  -74.593  -12.567 0.0000000000
14278  -0.030  -74.326  -12.769 0.0000000000
14291  8.850  -74.306  -13.936 0.0000000000
14310  7.684  -74.479  -14.878 0.0000000000
14312  5.456  -74.841  -14.469 0.0000000000
14313  4.563  -74.825  -14.608 0.0000000000
14317  -0.124  -74.265  -14.284 0.0000000000
14328  7.869  -74.128  -15.040 0.0000000000
14331  4.229  -74.904  -15.554 0.0000000000
14334  1.071  -73.839  -15.159 0.0000000000
14336  0.163  -74.591  -15.643 0.0000000000
14343  6.912  -74.162  -15.872 0.0000000000
14344  6.282  -74.316  -16.355 0.0000000000
14346  4.448  -74.615  -16.519 0.0000000000
14347  3.525  -74.176  -16.549 0.0000000000
14361  5.767  -74.123  -16.844 0.0000000000
14382  0.907  -74.478  -18.544 0.0000000000
14394  0.382  -73.874  -19.081 0.0000000000
14437  0.790  -74.635  -22.624 0.0000000000
15165  12.034  -73.249  4.694 0.0000000000
15166  10.982  -73.062  4.617 0.0000000000
15179  15.391  -73.165  3.212 0.0000000000
15180  14.818  -73.603  3.369 0.0000000000
15181  14.121  -74.010  3.696 0.0000000000
15183  10.496  -73.564  4.002 0.0000000000
15184  9.631  -73.268  3.565 0.0000000000
15195  9.156  -73.277  2.766 0.0000000000
15196  8.505  -73.329  2.373 0.0000000000
15197  7.604  -73.327  2.285 0.0000000000
15198  6.234  -73.229  2.543 0.0000000000
15216  7.653  -73.623  1.868 0.0000000000
15218  5.111  -73.857  1.910 0.0000000000
15233  12.029  -73.438  0.843 0.0000000000
15234  11.783  -72.869  0.485 0.0000000000
15240  17.278  -72.763  -1.201 0.0000000000
15248  16.959  -72.806  -2.069 0.0000000000
15249  9.932  -73.676  -1.113 0.0000000000
15251  5.644  -73.238  -1.754 0.0000000000
15252  4.834  -73.009  -1.367 0.0000000000
15270  6.137  -73.672  -2.420 0.0000000000
15271  4.837  -73.717  -2.070 0.0000000000
15272  3.839  -73.840  -2.179 0.0000000000
15275  0.719  -73.905  -1.940 0.0000000000
15276  -0.330  -73.775  -1.966 0.0000000000
15289  17.133  -72.587  -3.094 0.0000000000
15290  10.089  -73.528  -3.742 0.0000000000
15294  -1.112  -73.938  -3.235 0.0000000000
15351  13.099  -73.592  -7.102 0.0000000000
15373  13.161  -73.673  -8.187 0.0000000000
15376  10.942  -74.133  -8.510 0.0000000000
15394  -0.318  -73.109  -8.332 0.0000000000
15402  12.554  -74.073  -9.423 0.0000000000
15404  10.874  -74.203  -9.902 0.0000000000
15408  5.174  -73.597  -10.118 0.0000000000
15411  1.124  -73.399  -9.578 0.0000000000
15412  0.191  -73.345  -9.479 0.0000000000
15413  -0.189  -73.077  -9.131 0.0000000000
15421  12.131  -74.331  -10.013 0.0000000000
15422  10.749  -74.155  -10.589 0.0000000000
15423  10.034  -73.768  -10.875 0.0000000000
15425  7.464  -73.561  -10.593 0.0000000000
15427  5.743  -73.239  -10.655 0.0000000000
15429  2.823  -73.140  -10.212 0.0000000000
15439  11.252  -74.352  -10.800 0.0000000000
15442  9.015  -73.007  -11.938 0.0000000000
15445  5.448  -72.843  -11.265 0.0000000000
15456  9.090  -73.125  -13.091 0.0000000000
15474  8.382  -73.922  -14.558 0.0000000000
15480  6.781  -73.607  -16.198 0.0000000000
15481  1.826  -73.923  -16.030 0.0000000000
15483  0.721  -74.269  -16.240 0.0000000000
15492  3.237  -73.659  -17.119 0.0000000000
15494  1.288  -73.442  -16.728 0.0000000000
15496  0.807  -74.173  -17.172 0.0000000000
15513  3.752  -73.417  -17.708 0.0000000000
15530  4.334  -72.663  -18.137 0.0000000000
15544  0.195  -73.273  -19.408 0.0000000000
15564  0.465  -73.233  -20.359 0.0000000000
15565  0.071  -72.796  -20.011 0.0000000000
15586  1.136  -73.336  -21.793 0.0000000000
16376  9.640  -71.917  5.108 0.0000000000
16394  13.136  -72.157  4.804 0.0000000000
16396  11.356  -72.416  4.914 0.0000000000
16399  8.680  -72.640  4.730 0.0000000000
16412  7.005  -72.871  4.058 0.0000000000
16413  4.134  -72.477  3.701 0.0000000000
16420  16.990  -72.216  2.080 0.0000000000
16421  16.422  -72.410  2.685 0.0000000000
16427  3.529  -72.956  3.021 0.0000000000
16428  2.358  -72.565  2.912 0.0000000000
16429  1.223  -72.281  2.177 0.0000000000
16438  17.091  -72.407  1.446 0.0000000000
16439  13.720  -73.092  1.527 0.0000000000
16448  17.846  -72.206  0.129 0.0000000000
16450  16.500  -72.587  0.389 0.0000000000
16451  14.218  -72.714  1.043 0.0000000000
16462  16.955  -72.679  -0.415 0.0000000000
16466  11.459  -72.479  0.020 0.0000000000
16469  3.656  -72.293  -0.480 0.0000000000
16470  1.607  -72.106  -0.677 0.0000000000
16489  -0.200  -72.566  -1.175 0.0000000000
16500  16.722  -72.598  -2.886 0.0000000000
16517  16.148  -72.241  -3.423 0.0000000000
16532  16.294  -71.985  -4.174 0.0000000000
16555  -0.221  -72.847  -6.116 0.0000000000
16587  1.115  -72.956  -11.051 0.0000000000
16588  -0.092  -72.855  -10.837 0.0000000000
16598  6.615  -72.606  -11.949 0.0000000000
16599  5.736  -72.600  -11.870 0.0000000000
16601  3.686  -72.651  -11.558 0.0000000000
16602  2.779  -72.497  -11.760 0.0000000000
16603  0.676  -72.684  -11.687 0.0000000000
16604  -0.016  -72.541  -11.494 0.0000000000
16611  7.750  -72.363  -12.842 0.0000000000
16612  6.928  -72.268  -12.779 0.0000000000
16614  4.572  -72.303  -12.824 0.0000000000
16616  1.091  -72.417  -12.345 0.0000000000
16617  0.156  -72.317  -12.197 0.0000000000
16636  8.254  -73.236  -14.432 0.0000000000
16637  7.748  -72.975  -14.875 0.0000000000
16638  7.062  -72.426  -14.762 0.0000000000
16650  7.289  -73.152  -15.511 0.0000000000
16652  6.057  -72.045  -16.043 0.0000000000
16665  6.267  -73.151  -16.656 0.0000000000
16666  6.061  -72.550  -16.557 0.0000000000
16677  5.968  -73.349  -16.899 0.0000000000
16678  5.634  -72.890  -17.100 0.0000000000
16679  4.847  -72.647  -17.731 0.0000000000
16680  2.131  -72.488  -18.150 0.0000000000
16681  1.281  -72.529  -18.093 0.0000000000
16682  0.731  -72.869  -18.290 0.0000000000
16683  0.454  -73.335  -18.611 0.0000000000
16691  3.969  -72.200  -18.504 0.0000000000
16703  0.217  -72.083  -20.491 0.0000000000
16704  0.114  -72.573  -19.597 0.0000000000
16741  0.745  -72.474  -21.385 0.0000000000
16781  1.860  -72.000  -24.617 0.0000000000
16799  1.503  -72.793  -25.172 0.0000000000
17532  8.600  -71.267  5.252 0.0000000000
17533  7.350  -71.265  5.279 0.0000000000
17543  14.230  -71.519  4.307 0.0000000000
17546  11.687  -71.720  4.986 0.0000000000
17548  6.979  -71.972  4.918 0.0000000000
17549  6.034  -71.505  4.716 0.0000000000
17551  3.620  -70.831  4.086 0.0000000000
17556  15.444  -71.627  3.613 0.0000000000
17558  3.450  -71.609  3.900 0.0000000000
17559  17.185  -71.669  1.922 0.0000000000
17562  0.860  -71.382  2.013 0.0000000000
17572  2.798  -70.892  0.178 0.0000000000
17575  18.298  -71.637  -0.922 0.0000000000
17577  11.872  -71.984  -0.236 0.0000000000
17585  18.198  -71.760  -1.491 0.0000000000
17591  7.497  -71.582  -1.870 0.0000000000
17603  10.473  -71.674  -2.098 0.0000000000
17604  9.715  -71.210  -2.660 0.0000000000
17605  8.873  -71.340  -2.700 0.0000000000
17635  16.498  -71.693  -4.817 0.0000000000
17642  16.849  -71.368  -5.307 0.0000000000
17693  -0.176  -71.335  -10.820 0.0000000000
17712  -0.094  -71.697  -12.568 0.0000000000
17713  -0.398  -71.294  -12.042 0.0000000000
17724  2.258  -71.958  -13.681 0.0000000000
17726  0.165  -71.430  -13.357 0.0000000000
17740  1.829  -71.518  -14.450 0.0000000000
17752  4.037  -71.409  -15.901 0.0000000000
17753  2.401  -71.367  -15.240 0.0000000000
17770  4.814  -71.719  -17.212 0.0000000000
17781  4.791  -71.866  -17.995 0.0000000000
17786  4.163  -71.582  -18.467 0.0000000000
17788  2.705  -71.321  -19.220 0.0000000000
17789  1.373  -71.296  -19.154 0.0000000000
17791  0.161  -72.184  -19.496 0.0000000000
17802  0.732  -70.957  -19.767 0.0000000000
17822  0.330  -71.378  -20.701 0.0000000000
17839  0.804  -70.975  -21.834 0.0000000000
18591  9.595  -70.876  5.013 0.0000000000
18593  7.950  -70.991  5.396 0.0000000000
18594  7.214  -70.811  5.287 0.0000000000
18602  12.696  -71.101  4.340 0.0000000000
18604  10.406  -70.992  4.939 0.0000000000
18605  9.156  -70.432  4.653 0.0000000000
18618  15.453  -70.615  2.680 0.0000000000
18620  12.473  -70.649  3.738 0.0000000000
18623  9.040  -70.105  3.601 0.0000000000
18624  8.128  -70.002  3.317 0.0000000000
18652  16.894  -71.003  1.779 0.0000000000
18659  17.766  -70.944  -0.113 0.0000000000
18662  4.263  -70.251  0.687 0.0000000000
18670  7.195  -70.171  -0.840 0.0000000000
18673  4.694  -70.997  0.407 0.0000000000
18680  17.343  -70.096  -2.368 0.0000000000
18681  16.899  -69.554  -2.079 0.0000000000
18691  17.897  -71.025  -2.238 0.0000000000
18695  11.542  -70.339  -2.166 0.0000000000
18697  9.865  -70.426  -2.469 0.0000000000
18714  13.708  -70.091  -2.778 0.0000000000
18723  14.830  -70.283  -4.179 0.0000000000
18727  17.311  -70.683  -5.534 0.0000000000
18792  -0.294  -70.504  -11.197 0.0000000000
18819  -0.355  -71.013  -13.830 0.0000000000
18859  4.293  -71.136  -18.081 0.0000000000
18861  2.611  -70.421  -16.824 0.0000000000
18886  0.533  -70.866  -20.531 0.0000000000
18902  0.981  -70.040  -20.902 0.0000000000
18921  1.628  -69.828  -21.938 0.0000000000
18963  3.337  -69.940  -24.011 0.0000000000
19669  6.618  -69.774  3.932 0.0000000000
19680  8.378  -69.795  2.385 0.0000000000
19681  7.585  -69.525  2.731 0.0000000000
19683  5.255  -69.178  3.687 0.0000000000
19684  4.365  -69.223  3.907 0.0000000000
19687  1.468  -68.878  2.647 0.0000000000
19697  12.392  -69.265  1.655 0.0000000000
19698  11.414  -69.512  1.883 0.0000000000
19704  0.130  -69.864  1.714 0.0000000000
19711  13.377  -68.724  0.878 0.0000000000
19712  12.794  -68.797  1.121 0.0000000000
19722  14.556  -69.013  0.173 0.0000000000
19727  3.853  -69.467  0.838 0.0000000000
19731  15.940  -68.919  -1.019 0.0000000000
19733  7.267  -69.302  -0.759 0.0000000000
19751  17.975  -69.107  -3.370 0.0000000000
19753  12.021  -69.706  -2.585 0.0000000000
19755  9.193  -69.282  -2.633 0.0000000000
19771  12.216  -68.933  -3.047 0.0000000000
19780  15.193  -69.998  -4.859 0.0000000000
19788  17.631  -70.031  -5.890 0.0000000000
19790  15.639  -69.707  -5.346 0.0000000000
19878  -0.136  -69.101  -12.131 0.0000000000
19898  -0.234  -69.778  -14.902 0.0000000000
19914  0.601  -69.903  -16.167 0.0000000000
19915  -0.027  -69.283  -15.615 0.0000000000
19935  2.074  -69.860  -17.266 0.0000000000
19948  2.846  -70.081  -18.896 0.0000000000
19959  1.870  -69.179  -18.877 0.0000000000
19972  1.781  -68.688  -19.583 0.0000000000
19991  1.913  -68.923  -20.939 0.0000000000
20007  2.671  -69.046  -21.831 0.0000000000
20008  1.992  -69.242  -21.584 0.0000000000
20024  3.257  -69.139  -22.452 0.0000000000
20036  4.403  -68.525  -24.391 0.0000000000
20038  2.879  -69.720  -23.067 0.0000000000
20749  4.895  -68.524  3.581 0.0000000000
20751  3.048  -68.484  3.835 0.0000000000
20766  9.171  -68.701  1.406 0.0000000000
20768  7.669  -68.602  2.024 0.0000000000
20769  0.192  -68.046  1.653 0.0000000000
20780  11.839  -67.937  0.884 0.0000000000
20781  10.972  -68.125  1.051 0.0000000000
20789  13.200  -67.572  1.018 0.0000000000
20791  5.204  -68.582  0.854 0.0000000000
20806  6.706  -68.302  -0.048 0.0000000000
20831  9.209  -68.506  -2.830 0.0000000000
20832  8.647  -67.949  -2.539 0.0000000000
20845  13.447  -68.196  -3.799 0.0000000000
20926  -0.222  -68.135  -11.282 0.0000000000
20957  -0.229  -67.129  -12.831 0.0000000000
20974  -0.242  -68.866  -14.216 0.0000000000
20992  -0.095  -68.182  -14.865 0.0000000000
21011  1.238  -67.835  -16.974 0.0000000000
21012  0.250  -68.314  -15.837 0.0000000000
21069  2.117  -68.351  -20.135 0.0000000000
21070  1.847  -68.039  -19.415 0.0000000000
21088  3.062  -68.101  -20.937 0.0000000000
21135  4.971  -67.757  -24.098 0.0000000000
21855  6.014  -67.395  3.784 0.0000000000
21856  5.096  -67.229  3.918 0.0000000000
21869  14.120  -67.108  3.048 0.0000000000
21870  13.227  -67.059  2.987 0.0000000000
21875  8.003  -67.513  3.115 0.0000000000
21876  7.060  -67.698  2.864 0.0000000000
21878  5.426  -67.956  3.435 0.0000000000
21897  14.458  -67.249  2.287 0.0000000000
21900  11.129  -67.348  1.878 0.0000000000
21902  8.916  -68.030  1.811 0.0000000000
21918  20.264  -67.005  1.325 0.0000000000
21920  18.680  -67.791  1.447 0.0000000000
21929  9.719  -67.963  1.539 0.0000000000
21930  5.263  -66.108  1.432 0.0000000000
21931  3.869  -67.415  1.207 0.0000000000
21938  20.349  -67.597  0.593 0.0000000000
21942  15.974  -67.567  0.142 0.0000000000
21943  15.194  -67.587  0.103 0.0000000000
21954  21.565  -67.345  -0.604 0.0000000000
21955  20.835  -67.762  -0.359 0.0000000000
21957  18.207  -68.243  -0.585 0.0000000000
21967  8.231  -67.433  -1.861 0.0000000000
21968  7.977  -67.134  -0.921 0.0000000000
21978  21.766  -67.138  -2.276 0.0000000000
21980  9.295  -67.588  -3.065 0.0000000000
22004  14.596  -67.403  -4.706 0.0000000000
22005  14.159  -67.706  -4.213 0.0000000000
22021  15.740  -67.727  -5.868 0.0000000000
22032  16.017  -67.087  -6.286 0.0000000000
22037  18.386  -67.501  -6.753 0.0000000000
22093  -0.201  -67.003  -12.266 0.0000000000
22113  -0.003  -66.588  -12.694 0.0000000000
22138  1.330  -65.929  -15.550 0.0000000000
22169  1.454  -67.165  -17.480 0.0000000000
22183  1.650  -67.397  -18.323 0.0000000000
22198  1.794  -67.599  -18.986 0.0000000000
22218  3.609  -67.345  -20.482 0.0000000000
22263  6.919  -66.964  -24.324 0.0000000000
23069  8.296  -66.152  4.418 0.0000000000
23071  6.682  -66.851  4.194 0.0000000000
23088  17.238  -66.283  3.253 0.0000000000
23093  12.608  -66.517  3.415 0.0000000000
23095  9.577  -66.731  3.794 0.0000000000
23117  15.902  -67.169  2.953 0.0000000000
23118  0.104  -66.662  2.161 0.0000000000
23162  23.211  -66.528  -0.866 0.0000000000
23163  22.355  -66.857  -0.709 0.0000000000
23164  8.355  -66.403  -0.287 0.0000000000
23173  23.464  -66.682  -1.608 0.0000000000
23194  11.236  -65.914  -2.491 0.0000000000
23225  14.219  -66.261  -4.209 0.0000000000
23242  15.030  -66.640  -5.435 0.0000000000
23247  19.533  -66.777  -6.536 0.0000000000
23304  0.272  -66.855  -12.034 0.0000000000
23317  1.264  -65.990  -12.781 0.0000000000
23318  0.496  -66.365  -12.625 0.0000000000
23338  0.245  -66.070  -13.202 0.0000000000
23352  0.675  -66.291  -14.787 0.0000000000
23383  2.293  -65.160  -16.503 0.0000000000
23398  2.073  -65.648  -17.148 0.0000000000
23399  1.596  -66.354  -17.161 0.0000000000
23412  3.395  -65.285  -18.826 0.0000000000
23428  3.681  -65.835  -19.518 0.0000000000
23445  4.018  -66.235  -20.126 0.0000000000
24291  10.640  -65.879  4.219 0.0000000000
24292  9.834  -65.588  4.419 0.0000000000
24295  6.081  -65.228  4.456 0.0000000000
24335  19.350  -65.298  2.784 0.0000000000
24337  17.933  -66.154  3.200 0.0000000000
24364  8.774  -65.485  1.129 0.0000000000
24367  5.709  -65.425  1.458 0.0000000000
24378  11.561  -64.900  -0.024 0.0000000000
24410  12.791  -65.035  -2.166 0.0000000000
24424  23.036  -66.604  -4.219 0.0000000000
24426  13.354  -65.438  -3.163 0.0000000000
24449  18.935  -65.117  -6.359 0.0000000000
24459  17.404  -65.491  -6.930 0.0000000000
24564  1.881  -65.115  -14.821 0.0000000000
24581  2.811  -64.579  -16.085 0.0000000000
24597  2.912  -64.805  -16.955 0.0000000000
25510  8.361  -64.693  4.405 0.0000000000
25514  4.581  -64.714  4.207 0.0000000000
25515  3.638  -64.880  4.101 0.0000000000
25530  17.195  -64.967  3.172 0.0000000000
25532  15.715  -64.848  3.272 0.0000000000
25535  12.827  -64.459  3.602 0.0000000000
25537  10.495  -64.233  3.768 0.0000000000
25539  8.794  -64.112  3.970 0.0000000000
25541  3.018  -64.205  3.667 0.0000000000
25556  20.713  -64.513  2.118 0.0000000000
25560  15.381  -64.278  2.768 0.0000000000
25562  13.584  -64.169  3.048 0.0000000000
25570  21.522  -64.149  1.886 0.0000000000
25575  9.280  -64.864  1.125 0.0000000000
25579  3.888  -64.656  1.298 0.0000000000
25586  11.555  -64.362  -0.158 0.0000000000
25597  12.334  -64.369  -1.746 0.0000000000
25614  12.963  -64.805  -2.308 0.0000000000
25615  12.701  -64.483  -2.053 0.0000000000
25638  21.653  -65.355  -4.949 0.0000000000
25639  14.147  -65.141  -4.927 0.0000000000
25651  18.690  -64.360  -6.001 0.0000000000
25654  14.606  -64.579  -5.837 0.0000000000
26728  7.060  -63.948  4.015 0.0000000000
26742  12.135  -64.085  3.381 0.0000000000
26743  10.890  -63.658  3.367 0.0000000000
26744  10.078  -63.614  3.408 0.0000000000
26746  8.346  -63.449  3.492 0.0000000000
26748  6.523  -63.240  3.590 0.0000000000
26780  21.296  -63.063  1.924 0.0000000000
26785  16.288  -63.149  1.541 0.0000000000
26788  13.970  -63.092  1.936 0.0000000000
26793  23.916  -63.568  0.829 0.0000000000
26798  16.944  -62.856  1.195 0.0000000000
26801  6.012  -63.421  0.704 0.0000000000
26817  24.778  -64.252  0.339 0.0000000000
26832  11.754  -63.978  -0.721 0.0000000000
26835  8.208  -63.177  -1.302 0.0000000000
26862  11.560  -63.742  -3.342 0.0000000000
26878  11.747  -63.200  -4.348 0.0000000000
27911  7.881  -62.738  3.057 0.0000000000
27913  5.706  -62.739  3.336 0.0000000000
27928  11.778  -62.460  2.434 0.0000000000
27931  8.243  -62.094  2.539 0.0000000000
27933  6.583  -61.840  2.737 0.0000000000
27944  15.244  -62.517  1.459 0.0000000000
27974  25.603  -63.125  0.066 0.0000000000
27978  18.749  -61.923  0.318 0.0000000000
27981  6.180  -62.400  -0.422 0.0000000000
28012  7.638  -62.340  -2.419 0.0000000000
28035  11.457  -62.261  -4.560 0.0000000000
28054  17.519  -62.780  -5.756 0.0000000000
28056  15.644  -62.224  -5.768 0.0000000000
28058  13.556  -62.493  -5.344 0.0000000000
29106  10.445  -61.666  2.069 0.0000000000
29119  21.507  -61.657  1.236 0.0000000000
29122  13.281  -61.013  1.104 0.0000000000
29126  8.859  -60.680  1.241 0.0000000000
29133  23.985  -61.758  1.328 0.0000000000
29149  17.363  -61.603  -0.680 0.0000000000
29154  4.142  -61.014  -0.186 0.0000000000
29174  5.594  -61.195  -1.117 0.0000000000
29190  8.018  -61.844  -2.994 0.0000000000
29210  25.969  -60.895  -4.763 0.0000000000
29211  11.972  -61.557  -4.851 0.0000000000
29231  18.778  -61.488  -5.742 0.0000000000
29235  13.651  -61.578  -5.454 0.0000000000
30248  22.983  -60.055  1.130 0.0000000000
30252  13.420  -60.322  0.400 0.0000000000
30253  12.572  -60.243  -0.119 0.0000000000
30254  11.090  -60.383  -0.198 0.0000000000
30277  14.407  -59.985  -0.820 0.0000000000
30280  11.097  -59.982  -1.185 0.0000000000
30319  15.275  -59.842  -2.074 0.0000000000
30333  8.371  -60.392  -3.336 0.0000000000
30343  10.695  -60.401  -4.371 0.0000000000
30360  24.001  -60.917  -5.743 0.0000000000
30362  13.847  -60.451  -5.700 0.0000000000
30380  15.254  -60.140  -6.195 0.0000000000
31478  6.231  -58.803  -1.367 0.0000000000
31513  26.721  -58.972  -3.604 0.0000000000
31515  9.336  -59.357  -3.628 0.0000000000
31538  10.536  -59.515  -4.225 0.0000000000
31554  25.493  -59.465  -5.431 0.0000000000
31555  24.790  -59.155  -5.641 0.0000000000
31574  18.818  -59.521  -6.146 0.0000000000
32706  26.933  -57.791  -3.391 0.0000000000
32708  10.195  -58.094  -4.005 0.0000000000
32725  11.467  -58.485  -4.531 0.0000000000
32740  25.730  -58.328  -5.288 0.0000000000
32756  23.271  -58.163  -6.184 0.0000000000
32762  17.709  -58.206  -6.485 0.0000000000
32765  14.875  -58.766  -6.193 0.0000000000
33823  5.866  -57.162  -0.436 0.0000000000
33833  27.257  -57.350  -1.916 0.0000000000
33835  7.622  -57.250  -2.382 0.0000000000
33846  8.874  -57.706  -3.367 0.0000000000
33855  26.620  -57.740  -4.260 0.0000000000
33857  12.347  -57.312  -4.779 0.0000000000
33875  24.491  -57.755  -5.691 0.0000000000
33878  14.396  -56.808  -5.772 0.0000000000
33897  19.533  -57.543  -6.468 0.0000000000
34969  8.827  -56.096  -2.191 0.0000000000
34975  27.311  -56.720  -3.255 0.0000000000
34991  12.908  -55.571  -4.027 0.0000000000
35007  24.271  -56.404  -5.623 0.0000000000
35009  15.149  -55.583  -5.652 0.0000000000
35031  16.633  -56.498  -6.364 0.0000000000
36053  10.955  -54.889  -0.697 0.0000000000
36079  13.310  -54.836  -4.286 0.0000000000
36080  12.931  -55.072  -3.485 0.0000000000
36093  25.408  -55.633  -5.167 0.0000000000
36095  23.180  -54.954  -5.407 0.0000000000
36099  16.237  -54.928  -5.628 0.0000000000
36118  20.901  -55.837  -6.175 0.0000000000
36120  18.563  -55.483  -6.324 0.0000000000
37193  12.603  -54.515  -2.551 0.0000000000
37209  22.643  -54.493  -5.254 0.0000000000
38294  23.422  -53.675  -4.897 0.0000000000
38301  16.945  -53.560  -5.724 0.0000000000
38303  13.884  -53.920  -5.000 0.0000000000
39352  18.362  -52.223  -5.794 0.0000000000
127493  8.649  -89.747  -22.816 0.0000000000
127494  5.776  -90.154  -20.641 0.0000000000
127496  6.253  -89.726  -22.096 0.0000000000
127497  10.058  -87.772  -21.547 0.0000000000
127499  7.295  -87.873  -21.860 0.0000000000
127500  9.424  -89.752  -25.191 0.0000000000
127502  15.407  -83.767  -22.226 0.0000000000
127506  10.744  -88.721  -26.543 0.0000000000
127513  8.563  -85.855  -29.159 0.0000000000
127517  9.433  -85.239  -23.964 0.0000000000
127518  15.781  -85.142  -24.332 0.0000000000
127521  10.482  -84.761  -29.520 0.0000000000
127522  15.577  -83.614  -26.183 0.0000000000
127523  13.645  -83.276  -29.338 0.0000000000
127537  14.247  -81.357  -16.722 0.0000000000
127539  17.209  -71.813  -4.358 0.0000000000
127541  17.574  -71.280  -4.296 0.0000000000
127542  17.708  -72.224  -2.404 0.0000000000
127583  27.733  -56.407  -0.675 0.0000000000
127754  14.303  -83.206  -23.794 0.0000000000
127769  7.201  -87.877  -24.508 0.0000000000
127785  9.634  -85.213  -29.133 0.0000000000
127789  13.152  -85.580  -21.631 0.0000000000
127795  9.355  -89.381  -24.954 0.0000000000
127797  9.427  -85.341  -21.421 0.0000000000
127807  18.695  -68.902  -6.192 0.0000000000
127809  9.664  -88.386  -21.820 0.0000000000
127810  9.030  -86.028  -20.622 0.0000000000
127814  15.799  -84.977  -27.168 0.0000000000
127815  8.397  -87.903  -27.376 0.0000000000
127821  8.113  -87.487  -26.575 0.0000000000
127822  15.522  -83.777  -27.812 0.0000000000
127840  11.816  -87.217  -26.262 0.0000000000
127860  8.307  -87.072  -19.929 0.0000000000
127881  8.666  -86.021  -28.890 0.0000000000
127886  14.378  -84.887  -21.798 0.0000000000
127896  18.310  -69.726  -5.852 0.0000000000
127905  6.142  -89.815  -23.664 0.0000000000
127909  14.586  -81.478  -17.151 0.0000000000
127932  9.050  -89.901  -24.663 0.0000000000
127955  12.926  -86.472  -27.037 0.0000000000
127990  15.013  -81.630  -16.835 0.0000000000
127996  15.343  -83.095  -21.245 0.0000000000
128032  14.060  -81.353  -17.507 0.0000000000
128035  17.486  -71.844  -3.684 0.0000000000
128042  17.166  -72.242  -3.726 0.0000000000
128049  15.216  -83.554  -21.008 0.0000000000
128068  14.698  -85.239  -28.491 0.0000000000
128087  8.985  -75.128  -13.195 0.0000000000
128110  10.972  -87.314  -24.278 0.0000000000
128450  10.873  -80.674  -4.988 0.0000000000
128457  8.680  -82.162  -0.656 0.0000000000
128499  -0.117  -92.502  -0.681 0.0000000000
128537  10.899  -84.266  -31.632 0.0000000000
128593  0.554  -89.295  2.248 0.0000000000
128606  -0.130  -78.383  -20.980 0.0000000000
129371  13.617  -81.587  -16.947 0.0000000000
129489  -0.794  -93.461  0.433 0.0000000000
129538  22.720  -57.619  -6.327 0.0000000000
129592  17.696  -71.689  -2.898 0.0000000000
129872  5.065  -71.317  4.632 0.0000000000
130242  6.265  -84.097  -16.247 0.0000000000
130414  13.498  -88.256  -16.999 0.0000000000
130503  -1.135  -77.953  -2.398 0.0000000000
130550  5.585  -83.515  -8.107 0.0000000000
130623  1.375  -86.316  -20.167 0.0000000000
130753  5.277  -80.669  -16.286 0.0000000000
130760  8.409  -92.837  -19.535 0.0000000000
130799  13.998  -72.071  4.657 0.0000000000
130850  17.747  -72.582  -1.194 0.0000000000
130874  0.461  -75.018  -3.252 0.0000000000
130879  10.290  -79.431  -13.248 0.0000000000
131049  5.220  -74.864  -15.344 0.0000000000
131323  5.694  -80.048  -1.185 0.0000000000
131475  5.362  -64.793  1.359 0.0000000000
131590  6.813  -81.594  -4.665 0.0000000000
131672  19.019  -58.903  -6.301 0.0000000000
131744  0.938  -92.227  1.787 0.0000000000
132006  2.772  -78.333  -8.262 0.0000000000
132084  3.115  -85.336  -13.341 0.0000000000
132093  10.210  -74.004  -2.255 0.0000000000
132100  5.169  -73.293  -17.349 0.0000000000
132125  -0.476  -75.158  -14.147 0.0000000000
132535  12.776  -64.377  -3.632 0.0000000000
132597  7.308  -76.262  -6.042 0.0000000000
132641  6.053  -75.741  -5.074 0.0000000000
132649  4.951  -81.360  -10.769 0.0000000000
132734  1.849  -66.505  3.265 0.0000000000
133046  7.973  -78.023  -9.388 0.0000000000
133137  6.216  -72.039  -14.153 0.0000000000
133169  3.446  -84.938  -16.100 0.0000000000
133335  3.248  -87.188  2.292 0.0000000000
133351  7.192  -76.249  -6.735 0.0000000000
133439  9.977  -70.118  2.174 0.0000000000
133513  5.437  -88.084  -18.215 0.0000000000
133533  4.987  -72.541  3.783 0.0000000000
133835  1.543  -75.915  -4.340 0.0000000000
133855  1.993  -89.844  -15.441 0.0000000000
134001  -0.277  -70.190  -13.063 0.0000000000
134077  -0.889  -77.110  -11.971 0.0000000000
134146  5.606  -78.446  -9.244 0.0000000000
134209  23.695  -55.710  -5.600 0.0000000000
134318  17.570  -72.146  0.912 0.0000000000
134392  10.456  -77.923  -8.926 0.0000000000
134443  4.873  -81.471  1.099 0.0000000000
134754  5.804  -74.772  -15.926 0.0000000000
134865  7.850  -78.510  -15.232 0.0000000000
134877  11.303  -74.120  -9.285 0.0000000000
135124  14.026  -87.053  -15.842 0.0000000000
135159  10.666  -74.017  -0.589 0.0000000000
135185  4.978  -62.545  0.300 0.0000000000
135331  2.822  -70.166  3.615 0.0000000000
135436  13.074  -68.919  -3.323 0.0000000000
135447  2.854  -85.378  -3.583 0.0000000000
135575  9.853  -84.987  -31.900 0.0000000000
135609  5.644  -83.481  -3.812 0.0000000000
135730  2.290  -84.316  1.282 0.0000000000
135762  9.969  -83.160  -12.778 0.0000000000
135818  12.387  -79.413  -1.294 0.0000000000
135827  11.149  -71.186  4.812 0.0000000000
135969  0.301  -87.746  -2.092 0.0000000000
136012  14.278  -76.443  -3.195 0.0000000000
136055  -0.693  -94.111  -1.000 0.0000000000
136086  -0.311  -93.117  -0.923 0.0000000000
136129  8.311  -84.664  -30.388 0.0000000000
136580  9.822  -84.872  -31.687 0.0000000000
136639  21.071  -58.027  -6.461 0.0000000000
136758  1.735  -73.529  1.762 0.0000000000
136835  -0.126  -68.063  -13.232 0.0000000000
137103  20.355  -68.308  -4.337 0.0000000000
137117  10.016  -62.320  2.481 0.0000000000
137140  4.009  -83.688  -5.051 0.0000000000
137220  3.938  -72.031  4.046 0.0000000000
137237  7.019  -81.332  2.352 0.0000000000
137266  -0.476  -73.543  -6.619 0.0000000000
137276  6.097  -89.974  -21.374 0.0000000000
137504  8.724  -69.401  1.712 0.0000000000
137542  0.828  -93.032  -3.776 0.0000000000
137545  18.306  -59.958  -6.062 0.0000000000
137591  14.205  -59.826  -5.859 0.0000000000
137600  6.830  -69.174  2.823 0.0000000000
137706  15.619  -88.176  -28.128 0.0000000000
137999  23.750  -60.329  1.135 0.0000000000
138186  3.924  -84.964  2.330 0.0000000000
138199  9.485  -64.137  0.543 0.0000000000
138308  8.190  -78.493  -7.981 0.0000000000
138355  4.238  -65.499  4.341 0.0000000000
138418  -0.326  -74.869  -14.988 0.0000000000
138538  -0.717  -81.798  -9.492 0.0000000000
138587  5.465  -64.035  1.133 0.0000000000
138699  8.497  -61.257  -3.449 0.0000000000
138716  7.717  -73.208  3.644 0.0000000000
138749  3.156  -90.211  -4.450 0.0000000000
138865  -0.984  -82.912  -3.083 0.0000000000
138911  0.414  -77.061  -21.167 0.0000000000
139187  6.012  -59.687  -1.494 0.0000000000
139193  7.636  -82.293  -9.941 0.0000000000
139206  11.885  -89.492  -15.654 0.0000000000
139292  8.900  -80.621  1.831 0.0000000000
139367  9.988  -93.043  -20.554 0.0000000000
139511  0.957  -74.095  -24.224 0.0000000000
139533  13.944  -72.414  0.346 0.0000000000
139642  1.602  -82.851  -12.088 0.0000000000
139675  2.539  -76.214  -9.982 0.0000000000
139783  0.879  -90.054  2.386 0.0000000000
139812  13.127  -74.912  3.693 0.0000000000
139965  16.061  -72.367  -2.639 0.0000000000
139968  5.004  -74.806  -3.255 0.0000000000
139973  14.029  -70.332  3.018 0.0000000000
140139  20.214  -62.345  -5.721 0.0000000000
140179  0.994  -90.184  -3.123 0.0000000000
140184  6.900  -73.337  2.577 0.0000000000
140261  7.653  -82.076  -16.077 0.0000000000
140272  14.814  -53.364  -5.533 0.0000000000
140301  -0.033  -83.193  -18.763 0.0000000000
140328  14.508  -75.877  -6.726 0.0000000000
140377  24.263  -58.861  -5.813 0.0000000000
140392  -1.088  -83.500  -10.721 0.0000000000
140443  3.787  -72.294  -12.918 0.0000000000
140657  0.708  -93.382  -4.239 0.0000000000
140728  11.681  -61.261  1.584 0.0000000000
140785  0.835  -88.317  -14.036 0.0000000000
140836  0.259  -75.520  0.517 0.0000000000
140849  7.032  -81.833  2.512 0.0000000000
140953  8.849  -87.779  -15.793 0.0000000000
141024  5.552  -71.916  -14.566 0.0000000000
141103  1.546  -90.291  -13.532 0.0000000000
141147  14.693  -67.723  0.233 0.0000000000
141225  12.687  -89.559  -15.932 0.0000000000
141324  6.335  -68.630  2.827 0.0000000000
141444  5.174  -82.460  -29.531 0.0000000000
141516  4.416  -84.945  -3.266 0.0000000000
141555  7.461  -70.806  -1.389 0.0000000000
141633  14.265  -85.237  -16.973 0.0000000000
141650  0.973  -86.921  -12.970 0.0000000000
141654  11.156  -79.776  -12.155 0.0000000000
142007  2.025  -93.081  -8.202 0.0000000000
142043  13.911  -81.543  -13.562 0.0000000000
142354  6.850  -68.953  -0.310 0.0000000000
142406  4.782  -76.768  -1.930 0.0000000000
142482  5.379  -92.845  -13.741 0.0000000000
142508  14.716  -73.760  2.533 0.0000000000
142531  0.858  -90.274  -11.003 0.0000000000
142598  2.676  -72.237  -0.544 0.0000000000
142608  3.866  -70.011  4.045 0.0000000000
142620  9.522  -82.024  0.464 0.0000000000
142856  4.620  -81.985  -12.417 0.0000000000
142858  -1.089  -79.815  -4.037 0.0000000000
143210  11.999  -81.479  -11.393 0.0000000000
143249  16.916  -66.186  -6.938 0.0000000000
143338  8.218  -81.671  -16.065 0.0000000000
143361  0.841  -75.048  -21.834 0.0000000000
143456  11.755  -76.206  -10.626 0.0000000000
143568  1.551  -72.139  -22.827 0.0000000000
143709  6.975  -65.306  4.558 0.0000000000
143891  14.874  -71.919  -1.063 0.0000000000
143894  8.202  -84.299  -16.735 0.0000000000
143920  12.983  -54.147  -5.009 0.0000000000
143978  -0.531  -77.518  -11.550 0.0000000000
143985  9.224  -85.725  -14.371 0.0000000000
143988  13.967  -89.987  -26.169 0.0000000000
144043  4.559  -85.796  1.929 0.0000000000
144091  13.654  -72.729  4.674 0.0000000000
144139  12.284  -56.220  -4.131 0.0000000000
144259  0.210  -79.063  -18.323 0.0000000000
144430  5.544  -81.139  0.935 0.0000000000
144435  3.385  -75.625  -7.197 0.0000000000
144495  1.320  -78.872  -25.407 0.0000000000
144528  13.787  -74.106  -6.775 0.0000000000
144539  13.873  -81.783  -14.323 0.0000000000
144637  5.322  -81.465  -9.014 0.0000000000
144641  13.698  -76.033  -8.586 0.0000000000
144737  5.175  -88.044  -26.008 0.0000000000
144748  6.006  -83.670  -9.812 0.0000000000
144761  3.034  -88.818  -18.319 0.0000000000
144831  18.538  -60.704  -5.854 0.0000000000
144848  12.263  -81.130  -2.912 0.0000000000
145012  14.718  -67.196  1.249 0.0000000000
145014  1.255  -86.835  -22.281 0.0000000000
145127  1.166  -76.306  -9.416 0.0000000000
145191  -1.156  -73.320  -3.602 0.0000000000
145193  10.277  -78.800  -7.381 0.0000000000
145207  7.833  -70.532  5.015 0.0000000000
145269  0.675  -74.677  -24.340 0.0000000000
145271  8.597  -86.112  -27.109 0.0000000000
145272  8.900  -85.708  -27.812 0.0000000000
145275  15.062  -83.079  -22.497 0.0000000000
145276  15.164  -83.512  -27.271 0.0000000000
145278  15.202  -83.147  -21.883 0.0000000000
145279  16.187  -84.395  -26.780 0.0000000000
145300  7.374  -88.382  -25.560 0.0000000000
145328  7.652  -88.106  -26.118 0.0000000000
145336  11.395  -83.717  -20.947 0.0000000000
145337  10.111  -84.876  -20.078 0.0000000000
145343  10.478  -87.895  -24.741 0.0000000000
145344  6.520  -89.525  -21.443 0.0000000000
145345  7.757  -87.714  -19.925 0.0000000000
145346  8.916  -85.915  -21.390 0.0000000000
145347  6.974  -88.366  -23.187 0.0000000000
145364  18.548  -69.952  -5.203 0.0000000000
145365  19.057  -68.144  -6.373 0.0000000000
145367  9.991  -87.875  -21.013 0.0000000000
145376  9.227  -85.452  -24.609 0.0000000000
145382  8.355  -86.472  -26.281 0.0000000000
145384  9.684  -85.073  -25.255 0.0000000000
145387  9.658  -85.652  -19.270 0.0000000000
145393  6.345  -89.755  -22.973 0.0000000000
145394  6.926  -88.750  -21.587 0.0000000000
145409  15.443  -84.098  -28.257 0.0000000000
145411  13.683  -86.362  -25.475 0.0000000000
145417  7.852  -87.192  -21.425 0.0000000000
145428  9.130  -89.225  -22.195 0.0000000000
145430  11.284  -86.751  -21.768 0.0000000000
145438  15.829  -83.922  -23.711 0.0000000000
145445  5.885  -89.936  -23.128 0.0000000000
145447  15.972  -83.843  -25.371 0.0000000000
145457  10.480  -88.583  -26.173 0.0000000000
145464  9.253  -85.495  -29.354 0.0000000000
145480  5.180  -90.074  -21.904 0.0000000000
145492  9.623  -90.085  -25.229 0.0000000000
145493  10.738  -87.182  -22.114 0.0000000000
145502  8.615  -86.655  -28.645 0.0000000000
145506  8.354  -87.122  -27.915 0.0000000000
145508  8.142  -88.122  -26.766 0.0000000000
145520  12.227  -83.603  -23.695 0.0000000000
145523  10.201  -84.639  -25.883 0.0000000000
145546  9.311  -85.400  -28.506 0.0000000000
145556  7.435  -88.916  -25.115 0.0000000000
145559  11.668  -83.568  -21.803 0.0000000000
145560  9.280  -85.373  -23.274 0.0000000000
145563  9.792  -84.848  -22.091 0.0000000000
145566  7.157  -87.905  -23.728 0.0000000000
145572  16.245  -84.347  -24.934 0.0000000000
145586  11.786  -83.856  -26.270 0.0000000000
145655  8.489  -78.488  -0.003 0.0000000000
145700  8.305  -89.170  -16.115 0.0000000000
145758  0.446  -72.025  1.845 0.0000000000
145777  8.624  -90.695  -23.281 0.0000000000
145802  -1.396  -87.994  -4.091 0.0000000000
145831  7.932  -89.854  -16.179 0.0000000000
146180  0.884  -74.386  -12.113 0.0000000000
146261  8.056  -73.195  2.060 0.0000000000
146270  14.901  -72.130  4.180 0.0000000000
146420  -1.132  -93.922  -0.079 0.0000000000
146460  13.377  -57.570  -5.296 0.0000000000
146510  22.834  -56.998  -6.272 0.0000000000
146597  3.753  -88.413  0.061 0.0000000000
146622  4.565  -63.030  0.612 0.0000000000
146712  4.688  -78.900  -7.164 0.0000000000
146735  0.169  -73.076  -19.111 0.0000000000
146738  -0.191  -72.720  -8.737 0.0000000000
146764  19.476  -62.020  1.047 0.0000000000
146783  12.923  -83.428  -28.899 0.0000000000
146882  11.220  -92.352  -22.255 0.0000000000
146935  15.289  -69.438  -0.013 0.0000000000
147078  2.910  -94.036  -7.213 0.0000000000
147260  -0.024  -81.276  -17.735 0.0000000000
147277  2.815  -74.327  -14.564 0.0000000000
147339  12.688  -85.954  -22.144 0.0000000000
147371  20.790  -62.266  -0.509 0.0000000000
147589  17.523  -64.117  2.509 0.0000000000
147671  14.506  -76.933  -5.806 0.0000000000
147695  7.135  -75.008  -14.145 0.0000000000
147752  5.588  -90.168  -13.554 0.0000000000
147768  21.074  -67.646  -3.218 0.0000000000
147789  1.835  -82.120  -2.414 0.0000000000
147938  9.884  -89.623  -25.797 0.0000000000
148001  8.402  -81.411  -9.980 0.0000000000
148012  1.506  -90.527  -3.084 0.0000000000
148175  2.976  -73.588  -9.518 0.0000000000
148185  7.393  -86.987  -28.427 0.0000000000
148214  1.690  -87.220  -18.111 0.0000000000
148246  5.709  -72.606  3.823 0.0000000000
148261  5.446  -81.997  -5.447 0.0000000000
148265  -0.839  -82.584  -9.279 0.0000000000
148271  4.460  -86.606  -17.214 0.0000000000
148503  6.253  -86.061  -14.885 0.0000000000
148695  13.380  -77.133  2.010 0.0000000000
148781  6.320  -81.821  -8.868 0.0000000000
148863  6.145  -72.677  -1.495 0.0000000000
148903  -1.663  -84.170  -1.413 0.0000000000
148905  18.132  -62.114  -5.746 0.0000000000
148978  26.726  -58.252  -0.894 0.0000000000
149003  11.539  -69.212  -2.714 0.0000000000
149017  2.078  -87.608  -14.823 0.0000000000
149265  6.024  -81.083  -10.014 0.0000000000
149394  9.756  -91.510  -23.285 0.0000000000
149565  8.317  -83.083  -31.670 0.0000000000
149579  0.238  -65.294  2.650 0.0000000000
149587  0.131  -79.055  -7.515 0.0000000000
149616  10.637  -84.275  -23.590 0.0000000000
149773  0.825  -77.034  -20.302 0.0000000000
149798  10.933  -84.577  -30.170 0.0000000000
149816  1.660  -91.839  -3.198 0.0000000000
149856  8.802  -85.011  -14.004 0.0000000000
149883  0.306  -80.170  -6.915 0.0000000000
149909  6.296  -85.728  -17.254 0.0000000000
150015  10.351  -72.236  -2.277 0.0000000000
150052  15.138  -82.319  -16.694 0.0000000000
150298  5.280  -90.262  -20.670 0.0000000000
150349  3.650  -73.180  -10.489 0.0000000000
150366  1.096  -74.299  -20.094 0.0000000000
150398  7.553  -64.434  1.059 0.0000000000
150415  4.632  -75.954  -7.236 0.0000000000
150753  11.475  -81.167  -11.251 0.0000000000
150823  3.221  -67.242  3.935 0.0000000000
150851  19.469  -64.665  -6.018 0.0000000000
150862  7.531  -83.556  -30.904 0.0000000000
150887  2.445  -86.392  1.745 0.0000000000
150976  0.797  -66.275  2.510 0.0000000000
151029  9.829  -69.005  -2.743 0.0000000000
151124  2.749  -73.850  -16.462 0.0000000000
151210  0.378  -73.967  -13.633 0.0000000000
151243  10.256  -80.781  -10.601 0.0000000000
151246  4.163  -83.012  -5.311 0.0000000000
151259  5.765  -83.477  -2.723 0.0000000000
151325  10.525  -87.482  -23.575 0.0000000000
151342  13.543  -75.914  1.539 0.0000000000
151387  13.268  -82.501  -15.614 0.0000000000
151426  2.080  -89.309  -8.768 0.0000000000
151476  8.524  -92.093  -21.619 0.0000000000
151485  9.052  -76.938  -0.008 0.0000000000
151499  0.448  -81.352  -16.199 0.0000000000
151505  26.322  -61.327  -4.240 0.0000000000
151596  0.778  -74.576  -16.763 0.0000000000
151616  -0.596  -83.079  -7.009 0.0000000000
151658  7.399  -83.361  0.298 0.0000000000
151764  7.714  -82.831  -16.040 0.0000000000
151799  4.272  -86.886  -9.036 0.0000000000
151807  7.229  -87.850  -22.576 0.0000000000
151877  2.996  -87.624  2.430 0.0000000000
151904  11.658  -74.407  -10.397 0.0000000000
151925  13.236  -82.437  -19.980 0.0000000000
151966  7.376  -73.476  -2.977 0.0000000000
152028  3.230  -74.784  -12.446 0.0000000000
152257  -0.253  -77.766  -3.106 0.0000000000
152274  14.565  -82.385  -19.053 0.0000000000
152303  17.809  -71.356  -2.518 0.0000000000
152318  5.161  -88.179  -25.353 0.0000000000
152344  12.550  -84.887  -32.425 0.0000000000
152384  16.283  -56.051  -6.172 0.0000000000
152540  18.018  -56.868  -6.459 0.0000000000
152556  3.116  -89.696  0.164 0.0000000000
152582  9.235  -86.002  -19.931 0.0000000000
152643  24.200  -60.259  -5.734 0.0000000000
152663  7.588  -70.209  -1.347 0.0000000000
152774  1.563  -87.249  -22.054 0.0000000000
152839  16.243  -66.540  -6.552 0.0000000000
152860  2.648  -83.877  1.522 0.0000000000
153030  8.955  -78.755  -15.098 0.0000000000
153061  0.864  -74.486  -17.988 0.0000000000
153135  1.556  -81.082  -24.810 0.0000000000
153141  13.895  -81.754  -16.023 0.0000000000
153165  2.221  -75.529  -6.491 0.0000000000
153212  2.596  -67.106  3.752 0.0000000000
153224  13.974  -66.198  -3.831 0.0000000000
153225  19.935  -62.055  0.412 0.0000000000
153262  1.420  -91.066  -2.918 0.0000000000
153336  0.614  -68.633  1.854 0.0000000000
153365  12.045  -90.956  -24.851 0.0000000000
153495  16.032  -87.297  -28.949 0.0000000000
153501  8.780  -75.486  -12.827 0.0000000000
153613  11.039  -89.345  -26.386 0.0000000000
153653  17.071  -72.716  -2.639 0.0000000000
153677  1.079  -92.066  2.273 0.0000000000
153727  12.813  -65.002  3.944 0.0000000000
153759  0.677  -84.389  -18.031 0.0000000000
153845  8.478  -84.331  -13.945 0.0000000000
153950  6.309  -89.857  -23.454 0.0000000000
153978  19.108  -61.850  0.647 0.0000000000
153998  2.371  -80.150  -6.579 0.0000000000
154064  -1.006  -93.946  -0.705 0.0000000000
154140  4.118  -88.812  -13.599 0.0000000000
154196  5.733  -68.813  0.535 0.0000000000
154199  11.598  -63.701  3.251 0.0000000000
154210  12.696  -58.606  -5.043 0.0000000000
154236  1.623  -83.569  -15.946 0.0000000000
154249  4.882  -83.210  -29.397 0.0000000000
154272  1.670  -94.529  -4.419 0.0000000000
154300  1.731  -91.143  -12.421 0.0000000000
154315  0.928  -71.289  -14.524 0.0000000000
154318  11.283  -71.452  -1.065 0.0000000000
154366  15.211  -81.882  -16.591 0.0000000000
154446  14.176  -83.687  -30.162 0.0000000000
154603  11.774  -77.499  -8.957 0.0000000000
154610  20.794  -67.791  -1.609 0.0000000000
154625  11.395  -87.578  -26.901 0.0000000000
154726  14.291  -75.976  -4.196 0.0000000000
154750  1.041  -76.203  -17.860 0.0000000000
154758  2.395  -92.145  -10.544 0.0000000000
154827  22.081  -66.881  -3.191 0.0000000000
154897  4.775  -82.648  -28.569 0.0000000000
154910  13.665  -78.529  -3.613 0.0000000000
154913  -0.863  -93.631  -0.212 0.0000000000
154918  16.983  -71.738  -4.856 0.0000000000
154927  1.863  -88.363  -4.766 0.0000000000
154936  15.754  -71.040  -5.064 0.0000000000
154950  15.592  -60.658  -6.083 0.0000000000
154960  0.834  -68.224  -16.493 0.0000000000
154966  0.179  -71.265  -0.838 0.0000000000
154975  3.856  -82.218  -11.571 0.0000000000
154990  6.325  -62.487  3.139 0.0000000000
154991  -1.090  -85.695  -4.497 0.0000000000
155022  0.280  -82.586  -21.256 0.0000000000
155047  5.727  -70.593  4.758 0.0000000000
155071  13.794  -61.040  -5.648 0.0000000000
