#!ascii label  , from subject sub001 vox2ras=TkReg
11838
1949  5.210  -89.541  -13.771 0.6000000238
1494  3.798  -90.737  -14.587 0.5000000000
1093  5.655  -91.008  -13.282 0.6999999881
1484  4.806  -90.616  -13.918 0.5000000000
1095  4.404  -91.459  -14.144 0.4000000060
1101  4.159  -91.624  -14.851 0.2000000030
1094  4.924  -91.773  -13.362 0.5000000000
3094  6.038  -87.295  -13.218 0.8999999762
2492  5.439  -87.966  -13.421 0.6999999881
1947  7.219  -88.818  -13.094 0.8000000119
154850  5.885  -89.570  -13.484 0.6999999881
1933  7.187  -89.751  -12.858 0.8000000119
718  5.887  -92.050  -12.699 0.6999999881
1472  7.078  -90.707  -12.584 0.6999999881
726  4.730  -92.177  -13.944 0.4000000060
730  4.641  -92.197  -15.057 0.3000000119
1917  4.568  -89.364  -11.580 0.6999999881
4242  6.912  -85.803  -12.044 0.8999999762
3639  6.669  -86.693  -12.849 0.8999999762
3623  5.811  -86.611  -11.984 0.8000000119
2493  4.671  -88.345  -13.441 0.6999999881
2480  4.073  -88.637  -12.968 0.6999999881
149643  8.328  -86.898  -12.570 0.8999999762
3093  6.757  -87.479  -13.174 0.8999999762
2503  4.321  -89.077  -13.878 0.5000000000
154172  14.812  -88.144  -10.966 1.0000000000
2461  14.220  -88.056  -11.437 1.0000000000
3068  14.113  -87.481  -10.837 1.0000000000
3084  10.333  -87.194  -12.312 0.8999999762
3631  9.771  -86.460  -12.161 0.8999999762
3086  8.509  -87.831  -12.611 0.8999999762
150233  14.063  -88.600  -12.178 0.8999999762
144228  13.332  -88.183  -11.970 1.0000000000
139461  9.954  -88.013  -12.474 0.8999999762
139823  9.216  -88.166  -12.486 0.8999999762
2478  8.733  -88.776  -12.545 0.8999999762
153469  13.777  -89.455  -13.146 0.8999999762
140904  13.163  -89.186  -12.613 0.8999999762
2475  12.315  -88.423  -12.386 0.8999999762
2477  9.604  -88.840  -12.527 0.8999999762
1931  8.691  -89.665  -12.506 0.8000000119
137014  7.937  -90.216  -12.526 0.8000000119
1102  3.487  -91.006  -15.513 0.2000000030
1471  7.792  -91.216  -12.390 0.8999999762
725  5.294  -92.563  -13.044 0.5000000000
729  5.313  -92.673  -14.547 0.3000000119
467  8.841  -92.715  -20.192 0.3000000119
150606  7.918  -91.915  -20.169 0.3000000119
146627  7.898  -91.623  -20.750 0.2000000030
774  8.515  -92.260  -20.962 0.3000000119
1539  8.266  -90.546  -20.602 0.2000000030
1453  6.307  -91.089  -10.333 0.8000000119
1901  6.852  -90.295  -10.110 1.0000000000
1063  5.714  -91.636  -10.556 0.6999999881
1454  5.279  -90.219  -11.155 0.8000000119
1455  5.096  -91.128  -11.108 0.4000000060
130665  6.140  -90.214  -10.697 0.8000000119
1460  4.444  -90.503  -11.585 0.5000000000
1072  4.243  -91.464  -11.455 0.4000000060
2452  6.774  -88.452  -10.610 1.0000000000
2453  5.922  -88.554  -11.014 0.8000000119
2462  5.092  -88.527  -11.474 0.6999999881
142395  6.984  -86.769  -10.685 0.8999999762
3600  8.211  -86.565  -9.916 1.0000000000
3059  6.085  -87.724  -11.045 0.8000000119
3072  4.978  -87.815  -11.905 0.8000000119
2463  4.465  -88.482  -12.055 0.6999999881
1935  3.498  -89.561  -13.103 0.5000000000
4216  8.097  -85.785  -10.378 1.0000000000
3622  6.520  -86.200  -11.752 0.8000000119
4869  7.904  -85.371  -11.208 0.8999999762
4225  7.480  -85.655  -11.017 1.0000000000
3096  5.014  -87.610  -13.125 0.6999999881
1452  10.583  -91.106  -10.206 0.6999999881
1442  10.985  -90.255  -10.084 0.6999999881
1909  13.341  -89.421  -9.777 0.8000000119
4240  8.416  -85.698  -12.009 0.8999999762
1451  11.558  -90.983  -10.302 0.8000000119
1450  13.552  -90.333  -10.237 1.0000000000
1896  13.748  -88.510  -9.628 0.8000000119
4239  9.270  -85.707  -11.947 0.8999999762
4233  8.818  -85.207  -11.552 0.8999999762
132156  12.485  -90.953  -10.400 0.8999999762
1449  14.767  -90.023  -10.439 0.8999999762
1907  15.084  -89.123  -10.338 1.0000000000
3045  13.503  -87.612  -9.840 0.8000000119
3609  13.575  -87.134  -10.675 1.0000000000
3629  11.578  -86.242  -11.872 0.8999999762
4238  10.143  -85.721  -11.832 0.8999999762
1099  15.637  -90.933  -14.185 0.8999999762
1925  15.707  -89.696  -12.738 1.0000000000
1906  15.208  -89.011  -11.156 0.8999999762
150805  11.696  -87.825  -12.385 1.0000000000
3083  11.458  -87.009  -12.238 0.8999999762
1088  14.382  -91.408  -14.161 0.8999999762
1946  13.337  -90.003  -13.248 0.8999999762
1467  12.300  -90.191  -13.018 0.8999999762
1468  11.270  -90.057  -12.807 0.8999999762
2476  10.473  -88.665  -12.555 0.8999999762
1930  9.532  -89.747  -12.564 0.8999999762
142728  14.719  -91.968  -14.162 0.8999999762
721  14.070  -92.266  -14.147 0.8999999762
1090  12.222  -91.164  -13.373 0.8999999762
1092  10.634  -91.724  -13.052 0.8999999762
1469  10.699  -90.666  -12.819 0.8999999762
1470  8.806  -90.659  -12.464 0.8999999762
143037  13.458  -93.654  -15.045 0.8999999762
427  12.712  -93.324  -13.964 0.8999999762
428  11.788  -93.439  -13.612 0.8999999762
724  10.721  -92.446  -13.115 0.8999999762
154692  9.836  -93.099  -12.733 0.8999999762
716  8.173  -92.766  -12.214 0.6999999881
717  7.423  -93.010  -12.117 0.6999999881
88  12.219  -94.050  -15.469 0.8000000119
89  11.474  -94.334  -15.169 0.8000000119
82  10.813  -94.539  -13.827 0.6999999881
83  10.324  -94.541  -13.926 0.6999999881
420  8.449  -93.677  -12.660 0.5000000000
145763  7.958  -93.906  -14.148 0.5000000000
422  6.657  -93.464  -12.810 0.6000000238
431  5.930  -93.190  -13.216 0.5000000000
140839  12.778  -93.589  -17.924 0.6999999881
97  11.079  -94.255  -16.552 0.6999999881
152158  10.612  -94.310  -16.315 0.6000000238
147977  9.659  -94.475  -14.843 0.6000000238
241  8.378  -93.861  -15.690 0.5000000000
437  7.867  -93.367  -15.077 0.4000000060
129725  7.318  -92.656  -15.285 0.3000000119
271  12.359  -93.085  -19.713 0.6000000238
265  12.447  -93.396  -19.066 0.6000000238
143870  11.415  -93.759  -18.834 0.6000000238
261  10.216  -94.027  -18.333 0.6000000238
262  9.476  -94.006  -18.390 0.6000000238
263  8.824  -93.990  -17.988 0.6000000238
255  8.349  -93.881  -16.550 0.4000000060
472  12.807  -93.113  -21.094 0.5000000000
463  12.207  -93.101  -20.415 0.5000000000
272  11.807  -93.051  -19.775 0.5000000000
268  9.962  -93.650  -19.011 0.6000000238
456  9.199  -93.187  -19.525 0.6000000238
457  8.509  -93.143  -19.025 0.4000000060
458  7.978  -92.801  -18.930 0.4000000060
480  12.349  -92.757  -21.900 0.5000000000
464  11.465  -93.043  -20.377 0.5000000000
474  11.122  -93.040  -21.096 0.3000000119
466  9.494  -93.042  -20.238 0.5000000000
1139  8.258  -91.469  -19.365 0.2000000030
784  11.885  -92.114  -22.572 0.5000000000
481  11.554  -92.762  -21.747 0.3000000119
482  10.773  -92.586  -21.685 0.3000000119
476  9.408  -92.671  -20.930 0.2000000030
1149  8.179  -91.228  -22.081 0.2000000030
128069  7.952  -90.959  -21.827 0.2000000030
1536  8.528  -90.741  -19.754 0.2000000030
142795  11.279  -91.623  -22.838 0.3000000119
785  10.567  -92.198  -22.535 0.3000000119
795  9.770  -92.082  -22.811 0.2000000030
127963  8.221  -90.514  -22.400 0.2000000030
143548  11.213  -90.127  -22.820 0.3000000119
796  9.092  -91.568  -22.957 0.2000000030
145494  8.295  -90.788  -22.693 0.2000000030
150140  11.261  -90.196  -23.913 0.2000000030
1156  10.162  -91.178  -23.766 0.2000000030
1157  9.463  -91.153  -23.668 0.2000000030
1158  8.851  -90.974  -23.550 0.2000000030
145426  8.779  -89.595  -23.579 0.2000000030
1167  10.678  -90.901  -24.264 0.2000000030
1176  9.772  -90.457  -24.772 0.2000000030
127924  9.247  -90.173  -24.703 0.2000000030
145327  8.849  -89.828  -24.194 0.2000000030
682  6.140  -92.743  -8.697 0.8000000119
1064  4.919  -91.930  -10.817 0.4000000060
691  5.911  -92.753  -9.810 0.4000000060
380  5.983  -93.253  -8.799 0.6000000238
2443  7.874  -88.798  -9.313 1.0000000000
154600  7.125  -89.674  -10.094 1.0000000000
701  4.787  -92.483  -10.366 0.4000000060
393  5.209  -93.263  -9.299 0.4000000060
374  5.751  -93.578  -8.080 0.6000000238
143392  8.122  -88.040  -9.625 1.0000000000
1462  2.637  -91.317  -12.292 0.3000000119
3599  8.707  -86.554  -9.126 1.0000000000
3035  8.375  -87.361  -9.442 1.0000000000
4214  8.987  -85.422  -9.268 1.0000000000
4856  8.878  -84.810  -10.691 1.0000000000
153391  10.700  -92.374  -10.547 0.8000000119
1054  9.936  -91.259  -10.089 0.6999999881
1899  10.458  -89.693  -9.687 0.6999999881
4865  10.899  -84.779  -10.563 1.0000000000
4855  9.622  -84.595  -10.478 1.0000000000
146631  12.318  -92.453  -11.126 0.8999999762
697  11.953  -91.720  -10.706 0.8999999762
2442  10.704  -88.868  -9.528 0.8000000119
2440  12.421  -87.991  -9.817 0.8000000119
4232  10.376  -85.157  -11.435 0.8999999762
1060  13.092  -91.594  -10.990 0.8999999762
1059  14.993  -90.777  -11.250 1.0000000000
3046  12.320  -87.201  -9.972 0.8000000119
4223  11.400  -85.066  -10.136 0.8999999762
3621  11.073  -85.648  -11.535 0.8999999762
1071  14.204  -91.646  -11.319 0.8999999762
1070  14.859  -91.569  -11.674 1.0000000000
1459  15.559  -90.442  -11.942 1.0000000000
3611  11.924  -85.708  -10.604 0.8999999762
214  15.283  -92.027  -13.366 0.8999999762
3597  12.089  -86.352  -10.177 0.8000000119
223  15.018  -93.223  -14.365 0.8999999762
232  14.424  -93.466  -14.910 0.8999999762
436  15.741  -92.765  -15.334 0.8999999762
238  13.984  -93.565  -15.506 0.8000000119
441  14.636  -92.537  -16.605 0.8999999762
145605  13.137  -93.046  -17.962 0.6000000238
249  13.642  -93.087  -17.178 0.6999999881
248  14.028  -92.526  -17.347 0.8000000119
270  13.004  -93.065  -19.695 0.6000000238
256  13.747  -92.648  -18.170 0.6999999881
470  15.293  -92.619  -21.340 0.6999999881
471  14.225  -93.166  -20.625 0.6000000238
455  13.854  -93.188  -19.713 0.6000000238
448  14.557  -92.951  -18.851 0.6000000238
142742  14.534  -92.858  -21.383 0.6000000238
478  14.067  -92.471  -22.088 0.6000000238
479  13.207  -92.609  -22.008 0.5000000000
793  12.072  -90.354  -22.799 0.4000000060
800  12.472  -90.330  -23.417 0.4000000060
801  11.589  -89.900  -23.213 0.4000000060
1166  11.939  -90.644  -24.118 0.3000000119
1174  11.324  -90.641  -24.687 0.1000000015
1572  10.975  -90.217  -25.404 0.2000000030
1573  10.133  -90.170  -25.434 0.2000000030
1445  6.542  -91.155  -9.750 1.0000000000
672  5.750  -92.416  -7.506 0.8999999762
137037  7.308  -89.730  -9.451 1.0000000000
366  6.171  -93.809  -6.889 0.8000000119
142005  3.461  -91.574  -11.725 0.3000000119
174  6.053  -94.088  -6.625 0.8000000119
3036  8.443  -88.081  -8.947 1.0000000000
1886  7.359  -89.312  -8.463 1.0000000000
405  4.634  -92.903  -9.806 0.3000000119
382  4.943  -93.661  -8.670 0.3000000119
140185  5.452  -94.428  -6.678 0.6999999881
74  5.705  -94.646  -5.977 0.8000000119
1074  1.981  -91.557  -11.810 0.3000000119
3587  8.839  -86.896  -8.202 1.0000000000
4204  9.032  -85.955  -8.391 1.0000000000
3578  9.060  -86.377  -7.620 1.0000000000
4192  9.768  -85.111  -7.497 0.8999999762
4203  9.503  -84.939  -8.381 1.0000000000
4191  10.494  -84.754  -7.198 0.8000000119
403  10.292  -93.760  -10.256 0.8999999762
1434  9.592  -90.591  -8.576 0.8000000119
1885  10.163  -89.268  -9.027 0.8000000119
4841  10.647  -84.308  -9.240 1.0000000000
4829  10.965  -84.094  -8.364 1.0000000000
4811  11.489  -84.329  -7.665 0.8000000119
205  11.833  -94.105  -10.365 0.8999999762
130579  11.352  -92.633  -10.757 0.8999999762
1424  9.269  -90.910  -7.100 0.8000000119
1423  9.929  -89.835  -8.150 0.8000000119
2428  10.464  -88.587  -9.002 0.8000000119
4213  11.512  -84.727  -9.243 0.8000000119
4828  11.675  -84.451  -8.349 0.8000000119
154020  12.629  -94.111  -10.304 0.8000000119
410  12.923  -93.528  -11.244 0.8999999762
2418  10.557  -88.987  -8.195 0.8000000119
3034  11.228  -87.314  -8.700 0.8000000119
3047  11.521  -86.958  -9.492 0.8000000119
4202  11.922  -85.139  -8.804 0.8000000119
130708  14.935  -93.502  -11.672 0.8999999762
708  14.499  -92.311  -11.788 0.8999999762
3598  11.634  -85.472  -9.697 0.8000000119
212  16.000  -91.685  -12.762 0.8999999762
215  15.057  -92.687  -12.164 1.0000000000
222  15.749  -92.053  -14.444 1.0000000000
236  16.001  -92.310  -14.906 1.0000000000
435  16.470  -92.215  -15.042 0.8999999762
134611  15.055  -91.803  -16.646 0.8999999762
452  16.249  -93.159  -19.972 0.8000000119
141433  16.290  -93.070  -19.245 0.8000000119
447  14.472  -92.410  -18.138 0.8000000119
460  15.658  -93.079  -20.543 0.6999999881
453  15.397  -93.187  -19.533 0.6999999881
754  15.159  -92.066  -17.980 0.8999999762
477  14.888  -92.236  -22.124 0.6000000238
781  14.434  -91.826  -23.039 0.5000000000
782  13.664  -92.011  -23.049 0.5000000000
791  13.848  -90.382  -23.193 0.6000000238
149528  13.970  -91.168  -24.099 0.5000000000
1165  12.757  -91.098  -24.028 0.4000000060
1435  6.547  -91.011  -8.991 1.0000000000
1040  5.999  -91.669  -8.408 1.0000000000
135245  6.493  -89.640  -7.641 1.0000000000
1028  5.666  -91.390  -6.874 1.0000000000
2419  6.394  -88.897  -7.030 1.0000000000
1073  2.861  -91.811  -11.527 0.3000000119
644  5.522  -92.322  -5.044 1.0000000000
1880  7.089  -88.772  -7.596 1.0000000000
710  3.076  -92.155  -10.858 0.3000000119
394  4.262  -93.299  -9.118 0.3000000119
144585  8.319  -87.684  -7.976 1.0000000000
148427  8.103  -87.564  -7.129 1.0000000000
1085  1.259  -91.114  -11.951 0.3000000119
1075  1.561  -91.459  -11.227 0.3000000119
1076  0.905  -91.020  -11.232 0.3000000119
140490  3.509  -93.352  -8.527 0.3000000119
75  5.119  -95.030  -6.093 0.6000000238
3025  8.648  -87.101  -7.375 1.0000000000
176  3.554  -94.432  -6.344 0.4000000060
70  4.739  -95.108  -5.462 0.6999999881
148244  9.334  -86.141  -6.475 1.0000000000
3569  9.015  -86.617  -6.848 1.0000000000
4187  9.941  -85.534  -6.615 0.8000000119
1039  9.115  -91.531  -7.607 0.6999999881
4185  11.635  -85.016  -6.227 0.8000000119
180  11.409  -93.696  -7.920 0.8000000119
1416  9.310  -90.751  -6.381 0.8000000119
198  12.074  -94.112  -9.658 0.8000000119
1879  10.513  -89.344  -7.219 0.8000000119
4201  12.278  -85.039  -7.983 0.8000000119
4190  12.388  -85.176  -7.143 0.8000000119
210  13.791  -93.768  -11.340 0.8000000119
2417  11.187  -88.484  -7.359 0.6999999881
144754  11.421  -87.703  -7.906 0.8000000119
3576  12.187  -86.796  -7.702 0.8000000119
3013  12.618  -87.032  -6.463 0.8000000119
202  15.528  -93.423  -11.351 0.8999999762
142714  11.701  -86.585  -8.786 0.8000000119
207  16.713  -92.375  -12.147 0.8999999762
149992  16.634  -91.103  -12.696 0.8999999762
221  16.069  -91.274  -13.477 0.8999999762
424  17.041  -90.910  -13.893 0.8999999762
434  16.971  -91.932  -14.862 0.8999999762
440  16.136  -92.138  -15.736 0.8999999762
1117  15.788  -90.722  -16.815 0.8999999762
1129  15.720  -90.990  -17.281 0.8999999762
446  17.025  -93.007  -19.078 0.8999999762
753  16.307  -92.542  -18.447 1.0000000000
745  15.856  -91.692  -17.729 0.8999999762
746  15.155  -91.513  -17.362 0.8999999762
459  16.554  -92.738  -20.558 0.8999999762
469  16.010  -92.390  -21.239 0.6999999881
766  16.669  -92.187  -21.153 0.8000000119
789  14.785  -89.820  -23.052 0.5000000000
772  15.441  -91.742  -21.822 0.6999999881
797  14.562  -90.424  -23.594 0.5000000000
798  14.235  -90.655  -23.589 0.5000000000
1171  14.027  -91.058  -24.669 0.5000000000
1172  13.341  -90.977  -25.046 0.4000000060
150931  12.600  -90.599  -25.272 0.2000000030
1163  14.601  -91.055  -24.140 0.5000000000
1571  11.819  -90.387  -25.398 0.1000000015
1568  14.717  -90.682  -24.895 0.5000000000
1874  5.914  -89.433  -6.677 1.0000000000
1425  6.266  -90.683  -8.044 1.0000000000
152304  5.689  -93.100  -4.927 0.8999999762
2411  6.316  -88.751  -6.242 1.0000000000
1869  5.585  -90.274  -5.385 1.0000000000
1409  5.561  -90.884  -6.131 1.0000000000
349  5.996  -93.547  -3.605 0.8999999762
147  6.283  -94.414  -2.530 0.8999999762
3002  7.549  -87.685  -5.439 1.0000000000
2410  6.909  -88.345  -6.775 1.0000000000
1859  5.946  -89.062  -4.744 1.0000000000
63  5.934  -95.044  -3.789 0.8000000119
3551  8.037  -87.132  -4.836 1.0000000000
3015  8.437  -87.188  -6.562 1.0000000000
1463  0.926  -90.588  -11.896 0.3000000119
57  4.876  -95.214  -3.342 0.6999999881
3558  9.583  -86.055  -5.818 0.8999999762
153142  8.574  -86.760  -5.246 1.0000000000
153786  2.324  -93.516  -7.372 0.4000000060
144879  4.135  -95.110  -4.810 0.5000000000
66  3.596  -95.096  -4.109 0.5000000000
73  2.171  -94.622  -4.772 0.4000000060
133383  2.747  -95.130  -2.789 0.6000000238
4163  11.387  -86.040  -4.255 0.6999999881
144906  11.182  -85.387  -5.621 0.8000000119
148328  2.342  -95.121  -2.237 0.6000000238
2999  12.251  -86.585  -5.066 0.6999999881
4177  11.921  -85.524  -5.496 0.8000000119
1015  8.888  -91.225  -5.937 0.6999999881
1407  9.345  -90.553  -5.462 0.6999999881
139028  12.568  -87.081  -5.670 0.8000000119
4184  12.315  -85.485  -6.233 0.8000000119
378  13.080  -93.309  -8.546 0.8000000119
197  13.229  -94.094  -9.917 0.8000000119
1872  10.342  -89.565  -6.308 0.6999999881
3014  12.340  -87.784  -6.022 0.6999999881
203  14.205  -94.019  -10.753 0.8000000119
400  15.414  -93.596  -10.699 0.8000000119
2409  11.087  -88.951  -6.443 0.6999999881
3024  12.083  -87.765  -6.951 0.8000000119
408  17.129  -92.770  -11.625 0.8999999762
407  17.985  -92.615  -12.009 0.8999999762
131308  17.195  -91.271  -13.211 0.8999999762
1096  18.264  -91.699  -14.296 0.8999999762
1097  18.120  -92.078  -14.899 0.8000000119
1105  16.165  -90.961  -15.866 0.8000000119
1501  16.337  -90.220  -16.513 0.8000000119
1128  16.471  -91.071  -17.615 0.8000000119
445  17.685  -92.823  -19.338 0.8999999762
752  17.374  -92.592  -18.634 1.0000000000
744  16.924  -92.132  -17.954 0.8999999762
760  17.767  -92.584  -20.051 0.8999999762
771  15.684  -90.912  -20.953 0.8000000119
152906  17.866  -91.870  -21.172 0.8000000119
151304  16.281  -90.456  -22.697 0.8000000119
778  16.416  -90.708  -21.722 0.8000000119
770  16.610  -90.958  -20.558 0.8000000119
788  15.567  -90.026  -22.801 0.5000000000
1154  15.489  -89.935  -23.322 0.5000000000
152254  14.989  -90.963  -23.950 0.5000000000
145689  16.726  -90.991  -23.826 0.6000000238
1162  16.151  -91.037  -24.058 0.5000000000
136448  15.325  -90.725  -24.382 0.5000000000
1569  14.033  -90.448  -25.340 0.5000000000
1570  13.239  -90.249  -25.717 0.5000000000
1567  17.196  -90.177  -25.016 0.5000000000
1170  16.181  -90.348  -24.845 0.5000000000
1577  15.769  -90.027  -25.792 0.5000000000
1576  16.603  -89.802  -25.706 0.5000000000
2038  16.091  -89.298  -26.299 0.5000000000
139002  14.833  -90.116  -25.765 0.5000000000
1578  14.565  -89.508  -26.363 0.5000000000
1575  17.437  -89.403  -25.695 0.5000000000
2037  16.906  -89.171  -26.333 0.5000000000
2047  16.460  -88.965  -27.072 0.5000000000
2048  15.657  -89.043  -27.044 0.5000000000
2036  17.683  -88.932  -26.465 0.5000000000
2046  17.188  -88.743  -27.051 0.5000000000
2053  15.981  -88.389  -27.565 0.4000000060
2045  17.892  -88.364  -27.102 0.5000000000
2604  16.316  -88.023  -28.353 0.4000000060
144699  16.275  -87.338  -28.860 0.4000000060
1017  5.550  -92.069  -6.166 1.0000000000
37  6.064  -94.853  -1.578 1.0000000000
1402  5.532  -90.512  -4.363 1.0000000000
997  5.296  -91.893  -3.308 1.0000000000
131202  5.426  -92.823  -2.921 0.8999999762
135759  7.408  -87.596  -4.753 1.0000000000
2400  6.374  -88.612  -5.355 1.0000000000
47  5.201  -95.205  -2.480 0.6999999881
134108  8.136  -86.613  -4.051 1.0000000000
2991  7.523  -87.237  -4.130 1.0000000000
39  5.014  -95.143  -1.396 0.8999999762
3549  9.253  -86.062  -4.349 0.8999999762
3525  9.101  -85.802  -2.664 0.8000000119
148286  8.262  -86.266  -2.744 0.8000000119
3526  7.793  -86.737  -2.333 0.8000000119
138188  4.386  -95.205  -2.819 0.6999999881
48  3.608  -95.142  -2.760 0.8000000119
28  4.295  -95.027  -0.616 0.8000000119
133734  9.962  -85.939  -4.916 0.8999999762
4152  9.920  -85.759  -3.066 0.8000000119
133665  3.197  -95.031  -1.960 0.6999999881
30  2.489  -95.062  -0.177 0.8000000119
128358  1.575  -95.120  -2.080 0.6999999881
9  2.076  -95.367  2.281 0.8000000119
2990  11.728  -87.134  -4.260 0.6999999881
2386  11.402  -88.065  -4.614 0.6999999881
129552  11.104  -87.798  -3.755 0.6999999881
688  14.827  -93.142  -9.069 0.8000000119
389  15.179  -93.447  -9.812 0.8000000119
136478  9.596  -90.043  -4.773 0.6999999881
1867  10.081  -89.665  -5.414 0.6999999881
2398  10.717  -88.859  -5.013 0.6999999881
388  15.958  -92.819  -10.177 0.8000000119
705  18.275  -92.371  -11.580 0.8999999762
712  19.037  -92.010  -12.930 0.8999999762
135448  19.021  -90.789  -13.217 0.8999999762
139925  18.005  -90.708  -13.974 0.8999999762
1477  17.566  -89.585  -14.182 0.8999999762
1491  17.290  -89.990  -14.800 0.8000000119
1515  17.719  -90.017  -17.117 0.8999999762
1965  17.290  -89.436  -15.584 0.8000000119
1516  16.921  -89.861  -17.077 0.8000000119
743  18.381  -91.856  -18.122 1.0000000000
129921  17.510  -91.555  -17.795 1.0000000000
1525  17.116  -90.512  -17.446 1.0000000000
759  18.374  -92.340  -19.711 1.0000000000
764  18.290  -92.046  -20.789 1.0000000000
769  17.553  -91.503  -21.025 0.8999999762
1153  16.037  -89.401  -22.923 0.6999999881
777  16.555  -90.596  -21.274 0.8000000119
18993  2.862  -69.902  -26.436 0.6000000238
20045  4.646  -68.985  -25.341 0.6000000238
145211  16.808  -90.236  -22.193 0.8000000119
1144  16.977  -90.035  -20.712 0.8999999762
1161  17.039  -90.692  -23.659 0.6000000238
1152  16.662  -89.367  -22.931 0.6999999881
1147  17.132  -89.800  -21.858 0.8999999762
19008  3.103  -70.227  -27.381 0.6000000238
1561  17.677  -90.436  -24.314 0.6000000238
18994  2.424  -70.302  -26.917 0.5000000000
143664  18.148  -89.864  -25.168 0.5000000000
2029  18.753  -89.297  -25.380 0.5000000000
2035  18.242  -89.138  -25.860 0.5000000000
2594  19.452  -87.594  -27.196 0.6000000238
2586  19.231  -88.196  -26.587 0.5000000000
2028  19.495  -89.204  -25.186 0.6999999881
132368  18.670  -88.072  -27.265 0.5000000000
2602  18.068  -88.002  -28.059 0.5000000000
3188  17.462  -87.260  -28.595 0.5000000000
2601  18.984  -87.601  -27.990 0.5000000000
2612  16.802  -87.174  -28.452 0.4000000060
146674  17.960  -87.265  -28.983 0.5000000000
3197  17.069  -87.198  -28.736 0.4000000060
3207  17.122  -87.183  -29.571 0.4000000060
340  5.771  -93.205  -1.458 0.8999999762
27  5.704  -94.849  -1.074 1.0000000000
132819  5.120  -94.839  -0.365 1.0000000000
13  4.475  -94.793  1.104 0.8999999762
29  3.538  -95.008  -0.006 0.8000000119
21  2.918  -95.138  0.677 0.8000000119
133943  1.384  -95.274  2.203 0.6999999881
2387  10.635  -88.630  -4.137 0.6999999881
679  13.726  -92.174  -8.249 0.8000000119
687  15.725  -92.500  -9.309 0.8000000119
1857  10.096  -89.406  -4.503 0.6999999881
696  17.323  -92.224  -10.498 0.8000000119
129909  18.961  -92.027  -12.089 0.8000000119
1464  18.976  -90.664  -12.478 0.8000000119
134535  17.942  -89.891  -13.539 0.8000000119
1957  17.472  -89.062  -14.647 0.6999999881
1964  17.885  -88.962  -15.859 0.8999999762
1971  18.318  -89.607  -16.520 0.8999999762
149138  19.335  -91.782  -17.955 1.0000000000
1116  18.886  -90.603  -16.958 0.8999999762
135540  18.975  -92.112  -18.569 1.0000000000
758  19.698  -92.023  -19.654 1.0000000000
1125  20.170  -91.763  -18.246 0.8999999762
130144  19.041  -92.018  -20.351 1.0000000000
768  16.619  -90.060  -20.060 1.0000000000
23503  7.485  -66.435  -23.670 0.8000000119
21165  5.795  -69.016  -25.863 0.8000000119
21149  5.605  -68.268  -25.052 0.6999999881
1142  17.489  -90.062  -19.928 0.8999999762
21148  6.751  -67.693  -25.133 0.8000000119
20058  4.880  -69.569  -26.265 0.6000000238
22264  5.727  -67.112  -23.725 0.6999999881
1151  17.512  -89.601  -23.168 0.8000000119
146846  17.032  -89.638  -21.610 0.8999999762
21164  6.569  -69.004  -26.108 0.8000000119
1160  17.852  -90.349  -23.694 0.8000000119
1150  18.334  -89.700  -23.083 1.0000000000
1146  18.934  -89.003  -22.360 0.8999999762
19009  3.235  -70.789  -27.861 0.5000000000
17937  4.260  -70.997  -28.212 0.6000000238
1560  18.521  -90.219  -24.390 0.6000000238
1559  19.396  -90.017  -24.351 0.8000000119
2023  20.148  -89.265  -24.557 0.8999999762
1557  20.613  -89.631  -23.429 0.8999999762
2593  20.101  -87.930  -26.698 0.6999999881
2033  19.927  -88.597  -26.011 0.8000000119
2027  20.214  -88.857  -25.284 0.8999999762
2022  20.935  -89.281  -24.054 0.8000000119
2585  20.628  -88.031  -26.129 0.6000000238
149129  20.485  -88.348  -25.501 0.6999999881
3185  20.274  -86.496  -27.285 0.6999999881
3181  20.181  -87.136  -27.107 0.6999999881
3195  19.683  -86.306  -27.802 0.5000000000
132610  19.285  -87.053  -28.503 0.5000000000
335  6.203  -93.982  -1.088 1.0000000000
329  6.030  -94.112  -0.207 1.0000000000
14  3.519  -95.035  1.471 0.8000000119
129486  2.023  -95.081  3.122 0.8000000119
6  -0.381  -94.902  3.162 0.4000000060
154764  0.086  -95.115  2.871 0.6000000238
4  1.244  -95.093  3.376 0.8000000119
1845  9.541  -89.812  -3.142 0.6999999881
114  -1.002  -94.324  3.159 0.3000000119
677  15.835  -91.666  -8.573 0.8000000119
676  16.588  -91.820  -9.068 0.8000000119
142371  17.313  -91.735  -9.988 0.8000000119
686  16.505  -92.284  -9.651 0.8000000119
1446  17.671  -91.022  -10.616 0.8000000119
1923  18.103  -89.607  -12.858 0.8000000119
2472  17.679  -88.358  -12.865 0.8000000119
2500  17.968  -88.282  -14.377 0.6999999881
2501  17.743  -88.547  -14.313 0.6999999881
2507  18.320  -88.584  -15.116 0.8000000119
2508  17.722  -88.738  -15.004 0.6999999881
1963  19.060  -89.270  -15.833 0.8000000119
1498  21.117  -90.323  -15.776 0.8999999762
1514  19.527  -90.211  -16.450 0.8999999762
1115  19.924  -91.062  -16.850 0.8999999762
1124  20.931  -91.165  -17.905 0.8999999762
1134  20.519  -91.308  -18.607 0.8999999762
1533  20.380  -90.719  -19.365 0.8999999762
22195  7.645  -66.680  -19.616 1.0000000000
22216  8.116  -66.685  -20.779 0.8999999762
23441  7.428  -65.766  -21.192 0.8999999762
128020  19.615  -90.640  -19.864 0.8999999762
22236  7.959  -66.094  -22.866 0.8000000119
22252  6.577  -66.480  -23.345 0.6999999881
23483  6.260  -66.071  -22.436 0.6999999881
127894  18.274  -89.783  -19.835 0.8999999762
21146  7.719  -67.694  -24.628 0.8999999762
127888  18.399  -89.518  -21.896 0.8000000119
21163  7.196  -68.809  -25.891 0.8000000119
145320  19.288  -89.077  -22.298 0.8999999762
20072  4.903  -69.949  -27.132 0.8000000119
1555  19.161  -90.102  -23.545 1.0000000000
17910  5.537  -70.686  -27.026 0.8999999762
1553  20.934  -89.620  -23.093 0.8999999762
3745  22.038  -86.610  -27.258 0.8000000119
129590  21.046  -86.866  -27.209 0.6999999881
3178  21.645  -87.124  -26.709 0.8000000119
2584  21.281  -87.557  -26.050 0.6000000238
2581  21.082  -88.109  -25.526 0.6000000238
2021  21.673  -88.881  -23.709 0.6999999881
2592  20.730  -87.278  -26.538 0.6999999881
133123  2.750  -94.996  2.748 0.8000000119
588  -1.245  -91.991  3.510 0.3000000119
112  -0.008  -94.919  4.131 0.6999999881
1048  14.508  -91.583  -8.290 0.8000000119
589  -1.409  -92.717  3.579 0.3000000119
1036  16.133  -90.643  -7.875 0.8000000119
675  17.053  -91.252  -8.826 0.8000000119
1058  17.371  -91.096  -9.501 0.8000000119
1458  17.919  -89.467  -11.276 0.8000000119
2499  18.799  -88.260  -14.289 0.8000000119
3092  18.081  -87.623  -13.118 0.8000000119
2487  19.810  -88.378  -13.569 0.8999999762
1962  20.273  -89.704  -15.388 0.8999999762
1956  19.452  -88.955  -14.999 0.8999999762
22215  8.841  -67.230  -20.182 1.0000000000
24643  6.866  -65.187  -21.240 0.6999999881
154490  17.695  -89.620  -19.884 0.8000000119
127969  18.001  -89.382  -20.982 0.8000000119
21119  8.137  -66.749  -22.751 0.8999999762
3741  23.763  -86.679  -26.321 0.8000000119
127806  18.599  -89.060  -22.155 0.8000000119
21133  7.807  -68.152  -24.225 0.8999999762
18992  6.270  -69.988  -26.612 0.8000000119
129694  22.908  -86.259  -27.532 0.8999999762
154412  23.179  -86.782  -26.503 0.6000000238
145488  20.265  -89.105  -22.085 0.8000000119
16815  4.552  -72.027  -27.115 0.8999999762
3748  22.290  -86.158  -28.029 0.8999999762
3176  23.179  -87.173  -25.983 0.5000000000
3173  22.553  -87.615  -25.378 0.6000000238
2573  22.947  -88.034  -23.882 0.5000000000
2560  22.198  -88.128  -21.759 0.6000000238
2009  21.801  -88.586  -22.172 0.6999999881
139634  3.120  -74.194  -27.074 0.6000000238
15652  3.588  -73.559  -26.947 0.8000000119
3749  21.114  -86.015  -27.427 0.8999999762
3180  22.616  -86.951  -26.739 0.5000000000
2583  21.777  -87.882  -25.537 0.5000000000
2574  22.152  -88.147  -24.066 0.6000000238
2570  22.225  -88.326  -23.335 0.6000000238
2013  21.518  -88.922  -22.510 0.8000000119
3756  19.876  -85.585  -28.061 0.6000000238
3750  20.243  -85.821  -27.435 0.6999999881
3765  19.500  -85.014  -28.718 0.5000000000
3757  19.580  -86.259  -28.788 0.6000000238
3766  19.488  -85.826  -29.709 0.4000000060
142709  -0.925  -91.571  2.974 0.3000000119
932  -1.317  -92.035  4.307 0.6999999881
109  -0.341  -94.141  4.719 0.6999999881
1047  16.809  -91.179  -8.472 0.8000000119
152709  17.631  -88.630  -11.287 0.8000000119
3053  17.754  -87.088  -10.751 0.8000000119
3079  18.125  -87.307  -12.235 0.8000000119
2488  18.755  -87.803  -13.454 0.8000000119
151230  9.613  -70.578  -16.796 0.8999999762
19931  8.412  -69.875  -17.020 1.0000000000
21029  7.640  -68.450  -17.909 1.0000000000
21050  7.254  -67.839  -18.493 1.0000000000
21028  8.806  -68.240  -18.003 1.0000000000
22179  8.327  -67.256  -19.081 1.0000000000
23425  6.831  -65.805  -19.526 0.8999999762
23426  6.266  -64.674  -19.763 0.6999999881
24633  5.923  -65.004  -20.864 0.6000000238
127489  15.796  -89.733  -20.425 0.8000000119
21048  9.319  -67.710  -18.810 1.0000000000
134980  15.654  -89.341  -21.660 0.8000000119
21085  9.274  -67.711  -20.083 1.0000000000
21102  8.185  -67.135  -21.574 0.8999999762
21120  7.753  -67.940  -23.036 0.8999999762
18960  6.929  -69.695  -24.938 0.8000000119
147685  24.509  -86.530  -25.176 0.6999999881
145290  18.106  -86.208  -22.488 0.6999999881
127757  18.546  -87.665  -22.388 0.8000000119
18976  6.297  -70.362  -25.602 0.8000000119
4357  23.332  -85.690  -28.136 0.8999999762
3175  24.041  -87.055  -25.546 0.6000000238
3167  23.452  -86.791  -24.149 0.6000000238
127765  20.134  -88.106  -21.852 0.8000000119
16796  4.843  -72.128  -25.924 0.8999999762
2565  22.861  -87.822  -22.327 0.6000000238
153269  23.023  -87.698  -21.434 0.6000000238
3157  20.147  -87.338  -21.870 0.6000000238
128132  21.039  -89.015  -21.884 0.8000000119
131317  3.563  -75.458  -26.128 0.6000000238
14471  3.479  -74.453  -26.514 0.6999999881
15636  3.969  -73.784  -25.831 0.8000000119
4371  20.190  -84.332  -28.816 0.8000000119
2017  22.180  -88.363  -22.577 0.6000000238
4372  19.377  -84.196  -28.916 0.6000000238
4379  18.784  -83.722  -29.180 0.6000000238
4380  18.544  -84.294  -29.799 0.4000000060
144639  19.058  -84.114  -31.535 0.4000000060
1794  -0.983  -89.363  2.974 0.6000000238
2471  19.607  -87.873  -12.966 0.8999999762
18867  9.476  -69.901  -17.180 0.8999999762
21030  6.503  -68.540  -17.893 1.0000000000
21051  6.117  -67.784  -18.420 1.0000000000
22181  5.988  -66.682  -18.702 0.8999999762
19957  10.215  -68.780  -18.449 0.8999999762
23411  5.998  -65.112  -18.922 0.6999999881
127816  15.592  -86.860  -21.639 0.6000000238
127491  14.664  -87.661  -20.774 0.6999999881
21087  8.076  -68.308  -21.224 0.8999999762
5026  23.708  -84.127  -30.108 0.8999999762
5018  23.971  -84.737  -28.997 0.8000000119
127487  16.441  -87.339  -22.528 0.8000000119
128022  14.925  -88.348  -21.884 0.8000000119
20006  7.016  -68.902  -22.167 0.8999999762
5022  23.118  -84.818  -29.544 0.8000000119
4356  24.044  -85.070  -28.478 0.8000000119
4352  23.806  -85.973  -27.495 0.8000000119
151170  24.937  -85.996  -26.218 0.6999999881
20022  7.174  -68.868  -23.270 0.8999999762
18977  5.460  -71.043  -24.565 0.8999999762
16779  4.499  -72.195  -24.483 0.8999999762
5034  21.775  -84.191  -31.082 0.8999999762
5027  22.376  -84.504  -30.270 0.8999999762
4370  21.504  -85.060  -29.595 0.8999999762
4362  23.282  -85.235  -28.783 0.8000000119
3735  24.657  -85.796  -24.832 0.6999999881
154825  23.598  -86.318  -23.989 0.6000000238
3164  23.470  -86.889  -23.439 0.5000000000
145296  19.631  -86.457  -22.118 0.6000000238
4325  19.400  -85.482  -21.992 0.5000000000
5035  20.525  -83.065  -29.976 1.0000000000
5028  20.782  -84.099  -29.695 0.8999999762
3731  23.849  -85.989  -23.569 0.6999999881
3726  23.876  -86.591  -22.477 0.5000000000
134714  23.810  -87.137  -22.016 0.5000000000
3153  22.955  -87.487  -20.684 0.5000000000
3156  21.049  -86.824  -21.479 0.6000000238
9973  2.545  -78.076  -26.291 0.5000000000
14460  3.651  -74.633  -25.453 0.8999999762
5041  20.275  -82.426  -30.362 1.0000000000
3722  24.100  -87.048  -21.225 0.5000000000
3152  23.630  -87.338  -20.495 0.5000000000
3146  22.933  -87.103  -20.228 0.5000000000
5042  19.429  -82.432  -29.529 1.0000000000
5036  18.651  -83.035  -29.370 1.0000000000
5043  18.428  -82.379  -29.503 0.6999999881
4393  18.406  -83.419  -29.585 0.6999999881
5714  17.986  -81.953  -29.512 0.6999999881
142712  17.859  -83.001  -29.946 0.6000000238
4394  18.704  -84.596  -31.979 0.4000000060
5051  18.079  -83.498  -32.274 0.4000000060
5044  18.973  -83.761  -31.815 0.4000000060
1319  -0.649  -90.120  4.397 0.8000000119
583  -0.977  -92.323  5.243 0.6999999881
140975  -0.841  -92.994  5.708 0.6999999881
104  0.054  -94.022  5.560 0.6999999881
2314  -0.649  -88.363  3.574 0.8000000119
584  -1.237  -92.754  4.672 0.6000000238
2930  1.175  -87.884  1.616 0.1000000015
18857  7.836  -70.385  -16.351 1.0000000000
17750  10.146  -71.509  -15.952 0.8999999762
18855  10.044  -71.081  -16.823 0.8999999762
21031  5.575  -68.362  -17.759 1.0000000000
22166  5.379  -67.451  -17.995 0.8000000119
22167  4.843  -67.133  -17.321 0.8000000119
127931  16.997  -85.593  -21.263 0.5000000000
19969  10.119  -68.672  -19.339 1.0000000000
5021  24.133  -84.004  -29.531 0.8999999762
145475  16.891  -86.073  -22.182 0.4000000060
146441  23.256  -83.748  -30.729 0.8999999762
5015  24.701  -84.570  -27.310 0.8000000119
4345  25.102  -85.373  -26.032 0.8000000119
4983  19.359  -84.838  -21.455 0.4000000060
127900  18.208  -85.140  -21.836 0.4000000060
19989  7.366  -69.347  -20.727 1.0000000000
18940  5.582  -70.182  -22.736 0.8999999762
5708  21.385  -83.217  -31.059 0.8000000119
5011  25.103  -84.867  -26.393 0.8000000119
5004  23.825  -85.375  -25.078 0.6999999881
4337  23.942  -85.929  -23.802 0.6000000238
8983  3.393  -79.309  -24.938 0.8000000119
18962  5.226  -70.992  -23.241 0.8999999762
17876  4.769  -71.611  -23.805 0.8999999762
5717  20.330  -81.936  -31.203 0.8999999762
4329  23.964  -85.991  -22.885 0.5000000000
4317  21.395  -86.112  -21.014 0.5000000000
148620  2.954  -81.594  -24.368 0.8000000119
8971  3.049  -79.775  -24.113 0.8999999762
11017  3.379  -77.899  -25.400 0.6999999881
13293  3.425  -76.044  -25.080 0.8000000119
16797  4.237  -72.849  -25.212 0.8999999762
5713  19.270  -81.795  -29.807 1.0000000000
3144  23.935  -87.224  -20.032 0.5000000000
3707  23.563  -86.801  -19.484 0.5000000000
137669  21.455  -85.653  -20.271 0.5000000000
12156  3.525  -76.977  -25.245 0.8000000119
6416  18.544  -80.725  -30.877 0.8999999762
6417  16.941  -81.186  -30.360 0.8000000119
5715  17.407  -82.707  -30.674 0.6000000238
6418  16.641  -82.105  -31.625 0.5000000000
5721  17.104  -82.707  -33.265 0.5000000000
5052  17.710  -83.413  -33.011 0.4000000060
2301  0.092  -88.692  4.395 0.8000000119
1783  -0.710  -89.074  3.600 0.8000000119
2917  -1.676  -86.910  1.881 0.4000000060
152538  9.615  -71.393  -15.536 0.8999999762
18838  8.292  -70.883  -15.572 0.8999999762
18839  7.442  -70.292  -15.581 1.0000000000
19933  6.510  -69.618  -16.549 1.0000000000
18840  6.728  -69.844  -15.645 1.0000000000
19934  5.648  -69.155  -16.410 1.0000000000
21010  4.748  -67.950  -16.686 1.0000000000
131605  4.908  -65.800  -16.923 0.8000000119
20991  4.641  -67.828  -15.687 0.8999999762
23397  4.930  -64.786  -17.065 0.8000000119
17785  10.830  -71.736  -17.967 0.8999999762
18873  10.847  -69.632  -18.356 0.8999999762
138737  10.703  -69.338  -19.183 0.8999999762
5693  24.316  -83.889  -28.471 0.6999999881
18881  9.836  -69.309  -19.980 1.0000000000
19988  8.581  -68.568  -20.540 1.0000000000
5707  22.890  -83.390  -31.461 0.8000000119
5677  24.231  -84.492  -27.365 0.8000000119
5009  23.905  -85.068  -25.908 0.6999999881
5659  23.197  -84.470  -24.985 0.6999999881
19990  6.332  -69.584  -21.226 0.8999999762
128679  21.004  -83.135  -32.136 0.8000000119
4342  24.136  -85.733  -24.394 0.6000000238
4330  23.904  -85.543  -22.279 0.4000000060
4318  20.445  -85.263  -21.105 0.4000000060
18941  4.764  -70.759  -22.039 0.8999999762
17855  4.471  -71.559  -22.616 0.8999999762
6414  20.582  -82.295  -32.637 0.8999999762
4322  24.280  -86.496  -20.726 0.5000000000
3705  24.203  -86.641  -19.580 0.5000000000
4305  22.071  -85.610  -19.216 0.4000000060
6352  3.041  -82.915  -23.196 0.6000000238
153159  20.124  -81.499  -31.514 1.0000000000
3695  23.308  -86.315  -18.811 0.5000000000
9937  2.926  -78.893  -24.128 0.8999999762
9936  3.316  -78.470  -24.746 0.8000000119
137646  3.661  -74.157  -24.464 0.8999999762
146602  19.199  -80.499  -32.148 0.8999999762
141894  3.544  -75.214  -24.814 0.8999999762
6423  18.152  -80.342  -31.304 0.8000000119
6424  16.840  -80.786  -30.861 0.5000000000
6425  16.201  -81.271  -31.603 0.5000000000
140015  16.723  -82.084  -33.400 0.5000000000
6426  16.433  -81.927  -34.102 0.4000000060
141529  16.169  -81.567  -33.345 0.6000000238
127528  14.883  -81.392  -34.272 0.3000000119
152532  2.011  -92.498  6.671 1.0000000000
103  1.303  -93.503  5.864 1.0000000000
1775  1.423  -89.073  5.542 0.8999999762
1310  0.855  -91.123  5.734 0.6999999881
918  0.551  -92.360  6.328 0.8000000119
293  0.261  -93.180  6.907 0.8000000119
100  0.654  -93.837  5.645 0.8000000119
1318  0.229  -90.071  5.034 0.8000000119
16635  12.213  -72.288  -14.805 0.8999999762
153678  11.159  -72.205  -15.511 0.8999999762
17734  10.857  -71.646  -14.510 0.8999999762
147449  9.425  -71.142  -14.385 0.8999999762
18816  9.404  -70.602  -13.475 1.0000000000
18825  7.733  -70.366  -14.711 1.0000000000
135463  5.108  -68.482  -15.228 1.0000000000
20972  4.732  -67.652  -14.555 1.0000000000
16664  11.912  -73.034  -15.958 0.8999999762
17779  10.798  -72.116  -16.869 0.8999999762
22137  4.462  -66.764  -15.073 0.8000000119
23367  4.436  -65.627  -15.355 0.8000000119
25772  3.871  -64.400  -15.909 0.6999999881
4969  20.858  -84.992  -20.027 0.4000000060
16675  11.345  -73.090  -16.646 0.8999999762
133250  11.159  -71.268  -19.082 0.8999999762
24563  2.780  -64.731  -15.229 0.6000000238
24580  3.546  -64.357  -16.369 0.5000000000
6394  24.005  -83.421  -28.814 0.6999999881
4295  23.117  -85.764  -18.189 0.5000000000
16689  10.626  -72.928  -18.458 0.8999999762
18880  10.756  -69.848  -20.039 0.8999999762
18882  8.348  -70.074  -20.037 1.0000000000
5711  23.419  -82.629  -31.843 0.8000000119
5678  23.265  -84.155  -26.975 0.6999999881
5005  23.512  -84.945  -24.181 0.6000000238
18899  6.531  -69.938  -20.362 1.0000000000
18900  5.714  -70.367  -20.724 0.8999999762
6413  21.766  -82.364  -33.031 0.8000000119
4338  23.720  -85.406  -23.354 0.5000000000
4323  24.156  -85.718  -21.272 0.5000000000
138693  23.900  -86.193  -18.140 0.5000000000
147147  20.314  -81.857  -33.264 0.8999999762
7130  3.096  -81.596  -22.680 0.8999999762
16759  4.017  -72.300  -22.295 0.8999999762
16780  4.139  -72.704  -24.044 0.8999999762
7219  19.712  -81.272  -33.532 0.8999999762
8134  19.544  -80.997  -34.101 0.8999999762
7143  3.157  -81.264  -23.636 0.8000000119
8135  18.895  -80.384  -33.554 0.8999999762
9091  18.762  -79.857  -33.494 1.0000000000
10997  3.293  -77.408  -24.194 0.8999999762
12144  3.395  -76.519  -24.293 0.8999999762
8136  17.742  -79.691  -32.190 0.8999999762
9092  18.152  -79.306  -33.241 1.0000000000
9093  17.137  -79.271  -32.282 1.0000000000
127525  15.988  -79.894  -31.826 0.8999999762
7222  16.883  -80.366  -31.313 0.6999999881
7223  16.061  -80.421  -31.582 0.6000000238
127527  15.404  -80.674  -34.109 0.5000000000
128034  14.600  -80.531  -34.319 0.3000000119
7230  13.762  -80.482  -34.350 0.4000000060
1297  2.155  -91.019  7.008 1.0000000000
2288  1.463  -89.469  6.525 1.0000000000
569  1.711  -92.322  6.706 0.8999999762
128643  1.450  -88.453  5.579 1.0000000000
1766  1.488  -89.985  5.918 0.8999999762
1299  1.442  -91.766  6.556 1.0000000000
2902  1.248  -87.021  4.275 0.6999999881
2300  1.444  -88.448  4.973 0.8000000119
16633  13.946  -72.210  -14.964 0.8000000119
17732  12.760  -71.921  -14.194 0.8999999762
18812  13.742  -70.784  -13.094 0.8000000119
17733  11.774  -71.775  -14.294 0.8999999762
17722  12.277  -71.464  -13.582 0.8999999762
18815  10.580  -70.674  -12.949 0.8999999762
128273  6.847  -69.125  -14.027 1.0000000000
19897  5.787  -68.905  -15.046 1.0000000000
16663  12.714  -73.150  -16.053 0.8000000119
22122  4.366  -66.866  -14.169 1.0000000000
23334  3.877  -66.298  -13.939 0.8000000119
5679  22.425  -83.617  -26.459 0.6000000238
15491  12.026  -73.501  -16.646 0.8999999762
15509  11.311  -73.750  -17.394 0.8999999762
24544  3.208  -64.909  -14.656 0.6999999881
5669  22.151  -83.901  -25.389 0.6000000238
153431  22.503  -84.147  -24.637 0.6000000238
17798  10.813  -72.153  -19.750 0.8999999762
18898  9.660  -70.094  -20.450 1.0000000000
5668  23.145  -84.254  -26.012 0.6000000238
4981  23.733  -85.010  -21.716 0.5000000000
4304  24.548  -85.959  -19.156 0.5000000000
17814  10.758  -71.525  -20.972 0.8999999762
17816  8.505  -70.733  -20.292 1.0000000000
17817  7.513  -70.948  -19.817 1.0000000000
9090  20.008  -80.202  -34.252 0.8000000119
7214  21.218  -81.883  -33.367 0.6999999881
146281  4.771  -71.466  -20.710 0.8999999762
10054  19.206  -78.459  -33.907 1.0000000000
147737  19.178  -80.285  -34.179 0.8999999762
10056  17.936  -78.918  -34.928 0.8999999762
15623  3.862  -73.352  -24.273 0.8999999762
146340  18.055  -78.891  -33.656 1.0000000000
13272  3.555  -75.492  -22.804 0.8999999762
14448  3.639  -74.804  -23.692 0.8999999762
10057  17.954  -78.631  -33.835 1.0000000000
148361  17.342  -79.110  -33.023 1.0000000000
9915  2.651  -78.795  -21.943 0.8000000119
10046  17.005  -78.673  -33.148 1.0000000000
9094  16.576  -79.261  -32.439 1.0000000000
10026  15.487  -78.933  -33.122 1.0000000000
127852  15.360  -79.941  -32.160 0.8000000119
127524  15.131  -80.117  -32.649 0.6000000238
8138  14.213  -79.871  -34.316 0.4000000060
127526  14.488  -79.505  -33.808 1.0000000000
131713  13.570  -79.875  -34.207 0.5000000000
131826  12.300  -80.171  -34.044 0.4000000060
9098  11.851  -79.472  -33.785 0.6000000238
9095  14.049  -79.333  -33.957 0.6999999881
132355  1.319  -88.979  7.525 1.0000000000
1745  1.886  -89.241  7.647 1.0000000000
1757  2.256  -90.244  7.308 1.0000000000
2866  0.095  -87.650  6.810 1.0000000000
3434  -0.017  -86.816  6.209 1.0000000000
1298  1.970  -91.019  6.936 1.0000000000
2877  1.523  -87.562  5.378 1.0000000000
3444  1.588  -86.827  4.797 0.8999999762
17720  14.208  -71.151  -13.897 0.8000000119
18811  14.336  -70.262  -13.355 0.6999999881
17747  14.461  -71.783  -15.197 0.6999999881
136981  14.562  -70.354  -14.125 0.6999999881
18814  11.764  -70.979  -12.915 0.8999999762
19911  14.552  -70.448  -16.088 0.6000000238
18801  13.282  -70.461  -12.386 0.8999999762
18803  10.505  -70.016  -11.901 0.8999999762
18817  8.573  -70.249  -13.450 1.0000000000
154682  14.830  -71.202  -16.275 0.6999999881
19873  9.825  -69.608  -11.661 0.8999999762
154616  8.557  -69.560  -12.401 1.0000000000
19887  6.842  -68.730  -12.958 1.0000000000
20971  5.465  -68.278  -14.147 1.0000000000
16646  14.166  -72.384  -15.707 0.6999999881
15490  12.840  -73.489  -16.772 0.6000000238
19875  7.486  -69.046  -12.477 1.0000000000
20954  6.117  -68.311  -12.558 1.0000000000
22108  4.837  -67.576  -13.598 1.0000000000
150332  23.306  -84.470  -22.038 0.5000000000
130697  23.977  -85.168  -20.886 0.5000000000
15508  12.140  -73.806  -17.371 0.6999999881
14381  10.944  -74.336  -18.563 0.8000000119
14393  10.642  -74.262  -19.230 0.8000000119
19876  6.794  -68.570  -12.085 1.0000000000
22110  3.371  -66.953  -13.439 1.0000000000
23335  2.957  -65.854  -13.763 0.6999999881
5670  20.861  -83.470  -25.216 0.6000000238
5660  21.670  -83.929  -24.307 0.5000000000
4999  22.827  -84.292  -23.911 0.5000000000
4992  22.916  -84.259  -22.783 0.5000000000
15529  10.633  -74.073  -18.479 0.8999999762
16717  10.327  -72.975  -20.355 0.8000000119
18919  9.656  -70.799  -21.196 1.0000000000
22111  2.224  -66.294  -13.218 0.6000000238
4991  23.495  -84.876  -22.600 0.5000000000
17835  8.796  -71.182  -21.601 1.0000000000
129733  11.844  -80.842  -24.078 0.8000000119
8004  11.107  -80.933  -22.710 0.8000000119
7126  10.590  -81.411  -22.254 0.8999999762
128794  5.763  -71.569  -20.154 0.8999999762
11166  19.129  -78.044  -35.040 0.8000000119
13426  18.142  -76.964  -34.901 0.6999999881
12234  17.179  -76.669  -29.923 0.6000000238
10002  16.176  -77.923  -29.276 0.5000000000
8048  11.873  -81.135  -24.854 0.8000000119
7152  11.203  -81.205  -24.626 0.8000000119
7127  10.124  -81.960  -22.862 0.8999999762
6340  9.378  -82.650  -20.743 0.8000000119
15562  5.485  -73.320  -20.488 0.8000000119
17820  4.563  -72.106  -20.656 0.8000000119
12308  18.129  -77.336  -35.528 0.8999999762
12281  17.534  -77.829  -33.480 0.8000000119
12262  16.543  -76.367  -31.291 0.8000000119
128724  15.786  -77.336  -30.029 0.6000000238
10003  15.400  -78.171  -29.658 0.6000000238
7172  11.449  -81.376  -26.093 0.8000000119
136515  10.683  -81.544  -24.835 0.8999999762
7153  10.680  -81.488  -24.149 0.8999999762
5634  8.149  -83.611  -21.418 0.8999999762
5635  7.448  -83.983  -21.212 0.8999999762
4310  5.177  -85.573  -19.610 0.8999999762
4948  3.668  -84.668  -18.913 0.8999999762
16739  4.004  -72.717  -21.360 0.8999999762
16740  3.798  -73.045  -22.282 0.8000000119
11146  17.699  -78.189  -34.133 0.8999999762
12254  16.333  -76.683  -30.534 0.6999999881
7167  10.370  -81.891  -25.358 0.8000000119
6378  9.282  -82.764  -25.652 0.8000000119
133070  8.862  -83.238  -23.895 0.8999999762
5653  7.558  -83.938  -23.174 0.8999999762
4993  6.233  -84.522  -22.221 0.8000000119
4965  3.184  -84.416  -19.355 0.8999999762
133189  2.862  -82.281  -20.886 0.8999999762
148902  2.616  -80.747  -21.032 0.8999999762
8951  2.533  -79.502  -21.334 0.8999999762
14435  3.646  -74.563  -22.367 0.8999999762
15606  3.688  -73.771  -23.100 0.8999999762
133402  17.037  -78.215  -33.334 0.8999999762
7173  10.623  -81.674  -26.118 0.8000000119
6377  9.844  -82.263  -26.064 0.8000000119
5663  8.091  -83.808  -24.184 0.8999999762
140402  7.069  -84.205  -23.930 0.8999999762
5000  5.856  -84.516  -22.976 0.8999999762
10977  3.114  -77.334  -22.852 1.0000000000
10033  16.076  -78.483  -33.141 0.8999999762
9084  14.312  -78.777  -33.573 1.0000000000
10034  15.133  -78.189  -33.325 0.8999999762
135670  10.540  -78.507  -33.718 0.6999999881
9100  9.768  -78.870  -34.009 0.6999999881
9078  8.494  -79.175  -32.935 0.6999999881
10035  13.794  -78.698  -33.773 0.8000000119
10037  12.616  -78.227  -33.409 0.8000000119
140567  11.744  -78.736  -33.389 0.6999999881
10049  11.014  -78.888  -33.880 0.6999999881
9071  8.011  -79.625  -32.363 0.6999999881
8120  7.601  -80.022  -31.686 0.6999999881
143455  6.725  -81.425  -29.642 0.6000000238
10047  13.294  -78.748  -33.722 0.8999999762
3435  -1.012  -86.159  6.412 1.0000000000
4055  1.215  -84.935  4.538 1.0000000000
4068  1.215  -84.966  3.610 0.8999999762
4087  0.154  -85.149  2.781 0.6999999881
5348  -0.620  -83.363  1.572 0.6999999881
5361  -1.469  -83.585  0.959 0.5000000000
6062  -1.551  -83.141  -0.306 0.6000000238
25812  11.747  -64.102  -18.226 0.4000000060
23396  12.023  -66.108  -17.135 0.4000000060
22151  12.320  -67.888  -16.398 0.4000000060
20988  13.346  -68.752  -15.516 0.5000000000
20953  13.614  -68.096  -13.711 0.5000000000
135599  12.310  -64.570  -18.533 0.4000000060
152121  11.930  -65.478  -17.596 0.4000000060
21009  12.701  -68.454  -16.077 0.4000000060
144821  14.284  -68.830  -13.757 0.6999999881
20937  14.214  -68.576  -12.492 0.6999999881
19852  13.931  -69.007  -11.485 0.8999999762
19853  13.246  -69.464  -11.167 0.8999999762
23395  12.748  -66.405  -17.764 0.4000000060
150776  12.611  -66.820  -17.218 0.4000000060
21007  13.832  -69.334  -17.071 0.6000000238
18800  14.046  -70.042  -12.631 0.8999999762
151013  12.081  -70.240  -11.618 0.8999999762
18790  11.340  -69.840  -11.313 0.8999999762
19838  11.175  -69.900  -10.393 0.8999999762
22177  13.592  -67.638  -18.197 0.4000000060
135516  9.061  -69.363  -11.039 0.8999999762
20938  5.369  -68.145  -12.363 1.0000000000
19859  5.718  -69.003  -11.375 1.0000000000
132323  24.514  -85.429  -19.341 0.4000000060
137121  14.606  -70.273  -17.785 0.6000000238
133310  14.763  -71.631  -16.933 0.6000000238
16673  14.287  -72.331  -17.436 0.6000000238
22090  4.193  -67.525  -13.104 1.0000000000
20940  3.361  -67.941  -12.765 1.0000000000
5649  22.032  -83.904  -23.242 0.5000000000
4968  24.078  -84.949  -20.140 0.5000000000
134730  13.208  -73.393  -17.896 0.6000000238
131870  12.362  -73.867  -18.957 0.6000000238
14391  11.829  -74.189  -19.677 0.6999999881
134949  2.594  -67.274  -12.939 1.0000000000
15582  9.759  -73.450  -21.604 0.8000000119
17834  9.333  -71.433  -22.211 0.8000000119
13290  9.115  -75.334  -25.002 0.6000000238
14445  9.243  -74.649  -23.848 0.6000000238
148956  9.189  -72.521  -23.394 0.6000000238
17852  8.557  -71.767  -23.247 0.8000000119
16737  7.490  -72.098  -21.078 0.8999999762
20942  1.244  -67.364  -11.842 0.8000000119
15634  7.888  -73.349  -24.653 0.5000000000
15620  8.272  -72.619  -24.272 0.6999999881
16758  7.684  -72.110  -22.602 0.6000000238
16738  7.125  -72.703  -21.466 0.8000000119
9994  16.630  -78.473  -28.558 0.5000000000
149768  14.715  -80.986  -26.987 0.6000000238
128574  13.916  -81.202  -26.268 0.8000000119
7164  12.272  -81.228  -25.589 0.8000000119
7114  10.493  -81.484  -21.015 0.8999999762
6316  8.109  -82.200  -19.114 0.8999999762
148569  7.691  -82.832  -18.900 0.8000000119
15635  7.745  -72.914  -24.321 0.6000000238
15605  7.419  -72.777  -22.997 0.6000000238
154039  5.820  -72.198  -20.174 0.8000000119
9995  15.827  -78.770  -29.005 0.5000000000
7171  12.976  -81.208  -26.336 0.8000000119
6329  8.848  -82.776  -20.196 0.8000000119
5613  8.223  -82.841  -19.488 0.8000000119
4975  6.206  -84.437  -20.005 0.8000000119
5617  4.601  -84.020  -18.610 0.8999999762
6304  3.032  -82.539  -18.421 1.0000000000
6319  2.689  -82.603  -19.014 1.0000000000
15563  4.889  -73.840  -20.591 0.8000000119
10012  14.981  -77.534  -30.423 0.6999999881
9047  14.327  -79.274  -29.650 0.6999999881
8094  13.936  -80.007  -29.443 0.6999999881
8078  12.641  -81.223  -27.070 0.8000000119
146469  12.216  -81.282  -26.406 0.8000000119
4985  6.469  -84.445  -21.150 0.8000000119
141919  5.561  -85.861  -20.177 0.8999999762
7918  2.613  -80.814  -19.155 1.0000000000
8935  2.519  -79.363  -20.306 1.0000000000
15584  4.136  -73.634  -21.030 0.8999999762
128454  14.642  -76.948  -31.088 0.8000000119
10013  14.034  -77.567  -30.820 0.6999999881
9055  13.827  -78.652  -30.237 0.6999999881
7183  11.779  -81.297  -28.472 0.8000000119
7178  11.384  -81.381  -27.687 0.8000000119
6384  8.016  -83.151  -27.174 0.8999999762
5681  7.883  -83.477  -26.407 0.8999999762
154141  6.545  -83.796  -26.067 0.8999999762
4986  5.903  -84.937  -21.615 0.8999999762
4331  5.696  -85.836  -21.960 0.8000000119
140171  2.546  -78.667  -20.859 0.8999999762
10956  2.652  -77.938  -21.385 0.8999999762
142963  3.681  -76.021  -22.168 0.8999999762
14424  3.933  -74.418  -21.379 1.0000000000
11128  14.081  -76.898  -31.702 0.8000000119
10019  13.261  -77.310  -31.609 0.6999999881
5688  7.262  -83.302  -27.217 0.6999999881
5690  5.393  -83.235  -27.105 0.6999999881
10955  2.995  -77.190  -20.955 0.8000000119
11141  14.741  -77.523  -33.062 0.8999999762
11134  13.529  -77.191  -32.384 0.8000000119
10021  11.084  -78.388  -32.321 0.8000000119
153483  9.821  -78.639  -33.045 0.8000000119
140035  9.439  -78.945  -31.707 0.8000000119
6398  6.959  -82.436  -28.593 0.6999999881
6391  6.552  -82.867  -27.909 0.6999999881
11142  13.877  -77.532  -33.067 0.8999999762
10027  13.064  -77.648  -33.031 0.8000000119
10028  12.254  -77.956  -32.985 0.8000000119
8100  8.190  -80.363  -30.210 0.6999999881
7195  7.492  -81.050  -29.736 0.6999999881
7188  7.275  -81.791  -29.147 0.6000000238
4682  -0.119  -85.249  5.319 1.0000000000
4702  1.262  -84.262  3.917 0.8999999762
5347  0.514  -83.183  2.540 0.8000000119
141785  -0.812  -82.792  1.216 0.8000000119
5376  -1.132  -82.951  0.536 0.6999999881
3490  -1.046  -87.125  0.994 0.3000000119
5391  -2.044  -83.742  -0.729 0.5000000000
4128  -1.889  -84.970  -0.241 0.4000000060
142127  14.179  -60.838  -18.367 0.3000000119
27058  13.257  -62.021  -18.806 0.3000000119
27059  11.830  -62.835  -18.477 0.3000000119
27060  10.766  -63.523  -18.025 0.2000000030
153438  11.258  -65.289  -17.362 0.4000000060
22152  11.618  -67.519  -16.063 0.2000000030
20969  12.292  -67.893  -15.014 0.4000000060
25811  12.532  -63.619  -18.710 0.4000000060
22104  13.688  -67.820  -12.872 0.6000000238
19835  13.532  -68.854  -10.730 0.8999999762
24607  12.567  -65.326  -18.773 0.3000000119
22193  13.569  -67.412  -18.971 0.4000000060
19837  12.219  -69.741  -9.959 0.8999999762
138654  14.067  -67.950  -18.664 0.4000000060
19956  14.599  -69.718  -18.582 0.6000000238
18878  14.588  -70.255  -19.230 0.5000000000
151001  13.993  -71.366  -20.153 0.5000000000
19840  8.366  -69.581  -10.748 1.0000000000
19858  6.546  -68.928  -11.461 1.0000000000
18871  14.702  -70.589  -18.449 0.6000000238
16700  14.145  -71.727  -18.885 0.5000000000
16716  13.785  -72.081  -20.093 0.5000000000
15580  13.037  -72.908  -21.061 0.6999999881
148260  7.728  -69.402  -11.008 1.0000000000
19861  3.429  -69.319  -11.681 1.0000000000
16687  14.220  -72.049  -18.212 0.6000000238
16701  13.796  -72.436  -18.797 0.5000000000
15542  12.769  -73.416  -19.595 0.6000000238
142676  10.843  -74.644  -20.825 0.8000000119
19877  2.840  -68.764  -12.261 1.0000000000
14420  11.334  -74.584  -21.633 0.6000000238
14422  9.817  -74.431  -21.809 0.8000000119
13270  9.836  -75.086  -23.375 0.5000000000
14433  9.632  -74.525  -22.940 0.6000000238
8075  15.242  -80.690  -27.835 0.6000000238
137507  14.680  -81.122  -26.127 0.6999999881
144951  7.852  -81.548  -19.280 0.8999999762
6300  6.594  -82.729  -18.490 0.8999999762
133029  14.821  -80.489  -28.435 0.6999999881
8077  13.614  -81.114  -27.189 0.6999999881
6301  5.653  -82.536  -18.388 0.8999999762
7907  2.947  -80.777  -18.494 1.0000000000
144080  7.411  -73.667  -24.422 0.5000000000
15583  6.707  -73.575  -21.132 0.6999999881
134073  13.388  -80.612  -29.190 0.8000000119
132117  13.080  -81.184  -27.843 0.8000000119
10936  4.331  -77.080  -19.638 0.8000000119
14408  6.536  -74.497  -20.828 0.6999999881
14410  5.206  -74.642  -20.513 0.8000000119
10014  13.135  -78.074  -30.850 0.6999999881
8095  13.144  -80.083  -30.009 0.6999999881
8087  12.692  -81.100  -28.646 0.8000000119
7192  10.465  -81.150  -29.394 0.8000000119
7193  9.642  -81.300  -29.236 0.8999999762
12119  3.361  -76.608  -21.851 0.8999999762
13252  4.445  -75.012  -20.805 0.8000000119
6390  7.613  -82.881  -27.840 0.8000000119
128463  11.898  -77.898  -32.324 0.8999999762
10022  10.150  -78.657  -32.228 0.6999999881
9060  8.869  -79.375  -31.192 0.8000000119
6397  8.105  -82.277  -28.443 0.8999999762
146266  0.649  -84.318  4.587 0.8999999762
6025  0.349  -82.487  3.523 0.8000000119
154812  0.555  -82.568  2.814 0.8999999762
5339  0.866  -83.360  3.332 0.8999999762
139120  0.265  -81.705  1.613 0.8999999762
6052  -0.530  -82.257  1.117 0.6999999881
6078  -1.321  -82.496  -0.643 0.8000000119
6860  -1.555  -81.377  -1.994 0.5000000000
6079  -1.964  -83.028  -1.217 0.5000000000
6861  -2.031  -81.907  -2.493 0.5000000000
135030  0.712  -84.651  -0.613 0.2000000030
154063  -0.277  -84.724  -1.050 0.2000000030
147377  -1.910  -83.533  -1.546 0.5000000000
4757  -1.269  -84.765  -0.817 0.4000000060
28230  12.417  -61.636  -18.494 0.3000000119
24575  11.028  -66.039  -16.806 0.2000000030
22135  11.453  -67.694  -15.358 0.2000000030
22107  11.070  -67.195  -14.133 0.3000000119
22089  12.274  -67.070  -12.847 0.5000000000
22064  13.510  -67.518  -10.550 0.8999999762
137801  12.725  -69.188  -9.499 0.8999999762
19829  12.140  -69.601  -9.026 0.8999999762
25828  13.023  -64.310  -19.076 0.4000000060
23422  12.998  -66.778  -19.316 0.3000000119
22192  14.073  -67.964  -19.371 0.3000000119
19830  11.611  -70.148  -9.338 0.8999999762
18896  14.318  -70.037  -20.089 0.5000000000
18778  9.638  -70.339  -10.024 0.8999999762
18779  8.537  -70.255  -10.054 1.0000000000
19842  6.115  -69.491  -10.831 1.0000000000
18782  5.584  -70.182  -10.142 1.0000000000
21083  14.020  -68.748  -20.509 0.3000000119
19844  4.181  -69.724  -11.155 1.0000000000
147884  13.495  -72.306  -20.788 0.6000000238
14405  11.729  -74.281  -20.792 0.8000000119
18783  3.887  -69.999  -10.137 1.0000000000
133287  10.863  -70.619  -26.396 0.5000000000
155044  10.897  -71.005  -26.093 0.5000000000
16827  10.410  -72.245  -26.669 0.5000000000
19845  3.068  -69.650  -10.766 0.8999999762
14467  10.296  -75.305  -25.963 0.6000000238
14466  11.667  -74.307  -25.297 0.5000000000
14443  11.259  -74.981  -23.570 0.5000000000
14430  11.950  -74.341  -22.408 0.6000000238
19863  1.600  -68.488  -10.842 0.8999999762
19846  1.318  -68.757  -10.035 0.8999999762
13301  9.378  -75.504  -25.773 0.6000000238
136191  9.999  -75.458  -24.816 0.6000000238
7094  5.464  -81.691  -18.666 1.0000000000
13291  8.530  -75.432  -25.718 0.5000000000
14470  7.267  -74.678  -25.335 0.5000000000
14459  7.002  -74.761  -24.749 0.6000000238
13271  7.272  -74.928  -22.487 0.6999999881
135152  12.543  -79.556  -30.456 0.8000000119
8106  12.231  -80.200  -30.234 0.8000000119
8107  11.344  -80.230  -30.380 0.8000000119
8098  10.002  -80.701  -29.848 0.6999999881
13253  4.318  -75.748  -20.718 0.8000000119
13251  6.072  -75.002  -20.420 0.6999999881
10020  12.441  -77.772  -31.567 0.6999999881
9057  11.713  -79.366  -30.806 0.8000000119
8108  10.408  -80.177  -30.378 0.6999999881
8109  9.257  -80.027  -30.385 0.8999999762
9067  11.648  -78.234  -31.493 0.8999999762
9059  9.814  -79.259  -30.776 0.8000000119
8099  9.164  -80.748  -29.849 0.8000000119
6031  -0.182  -81.521  3.688 0.8000000119
6792  0.072  -81.123  3.163 0.8000000119
6803  0.334  -81.146  2.491 0.8000000119
7614  1.320  -80.110  1.733 0.8000000119
7641  0.328  -81.205  0.698 0.8000000119
6823  -0.270  -81.655  0.085 0.8000000119
6839  -0.634  -81.178  -0.898 0.8000000119
5390  0.358  -84.252  -1.313 0.2000000030
6880  -2.013  -81.587  -3.100 0.5000000000
6115  -0.055  -82.865  -3.153 0.4000000060
6116  -1.529  -82.531  -3.063 0.5000000000
27047  9.816  -62.480  -18.636 0.2000000030
24594  9.655  -64.757  -17.096 0.2000000030
23365  9.069  -66.479  -15.708 0.2000000030
23347  9.220  -66.759  -15.088 0.4000000060
28211  14.888  -60.780  -18.277 0.2000000030
24593  10.431  -64.577  -17.475 0.2000000030
23380  10.373  -66.488  -16.299 0.2000000030
23331  10.429  -66.697  -13.697 0.4000000060
23330  11.388  -66.894  -13.286 0.4000000060
28248  14.447  -61.376  -19.212 0.2000000030
23302  12.915  -66.608  -10.835 0.8000000119
150103  12.871  -67.786  -9.476 0.8999999762
20910  12.399  -68.220  -9.001 0.8999999762
27072  13.239  -63.139  -19.147 0.3000000119
25827  13.610  -63.311  -19.791 0.3000000119
24618  12.919  -65.190  -19.719 0.3000000119
22214  13.067  -67.418  -20.741 0.3000000119
18756  11.510  -70.031  -8.574 0.8999999762
18766  10.175  -70.976  -9.162 0.8999999762
17685  7.913  -71.146  -9.142 1.0000000000
17686  6.355  -71.255  -9.010 1.0000000000
20005  13.897  -69.461  -21.482 0.4000000060
17832  14.009  -70.829  -21.225 0.5000000000
18770  4.637  -70.415  -9.651 1.0000000000
17833  13.830  -71.273  -21.996 0.5000000000
15601  13.013  -72.911  -21.924 0.5000000000
18784  2.910  -69.992  -9.700 1.0000000000
18991  11.508  -70.328  -26.016 0.4000000060
143827  11.806  -72.697  -25.446 0.5000000000
16794  12.397  -71.700  -24.814 0.5000000000
14419  12.062  -74.156  -21.673 0.6000000238
18759  2.676  -70.424  -8.902 0.8999999762
19832  0.475  -69.456  -9.373 0.6000000238
15650  11.418  -73.352  -25.977 0.5000000000
15649  12.087  -73.555  -25.093 0.5000000000
15633  12.448  -73.776  -24.155 0.5000000000
15618  12.548  -73.701  -23.124 0.5000000000
18773  0.909  -69.786  -8.836 0.8999999762
13282  7.120  -75.300  -23.590 0.6000000238
140745  7.042  -75.172  -21.348 0.6999999881
6793  -0.311  -80.841  3.900 0.8999999762
8601  0.524  -79.936  3.037 0.8999999762
8612  2.124  -79.815  1.667 0.8000000119
7626  1.729  -80.205  0.955 0.8000000119
7639  2.150  -80.163  -0.011 0.8999999762
7661  0.410  -80.561  -1.140 0.8000000119
131102  0.253  -80.258  -1.769 0.6999999881
7685  -1.567  -80.685  -2.769 0.6999999881
6128  -0.813  -82.172  -3.403 0.4000000060
25770  14.754  -64.244  -15.632 0.2000000030
27033  14.367  -62.503  -16.297 0.2000000030
28193  14.277  -61.297  -16.991 0.2000000030
29379  13.615  -60.677  -17.437 0.2000000030
29408  12.202  -60.935  -18.368 0.2000000030
29409  11.078  -61.758  -18.618 0.2000000030
25788  15.003  -64.129  -16.220 0.2000000030
140615  14.794  -61.947  -17.047 0.2000000030
25789  8.944  -64.541  -16.986 0.2000000030
23316  10.122  -66.006  -13.024 0.4000000060
23303  11.998  -66.120  -11.098 0.6999999881
22056  12.285  -67.357  -9.434 0.8999999762
138238  15.007  -62.465  -17.147 0.2000000030
28210  15.242  -61.373  -18.648 0.2000000030
28247  15.023  -61.451  -19.794 0.3000000119
20901  11.737  -68.673  -8.455 0.8999999762
19817  10.659  -69.908  -7.633 0.8999999762
16571  7.517  -72.353  -7.752 1.0000000000
17672  6.009  -71.712  -8.420 1.0000000000
27082  14.283  -62.527  -20.678 0.3000000119
25840  13.312  -64.286  -20.116 0.3000000119
23440  12.758  -65.792  -20.441 0.3000000119
18758  10.395  -71.107  -8.299 0.8999999762
154062  8.500  -71.839  -8.255 0.8999999762
24642  13.123  -64.711  -21.580 0.3000000119
23458  12.607  -66.586  -21.397 0.3000000119
21084  13.344  -68.236  -21.104 0.3000000119
20052  13.490  -69.287  -25.771 0.4000000060
22234  12.628  -67.511  -21.660 0.3000000119
21101  13.424  -68.747  -21.779 0.4000000060
18918  13.919  -70.238  -21.837 0.4000000060
20071  12.127  -69.920  -25.965 0.4000000060
17908  12.053  -71.130  -25.018 0.5000000000
16774  13.271  -72.226  -23.383 0.5000000000
18761  0.981  -70.438  -8.482 0.6000000238
17891  12.558  -71.060  -24.482 0.4000000060
16775  13.038  -72.979  -23.819 0.5000000000
16552  2.613  -72.174  -6.366 1.0000000000
17676  1.409  -70.774  -7.992 0.8000000119
17650  1.764  -71.468  -6.826 0.6999999881
8589  2.037  -79.288  3.196 0.8999999762
8599  2.540  -79.420  2.374 0.8999999762
8598  3.459  -79.161  2.218 0.8000000119
8623  3.616  -79.238  0.408 0.8999999762
8641  2.620  -79.564  -0.616 0.8999999762
8640  3.314  -79.143  -0.412 0.8999999762
8659  2.775  -78.933  -1.021 0.8999999762
7683  1.166  -80.009  -1.348 0.8999999762
7700  0.390  -79.958  -1.967 0.6000000238
136473  -1.245  -80.160  -3.536 0.6999999881
8679  -1.081  -79.336  -3.641 0.5000000000
7720  -1.151  -80.483  -3.948 0.4000000060
28194  13.402  -61.208  -16.577 0.2000000030
28212  9.305  -61.997  -19.070 0.2000000030
147132  9.593  -66.377  -13.729 0.4000000060
24520  10.574  -65.719  -12.152 0.6999999881
23287  10.726  -66.355  -10.266 0.6999999881
22057  10.580  -67.352  -9.042 0.6999999881
16562  7.169  -72.932  -7.069 1.0000000000
15354  5.948  -73.366  -6.248 1.0000000000
25787  15.164  -64.187  -16.650 0.2000000030
139196  15.528  -63.180  -18.327 0.2000000030
28228  15.368  -61.540  -19.570 0.3000000119
153964  11.060  -68.001  -8.464 0.8999999762
20902  10.825  -68.602  -8.079 0.8999999762
18747  10.277  -70.435  -7.498 0.8999999762
17658  9.055  -71.757  -7.186 0.8999999762
20020  13.401  -69.336  -22.451 0.5000000000
17851  13.570  -71.257  -22.944 0.4000000060
20034  12.963  -69.527  -23.492 0.4000000060
17874  13.242  -71.326  -23.712 0.4000000060
9556  5.558  -78.480  3.094 0.8000000119
9578  5.560  -78.102  1.459 0.8999999762
9592  4.494  -78.300  0.354 0.8000000119
10648  3.324  -77.919  -0.426 0.8999999762
9629  1.867  -78.834  -1.284 0.8999999762
8661  0.891  -79.347  -1.762 0.6999999881
9610  0.063  -78.147  -1.228 0.6000000238
8677  -0.394  -79.482  -2.258 0.6000000238
7734  -0.540  -79.724  -4.180 0.4000000060
24559  8.151  -65.352  -15.726 0.3000000119
143698  9.858  -65.447  -12.473 0.4000000060
23288  9.843  -66.335  -10.112 0.6999999881
22058  9.729  -67.438  -8.900 0.8999999762
16561  7.970  -72.544  -6.969 1.0000000000
20892  9.579  -69.079  -7.545 0.8999999762
142153  9.381  -69.643  -7.149 0.8999999762
17648  8.721  -71.662  -6.573 0.8999999762
10581  7.544  -77.262  3.260 0.8000000119
9541  7.045  -77.990  3.619 0.8000000119
131488  7.451  -77.875  4.235 0.8000000119
9567  6.788  -77.787  2.575 0.8000000119
11761  6.087  -76.748  1.977 0.8999999762
10593  6.531  -77.373  2.185 0.8999999762
10628  4.586  -77.650  0.439 0.8999999762
11800  4.177  -77.287  0.594 0.8999999762
10629  3.244  -77.596  -0.019 0.8999999762
9609  1.529  -78.442  -1.045 0.8999999762
8706  0.121  -79.307  -4.290 0.3000000119
9664  -0.952  -78.716  -3.624 0.3000000119
9648  -1.079  -78.795  -2.267 0.6000000238
10705  0.769  -77.769  -3.373 0.3000000119
10690  -1.016  -78.080  -3.078 0.3000000119
24510  9.956  -65.276  -11.599 0.6000000238
24494  10.158  -65.717  -10.771 0.6999999881
25739  8.433  -64.402  -12.412 0.4000000060
23289  8.910  -66.336  -9.807 0.6999999881
22059  8.872  -67.161  -9.051 0.8999999762
25722  7.794  -64.297  -11.683 0.4000000060
24496  7.643  -65.462  -10.477 0.6999999881
20893  8.655  -69.155  -7.371 0.8999999762
19804  8.251  -70.299  -6.499 0.8999999762
17644  7.524  -72.281  -5.741 0.8999999762
24497  6.726  -65.495  -10.606 0.6000000238
23271  6.559  -66.562  -9.449 0.6999999881
18738  7.764  -70.766  -6.113 0.8999999762
18731  6.805  -71.223  -5.206 0.8999999762
25703  5.613  -64.833  -11.291 0.3000000119
24481  4.724  -65.721  -10.532 0.6000000238
23258  4.992  -66.715  -8.974 0.6999999881
24499  3.949  -65.076  -10.756 0.4000000060
23260  3.326  -66.930  -9.140 0.6999999881
24501  1.903  -65.126  -10.192 0.5000000000
23275  2.522  -66.424  -9.534 0.5000000000
23261  2.166  -66.827  -8.791 0.5000000000
24483  0.818  -65.170  -9.635 0.4000000060
24473  0.105  -65.662  -8.853 0.5000000000
23262  0.724  -66.624  -8.317 0.6000000238
10571  8.400  -77.122  4.379 0.8000000119
138100  8.809  -76.652  5.092 0.8000000119
11730  8.313  -76.661  4.292 0.8000000119
12886  6.102  -76.067  3.504 0.8000000119
11740  7.390  -76.880  3.072 0.8000000119
11742  5.507  -76.377  2.593 0.8999999762
11783  4.921  -76.759  1.097 0.8999999762
11743  4.307  -76.349  2.961 0.8999999762
11762  4.668  -76.575  1.976 0.8999999762
10608  3.036  -77.345  0.786 0.8999999762
10630  2.059  -77.768  0.189 0.8999999762
10650  0.919  -78.260  -0.393 0.8000000119
10651  -0.303  -77.990  -0.144 0.6000000238
10688  1.482  -77.316  -2.811 0.3000000119
139940  0.260  -77.332  -2.689 0.4000000060
10668  -0.924  -77.521  -1.704 0.4000000060
11834  -0.566  -76.925  -1.219 0.4000000060
139084  8.218  -66.692  -9.405 0.8000000119
23256  6.973  -67.034  -8.830 0.8000000119
148385  7.244  -68.353  -7.846 0.8999999762
19805  7.578  -70.023  -6.596 0.8999999762
22050  5.231  -67.215  -8.409 0.6999999881
20896  5.162  -68.505  -7.284 0.8999999762
133362  6.937  -70.741  -5.714 0.8999999762
22038  4.973  -67.790  -7.801 0.8999999762
148831  6.518  -70.780  -5.429 0.8999999762
18724  6.519  -71.397  -4.568 0.8999999762
139772  5.000  -64.218  -11.602 0.3000000119
22052  1.959  -67.288  -8.006 0.6000000238
150135  4.270  -67.231  -8.507 0.6999999881
20897  4.378  -68.424  -7.176 0.8999999762
16521  5.055  -72.206  -3.829 1.0000000000
15311  5.011  -73.303  -4.800 1.0000000000
25705  3.073  -64.276  -11.045 0.3000000119
148782  1.922  -67.605  -7.291 0.6999999881
20899  2.383  -68.100  -6.621 0.8999999762
15312  4.043  -73.118  -4.937 1.0000000000
25726  2.263  -63.270  -11.226 0.3000000119
153293  0.433  -67.374  -6.866 0.6999999881
138829  2.420  -72.226  -4.382 0.8999999762
16536  1.676  -72.163  -4.846 0.8000000119
26953  1.293  -63.112  -10.750 0.4000000060
25691  0.393  -64.074  -9.743 0.4000000060
23263  -0.441  -65.964  -7.910 0.6999999881
24484  -0.248  -64.675  -9.133 0.4000000060
24471  -0.542  -65.220  -7.995 0.5000000000
11763  3.548  -76.705  2.357 1.0000000000
133087  2.701  -77.158  1.769 1.0000000000
10609  1.694  -77.570  1.203 0.8000000119
10611  -0.482  -77.115  1.069 0.6999999881
10652  -0.384  -77.412  -0.161 0.5000000000
130747  -0.356  -77.018  -0.031 0.6000000238
11851  2.096  -76.900  -2.257 0.2000000030
11852  0.814  -76.789  -2.242 0.2000000030
19807  5.696  -69.771  -6.556 0.8999999762
20882  4.833  -69.305  -6.741 0.8999999762
130749  4.944  -70.101  -6.246 0.8999999762
134234  5.906  -70.229  -3.776 0.8999999762
19792  4.386  -69.936  -5.798 0.8999999762
19783  5.496  -69.927  -4.389 0.8999999762
131942  5.849  -69.968  -3.067 0.8000000119
17663  0.302  -71.720  -7.469 0.4000000060
16554  0.346  -71.780  -6.044 0.6000000238
25725  3.413  -63.620  -11.474 0.3000000119
20885  1.488  -68.183  -6.083 0.8000000119
151554  3.248  -69.000  -5.185 0.8999999762
146518  4.857  -70.871  -2.697 0.8999999762
147739  2.896  -71.670  -3.448 0.8999999762
16544  0.980  -71.889  -5.393 0.6000000238
20871  1.052  -67.798  -5.255 0.8999999762
22006  2.865  -68.042  -4.595 0.8999999762
17625  2.052  -71.670  -3.673 0.8999999762
16524  1.116  -71.889  -4.211 0.6999999881
22035  0.138  -67.628  -5.645 0.8999999762
23252  -0.394  -66.739  -6.345 0.6999999881
12866  6.665  -75.755  4.351 0.8000000119
12887  4.966  -75.922  3.615 0.8999999762
12868  4.445  -75.473  4.468 0.8999999762
12856  4.986  -75.161  5.236 0.8000000119
12888  3.886  -75.847  3.772 1.0000000000
11744  3.214  -76.343  3.204 1.0000000000
134871  1.442  -77.201  1.995 0.8999999762
11784  0.140  -77.056  1.795 0.8999999762
11813  1.095  -76.146  -1.031 0.2000000030
11814  -0.266  -76.755  -0.257 0.4000000060
150137  0.057  -76.460  -0.877 0.2000000030
16546  -0.555  -72.841  -5.048 0.4000000060
14179  -0.586  -74.357  -6.012 0.2000000030
19784  4.537  -69.609  -4.860 0.8999999762
147105  5.429  -68.875  -2.786 0.8999999762
18684  5.466  -69.661  -2.362 0.8000000119
16545  -0.044  -72.053  -5.477 0.5000000000
16538  -0.692  -72.436  -4.325 0.6000000238
20851  4.499  -68.130  -3.527 0.8999999762
20816  5.370  -68.449  -2.135 0.8000000119
18701  4.438  -70.525  -2.161 0.8999999762
17610  1.357  -71.070  -3.116 0.8999999762
21999  2.900  -67.332  -3.978 0.8999999762
19745  4.440  -69.186  -1.521 0.8999999762
19746  3.326  -69.369  -1.562 0.8999999762
17626  0.500  -71.438  -3.606 0.6999999881
26967  2.980  -62.787  -11.553 0.3000000119
24466  -0.477  -65.961  -7.104 0.6000000238
154760  0.407  -67.367  -4.903 0.8999999762
22007  2.049  -67.719  -4.394 0.8999999762
136364  3.654  -74.345  5.681 0.8000000119
12869  3.448  -75.371  4.510 0.8000000119
12889  2.861  -75.789  3.876 0.8999999762
11745  2.132  -76.250  3.307 0.8999999762
11765  1.041  -76.473  2.662 0.8999999762
11766  -0.129  -76.171  2.268 0.8000000119
11786  -0.668  -76.435  0.930 0.6999999881
12948  0.442  -75.909  -0.228 0.2000000030
12934  -0.393  -76.036  0.489 0.4000000060
16526  -0.962  -72.522  -3.595 0.6000000238
16525  -0.243  -71.863  -4.001 0.6999999881
24454  -0.170  -66.129  -5.973 0.6000000238
24443  -0.233  -65.983  -5.083 0.8000000119
17611  -0.160  -70.910  -2.997 0.6999999881
23244  -0.207  -66.841  -5.619 0.8000000119
24442  0.017  -65.831  -4.339 0.8999999762
20850  5.243  -68.063  -2.742 0.8999999762
21982  5.403  -67.479  -2.070 0.8000000119
140211  2.155  -69.013  -1.770 0.8999999762
19747  0.961  -69.022  -2.377 0.8000000119
18704  0.781  -70.322  -2.743 0.8000000119
23211  2.456  -66.449  -3.719 0.8999999762
21997  4.893  -67.308  -3.070 0.8999999762
21970  4.471  -67.886  -1.367 0.8000000119
20818  3.441  -68.562  -1.396 0.8999999762
18703  2.169  -70.406  -2.662 0.8999999762
15147  3.403  -73.609  6.030 0.6999999881
13992  3.023  -74.839  5.120 0.8000000119
12870  2.437  -75.291  4.537 0.8999999762
13981  1.549  -74.059  5.470 0.8999999762
132189  0.782  -75.466  3.802 0.8999999762
11746  0.283  -75.828  3.083 1.0000000000
11767  -0.394  -75.996  2.176 0.6999999881
14042  0.072  -74.338  1.500 0.3000000119
12935  -0.592  -75.945  0.960 0.6000000238
25658  -0.024  -64.515  -5.067 0.6000000238
25659  -0.061  -64.860  -4.531 0.8000000119
25643  1.320  -64.143  -3.717 0.8000000119
25630  2.978  -64.742  -3.721 0.8999999762
24464  1.775  -65.300  -6.311 0.5000000000
24453  0.528  -65.208  -5.828 0.6000000238
25631  1.698  -65.159  -3.613 0.8999999762
24429  3.044  -65.688  -3.633 0.8999999762
17628  -1.076  -72.084  -2.773 0.5000000000
24428  4.353  -65.820  -3.548 0.8999999762
18705  -0.339  -70.324  -2.344 0.6000000238
17612  -0.725  -71.144  -2.312 0.6999999881
23212  1.449  -66.299  -3.736 0.8999999762
24427  5.224  -65.843  -3.220 0.8999999762
129811  5.457  -66.064  -1.896 0.6999999881
21971  3.439  -67.661  -1.322 0.8999999762
20819  2.102  -67.843  -1.822 0.8999999762
13980  2.629  -74.207  5.566 0.8000000119
16381  0.952  -72.716  5.568 0.8999999762
13994  0.941  -74.502  4.975 0.8999999762
13995  0.388  -74.217  4.712 0.8999999762
12892  -0.106  -74.856  2.885 0.6999999881
15223  0.038  -73.844  1.949 0.3000000119
14025  -0.145  -74.481  2.425 0.5000000000
14043  -0.240  -74.681  1.803 0.5000000000
26902  0.109  -63.478  -5.168 0.6000000238
151983  0.106  -64.032  -4.030 0.6999999881
24463  3.235  -65.029  -6.256 0.5000000000
25657  1.014  -64.659  -5.587 0.5000000000
152200  4.041  -65.145  -3.779 0.8999999762
25629  4.906  -65.113  -3.565 0.8999999762
19749  -0.876  -69.758  -1.542 0.6000000238
20821  -0.135  -68.804  -2.100 0.6000000238
20820  0.933  -68.353  -2.158 0.8000000119
23178  5.041  -66.587  -1.243 0.8000000119
23011  4.006  -66.173  8.897 0.8000000119
17536  2.185  -71.314  5.660 0.8999999762
15168  0.261  -73.160  4.859 0.8999999762
17539  -0.041  -71.615  5.172 0.8000000119
136078  0.160  -72.766  2.654 0.4000000060
26883  0.446  -63.309  -4.117 0.6999999881
26881  3.506  -63.088  -4.130 0.8999999762
146256  5.091  -63.734  -4.081 0.8999999762
146505  4.415  -64.377  -3.976 0.8999999762
26854  5.607  -63.430  -2.920 0.8999999762
25628  5.279  -64.390  -3.623 0.8999999762
25599  5.345  -64.399  -2.449 0.8000000119
133081  5.501  -65.211  -2.588 0.8000000119
141016  4.625  -65.146  -1.515 0.8000000119
19748  -0.855  -69.123  -1.425 0.4000000060
24395  4.911  -65.828  -1.436 0.8000000119
23181  1.156  -66.914  -1.735 0.6999999881
136002  0.013  -68.014  -2.046 0.6999999881
23179  3.415  -66.226  -1.291 0.8999999762
23180  2.812  -66.962  -1.435 0.8999999762
143692  4.654  -65.459  8.600 0.8000000119
24235  3.038  -65.508  8.328 0.8000000119
25440  2.744  -64.899  8.068 0.8000000119
24257  1.740  -64.742  6.992 0.8000000119
23044  1.210  -65.913  6.357 0.8999999762
19655  0.254  -69.189  6.262 0.8999999762
18598  0.049  -70.575  6.009 0.8999999762
17537  0.487  -71.267  5.787 0.8999999762
141052  0.252  -67.559  6.053 0.8999999762
19656  -0.107  -69.253  6.164 0.8000000119
17538  0.316  -71.593  5.581 0.8000000119
19705  -0.685  -69.742  2.420 0.6000000238
18611  -0.436  -70.033  5.214 0.6999999881
16431  -0.189  -72.011  2.181 0.4000000060
16416  -0.074  -72.168  3.195 0.5000000000
16403  0.039  -72.376  4.493 0.6999999881
26880  4.713  -63.062  -4.193 1.0000000000
147598  4.993  -62.834  -2.303 1.0000000000
26839  2.056  -63.536  -1.501 0.8000000119
26840  1.272  -62.800  -1.363 0.8000000119
153637  4.293  -63.160  -1.811 1.0000000000
141385  0.919  -63.477  -1.330 0.8000000119
25656  2.567  -64.622  -5.832 0.5000000000
26903  -0.006  -63.326  -4.695 0.6000000238
26838  4.038  -63.815  -1.615 0.8999999762
25602  2.341  -64.485  -1.522 0.8000000119
26837  4.929  -63.677  -2.105 0.8000000119
25603  1.123  -64.227  -1.507 0.8000000119
25601  3.684  -64.667  -1.445 0.8000000119
24396  4.035  -65.571  -1.312 0.6999999881
20809  -0.916  -67.937  -0.643 0.4000000060
142409  0.635  -65.969  -1.683 0.8000000119
23182  -0.173  -66.590  -1.432 0.6999999881
25467  1.591  -64.288  7.003 0.8000000119
25484  0.996  -64.547  6.508 0.8999999762
23045  0.505  -66.096  6.052 0.8000000119
145097  2.888  -64.350  8.030 0.8000000119
21836  0.090  -67.838  6.008 0.8000000119
20730  -0.329  -68.595  5.221 0.8000000119
19688  -0.805  -69.108  2.982 0.6999999881
19672  -0.523  -69.260  4.495 0.8000000119
28000  1.611  -62.004  -1.425 0.8000000119
27966  -0.593  -62.870  0.195 0.6000000238
140649  -0.001  -63.870  0.775 0.5000000000
28013  5.584  -62.390  -2.985 1.0000000000
27999  2.874  -62.005  -1.642 1.0000000000
137371  2.257  -62.698  -1.532 0.8999999762
26841  0.165  -62.941  -1.067 0.8000000119
25581  -0.330  -64.386  0.412 0.5000000000
152228  0.039  -62.540  -4.545 0.6999999881
26882  1.840  -63.198  -3.882 0.8000000119
25604  -0.089  -63.899  -1.153 0.6999999881
141684  -0.642  -64.733  -0.296 0.6999999881
26901  1.275  -63.757  -5.629 0.6000000238
142679  0.232  -64.848  -1.447 0.6999999881
23166  -0.606  -66.815  0.068 0.3000000119
24398  1.307  -65.192  -1.685 0.6999999881
24399  -0.235  -65.653  -1.264 0.6000000238
23183  -0.598  -66.413  -0.946 0.5000000000
25672  4.330  -65.032  -6.998 0.5000000000
136640  2.020  -66.117  -1.578 0.8000000119
138814  1.186  -63.948  6.763 0.8999999762
26696  2.101  -63.210  7.035 0.8000000119
23057  0.100  -66.103  5.537 0.8000000119
21858  -0.337  -67.763  4.623 0.6999999881
29178  -0.061  -61.477  -0.518 0.8000000119
26805  0.051  -63.302  0.745 0.6000000238
26804  0.909  -63.697  0.853 0.5000000000
28014  4.850  -61.981  -2.448 1.0000000000
29176  1.858  -61.131  -1.454 1.0000000000
25668  4.150  -64.874  -6.547 0.5000000000
25655  3.694  -64.632  -6.081 0.5000000000
27869  2.844  -62.617  6.654 0.8000000119
27868  3.885  -62.561  6.463 0.8000000119
143253  2.355  -61.862  5.928 0.8999999762
27871  1.104  -62.219  5.799 0.8999999762
29177  0.726  -61.274  -1.136 0.8000000119
139582  -0.168  -62.550  -5.022 0.6000000238
27886  3.206  -61.812  5.920 0.8000000119
27887  1.476  -61.345  5.464 0.8000000119
27889  0.499  -61.867  4.722 0.8000000119
25542  1.832  -64.030  3.316 0.5000000000
134205  1.006  -65.537  2.784 0.5000000000
29175  2.920  -60.930  -1.740 1.0000000000
141697  -0.157  -61.103  0.655 0.8000000119
28040  0.991  -62.384  -4.351 0.8000000119
29193  5.362  -61.544  -3.091 0.8999999762
152770  2.278  -63.903  -5.792 0.5000000000
25671  5.373  -64.611  -7.080 0.5000000000
26915  4.582  -64.284  -6.282 0.5000000000
26900  3.320  -63.932  -5.881 0.5000000000
133859  6.038  -62.007  5.117 0.8000000119
29059  4.419  -60.792  5.266 0.8000000119
30188  2.705  -59.978  4.995 0.8999999762
30187  3.648  -59.764  4.921 0.8000000119
29062  0.929  -60.569  4.813 0.8000000119
26731  0.087  -63.452  4.084 0.8000000119
24318  2.658  -64.904  3.692 0.5000000000
136040  0.525  -63.904  3.002 0.6000000238
131390  0.204  -63.643  3.489 0.6000000238
26751  2.364  -63.195  3.316 0.5000000000
27917  1.252  -62.169  3.207 0.6000000238
27963  2.273  -61.934  0.678 0.4000000060
130357  1.056  -60.932  0.991 0.4000000060
30260  -0.021  -60.256  0.973 0.6999999881
31442  0.603  -59.307  1.281 0.5000000000
28037  5.092  -62.245  -4.118 0.8999999762
30305  0.868  -60.394  -1.051 0.8000000119
150894  0.018  -59.848  0.678 0.8000000119
28041  0.037  -61.743  -4.666 0.6999999881
29216  2.829  -61.349  -4.306 0.8999999762
28072  1.780  -62.859  -6.027 0.6000000238
28073  0.704  -61.732  -5.745 0.6000000238
28071  3.098  -62.572  -6.340 0.5000000000
29262  1.929  -61.658  -6.256 0.6000000238
30186  4.633  -59.725  4.731 0.6999999881
30203  3.155  -59.340  4.419 0.8000000119
30204  2.208  -59.874  4.406 0.8000000119
30230  0.889  -60.081  3.983 0.8000000119
30239  12.770  -60.526  0.755 0.4000000060
29105  11.335  -61.780  2.078 0.3000000119
27929  10.898  -62.393  2.486 0.4000000060
26774  9.621  -62.943  2.942 0.2000000030
146903  3.441  -63.604  3.560 0.5000000000
29099  1.735  -61.155  3.145 0.8000000119
142466  12.006  -60.477  0.491 0.5000000000
29124  10.891  -61.109  1.481 0.4000000060
29107  9.501  -61.528  2.022 0.4000000060
27930  9.128  -62.216  2.499 0.3000000119
26747  7.467  -63.351  3.538 0.2000000030
27912  7.044  -62.614  3.150 0.4000000060
26730  4.867  -63.886  3.862 0.3000000119
26750  4.168  -63.386  3.546 0.6000000238
30241  10.384  -60.401  0.497 0.5000000000
27932  7.399  -61.992  2.639 0.4000000060
27934  5.725  -61.826  2.881 0.4000000060
138031  3.363  -62.819  3.404 0.6000000238
143143  8.590  -61.451  1.981 0.5000000000
138178  6.899  -61.204  2.392 0.5000000000
29215  4.300  -61.377  -4.349 0.8999999762
29195  3.816  -60.728  -2.135 1.0000000000
30304  1.903  -60.096  -1.397 1.0000000000
30324  4.589  -60.034  -2.543 1.0000000000
130059  1.745  -61.721  -4.277 0.6999999881
153197  -0.028  -61.245  -5.034 0.6999999881
31353  4.862  -58.670  4.163 0.8000000119
31384  3.539  -59.101  3.850 0.8000000119
30278  13.316  -60.021  -0.914 0.6000000238
144977  5.686  -63.538  3.796 0.3000000119
29127  8.137  -60.766  1.514 0.5000000000
26749  4.954  -63.061  3.481 0.5000000000
27916  2.467  -62.075  3.142 0.6999999881
29125  9.917  -60.911  1.393 0.5000000000
31441  1.237  -59.053  1.451 0.5000000000
31482  0.935  -59.379  -0.638 0.6999999881
31481  1.890  -59.008  -1.172 0.8999999762
138963  4.434  -60.705  -4.399 0.8999999762
30323  5.161  -60.623  -3.315 0.8999999762
30303  3.192  -59.878  -1.803 1.0000000000
31480  3.227  -58.797  -1.590 0.8999999762
141619  5.323  -59.474  -3.536 1.0000000000
31500  4.166  -59.272  -2.124 1.0000000000
130323  1.014  -60.518  -4.865 0.8000000119
128765  2.064  -60.318  -4.521 0.8999999762
30345  4.126  -59.986  -4.476 1.0000000000
30365  0.371  -60.836  -5.107 0.6000000238
150245  1.855  -59.633  -4.868 0.8000000119
30256  8.974  -59.225  -0.087 0.5000000000
31383  4.610  -58.635  3.952 0.8000000119
29112  3.643  -59.529  3.355 0.8000000119
32641  13.768  -58.173  -1.146 0.8000000119
31459  11.414  -59.302  -1.751 0.6999999881
30281  10.553  -59.145  -1.309 0.6000000238
32621  8.418  -58.647  0.722 0.6999999881
30244  7.339  -59.491  1.488 0.6999999881
31403  6.642  -59.109  1.993 0.6999999881
151109  11.669  -60.279  -0.597 0.5000000000
135287  9.729  -59.617  -0.123 0.5000000000
30243  8.388  -59.170  0.384 0.5000000000
131630  7.977  -59.855  0.905 0.5000000000
30234  5.301  -59.764  2.734 0.6000000238
29111  4.040  -60.246  2.994 0.6999999881
138656  2.151  -60.306  3.261 0.8000000119
30242  9.400  -60.117  0.541 0.4000000060
30233  6.790  -60.220  1.879 0.6000000238
29109  5.968  -60.717  2.440 0.5000000000
29097  3.889  -61.265  2.940 0.6999999881
30300  12.974  -59.674  -1.862 0.6000000238
29108  7.651  -61.229  2.002 0.5000000000
29110  4.902  -60.816  2.824 0.6000000238
27914  4.130  -62.493  3.269 0.6000000238
137113  1.601  -58.370  1.310 0.5000000000
32648  0.812  -58.282  0.903 0.6000000238
32624  1.624  -57.712  1.222 0.6999999881
31462  0.994  -58.364  -0.097 0.6999999881
32647  1.550  -57.609  0.567 0.8999999762
31498  5.293  -58.542  -3.214 1.0000000000
30346  2.768  -59.603  -4.487 0.8999999762
32573  9.515  -57.824  2.212 0.6999999881
32663  15.317  -58.343  -1.432 0.8999999762
32640  14.554  -58.092  -1.016 0.8999999762
128402  12.712  -58.316  -1.298 0.6000000238
32644  10.249  -58.435  -1.006 0.6000000238
32575  7.400  -58.202  2.559 0.6999999881
133850  6.188  -58.819  2.654 0.6999999881
31404  5.320  -58.857  3.260 0.8000000119
32661  17.936  -58.751  -2.651 0.8999999762
136779  16.158  -58.441  -2.119 0.8999999762
32688  14.479  -59.096  -2.124 0.8999999762
31494  15.458  -59.280  -2.380 0.8000000119
32665  13.446  -58.825  -2.010 0.8999999762
31474  14.546  -59.638  -2.008 0.8000000119
137268  2.236  -57.021  1.367 0.5000000000
32669  2.277  -58.089  -0.590 0.8999999762
32646  2.439  -57.150  -0.262 0.8999999762
33810  1.973  -56.830  0.654 0.6999999881
143454  3.527  -57.817  -1.281 0.8999999762
129094  3.671  -59.174  -4.462 1.0000000000
32694  4.468  -58.403  -2.042 1.0000000000
32594  10.403  -57.641  1.796 0.8000000119
32595  8.794  -58.031  1.415 0.6999999881
32596  8.010  -58.310  1.760 0.6999999881
32554  6.861  -58.260  3.159 0.8000000119
32617  15.564  -58.160  -0.073 0.8000000119
32639  14.963  -57.900  -0.398 0.8000000119
33807  13.261  -57.485  -0.321 0.8000000119
33789  11.303  -57.313  0.670 0.8000000119
33769  10.479  -57.699  0.881 0.6999999881
31437  17.824  -59.458  0.037 0.8999999762
32638  16.431  -58.278  -0.889 0.8000000119
32619  11.316  -57.852  -0.440 0.8000000119
32620  9.684  -58.409  -0.040 0.6999999881
146655  9.001  -58.399  0.532 0.6999999881
31455  20.023  -59.559  -1.690 0.8000000119
31457  18.454  -59.527  -1.075 0.8999999762
32637  17.020  -58.575  -1.451 0.8000000119
127893  21.207  -58.901  -1.235 0.8999999762
130140  20.053  -59.691  -0.447 0.8999999762
32668  4.505  -57.565  -1.965 1.0000000000
33824  3.566  -56.867  -1.125 1.0000000000
34949  2.698  -56.320  0.110 1.0000000000
32692  5.084  -57.826  -3.268 1.0000000000
31559  1.857  -59.467  -5.124 0.8000000119
31541  2.634  -58.706  -4.634 1.0000000000
32745  2.436  -58.559  -5.337 0.8000000119
31435  19.527  -59.519  0.364 0.8999999762
128640  20.655  -59.386  -0.746 0.8999999762
34960  3.452  -55.879  -1.154 1.0000000000
34939  2.810  -55.948  0.665 0.6999999881
33862  2.690  -57.997  -4.853 1.0000000000
33860  3.718  -56.834  -4.173 1.0000000000
33847  4.187  -56.885  -3.301 1.0000000000
33837  4.082  -56.653  -2.145 1.0000000000
32711  4.298  -57.556  -3.953 1.0000000000
33784  20.848  -57.143  1.501 0.6999999881
34937  22.320  -56.836  0.466 0.8000000119
39278  24.108  -52.262  2.195 0.6000000238
40282  24.169  -51.147  2.318 0.6000000238
33881  2.636  -58.021  -5.147 0.8000000119
141428  22.392  -54.906  1.781 0.4000000060
37116  23.268  -54.209  2.681 0.4000000060
37124  23.379  -54.078  1.746 0.5000000000
142399  24.405  -52.094  3.117 0.3000000119
41334  24.035  -50.584  3.766 0.1000000015
42482  23.105  -49.369  3.257 0.1000000015
39279  23.974  -52.937  1.916 0.4000000060
43588  21.438  -48.038  4.362 0.2000000030
44745  20.889  -47.605  4.056 0.1000000015
41354  23.885  -50.556  2.586 0.4000000060
142215  23.534  -50.041  3.211 0.3000000119
153992  22.615  -48.803  3.334 0.2000000030
43599  21.351  -47.994  3.361 0.2000000030
44746  20.212  -47.412  4.244 0.1000000015
40283  23.827  -50.927  1.709 0.5000000000
41358  23.340  -50.473  1.511 0.5000000000
42500  23.178  -49.740  2.294 0.4000000060
42483  22.653  -48.936  2.446 0.2000000030
43600  20.717  -48.023  2.778 0.2000000030
44760  20.506  -47.656  3.526 0.2000000030
44762  18.847  -47.599  3.755 0.2000000030
44774  20.016  -47.958  2.887 0.2000000030
44761  19.726  -47.522  3.633 0.2000000030
44763  17.918  -47.860  3.885 0.2000000030
39269  24.499  -52.564  4.487 0.2000000030
38201  23.816  -53.841  3.142 0.3000000119
40260  24.360  -51.809  4.768 0.2000000030
40271  24.373  -51.300  4.073 0.2000000030
41347  23.377  -49.943  3.980 0.1000000015
148487  22.104  -48.477  3.863 0.2000000030
40272  24.034  -51.022  4.602 0.1000000015
136761  23.476  -51.852  0.240 0.5000000000
42453  22.302  -49.611  5.172 0.1000000015
42471  22.037  -48.688  4.832 0.1000000015
40286  23.232  -51.267  0.533 0.5000000000
42501  22.580  -49.277  1.779 0.4000000060
43617  22.093  -48.837  1.892 0.2000000030
43618  21.339  -48.468  2.192 0.2000000030
43601  19.187  -48.096  3.054 0.2000000030
43602  18.321  -48.368  3.215 0.2000000030
39259  24.320  -52.605  5.258 0.1000000015
40261  23.747  -51.460  5.327 0.1000000015
41336  22.947  -50.100  4.782 0.1000000015
43578  21.199  -48.384  5.171 0.1000000015
40296  23.159  -51.813  -0.980 0.6999999881
41359  22.596  -50.836  0.509 0.4000000060
42513  22.064  -49.787  1.283 0.3000000119
43639  21.533  -49.188  1.623 0.3000000119
43640  20.814  -49.351  1.647 0.3000000119
43619  20.378  -48.615  2.184 0.2000000030
43620  19.497  -48.851  2.412 0.2000000030
41318  23.300  -50.802  5.105 0.1000000015
41319  22.449  -50.520  5.566 0.1000000015
38229  25.201  -53.172  -0.641 0.8999999762
129706  23.998  -51.715  -0.910 0.6000000238
40310  23.467  -51.561  -1.213 0.5000000000
40311  22.216  -51.578  -1.263 0.5000000000
41377  20.767  -52.715  -0.651 0.4000000060
42454  21.611  -49.244  5.572 0.1000000015
41376  21.970  -51.723  -0.702 0.4000000060
41360  21.633  -51.246  0.415 0.4000000060
41361  20.440  -51.976  0.465 0.2000000030
41362  19.500  -52.264  0.345 0.1000000015
144033  18.664  -51.549  0.431 0.1000000015
40287  22.707  -51.808  -0.730 0.5000000000
42515  20.421  -50.523  1.255 0.2000000030
131088  19.797  -51.324  1.087 0.2000000030
144319  18.325  -50.557  1.479 0.1000000015
42502  19.841  -49.948  1.759 0.2000000030
42503  18.901  -49.942  2.033 0.2000000030
43621  17.864  -49.161  2.653 0.2000000030
37197  5.851  -54.679  -3.932 0.8000000119
37220  5.789  -54.623  -5.389 0.8000000119
36103  4.959  -55.350  -6.157 0.8000000119
36102  5.594  -54.903  -6.553 0.8000000119
36125  5.741  -55.225  -6.957 0.6999999881
38211  27.052  -53.809  0.292 1.0000000000
39291  26.144  -52.721  0.148 1.0000000000
133292  25.949  -51.728  0.398 1.0000000000
41389  23.458  -51.366  -1.303 0.6000000238
139157  22.822  -51.476  -1.428 0.5000000000
41390  21.884  -51.685  -1.248 0.3000000119
40298  20.303  -53.126  -1.147 0.1000000015
39289  27.571  -53.108  -0.005 1.0000000000
40295  26.676  -52.196  0.378 1.0000000000
40297  20.979  -52.144  -1.239 0.4000000060
41378  19.933  -53.251  -0.564 0.3000000119
40299  19.607  -53.159  -1.011 0.1000000015
146383  19.245  -52.740  -0.503 0.1000000015
127581  28.197  -54.648  -0.093 1.0000000000
38216  28.337  -53.769  -0.374 1.0000000000
39325  6.951  -52.473  -4.135 0.6999999881
38265  6.721  -53.330  -3.619 0.6999999881
38279  6.630  -52.909  -4.633 0.8000000119
36124  6.750  -55.058  -7.024 0.6000000238
40309  25.250  -51.205  0.110 0.6000000238
41388  24.331  -51.107  -0.626 0.6000000238
146234  23.321  -50.876  -1.196 0.5000000000
41391  20.971  -52.514  -1.328 0.1000000015
41392  20.000  -52.971  -1.324 0.1000000015
42547  19.601  -51.415  -0.816 0.1000000015
40294  27.338  -52.348  0.113 1.0000000000
133297  25.427  -50.522  0.387 0.6999999881
41393  19.155  -52.680  -0.946 0.1000000015
38228  28.859  -52.980  -0.994 1.0000000000
39310  28.677  -52.205  -1.074 1.0000000000
37146  28.905  -54.026  -1.622 0.8999999762
38252  29.354  -53.129  -2.433 1.0000000000
39335  7.103  -51.890  -4.577 0.6000000238
37219  6.202  -53.575  -5.490 0.8000000119
39336  6.822  -51.977  -4.783 0.6999999881
37242  6.252  -54.321  -6.729 0.8000000119
37240  7.097  -54.195  -7.112 0.6000000238
35032  7.591  -55.964  -6.929 0.5000000000
42530  22.173  -49.762  -0.656 0.3000000119
42531  21.168  -49.858  -0.791 0.2000000030
42532  20.150  -49.947  -0.731 0.1000000015
41373  24.910  -50.155  0.362 0.6000000238
41375  23.606  -50.019  -0.315 0.5000000000
42545  21.655  -51.018  -1.169 0.3000000119
40308  27.082  -51.593  0.188 0.6999999881
42529  24.353  -49.627  0.430 0.5000000000
40307  27.773  -52.052  -0.348 0.8000000119
40321  27.726  -50.805  -0.823 0.6999999881
151634  26.556  -50.539  0.338 0.6000000238
131593  29.014  -52.070  -1.770 1.0000000000
39316  29.022  -52.616  -3.065 0.6999999881
40331  28.694  -51.288  -1.982 0.6999999881
39381  7.722  -52.162  -6.781 0.8000000119
40356  7.830  -50.948  -5.031 0.6000000238
40386  6.933  -51.522  -5.057 0.6999999881
39368  7.116  -52.243  -6.280 0.6000000238
38307  6.514  -52.741  -5.555 0.8000000119
38324  6.710  -52.804  -6.280 0.6999999881
38323  7.219  -52.793  -6.753 0.6999999881
129750  7.877  -52.683  -7.015 0.6999999881
40400  8.242  -51.675  -7.129 0.6999999881
144101  8.719  -51.689  -7.795 0.6999999881
144379  9.417  -51.721  -8.298 0.3000000119
139651  22.978  -49.634  -0.341 0.4000000060
43656  22.676  -48.815  0.395 0.4000000060
43657  21.689  -48.878  0.150 0.4000000060
42528  25.098  -49.341  0.537 0.6000000238
43655  23.676  -48.988  0.724 0.4000000060
41405  27.267  -48.911  -0.270 0.6000000238
42558  26.346  -48.572  -0.207 0.6000000238
43654  24.527  -48.816  0.772 0.6000000238
40322  28.126  -49.605  -0.950 0.6999999881
43676  25.866  -48.224  -0.139 0.6999999881
40341  28.743  -51.620  -3.493 0.6999999881
40333  28.123  -49.536  -2.620 0.6999999881
40353  28.203  -52.172  -4.723 0.6999999881
39351  19.316  -52.327  -5.601 0.5000000000
154510  18.035  -52.886  -5.782 0.3000000119
141950  16.902  -52.047  -6.012 0.4000000060
40391  7.471  -51.149  -5.845 0.6999999881
152755  15.436  -51.861  -6.291 0.5000000000
40382  14.270  -51.813  -6.281 0.5000000000
41442  8.173  -50.295  -5.303 0.8000000119
41466  7.884  -50.670  -5.390 0.8000000119
41463  10.372  -49.830  -5.778 0.4000000060
41464  8.825  -49.588  -5.346 0.8000000119
41465  8.215  -50.114  -5.251 0.6999999881
40423  9.221  -51.033  -7.996 0.5000000000
132457  11.251  -49.905  -8.931 0.3000000119
44808  22.196  -47.991  0.916 0.2000000030
44809  21.237  -48.034  0.787 0.2000000030
44807  23.186  -48.010  1.123 0.3000000119
43653  25.280  -48.566  0.493 0.4000000060
44806  24.095  -47.936  1.064 0.4000000060
42571  27.090  -47.798  -1.220 0.5000000000
44825  25.433  -47.710  0.123 0.4000000060
149674  26.582  -49.955  -4.769 0.6999999881
41428  27.440  -48.977  -3.111 0.6000000238
140280  22.859  -51.998  -4.550 0.6000000238
40376  21.546  -51.619  -4.339 0.3000000119
145612  20.782  -51.441  -4.482 0.5000000000
40377  20.030  -51.655  -5.014 0.4000000060
40378  19.125  -51.447  -5.414 0.4000000060
148283  17.675  -51.915  -5.916 0.4000000060
141947  17.387  -51.274  -6.120 0.5000000000
41456  17.135  -50.530  -6.236 0.4000000060
41457  16.286  -50.543  -6.419 0.4000000060
41458  15.376  -50.635  -6.466 0.5000000000
41460  13.506  -51.059  -6.255 0.5000000000
41471  12.988  -50.202  -6.255 0.4000000060
41473  8.203  -50.173  -6.108 0.6999999881
151156  8.156  -51.119  -6.770 0.6000000238
42604  10.627  -48.927  -6.018 0.5000000000
129771  9.467  -49.049  -5.695 0.6999999881
42605  8.919  -49.262  -5.574 0.6000000238
43729  9.883  -48.288  -5.945 0.5000000000
43746  9.449  -48.516  -6.253 0.5000000000
41482  9.028  -50.181  -7.257 0.6000000238
42646  9.635  -49.528  -7.665 0.5000000000
42645  10.383  -49.761  -8.437 0.3000000119
44810  20.285  -48.082  0.734 0.2000000030
44788  21.762  -47.174  1.288 0.2000000030
44787  22.707  -47.175  1.231 0.3000000119
44789  20.805  -47.251  1.388 0.1000000015
45825  20.347  -46.396  1.537 0.1000000015
44826  24.702  -47.337  0.443 0.4000000060
146250  23.472  -47.280  1.132 0.4000000060
45823  22.213  -46.407  1.305 0.2000000030
46904  20.828  -45.522  1.374 0.1000000015
45843  23.996  -46.899  0.857 0.4000000060
46903  21.722  -45.654  1.199 0.2000000030
42582  26.889  -48.053  -2.818 0.6000000238
43688  26.146  -47.803  -1.053 0.5000000000
44838  25.760  -47.558  -0.781 0.5000000000
141925  26.746  -49.072  -4.132 0.6999999881
43704  26.531  -47.228  -2.138 0.5000000000
44855  25.739  -47.482  -1.881 0.4000000060
41440  26.365  -50.579  -5.262 0.6999999881
129631  26.231  -48.541  -4.349 0.6000000238
41450  25.468  -50.346  -5.453 0.8000000119
154727  26.030  -49.971  -5.195 0.6999999881
40373  24.778  -51.211  -5.430 0.6999999881
151534  23.906  -51.634  -5.255 0.6000000238
144201  22.910  -50.659  -5.084 0.5000000000
40375  22.445  -51.297  -4.273 0.6000000238
141842  21.830  -50.783  -3.855 0.5000000000
142389  21.183  -50.752  -3.927 0.4000000060
41454  20.578  -50.040  -3.882 0.4000000060
41455  19.801  -50.702  -4.744 0.5000000000
151573  18.440  -50.200  -5.265 0.5000000000
154181  17.781  -50.609  -5.884 0.6000000238
42600  17.734  -49.853  -5.691 0.5000000000
42601  15.965  -49.713  -6.420 0.4000000060
41459  14.476  -50.820  -6.451 0.4000000060
42602  14.876  -49.755  -6.449 0.6000000238
42611  14.121  -49.201  -6.455 0.5000000000
42612  13.270  -49.400  -6.424 0.5000000000
133161  17.570  -48.855  -5.219 0.5000000000
43728  16.609  -48.863  -6.020 0.5000000000
150531  14.855  -48.887  -6.439 0.5000000000
43736  13.505  -48.566  -6.504 0.5000000000
43737  12.562  -48.724  -6.442 0.5000000000
43738  11.529  -48.516  -6.306 0.4000000060
145728  12.049  -48.018  -6.401 0.4000000060
44879  11.192  -47.638  -6.346 0.4000000060
44892  10.439  -47.642  -6.515 0.5000000000
43769  9.604  -48.672  -7.169 0.5000000000
43768  10.242  -48.437  -7.709 0.4000000060
43767  10.893  -48.122  -8.309 0.4000000060
43783  11.654  -48.504  -9.062 0.3000000119
44918  12.437  -47.443  -9.543 0.2000000030
45844  23.140  -46.429  1.048 0.3000000119
44839  25.243  -46.951  -0.393 0.4000000060
45854  24.463  -46.556  0.017 0.3000000119
45855  23.714  -46.107  0.334 0.3000000119
46926  22.988  -45.599  0.517 0.2000000030
46927  21.254  -44.932  0.883 0.2000000030
46928  20.345  -44.909  0.987 0.1000000015
45867  24.799  -46.379  -0.940 0.3000000119
45868  24.090  -45.897  -0.598 0.3000000119
139310  22.111  -45.207  0.536 0.2000000030
48051  21.596  -44.605  0.205 0.1000000015
48052  20.776  -44.495  0.323 0.1000000015
43711  25.939  -47.835  -3.608 0.6000000238
141687  25.666  -47.424  -2.863 0.5000000000
45866  25.432  -46.838  -1.357 0.4000000060
43715  25.697  -48.194  -4.619 0.6000000238
42592  24.865  -49.563  -5.596 0.5000000000
41451  24.611  -50.427  -5.555 0.5000000000
133720  23.844  -50.138  -5.636 0.5000000000
42593  22.984  -49.770  -5.581 0.5000000000
42594  22.344  -50.083  -5.046 0.5000000000
42595  21.713  -49.809  -4.218 0.4000000060
42597  20.056  -49.249  -4.064 0.5000000000
42599  18.401  -49.269  -4.720 0.5000000000
134783  18.221  -47.872  -4.524 0.6000000238
43727  17.131  -48.217  -5.524 0.5000000000
44877  16.255  -47.979  -5.970 0.5000000000
44888  15.575  -47.482  -6.216 0.5000000000
44889  14.790  -47.549  -6.486 0.5000000000
44890  13.778  -47.645  -6.579 0.5000000000
135738  12.842  -47.925  -6.502 0.5000000000
45921  14.314  -46.785  -6.613 0.5000000000
151828  13.606  -47.017  -6.638 0.5000000000
45909  12.202  -46.419  -6.478 0.3000000119
44878  11.442  -46.892  -6.439 0.4000000060
45923  10.977  -46.485  -6.877 0.4000000060
44899  10.469  -47.342  -7.021 0.3000000119
44920  10.886  -47.383  -7.784 0.3000000119
44937  12.188  -48.083  -9.512 0.2000000030
44919  11.652  -47.586  -8.735 0.2000000030
45947  11.345  -46.744  -8.007 0.3000000119
45962  12.724  -46.734  -9.597 0.2000000030
144023  12.223  -46.020  -8.962 0.2000000030
47057  13.384  -45.680  -9.728 0.2000000030
46948  23.358  -45.447  -0.341 0.3000000119
48070  21.999  -44.626  -0.598 0.2000000030
48071  21.140  -44.324  -0.463 0.1000000015
48072  20.340  -44.233  -0.432 0.1000000015
45883  25.376  -46.848  -2.385 0.5000000000
45884  24.835  -46.307  -2.865 0.3000000119
46966  23.557  -45.475  -1.453 0.3000000119
46949  22.804  -44.971  -1.025 0.2000000030
44861  25.577  -47.404  -3.637 0.5000000000
48095  22.159  -44.648  -1.643 0.2000000030
48115  21.597  -44.308  -2.288 0.1000000015
43720  25.544  -48.811  -5.169 0.5000000000
44865  25.464  -47.599  -4.385 0.4000000060
45899  25.268  -46.928  -4.108 0.4000000060
45892  24.904  -46.303  -3.779 0.4000000060
43716  25.173  -48.009  -5.097 0.4000000060
44866  24.962  -47.226  -4.863 0.4000000060
43721  24.643  -48.584  -5.537 0.4000000060
130125  23.886  -49.207  -5.782 0.4000000060
42608  23.005  -48.954  -6.003 0.5000000000
42609  22.124  -49.413  -5.627 0.5000000000
43723  21.227  -49.268  -4.705 0.5000000000
43724  20.458  -48.938  -4.306 0.5000000000
43725  19.612  -48.506  -4.353 0.5000000000
42598  19.104  -48.810  -4.248 0.6000000238
44873  19.303  -47.645  -4.912 0.5000000000
43726  18.829  -48.088  -4.406 0.6000000238
45906  18.197  -47.004  -5.248 0.4000000060
45907  17.545  -46.870  -5.443 0.4000000060
45908  16.940  -46.665  -5.603 0.4000000060
137257  15.309  -46.812  -6.350 0.5000000000
142912  14.198  -46.000  -6.694 0.4000000060
149731  12.024  -45.630  -6.456 0.3000000119
47023  11.268  -45.388  -6.839 0.3000000119
47039  11.139  -45.265  -7.084 0.3000000119
45934  11.132  -46.023  -7.383 0.3000000119
47021  13.579  -45.512  -6.779 0.3000000119
48140  12.075  -44.899  -6.411 0.3000000119
133616  11.548  -45.985  -8.212 0.2000000030
153656  12.999  -46.116  -9.453 0.2000000030
47058  12.562  -45.419  -9.008 0.2000000030
46979  24.101  -45.815  -2.376 0.3000000119
148821  23.447  -45.291  -2.342 0.3000000119
46967  22.892  -44.967  -1.978 0.2000000030
49177  20.952  -43.873  -1.989 0.1000000015
46980  23.726  -45.274  -3.091 0.4000000060
48113  23.073  -44.865  -2.841 0.2000000030
48114  22.351  -44.582  -2.569 0.2000000030
46987  24.004  -45.182  -3.984 0.4000000060
48124  22.672  -44.403  -3.456 0.2000000030
48125  21.895  -44.110  -3.185 0.2000000030
44869  24.447  -47.708  -5.433 0.4000000060
45900  24.827  -46.463  -4.594 0.4000000060
47008  24.145  -45.890  -5.469 0.4000000060
43722  23.780  -48.320  -5.813 0.5000000000
44883  22.079  -47.847  -6.506 0.5000000000
43734  21.560  -48.737  -6.004 0.5000000000
44871  20.842  -48.661  -5.302 0.5000000000
44884  20.899  -47.961  -6.192 0.5000000000
140411  20.794  -46.930  -6.551 0.5000000000
44885  20.028  -47.465  -5.960 0.5000000000
45905  18.805  -47.139  -5.221 0.5000000000
45916  18.672  -46.631  -6.084 0.4000000060
45917  17.817  -46.484  -5.937 0.4000000060
45918  17.134  -46.247  -5.796 0.3000000119
153960  16.166  -45.752  -6.279 0.3000000119
47019  15.523  -45.513  -6.517 0.3000000119
49221  12.106  -43.089  -6.680 0.3000000119
48180  11.232  -44.737  -7.127 0.3000000119
47049  11.317  -45.297  -7.564 0.3000000119
49235  12.974  -43.347  -6.748 0.3000000119
48192  12.036  -44.626  -8.473 0.2000000030
47048  11.757  -45.302  -8.377 0.2000000030
46986  24.375  -45.749  -3.418 0.4000000060
48123  23.392  -44.736  -3.697 0.2000000030
46996  24.499  -45.703  -4.392 0.4000000060
47007  24.547  -45.985  -5.019 0.4000000060
48137  24.279  -45.373  -5.060 0.4000000060
48138  23.820  -44.732  -5.147 0.4000000060
49213  23.305  -44.042  -4.982 0.2000000030
44870  23.755  -47.426  -5.905 0.4000000060
45904  23.708  -46.524  -5.954 0.4000000060
47013  23.581  -45.705  -5.916 0.4000000060
48150  23.491  -44.932  -5.792 0.4000000060
43733  23.012  -48.085  -6.241 0.5000000000
45913  22.328  -46.758  -6.551 0.4000000060
135363  21.527  -47.157  -6.580 0.4000000060
45914  21.672  -46.227  -6.731 0.4000000060
45915  20.079  -46.608  -6.459 0.4000000060
142477  19.454  -46.411  -6.458 0.4000000060
45933  19.119  -45.871  -6.822 0.4000000060
47016  18.233  -45.914  -6.639 0.3000000119
47017  17.423  -45.799  -6.382 0.3000000119
49236  11.442  -43.351  -6.900 0.3000000119
50247  12.259  -42.100  -7.905 0.1000000015
49263  11.434  -43.176  -7.072 0.1000000015
49296  12.396  -43.849  -8.554 0.2000000030
49214  22.773  -43.406  -4.821 0.2000000030
47014  23.048  -45.434  -6.319 0.4000000060
48139  23.210  -44.204  -5.577 0.3000000119
144075  22.471  -45.999  -6.534 0.4000000060
48151  22.936  -44.613  -6.255 0.4000000060
47032  21.500  -45.311  -7.046 0.4000000060
45932  19.981  -45.914  -7.012 0.3000000119
45931  20.786  -46.039  -6.888 0.3000000119
47034  19.647  -45.262  -7.459 0.3000000119
48174  19.196  -44.595  -7.716 0.3000000119
49219  22.826  -43.402  -5.437 0.2000000030
47015  22.332  -45.336  -6.664 0.4000000060
49231  22.719  -43.764  -6.141 0.3000000119
48152  22.181  -44.465  -6.735 0.3000000119
49232  22.003  -43.555  -6.771 0.3000000119
47033  20.595  -45.245  -7.354 0.3000000119
49257  21.190  -43.428  -7.403 0.3000000119
48173  20.260  -44.296  -7.622 0.3000000119
151244  19.571  -43.881  -7.818 0.3000000119
48172  21.349  -44.386  -7.321 0.3000000119
50225  20.967  -42.511  -7.295 0.2000000030
49258  20.262  -43.280  -7.691 0.2000000030
49278  19.424  -43.224  -8.145 0.2000000030
665  5.917  -93.187  -6.657 1.0000000000
154383  -0.471  -90.986  2.900 0.4000000060
1793  -0.200  -89.713  2.541 0.3000000119
2339  -0.979  -88.132  2.006 0.5000000000
2932  -1.319  -87.378  1.629 0.4000000060
3503  -1.974  -86.177  1.039 0.4000000060
2313  0.684  -87.920  4.316 0.6999999881
146263  -2.067  -84.919  0.256 0.4000000060
139249  0.575  -85.771  3.307 0.8000000119
4733  -1.491  -84.613  1.252 0.6000000238
6362  9.553  -82.608  -24.112 0.8999999762
6351  9.617  -82.537  -22.534 0.8999999762
7102  9.973  -81.400  -20.070 0.8000000119
139074  9.062  -83.102  -22.264 0.8999999762
7092  9.290  -81.412  -19.613 0.8000000119
6383  8.633  -82.979  -26.723 0.8000000119
5672  8.709  -83.213  -25.892 0.8999999762
7186  9.753  -81.724  -28.352 0.8000000119
7936  8.018  -80.865  -19.776 0.8999999762
7194  8.609  -81.191  -29.484 0.8999999762
13411  17.966  -77.826  -33.587 0.6999999881
135928  16.822  -76.443  -31.918 0.8000000119
11139  16.837  -77.885  -33.164 0.8000000119
12289  19.134  -77.868  -33.841 0.6000000238
12260  18.142  -76.020  -31.591 0.6000000238
12263  15.852  -76.631  -31.297 0.8000000119
11140  15.716  -77.599  -33.049 0.8000000119
11132  15.377  -77.076  -32.631 0.8000000119
12280  18.124  -77.287  -33.077 0.6999999881
17688  4.417  -70.967  -8.836 1.0000000000
16573  5.662  -72.274  -7.779 1.0000000000
17662  1.098  -71.200  -7.400 0.5000000000
16543  2.187  -72.312  -5.506 0.8999999762
148292  3.217  -72.727  -5.753 1.0000000000
17639  5.875  -72.225  -4.159 0.8999999762
15353  6.793  -73.190  -6.353 0.8999999762
15330  5.565  -73.437  -5.462 1.0000000000
16542  6.776  -72.604  -5.231 0.8999999762
30240  11.449  -60.613  1.013 0.5000000000
30279  12.151  -59.922  -1.326 0.6000000238
2491  6.408  -88.184  -13.391 0.8000000119
139754  6.882  -91.693  -12.468 0.6999999881
133635  6.045  -92.973  -12.495 0.8000000119
3633  7.513  -86.428  -12.581 0.8999999762
1895  14.618  -88.635  -9.880 0.8999999762
3054  14.522  -87.841  -10.423 1.0000000000
3069  12.794  -86.752  -11.420 1.0000000000
139370  10.863  -87.876  -12.464 1.0000000000
1927  14.368  -89.150  -12.910 0.8999999762
140924  11.336  -88.582  -12.534 0.8999999762
1082  8.447  -91.803  -12.443 0.8999999762
438  6.947  -92.899  -14.844 0.4000000060
756  7.958  -92.560  -18.423 0.3000000119
149052  7.956  -91.830  -19.640 0.2000000030
786  9.202  -92.098  -22.335 0.2000000030
1544  8.136  -90.461  -21.500 0.2000000030
1898  11.244  -89.343  -9.990 0.8000000119
1448  15.314  -89.782  -11.125 1.0000000000
3620  12.105  -85.983  -11.318 0.8999999762
1079  15.995  -90.788  -12.480 1.0000000000
713  16.040  -91.058  -12.936 1.0000000000
1478  15.756  -89.854  -13.409 0.8999999762
415  14.596  -91.857  -14.055 0.8999999762
154995  14.727  -89.866  -13.833 0.8999999762
1481  13.761  -90.653  -13.820 0.8999999762
1482  11.447  -90.834  -13.053 0.8999999762
1091  11.380  -91.696  -13.287 0.8999999762
135718  10.415  -89.951  -12.695 0.8999999762
137085  9.845  -90.603  -12.684 0.8999999762
132429  14.885  -92.682  -14.249 0.8999999762
426  13.958  -93.162  -14.386 0.8999999762
722  12.833  -92.596  -13.853 0.8999999762
723  11.712  -92.670  -13.471 0.8999999762
715  9.950  -92.052  -12.933 0.8999999762
1081  9.388  -91.449  -12.639 0.8999999762
239  13.029  -93.762  -15.586 0.8000000119
233  12.686  -93.694  -14.619 0.8999999762
80  11.791  -94.045  -14.253 0.8000000119
216  11.293  -93.959  -13.611 0.6999999881
81  11.221  -94.462  -13.967 0.6999999881
217  10.580  -94.051  -13.375 0.6999999881
419  9.321  -93.747  -12.801 0.6999999881
140956  9.068  -92.428  -12.564 0.8999999762
220  8.179  -94.046  -13.000 0.6000000238
246  11.813  -94.131  -16.936 0.8000000119
245  12.554  -93.916  -16.390 0.8000000119
133797  10.843  -94.596  -14.824 0.8000000119
90  10.232  -94.555  -15.253 0.6999999881
84  9.644  -94.474  -14.137 0.6000000238
234  8.409  -94.080  -14.274 0.5000000000
235  7.153  -93.411  -14.369 0.5000000000
251  12.483  -93.923  -17.396 0.6999999881
152890  12.935  -93.168  -18.423 0.6000000238
244  13.377  -93.641  -16.175 0.8000000119
139834  11.850  -94.075  -17.789 0.6999999881
260  11.125  -94.025  -18.238 0.6000000238
98  10.348  -94.235  -16.882 0.6999999881
92  9.164  -94.281  -15.153 0.5000000000
99  9.401  -94.202  -16.506 0.5000000000
133195  8.767  -94.063  -17.110 0.4000000060
153962  12.780  -93.133  -20.300 0.5000000000
267  10.746  -93.706  -18.757 0.6000000238
449  8.427  -93.299  -18.314 0.4000000060
450  7.956  -93.011  -17.810 0.3000000119
143874  13.722  -93.034  -21.286 0.6000000238
273  11.022  -93.114  -19.411 0.5000000000
274  10.072  -93.151  -19.841 0.5000000000
475  10.295  -92.910  -21.104 0.4000000060
792  13.088  -90.377  -23.084 0.5000000000
483  9.857  -92.390  -21.802 0.3000000119
127921  8.574  -90.261  -23.330 0.2000000030
4842  9.925  -84.411  -9.658 1.0000000000
1444  9.645  -91.124  -9.379 0.6999999881
154268  12.890  -92.413  -11.317 0.8999999762
411  12.102  -93.241  -11.041 0.8999999762
2441  10.862  -87.922  -9.398 0.8000000119
409  13.914  -93.157  -11.640 0.8999999762
707  15.180  -91.926  -12.006 1.0000000000
213  15.515  -91.722  -13.079 1.0000000000
231  14.996  -93.098  -14.847 0.8999999762
134615  14.633  -93.374  -15.597 0.8999999762
150859  15.233  -92.713  -16.175 0.8999999762
243  13.953  -93.456  -16.308 0.8000000119
443  14.522  -91.919  -17.428 0.8999999762
257  13.628  -92.883  -18.836 0.6000000238
461  14.790  -93.241  -20.096 0.6999999881
656  5.785  -93.066  -5.725 0.8999999762
160  6.216  -94.371  -4.786 0.8999999762
69  5.332  -95.065  -5.394 0.6999999881
159  6.150  -94.672  -3.935 0.8999999762
199  11.215  -94.189  -9.830 0.8000000119
132573  10.069  -94.217  -8.849 0.6999999881
209  15.555  -92.013  -12.055 0.8999999762
732  16.750  -92.034  -15.379 0.8000000119
780  15.212  -91.203  -22.997 0.5000000000
129477  5.431  -91.627  -4.247 1.0000000000
142073  2.955  -92.402  -10.128 0.3000000119
166  2.791  -94.527  -5.553 0.4000000060
133789  10.379  -85.669  -5.753 0.8999999762
379  12.373  -93.436  -8.206 0.8000000119
399  16.310  -93.079  -11.025 0.8000000119
141812  1.918  -95.004  -4.092 0.4000000060
1103  18.108  -91.585  -14.879 0.8000000119
1500  16.755  -90.407  -15.552 0.8000000119
1562  16.695  -90.498  -23.795 0.5000000000
2039  15.264  -89.416  -26.319 0.5000000000
2595  16.752  -88.279  -27.549 0.5000000000
2587  18.421  -88.477  -26.475 0.5000000000
130340  17.390  -88.210  -27.525 0.5000000000
22  1.734  -95.267  0.607 0.8000000119
678  15.086  -92.361  -8.793 0.8000000119
130574  18.261  -91.876  -11.227 0.8000000119
18978  3.250  -69.960  -25.182 0.5000000000
2034  19.086  -88.974  -26.046 0.5000000000
3186  19.743  -87.116  -27.817 0.5000000000
153831  17.575  -91.694  -10.380 0.8000000119
1457  18.348  -90.406  -11.432 0.8000000119
1126  20.115  -91.467  -17.479 1.0000000000
757  20.046  -91.505  -19.748 0.8999999762
762  19.252  -91.364  -20.226 0.8999999762
23460  7.424  -65.655  -21.902 0.6999999881
21134  6.008  -67.570  -24.479 0.6999999881
127998  17.059  -89.899  -21.298 0.8999999762
1159  18.664  -90.286  -23.795 0.8999999762
1554  19.930  -89.723  -23.196 0.8999999762
1548  20.605  -89.525  -22.678 0.8999999762
2026  20.940  -88.837  -25.039 0.8000000119
1905  17.532  -88.910  -10.474 0.8000000119
23442  6.820  -65.029  -20.452 0.8000000119
131076  18.280  -89.691  -20.570 0.8999999762
145289  19.291  -88.808  -22.231 0.8000000119
17892  5.574  -71.206  -25.938 0.8999999762
3177  22.151  -87.377  -26.070 0.6000000238
2575  21.499  -88.468  -24.412 0.6999999881
940  -1.170  -91.331  3.880 0.6000000238
2486  20.989  -89.166  -13.604 0.8999999762
145476  18.334  -88.780  -22.332 0.8000000119
145533  19.288  -88.422  -22.179 0.8000000119
4363  22.132  -85.476  -29.012 0.8999999762
3755  21.524  -85.741  -28.275 0.8000000119
3168  23.364  -87.500  -24.367 0.6000000238
2568  23.244  -87.519  -23.607 0.6000000238
141970  21.170  -87.788  -21.490 0.6000000238
2561  21.122  -88.514  -21.654 0.6999999881
134939  20.574  -85.485  -27.924 0.6999999881
19932  7.437  -69.797  -16.879 1.0000000000
18961  5.957  -70.299  -24.096 0.8999999762
149461  24.078  -85.407  -27.905 0.8000000119
2558  23.314  -87.566  -21.673 0.6000000238
3154  22.162  -87.420  -21.108 0.5000000000
132645  3.613  -76.502  -26.098 0.6999999881
5685  24.346  -84.344  -27.928 0.8000000119
4348  24.811  -85.504  -26.619 0.8000000119
4341  25.179  -85.627  -24.993 0.6999999881
3458  -1.008  -86.991  2.725 0.6999999881
2916  -1.354  -87.453  2.338 0.6000000238
2931  -0.499  -87.840  1.428 0.2000000030
3488  1.594  -86.825  1.410 0.2000000030
2915  2.532  -88.086  2.322 0.1000000015
5696  24.230  -83.492  -29.110 0.6999999881
8031  2.688  -80.212  -25.345 0.6000000238
8961  2.711  -79.795  -22.632 0.8999999762
4088  -1.285  -85.718  1.893 0.6999999881
4103  -2.044  -85.710  1.137 0.4000000060
25803  3.914  -64.151  -18.038 0.6999999881
5686  23.522  -84.022  -27.971 0.6999999881
10998  2.990  -78.161  -23.566 0.8999999762
130957  15.507  -80.231  -31.954 0.6999999881
17723  11.222  -71.330  -13.694 0.8999999762
18804  9.689  -70.027  -12.451 0.8999999762
5687  22.657  -83.359  -27.376 0.6000000238
7218  20.513  -81.361  -33.818 0.8000000119
12132  3.382  -76.451  -23.146 0.8999999762
16718  10.101  -72.464  -21.328 0.8000000119
10053  19.857  -78.637  -33.986 0.6999999881
11153  18.806  -78.560  -34.421 0.8999999762
8140  11.480  -80.328  -34.028 0.4000000060
134394  14.591  -70.392  -15.019 0.6999999881
20967  14.034  -68.885  -14.662 0.6000000238
19912  14.146  -69.559  -15.499 0.5000000000
19856  8.295  -69.310  -11.401 1.0000000000
15560  9.891  -73.737  -20.722 0.8000000119
133744  12.661  -81.040  -24.650 0.8000000119
7141  10.625  -81.418  -23.281 0.8999999762
11152  19.523  -78.576  -34.140 0.6999999881
13428  17.633  -77.671  -34.583 0.8000000119
132353  17.133  -76.236  -30.613 0.6000000238
6363  9.223  -82.922  -23.202 0.8999999762
6341  8.871  -83.211  -21.212 0.8000000119
135833  7.167  -73.419  -21.992 0.8000000119
128400  17.383  -77.262  -32.936 0.8000000119
11131  16.495  -77.224  -32.837 0.8000000119
12270  17.525  -76.481  -32.330 0.6999999881
10004  14.620  -78.405  -30.034 0.6999999881
9046  15.078  -79.036  -29.371 0.6999999881
6372  9.714  -82.455  -25.115 0.8000000119
5652  8.438  -83.470  -23.018 0.8999999762
140609  7.259  -84.082  -22.631 0.8999999762
5626  8.088  -83.484  -20.346 0.8999999762
4312  4.173  -85.937  -19.644 0.8999999762
4976  5.531  -84.864  -19.840 0.8999999762
4949  3.250  -83.921  -18.705 0.8999999762
5600  4.170  -83.510  -18.248 1.0000000000
6373  8.932  -83.173  -24.898 0.8999999762
5654  6.676  -84.240  -22.955 0.8000000119
4977  3.500  -85.967  -20.725 0.6999999881
7096  2.582  -81.766  -19.746 1.0000000000
141627  16.111  -78.016  -33.230 0.8999999762
144032  10.216  -81.906  -26.906 0.8000000119
6382  9.350  -82.407  -27.013 0.8000000119
5673  7.263  -83.856  -25.797 0.8999999762
5655  6.065  -84.344  -23.735 0.8999999762
136085  6.513  -84.000  -25.420 0.8999999762
4994  5.380  -85.254  -22.943 0.8999999762
5001  5.319  -84.531  -23.740 0.8999999762
8111  7.287  -80.544  -30.542 0.6000000238
4716  0.964  -84.070  3.086 0.8999999762
22134  12.182  -67.878  -15.740 0.4000000060
21027  13.319  -68.864  -17.090 0.4000000060
22105  12.955  -67.510  -13.289 0.6000000238
22087  13.932  -67.952  -12.151 0.8999999762
19854  12.340  -69.754  -10.960 0.8999999762
21026  13.819  -68.786  -17.578 0.4000000060
20921  4.721  -68.487  -11.893 1.0000000000
15651  7.555  -74.000  -24.790 0.5000000000
9033  15.485  -79.493  -28.847 0.6999999881
5598  6.184  -83.224  -18.552 0.8000000119
5614  7.519  -83.405  -19.243 0.8000000119
14434  7.279  -73.793  -22.795 0.6999999881
5616  5.524  -83.846  -18.878 0.8999999762
5599  5.124  -83.289  -18.468 1.0000000000
6302  4.606  -82.654  -18.223 1.0000000000
7085  2.753  -81.677  -18.735 1.0000000000
8096  12.577  -80.702  -29.541 0.8000000119
11127  15.069  -76.772  -31.759 0.8000000119
7179  10.524  -81.590  -27.774 0.6999999881
7184  11.227  -81.233  -29.156 0.8000000119
149660  9.114  -82.229  -27.990 0.8999999762
12098  3.818  -76.540  -20.564 0.8000000119
4127  -1.194  -85.632  -0.034 0.2000000030
28231  11.496  -61.907  -18.519 0.2000000030
19968  14.527  -69.417  -19.413 0.4000000060
18780  7.552  -69.955  -10.403 1.0000000000
14432  10.125  -74.950  -22.522 0.6000000238
8074  16.089  -80.247  -27.788 0.6000000238
8076  14.305  -80.933  -27.980 0.6999999881
10015  12.382  -78.600  -30.861 0.8000000119
8097  11.744  -80.785  -29.763 0.8000000119
7185  10.450  -81.431  -28.725 0.8999999762
7187  8.917  -81.803  -28.797 0.8000000119
140404  6.193  -75.730  -20.315 0.8000000119
9068  10.921  -78.775  -31.447 0.6999999881
151081  0.403  -81.310  1.618 0.8000000119
4114  -0.058  -85.807  -0.061 0.2000000030
4102  1.879  -85.854  1.302 0.2000000030
5406  -1.311  -83.805  -2.040 0.3000000119
23346  10.016  -67.157  -15.049 0.3000000119
23315  11.605  -66.221  -11.993 0.6000000238
137131  12.391  -66.519  -10.439 0.8999999762
17683  9.589  -71.380  -8.540 0.8999999762
146507  7.048  -70.527  -9.926 1.0000000000
138307  2.114  -69.336  -9.847 0.8999999762
8600  1.414  -79.731  2.495 0.8999999762
7662  0.360  -80.906  -0.228 0.8000000119
25801  9.595  -63.712  -17.687 0.2000000030
138917  7.137  -71.088  -9.203 1.0000000000
17673  5.061  -71.609  -8.359 1.0000000000
17689  3.421  -70.985  -8.535 1.0000000000
147272  12.229  -69.352  -24.845 0.4000000060
17660  3.147  -71.537  -7.754 0.8999999762
7625  2.588  -79.846  0.849 0.8000000119
17669  9.725  -71.326  -7.671 0.8999999762
16551  3.580  -72.686  -6.435 1.0000000000
17659  3.979  -72.194  -7.539 1.0000000000
8587  4.013  -78.889  2.864 0.8999999762
8610  3.817  -79.172  1.265 0.8000000119
137975  5.042  -78.491  1.915 0.8000000119
24530  8.389  -65.371  -13.786 0.4000000060
142860  9.700  -66.912  -9.450 0.6999999881
15331  4.548  -73.371  -5.542 1.0000000000
16563  4.624  -72.647  -7.158 1.0000000000
20904  8.976  -68.446  -7.979 0.8999999762
17657  9.384  -71.168  -6.862 0.8999999762
10627  5.340  -77.480  0.975 0.8999999762
24495  9.309  -65.662  -10.474 0.6999999881
136170  8.038  -69.635  -6.918 0.8999999762
9632  -1.105  -78.128  -1.977 0.4000000060
25721  8.686  -64.606  -11.528 0.6000000238
24479  7.091  -66.162  -10.062 0.6999999881
22048  7.375  -67.737  -8.352 0.8999999762
25701  7.303  -64.830  -11.061 0.4000000060
24498  5.700  -65.479  -10.723 0.4000000060
24480  6.178  -66.029  -10.070 0.6000000238
23257  5.972  -66.931  -8.772 0.6999999881
23272  5.620  -66.436  -9.543 0.6999999881
24482  3.788  -65.833  -10.280 0.5000000000
23274  3.543  -66.473  -9.780 0.6999999881
143614  6.553  -67.467  -8.433 0.8999999762
20895  5.843  -68.230  -7.626 0.8999999762
20894  6.655  -68.717  -7.402 0.8999999762
149105  2.835  -67.725  -7.488 0.6999999881
154792  4.827  -70.078  -5.247 0.8999999762
18716  6.132  -70.793  -3.905 0.8999999762
19793  3.712  -69.439  -5.997 0.8999999762
17608  3.954  -71.150  -2.670 1.0000000000
16522  4.056  -72.204  -3.787 1.0000000000
132299  2.353  -68.580  -5.912 0.8999999762
19773  5.148  -68.962  -3.660 0.8999999762
16566  -0.017  -72.158  -6.764 0.5000000000
16567  -0.105  -72.524  -7.321 0.3000000119
20863  3.810  -68.755  -4.558 0.8999999762
18702  3.346  -70.543  -2.292 0.8999999762
15357  -0.623  -73.659  -5.666 0.3000000119
23209  4.690  -66.570  -3.353 0.8999999762
16380  1.950  -72.778  5.869 0.8999999762
15151  0.541  -73.001  5.254 0.8999999762
15186  0.039  -73.159  3.756 0.5000000000
18599  -0.215  -69.977  6.028 0.8000000119
28027  5.417  -62.803  -3.495 1.0000000000
135276  0.713  -67.523  6.197 0.8999999762
139298  -0.669  -69.923  3.702 0.6000000238
136685  3.260  -63.083  -1.608 1.0000000000
28002  -0.304  -62.342  -0.509 0.8000000119
29140  -0.479  -62.374  0.271 0.6999999881
25589  -0.609  -63.950  -0.445 0.6000000238
23152  -0.241  -65.996  0.309 0.4000000060
24400  -0.554  -65.854  -0.829 0.5000000000
30306  0.268  -60.746  -0.536 0.8000000119
27964  0.188  -61.966  0.752 0.6000000238
29194  4.639  -61.104  -2.601 1.0000000000
27899  0.378  -61.747  4.160 0.8000000119
29139  0.115  -61.085  0.955 0.6999999881
27918  0.637  -61.884  3.700 0.6000000238
29138  2.271  -60.758  0.643 0.4000000060
29137  3.497  -61.605  0.405 0.4000000060
32626  0.523  -58.827  1.103 0.6000000238
30229  1.736  -59.980  3.886 0.8000000119
29123  12.371  -60.989  1.315 0.4000000060
131884  13.876  -59.860  -1.748 0.6999999881
133197  12.553  -58.861  -2.089 0.6000000238
33806  14.097  -57.689  -0.283 0.8000000119
32643  11.122  -58.584  -1.513 0.6000000238
32618  12.334  -57.617  -0.347 0.8000000119
30316  17.873  -59.497  -3.049 0.8000000119
30317  16.922  -59.650  -2.804 0.8000000119
31458  17.643  -59.063  -1.275 0.8999999762
31473  17.586  -58.743  -2.226 0.8999999762
31472  18.316  -58.808  -2.498 0.8999999762
32686  16.781  -58.804  -2.601 0.8999999762
147091  16.114  -58.830  -2.571 0.8999999762
32662  16.840  -58.585  -1.930 0.8999999762
32616  16.181  -58.419  0.276 0.8000000119
31415  18.118  -59.219  0.980 0.8000000119
31436  18.685  -59.640  0.195 0.8999999762
31456  19.345  -59.734  -1.006 0.8999999762
30274  18.763  -58.909  -2.259 0.8999999762
30295  19.480  -59.074  -3.182 0.8000000119
30272  19.746  -59.010  -2.896 0.8000000119
128060  21.716  -58.186  -0.525 0.8999999762
128651  20.086  -59.015  -2.898 0.8000000119
128403  20.336  -59.111  0.349 0.8000000119
127568  21.179  -58.731  -0.005 0.8000000119
32589  19.591  -58.540  1.286 0.6999999881
31414  18.863  -59.248  1.044 0.8000000119
33783  21.507  -57.610  0.577 0.8000000119
138083  3.516  -56.868  -4.597 1.0000000000
32614  20.595  -58.098  0.955 0.6999999881
33759  21.454  -56.481  1.421 0.3000000119
127567  22.454  -56.746  -0.683 0.8000000119
34936  22.840  -56.100  0.200 0.6999999881
34926  22.117  -55.860  1.231 0.4000000060
38212  23.726  -53.300  1.100 0.6000000238
144687  24.254  -51.633  2.496 0.3000000119
36011  22.861  -55.293  0.928 0.4000000060
37125  23.080  -54.608  1.294 0.4000000060
34935  23.114  -55.419  -0.044 0.6999999881
38207  23.750  -53.599  2.281 0.3000000119
37132  23.235  -54.629  0.106 0.6000000238
38206  24.044  -52.989  2.911 0.4000000060
142837  24.547  -51.919  3.920 0.2000000030
40280  24.349  -51.284  3.213 0.2000000030
41335  23.598  -50.467  4.460 0.1000000015
42470  22.728  -49.217  4.239 0.1000000015
43598  22.081  -48.483  2.808 0.2000000030
42512  22.779  -49.922  1.420 0.4000000060
44764  16.960  -48.090  3.823 0.1000000015
39275  24.453  -52.688  3.745 0.2000000030
147878  18.664  -49.000  2.603 0.2000000030
42514  21.189  -50.183  1.111 0.4000000060
39301  24.956  -52.333  -0.513 0.6999999881
133735  23.057  -51.545  -1.397 0.6000000238
137897  24.764  -51.794  -0.450 0.6999999881
42516  19.130  -51.048  1.213 0.2000000030
152555  18.237  -49.772  2.195 0.2000000030
37196  6.248  -53.892  -4.370 0.8000000119
128004  27.574  -53.536  0.034 1.0000000000
39290  26.929  -52.825  0.285 1.0000000000
39300  28.092  -52.640  -0.399 1.0000000000
40300  19.148  -52.680  -0.834 0.1000000015
41374  24.039  -50.608  -0.553 0.6000000238
42544  22.715  -50.731  -1.164 0.4000000060
42546  20.632  -51.316  -1.123 0.1000000015
38238  29.207  -53.159  -1.630 1.0000000000
40320  28.149  -51.509  -0.792 0.6999999881
38253  29.884  -52.577  -3.577 1.0000000000
40357  7.305  -51.268  -4.962 0.6999999881
37241  6.775  -53.463  -6.761 0.6999999881
38339  7.607  -53.342  -7.152 0.6999999881
146142  25.900  -49.640  0.466 0.6000000238
40332  28.279  -50.389  -2.255 0.6999999881
38338  8.331  -52.828  -7.424 0.6999999881
41506  9.785  -50.347  -8.211 0.5000000000
42543  25.740  -48.905  0.319 0.6000000238
41414  27.694  -48.633  -1.639 0.6999999881
40342  28.024  -50.606  -3.740 0.6999999881
40343  27.291  -49.856  -3.954 0.6999999881
40369  27.950  -51.853  -5.211 0.6999999881
144548  9.191  -50.491  -5.339 0.6999999881
42615  8.681  -49.653  -5.492 0.5000000000
44805  24.820  -48.122  0.682 0.4000000060
40354  27.452  -50.752  -4.799 0.6999999881
39348  22.268  -52.224  -4.552 0.6000000238
147256  18.985  -50.647  -5.112 0.5000000000
137872  16.928  -49.687  -6.131 0.5000000000
41470  13.863  -50.086  -6.407 0.5000000000
42625  8.602  -49.656  -6.221 0.6000000238
43730  9.340  -48.639  -5.839 0.6000000238
129522  10.621  -48.136  -6.180 0.5000000000
43739  9.783  -48.086  -6.108 0.5000000000
42624  9.161  -49.193  -6.665 0.5000000000
150819  10.137  -49.106  -7.922 0.4000000060
42644  10.917  -49.058  -8.587 0.4000000060
45824  21.294  -46.387  1.479 0.1000000015
147337  22.484  -45.815  1.019 0.2000000030
139985  22.133  -50.454  -4.107 0.4000000060
41453  21.418  -50.183  -3.737 0.2000000030
42596  20.930  -49.584  -3.863 0.3000000119
140279  19.372  -49.744  -4.448 0.5000000000
134660  18.302  -48.435  -4.522 0.5000000000
42610  15.637  -48.893  -6.339 0.6000000238
148533  17.735  -48.003  -4.814 0.6000000238
132782  12.973  -47.144  -6.596 0.4000000060
44880  10.394  -47.855  -6.280 0.5000000000
45910  10.926  -47.158  -6.482 0.4000000060
43745  9.912  -47.989  -6.805 0.3000000119
136538  10.401  -47.831  -7.490 0.3000000119
44946  13.007  -47.322  -10.162 0.2000000030
133630  22.639  -45.016  -0.109 0.2000000030
44872  20.111  -48.227  -5.061 0.5000000000
44876  17.185  -47.404  -5.445 0.4000000060
44887  16.250  -46.909  -5.859 0.5000000000
45920  14.997  -46.073  -6.543 0.5000000000
45922  13.362  -46.367  -6.646 0.4000000060
151500  11.428  -46.112  -6.623 0.3000000119
141972  24.761  -46.367  -1.932 0.3000000119
46965  24.265  -45.958  -1.477 0.3000000119
45891  25.336  -46.846  -3.286 0.4000000060
48096  21.388  -44.345  -1.362 0.1000000015
153128  22.303  -48.684  -6.240 0.5000000000
44886  19.351  -47.029  -5.879 0.5000000000
45919  16.517  -46.207  -5.920 0.4000000060
147255  15.823  -46.177  -6.204 0.4000000060
47009  11.610  -45.061  -6.604 0.3000000119
151202  13.755  -44.848  -6.976 0.3000000119
48156  12.212  -44.047  -6.492 0.3000000119
48141  11.646  -44.296  -6.547 0.3000000119
150355  11.434  -43.932  -6.769 0.3000000119
136074  11.483  -44.649  -7.658 0.2000000030
48201  12.945  -44.748  -9.173 0.2000000030
48097  20.595  -44.025  -1.179 0.1000000015
46997  24.124  -45.098  -4.691 0.4000000060
45903  24.388  -46.740  -5.348 0.4000000060
143106  23.914  -45.278  -5.461 0.4000000060
47037  17.007  -45.255  -6.976 0.3000000119
50203  11.575  -42.836  -6.825 0.3000000119
140894  11.280  -44.049  -7.043 0.3000000119
48193  11.680  -43.905  -7.685 0.2000000030
49283  12.135  -43.070  -7.620 0.1000000015
48129  23.092  -44.163  -4.304 0.2000000030
48128  23.688  -44.637  -4.526 0.4000000060
49204  22.324  -43.815  -4.058 0.2000000030
44882  23.046  -47.149  -6.373 0.4000000060
45912  23.050  -46.260  -6.337 0.4000000060
47035  18.733  -45.261  -7.299 0.3000000119
47036  17.845  -45.274  -7.127 0.3000000119
50210  11.576  -42.556  -6.919 0.3000000119
2338  0.051  -88.612  1.821 0.2000000030
12288  19.887  -77.816  -33.880 0.5000000000
17674  4.119  -71.618  -8.178 1.0000000000
5676  3.864  -83.824  -25.611 0.8000000119
5674  5.760  -83.721  -25.918 0.6999999881
6400  5.008  -82.413  -28.580 0.5000000000
7202  5.752  -82.052  -29.966 0.3000000119
7189  6.273  -81.819  -29.170 0.5000000000
5032  6.133  -83.716  -30.180 0.1000000015
6406  5.614  -82.528  -30.176 0.4000000060
5667  4.655  -83.916  -25.079 0.8000000119
5002  4.841  -85.018  -23.832 0.8000000119
3736  4.222  -86.446  -23.861 0.4000000060
3734  4.420  -87.339  -22.336 0.2000000030
3732  4.972  -86.827  -23.069 0.4000000060
5048  9.326  -83.713  -31.729 0.2000000030
5049  8.269  -83.665  -31.278 0.1000000015
7210  7.023  -81.598  -31.414 0.5000000000
146778  6.668  -81.262  -31.079 0.5000000000
5728  9.173  -83.045  -32.297 0.3000000119
5729  8.746  -82.706  -32.141 0.3000000119
141870  7.855  -82.279  -31.677 0.3000000119
144886  9.516  -80.830  -33.159 0.4000000060
7216  8.852  -81.180  -32.772 0.5000000000
6422  8.447  -81.720  -32.289 0.4000000060
7209  7.662  -81.174  -32.035 0.5000000000
8123  7.727  -80.241  -32.263 0.6000000238
1524  21.590  -90.337  -18.023 0.8000000119
4332  5.348  -86.676  -22.407 0.6999999881
3729  4.946  -87.306  -21.534 0.4000000060
137760  3.867  -87.369  -21.541 0.2000000030
3162  2.554  -87.555  -21.892 0.3000000119
3730  2.063  -86.948  -22.252 0.3000000119
3159  1.807  -87.723  -21.631 0.3000000119
3725  1.458  -87.393  -21.725 0.3000000119
3721  1.410  -87.136  -21.029 0.2000000030
4403  8.970  -83.921  -31.442 0.1000000015
133868  9.269  -79.532  -33.702 0.5000000000
9079  8.159  -79.777  -32.881 0.6000000238
1893  18.531  -89.113  -8.990 0.6999999881
130118  17.942  -89.727  -9.005 0.6999999881
1894  17.615  -89.359  -9.697 0.6999999881
1438  20.244  -90.628  -9.014 0.6000000238
147316  17.784  -88.922  -9.307 0.6999999881
2436  19.360  -88.388  -9.104 0.6999999881
2437  18.112  -88.072  -9.331 0.6999999881
1113  21.383  -90.602  -17.332 0.8000000119
1530  21.007  -90.371  -19.014 0.8000000119
1984  21.581  -89.938  -18.423 0.8000000119
3719  5.189  -86.456  -19.872 0.6999999881
3720  4.497  -87.150  -20.462 0.6000000238
3723  5.234  -87.438  -21.084 0.6999999881
4327  3.875  -87.153  -20.959 0.6000000238
146953  1.660  -86.283  -22.271 0.4000000060
4328  1.460  -85.749  -22.128 0.2000000030
4321  1.388  -86.052  -21.124 0.2000000030
4989  1.224  -84.803  -22.314 0.2000000030
4979  1.023  -84.939  -21.047 0.2000000030
131740  1.042  -85.576  -19.987 0.1000000015
4980  0.434  -83.998  -20.348 0.1000000015
1432  18.613  -90.483  -8.340 0.6999999881
1429  21.523  -91.034  -8.240 0.5000000000
1043  20.906  -91.199  -8.397 0.6000000238
1044  19.803  -90.922  -7.881 0.6999999881
148606  18.960  -89.890  -8.911 0.6999999881
3052  17.880  -86.959  -10.050 0.6999999881
1891  20.886  -90.350  -9.062 0.6000000238
2435  20.472  -88.861  -9.042 0.6000000238
3042  19.027  -87.374  -9.499 0.6999999881
146114  19.137  -86.687  -10.430 0.6000000238
3606  18.993  -86.684  -11.073 0.8000000119
1404  21.197  -90.306  -5.895 0.4000000060
1412  21.104  -90.680  -6.652 0.4000000060
130786  21.562  -90.298  -7.311 0.4000000060
1884  21.392  -90.444  -8.627 0.6000000238
3033  21.194  -88.205  -8.870 0.6000000238
145911  20.279  -87.630  -9.410 0.6000000238
1941  21.251  -89.642  -14.262 0.8000000119
1497  21.715  -90.080  -16.035 0.8000000119
143285  21.829  -90.059  -16.944 0.8000000119
1980  21.932  -89.657  -17.585 0.6999999881
1534  20.104  -90.421  -19.382 0.8000000119
1985  20.541  -89.931  -18.986 0.6999999881
2536  21.224  -89.518  -18.428 0.6999999881
2003  18.999  -90.133  -19.773 0.8000000119
2537  20.331  -89.181  -18.733 0.6999999881
2533  20.867  -88.771  -18.132 0.6999999881
3123  21.383  -88.442  -17.400 0.5000000000
3124  20.434  -87.826  -17.805 0.5000000000
4987  3.158  -85.980  -21.760 0.6000000238
5636  3.138  -83.987  -22.055 0.5000000000
142494  2.591  -85.832  -22.288 0.3000000119
3713  1.559  -86.862  -19.657 0.2000000030
5656  2.654  -83.315  -23.481 0.4000000060
4996  2.064  -84.928  -22.731 0.5000000000
5647  1.360  -83.737  -23.305 0.3000000119
4314  0.723  -85.364  -18.932 0.1000000015
6364  2.672  -82.664  -23.965 0.3000000119
5638  0.958  -84.023  -22.648 0.2000000030
5639  0.522  -83.293  -21.908 0.1000000015
7144  1.179  -81.617  -24.299 0.3000000119
152674  1.506  -82.852  -24.058 0.3000000119
674  17.388  -90.666  -8.523 0.6999999881
1019  20.459  -90.904  -6.683 0.4000000060
1033  19.014  -90.718  -7.307 0.6999999881
1034  18.099  -90.549  -7.525 0.6999999881
1853  19.757  -90.410  -4.891 0.4000000060
1405  20.636  -90.799  -5.862 0.4000000060
1032  19.834  -90.877  -7.030 0.5000000000
1420  18.404  -90.624  -6.708 0.6999999881
136509  21.217  -87.544  -10.856 0.6000000238
3605  19.975  -86.900  -10.680 0.6000000238
3077  19.913  -87.624  -12.131 0.6999999881
132382  18.588  -89.487  -4.377 0.3000000119
136144  19.274  -89.835  -4.656 0.3000000119
1852  20.640  -90.276  -5.410 0.4000000060
2425  21.699  -88.716  -7.986 0.6000000238
3041  21.314  -87.833  -9.471 0.5000000000
3051  20.711  -87.254  -10.029 0.6000000238
3076  21.288  -87.971  -11.867 0.6000000238
2470  20.793  -88.459  -12.829 0.6999999881
1954  22.250  -89.653  -14.675 0.5000000000
1865  21.536  -89.804  -5.770 0.4000000060
1871  21.858  -89.295  -6.735 0.3000000119
3040  22.276  -88.018  -9.465 0.4000000060
2448  23.035  -88.254  -10.085 0.4000000060
3064  22.573  -88.160  -10.957 0.5000000000
2468  23.143  -88.712  -12.596 0.4000000060
1939  22.761  -89.254  -13.874 0.5000000000
1489  21.759  -89.936  -15.414 0.6999999881
1961  22.350  -89.357  -15.755 0.5000000000
2384  18.581  -88.915  -5.001 0.3000000119
1866  20.196  -89.689  -5.148 0.4000000060
2393  21.529  -89.145  -5.633 0.3000000119
2416  22.025  -88.739  -7.225 0.4000000060
140777  23.615  -88.309  -7.572 0.3000000119
2434  23.264  -88.251  -9.178 0.4000000060
1970  22.588  -89.178  -15.665 0.5000000000
2394  20.587  -88.793  -5.396 0.3000000119
2415  22.679  -88.033  -7.105 0.3000000119
2531  22.039  -89.254  -17.089 0.6000000238
2532  21.939  -89.299  -17.861 0.6000000238
3119  21.628  -88.082  -16.649 0.4000000060
1994  19.395  -89.982  -19.451 0.8000000119
3120  20.779  -87.595  -16.979 0.6000000238
2538  17.803  -88.395  -19.505 0.6999999881
3132  19.667  -88.255  -18.737 0.6000000238
127986  14.458  -89.001  -20.200 0.6999999881
133474  15.807  -88.128  -19.699 0.6000000238
3133  18.828  -87.481  -18.912 0.5000000000
3125  19.504  -87.286  -18.163 0.6000000238
4978  3.288  -84.811  -20.373 0.8000000119
5645  2.877  -83.677  -22.891 0.6000000238
131696  0.285  -83.908  -19.229 0.1000000015
5629  0.370  -83.210  -20.839 0.1000000015
6355  0.706  -82.460  -23.051 0.2000000030
1038  13.794  -91.574  -7.775 0.6999999881
1421  17.522  -90.413  -6.899 0.6999999881
1422  16.318  -90.112  -7.023 0.6999999881
1414  15.432  -90.340  -6.716 0.6999999881
1008  19.967  -91.131  -5.644 0.4000000060
1020  19.848  -91.166  -6.142 0.5000000000
1011  17.603  -91.006  -5.516 0.6999999881
2485  21.721  -89.096  -13.235 0.6000000238
133475  23.975  -88.568  -11.001 0.4000000060
140610  24.094  -88.606  -11.974 0.4000000060
2467  23.567  -88.592  -12.842 0.4000000060
2407  21.919  -89.340  -6.023 0.3000000119
2423  24.616  -88.404  -8.143 0.3000000119
143888  24.241  -88.553  -10.065 0.3000000119
2483  24.194  -88.164  -12.894 0.4000000060
1938  23.211  -88.797  -13.599 0.5000000000
2505  23.154  -88.927  -14.823 0.5000000000
2414  24.198  -88.145  -7.376 0.3000000119
2506  22.806  -88.819  -15.547 0.4000000060
2522  22.142  -88.930  -17.004 0.4000000060
3103  22.568  -87.978  -15.414 0.4000000060
3661  21.886  -87.134  -15.141 0.4000000060
3105  21.020  -87.402  -16.306 0.4000000060
3676  19.261  -86.576  -16.615 0.4000000060
3121  19.841  -87.154  -17.206 0.4000000060
127897  16.527  -87.018  -19.936 0.6000000238
3697  18.219  -86.072  -19.130 0.5000000000
3696  18.843  -86.639  -18.600 0.4000000060
7959  10.619  -80.558  -20.257 0.6999999881
5628  2.926  -83.849  -20.129 0.8000000119
129388  3.016  -83.274  -21.185 0.6999999881
6343  3.089  -82.591  -21.789 0.8000000119
5603  0.332  -83.881  -18.331 0.1000000015
6374  2.278  -82.070  -24.488 0.4000000060
6344  0.418  -82.494  -22.099 0.1000000015
5619  -0.017  -83.163  -19.790 0.1000000015
7168  2.118  -80.821  -25.209 0.5000000000
8009  1.080  -80.742  -24.314 0.4000000060
7988  0.542  -80.924  -22.793 0.1000000015
7108  0.019  -81.708  -21.276 0.1000000015
7132  0.736  -81.718  -23.386 0.2000000030
371  12.267  -93.401  -7.282 0.6999999881
141375  13.363  -92.832  -8.143 0.6999999881
362  12.913  -93.072  -6.823 0.6999999881
1025  13.644  -91.495  -7.052 0.6999999881
137799  25.399  -88.067  -9.754 0.4000000060
132575  24.978  -88.193  -10.708 0.4000000060
2456  24.630  -88.199  -11.694 0.4000000060
3098  23.585  -88.196  -14.117 0.4000000060
3102  23.153  -88.239  -14.776 0.4000000060
3023  22.734  -87.800  -6.784 0.2000000030
2422  25.418  -88.141  -8.500 0.2000000030
3063  24.948  -87.922  -11.062 0.4000000060
3617  24.605  -87.663  -11.967 0.4000000060
154830  24.384  -87.372  -12.627 0.4000000060
3660  22.757  -87.389  -14.707 0.4000000060
3020  25.621  -87.323  -8.278 0.3000000119
3039  25.563  -87.756  -9.312 0.4000000060
3618  24.451  -87.288  -11.300 0.4000000060
4229  24.022  -86.592  -12.315 0.4000000060
3637  23.553  -86.647  -13.637 0.4000000060
3645  21.198  -86.437  -14.734 0.4000000060
4268  20.164  -86.134  -15.049 0.4000000060
3663  19.663  -86.438  -15.794 0.4000000060
3662  20.829  -86.850  -15.614 0.4000000060
3684  18.510  -85.928  -17.944 0.4000000060
4269  19.189  -85.793  -15.276 0.4000000060
4306  17.525  -85.798  -20.002 0.5000000000
3677  18.486  -85.977  -16.977 0.4000000060
4297  18.428  -84.989  -19.011 0.4000000060
7913  9.760  -80.583  -19.751 0.8000000119
7982  11.065  -80.864  -21.486 0.8000000119
7932  11.028  -79.742  -19.993 0.6999999881
129648  2.965  -81.884  -21.780 0.8000000119
128422  -0.338  -81.328  -20.114 0.1000000015
8030  3.091  -80.814  -25.031 0.6999999881
7964  0.163  -80.845  -21.852 0.1000000015
8052  1.982  -79.986  -25.492 0.4000000060
8010  0.605  -80.226  -23.406 0.2000000030
9958  2.845  -78.808  -25.902 0.5000000000
8984  1.387  -79.561  -25.148 0.4000000060
9938  0.895  -78.904  -24.543 0.2000000030
8998  1.789  -79.168  -25.725 0.4000000060
9947  1.047  -78.353  -25.243 0.4000000060
619  5.546  -92.428  -1.151 0.8999999762
142368  5.294  -92.002  -2.503 0.8999999762
613  5.721  -92.278  -0.313 0.8999999762
330  5.864  -93.708  0.580 0.8999999762
3593  24.583  -86.741  -9.624 0.4000000060
4221  23.504  -86.395  -11.263 0.4000000060
4244  23.061  -85.858  -13.192 0.4000000060
128985  22.496  -85.208  -12.742 0.4000000060
3638  22.646  -86.232  -13.789 0.4000000060
4254  21.644  -86.006  -13.999 0.4000000060
4255  20.645  -85.744  -14.306 0.4000000060
131737  18.047  -85.284  -17.437 0.4000000060
4272  18.685  -85.978  -16.063 0.4000000060
4270  18.434  -85.170  -15.550 0.4000000060
4257  18.857  -85.212  -14.851 0.4000000060
7915  8.551  -81.098  -19.491 0.8000000119
8931  11.112  -79.086  -19.796 0.6000000238
7934  9.785  -79.855  -19.789 0.6000000238
147088  9.357  -80.361  -19.683 0.8000000119
7082  4.900  -82.019  -18.366 0.8999999762
7084  3.307  -81.685  -18.253 0.8999999762
7916  5.336  -80.875  -19.287 0.8999999762
7906  3.816  -80.772  -18.308 0.8999999762
7987  2.870  -80.769  -22.677 0.8000000119
130201  -0.231  -79.193  -21.261 0.1000000015
130867  -0.224  -80.692  -20.946 0.1000000015
9939  0.432  -78.391  -23.557 0.1000000015
128749  -0.048  -79.373  -22.091 0.1000000015
9948  0.752  -77.974  -24.453 0.2000000030
154532  0.259  -79.557  -22.813 0.1000000015
1774  5.763  -89.989  4.566 0.8999999762
929  5.446  -91.509  4.118 0.8999999762
1860  5.688  -89.566  -4.086 0.8999999762
2388  6.465  -88.442  -4.540 0.8999999762
132567  6.005  -88.833  -3.968 0.8999999762
1836  5.845  -89.639  -2.641 0.8999999762
148436  5.217  -91.148  4.661 0.8999999762
1383  5.633  -90.349  -2.463 0.8999999762
989  5.351  -91.109  -2.638 0.8999999762
1375  5.635  -90.772  -1.826 0.8999999762
1358  6.190  -90.829  0.508 0.8999999762
975  5.614  -91.773  -0.901 0.8999999762
130082  5.850  -92.337  1.099 0.8999999762
125  5.215  -94.194  1.342 0.8999999762
4885  20.700  -84.549  -13.220 0.4000000060
4247  20.129  -85.025  -13.909 0.4000000060
139368  19.564  -84.237  -13.491 0.4000000060
5539  19.687  -83.435  -12.839 0.3000000119
9912  9.964  -78.493  -20.461 0.6000000238
8930  12.030  -78.700  -20.029 0.5000000000
7960  8.323  -80.222  -20.250 0.6000000238
8947  11.731  -79.462  -20.247 0.6999999881
7104  7.117  -81.028  -19.970 0.6999999881
7093  5.968  -81.316  -19.358 0.8000000119
7106  5.909  -80.689  -20.330 0.6999999881
7917  4.564  -80.334  -18.649 0.8000000119
7938  5.099  -79.962  -19.363 0.8000000119
8899  4.038  -79.904  -18.454 0.8000000119
8901  2.790  -80.014  -18.928 0.8999999762
9880  2.940  -78.750  -19.357 0.8999999762
9903  -0.137  -79.043  -20.393 0.1000000015
10979  0.021  -77.870  -22.585 0.1000000015
11000  0.426  -77.505  -23.551 0.1000000015
9974  1.901  -77.525  -26.446 0.3000000119
12171  1.390  -76.252  -26.166 0.3000000119
12183  2.665  -76.330  -26.796 0.4000000060
3443  6.970  -86.914  4.972 0.8000000119
4675  8.214  -84.455  5.430 0.8000000119
3442  7.663  -86.484  4.759 0.8000000119
2298  6.770  -88.768  4.251 0.8000000119
1335  6.142  -90.010  3.376 0.8999999762
2285  6.167  -88.321  4.951 0.8000000119
2987  7.043  -87.588  -3.513 0.8999999762
930  4.851  -91.771  4.668 0.8999999762
2377  6.602  -88.191  -2.899 0.8999999762
133032  6.106  -88.896  -2.749 0.8999999762
1835  6.369  -89.283  -2.086 0.8999999762
2967  7.465  -87.347  -1.788 0.8000000119
2365  7.233  -87.955  -1.348 0.8000000119
1813  6.192  -90.385  -1.171 0.8999999762
574  4.176  -92.238  4.997 0.8999999762
1365  6.195  -90.657  -0.338 0.8999999762
308  3.407  -93.104  4.561 0.8999999762
963  6.037  -91.548  0.815 0.8999999762
307  4.025  -92.829  4.138 0.8999999762
106  3.210  -93.671  4.158 0.8999999762
3  2.568  -94.672  3.555 0.8000000119
150110  1.790  -94.795  3.994 0.8000000119
7  4.385  -94.600  1.790 0.6999999881
51  0.114  -94.402  -2.204 0.4000000060
42  0.717  -95.005  -1.786 0.5000000000
32  0.602  -95.077  -0.923 0.5000000000
9897  12.650  -78.211  -20.318 0.5000000000
140770  11.406  -78.436  -19.947 0.5000000000
8933  9.480  -79.239  -20.262 0.6000000238
8949  8.667  -79.564  -20.745 0.6000000238
7961  7.335  -80.662  -20.899 0.6000000238
7983  7.346  -80.443  -21.988 0.6000000238
7118  6.064  -80.741  -21.274 0.6000000238
7984  6.784  -80.773  -22.960 0.5000000000
7986  5.898  -80.553  -22.158 0.5000000000
9864  3.865  -79.258  -18.712 0.8000000119
10922  3.898  -77.829  -19.331 0.6999999881
10938  2.743  -77.918  -20.403 0.8000000119
134845  0.258  -78.247  -20.143 0.1000000015
10957  -0.058  -77.740  -21.547 0.1000000015
153263  0.683  -77.610  -20.006 0.1000000015
12157  0.857  -76.560  -25.347 0.3000000119
143266  0.225  -77.071  -22.853 0.1000000015
12184  1.975  -75.866  -26.838 0.3000000119
2366  6.895  -88.746  -1.501 0.8000000119
137101  6.896  -89.128  -0.751 0.8999999762
1812  6.627  -89.845  -0.388 0.8999999762
955  5.860  -91.805  1.697 0.8999999762
140674  3.723  -93.829  3.361 0.8999999762
2  3.338  -94.440  3.049 0.6999999881
592  5.050  -92.815  2.806 0.8999999762
111  4.484  -93.495  3.029 0.8999999762
10932  11.800  -77.557  -20.822 0.5000000000
147294  10.481  -77.977  -20.608 0.5000000000
8948  9.141  -78.819  -21.391 0.5000000000
9945  8.508  -78.932  -24.405 0.4000000060
8957  8.679  -79.066  -22.518 0.5000000000
8967  8.004  -79.653  -23.041 0.4000000060
8958  8.176  -79.666  -21.932 0.6000000238
8005  6.547  -80.838  -23.872 0.4000000060
8028  5.994  -81.000  -24.562 0.4000000060
8006  6.137  -80.772  -23.630 0.6000000238
141752  5.641  -80.277  -21.880 0.6000000238
8029  5.680  -80.611  -24.132 0.6000000238
137289  5.568  -79.773  -21.862 0.6000000238
8934  5.469  -79.573  -20.096 0.6999999881
9935  5.567  -79.839  -23.999 0.6000000238
9914  5.665  -79.186  -20.846 0.6999999881
10920  5.156  -78.090  -19.532 0.6999999881
10954  6.059  -78.016  -20.567 0.6999999881
12077  5.313  -77.211  -19.747 0.6999999881
13285  0.382  -75.816  -23.500 0.1000000015
132968  0.117  -77.053  -22.054 0.1000000015
12099  0.969  -76.310  -20.686 0.1000000015
12096  5.823  -76.368  -20.096 0.6999999881
13294  0.830  -75.058  -25.192 0.2000000030
12145  0.495  -76.202  -24.361 0.1000000015
13321  2.150  -75.045  -26.800 0.4000000060
13306  1.378  -75.416  -26.141 0.3000000119
14482  3.043  -75.036  -26.936 0.4000000060
2874  6.253  -87.368  5.323 0.8000000119
4053  8.333  -85.157  5.019 0.8000000119
5319  9.494  -83.276  5.283 0.6999999881
299  2.960  -92.901  5.400 0.8999999762
102  2.080  -93.631  5.399 0.8999999762
1347  6.358  -90.222  1.087 0.8999999762
129103  5.620  -93.256  1.363 0.8999999762
10952  10.900  -77.563  -21.404 0.5000000000
9922  10.328  -77.707  -22.671 0.4000000060
9911  9.914  -77.974  -21.449 0.4000000060
10995  10.569  -77.631  -23.908 0.3000000119
9923  9.396  -78.385  -22.705 0.4000000060
11015  9.782  -77.879  -24.410 0.3000000119
8993  7.785  -79.671  -24.963 0.4000000060
8979  7.852  -79.704  -24.002 0.4000000060
9009  7.800  -79.501  -25.928 0.4000000060
8980  6.906  -80.650  -24.548 0.4000000060
137871  5.576  -80.785  -24.942 0.6000000238
8981  5.367  -80.373  -24.947 0.6000000238
9934  6.101  -78.497  -24.371 0.6000000238
144868  6.210  -78.396  -22.536 0.6999999881
15637  1.207  -73.499  -24.606 0.1000000015
14450  0.518  -75.032  -23.511 0.1000000015
148391  0.630  -75.752  -21.970 0.1000000015
12078  1.343  -76.201  -19.668 0.1000000015
10996  6.501  -77.818  -23.373 0.6000000238
10953  6.506  -77.743  -21.528 0.6999999881
16817  2.302  -72.255  -26.678 0.3000000119
15654  1.389  -73.602  -25.716 0.1000000015
14461  0.883  -74.212  -25.063 0.1000000015
13263  7.124  -75.916  -21.025 0.6000000238
12118  7.085  -76.704  -21.389 0.6000000238
16830  3.729  -72.442  -27.406 0.5000000000
15665  2.958  -73.222  -27.144 0.4000000060
146310  7.880  -85.848  5.156 0.8000000119
1764  5.365  -89.706  5.212 0.8999999762
1307  4.712  -90.248  5.568 0.8999999762
2886  7.378  -87.236  4.270 0.8000000119
136121  4.642  -91.089  5.268 0.8999999762
4694  9.084  -84.225  4.916 0.6000000238
3441  8.287  -85.878  4.357 0.6999999881
2312  7.125  -88.649  3.592 0.8000000119
575  3.275  -92.348  5.694 0.8999999762
580  5.061  -92.078  4.004 0.8999999762
947  5.552  -92.226  2.612 0.8999999762
314  4.781  -93.184  2.838 0.8999999762
131778  6.128  -90.260  2.208 0.8999999762
9944  9.106  -78.306  -24.810 0.4000000060
11035  9.669  -77.858  -25.315 0.4000000060
9956  8.469  -78.828  -25.325 0.4000000060
8065  6.172  -80.661  -25.964 0.4000000060
9010  6.895  -80.084  -26.464 0.4000000060
8066  5.587  -80.474  -26.280 0.5000000000
8079  5.254  -80.273  -27.145 0.6000000238
9946  5.473  -79.544  -25.068 0.6000000238
16798  1.734  -72.063  -25.829 0.3000000119
14449  0.840  -74.322  -23.474 0.1000000015
135570  1.116  -74.722  -20.916 0.1000000015
153954  5.877  -78.532  -25.299 0.6000000238
143858  6.604  -77.099  -24.268 0.6000000238
10976  6.905  -77.312  -22.379 0.6000000238
12143  7.026  -76.554  -23.269 0.6000000238
2286  5.421  -88.781  5.473 0.8000000119
1308  3.777  -90.757  6.029 0.8999999762
140287  6.786  -89.258  3.557 0.8000000119
1326  5.813  -90.822  3.810 0.8999999762
1800  6.619  -89.532  1.569 0.8000000119
2347  7.291  -88.293  0.420 0.8000000119
2322  7.109  -88.823  2.020 0.8000000119
152562  5.846  -90.735  3.049 0.8999999762
11056  10.034  -77.702  -26.900 0.3000000119
9970  8.575  -78.607  -26.335 0.4000000060
9986  9.087  -77.937  -27.062 0.3000000119
9971  7.718  -79.430  -26.961 0.3000000119
9024  6.539  -79.957  -27.495 0.5000000000
9025  5.299  -80.263  -27.850 0.5000000000
18979  2.644  -70.659  -25.570 0.3000000119
17894  2.178  -71.470  -25.323 0.2000000030
15624  1.204  -73.588  -23.513 0.1000000015
14425  1.019  -74.121  -21.628 0.1000000015
15587  0.863  -73.278  -21.032 0.1000000015
130282  5.897  -77.939  -25.982 0.6000000238
9012  5.074  -79.743  -26.921 0.6000000238
16782  1.541  -72.687  -23.793 0.1000000015
17878  1.883  -71.754  -23.490 0.1000000015
16761  1.321  -72.878  -22.507 0.1000000015
17877  2.364  -71.149  -24.264 0.1000000015
1295  4.050  -89.935  6.093 0.8999999762
568  2.401  -92.081  6.609 0.8999999762
3470  8.585  -85.919  2.547 0.6999999881
134688  7.533  -88.148  2.217 0.8000000119
147675  7.323  -88.514  2.563 0.8000000119
2926  7.850  -87.444  1.678 0.8000000119
11055  11.063  -77.669  -26.734 0.4000000060
9987  8.349  -78.646  -27.451 0.4000000060
9988  7.335  -79.209  -28.014 0.4000000060
9998  5.892  -78.968  -29.241 0.5000000000
9997  6.976  -78.970  -29.143 0.5000000000
142459  4.764  -78.566  -28.586 0.6000000238
9036  5.005  -79.546  -28.512 0.6000000238
17857  1.473  -71.356  -22.541 0.1000000015
11081  5.101  -77.681  -27.788 0.6000000238
143405  2.854  -70.440  -24.493 0.2000000030
17856  2.027  -70.932  -23.082 0.1000000015
129310  6.821  -75.869  -24.394 0.6000000238
11037  6.147  -76.748  -25.887 0.6000000238
20046  3.792  -69.261  -24.706 0.3000000119
147728  7.239  -75.837  -22.651 0.6000000238
1296  2.541  -91.087  6.847 0.8999999762
152745  8.819  -78.045  -27.938 0.4000000060
11102  7.858  -78.023  -29.632 0.5000000000
12181  5.426  -76.383  -27.336 0.5000000000
18964  2.609  -70.416  -23.563 0.1000000015
20037  3.715  -69.080  -23.510 0.2000000030
144852  2.144  -88.869  7.770 0.8999999762
3405  2.420  -87.397  7.750 0.8000000119
1756  2.705  -89.446  7.284 0.8999999762
2854  0.890  -88.162  8.016 0.8999999762
2855  0.434  -87.566  7.620 0.8999999762
12216  4.998  -76.603  -28.945 0.6000000238
21122  4.011  -68.470  -22.636 0.1000000015
18942  2.143  -70.179  -22.640 0.1000000015
12168  6.366  -75.712  -25.881 0.5000000000
149188  0.999  -85.742  7.750 0.8000000119
3423  2.530  -86.487  7.546 0.8000000119
130895  0.007  -85.686  7.667 0.8000000119
3406  1.546  -87.398  7.972 0.8000000119
2276  3.281  -88.519  7.121 0.8000000119
4010  -0.683  -86.360  7.542 0.8000000119
3424  -0.650  -86.893  7.053 0.8999999762
21104  3.502  -68.528  -21.711 0.1000000015
137399  4.694  -67.543  -23.038 0.4000000060
4666  2.037  -83.490  6.386 0.8000000119
153666  0.815  -85.060  7.604 0.8000000119
4023  2.965  -85.496  6.889 0.8000000119
131577  -0.889  -85.411  7.557 0.8000000119
4654  0.040  -84.615  7.604 0.8000000119
4656  -1.487  -84.651  7.207 0.8000000119
4041  -1.641  -85.447  6.882 0.8000000119
4011  -1.251  -85.947  7.398 0.8000000119
5326  -1.255  -83.646  5.434 0.8000000119
22237  4.704  -67.037  -21.578 0.3000000119
21121  4.439  -67.925  -21.949 0.2000000030
5310  0.133  -82.463  7.156 0.8000000119
5296  0.869  -83.358  7.025 0.8000000119
6004  1.351  -82.367  6.401 0.8000000119
5991  -0.952  -83.015  7.168 0.8000000119
5327  -1.437  -83.550  6.302 0.8000000119
25841  4.611  -63.762  -20.198 0.6000000238
23444  4.402  -65.228  -20.489 0.4000000060
22217  4.378  -66.677  -20.806 0.2000000030
6764  0.144  -80.769  6.560 0.6999999881
6005  0.642  -81.507  6.581 0.8000000119
6763  1.178  -80.811  6.489 0.6999999881
6007  -0.821  -82.308  7.010 0.8000000119
5990  -0.717  -82.744  7.205 0.8000000119
149146  -1.014  -82.679  6.983 0.8000000119
5335  -1.182  -82.674  5.365 0.8000000119
134609  -0.452  -82.965  4.475 0.6999999881
24620  5.642  -63.988  -19.468 0.6000000238
22196  3.293  -66.963  -19.777 0.1000000015
7584  0.027  -79.808  6.624 0.6999999881
7574  1.120  -79.591  7.486 0.6999999881
7585  -0.204  -79.807  6.382 0.6999999881
6780  -1.015  -82.060  5.649 0.8000000119
25832  3.685  -64.143  -18.890 0.4000000060
23427  3.774  -64.841  -20.152 0.2000000030
8561  0.398  -79.026  7.283 0.6999999881
8538  0.590  -78.421  9.102 0.6999999881
135707  -0.521  -80.379  5.988 0.8000000119
140724  -0.698  -81.327  4.441 0.8000000119
132689  5.317  -65.748  -17.942 0.6999999881
25814  4.326  -63.913  -18.620 0.6000000238
23413  2.735  -65.979  -18.332 0.1000000015
9511  0.369  -78.349  7.042 0.6999999881
10521  1.782  -77.192  8.370 0.6999999881
153317  1.167  -77.819  9.901 0.6999999881
9533  0.191  -78.882  5.916 0.6999999881
150433  0.634  -77.693  6.922 0.6999999881
10537  1.093  -77.216  7.781 0.6999999881
7600  -0.586  -80.450  4.685 0.8000000119
9548  -0.040  -79.117  5.189 0.6999999881
24610  3.352  -64.829  -17.908 0.3000000119
10553  0.961  -77.989  6.202 0.6999999881
10520  2.936  -77.303  8.077 0.6999999881
9494  2.477  -77.493  9.002 0.6999999881
9546  0.910  -78.621  4.726 0.6999999881
134488  0.578  -78.485  5.519 0.6999999881
8590  0.923  -79.432  3.418 0.8000000119
8592  -0.304  -79.793  4.368 0.6999999881
10536  2.256  -76.967  7.428 0.6999999881
9493  3.600  -77.953  8.640 0.6999999881
9476  4.252  -78.660  9.181 0.6999999881
8579  1.472  -78.955  3.962 0.6999999881
6878  0.353  -82.012  -3.409 0.3000000119
23384  1.683  -65.792  -16.491 0.2000000030
9509  4.034  -77.608  7.836 0.6999999881
9492  4.725  -78.437  8.285 0.6999999881
7556  6.010  -79.955  9.567 0.6999999881
10564  2.854  -77.245  5.932 0.6999999881
10550  3.106  -77.014  6.621 0.6999999881
9507  5.548  -78.436  7.698 0.6999999881
9530  2.528  -77.896  5.229 0.6999999881
9529  3.553  -77.722  5.190 0.6999999881
6897  0.711  -81.166  -3.720 0.3000000119
6898  -0.446  -81.278  -3.778 0.3000000119
8697  0.497  -79.881  -4.337 0.3000000119
24582  2.075  -65.048  -15.771 0.3000000119
7541  6.225  -80.390  10.433 0.6999999881
9491  5.658  -79.000  8.236 0.6999999881
7555  6.803  -80.248  9.970 0.6999999881
10533  5.414  -77.717  7.173 0.6999999881
9544  3.141  -78.287  4.429 0.6999999881
9528  4.503  -77.674  5.319 0.6999999881
147415  4.588  -77.387  6.024 0.6999999881
9559  2.603  -78.781  3.788 0.6999999881
9543  4.297  -78.157  4.348 0.6999999881
7520  7.151  -79.996  11.691 0.6999999881
8534  7.054  -79.524  8.376 0.6999999881
9519  6.913  -78.082  6.560 0.6999999881
132065  6.313  -78.157  7.194 0.6999999881
140526  7.704  -79.549  9.350 0.6999999881
9542  5.431  -77.953  4.645 0.6999999881
129339  5.337  -77.640  5.650 0.6999999881
8549  7.553  -79.290  7.837 0.6999999881
9558  3.645  -78.624  3.630 0.6999999881
134601  5.180  -78.230  3.843 0.6999999881
138484  7.518  -77.945  5.756 0.6999999881
9517  8.452  -78.157  6.874 0.6999999881
133352  6.077  -78.189  3.731 0.6999999881
10562  7.080  -77.898  5.027 0.6999999881
10546  8.329  -77.757  5.875 0.6999999881
23336  1.959  -65.562  -13.619 0.6000000238
24531  1.542  -65.434  -13.958 0.4000000060
139034  8.686  -78.090  7.580 0.6999999881
10532  8.988  -77.507  6.922 0.6999999881
10560  8.720  -77.241  5.272 0.6999999881
23337  0.977  -65.738  -13.248 0.5000000000
10519  8.380  -77.278  8.671 0.6999999881
11700  8.830  -76.782  7.976 0.6999999881
23319  0.058  -66.805  -12.245 0.4000000060
12845  8.961  -75.488  6.544 0.6999999881
12864  8.479  -76.114  4.863 0.6999999881
12865  7.796  -76.026  4.385 0.6999999881
20924  0.962  -67.672  -10.999 0.6000000238
19847  0.141  -68.571  -10.280 0.3000000119
22092  0.765  -66.686  -12.201 0.5000000000
22075  -0.080  -67.245  -11.688 0.3000000119
12854  7.140  -75.387  5.217 0.6999999881
13968  5.358  -73.787  6.303 0.6000000238
12867  5.509  -75.609  4.420 0.6000000238
13977  6.609  -74.759  5.926 0.6999999881
139824  -1.054  -71.834  -2.186 0.4000000060
13978  5.610  -74.648  5.859 0.6000000238
13979  4.615  -74.501  5.798 0.6999999881
138771  -0.291  -70.383  2.026 0.2000000030
17583  -0.517  -70.688  -1.252 0.4000000060
15138  4.343  -72.825  6.331 0.6999999881
21905  0.375  -67.373  1.933 0.3000000119
141591  -0.005  -68.921  1.503 0.3000000119
21881  2.007  -67.433  3.193 0.2000000030
20753  1.141  -67.943  2.422 0.1000000015
33767  13.011  -56.797  1.255 0.6000000238
150413  12.834  -57.633  2.273 0.4000000060
139531  1.470  -64.783  3.207 0.4000000060
21882  1.040  -66.994  2.436 0.3000000119
23099  -0.241  -66.085  2.703 0.6000000238
33766  14.117  -57.274  1.016 0.6000000238
129203  13.576  -57.105  1.438 0.6000000238
33755  12.084  -57.305  1.967 0.6000000238
140227  0.675  -65.949  0.726 0.3000000119
19660  0.464  -69.939  6.141 0.8000000119
26698  0.693  -63.717  6.157 0.8000000119
24270  0.529  -65.333  6.011 0.6999999881
141209  0.386  -63.527  5.136 0.6999999881
24297  0.024  -64.927  4.380 0.6999999881
140592  -0.342  -65.566  3.413 0.6000000238
21907  -0.494  -67.647  2.235 0.6000000238
33753  14.392  -57.380  1.720 0.5000000000
32569  13.755  -57.569  2.270 0.5000000000
32570  12.262  -58.174  2.646 0.5000000000
25543  -0.004  -64.492  3.096 0.6000000238
33785  14.901  -57.609  0.616 0.6999999881
33787  12.845  -56.882  0.563 0.6999999881
32593  11.270  -57.300  1.500 0.6000000238
33786  13.671  -57.168  0.439 0.6999999881
33788  11.976  -57.071  0.411 0.6999999881
130731  0.951  -61.911  0.776 0.5000000000
32571  11.249  -57.933  2.320 0.6000000238
33765  14.994  -57.470  1.545 0.6000000238
33764  15.690  -57.886  1.192 0.6999999881
33744  15.211  -57.246  3.165 0.4000000060
32548  14.529  -57.731  2.895 0.4000000060
32549  13.167  -58.399  2.856 0.4000000060
33752  15.169  -57.357  2.452 0.6000000238
32550  10.812  -58.646  2.932 0.6000000238
32551  9.915  -58.372  2.901 0.8000000119
134467  7.934  -57.990  2.592 0.6000000238
32592  16.661  -58.545  1.004 0.6999999881
30298  15.694  -60.205  -1.712 0.5000000000
33735  15.730  -57.030  3.879 0.4000000060
31375  12.662  -59.213  3.158 0.5000000000
31402  11.715  -58.872  3.069 0.5000000000
136189  16.684  -56.979  4.126 0.3000000119
33743  15.970  -56.881  3.407 0.6000000238
33751  15.961  -57.296  2.504 0.6000000238
31376  11.215  -59.575  3.447 0.6000000238
32555  6.150  -58.445  3.242 0.6999999881
34918  17.559  -56.489  3.538 0.5000000000
33749  17.918  -56.845  2.960 0.6000000238
33763  16.681  -57.910  2.001 0.6000000238
33762  18.356  -57.427  2.376 0.6000000238
32591  17.496  -58.548  1.491 0.6999999881
32590  18.441  -58.453  1.734 0.6999999881
30318  16.023  -59.765  -2.390 0.6999999881
29263  1.222  -61.014  -5.890 0.5000000000
139348  14.746  -58.389  3.409 0.4000000060
31374  13.607  -59.442  3.287 0.4000000060
30224  13.118  -60.348  3.485 0.5000000000
31378  9.478  -58.954  3.452 0.6000000238
31349  9.020  -59.593  3.923 0.6999999881
31380  7.178  -58.438  3.596 0.6999999881
31352  5.958  -58.679  4.133 0.8000000119
31379  8.589  -58.718  3.389 0.6999999881
127570  22.607  -60.375  -2.995 0.6000000238
30294  20.033  -59.474  -3.087 0.6999999881
29187  18.952  -60.899  -2.718 0.6999999881
30315  18.889  -59.394  -3.162 0.8000000119
134426  2.120  -60.588  -6.302 0.5000000000
30387  2.127  -59.705  -5.836 0.5000000000
127573  21.216  -56.611  -2.042 0.6999999881
127800  22.110  -58.580  -3.753 0.6999999881
127574  20.576  -58.491  -2.589 0.8000000119
127981  24.304  -57.600  -2.150 0.8000000119
153467  22.901  -56.797  -3.447 0.8000000119
127578  21.176  -56.238  -2.634 0.8000000119
29261  2.940  -61.494  -6.581 0.5000000000
30386  2.938  -59.857  -6.507 0.5000000000
34947  22.535  -55.685  -0.766 0.6999999881
36028  22.591  -54.722  -0.890 0.6000000238
36029  21.928  -54.907  -1.894 0.8000000119
39285  23.801  -52.434  0.970 0.5000000000
39284  23.890  -51.602  1.542 0.5000000000
34955  24.622  -55.980  -2.135 0.8000000119
36051  22.701  -55.211  -2.720 0.8000000119
131278  21.812  -54.611  -2.275 0.8000000119
39302  23.606  -52.289  -1.353 0.8000000119
38240  23.387  -52.995  -1.902 0.6999999881
37137  24.522  -53.535  -1.514 0.8999999762
147279  22.961  -52.792  -1.781 0.8000000119
38231  22.732  -53.154  -1.503 0.8000000119
36026  25.550  -54.979  -0.513 0.8999999762
37161  23.670  -54.436  -2.340 0.8000000119
37162  22.698  -54.458  -2.356 0.8000000119
37149  22.340  -54.106  -2.142 0.8000000119
32683  26.952  -57.916  -2.563 0.6999999881
33861  3.085  -57.524  -4.767 0.6999999881
34972  3.569  -56.099  -3.100 0.8999999762
32772  2.982  -58.703  -6.048 0.6000000238
38230  24.241  -52.779  -1.394 0.8000000119
37129  27.460  -54.988  0.383 0.8999999762
38219  26.085  -53.713  -0.027 0.8999999762
154845  27.109  -57.248  -3.302 0.6000000238
34965  27.536  -56.687  -2.380 0.8000000119
33791  3.686  -56.635  1.283 0.5000000000
34961  3.126  -55.300  -0.331 0.8000000119
153330  3.498  -55.649  -2.184 0.8999999762
36056  3.507  -54.504  -1.811 0.8999999762
34973  3.378  -55.064  -1.544 0.8999999762
33908  3.225  -57.528  -5.748 0.6999999881
34994  3.333  -57.056  -5.309 0.6999999881
149871  3.803  -56.175  -3.662 0.6999999881
34980  3.521  -55.163  -2.512 0.8999999762
33907  4.277  -56.784  -6.657 0.6999999881
35013  3.849  -56.388  -5.886 0.6999999881
33906  5.026  -56.740  -6.960 0.6000000238
43603  17.430  -48.650  3.295 0.1000000015
36037  28.457  -55.157  -1.583 0.8000000119
150740  27.380  -55.964  -3.527 0.6999999881
36048  28.298  -55.151  -2.575 0.8000000119
36020  3.411  -55.357  0.531 0.6000000238
36019  4.358  -55.545  0.766 0.6000000238
37143  3.682  -54.293  -0.853 0.6999999881
36033  3.161  -54.874  -0.055 0.6000000238
37169  3.691  -54.320  -2.076 0.8999999762
36083  4.251  -55.916  -4.129 0.6999999881
36066  3.744  -55.036  -2.982 0.8000000119
35034  5.356  -55.949  -7.132 0.6999999881
35035  4.604  -56.087  -7.013 0.6999999881
36104  4.324  -55.970  -5.494 0.6999999881
37159  28.829  -54.230  -2.455 0.8000000119
36076  27.944  -54.464  -4.332 0.8000000119
37176  28.937  -54.013  -4.411 0.8999999762
36077  27.002  -55.028  -4.431 0.8000000119
37190  27.683  -54.125  -4.921 0.8000000119
39322  29.341  -52.798  -5.032 0.6000000238
38293  24.160  -53.799  -5.057 0.5000000000
148568  23.096  -54.272  -5.108 0.5000000000
37141  4.861  -54.398  -0.126 0.6999999881
38295  22.584  -53.787  -4.964 0.4000000060
38244  5.080  -53.399  -1.832 0.8000000119
37153  4.356  -53.639  -1.655 0.8999999762
148003  9.382  -54.104  -2.634 0.3000000119
36082  5.222  -55.438  -4.675 0.6999999881
36065  4.953  -55.043  -3.399 0.6999999881
36126  4.934  -55.443  -7.004 0.6999999881
152064  27.337  -52.067  -5.543 0.6000000238
141371  29.680  -52.661  -5.937 0.6000000238
39345  25.097  -52.640  -5.179 0.6000000238
38292  25.983  -53.117  -5.136 0.6999999881
147854  24.930  -53.526  -5.103 0.6000000238
38294  23.422  -53.675  -4.897 0.5000000000
38296  21.748  -53.683  -5.188 0.5000000000
38242  7.385  -54.539  -0.729 0.5000000000
38254  8.609  -54.151  -1.578 0.4000000060
38255  7.256  -53.997  -1.813 0.6999999881
38263  8.653  -53.814  -2.402 0.5000000000
38257  5.178  -53.417  -1.962 0.8000000119
39323  7.534  -53.185  -3.541 0.6000000238
138125  7.096  -53.115  -3.589 0.6000000238
39359  10.396  -52.670  -5.434 0.5000000000
40370  26.841  -51.380  -5.279 0.5000000000
39344  26.207  -52.117  -5.419 0.6999999881
39346  24.050  -52.977  -4.852 0.6000000238
140282  24.395  -52.121  -5.238 0.6000000238
40374  23.211  -51.489  -4.867 0.4000000060
40355  8.674  -51.365  -5.169 0.4000000060
141418  10.837  -51.662  -5.594 0.4000000060
39360  9.361  -52.729  -5.182 0.4000000060
39334  7.371  -52.112  -4.435 0.5000000000
37256  8.111  -54.214  -7.356 0.6000000238
40383  12.753  -51.641  -5.871 0.4000000060
40384  12.133  -51.046  -5.950 0.4000000060
137679  9.773  -51.640  -5.424 0.5000000000
41441  8.413  -50.224  -5.001 0.5000000000
41472  12.060  -50.246  -6.153 0.5000000000
142102  10.199  -50.709  -5.562 0.4000000060
42603  11.688  -49.352  -6.236 0.3000000119
49205  21.534  -43.502  -3.745 0.1000000015
49194  21.182  -43.737  -2.861 0.1000000015
47020  14.581  -45.278  -6.735 0.2000000030
49215  22.140  -42.928  -4.530 0.1000000015
48176  17.457  -44.653  -7.617 0.2000000030
48177  16.620  -44.564  -7.460 0.2000000030
48153  15.228  -44.778  -6.836 0.2000000030
48154  14.329  -44.441  -7.061 0.2000000030
50195  22.413  -42.468  -5.299 0.1000000015
49220  22.466  -42.857  -6.051 0.1000000015
48175  18.330  -44.642  -7.715 0.2000000030
48191  17.922  -44.015  -8.228 0.1000000015
49280  17.402  -43.403  -8.652 0.2000000030
49259  17.080  -43.961  -7.971 0.2000000030
49260  16.290  -43.839  -7.862 0.2000000030
47038  16.140  -45.174  -6.802 0.2000000030
48179  14.917  -43.973  -7.318 0.2000000030
48155  13.343  -44.159  -6.910 0.2000000030
49233  21.782  -42.631  -6.716 0.1000000015
50200  22.134  -41.929  -6.040 0.1000000015
50226  20.091  -42.435  -7.781 0.1000000015
49281  16.691  -43.460  -8.440 0.1000000015
49261  15.546  -43.486  -7.690 0.1000000015
49234  14.010  -43.463  -6.950 0.2000000030
50205  21.549  -41.718  -6.706 0.1000000015
150885  19.250  -42.368  -8.403 0.1000000015
50227  16.059  -43.117  -8.245 0.1000000015
50246  16.731  -42.716  -8.852 0.1000000015
51183  14.817  -41.253  -7.273 0.1000000015
50229  14.803  -42.093  -7.350 0.2000000030
50201  12.640  -42.564  -6.681 0.2000000030
51164  14.037  -41.454  -6.813 0.1000000015
51165  12.945  -41.104  -6.559 0.1000000015
50209  11.680  -42.031  -6.843 0.1000000015
51196  12.519  -41.148  -8.088 0.1000000015
50206  20.806  -41.596  -7.319 0.1000000015
147269  18.390  -42.160  -8.846 0.1000000015
51179  19.919  -41.557  -7.894 0.1000000015
51182  15.478  -41.619  -8.065 0.1000000015
51195  16.320  -41.730  -8.860 0.1000000015
149907  13.454  -40.596  -6.614 0.1000000015
50245  17.653  -42.687  -8.893 0.1000000015
51181  15.942  -42.384  -8.483 0.1000000015
149521  4.903  -94.477  1.401 0.8000000119
324  5.183  -93.872  1.851 0.8999999762
150229  5.850  -93.270  -0.415 0.8999999762
21136  4.300  -68.262  -23.529 0.3000000119
143613  5.490  -93.904  1.328 0.8999999762
23443  5.289  -65.285  -20.792 0.4000000060
1037  14.392  -90.972  -7.563 0.6999999881
1986  19.069  -89.380  -19.378 0.6999999881
2449  17.482  -87.902  -10.820 0.6999999881
3066  18.856  -87.096  -11.821 0.8000000119
8142  9.871  -79.679  -34.090 0.4000000060
7201  6.401  -81.576  -30.539 0.5000000000
143221  6.802  -81.547  -19.252 0.8000000119
136687  -0.580  -68.956  1.973 0.4000000060
136831  -0.325  -66.994  4.167 0.6000000238
137342  0.485  -64.483  0.838 0.4000000060
24278  0.240  -65.190  5.265 0.6999999881
23075  -0.244  -66.260  4.425 0.6000000238
153529  1.425  -63.234  0.856 0.5000000000
23098  0.171  -65.803  2.497 0.5000000000
25516  -0.078  -64.379  3.689 0.6999999881
139652  17.401  -59.012  0.755 0.6999999881
128066  21.397  -57.985  -1.879 0.8000000119
127571  20.198  -58.780  -2.832 0.6999999881
31584  2.390  -59.071  -5.665 0.6999999881
144514  22.242  -57.507  -0.145 0.6999999881
136066  23.151  -53.744  -0.377 0.5000000000
32771  3.642  -58.150  -6.363 0.6000000238
130347  23.404  -53.955  0.627 0.5000000000
39292  23.333  -52.164  -0.622 0.6999999881
39303  23.024  -52.430  -1.411 0.6999999881
141002  23.413  -52.002  -1.195 0.6999999881
37136  25.403  -54.080  -0.740 0.8999999762
38266  6.347  -53.832  -2.569 0.8000000119
37182  5.466  -54.135  -2.704 0.8000000119
35012  4.376  -55.869  -6.513 0.6999999881
134852  27.952  -55.049  0.208 0.8999999762
37130  26.831  -54.280  0.318 0.8999999762
127872  27.789  -55.960  -0.168 0.8000000119
127580  28.476  -54.700  -0.751 0.8000000119
39324  7.145  -52.693  -3.960 0.5000000000
34964  27.857  -55.926  -1.983 0.8000000119
37160  29.070  -53.526  -3.542 0.8999999762
38262  29.871  -52.969  -5.043 0.6999999881
145666  28.564  -52.316  -6.156 0.6000000238
149894  11.216  -49.821  -5.983 0.4000000060
139057  22.205  -53.048  -4.865 0.5000000000
39347  23.005  -52.835  -4.613 0.5000000000
40371  25.850  -51.209  -5.477 0.6000000238
40372  25.261  -51.843  -5.349 0.5000000000
140281  23.531  -52.205  -4.874 0.6000000238
142646  12.889  -44.871  -6.749 0.2000000030
135050  13.464  -42.787  -6.744 0.1000000015
49284  11.691  -42.274  -7.142 0.1000000015
50248  11.953  -41.443  -7.286 0.1000000015
48190  18.818  -43.968  -8.140 0.2000000030
128972  20.191  -59.318  -3.324 0.6000000238
51157  12.213  -41.692  -6.674 0.1000000015
138071  6.878  -82.462  -31.228 0.3000000119
7215  9.583  -81.503  -32.686 0.3000000119
4333  3.310  -86.966  -21.793 0.3000000119
4997  1.566  -84.501  -22.951 0.4000000060
1511  21.991  -89.662  -16.135 0.6000000238
136355  19.255  -91.015  -4.820 0.4000000060
1022  18.328  -90.641  -5.891 0.5000000000
2459  22.456  -88.485  -11.849 0.6000000238
2424  22.606  -88.301  -7.599 0.4000000060
3050  21.809  -87.768  -10.093 0.5000000000
2469  22.057  -88.735  -12.597 0.6000000238
2458  23.416  -88.634  -11.723 0.4000000060
2994  21.294  -88.291  -5.687 0.3000000119
131917  21.947  -88.598  -5.958 0.3000000119
3134  17.722  -87.203  -19.326 0.5000000000
144197  16.040  -90.516  -6.318 0.6999999881
3091  23.933  -87.476  -13.627 0.4000000060
141003  24.667  -87.843  -7.213 0.2000000030
136330  23.012  -86.830  -14.191 0.4000000060
3603  24.962  -87.575  -10.349 0.4000000060
3592  25.397  -87.423  -9.462 0.4000000060
4886  19.112  -84.832  -14.241 0.4000000060
7937  5.605  -80.367  -20.297 0.8000000119
8910  4.949  -79.021  -19.520 0.6999999881
10939  0.270  -77.682  -20.711 0.1000000015
8959  7.490  -80.263  -22.725 0.4000000060
12120  0.565  -76.360  -21.605 0.1000000015
9931  9.838  -77.944  -23.520 0.4000000060
9925  5.643  -79.549  -22.784 0.6000000238
13273  0.557  -75.428  -22.674 0.1000000015
14472  1.914  -74.185  -26.387 0.3000000119
14436  1.041  -73.825  -22.576 0.1000000015
9969  9.420  -77.895  -26.165 0.3000000119
9972  5.296  -78.536  -26.894 0.6000000238
4009  2.015  -85.619  7.436 0.8000000119
7583  1.033  -80.079  6.768 0.6999999881
8562  0.032  -79.006  6.294 0.8000000119
10523  0.560  -77.571  8.007 0.6999999881
149985  0.449  -77.895  8.537 0.6999999881
142092  2.040  -77.609  9.910 0.6999999881
8536  5.298  -79.167  8.938 0.6999999881
8521  4.867  -79.365  9.737 0.6999999881
10534  4.516  -77.431  7.144 0.6999999881
10549  4.119  -77.203  6.587 0.6999999881
9506  7.359  -78.778  7.228 0.6999999881
13967  6.277  -73.869  6.410 0.6000000238
21906  -0.139  -67.463  1.902 0.5000000000
32547  15.238  -57.587  3.570 0.4000000060
33750  17.012  -57.034  2.839 0.6000000238
34891  17.679  -56.304  4.444 0.3000000119
32567  17.638  -57.754  2.262 0.6000000238
145353  21.705  -59.524  -3.675 0.6999999881
129217  21.497  -60.373  -3.383 0.6999999881
29165  22.146  -60.982  -2.690 0.5000000000
149873  21.104  -56.504  -2.560 0.8000000119
128038  20.920  -57.447  -2.775 0.8000000119
127577  22.085  -57.405  -3.627 0.8000000119
128106  21.165  -56.923  -3.036 0.8000000119
127575  21.072  -57.839  -3.367 0.6999999881
128009  20.388  -58.806  -3.267 0.6999999881
127914  20.870  -58.690  -3.603 0.6999999881
33821  24.719  -56.925  -1.788 0.8000000119
34966  24.003  -55.795  -3.009 0.8000000119
128525  23.696  -57.583  -3.312 0.8000000119
34967  22.822  -56.009  -3.245 0.8000000119
36041  21.476  -55.556  -2.612 0.8000000119
127576  21.114  -55.878  -2.310 0.6999999881
37139  22.589  -54.161  -2.015 0.8000000119
153752  23.570  -52.754  0.276 0.6000000238
38220  23.274  -53.009  -0.370 0.6999999881
36050  23.906  -55.121  -2.591 0.8000000119
36039  24.545  -54.915  -2.083 0.8000000119
36038  24.894  -54.467  -1.451 0.8999999762
37147  24.071  -53.960  -2.064 0.8000000119
38241  22.683  -53.295  -1.905 0.8000000119
36027  24.992  -55.445  -1.060 0.8000000119
32684  26.842  -58.605  -2.302 0.6000000238
33843  27.221  -57.298  -2.800 0.6000000238
134909  26.824  -55.090  0.415 0.8999999762
37131  26.166  -54.611  0.056 0.8999999762
129350  26.690  -58.403  -3.906 0.6000000238
33854  26.935  -57.164  -3.810 0.6000000238
36049  27.655  -55.932  -2.850 0.6000000238
36061  27.937  -55.021  -3.514 0.8000000119
34988  27.009  -56.449  -3.944 0.6999999881
37167  4.468  -53.504  -1.903 0.8999999762
37183  4.178  -54.139  -2.340 0.8000000119
141133  26.626  -56.015  -4.419 0.6999999881
37189  29.275  -53.722  -5.516 0.8000000119
37191  26.449  -54.566  -4.748 0.6999999881
38274  28.529  -53.306  -5.957 0.6999999881
37207  24.694  -54.555  -5.188 0.6000000238
38275  26.918  -53.630  -5.022 0.6999999881
37206  25.701  -54.072  -4.987 0.6000000238
136444  6.894  -53.583  -2.808 0.5000000000
38264  7.526  -53.461  -2.850 0.6000000238
41462  11.268  -50.717  -5.765 0.4000000060
49206  20.731  -43.227  -3.402 0.1000000015
48178  15.775  -44.333  -7.376 0.2000000030
49279  18.414  -43.165  -8.582 0.1000000015
49262  14.799  -43.043  -7.372 0.2000000030
50228  15.430  -42.620  -7.855 0.1000000015
50207  14.118  -42.491  -6.893 0.1000000015
52276  14.252  -40.508  -6.888 0.1000000015
50208  13.273  -42.034  -6.706 0.1000000015
51166  11.845  -41.157  -6.852 0.1000000015
52290  12.916  -40.470  -8.443 0.1000000015
51194  17.417  -41.815  -9.032 0.1000000015
29184  21.312  -60.991  -2.786 0.6999999881
2985  11.198  -87.177  -3.522 0.5000000000
3538  10.776  -86.389  -3.045 0.5000000000
4151  10.695  -85.951  -3.546 0.5000000000
4146  9.917  -85.767  -2.105 0.6999999881
128741  10.341  -86.066  -1.999 0.5000000000
1055  9.615  -91.872  -10.001 0.6000000238
549  6.673  -92.492  9.602 0.3000000119
562  7.417  -92.270  8.585 0.3000000119
910  8.408  -91.857  7.319 0.2000000030
560  8.640  -92.279  7.644 0.2000000030
1294  9.019  -91.377  6.840 0.4000000060
915  9.511  -91.871  6.205 0.4000000060
945  10.419  -91.266  3.020 0.4000000060
1823  10.012  -89.779  -1.375 0.5000000000
1811  10.135  -90.085  -0.524 0.5000000000
1355  10.438  -90.065  1.190 0.5000000000
129464  10.488  -90.072  2.003 0.5000000000
139055  10.452  -88.459  -3.329 0.6000000238
131035  10.348  -88.384  -2.656 0.5000000000
1810  10.508  -89.273  -0.260 0.5000000000
1799  10.775  -89.330  1.559 0.5000000000
2375  10.540  -87.870  -2.178 0.5000000000
2355  10.870  -88.313  -0.649 0.5000000000
153513  11.068  -87.533  -1.002 0.5000000000
2941  11.226  -87.678  0.639 0.5000000000
4137  9.203  -85.787  -1.736 0.6999999881
2977  10.750  -87.198  -2.398 0.5000000000
2954  11.077  -86.778  -0.924 0.6000000238
141708  10.293  -85.821  -0.678 0.6999999881
680  9.122  -92.413  -9.204 0.6000000238
3524  10.672  -86.565  -2.330 0.5000000000
133392  10.694  -86.143  -0.799 0.6000000238
1582  13.942  -89.321  -26.737 0.4000000060
2040  13.043  -89.534  -26.493 0.3000000119
2057  12.835  -88.431  -27.831 0.2000000030
2607  13.279  -88.118  -28.475 0.1000000015
127519  14.821  -85.458  -27.644 0.1000000015
135082  13.057  -86.433  -28.564 0.1000000015
128152  15.025  -85.713  -26.761 0.1000000015
542  5.836  -92.551  10.121 0.2000000030
282  8.152  -92.422  8.265 0.2000000030
280  9.543  -92.676  8.177 0.2000000030
152273  9.336  -92.478  6.633 0.3000000119
921  9.907  -91.956  5.414 0.4000000060
1316  10.547  -90.801  4.619 0.5000000000
1293  9.542  -90.778  6.334 0.5000000000
1754  9.127  -90.445  6.862 0.4000000060
566  9.420  -92.461  6.514 0.3000000119
1325  10.638  -90.529  3.693 0.5000000000
1346  10.101  -91.468  1.568 0.5000000000
946  10.150  -91.932  2.293 0.4000000060
962  9.783  -91.733  0.819 0.5000000000
1373  9.682  -90.631  -0.975 0.5000000000
1356  10.161  -90.873  0.918 0.4000000060
670  8.754  -93.245  -8.371 0.6000000238
1049  9.315  -91.398  -8.436 0.6000000238
1393  8.580  -91.244  -3.699 0.6000000238
1381  9.241  -90.486  -2.610 0.6000000238
1834  9.701  -89.726  -2.297 0.5000000000
3517  7.991  -86.633  -1.499 0.6999999881
1004  8.343  -91.686  -4.354 0.6000000238
150333  8.609  -86.108  -1.378 0.6999999881
663  8.448  -92.868  -6.609 0.6000000238
1026  8.856  -91.654  -6.715 0.6000000238
2953  11.271  -86.861  0.380 0.6000000238
4122  9.781  -85.715  -0.520 0.6999999881
1027  8.741  -92.514  -7.483 0.6000000238
151408  8.854  -93.389  -9.081 0.6000000238
2049  14.745  -89.105  -27.052 0.4000000060
133031  14.024  -89.018  -27.396 0.3000000119
2054  15.234  -88.535  -27.603 0.4000000060
2055  14.468  -88.634  -27.776 0.3000000119
2615  13.788  -87.955  -29.133 0.1000000015
145386  15.074  -83.674  -28.648 0.1000000015
145385  16.058  -83.814  -26.962 0.1000000015
3201  13.614  -87.230  -29.420 0.1000000015
3752  13.119  -86.649  -29.069 0.1000000015
4375  14.704  -84.456  -29.831 0.1000000015
5697  14.729  -83.627  -29.265 0.1000000015
548  7.167  -92.600  9.461 0.2000000030
146929  6.828  -92.444  10.716 0.2000000030
275  9.144  -92.425  8.745 0.2000000030
912  7.090  -91.911  8.410 0.4000000060
134249  7.730  -91.257  7.553 0.4000000060
591  10.129  -92.656  2.317 0.4000000060
603  9.697  -92.557  0.757 0.5000000000
1382  8.622  -91.301  -2.854 0.6000000238
973  9.334  -91.418  -0.718 0.5000000000
2956  7.622  -87.301  -0.818 0.6999999881
129205  8.212  -92.319  -5.079 0.6000000238
618  8.594  -92.610  -1.965 0.5000000000
328  9.885  -93.308  0.648 0.5000000000
2910  11.390  -87.305  2.627 0.6000000238
2924  11.353  -87.617  1.923 0.5000000000
152113  9.127  -85.944  -0.347 0.6999999881
1016  8.456  -92.045  -5.899 0.6000000238
996  8.076  -92.133  -3.425 0.6000000238
338  8.836  -93.453  -1.416 0.5000000000
3497  11.094  -86.179  0.659 0.6000000238
4097  11.024  -85.796  1.371 0.6999999881
3498  8.719  -86.286  0.226 0.6000000238
333  9.647  -93.959  -0.079 0.5000000000
4098  10.559  -85.524  1.399 0.6999999881
134589  8.969  -94.245  -6.909 0.6000000238
151781  11.195  -85.792  1.799 0.6999999881
699  9.685  -93.438  -10.223 0.6000000238
3199  15.262  -87.559  -29.347 0.1000000015
3217  13.936  -86.334  -30.827 0.1000000015
4376  14.361  -84.369  -30.421 0.1000000015
4400  11.293  -83.888  -31.910 0.1000000015
5726  10.540  -83.254  -32.149 0.2000000030
5059  10.334  -83.457  -31.880 0.1000000015
12298  18.970  -77.620  -34.656 0.6000000238
830  6.313  -90.760  17.586 0.1000000015
1204  7.036  -89.908  17.769 0.1000000015
1202  7.459  -89.331  19.000 0.1000000015
528  5.800  -92.078  12.262 0.2000000030
874  5.593  -91.311  12.715 0.2000000030
147610  5.975  -90.439  13.900 0.2000000030
843  5.161  -91.164  17.369 0.1000000015
535  6.265  -92.366  11.456 0.2000000030
1215  4.827  -91.144  16.961 0.1000000015
536  5.484  -92.468  11.517 0.2000000030
529  5.101  -92.056  12.451 0.2000000030
522  5.308  -91.182  12.671 0.2000000030
1222  5.885  -90.275  15.802 0.1000000015
539  8.934  -92.113  10.079 0.2000000030
133941  8.074  -92.215  10.318 0.2000000030
907  6.026  -91.898  9.232 0.2000000030
551  4.882  -92.435  10.288 0.2000000030
1772  10.810  -89.891  4.398 0.5000000000
147493  10.495  -89.414  5.676 0.5000000000
1753  9.590  -89.813  6.594 0.5000000000
140722  11.155  -88.542  1.838 0.5000000000
138415  10.919  -89.252  5.066 0.5000000000
319  10.248  -92.771  2.449 0.5000000000
124  10.234  -92.985  1.824 0.4000000060
138111  7.526  -87.678  -0.020 0.6999999881
3215  15.086  -87.023  -30.829 0.2000000030
3209  14.603  -87.246  -30.152 0.2000000030
3781  13.916  -86.092  -31.531 0.1000000015
4385  13.085  -84.409  -31.892 0.1000000015
3789  14.386  -85.987  -32.087 0.2000000030
141838  12.543  -85.031  -32.912 0.1000000015
5056  13.622  -84.406  -33.370 0.1000000015
6431  11.962  -82.258  -33.871 0.1000000015
817  8.121  -89.635  19.889 0.1000000015
1197  8.107  -89.939  20.820 0.1000000015
140746  6.170  -90.414  13.969 0.2000000030
1214  5.796  -91.032  16.530 0.1000000015
1198  7.576  -89.338  21.012 0.1000000015
1221  6.172  -90.356  15.066 0.1000000015
1207  5.318  -90.780  17.516 0.1000000015
1654  6.153  -90.141  16.748 0.1000000015
1241  6.251  -90.736  13.078 0.2000000030
864  5.269  -90.682  13.068 0.2000000030
1646  7.028  -88.986  18.557 0.1000000015
1636  7.439  -89.059  19.505 0.1000000015
141312  9.327  -91.776  10.436 0.2000000030
132027  10.158  -92.199  9.593 0.2000000030
1287  7.611  -90.452  7.693 0.4000000060
279  10.154  -92.748  7.761 0.3000000119
1742  8.933  -89.615  7.170 0.4000000060
2283  11.087  -88.203  4.891 0.5000000000
1752  10.107  -89.016  6.262 0.5000000000
2898  11.258  -87.789  3.359 0.5000000000
2885  11.329  -87.293  4.194 0.5000000000
154034  11.448  -86.540  2.616 0.6000000238
4110  10.104  -85.607  0.748 0.6000000238
2955  7.970  -86.977  0.094 0.6000000238
3214  16.070  -86.990  -30.666 0.2000000030
3208  16.402  -87.222  -29.692 0.3000000119
3788  15.152  -86.032  -32.037 0.3000000119
3768  17.651  -86.619  -30.311 0.3000000119
4383  16.531  -85.864  -31.959 0.3000000119
3758  18.917  -86.511  -29.542 0.3000000119
4382  17.743  -85.586  -31.532 0.3000000119
5055  15.078  -84.137  -33.298 0.3000000119
6429  13.132  -82.114  -34.186 0.2000000030
5046  17.231  -84.318  -32.652 0.3000000119
6428  14.150  -82.432  -34.197 0.2000000030
12269  18.479  -76.438  -32.451 0.5000000000
810  9.037  -89.557  20.928 0.1000000015
151636  8.081  -89.567  21.744 0.1000000015
828  7.737  -89.989  17.975 0.1000000015
816  8.455  -89.671  20.402 0.1000000015
1187  7.792  -89.382  22.328 0.1000000015
1182  8.013  -89.145  23.340 0.1000000015
139161  7.149  -90.974  17.752 0.1000000015
1223  5.433  -89.987  14.804 0.2000000030
1189  7.292  -88.994  21.534 0.1000000015
1188  7.266  -89.179  22.350 0.1000000015
2102  8.600  -88.324  24.311 0.1000000015
543  4.310  -92.471  10.782 0.2000000030
148539  5.841  -89.264  16.565 0.1000000015
530  4.238  -92.143  12.282 0.2000000030
1282  6.415  -90.548  8.566 0.3000000119
1283  5.808  -91.168  9.005 0.3000000119
1741  9.514  -89.015  6.803 0.5000000000
1743  8.387  -89.004  7.727 0.4000000060
1734  7.585  -89.479  8.116 0.4000000060
2273  10.420  -88.122  6.192 0.5000000000
2872  11.207  -87.130  5.149 0.5000000000
129492  11.527  -86.235  3.919 0.5000000000
4081  11.025  -85.423  2.176 0.6000000238
3486  9.130  -85.961  0.971 0.6000000238
2348  6.978  -88.911  0.994 0.6999999881
4381  18.844  -85.231  -31.210 0.3000000119
6427  15.335  -82.198  -34.190 0.2000000030
13405  18.955  -75.676  -31.719 0.5000000000
3859  11.278  -85.871  22.560 0.1000000015
2704  10.348  -87.055  22.838 0.1000000015
1600  10.777  -88.584  22.349 0.1000000015
1180  9.947  -88.727  22.476 0.1000000015
805  10.655  -89.007  21.400 0.1000000015
136157  9.664  -89.017  22.127 0.1000000015
1181  8.889  -88.804  23.232 0.1000000015
1602  9.310  -88.447  23.440 0.1000000015
132243  8.754  -89.691  19.305 0.1000000015
148682  6.180  -89.251  17.038 0.1000000015
2141  7.486  -88.950  21.174 0.1000000015
2131  7.099  -88.997  21.920 0.1000000015
1178  7.485  -89.011  24.121 0.1000000015
1216  5.530  -90.020  16.085 0.2000000030
138797  7.350  -88.122  19.248 0.1000000015
1612  6.848  -89.052  23.013 0.1000000015
1275  5.872  -90.352  9.134 0.3000000119
531  4.244  -91.514  12.392 0.2000000030
2727  7.428  -88.141  20.139 0.1000000015
2733  7.121  -88.094  18.301 0.1000000015
2863  10.480  -87.205  6.393 0.5000000000
2274  9.821  -88.081  6.766 0.5000000000
4064  11.532  -85.288  3.666 0.6000000238
2942  7.713  -87.589  0.761 0.6000000238
12253  17.797  -76.141  -30.033 0.4000000060
13394  18.697  -75.506  -30.940 0.4000000060
1230  4.860  -90.341  13.597 0.2000000030
544  3.760  -92.270  10.884 0.2000000030
1670  5.277  -89.710  14.955 0.2000000030
2173  5.580  -89.102  15.930 0.2000000030
2746  5.997  -88.399  16.254 0.1000000015
2739  6.771  -87.949  17.503 0.1000000015
2850  9.215  -87.685  7.435 0.5000000000
2264  8.562  -88.113  7.830 0.4000000060
3429  11.309  -86.154  5.412 0.5000000000
4710  10.648  -84.828  2.725 0.6000000238
3487  8.529  -86.365  1.665 0.6000000238
11099  17.539  -77.300  -28.677 0.3000000119
12233  18.435  -76.208  -29.673 0.3000000119
12252  18.513  -75.785  -30.312 0.3000000119
13393  19.427  -75.223  -31.139 0.3000000119
2255  7.951  -88.466  8.328 0.4000000060
1276  5.167  -90.643  9.540 0.4000000060
140968  3.611  -91.931  12.007 0.2000000030
1264  3.820  -91.267  10.377 0.4000000060
875  3.872  -91.195  12.180 0.2000000030
154466  4.349  -89.980  13.439 0.2000000030
2851  8.774  -87.321  7.963 0.5000000000
1724  5.664  -89.637  9.501 0.4000000060
1725  4.881  -89.656  9.883 0.4000000060
896  3.541  -91.867  10.771 0.3000000119
876  3.372  -91.122  11.556 0.2000000030
2181  5.378  -89.041  15.051 0.2000000030
2758  5.741  -88.113  15.269 0.2000000030
1231  3.960  -90.379  12.720 0.2000000030
1679  3.951  -89.724  13.063 0.2000000030
2745  6.554  -87.723  16.686 0.1000000015
2257  6.331  -88.792  9.408 0.4000000060
131245  3.552  -90.484  10.351 0.3000000119
137699  11.550  -84.765  4.510 0.6000000238
1265  3.121  -90.836  10.788 0.2000000030
4699  11.326  -84.575  3.848 0.6000000238
4711  9.776  -84.817  2.676 0.6000000238
131149  0.767  -95.190  1.017 0.6000000238
2686  8.958  -87.773  24.762 0.1000000015
1585  8.032  -88.574  24.423 0.1000000015
130549  7.264  -88.677  21.610 0.1000000015
1594  7.328  -89.006  24.311 0.1000000015
3419  10.882  -86.274  6.176 0.5000000000
2726  7.784  -87.369  19.807 0.1000000015
3404  9.297  -86.826  7.674 0.5000000000
142556  7.546  -87.817  8.890 0.5000000000
2744  7.285  -87.124  17.007 0.1000000015
3312  8.308  -86.468  18.073 0.1000000015
142818  11.212  -85.592  5.946 0.6000000238
4020  10.777  -85.447  6.551 0.5000000000
153815  8.958  -86.728  8.044 0.5000000000
2187  5.297  -88.199  14.493 0.2000000030
2757  6.384  -87.462  15.787 0.2000000030
3321  6.953  -86.781  16.264 0.1000000015
4034  11.477  -85.093  5.389 0.6000000238
3403  9.735  -86.198  7.401 0.5000000000
2841  7.825  -86.909  8.877 0.5000000000
1243  2.639  -90.321  11.744 0.2000000030
135735  10.515  -84.837  7.052 0.5000000000
3396  9.087  -86.016  8.077 0.5000000000
2829  6.373  -87.739  9.791 0.4000000060
2244  5.395  -88.838  9.848 0.4000000060
24  -0.454  -94.758  0.223 0.4000000060
3259  10.391  -86.332  24.156 0.1000000015
3252  10.287  -86.552  25.069 0.1000000015
3265  12.595  -86.058  24.230 0.1000000015
136719  7.466  -87.844  20.945 0.1000000015
2769  4.984  -87.695  13.884 0.2000000030
1708  3.877  -89.625  10.212 0.3000000119
138598  2.841  -89.996  12.235 0.2000000030
2198  4.232  -89.103  13.464 0.2000000030
2828  7.055  -87.107  9.488 0.5000000000
138820  2.417  -90.296  10.839 0.3000000119
3999  9.456  -85.149  8.124 0.5000000000
141287  9.090  -85.126  2.785 0.6000000238
2899  7.965  -86.714  3.052 0.6000000238
5308  11.163  -83.927  5.596 0.6000000238
2227  4.940  -88.061  10.258 0.4000000060
4692  10.692  -84.094  4.037 0.6000000238
4066  8.726  -85.442  3.463 0.6000000238
7981  11.606  -80.522  -22.017 0.6999999881
8047  13.292  -81.199  -25.498 0.6999999881
2229  3.023  -89.142  10.457 0.4000000060
2815  5.672  -87.429  10.237 0.4000000060
4651  10.442  -83.945  7.110 0.6000000238
7958  11.409  -80.193  -20.768 0.6999999881
3388  8.196  -85.908  8.828 0.5000000000
5317  10.699  -83.472  5.537 0.6000000238
3455  7.900  -86.690  3.949 0.6999999881
2287  4.631  -88.706  5.984 0.6999999881
2275  4.196  -88.184  6.474 0.6999999881
138822  5.676  -87.961  5.492 0.6999999881
4037  5.711  -85.913  6.111 0.6999999881
2875  5.438  -87.268  5.839 0.6999999881
2864  4.590  -87.226  6.417 0.6999999881
3430  7.278  -86.117  5.542 0.6999999881
141354  6.524  -86.015  5.880 0.6999999881
4021  5.050  -85.915  6.404 0.6999999881
5320  7.930  -83.563  5.718 0.6999999881
5321  7.057  -83.055  5.687 0.6999999881
4676  7.471  -84.657  5.700 0.6999999881
4677  6.703  -84.664  5.858 0.6999999881
4678  5.822  -84.461  5.806 0.6999999881
4038  5.201  -85.229  6.046 0.6999999881
6015  8.822  -82.740  5.781 0.6000000238
5322  6.409  -83.770  5.702 0.6999999881
5323  5.498  -83.495  5.480 0.6999999881
143535  4.544  -83.208  5.205 0.6999999881
4022  3.707  -85.426  6.418 0.6999999881
4039  4.191  -84.884  5.933 0.6999999881
129853  4.014  -86.833  6.936 0.6999999881
6002  8.314  -82.368  6.522 0.6000000238
6003  7.271  -81.834  6.142 0.6999999881
139820  6.798  -82.216  5.745 0.6999999881
145024  9.063  -82.486  6.959 0.6000000238
5973  6.680  -82.850  8.811 0.6000000238
5270  7.383  -83.904  9.551 0.6000000238
4635  6.783  -84.153  9.891 0.5000000000
5285  7.486  -83.146  8.912 0.6000000238
6737  6.735  -81.720  7.850 0.6999999881
6749  6.272  -81.541  7.032 0.6999999881
6750  5.408  -81.571  6.992 0.6999999881
144501  4.878  -82.022  5.632 0.6999999881
5972  8.008  -82.551  8.242 0.6000000238
5989  7.602  -81.898  7.717 0.6000000238
6017  6.062  -82.214  5.649 0.6999999881
5971  8.807  -82.831  8.153 0.6000000238
4664  3.288  -84.744  6.126 0.6999999881
5273  3.562  -83.421  9.540 0.6999999881
5257  4.001  -84.089  10.012 0.6000000238
5961  4.919  -82.853  9.057 0.6000000238
5271  5.517  -83.557  9.522 0.6000000238
6739  4.920  -81.748  7.830 0.6999999881
143774  6.583  -83.511  9.441 0.6000000238
5974  5.338  -82.268  8.466 0.6999999881
6751  4.522  -81.477  6.847 0.6999999881
6019  4.345  -82.336  5.321 0.6999999881
4680  3.741  -83.863  5.426 0.6999999881
5325  2.932  -83.153  5.589 0.6999999881
16364  5.475  -72.278  6.854 0.6000000238
17509  4.070  -70.754  7.390 0.6000000238
17508  4.738  -71.226  7.160 0.6000000238
18557  2.023  -69.828  9.424 0.6000000238
17497  2.077  -70.934  8.684 0.6000000238
18575  4.426  -70.565  6.902 0.6000000238
17521  4.804  -71.326  6.835 0.6000000238
18569  1.862  -69.611  9.013 0.6000000238
18577  3.074  -69.331  7.765 0.6000000238
18585  4.042  -70.218  6.389 0.6000000238
132881  3.793  -71.610  5.995 0.6000000238
130767  2.738  -71.916  5.794 0.6000000238
19647  3.087  -68.455  7.645 0.6000000238
19645  4.136  -69.838  6.884 0.6000000238
20706  2.181  -68.511  9.113 0.6000000238
17535  3.494  -70.853  5.788 0.6000000238
20717  2.614  -67.892  8.502 0.6000000238
136034  3.613  -68.436  6.994 0.6000000238
18596  2.639  -70.359  5.663 0.6000000238
21826  3.068  -67.030  7.537 0.6999999881
20721  2.357  -68.398  6.059 0.6999999881
132817  2.947  -66.407  8.063 0.6999999881
23013  2.990  -65.985  8.282 0.6999999881
136887  2.733  -66.280  6.874 0.6999999881
138817  1.998  -67.577  6.196 0.6999999881
20722  1.001  -68.342  6.255 0.6999999881
23043  2.135  -65.839  6.656 0.6999999881
24236  2.564  -65.150  7.698 0.6999999881
25438  4.224  -64.798  8.458 0.6999999881
25437  5.188  -64.638  8.407 0.6999999881
25464  4.713  -64.116  8.171 0.6999999881
26671  5.135  -63.566  7.710 0.6999999881
26695  3.612  -63.103  7.260 0.6999999881
26694  4.537  -63.106  7.095 0.6999999881
26693  5.506  -63.192  6.983 0.6999999881
26692  6.628  -63.116  7.139 0.6000000238
26697  1.251  -63.197  6.453 0.6999999881
27867  4.844  -62.653  6.163 0.6999999881
27883  6.750  -62.672  5.905 0.6999999881
27882  7.490  -62.631  5.768 0.6000000238
27885  4.157  -61.884  5.652 0.6999999881
29078  8.233  -61.268  4.662 0.6000000238
29077  9.192  -61.565  4.688 0.6000000238
29080  6.320  -60.932  4.723 0.6999999881
29058  5.374  -60.831  5.041 0.6999999881
30198  8.613  -60.297  4.385 0.6000000238
30199  7.613  -59.927  4.424 0.6000000238
30226  10.724  -60.152  3.910 0.5000000000
30227  9.903  -59.862  3.907 0.5000000000
31351  6.929  -58.820  4.213 0.6000000238
30200  6.613  -59.757  4.439 0.6000000238
143262  22.796  -66.770  -1.247 0.1000000015
22001  21.695  -67.019  -3.514 0.1000000015
24362  22.030  -65.716  0.809 0.1000000015
24349  21.399  -65.144  1.611 0.1000000015
23144  22.609  -66.296  -0.075 0.1000000015
23190  23.417  -66.744  -2.295 0.1000000015
150544  17.787  -66.184  -7.067 0.1000000015
23202  23.665  -66.716  -3.019 0.1000000015
23222  21.943  -66.619  -3.791 0.1000000015
23241  20.081  -66.412  -6.158 0.1000000015
145267  18.157  -63.036  1.658 0.1000000015
26763  20.125  -63.905  2.276 0.1000000015
26796  18.588  -62.110  1.107 0.2000000030
27957  17.819  -62.149  0.716 0.3000000119
29134  16.323  -61.624  0.518 0.4000000060
29135  15.335  -61.060  0.487 0.4000000060
129039  14.074  -60.141  0.030 0.4000000060
26782  19.880  -63.080  1.745 0.2000000030
25574  22.241  -64.917  1.250 0.1000000015
151759  21.859  -63.581  1.827 0.1000000015
26781  20.533  -62.859  1.696 0.2000000030
24377  23.578  -65.982  -0.395 0.1000000015
25585  23.920  -65.328  0.104 0.1000000015
24388  23.951  -66.325  -1.224 0.1000000015
24387  24.615  -65.970  -1.726 0.1000000015
136893  24.320  -66.457  -3.287 0.1000000015
24439  22.175  -66.106  -4.448 0.1000000015
24447  20.537  -65.816  -5.249 0.1000000015
24448  19.826  -65.414  -6.182 0.1000000015
25637  22.530  -65.959  -5.772 0.1000000015
25650  20.132  -64.774  -5.531 0.1000000015
144519  18.336  -61.949  -0.021 0.2000000030
27979  17.587  -61.968  0.003 0.3000000119
29150  16.647  -61.298  -0.420 0.4000000060
30276  15.403  -60.339  -0.628 0.4000000060
26818  19.566  -62.081  0.039 0.2000000030
142852  18.902  -62.313  -0.604 0.2000000030
27954  23.945  -62.683  1.078 0.1000000015
26794  23.068  -63.749  1.190 0.1000000015
27942  20.773  -62.297  1.459 0.2000000030
27977  19.710  -62.636  -0.652 0.2000000030
27993  19.329  -62.398  -1.374 0.2000000030
26803  2.145  -63.634  0.978 0.3000000119
25584  24.839  -65.022  -0.241 0.1000000015
25596  25.144  -65.429  -1.163 0.1000000015
133279  2.838  -62.971  0.774 0.3000000119
153221  25.370  -64.988  -0.812 0.1000000015
25613  25.245  -65.517  -2.243 0.1000000015
25624  24.928  -65.517  -4.770 0.1000000015
136772  24.511  -66.132  -4.260 0.1000000015
26875  22.605  -65.009  -6.251 0.1000000015
26890  22.327  -63.840  -5.558 0.1000000015
25648  21.677  -64.520  -5.231 0.1000000015
30238  22.246  -60.480  1.063 0.3000000119
29118  22.209  -61.265  1.437 0.2000000030
27939  23.117  -61.931  1.530 0.1000000015
30250  21.549  -60.947  0.759 0.4000000060
29148  20.634  -62.224  -1.316 0.4000000060
139222  25.791  -63.839  -0.275 0.1000000015
27953  24.798  -62.496  0.756 0.2000000030
26802  3.842  -63.081  0.742 0.2000000030
138461  26.099  -64.248  -1.102 0.1000000015
25612  25.749  -64.995  -2.717 0.1000000015
132208  25.153  -65.526  -3.520 0.1000000015
27991  26.149  -63.519  -0.763 0.1000000015
145247  26.202  -64.548  -2.021 0.1000000015
26848  26.248  -64.319  -2.967 0.1000000015
26872  25.416  -64.026  -5.180 0.1000000015
26874  23.603  -64.459  -6.429 0.1000000015
28050  22.023  -62.860  -5.600 0.1000000015
148395  21.869  -60.485  0.309 0.2000000030
29116  23.999  -61.037  1.192 0.3000000119
30271  21.550  -61.070  -0.299 0.4000000060
29166  21.016  -61.564  -2.003 0.5000000000
29167  20.193  -61.707  -2.268 0.3000000119
29146  25.364  -62.215  0.217 0.2000000030
29183  26.465  -61.741  -2.338 0.3000000119
28021  26.328  -62.799  -3.886 0.1000000015
28032  25.865  -63.047  -4.905 0.2000000030
28009  26.429  -63.765  -1.875 0.1000000015
28022  26.223  -63.828  -4.090 0.1000000015
28048  24.300  -62.459  -5.754 0.1000000015
28049  22.888  -62.873  -5.695 0.1000000015
29246  23.178  -61.001  -5.818 0.2000000030
29228  21.613  -61.930  -5.825 0.1000000015
30257  1.925  -59.829  0.839 0.3000000119
30373  22.698  -60.343  -6.075 0.2000000030
131673  19.825  -58.852  -6.408 0.2000000030
29117  23.159  -60.908  1.450 0.3000000119
130295  23.083  -59.473  0.470 0.6000000238
30247  24.553  -60.663  0.897 0.6000000238
31434  24.533  -59.692  0.864 0.5000000000
128036  24.823  -57.705  0.295 0.6999999881
30270  25.838  -60.774  -0.220 0.5000000000
153870  25.783  -58.636  0.389 0.6999999881
33782  25.623  -57.767  0.392 0.6999999881
138324  26.577  -60.679  -1.999 0.4000000060
28031  25.978  -61.971  -4.599 0.2000000030
28047  25.243  -62.328  -5.397 0.2000000030
30330  26.564  -60.765  -3.818 0.3000000119
28046  25.519  -61.550  -5.253 0.2000000030
29224  25.324  -60.996  -5.400 0.2000000030
31440  2.464  -59.250  0.809 0.4000000060
30340  26.155  -59.850  -4.809 0.2000000030
30358  25.466  -60.299  -5.373 0.2000000030
30372  23.523  -60.271  -5.856 0.2000000030
31568  24.037  -59.527  -5.845 0.2000000030
31569  23.153  -59.563  -6.096 0.2000000030
32758  21.853  -58.722  -6.420 0.2000000030
32759  20.765  -58.812  -6.458 0.2000000030
135509  21.973  -57.839  -6.361 0.2000000030
136638  20.129  -58.135  -6.473 0.2000000030
147263  18.893  -57.727  -6.460 0.2000000030
136545  26.354  -56.453  0.356 0.6999999881
34934  25.574  -57.018  0.238 0.6999999881
32660  26.762  -58.526  -1.523 0.5000000000
33781  26.298  -57.337  0.254 0.6999999881
32707  26.881  -58.506  -3.094 0.5000000000
30329  26.705  -59.747  -3.839 0.5000000000
32721  26.344  -58.344  -4.704 0.4000000060
131479  25.413  -58.856  -5.479 0.2000000030
33873  26.073  -57.684  -4.953 0.5000000000
32741  24.856  -58.432  -5.602 0.3000000119
33892  23.827  -57.771  -5.934 0.3000000119
32757  22.544  -58.256  -6.344 0.3000000119
33893  23.340  -57.374  -6.133 0.2000000030
33894  22.170  -57.097  -6.300 0.2000000030
35026  20.646  -56.617  -6.378 0.3000000119
138503  19.752  -56.780  -6.450 0.2000000030
36116  22.806  -55.726  -5.720 0.5000000000
154881  21.746  -54.913  -5.588 0.4000000060
35027  20.028  -55.985  -6.394 0.2000000030
143995  18.818  -56.969  -6.492 0.2000000030
37211  21.367  -54.361  -5.565 0.4000000060
37236  21.110  -55.074  -5.869 0.3000000119
36119  19.429  -55.341  -6.341 0.2000000030
35029  18.286  -56.248  -6.406 0.2000000030
36018  26.293  -55.524  0.296 0.8000000119
33805  27.395  -56.865  -0.302 0.6999999881
145483  27.688  -55.610  0.219 0.6999999881
148447  26.857  -57.989  -1.930 0.6999999881
35005  25.668  -57.024  -5.166 0.5000000000
132141  24.827  -57.082  -5.510 0.4000000060
33876  24.022  -57.159  -5.825 0.4000000060
32645  4.890  -58.199  -0.102 0.4000000060
32623  2.546  -58.030  1.211 0.4000000060
36078  26.142  -55.461  -4.770 0.6999999881
146653  25.548  -54.929  -5.023 0.6000000238
138700  23.970  -55.054  -5.340 0.5000000000
33822  6.482  -56.771  -0.942 0.2000000030
33808  5.217  -57.352  0.257 0.4000000060
37208  23.736  -54.388  -5.179 0.5000000000
37210  22.061  -54.392  -5.310 0.3000000119
130694  15.925  -55.567  -5.880 0.1000000015
34970  8.056  -56.143  -1.870 0.1000000015
34959  6.130  -56.316  0.114 0.3000000119
153654  5.509  -56.629  0.437 0.3000000119
38297  20.944  -53.665  -5.516 0.4000000060
38321  20.084  -53.764  -5.855 0.4000000060
37239  18.862  -54.692  -6.177 0.2000000030
35008  16.805  -55.712  -6.000 0.1000000015
34978  10.375  -56.186  -2.737 0.1000000015
34968  10.147  -55.641  -1.242 0.1000000015
148119  20.427  -53.023  -5.315 0.4000000060
37212  18.309  -54.039  -5.949 0.2000000030
34957  8.249  -55.712  -0.241 0.2000000030
33790  4.655  -56.450  1.035 0.4000000060
39349  21.400  -52.783  -4.960 0.3000000119
36097  17.988  -54.826  -6.108 0.2000000030
36098  17.132  -54.951  -5.820 0.1000000015
138914  14.538  -54.924  -5.061 0.1000000015
37216  14.072  -54.611  -4.646 0.1000000015
36081  12.798  -55.194  -2.933 0.1000000015
34977  11.574  -55.879  -2.516 0.1000000015
36064  11.416  -55.305  -1.277 0.1000000015
131934  9.123  -55.525  -0.649 0.2000000030
38298  19.609  -53.115  -5.642 0.3000000119
38299  18.657  -53.136  -5.806 0.2000000030
38300  17.791  -53.434  -5.805 0.2000000030
36030  6.340  -55.649  0.411 0.4000000060
37215  15.611  -54.295  -5.376 0.1000000015
131422  14.606  -54.280  -5.039 0.1000000015
130483  13.973  -54.352  -4.683 0.1000000015
36062  12.812  -54.815  -2.060 0.1000000015
36063  12.422  -54.993  -1.511 0.1000000015
36054  10.043  -55.065  -0.425 0.2000000030
36042  8.091  -55.446  0.191 0.2000000030
37140  6.012  -54.937  -0.063 0.5000000000
37217  13.327  -54.576  -4.459 0.3000000119
149813  12.135  -54.276  -3.247 0.2000000030
37179  10.768  -53.877  -1.298 0.2000000030
37164  10.728  -54.417  -0.795 0.2000000030
37150  7.982  -55.050  0.194 0.3000000119
37152  5.299  -53.966  -0.803 0.5000000000
37194  12.015  -54.024  -2.663 0.2000000030
37180  9.901  -53.969  -1.239 0.2000000030
37165  9.627  -54.671  -0.611 0.2000000030
928  10.318  -92.401  4.345 0.4000000060
927  10.341  -91.665  4.792 0.4000000060
1789  10.860  -89.270  2.539 0.5000000000
136829  10.293  -92.642  3.867 0.4000000060
130476  10.560  -93.065  4.166 0.4000000060
284  10.143  -92.760  6.971 0.4000000060
13392  20.279  -75.188  -31.298 0.3000000119
32622  3.862  -58.169  0.526 0.4000000060
1579  12.378  -90.120  -26.049 0.2000000030
4164  10.742  -85.812  -4.397 0.6999999881
2605  14.929  -88.269  -28.271 0.3000000119
149180  15.557  -87.305  -29.971 0.2000000030
2613  15.517  -88.050  -28.844 0.3000000119
1392  9.112  -90.594  -3.462 0.6000000238
3206  18.053  -87.052  -29.601 0.3000000119
3769  16.894  -86.855  -30.442 0.3000000119
3767  18.612  -86.292  -30.162 0.3000000119
4395  17.633  -84.914  -32.251 0.3000000119
5722  16.811  -83.263  -33.318 0.3000000119
5730  16.824  -82.570  -33.876 0.3000000119
7225  13.930  -81.349  -34.302 0.2000000030
7226  13.066  -81.171  -34.213 0.2000000030
133975  12.277  -80.878  -34.085 0.3000000119
154409  3.385  -62.430  0.607 0.3000000119
142365  3.188  -57.174  1.362 0.4000000060
127582  28.091  -55.606  -0.699 0.6999999881
142076  20.678  -52.199  -4.871 0.4000000060
137383  10.900  -80.759  -34.007 0.2000000030
27962  4.188  -62.424  0.466 0.2000000030
30251  14.726  -60.383  0.051 0.4000000060
5047  9.741  -83.948  -31.540 0.1000000015
5060  9.661  -83.389  -31.963 0.2000000030
6420  9.949  -82.056  -32.502 0.2000000030
6433  10.394  -81.386  -32.829 0.2000000030
148412  21.916  -61.303  -1.724 0.5000000000
34945  25.530  -55.999  0.006 0.8000000119
34954  27.669  -56.634  -1.489 0.6999999881
36017  27.104  -55.867  0.469 0.6999999881
34948  5.478  -55.956  0.759 0.3000000119
34990  25.938  -56.266  -4.941 0.4000000060
36096  22.371  -55.028  -5.512 0.5000000000
37151  6.814  -54.712  -0.226 0.3000000119
33820  27.427  -57.160  -0.989 0.6999999881
29147  21.358  -61.960  -0.983 0.5000000000
30312  26.808  -60.204  -2.875 0.4000000060
31490  26.865  -59.262  -2.911 0.4000000060
31534  26.498  -59.029  -4.361 0.2000000030
34989  26.444  -56.937  -4.542 0.6000000238
153989  25.053  -55.167  -5.231 0.5000000000
1334  10.301  -90.945  2.220 0.4000000060
137100  9.466  -90.443  -1.788 0.5000000000
1822  10.452  -89.008  -1.099 0.6000000238
143319  10.243  -88.867  -1.991 0.5000000000
2346  10.954  -88.454  0.206 0.5000000000
2050  13.297  -89.022  -27.298 0.3000000119
2056  13.680  -88.554  -27.867 0.1000000015
4358  15.126  -84.529  -28.651 0.1000000015
145439  15.445  -84.723  -27.944 0.1000000015
4359  14.698  -84.963  -29.412 0.1000000015
128986  13.699  -85.908  -28.192 0.1000000015
3751  13.846  -85.892  -28.958 0.1000000015
135956  12.592  -86.890  -28.391 0.1000000015
298  10.058  -92.539  5.857 0.4000000060
988  8.242  -92.098  -2.617 0.5000000000
1374  9.052  -91.133  -2.050 0.5000000000
2614  14.622  -88.041  -29.080 0.1000000015
3200  14.220  -87.482  -29.557 0.1000000015
5698  14.448  -83.310  -29.004 0.1000000015
145380  14.736  -83.417  -28.200 0.1000000015
127862  15.920  -84.198  -27.468 0.1000000015
3202  13.151  -87.020  -29.287 0.1000000015
3210  13.803  -86.974  -30.166 0.1000000015
3770  13.797  -86.185  -30.396 0.1000000015
3211  13.646  -86.742  -29.943 0.1000000015
4367  14.438  -85.065  -30.264 0.1000000015
612  8.938  -92.712  -1.018 0.5000000000
2311  11.074  -88.711  3.371 0.5000000000
3216  14.226  -86.687  -30.812 0.2000000030
3780  14.679  -86.377  -31.409 0.2000000030
141264  14.352  -85.153  -30.955 0.1000000015
4384  13.845  -84.474  -31.292 0.1000000015
4387  10.096  -84.633  -31.774 0.1000000015
5725  11.608  -83.571  -32.214 0.1000000015
130765  12.134  -83.922  -31.923 0.1000000015
133761  12.024  -84.538  -32.625 0.1000000015
5735  11.794  -82.672  -32.618 0.1000000015
6432  11.373  -81.765  -32.898 0.2000000030
1250  6.566  -91.231  12.272 0.2000000030
903  4.693  -92.231  10.050 0.3000000119
132568  15.664  -86.406  -31.341 0.3000000119
3782  13.659  -85.586  -32.073 0.1000000015
3790  13.817  -85.598  -32.132 0.1000000015
3783  13.174  -85.154  -32.320 0.1000000015
4397  14.788  -85.404  -32.493 0.2000000030
4398  13.961  -85.346  -32.527 0.1000000015
5058  12.147  -84.082  -33.264 0.1000000015
151049  12.621  -84.177  -33.520 0.1000000015
4408  13.473  -84.968  -33.157 0.1000000015
4407  14.274  -84.882  -33.108 0.2000000030
5063  13.200  -84.060  -34.014 0.1000000015
5062  14.201  -84.057  -33.533 0.3000000119
5064  12.518  -83.778  -33.973 0.1000000015
6430  12.511  -82.568  -34.093 0.1000000015
7228  10.875  -81.115  -33.680 0.2000000030
142700  12.369  -81.789  -34.101 0.2000000030
2154  7.090  -88.633  18.597 0.1000000015
3779  16.603  -86.364  -31.151 0.3000000119
4396  15.764  -85.303  -32.407 0.3000000119
3777  18.374  -86.035  -30.898 0.3000000119
3778  17.391  -86.269  -31.041 0.3000000119
148359  16.674  -85.017  -32.388 0.3000000119
135246  14.846  -82.985  -34.098 0.3000000119
5723  15.925  -83.409  -33.595 0.3000000119
4406  15.321  -84.831  -33.029 0.3000000119
5054  16.041  -84.061  -33.228 0.3000000119
5732  14.052  -83.459  -34.020 0.2000000030
18595  3.523  -69.953  5.891 0.6000000238
23174  22.612  -66.834  -1.910 0.1000000015
23203  22.679  -66.743  -3.477 0.1000000015
23191  22.489  -66.840  -2.757 0.1000000015
138992  20.683  -63.566  2.085 0.1000000015
24361  22.974  -65.527  0.391 0.1000000015
24408  24.149  -66.560  -2.285 0.1000000015
24407  24.719  -66.046  -2.888 0.1000000015
24423  23.834  -66.671  -3.956 0.1000000015
23223  21.279  -66.472  -4.585 0.1000000015
26783  18.994  -62.788  1.731 0.2000000030
26764  19.369  -63.778  2.357 0.1000000015
27980  16.969  -61.860  0.001 0.3000000119
29151  15.971  -61.036  -0.188 0.4000000060
26795  20.155  -62.209  1.040 0.2000000030
27956  20.008  -62.377  -0.019 0.2000000030
25573  23.063  -64.669  0.807 0.1000000015
25569  22.350  -64.032  1.561 0.1000000015
27941  21.532  -62.341  1.579 0.1000000015
26779  22.251  -63.103  1.759 0.1000000015
24376  24.418  -65.756  -0.703 0.1000000015
25572  24.009  -64.476  0.517 0.1000000015
24438  23.508  -66.498  -5.003 0.1000000015
24440  21.254  -65.695  -4.796 0.1000000015
25649  20.912  -64.999  -5.097 0.1000000015
25636  24.005  -65.778  -5.857 0.1000000015
29171  16.928  -61.097  -1.430 0.5000000000
26792  25.021  -63.530  0.461 0.1000000015
26778  23.120  -62.869  1.472 0.1000000015
29120  21.006  -61.915  1.144 0.2000000030
27955  20.492  -62.160  0.406 0.2000000030
27975  21.212  -61.850  0.201 0.2000000030
27976  20.234  -62.586  -0.617 0.2000000030
26816  25.457  -64.445  -0.405 0.1000000015
25595  25.750  -64.947  -1.488 0.1000000015
25635  24.811  -64.879  -5.610 0.1000000015
26889  22.882  -63.464  -5.873 0.1000000015
30249  22.461  -60.022  0.374 0.3000000119
27940  22.308  -62.199  1.544 0.1000000015
128095  22.502  -60.644  -0.964 0.6000000238
27973  25.890  -62.810  -0.441 0.2000000030
29132  24.659  -61.566  0.867 0.3000000119
25623  25.546  -64.786  -4.156 0.1000000015
27990  26.233  -62.928  -1.210 0.2000000030
26873  24.597  -64.057  -6.087 0.1000000015
28033  23.767  -63.298  -6.128 0.1000000015
29227  22.511  -62.134  -5.770 0.1000000015
145750  23.642  -59.740  0.956 0.5000000000
29131  25.236  -61.235  0.327 0.5000000000
29164  26.303  -62.204  -1.486 0.2000000030
28008  26.409  -62.843  -2.168 0.2000000030
136952  26.466  -63.412  -3.011 0.1000000015
154659  26.423  -62.556  -3.008 0.2000000030
30292  26.231  -61.293  -1.237 0.5000000000
29201  26.429  -61.751  -3.559 0.2000000030
137432  24.892  -63.216  -5.681 0.1000000015
29225  24.708  -61.561  -5.605 0.2000000030
128983  23.372  -62.376  -5.758 0.1000000015
29226  23.730  -61.656  -5.742 0.2000000030
146960  22.996  -61.668  -5.771 0.1000000015
30359  24.748  -60.648  -5.622 0.2000000030
29247  22.289  -61.215  -5.972 0.1000000015
29248  21.260  -61.102  -6.052 0.1000000015
30374  21.809  -60.374  -6.279 0.2000000030
31572  20.360  -59.563  -6.341 0.2000000030
127566  22.937  -59.653  -0.564 0.6000000238
145462  23.487  -58.912  -0.285 0.6999999881
128005  23.875  -59.088  0.575 0.6999999881
32613  24.671  -58.679  0.637 0.5000000000
30246  25.345  -60.173  0.599 0.5000000000
134969  25.400  -58.372  0.514 0.6999999881
31433  26.027  -59.690  0.028 0.6000000238
144020  25.875  -61.966  -0.568 0.3000000119
30269  26.408  -60.217  -0.919 0.6000000238
130435  25.470  -59.150  0.557 0.6000000238
31432  26.190  -58.752  0.128 0.6000000238
31471  26.763  -59.524  -1.868 0.5000000000
30313  26.540  -61.030  -2.906 0.3000000119
154389  26.439  -60.327  -4.365 0.3000000119
30283  3.707  -60.093  0.055 0.4000000060
32722  26.038  -58.970  -5.096 0.3000000119
130455  24.779  -59.902  -5.617 0.2000000030
140682  23.585  -58.884  -6.058 0.2000000030
31570  22.292  -59.582  -6.322 0.2000000030
134310  22.795  -58.869  -6.281 0.2000000030
31571  21.341  -59.573  -6.391 0.2000000030
33895  21.304  -57.243  -6.399 0.2000000030
33896  20.389  -57.390  -6.451 0.2000000030
34933  26.882  -56.643  0.290 0.6999999881
32659  26.936  -57.782  -1.305 0.6999999881
32635  26.897  -57.616  -0.527 0.6999999881
31454  26.578  -59.078  -0.703 0.6000000238
32611  26.473  -57.908  0.033 0.6999999881
32755  24.048  -58.322  -5.879 0.3000000119
33874  25.305  -57.726  -5.411 0.4000000060
35025  22.437  -56.421  -6.055 0.3000000119
35024  23.345  -56.546  -5.916 0.5000000000
146784  21.577  -56.474  -6.221 0.3000000119
36117  21.850  -55.653  -5.848 0.3000000119
35028  19.133  -56.139  -6.448 0.2000000030
135254  20.303  -55.197  -6.203 0.2000000030
37237  20.585  -54.428  -5.915 0.3000000119
36121  17.710  -55.605  -6.198 0.2000000030
37238  19.739  -54.540  -6.155 0.2000000030
33780  26.941  -57.122  0.047 0.6999999881
35006  25.138  -56.339  -5.345 0.4000000060
36094  24.598  -55.557  -5.380 0.5000000000
34971  7.245  -56.374  -1.420 0.1000000015
36100  15.309  -54.839  -5.393 0.1000000015
38322  19.200  -53.893  -5.931 0.3000000119
37213  17.455  -54.202  -5.800 0.2000000030
37214  16.564  -54.303  -5.607 0.2000000030
149945  12.847  -54.824  -2.651 0.1000000015
137565  13.248  -55.218  -4.139 0.1000000015
36052  11.781  -54.311  -0.913 0.2000000030
36055  8.897  -55.257  -0.036 0.2000000030
135496  16.032  -53.700  -5.583 0.3000000119
37192  12.874  -54.791  -3.511 0.1000000015
37177  12.343  -54.352  -1.678 0.2000000030
748  8.252  -93.210  -16.503 0.2000000030
740  8.526  -92.667  -15.679 0.2000000030
755  8.084  -92.306  -18.180 0.2000000030
3466  15.696  -86.175  1.818 0.4000000060
3482  15.805  -86.712  1.265 0.3000000119
3483  15.141  -86.378  1.351 0.4000000060
4096  15.061  -86.004  1.867 0.3000000119
2938  14.270  -86.949  0.922 0.4000000060
3508  14.957  -87.057  0.028 0.4000000060
3496  14.625  -87.001  0.387 0.4000000060
2964  14.539  -87.690  -1.450 0.4000000060
2363  13.726  -88.225  -1.665 0.5000000000
2963  15.163  -87.959  -1.837 0.4000000060
2965  14.085  -87.913  -1.808 0.5000000000
1820  13.374  -88.705  -2.199 0.5000000000
1842  13.578  -89.363  -3.930 0.5000000000
1390  12.294  -90.277  -4.015 0.5000000000
1833  12.548  -89.825  -3.331 0.5000000000
1001  13.448  -91.163  -5.295 0.6000000238
1002  12.541  -91.085  -5.164 0.5000000000
1003  11.834  -91.232  -4.835 0.5000000000
182  9.740  -94.164  -7.329 0.5000000000
201  9.423  -94.184  -9.120 0.5000000000
651  13.785  -91.448  -5.666 0.6000000238
660  13.568  -91.507  -6.187 0.6000000238
1013  12.827  -91.492  -5.796 0.6000000238
653  12.255  -92.202  -6.080 0.5000000000
372  11.385  -93.549  -6.880 0.6000000238
138402  10.337  -94.007  -8.101 0.5000000000
1024  14.454  -90.880  -6.611 0.6000000238
144183  10.619  -93.089  6.171 0.3000000119
2936  15.988  -87.329  0.674 0.4000000060
2922  13.931  -87.107  1.596 0.3000000119
2939  13.837  -87.661  0.704 0.4000000060
2950  15.231  -87.414  -0.375 0.4000000060
2354  13.640  -88.294  -0.831 0.5000000000
2373  15.098  -88.400  -2.526 0.4000000060
1809  13.316  -88.863  -1.353 0.5000000000
1840  14.768  -89.340  -3.428 0.5000000000
1398  13.816  -90.833  -4.751 0.6000000238
1391  11.750  -90.927  -4.137 0.5000000000
163  10.334  -93.838  -5.907 0.5000000000
171  9.363  -94.251  -6.557 0.5000000000
659  14.549  -91.683  -5.597 0.6000000238
130756  11.343  -91.706  -4.396 0.5000000000
358  11.029  -93.000  -5.489 0.5000000000
352  10.694  -93.165  -4.562 0.5000000000
1023  15.300  -91.174  -5.970 0.6000000238
6402  23.231  -82.357  -30.011 0.5000000000
5700  24.337  -83.168  -29.938 0.6000000238
5705  24.196  -82.592  -30.831 0.5000000000
7213  22.339  -81.516  -33.299 0.6999999881
545  10.866  -92.113  9.043 0.2000000030
134357  16.307  -86.672  1.944 0.2000000030
3451  16.682  -85.727  3.210 0.2000000030
283  10.864  -92.705  6.814 0.3000000119
296  11.117  -92.911  5.249 0.3000000119
2921  16.367  -87.364  1.481 0.3000000119
4078  15.865  -85.373  3.018 0.3000000119
3467  14.509  -86.035  2.650 0.3000000119
150394  15.562  -88.235  -1.305 0.4000000060
1831  15.332  -89.167  -2.807 0.5000000000
2334  13.591  -88.076  1.673 0.4000000060
135705  13.259  -89.101  -0.510 0.4000000060
1378  15.286  -90.217  -3.089 0.4000000060
133350  8.519  -93.896  -6.356 0.5000000000
141063  14.688  -90.281  -3.807 0.5000000000
1388  15.291  -91.513  -3.453 0.6000000238
134296  12.588  -89.941  -2.285 0.5000000000
995  11.514  -91.719  -3.351 0.5000000000
165  9.294  -94.256  -5.746 0.5000000000
134508  10.083  -93.879  -5.315 0.5000000000
359  8.419  -94.017  -5.450 0.5000000000
641  14.575  -91.996  -4.840 0.6000000238
151809  10.497  -93.273  -4.241 0.5000000000
650  15.286  -92.289  -5.220 0.6000000238
6387  22.011  -82.544  -27.800 0.5000000000
6395  23.017  -82.847  -29.263 0.5000000000
6386  22.900  -83.126  -28.322 0.5000000000
6396  22.253  -82.165  -28.629 0.5000000000
6404  24.007  -81.792  -30.774 0.5000000000
6407  24.064  -82.124  -31.595 0.5000000000
6410  23.761  -81.932  -32.247 0.6000000238
7212  23.245  -81.085  -33.151 0.6000000238
8133  21.483  -80.553  -34.065 0.6999999881
8132  22.373  -80.123  -34.038 0.6000000238
9089  21.771  -79.766  -34.174 0.6999999881
133476  20.386  -78.881  -34.256 0.5000000000
10058  20.552  -78.773  -35.011 0.5000000000
11165  19.851  -78.202  -35.085 0.3000000119
1680  2.873  -89.292  12.561 0.1000000015
2780  4.196  -88.120  13.457 0.2000000030
1244  1.883  -89.917  11.615 0.2000000030
1248  8.047  -90.546  11.375 0.1000000015
143618  8.664  -91.300  10.839 0.1000000015
1263  8.764  -90.321  10.997 0.1000000015
901  10.058  -91.696  10.265 0.1000000015
1274  10.569  -90.181  9.702 0.1000000015
905  11.833  -91.988  8.749 0.2000000030
1721  11.105  -89.385  9.186 0.2000000030
4061  16.342  -85.003  3.777 0.2000000030
553  11.458  -92.248  8.271 0.3000000119
141848  11.822  -91.347  8.767 0.3000000119
4062  15.473  -85.095  3.775 0.3000000119
4049  15.608  -84.958  4.713 0.3000000119
552  12.205  -92.063  8.028 0.3000000119
558  12.278  -92.127  7.274 0.3000000119
909  12.665  -91.832  7.631 0.3000000119
914  12.638  -91.866  6.937 0.3000000119
133272  16.474  -88.188  1.202 0.3000000119
295  11.717  -92.600  5.408 0.3000000119
116  10.810  -93.186  2.393 0.3000000119
131267  16.285  -88.204  0.561 0.4000000060
1808  16.154  -90.107  -0.239 0.4000000060
143022  14.622  -85.690  3.470 0.3000000119
3452  14.114  -86.408  3.242 0.3000000119
303  12.046  -92.623  4.329 0.3000000119
133614  16.264  -88.874  0.030 0.3000000119
3468  14.060  -86.685  2.409 0.3000000119
2909  13.722  -87.523  2.393 0.4000000060
1819  15.645  -90.140  -2.181 0.4000000060
1803  13.209  -89.429  0.349 0.5000000000
1354  12.923  -90.447  0.565 0.5000000000
343  8.536  -93.596  -2.242 0.5000000000
154527  12.716  -90.088  -1.530 0.5000000000
1363  12.989  -90.062  -0.261 0.5000000000
156  10.227  -93.497  -4.427 0.5000000000
158  8.900  -94.284  -5.093 0.5000000000
153765  7.856  -93.752  -4.210 0.5000000000
987  11.985  -91.359  -2.423 0.5000000000
346  10.812  -93.225  -3.639 0.5000000000
149036  9.331  -94.084  -4.421 0.5000000000
130516  8.043  -93.381  -4.915 0.5000000000
631  15.507  -92.485  -4.262 0.6000000238
151883  11.451  -92.709  -2.921 0.5000000000
1012  16.326  -91.604  -5.441 0.5000000000
7174  21.425  -81.653  -28.119 0.4000000060
6388  20.949  -82.204  -27.377 0.5000000000
6379  21.724  -82.964  -27.001 0.5000000000
7181  21.731  -81.195  -28.902 0.4000000060
7198  24.073  -81.346  -31.658 0.5000000000
6409  24.131  -81.333  -32.061 0.5000000000
140222  23.964  -80.451  -32.435 0.5000000000
8126  23.568  -80.161  -33.287 0.5000000000
9088  22.802  -79.360  -34.054 0.4000000060
10052  21.278  -78.802  -34.438 0.5000000000
13424  20.685  -76.912  -35.002 0.3000000119
142091  4.516  -87.230  13.658 0.2000000030
3348  4.151  -86.453  13.795 0.2000000030
1698  1.473  -89.460  11.522 0.2000000030
2200  1.827  -88.639  12.590 0.2000000030
133931  2.052  -89.677  10.731 0.2000000030
1240  6.831  -90.246  12.630 0.1000000015
1677  7.070  -89.003  13.652 0.1000000015
534  6.980  -91.922  11.492 0.1000000015
1249  7.241  -90.847  11.818 0.1000000015
1688  6.944  -89.086  12.924 0.1000000015
2218  7.993  -88.590  11.882 0.1000000015
2226  8.733  -88.341  11.310 0.1000000015
1262  9.485  -90.811  10.566 0.1000000015
1707  9.221  -89.294  10.716 0.1000000015
3438  17.806  -85.806  4.433 0.2000000030
3450  17.507  -86.617  3.668 0.2000000030
134023  9.999  -89.782  10.192 0.1000000015
4047  17.322  -85.012  4.754 0.2000000030
2241  11.236  -87.972  9.426 0.2000000030
2811  11.462  -87.250  10.568 0.1000000015
3464  16.898  -86.897  2.795 0.2000000030
4672  16.755  -84.716  4.995 0.2000000030
1280  11.651  -90.013  8.615 0.2000000030
2826  11.914  -87.230  9.770 0.2000000030
4031  16.619  -84.942  5.612 0.2000000030
1279  12.259  -90.683  8.128 0.2000000030
4032  15.848  -85.075  5.466 0.2000000030
908  12.859  -91.480  7.055 0.3000000119
2344  16.466  -89.154  0.999 0.3000000119
4050  14.846  -85.486  4.332 0.3000000119
141072  14.540  -86.035  4.789 0.3000000119
150278  12.946  -89.420  7.008 0.3000000119
134716  12.058  -92.517  4.769 0.3000000119
2896  13.838  -87.178  3.916 0.3000000119
2883  14.230  -86.780  4.766 0.3000000119
2871  14.161  -87.505  5.678 0.2000000030
2862  14.500  -87.472  6.227 0.3000000119
936  12.445  -92.385  3.518 0.3000000119
578  12.180  -92.646  4.009 0.3000000119
123  10.495  -93.350  1.340 0.4000000060
1362  15.793  -91.317  -0.395 0.4000000060
2897  13.706  -87.959  3.247 0.3000000119
128445  13.686  -88.306  4.073 0.3000000119
2295  13.668  -88.787  4.748 0.3000000119
585  12.443  -92.716  3.384 0.4000000060
143841  10.832  -93.649  1.045 0.4000000060
334  9.144  -93.440  -0.688 0.4000000060
138173  13.419  -88.738  0.980 0.5000000000
1798  13.388  -89.191  1.921 0.5000000000
2310  13.589  -88.936  3.474 0.4000000060
138  9.740  -94.658  -0.495 0.4000000060
980  15.728  -92.002  -1.475 0.4000000060
25  10.571  -95.046  -0.957 0.5000000000
141  9.515  -94.470  -1.403 0.4000000060
630  15.672  -92.326  -3.520 0.4000000060
617  12.070  -91.896  -1.528 0.5000000000
610  12.081  -92.976  -1.461 0.5000000000
134846  11.537  -93.810  -1.631 0.5000000000
45  10.285  -94.281  -2.237 0.5000000000
146  9.703  -94.284  -2.066 0.5000000000
629  16.012  -92.539  -3.566 0.4000000060
625  11.751  -92.321  -2.295 0.5000000000
137389  11.206  -93.879  -2.267 0.5000000000
52  10.727  -93.788  -2.557 0.5000000000
143744  9.591  -93.856  -2.700 0.5000000000
648  17.727  -91.839  -4.634 0.4000000060
640  16.236  -92.627  -4.103 0.4000000060
137846  21.859  -80.464  -23.074 0.2000000030
7972  21.803  -80.382  -22.237 0.1000000015
7948  21.750  -80.238  -21.462 0.1000000015
7994  22.704  -80.496  -23.624 0.1000000015
7973  21.003  -80.705  -22.549 0.2000000030
7950  20.767  -81.010  -21.923 0.2000000030
8018  22.470  -80.453  -24.477 0.2000000030
139281  21.644  -80.450  -25.180 0.3000000119
8020  20.599  -81.078  -24.115 0.2000000030
7151  20.138  -81.747  -24.187 0.2000000030
6361  20.180  -82.126  -23.388 0.3000000119
8041  21.044  -80.499  -25.838 0.2000000030
6376  20.093  -82.251  -25.917 0.4000000060
5661  20.760  -83.480  -24.300 0.4000000060
141328  20.747  -80.549  -27.034 0.2000000030
7182  21.319  -80.884  -28.307 0.3000000119
7190  22.491  -81.364  -30.364 0.5000000000
7191  21.878  -80.773  -29.688 0.3000000119
8105  22.100  -80.374  -30.395 0.3000000119
137670  19.919  -75.363  -30.668 0.2000000030
7204  23.015  -80.299  -31.814 0.4000000060
12268  19.376  -76.420  -32.525 0.4000000060
132001  22.925  -78.490  -34.045 0.5000000000
12295  21.144  -77.483  -35.293 0.3000000119
12287  20.594  -77.737  -33.942 0.3000000119
10050  22.919  -77.897  -33.979 0.3000000119
11151  21.936  -77.614  -35.143 0.3000000119
2567  2.910  -88.120  -21.661 0.2000000030
13423  21.092  -76.959  -35.344 0.3000000119
4344  3.243  -85.333  -25.004 0.4000000060
142861  2.929  -85.324  -25.754 0.3000000119
3948  6.335  -85.807  14.925 0.2000000030
3933  6.177  -85.165  15.157 0.2000000030
2781  3.088  -87.983  13.226 0.2000000030
3950  4.699  -85.748  14.374 0.2000000030
1692  1.056  -88.895  11.845 0.2000000030
3357  2.481  -87.196  13.514 0.2000000030
1220  7.443  -90.141  14.817 0.1000000015
140367  3.165  -88.133  10.562 0.2000000030
2230  2.224  -88.693  10.597 0.2000000030
1667  8.040  -89.717  14.617 0.1000000015
2197  7.695  -88.432  13.748 0.1000000015
153053  7.871  -88.086  12.402 0.1000000015
2195  9.291  -88.123  13.491 0.1000000015
2794  9.241  -87.366  12.527 0.1000000015
2194  10.025  -88.341  13.214 0.1000000015
2216  9.221  -87.443  11.604 0.1000000015
2793  10.027  -87.252  12.258 0.1000000015
1706  10.006  -88.534  10.279 0.1000000015
2804  10.468  -87.152  11.503 0.1000000015
2207  11.172  -88.261  12.298 0.1000000015
2242  10.600  -87.969  9.971 0.1000000015
2803  11.142  -87.220  11.272 0.1000000015
1237  12.042  -89.882  11.920 0.1000000015
2214  12.218  -88.093  11.217 0.2000000030
1695  12.648  -89.246  11.358 0.1000000015
2810  12.325  -87.512  10.457 0.2000000030
2223  12.935  -88.340  10.729 0.1000000015
3415  17.371  -85.947  7.037 0.2000000030
2254  12.069  -87.560  8.969 0.2000000030
2222  13.170  -87.748  10.033 0.2000000030
135229  17.588  -87.084  7.769 0.2000000030
2839  12.724  -87.411  8.696 0.2000000030
2824  13.341  -87.484  9.279 0.2000000030
3416  16.656  -86.033  6.696 0.2000000030
3418  15.172  -86.576  6.082 0.1000000015
2253  14.727  -88.102  7.971 0.2000000030
2837  14.099  -87.642  7.874 0.2000000030
2261  13.361  -88.384  6.889 0.2000000030
2861  15.032  -87.147  6.335 0.1000000015
2836  15.192  -88.017  7.293 0.1000000015
1751  13.559  -88.938  6.058 0.3000000119
1771  13.466  -89.744  4.601 0.3000000119
322  12.293  -93.161  1.565 0.4000000060
1353  13.161  -89.824  1.231 0.5000000000
1331  12.946  -90.726  2.932 0.5000000000
152897  12.559  -92.858  1.407 0.5000000000
327  11.894  -93.464  0.709 0.5000000000
129  11.109  -93.957  0.548 0.4000000060
961  12.614  -91.461  0.713 0.5000000000
602  12.325  -93.048  0.911 0.5000000000
132092  11.596  -93.968  -0.111 0.5000000000
136  10.748  -94.616  -0.163 0.5000000000
624  15.977  -92.332  -2.791 0.4000000060
137510  12.468  -91.479  -0.819 0.5000000000
151329  12.232  -93.064  -0.797 0.5000000000
129308  11.288  -94.515  -1.029 0.5000000000
8920  25.181  -79.136  -20.673 0.1000000015
9890  24.531  -78.512  -19.834 0.1000000015
8942  23.717  -79.754  -21.184 0.1000000015
8922  23.087  -79.277  -19.889 0.1000000015
7946  24.474  -80.207  -21.838 0.1000000015
7947  23.396  -80.107  -21.933 0.1000000015
8943  22.607  -79.847  -21.153 0.1000000015
140397  21.793  -80.158  -20.654 0.1000000015
7970  24.188  -80.379  -22.743 0.1000000015
7993  23.648  -80.470  -23.506 0.1000000015
7949  21.238  -80.811  -21.162 0.2000000030
6338  20.559  -82.098  -22.078 0.2000000030
6337  21.187  -82.264  -21.448 0.3000000119
135303  21.033  -82.690  -22.098 0.4000000060
144811  21.832  -80.188  -25.898 0.3000000119
5651  20.438  -82.919  -23.815 0.4000000060
5641  21.452  -83.319  -22.611 0.4000000060
142702  21.881  -79.925  -26.523 0.2000000030
9021  21.501  -79.981  -27.967 0.2000000030
9054  22.344  -79.520  -30.087 0.3000000119
8104  22.601  -79.719  -30.898 0.4000000060
12232  19.153  -76.367  -29.477 0.2000000030
9065  23.506  -79.231  -31.314 0.2000000030
7203  23.664  -80.359  -32.177 0.2000000030
12210  18.575  -76.754  -28.973 0.2000000030
139798  23.958  -79.607  -33.033 0.2000000030
8125  23.203  -79.943  -33.154 0.4000000060
10044  22.923  -78.054  -33.641 0.4000000060
12267  20.268  -76.383  -32.589 0.3000000119
11145  23.180  -77.179  -33.747 0.2000000030
150812  21.289  -77.632  -33.872 0.3000000119
11149  23.163  -77.336  -34.956 0.2000000030
13422  22.955  -76.845  -35.155 0.2000000030
12286  21.735  -77.608  -34.022 0.2000000030
139377  2.832  -84.756  -26.295 0.3000000119
3951  3.572  -85.880  14.414 0.2000000030
3934  5.324  -85.093  14.960 0.2000000030
139385  2.027  -86.649  14.041 0.3000000119
2219  0.510  -88.402  11.730 0.3000000119
2202  0.728  -87.889  12.596 0.2000000030
2770  1.393  -86.975  13.621 0.2000000030
2817  3.203  -87.185  10.799 0.3000000119
2819  1.180  -87.555  10.839 0.3000000119
2807  0.209  -87.729  11.750 0.3000000119
142528  4.971  -87.103  10.669 0.3000000119
1666  8.870  -89.753  14.442 0.1000000015
144240  5.645  -86.699  10.555 0.3000000119
3390  6.888  -86.097  9.984 0.4000000060
3994  7.520  -85.354  9.593 0.4000000060
1676  9.570  -89.509  13.860 0.1000000015
1675  10.198  -89.162  13.428 0.1000000015
861  11.267  -91.236  13.845 0.1000000015
4643  9.343  -84.305  8.292 0.4000000060
1227  11.352  -90.843  13.133 0.1000000015
135977  11.416  -89.278  12.463 0.1000000015
151047  11.876  -91.077  13.347 0.1000000015
872  12.117  -90.896  12.741 0.1000000015
871  12.727  -91.079  12.191 0.1000000015
1247  12.756  -90.635  11.546 0.1000000015
1694  13.125  -90.105  11.015 0.1000000015
1704  13.692  -88.700  10.209 0.2000000030
1719  14.761  -89.578  9.278 0.2000000030
2239  14.090  -87.767  8.780 0.2000000030
2240  13.726  -87.965  9.567 0.2000000030
2844  16.397  -87.476  7.127 0.1000000015
1730  15.684  -89.597  8.461 0.1000000015
1731  14.962  -88.963  8.552 0.2000000030
3401  16.246  -86.895  6.672 0.2000000030
2260  16.077  -88.153  7.341 0.1000000015
2252  15.655  -88.827  7.846 0.1000000015
12057  27.646  -76.372  -18.587 0.1000000015
10908  28.770  -77.196  -18.776 0.1000000015
10915  27.626  -77.463  -19.654 0.1000000015
12070  27.234  -76.814  -19.231 0.1000000015
10914  28.535  -77.660  -19.395 0.1000000015
10916  26.692  -77.278  -19.666 0.1000000015
10909  25.902  -77.142  -19.357 0.1000000015
8918  28.073  -79.154  -20.514 0.1000000015
8919  26.338  -79.126  -20.807 0.1000000015
147445  26.414  -78.396  -20.410 0.1000000015
9874  25.946  -77.725  -19.999 0.1000000015
135616  25.156  -78.046  -19.707 0.1000000015
8906  23.681  -78.847  -19.608 0.1000000015
8940  25.831  -79.782  -21.271 0.1000000015
7945  25.446  -80.317  -21.766 0.1000000015
8907  23.172  -79.164  -19.095 0.1000000015
7911  22.354  -80.290  -19.213 0.1000000015
7969  25.176  -80.504  -22.459 0.1000000015
145004  23.320  -80.501  -24.127 0.1000000015
7925  22.033  -80.220  -19.860 0.1000000015
7926  21.666  -80.809  -20.248 0.2000000030
7992  24.544  -80.523  -23.624 0.1000000015
132419  24.079  -80.471  -24.194 0.1000000015
6325  22.162  -82.200  -19.914 0.3000000119
6336  21.998  -82.672  -20.767 0.4000000060
5633  21.921  -83.178  -21.715 0.4000000060
5623  23.525  -84.099  -20.115 0.4000000060
8059  22.829  -79.957  -26.125 0.1000000015
5632  22.802  -83.569  -20.964 0.4000000060
4982  22.849  -83.917  -21.868 0.4000000060
9019  23.020  -79.516  -27.514 0.1000000015
9044  22.298  -79.467  -29.192 0.2000000030
130003  23.587  -79.071  -28.792 0.1000000015
9053  23.386  -79.056  -30.323 0.2000000030
11098  18.095  -77.104  -28.444 0.3000000119
9984  17.664  -77.922  -27.450 0.3000000119
9985  17.166  -78.648  -27.901 0.4000000060
9042  24.099  -78.917  -29.516 0.1000000015
11100  16.887  -77.616  -28.910 0.3000000119
8124  23.427  -78.913  -32.196 0.2000000030
8122  23.322  -79.287  -32.041 0.2000000030
9081  24.312  -78.281  -31.964 0.1000000015
10043  23.453  -77.942  -32.909 0.2000000030
13391  21.168  -75.179  -31.424 0.2000000030
10042  24.103  -77.416  -32.677 0.1000000015
13402  21.579  -75.476  -32.133 0.2000000030
12266  21.181  -76.337  -32.690 0.2000000030
12302  24.229  -76.028  -35.523 0.1000000015
12275  22.516  -76.788  -33.545 0.2000000030
153825  4.050  -84.082  -25.109 0.6000000238
5010  2.708  -84.706  -25.726 0.4000000060
12285  22.775  -76.474  -35.115 0.2000000030
5016  3.255  -84.110  -26.685 0.4000000060
4354  3.611  -84.570  -26.999 0.3000000119
143562  4.704  -83.341  -28.790 0.2000000030
4549  5.492  -84.333  17.552 0.3000000119
3932  6.759  -84.876  15.862 0.2000000030
4558  5.487  -84.502  16.587 0.2000000030
4542  4.497  -84.545  18.163 0.3000000119
4570  5.950  -84.721  15.657 0.2000000030
3921  4.309  -84.905  16.637 0.3000000119
3333  6.627  -86.419  15.398 0.1000000015
135890  3.930  -85.300  15.952 0.3000000119
3923  2.300  -85.744  16.398 0.3000000119
3335  1.818  -85.997  15.729 0.3000000119
2784  0.825  -87.241  13.241 0.4000000060
3358  0.735  -86.816  13.450 0.4000000060
3381  3.120  -86.245  10.927 0.4000000060
3383  1.108  -86.518  10.846 0.3000000119
3984  5.355  -85.476  11.043 0.4000000060
140023  3.927  -85.661  11.047 0.4000000060
3378  6.081  -85.931  10.676 0.4000000060
3993  8.230  -85.046  9.104 0.4000000060
3982  7.150  -84.603  9.895 0.5000000000
5283  9.424  -83.320  8.013 0.5000000000
521  12.640  -90.976  13.795 0.1000000015
1259  14.342  -90.881  10.428 0.2000000030
1703  14.295  -89.715  9.915 0.2000000030
1718  15.333  -89.998  8.988 0.1000000015
12055  28.805  -76.863  -18.081 0.1000000015
12056  28.292  -76.322  -17.989 0.1000000015
9872  29.079  -78.489  -19.525 0.1000000015
10910  25.353  -77.158  -18.723 0.1000000015
10911  24.786  -77.634  -18.521 0.1000000015
131717  27.337  -79.539  -20.812 0.1000000015
7944  26.372  -80.440  -21.734 0.1000000015
9863  23.922  -78.583  -18.816 0.1000000015
8898  22.933  -79.884  -18.606 0.1000000015
4957  17.361  -85.516  -20.566 0.3000000119
7991  25.468  -80.669  -23.890 0.1000000015
7905  22.639  -80.757  -18.712 0.1000000015
5576  23.240  -84.181  -17.086 0.3000000119
4929  22.995  -84.961  -17.664 0.3000000119
5590  21.163  -83.858  -17.917 0.3000000119
6309  22.670  -81.767  -19.069 0.4000000060
5605  24.459  -84.358  -18.415 0.3000000119
4939  24.512  -84.875  -18.029 0.3000000119
4293  24.511  -85.608  -18.425 0.4000000060
4281  23.973  -85.636  -17.727 0.4000000060
4296  22.176  -85.182  -18.419 0.3000000119
4953  21.167  -84.894  -18.991 0.3000000119
8039  24.241  -80.219  -25.406 0.1000000015
8058  23.933  -79.913  -26.036 0.1000000015
6296  23.751  -82.272  -18.266 0.3000000119
6308  23.447  -82.767  -18.811 0.4000000060
5589  24.181  -83.292  -18.260 0.3000000119
5606  23.709  -83.630  -19.178 0.4000000060
9018  23.924  -79.533  -27.277 0.1000000015
9030  23.733  -79.384  -27.947 0.1000000015
9008  17.348  -79.832  -26.856 0.3000000119
133593  24.958  -79.342  -28.783 0.1000000015
12209  19.354  -76.923  -28.727 0.3000000119
11074  19.360  -77.292  -27.768 0.3000000119
9983  18.200  -77.713  -26.934 0.3000000119
9022  17.472  -78.879  -27.171 0.3000000119
9041  25.087  -79.207  -29.468 0.1000000015
10010  24.294  -78.931  -30.621 0.1000000015
12208  20.096  -76.565  -29.347 0.2000000030
9023  16.913  -79.598  -27.686 0.4000000060
8083  16.205  -79.447  -28.379 0.5000000000
9075  24.414  -78.487  -31.432 0.1000000015
149998  20.471  -75.891  -30.107 0.2000000030
9074  25.344  -78.127  -31.319 0.1000000015
133716  25.374  -77.163  -32.256 0.1000000015
10031  24.887  -77.476  -32.172 0.1000000015
11143  24.108  -76.842  -32.954 0.1000000015
12274  23.013  -76.561  -33.677 0.2000000030
12291  24.721  -75.921  -34.752 0.1000000015
13413  24.347  -75.644  -35.099 0.1000000015
6385  4.524  -83.176  -27.245 0.5000000000
5684  3.935  -83.484  -26.395 0.5000000000
5019  4.776  -84.064  -28.238 0.2000000030
5692  3.856  -83.720  -27.358 0.4000000060
7206  6.405  -81.914  -30.988 0.3000000119
4543  3.455  -84.855  18.275 0.3000000119
150094  7.278  -85.120  16.108 0.2000000030
4556  7.440  -84.785  16.662 0.2000000030
3906  3.745  -84.949  17.511 0.3000000119
3322  1.797  -85.632  16.612 0.3000000119
3352  0.970  -86.249  14.396 0.4000000060
3336  1.360  -85.939  15.386 0.3000000119
142952  0.597  -85.071  11.775 0.4000000060
3961  0.686  -85.842  14.004 0.4000000060
134309  2.055  -84.985  10.917 0.5000000000
3988  0.734  -85.139  11.279 0.5000000000
5256  5.100  -84.201  10.160 0.5000000000
5294  10.304  -83.134  6.685 0.5000000000
5986  9.711  -82.696  6.863 0.5000000000
5318  10.138  -83.267  5.266 0.5000000000
4693  9.705  -84.289  4.077 0.5000000000
4230  23.169  -85.608  -11.944 0.3000000119
142252  26.742  -76.369  -18.754 0.1000000015
8917  28.699  -79.716  -20.364 0.1000000015
7943  27.270  -80.733  -21.575 0.1000000015
6286  20.409  -82.619  -17.089 0.3000000119
5578  20.708  -83.193  -17.573 0.3000000119
4931  18.177  -83.785  -17.605 0.3000000119
4942  18.429  -84.144  -18.589 0.3000000119
6285  21.398  -82.878  -16.943 0.3000000119
5577  22.065  -83.497  -17.169 0.3000000119
5591  20.028  -83.539  -18.390 0.3000000119
5608  19.594  -83.943  -19.220 0.3000000119
5592  19.151  -83.546  -18.776 0.3000000119
4971  18.605  -84.468  -20.656 0.3000000119
4927  24.286  -84.417  -17.426 0.3000000119
4941  20.564  -84.204  -18.727 0.3000000119
4954  20.181  -84.404  -19.689 0.3000000119
144026  18.995  -83.900  -19.480 0.3000000119
4970  19.831  -84.595  -20.663 0.3000000119
8057  24.592  -79.788  -26.684 0.1000000015
7075  24.250  -82.274  -17.216 0.3000000119
8026  13.189  -80.844  -23.786 0.6000000238
11096  20.200  -77.095  -28.429 0.3000000119
8063  16.629  -80.357  -27.052 0.5000000000
131829  15.413  -81.001  -26.337 0.5000000000
147221  5.093  -82.872  -29.783 0.3000000119
128257  3.865  -84.652  19.037 0.2000000030
3886  2.546  -84.649  19.168 0.2000000030
4540  6.596  -84.407  18.797 0.2000000030
4541  5.564  -84.344  18.432 0.3000000119
130076  4.809  -84.525  18.960 0.3000000119
4534  2.158  -84.246  19.663 0.2000000030
4548  6.953  -84.443  17.212 0.2000000030
3893  2.923  -84.878  18.698 0.3000000119
3907  2.639  -85.346  17.806 0.3000000119
129323  1.905  -85.382  17.895 0.3000000119
3324  1.230  -85.561  15.974 0.4000000060
3323  1.367  -85.338  16.683 0.3000000119
3952  0.827  -85.508  14.925 0.4000000060
128352  0.563  -84.699  14.296 0.4000000060
4603  0.338  -84.118  12.145 0.4000000060
4596  0.320  -84.088  13.205 0.4000000060
4624  1.512  -84.210  10.691 0.5000000000
4610  0.476  -84.170  11.494 0.5000000000
135308  3.236  -82.691  9.183 0.6000000238
5962  4.018  -82.962  8.964 0.6000000238
135451  22.874  -86.147  -10.376 0.3000000119
4863  22.257  -84.928  -11.644 0.3000000119
4872  22.632  -85.158  -12.240 0.3000000119
4246  21.143  -85.297  -13.577 0.3000000119
4913  17.798  -84.045  -16.744 0.3000000119
141818  17.859  -84.541  -17.268 0.3000000119
6272  18.743  -82.655  -16.687 0.3000000119
5580  18.719  -83.049  -17.445 0.3000000119
139740  17.924  -83.578  -16.212 0.3000000119
6287  19.417  -82.550  -17.039 0.3000000119
5579  19.493  -83.038  -17.865 0.3000000119
131891  16.263  -80.800  -26.385 0.6000000238
5174  1.650  -82.749  20.681 0.2000000030
4525  2.448  -83.829  20.620 0.2000000030
128591  3.063  -84.414  20.164 0.1000000015
144530  3.823  -84.629  20.563 0.1000000015
4526  1.812  -83.564  20.026 0.2000000030
131949  7.083  -84.369  17.953 0.2000000030
4544  1.384  -84.403  18.430 0.2000000030
3910  1.150  -84.868  17.187 0.3000000119
3896  1.239  -84.691  17.717 0.2000000030
132113  0.786  -84.612  15.333 0.4000000060
132264  0.618  -83.740  14.066 0.4000000060
5248  0.259  -83.276  11.770 0.6000000238
5239  0.276  -83.201  12.556 0.4000000060
5231  0.294  -82.512  12.812 0.5000000000
5955  1.470  -82.611  10.122 0.6000000238
5956  0.451  -82.383  10.940 0.6000000238
5950  0.162  -82.516  11.600 0.6000000238
5940  0.081  -81.954  12.071 0.5000000000
6728  3.003  -81.887  8.867 0.6000000238
6740  3.955  -81.831  7.661 0.6000000238
4873  21.936  -84.522  -12.283 0.3000000119
4887  18.625  -84.176  -14.054 0.3000000119
133505  17.960  -82.807  -14.680 0.3000000119
5550  17.940  -83.443  -15.387 0.3000000119
4908  17.940  -84.300  -15.875 0.3000000119
6253  18.219  -82.502  -15.436 0.2000000030
129236  18.234  -82.887  -16.142 0.3000000119
7957  12.169  -80.035  -21.294 0.6000000238
4518  2.059  -83.064  21.196 0.1000000015
145985  1.509  -82.061  21.079 0.2000000030
129808  3.126  -84.198  21.187 0.1000000015
4517  2.674  -83.629  21.592 0.1000000015
149372  1.548  -83.094  19.789 0.2000000030
4531  6.401  -84.567  19.883 0.1000000015
133843  5.220  -84.849  21.032 0.1000000015
151272  8.469  -85.287  19.760 0.1000000015
4523  5.392  -84.669  20.216 0.2000000030
4524  4.482  -84.760  20.466 0.2000000030
4539  7.603  -84.523  18.523 0.1000000015
5875  1.596  -83.330  18.247 0.2000000030
130445  1.433  -83.420  18.973 0.2000000030
5199  1.027  -83.891  15.564 0.3000000119
5187  1.289  -83.872  17.475 0.2000000030
132435  1.278  -83.851  18.189 0.2000000030
5902  1.229  -83.312  14.790 0.4000000060
5890  2.162  -83.160  16.216 0.3000000119
150208  0.430  -81.088  12.755 0.6000000238
5922  0.480  -82.057  13.343 0.4000000060
6712  0.210  -80.690  11.476 0.6000000238
136688  0.822  -81.783  10.393 0.6000000238
6742  2.793  -81.051  8.543 0.6000000238
5963  2.353  -82.199  9.444 0.6000000238
6741  3.220  -81.071  7.673 0.6000000238
6761  3.210  -80.951  6.160 0.6000000238
7572  2.699  -80.673  6.966 0.6000000238
133394  1.700  -82.254  21.464 0.2000000030
6642  1.639  -81.926  19.573 0.2000000030
5868  1.600  -82.801  18.916 0.2000000030
5874  2.065  -82.454  18.410 0.2000000030
5881  2.668  -83.016  17.000 0.2000000030
5880  3.360  -82.386  16.677 0.2000000030
5920  2.414  -82.526  14.147 0.3000000119
5899  3.202  -82.896  14.626 0.3000000119
5879  3.963  -82.379  15.951 0.3000000119
7504  1.627  -80.273  12.717 0.5000000000
6694  2.345  -81.281  13.121 0.5000000000
8479  0.367  -79.659  12.114 0.5000000000
143328  0.182  -80.431  10.934 0.6000000238
7526  -0.066  -79.676  11.228 0.6000000238
151927  1.422  -80.921  9.604 0.6000000238
7544  0.313  -79.744  10.559 0.6000000238
8507  -0.028  -79.091  10.836 0.6000000238
7557  1.980  -80.469  8.839 0.6000000238
7566  1.340  -79.539  9.046 0.6000000238
7565  2.278  -80.304  8.130 0.6000000238
134906  1.887  -80.354  6.761 0.6000000238
142561  1.401  -80.761  20.731 0.2000000030
7418  1.465  -79.961  20.240 0.2000000030
129300  1.506  -81.004  19.846 0.2000000030
8382  1.508  -79.057  20.115 0.2000000030
7441  1.590  -80.310  19.289 0.2000000030
7460  2.143  -80.579  18.420 0.2000000030
6650  2.456  -81.578  18.324 0.2000000030
6655  3.491  -81.596  16.911 0.2000000030
6693  3.628  -81.980  13.061 0.4000000060
5918  4.625  -82.655  13.900 0.3000000119
5897  4.953  -82.463  14.379 0.3000000119
6660  4.647  -81.862  15.456 0.3000000119
7525  2.249  -79.749  12.229 0.6000000238
7503  2.815  -80.595  12.622 0.6000000238
146909  4.481  -81.774  12.695 0.4000000060
5938  5.523  -81.891  13.462 0.4000000060
6668  5.170  -81.463  14.865 0.3000000119
8490  0.518  -79.057  11.826 0.6000000238
8488  2.869  -79.374  11.600 0.6000000238
7543  3.774  -79.871  11.437 0.6000000238
9461  1.512  -78.118  10.582 0.6000000238
150631  3.548  -79.185  10.869 0.6000000238
9462  0.685  -78.592  10.903 0.6000000238
8537  1.246  -79.418  8.288 0.6000000238
14480  10.080  -74.311  -26.892 0.5000000000
13316  9.382  -75.232  -26.690 0.5000000000
136056  8.651  -75.414  -26.482 0.5000000000
7461  1.554  -79.740  18.715 0.2000000030
7472  2.560  -80.328  17.485 0.2000000030
8433  2.999  -80.150  16.668 0.2000000030
8447  3.521  -79.965  15.768 0.3000000119
7480  3.744  -80.897  16.458 0.3000000119
7487  5.695  -80.964  14.230 0.3000000119
7542  4.616  -80.077  11.049 0.6000000238
144591  5.923  -80.876  11.630 0.5000000000
6674  6.239  -80.875  12.716 0.5000000000
149315  4.458  -79.483  10.407 0.6000000238
9460  2.707  -78.357  10.359 0.6000000238
15664  9.882  -72.809  -27.271 0.5000000000
14491  8.865  -74.235  -27.567 0.5000000000
15672  8.319  -72.561  -28.539 0.5000000000
8414  1.689  -79.560  17.903 0.2000000030
8448  2.457  -79.313  16.124 0.2000000030
8458  3.703  -79.400  15.104 0.2000000030
8446  4.235  -80.038  15.146 0.3000000119
8470  5.954  -79.484  13.532 0.4000000060
8456  5.489  -79.970  14.140 0.4000000060
8477  7.005  -79.660  12.094 0.6000000238
8520  7.062  -79.825  9.222 0.6000000238
8503  7.987  -79.282  9.805 0.6000000238
8532  8.103  -79.194  8.916 0.6000000238
17923  10.162  -70.963  -26.699 0.5000000000
144028  10.381  -70.647  -26.987 0.4000000060
16837  9.444  -71.382  -28.012 0.5000000000
9419  3.435  -78.683  14.755 0.2000000030
9434  4.004  -78.396  14.057 0.2000000030
8457  4.413  -79.402  14.542 0.2000000030
135037  5.215  -77.886  12.767 0.3000000119
10457  4.590  -78.103  13.375 0.3000000119
10483  7.243  -77.800  10.947 0.4000000060
10471  6.449  -78.260  12.114 0.5000000000
147195  6.824  -76.664  9.588 0.5000000000
129675  7.625  -77.422  9.778 0.5000000000
11648  5.169  -77.120  12.200 0.3000000119
11701  8.075  -76.352  8.433 0.6000000238
12824  8.596  -75.730  7.766 0.6000000238
10544  9.247  -76.887  6.381 0.6000000238
13965  8.359  -75.040  6.221 0.6000000238
6114  1.007  -82.512  -2.772 0.2000000030
144226  1.402  -79.808  -4.159 0.2000000030
8695  1.936  -79.264  -3.966 0.2000000030
7716  3.346  -80.166  -3.347 0.1000000015
9660  3.519  -78.741  -3.479 0.1000000015
9659  4.397  -78.715  -3.292 0.1000000015
11830  4.076  -76.567  -1.926 0.1000000015
15222  0.620  -73.475  1.761 0.2000000030
17563  0.020  -71.536  1.816 0.2000000030
14041  1.460  -74.214  1.359 0.1000000015
16440  0.557  -72.677  1.936 0.2000000030
18643  0.205  -70.735  1.842 0.2000000030
18642  0.849  -70.343  2.052 0.2000000030
23009  6.149  -66.752  8.431 0.5000000000
135825  7.960  -66.873  7.744 0.3000000119
23031  9.386  -66.141  7.622 0.4000000060
24249  15.482  -65.786  7.164 0.1000000015
23029  12.876  -65.830  7.851 0.1000000015
141309  13.874  -65.004  6.895 0.1000000015
24252  12.585  -65.059  8.131 0.1000000015
153146  5.925  -66.166  8.424 0.6000000238
23033  7.420  -65.931  7.769 0.4000000060
25460  8.170  -64.395  7.717 0.4000000060
24255  8.106  -65.306  7.629 0.4000000060
25463  5.658  -63.911  8.195 0.6000000238
25458  10.316  -63.856  7.844 0.1000000015
25462  6.513  -63.778  8.150 0.4000000060
25433  11.901  -64.095  8.486 0.1000000015
26650  11.389  -63.138  8.331 0.1000000015
25456  13.496  -64.376  7.403 0.1000000015
25432  12.375  -64.234  8.285 0.1000000015
24232  6.649  -65.128  8.142 0.6000000238
25461  7.556  -63.814  7.915 0.4000000060
25435  6.891  -64.174  8.197 0.5000000000
150119  8.372  -63.179  8.030 0.4000000060
26669  7.015  -63.448  7.830 0.4000000060
145929  14.173  -64.118  6.783 0.1000000015
26666  13.016  -63.596  7.979 0.1000000015
26648  12.822  -62.444  8.272 0.1000000015
135920  10.909  -62.444  8.185 0.2000000030
26652  9.783  -62.955  7.906 0.3000000119
26649  12.185  -63.120  8.383 0.1000000015
144198  8.836  -62.744  7.417 0.5000000000
27849  8.343  -63.216  7.917 0.5000000000
27848  9.510  -62.699  7.712 0.5000000000
136857  14.741  -63.484  6.614 0.1000000015
27863  14.849  -62.498  7.106 0.1000000015
26690  14.176  -63.134  7.271 0.1000000015
130546  10.281  -62.303  7.657 0.4000000060
27866  7.531  -62.965  6.794 0.5000000000
29041  14.435  -61.171  8.215 0.1000000015
142574  13.821  -61.018  8.528 0.2000000030
29012  12.396  -61.229  8.330 0.1000000015
27846  11.606  -61.278  8.113 0.4000000060
30275  16.210  -60.715  -1.052 0.3000000119
30299  14.847  -59.949  -1.637 0.4000000060
29170  17.762  -61.396  -1.683 0.4000000060
30297  16.450  -60.477  -2.124 0.4000000060
25679  5.523  -64.241  -7.669 0.3000000119
25680  4.605  -64.406  -7.621 0.3000000119
27881  8.315  -62.763  6.377 0.5000000000
29026  10.149  -62.197  7.354 0.5000000000
30152  12.435  -59.832  8.039 0.2000000030
30170  11.690  -60.110  7.833 0.3000000119
29043  10.732  -61.736  7.074 0.5000000000
29188  18.258  -60.655  -2.640 0.6000000238
29189  17.349  -60.537  -2.455 0.6000000238
138039  3.374  -65.123  -7.039 0.4000000060
25681  3.193  -64.448  -7.606 0.4000000060
24465  0.086  -65.386  -6.483 0.4000000060
25678  5.986  -63.736  -8.222 0.3000000119
25673  2.137  -64.887  -7.296 0.4000000060
28092  5.309  -62.799  -8.866 0.4000000060
29056  7.850  -62.135  5.143 0.5000000000
29040  15.300  -61.536  7.485 0.2000000030
29020  14.904  -60.266  8.584 0.2000000030
30151  14.156  -59.281  8.138 0.2000000030
27879  10.011  -62.179  6.512 0.5000000000
131944  13.469  -59.721  8.040 0.2000000030
142882  13.742  -59.351  7.927 0.3000000119
29052  12.657  -61.160  5.645 0.3000000119
133478  11.835  -61.394  5.425 0.4000000060
29076  10.194  -61.618  4.668 0.4000000060
29186  19.619  -60.436  -3.032 0.6000000238
26934  3.707  -63.603  -8.400 0.4000000060
25682  1.158  -63.669  -8.123 0.4000000060
25674  0.362  -64.539  -7.621 0.4000000060
26935  2.218  -63.183  -8.532 0.4000000060
31313  15.847  -58.998  8.766 0.2000000030
31314  15.075  -58.965  8.387 0.2000000030
30184  14.935  -59.761  6.435 0.3000000119
30168  14.306  -59.036  7.937 0.3000000119
30196  15.250  -60.470  5.095 0.3000000119
150852  13.395  -61.196  4.240 0.4000000060
29054  9.668  -62.220  5.467 0.5000000000
29051  13.155  -60.174  6.362 0.3000000119
29073  13.593  -61.254  5.147 0.3000000119
130381  12.121  -59.930  3.504 0.4000000060
127841  23.204  -60.321  -1.846 0.6000000238
127805  23.500  -59.112  -3.289 0.6000000238
25683  -0.088  -63.962  -8.448 0.4000000060
28095  1.806  -62.625  -9.247 0.4000000060
28111  4.486  -61.718  -9.281 0.4000000060
28094  2.857  -62.463  -9.034 0.4000000060
30167  15.602  -59.050  7.240 0.3000000119
31324  16.219  -58.529  8.413 0.1000000015
30223  14.133  -60.491  3.630 0.4000000060
30221  15.996  -59.938  4.795 0.3000000119
34946  24.925  -56.634  -0.554 0.6000000238
147533  24.414  -57.541  -0.678 0.6000000238
134349  5.213  -63.740  -6.319 0.4000000060
28070  4.351  -63.333  -6.249 0.4000000060
31339  16.347  -58.454  6.985 0.3000000119
32531  16.967  -58.079  6.621 0.1000000015
31347  16.658  -58.711  5.785 0.2000000030
33716  17.346  -57.859  5.932 0.1000000015
32544  15.984  -57.634  4.276 0.3000000119
31348  16.561  -59.061  4.906 0.3000000119
34919  16.762  -56.905  3.303 0.4000000060
33733  17.988  -56.479  5.104 0.2000000030
34905  17.978  -55.768  4.094 0.4000000060
34916  19.123  -55.591  3.575 0.2000000030
140361  3.462  -60.804  -6.648 0.4000000060
137785  3.583  -59.137  -6.460 0.4000000060
37218  12.530  -54.509  -4.247 0.3000000119
38305  11.381  -54.314  -4.606 0.3000000119
38276  10.510  -54.348  -4.226 0.3000000119
35033  6.456  -55.939  -6.988 0.5000000000
39353  17.435  -52.723  -5.841 0.2000000030
140273  16.461  -52.895  -5.829 0.3000000119
143920  12.983  -54.147  -5.009 0.4000000060
38304  12.027  -53.820  -5.398 0.4000000060
138351  11.019  -53.503  -5.336 0.4000000060
38277  9.307  -53.817  -4.383 0.4000000060
36139  8.880  -55.019  -7.304 0.4000000060
36137  10.548  -55.371  -7.730 0.4000000060
36122  8.726  -56.040  -7.029 0.5000000000
36123  7.864  -55.096  -7.111 0.5000000000
35052  9.640  -56.622  -7.102 0.4000000060
40380  15.966  -52.149  -6.046 0.4000000060
39354  15.023  -52.434  -6.179 0.4000000060
39355  14.032  -52.939  -5.856 0.4000000060
141451  13.073  -53.355  -5.461 0.4000000060
39358  11.402  -52.631  -5.629 0.4000000060
39333  8.282  -52.301  -4.671 0.4000000060
36138  9.700  -55.706  -7.336 0.5000000000
37253  11.426  -54.989  -8.003 0.3000000119
38336  9.808  -53.843  -7.843 0.4000000060
150500  13.516  -51.983  -6.032 0.3000000119
37254  10.578  -54.467  -7.981 0.4000000060
38363  9.707  -52.952  -8.065 0.3000000119
137074  11.046  -52.742  -8.503 0.3000000119
1689  6.680  -89.954  13.482 0.1000000015
130327  6.799  -90.679  15.458 0.1000000015
6876  2.308  -81.522  -2.701 0.1000000015
6896  1.804  -80.986  -3.440 0.2000000030
14056  3.253  -74.853  0.711 0.1000000015
14057  2.062  -74.879  0.807 0.1000000015
8693  3.938  -79.467  -3.381 0.1000000015
14058  0.728  -74.917  0.884 0.1000000015
10686  3.692  -77.543  -2.838 0.1000000015
10685  4.667  -77.832  -2.997 0.1000000015
139828  2.565  -76.553  -1.778 0.1000000015
145474  18.140  -84.802  -21.156 0.3000000119
5701  24.169  -83.365  -30.287 0.6999999881
5706  24.082  -82.907  -31.099 0.6000000238
5680  21.332  -83.345  -26.175 0.5000000000
5650  21.057  -83.499  -23.497 0.4000000060
6375  20.460  -82.926  -26.084 0.5000000000
5640  22.303  -83.712  -22.441 0.4000000060
8002  12.320  -80.616  -23.416 0.6000000238
149927  17.226  -77.104  -29.295 0.3000000119
4952  24.346  -84.678  -19.266 0.4000000060
9993  17.286  -77.862  -28.226 0.4000000060
10704  1.970  -77.904  -3.328 0.1000000015
10687  2.642  -77.411  -2.779 0.1000000015
12947  1.879  -75.674  -0.507 0.1000000015
29121  13.888  -61.626  1.508 0.2000000030
33760  20.069  -57.240  1.813 0.5000000000
39350  19.996  -52.500  -5.259 0.3000000119
12279  19.003  -77.361  -33.291 0.4000000060
747  8.250  -92.792  -17.211 0.2000000030
38337  9.026  -53.223  -7.690 0.5000000000
11137  20.128  -77.576  -33.670 0.4000000060
661  12.956  -92.164  -6.617 0.6000000238
4956  18.245  -84.779  -19.790 0.3000000119
6021  2.030  -81.506  5.837 0.6000000238
8523  0.639  -78.805  10.139 0.6000000238
7522  6.351  -80.559  11.232 0.5000000000
8519  7.475  -79.907  10.110 0.6000000238
7502  6.689  -80.347  12.284 0.5000000000
8487  7.378  -79.470  11.388 0.6000000238
9504  8.412  -78.722  7.606 0.6000000238
10500  8.438  -78.058  8.961 0.6000000238
12837  8.170  -74.772  7.536 0.6000000238
128518  17.248  -57.146  4.930 0.2000000030
34917  18.299  -55.872  3.637 0.4000000060
33748  18.728  -56.484  2.886 0.3000000119
33761  19.129  -57.367  2.111 0.4000000060
33747  19.576  -56.207  2.650 0.4000000060
145401  22.743  -59.547  -3.480 0.6000000238
29169  18.642  -61.858  -1.838 0.4000000060
127572  24.001  -58.437  -2.694 0.6000000238
127916  23.965  -58.266  -1.122 0.6000000238
38278  8.153  -53.358  -3.780 0.4000000060
38306  10.206  -53.770  -5.057 0.4000000060
150360  11.819  -51.678  -5.708 0.4000000060
34890  18.341  -55.699  4.493 0.2000000030
192  9.068  -94.319  -8.283 0.5000000000
313  10.912  -93.147  3.785 0.3000000119
13404  19.800  -75.536  -31.871 0.3000000119
4634  7.846  -84.493  9.393 0.4000000060
140877  5.256  -84.799  10.846 0.4000000060
4623  2.512  -84.325  10.560 0.5000000000
5259  2.023  -83.602  10.288 0.5000000000
4622  3.448  -84.474  10.513 0.4000000060
154305  2.973  -81.607  5.566 0.6000000238
29095  12.443  -60.946  3.967 0.4000000060
30197  10.935  -61.171  4.256 0.4000000060
27994  18.160  -61.888  -0.768 0.2000000030
13403  20.685  -75.496  -32.015 0.2000000030
127793  23.583  -59.208  -1.767 0.6000000238
127845  24.037  -58.261  0.082 0.6000000238
1132  8.691  -92.215  -17.532 0.2000000030
146612  14.487  -88.320  -2.793 0.5000000000
146039  13.467  -88.707  -2.923 0.5000000000
1843  12.913  -89.801  -4.203 0.5000000000
1856  13.516  -89.910  -4.358 0.6000000238
654  11.541  -92.320  -5.594 0.5000000000
169  10.668  -93.767  -6.491 0.5000000000
357  11.844  -92.983  -6.022 0.5000000000
140333  16.012  -88.973  -0.925 0.5000000000
7180  22.389  -81.779  -29.466 0.5000000000
139068  21.506  -78.282  -35.062 0.4000000060
1722  10.532  -88.921  9.722 0.1000000015
913  12.789  -91.571  6.439 0.3000000119
115  11.487  -93.234  2.603 0.4000000060
129284  12.448  -91.986  -0.030 0.5000000000
53  10.358  -93.453  -3.431 0.5000000000
7176  20.547  -81.672  -27.082 0.3000000119
8073  21.059  -80.594  -27.689 0.2000000030
6381  20.480  -82.259  -26.635 0.4000000060
9087  23.283  -78.900  -33.885 0.3000000119
2209  1.141  -88.578  12.347 0.2000000030
152061  12.491  -87.335  9.230 0.2000000030
1740  12.628  -89.987  7.524 0.2000000030
134401  13.013  -91.156  5.838 0.3000000119
2262  13.093  -87.731  7.793 0.2000000030
925  12.852  -91.536  5.077 0.3000000119
2884  13.925  -87.711  4.863 0.3000000119
2870  14.643  -86.990  5.886 0.2000000030
2282  13.786  -88.286  5.480 0.3000000119
2847  13.922  -87.705  7.250 0.2000000030
1304  13.293  -90.503  5.197 0.3000000119
935  12.834  -91.247  3.630 0.3000000119
146072  13.566  -89.132  4.147 0.4000000060
1324  13.171  -90.412  3.548 0.4000000060
1344  13.117  -90.257  2.119 0.5000000000
7995  21.156  -80.686  -23.513 0.2000000030
7971  22.884  -80.379  -22.718 0.1000000015
8019  21.350  -80.627  -24.397 0.2000000030
7140  20.391  -81.551  -22.862 0.2000000030
7101  21.443  -81.605  -20.674 0.2000000030
8017  23.564  -80.372  -24.835 0.2000000030
7163  20.192  -81.525  -25.662 0.3000000119
6371  19.939  -82.198  -25.034 0.2000000030
141893  20.138  -82.411  -24.222 0.3000000119
8042  20.514  -80.862  -26.314 0.3000000119
5671  20.203  -82.829  -25.415 0.4000000060
9020  22.046  -79.632  -27.782 0.2000000030
9045  21.730  -79.934  -29.017 0.2000000030
138447  1.547  -88.298  10.747 0.2000000030
1687  10.713  -88.777  12.888 0.1000000015
1686  11.884  -88.711  11.873 0.1000000015
2848  13.286  -87.508  8.377 0.2000000030
2860  15.591  -86.929  6.413 0.1000000015
943  12.668  -91.610  3.005 0.4000000060
1332  12.772  -91.301  2.289 0.5000000000
331  12.249  -93.080  -0.029 0.5000000000
8921  24.010  -79.229  -20.412 0.1000000015
9005  22.412  -79.692  -26.978 0.1000000015
9032  21.839  -79.719  -28.503 0.2000000030
8116  24.131  -78.791  -31.200 0.2000000030
11148  23.050  -76.999  -34.174 0.1000000015
3935  4.254  -85.370  15.081 0.2000000030
3334  2.390  -86.216  14.688 0.3000000119
2783  0.978  -87.422  13.106 0.2000000030
3350  1.396  -86.347  14.595 0.3000000119
3380  4.212  -86.556  10.983 0.4000000060
152041  0.230  -87.577  12.210 0.4000000060
2238  17.903  -88.994  8.944 0.1000000015
9888  27.006  -77.916  -20.185 0.1000000015
7089  21.882  -81.394  -19.850 0.2000000030
5624  22.830  -83.155  -20.056 0.4000000060
137263  6.205  -84.336  17.089 0.2000000030
3363  0.445  -86.945  12.535 0.4000000060
130766  2.068  -85.909  10.942 0.4000000060
3986  3.755  -84.988  10.936 0.4000000060
3384  0.676  -86.195  11.132 0.5000000000
7904  23.530  -80.684  -17.986 0.1000000015
4928  24.025  -84.811  -17.296 0.3000000119
9968  17.944  -78.212  -26.682 0.3000000119
3892  8.415  -85.030  18.817 0.1000000015
6271  19.301  -82.202  -16.465 0.2000000030
5593  18.724  -83.979  -19.164 0.3000000119
3887  1.854  -84.674  18.840 0.2000000030
4586  0.759  -83.963  14.799 0.3000000119
5260  0.994  -83.362  10.715 0.6000000238
4515  4.329  -84.865  21.297 0.1000000015
4530  7.403  -84.577  19.515 0.1000000015
5194  1.115  -84.301  16.900 0.2000000030
131217  1.020  -82.684  14.031 0.4000000060
137196  0.172  -81.685  11.575 0.6000000238
5891  1.417  -83.517  15.707 0.2000000030
5901  1.399  -82.940  14.578 0.4000000060
5921  0.834  -82.052  14.010 0.4000000060
130835  3.196  -82.940  16.173 0.3000000119
6677  1.486  -81.763  13.738 0.5000000000
6641  1.928  -81.513  19.092 0.2000000030
5919  3.704  -82.668  13.778 0.3000000119
5898  4.164  -82.810  14.439 0.3000000119
149445  3.294  -80.845  17.172 0.2000000030
6711  3.833  -81.167  12.398 0.6000000238
7479  4.431  -80.958  15.566 0.3000000119
8489  1.591  -78.960  11.782 0.6000000238
6709  5.619  -81.191  12.193 0.4000000060
7523  5.187  -80.800  11.621 0.6000000238
6675  5.923  -81.141  13.471 0.4000000060
7498  6.122  -80.355  13.607 0.5000000000
9433  5.021  -78.984  13.830 0.3000000119
10456  5.498  -78.657  13.209 0.4000000060
10492  7.739  -78.025  10.409 0.6000000238
9450  7.595  -78.639  11.046 0.5000000000
10485  6.038  -77.501  11.761 0.4000000060
11663  6.437  -77.182  11.038 0.4000000060
146015  6.404  -76.720  10.345 0.5000000000
11702  7.153  -76.101  8.740 0.6000000238
12825  7.739  -75.315  8.174 0.6000000238
7717  2.244  -80.137  -3.728 0.2000000030
8694  2.966  -79.400  -3.655 0.1000000015
12946  3.251  -75.834  -0.696 0.1000000015
11831  3.305  -76.381  -1.504 0.1000000015
15221  2.392  -73.838  1.676 0.1000000015
25459  9.245  -63.822  7.712 0.3000000119
27836  11.433  -62.226  8.306 0.1000000015
27844  14.110  -62.092  8.074 0.2000000030
29023  11.909  -60.285  8.171 0.3000000119
151740  12.231  -59.835  7.716 0.3000000119
29053  10.501  -62.011  5.755 0.3000000119
129265  11.757  -60.798  6.702 0.3000000119
146736  15.988  -61.744  6.608 0.2000000030
135800  15.566  -59.573  8.771 0.2000000030
29074  12.591  -61.371  4.759 0.4000000060
32517  16.948  -58.065  7.986 0.1000000015
32543  16.866  -57.842  5.165 0.2000000030
39357  12.372  -52.622  -5.724 0.4000000060
11812  2.315  -76.104  -1.219 0.1000000015
143621  18.070  -87.384  -5.649 0.2000000030
3557  17.613  -86.741  -5.557 0.2000000030
151151  17.128  -91.862  -5.084 0.3000000119
2984  17.051  -87.567  -3.618 0.1000000015
2997  17.378  -87.300  -5.159 0.2000000030
130700  18.927  -87.273  -5.840 0.2000000030
4174  17.550  -86.009  -5.553 0.2000000030
2995  19.651  -88.013  -5.622 0.2000000030
627  18.432  -91.343  -3.842 0.3000000119
134397  17.797  -91.987  -3.721 0.3000000119
637  18.651  -91.254  -4.348 0.3000000119
2996  18.677  -88.146  -5.554 0.2000000030
934  16.937  -90.756  2.661 0.1000000015
959  17.659  -91.444  1.033 0.1000000015
1361  18.110  -90.547  -0.457 0.1000000015
2372  17.661  -88.795  -2.741 0.1000000015
3547  16.749  -85.976  -4.491 0.2000000030
145813  16.900  -92.298  -2.681 0.3000000119
1386  18.590  -91.073  -3.720 0.3000000119
4799  16.990  -84.836  -5.083 0.2000000030
1854  18.742  -90.212  -3.975 0.3000000119
4173  18.267  -85.446  -5.716 0.2000000030
3555  19.197  -86.340  -5.896 0.2000000030
1343  16.478  -91.238  1.968 0.2000000030
952  16.655  -91.409  1.727 0.2000000030
958  18.093  -91.098  1.098 0.1000000015
2361  18.148  -89.100  -0.993 0.1000000015
1816  18.075  -89.882  -1.202 0.1000000015
2973  17.290  -87.976  -2.858 0.1000000015
621  17.669  -91.869  -2.942 0.3000000119
993  18.232  -91.293  -3.244 0.3000000119
4797  18.836  -84.566  -5.726 0.2000000030
2385  17.963  -88.815  -4.330 0.2000000030
5445  18.506  -83.782  -5.484 0.2000000030
2294  17.606  -89.267  4.073 0.2000000030
2309  17.270  -89.180  3.339 0.2000000030
1770  17.781  -89.962  4.273 0.1000000015
1786  17.039  -90.105  3.052 0.2000000030
1797  16.455  -90.361  1.707 0.2000000030
141469  15.995  -91.068  1.109 0.2000000030
138912  17.940  -91.215  0.338 0.1000000015
960  16.291  -91.565  0.961 0.2000000030
1370  17.921  -90.612  -1.444 0.1000000015
2378  17.469  -88.400  -3.590 0.1000000015
1830  17.941  -89.569  -2.683 0.1000000015
985  17.577  -91.488  -2.067 0.3000000119
4788  17.094  -84.029  -4.992 0.2000000030
1387  18.381  -90.826  -3.103 0.2000000030
146782  17.315  -87.914  -4.455 0.2000000030
2333  16.643  -89.188  1.792 0.2000000030
1802  16.326  -90.191  0.727 0.3000000119
1352  15.996  -91.259  0.500 0.2000000030
136245  16.677  -92.094  0.229 0.1000000015
1829  18.005  -90.219  -2.269 0.1000000015
1839  17.953  -89.226  -3.402 0.1000000015
978  17.787  -91.109  -1.722 0.1000000015
135145  15.901  -92.202  -0.794 0.3000000119
1838  18.372  -90.119  -3.222 0.2000000030
144048  5.545  -75.248  -27.492 0.4000000060
4347  3.714  -85.841  -24.722 0.3000000119
2895  17.420  -88.071  3.489 0.2000000030
2907  17.094  -88.157  2.895 0.2000000030
150158  15.841  -92.155  -0.188 0.2000000030
606  16.870  -92.145  -0.647 0.2000000030
979  17.480  -91.623  -1.108 0.1000000015
622  17.016  -92.053  -1.824 0.3000000119
14481  6.631  -74.999  -26.444 0.4000000060
130350  6.765  -75.082  -25.806 0.4000000060
13347  5.924  -76.052  -28.994 0.5000000000
128333  6.444  -75.306  -29.025 0.4000000060
13335  5.438  -75.504  -28.270 0.4000000060
11115  5.649  -77.052  -30.149 0.5000000000
2882  17.903  -88.053  4.166 0.2000000030
15694  7.682  -72.955  -29.360 0.4000000060
13303  7.091  -75.012  -26.593 0.4000000060
14501  6.782  -73.915  -29.358 0.4000000060
14492  7.619  -73.488  -28.465 0.4000000060
13318  6.656  -74.730  -27.263 0.4000000060
14511  9.712  -74.179  -29.809 0.3000000119
13364  8.201  -74.881  -30.542 0.4000000060
153839  7.267  -77.650  -30.048 0.4000000060
5694  4.628  -82.968  -28.498 0.3000000119
19020  11.937  -70.642  -27.170 0.3000000119
17936  9.836  -71.176  -27.963 0.4000000060
16848  9.402  -71.783  -28.394 0.4000000060
17948  10.998  -71.314  -28.300 0.3000000119
16847  10.564  -71.962  -28.607 0.4000000060
15693  8.645  -72.969  -29.459 0.4000000060
15692  9.954  -73.393  -29.420 0.4000000060
6403  4.862  -82.489  -28.959 0.2000000030
19004  13.606  -70.235  -26.858 0.3000000119
12238  8.300  -76.226  -30.562 0.4000000060
19005  12.457  -70.250  -26.601 0.3000000119
11112  8.902  -77.135  -30.026 0.4000000060
21162  12.363  -68.875  -24.690 0.3000000119
19019  13.188  -70.744  -27.351 0.3000000119
21161  12.933  -68.903  -25.137 0.3000000119
20051  14.671  -69.249  -26.132 0.3000000119
135736  12.319  -69.210  -24.350 0.3000000119
17947  12.525  -71.957  -28.519 0.3000000119
21144  12.916  -68.187  -24.631 0.3000000119
21145  12.113  -68.069  -24.170 0.3000000119
23516  16.798  -66.301  -24.027 0.3000000119
22290  15.583  -67.926  -24.934 0.3000000119
22276  14.282  -68.026  -24.846 0.3000000119
22277  12.526  -67.526  -24.048 0.3000000119
150302  12.194  -67.727  -23.856 0.3000000119
21159  15.059  -68.594  -25.505 0.3000000119
20021  12.183  -68.528  -23.814 0.4000000060
23498  16.216  -65.779  -23.460 0.3000000119
23499  15.134  -65.976  -23.387 0.3000000119
23519  13.193  -66.844  -23.740 0.3000000119
22250  12.323  -67.509  -23.332 0.3000000119
22249  12.379  -67.770  -22.519 0.3000000119
24672  13.702  -65.570  -22.869 0.2000000030
23479  12.961  -65.798  -22.609 0.3000000119
24658  12.914  -65.230  -22.092 0.2000000030
5843  1.530  -81.401  21.656 0.1000000015
7389  1.423  -80.393  21.596 0.1000000015
24560  7.612  -64.906  -15.023 0.3000000119
24541  8.117  -65.621  -14.760 0.3000000119
24542  7.721  -64.908  -14.178 0.3000000119
13976  7.550  -74.869  6.042 0.5000000000
12826  6.793  -75.124  8.488 0.5000000000
13957  7.757  -74.176  7.276 0.5000000000
15125  7.230  -73.772  7.057 0.5000000000
150915  6.323  -72.912  7.147 0.5000000000
28115  0.918  -62.947  -10.190 0.3000000119
13929  1.495  -73.619  9.761 0.4000000060
13927  3.215  -74.506  9.077 0.4000000060
150770  4.573  -74.473  8.603 0.5000000000
15112  6.673  -73.503  7.992 0.5000000000
17467  2.125  -71.457  10.528 0.3000000119
17452  1.677  -72.269  11.062 0.4000000060
15116  2.433  -73.191  8.631 0.4000000060
13945  3.801  -74.150  8.601 0.4000000060
133341  6.018  -73.335  8.345 0.5000000000
16298  1.789  -72.447  11.907 0.3000000119
15115  3.627  -73.080  8.438 0.5000000000
15114  4.879  -72.485  8.139 0.5000000000
15127  6.169  -72.881  7.705 0.5000000000
16357  5.516  -72.371  7.617 0.5000000000
18535  2.155  -70.450  9.944 0.4000000060
17468  1.963  -71.768  10.306 0.4000000060
19603  2.341  -69.704  10.011 0.5000000000
17498  1.857  -71.111  9.255 0.5000000000
26936  0.475  -63.264  -9.004 0.3000000119
28113  2.517  -62.041  -9.675 0.3000000119
29295  3.844  -60.850  -9.662 0.3000000119
28112  3.383  -61.660  -9.449 0.3000000119
149495  4.045  -70.363  10.373 0.4000000060
19617  3.754  -69.089  9.925 0.5000000000
19619  2.210  -69.268  9.623 0.5000000000
20684  3.190  -68.298  9.671 0.5000000000
21789  2.553  -67.952  9.127 0.5000000000
30442  4.067  -60.192  -10.593 0.3000000119
31616  5.620  -59.403  -10.305 0.3000000119
30422  5.148  -60.128  -9.920 0.3000000119
29294  4.804  -60.803  -9.504 0.3000000119
31615  6.359  -59.415  -9.930 0.3000000119
30421  5.912  -60.058  -9.894 0.3000000119
20683  4.371  -68.491  9.520 0.5000000000
21787  3.833  -67.667  9.344 0.5000000000
21808  4.484  -67.008  9.003 0.5000000000
22991  3.374  -66.879  9.072 0.5000000000
19703  0.707  -69.405  1.950 0.2000000030
23010  5.189  -66.323  8.606 0.5000000000
143862  3.898  -66.192  4.267 0.2000000030
23074  2.275  -65.654  3.587 0.2000000030
25540  3.999  -64.161  3.790 0.2000000030
149441  6.965  -63.796  -8.048 0.3000000119
153402  7.763  -63.842  -8.021 0.3000000119
25670  6.372  -64.254  -7.335 0.3000000119
28108  8.487  -62.694  -9.074 0.3000000119
26925  7.777  -63.835  -6.972 0.3000000119
25666  5.969  -64.322  -6.822 0.3000000119
29260  4.190  -62.040  -6.455 0.3000000119
26912  7.247  -63.553  -6.607 0.3000000119
28068  6.718  -63.221  -6.310 0.3000000119
138501  6.047  -62.639  -6.235 0.3000000119
29168  19.432  -61.819  -2.230 0.5000000000
26924  8.512  -63.510  -7.089 0.3000000119
28067  7.612  -63.051  -6.355 0.3000000119
29258  6.865  -62.303  -6.420 0.3000000119
143035  7.937  -61.230  -6.632 0.3000000119
139558  4.709  -61.067  -6.547 0.3000000119
30385  4.055  -60.065  -6.593 0.3000000119
139547  7.065  -61.091  -6.604 0.3000000119
30383  6.254  -60.232  -6.479 0.3000000119
147492  4.571  -59.473  -6.545 0.3000000119
30382  7.745  -60.422  -6.610 0.3000000119
31581  6.660  -59.403  -6.499 0.3000000119
31582  5.549  -59.289  -6.499 0.4000000060
32768  7.250  -58.621  -6.489 0.4000000060
132505  4.535  -57.646  -6.613 0.4000000060
136679  5.651  -57.683  -6.615 0.4000000060
43659  19.725  -48.979  -0.000 0.1000000015
44811  19.328  -48.200  0.658 0.1000000015
44790  19.852  -47.313  1.309 0.1000000015
25846  14.403  -63.549  -21.787 0.2000000030
148358  3.319  -65.613  4.061 0.2000000030
43658  20.709  -48.923  0.009 0.1000000015
29185  20.424  -60.773  -2.869 0.4000000060
136475  4.498  -58.676  -6.537 0.5000000000
133741  2.197  -71.834  8.674 0.5000000000
16339  3.964  -72.057  7.964 0.5000000000
639  17.263  -92.348  -4.077 0.4000000060
13331  8.359  -75.081  -27.379 0.4000000060
13942  7.314  -74.260  7.963 0.5000000000
13334  5.660  -74.814  -27.905 0.4000000060
12256  6.944  -76.461  -30.289 0.5000000000
13365  6.843  -75.024  -29.659 0.4000000060
13345  6.595  -73.941  -28.719 0.4000000060
14512  8.366  -73.755  -29.937 0.4000000060
132372  14.943  -67.341  -24.341 0.3000000119
13943  6.441  -74.110  8.392 0.5000000000
16326  1.606  -72.559  9.730 0.4000000060
16341  1.810  -72.665  8.964 0.4000000060
139546  5.932  -61.370  -6.421 0.3000000119
150006  7.056  -60.120  -6.585 0.3000000119
1474  3.067  -90.531  -12.852 0.3000000119
1951  1.995  -90.312  -13.951 0.2000000030
60  1.476  -94.949  -3.481 0.3000000119
50  0.867  -94.817  -2.723 0.3000000119
152913  1.970  -90.915  -13.179 0.2000000030
1952  0.925  -89.206  -14.341 0.2000000030
187  4.062  -94.222  -7.268 0.3000000119
384  2.724  -93.409  -7.897 0.2000000030
132911  2.661  -93.061  -8.656 0.2000000030
396  1.872  -92.633  -8.666 0.2000000030
386  1.244  -92.459  -7.714 0.2000000030
168  1.017  -93.726  -5.372 0.2000000030
667  1.247  -92.731  -6.447 0.2000000030
128637  0.750  -93.822  -4.749 0.2000000030
356  0.522  -93.749  -4.201 0.2000000030
144  -0.454  -94.067  -1.812 0.3000000119
1475  1.267  -90.643  -12.783 0.2000000030
657  1.609  -92.912  -5.466 0.2000000030
350  0.231  -93.568  -3.546 0.2000000030
673  1.075  -92.675  -7.177 0.2000000030
1920  0.889  -89.640  -11.535 0.2000000030
2495  0.675  -87.827  -13.177 0.2000000030
143239  0.790  -88.764  -13.662 0.2000000030
18  -0.071  -95.099  1.353 0.3000000119
3737  4.435  -86.694  -23.541 0.2000000030
132763  12.787  -80.341  -21.955 0.5000000000
131675  13.873  -80.727  -22.939 0.5000000000
8023  15.809  -80.902  -24.934 0.5000000000
135597  14.244  -81.197  -25.476 0.5000000000
133985  13.735  -81.130  -24.674 0.5000000000
8025  14.267  -80.921  -23.878 0.5000000000
140360  16.241  -80.726  -24.035 0.4000000060
8044  16.611  -80.789  -25.624 0.4000000060
8021  17.579  -80.347  -24.453 0.4000000060
8977  18.391  -78.972  -24.313 0.2000000030
8929  13.395  -79.315  -20.607 0.4000000060
9896  13.691  -78.600  -20.539 0.3000000119
8946  12.556  -79.339  -20.508 0.5000000000
8928  14.241  -79.457  -20.672 0.4000000060
7931  13.934  -79.887  -20.807 0.5000000000
7956  13.164  -79.983  -21.147 0.5000000000
7954  14.965  -80.463  -21.426 0.5000000000
7978  14.431  -80.665  -22.088 0.5000000000
8001  14.822  -80.706  -23.066 0.5000000000
8000  15.777  -80.693  -23.174 0.5000000000
138816  15.264  -80.819  -23.988 0.5000000000
149889  17.643  -79.957  -26.187 0.4000000060
7975  17.333  -80.485  -22.457 0.4000000060
143646  17.022  -80.641  -24.020 0.5000000000
8992  18.016  -79.425  -25.671 0.2000000030
8043  17.544  -80.354  -25.445 0.2000000030
8991  18.355  -78.684  -25.093 0.2000000030
9943  18.528  -78.086  -24.519 0.1000000015
9953  18.651  -77.840  -25.208 0.2000000030
136083  19.690  -77.507  -24.868 0.1000000015
11029  20.200  -77.688  -25.645 0.1000000015
136599  20.719  -77.735  -24.953 0.1000000015
148534  21.170  -77.692  -24.243 0.1000000015
12811  4.464  -75.469  9.590 0.4000000060
13926  4.912  -75.066  8.838 0.4000000060
10930  13.110  -77.849  -20.722 0.3000000119
9910  14.557  -78.404  -20.979 0.3000000119
9895  14.781  -78.984  -20.668 0.3000000119
7929  15.457  -80.185  -20.940 0.5000000000
8926  15.976  -79.743  -20.723 0.3000000119
7953  15.850  -80.544  -21.511 0.5000000000
148266  16.610  -79.851  -20.756 0.4000000060
7952  17.525  -80.206  -21.527 0.4000000060
9892  17.388  -78.965  -20.249 0.3000000119
9921  18.687  -78.523  -22.345 0.1000000015
7997  18.068  -79.874  -23.960 0.3000000119
9967  18.463  -77.836  -26.218 0.2000000030
10968  19.152  -77.296  -22.512 0.1000000015
10990  18.782  -77.679  -23.125 0.1000000015
11051  19.752  -77.518  -26.988 0.2000000030
11052  18.830  -77.496  -26.757 0.2000000030
138042  19.543  -77.578  -26.189 0.2000000030
10967  19.625  -77.120  -22.734 0.1000000015
10989  19.118  -77.261  -23.395 0.1000000015
11010  18.824  -77.555  -24.157 0.1000000015
12250  20.812  -75.305  -30.735 0.1000000015
131674  20.123  -77.420  -24.233 0.1000000015
11028  21.280  -77.835  -25.752 0.1000000015
11009  21.756  -77.974  -24.949 0.1000000015
10986  22.162  -77.890  -24.158 0.1000000015
13400  23.596  -75.244  -32.494 0.1000000015
13409  22.929  -75.815  -32.879 0.1000000015
13401  22.422  -75.321  -32.226 0.1000000015
11027  22.335  -77.880  -25.704 0.1000000015
11026  23.285  -77.776  -25.554 0.1000000015
150063  24.251  -77.712  -24.660 0.1000000015
10985  23.108  -77.890  -24.060 0.1000000015
11006  24.787  -77.759  -24.193 0.1000000015
14533  24.464  -74.661  -31.698 0.1000000015
10973  12.686  -77.388  -22.451 0.2000000030
10974  11.848  -77.281  -21.827 0.4000000060
149109  14.873  -77.807  -21.673 0.3000000119
152671  13.297  -77.677  -21.249 0.3000000119
9893  16.698  -78.435  -20.071 0.3000000119
141930  18.516  -79.222  -20.997 0.1000000015
8924  18.064  -79.352  -20.600 0.3000000119
9908  18.743  -78.448  -21.414 0.1000000015
146626  18.013  -78.689  -20.162 0.3000000119
9891  18.488  -78.567  -20.568 0.2000000030
10947  19.573  -76.903  -21.787 0.1000000015
11050  20.653  -77.671  -26.612 0.1000000015
146159  20.808  -76.927  -28.899 0.1000000015
11073  20.428  -77.424  -27.583 0.1000000015
11072  21.417  -77.515  -27.444 0.1000000015
10946  20.507  -77.038  -22.122 0.1000000015
152294  20.592  -77.440  -23.690 0.1000000015
12249  21.377  -75.839  -30.177 0.1000000015
12230  21.046  -76.468  -29.501 0.1000000015
12207  21.549  -77.019  -28.934 0.1000000015
12206  22.418  -77.042  -28.945 0.1000000015
11071  22.414  -77.457  -27.387 0.1000000015
11049  21.867  -77.692  -26.577 0.1000000015
10965  22.074  -77.456  -22.693 0.1000000015
137546  22.563  -77.672  -23.378 0.1000000015
13390  22.082  -75.215  -31.533 0.1000000015
13379  21.727  -75.344  -30.840 0.1000000015
11093  22.855  -77.296  -28.185 0.1000000015
11069  24.238  -77.413  -27.604 0.1000000015
11047  23.802  -77.457  -26.865 0.1000000015
137575  23.912  -77.582  -26.131 0.1000000015
143088  24.707  -77.524  -25.828 0.1000000015
131132  23.984  -77.811  -24.026 0.1000000015
13389  22.875  -74.927  -31.701 0.1000000015
11045  25.401  -77.438  -26.378 0.1000000015
11024  25.499  -77.520  -25.459 0.1000000015
146285  25.545  -77.564  -23.599 0.1000000015
14523  24.835  -74.468  -31.295 0.1000000015
11004  26.794  -77.421  -24.372 0.1000000015
10982  27.337  -77.323  -23.731 0.1000000015
10975  11.197  -77.427  -22.593 0.3000000119
139018  14.349  -77.649  -22.149 0.2000000030
9909  15.293  -78.338  -20.906 0.3000000119
9877  17.536  -78.241  -19.813 0.3000000119
145954  18.226  -77.386  -19.582 0.2000000030
10927  18.846  -77.539  -20.535 0.2000000030
10945  21.626  -77.218  -21.992 0.1000000015
12248  22.284  -75.795  -30.242 0.1000000015
12229  21.917  -76.493  -29.588 0.1000000015
12228  22.812  -76.438  -29.608 0.1000000015
12115  20.326  -76.667  -21.243 0.1000000015
136308  23.552  -77.669  -23.173 0.1000000015
13378  22.721  -75.144  -30.966 0.1000000015
145116  23.390  -77.051  -28.935 0.1000000015
11092  24.205  -77.243  -28.570 0.1000000015
11046  24.542  -77.466  -26.681 0.1000000015
11023  27.013  -77.317  -25.206 0.1000000015
12247  23.182  -75.700  -30.265 0.1000000015
13359  24.034  -75.654  -30.275 0.1000000015
143696  23.673  -76.405  -29.679 0.1000000015
14525  23.380  -74.835  -31.367 0.1000000015
12226  25.230  -76.154  -29.558 0.1000000015
19616  4.927  -69.301  9.758 0.4000000060
11054  12.231  -77.859  -26.626 0.2000000030
11078  10.703  -77.639  -27.594 0.3000000119
149012  10.430  -77.478  -28.383 0.3000000119
9996  8.071  -78.476  -28.536 0.3000000119
148297  5.802  -67.757  8.756 0.4000000060
20682  5.486  -68.783  9.291 0.3000000119
21786  5.104  -67.900  9.100 0.4000000060
20704  6.912  -68.592  8.482 0.3000000119
20703  7.824  -68.712  8.261 0.2000000030
13363  9.480  -75.082  -30.196 0.3000000119
21805  9.079  -67.819  8.039 0.1000000015
23032  8.531  -66.248  7.583 0.2000000030
23007  10.103  -66.594  8.053 0.1000000015
24253  9.872  -64.680  7.673 0.2000000030
22112  -0.071  -66.643  -13.231 0.1000000015
134303  0.699  -65.755  -13.847 0.2000000030
16589  -0.277  -72.193  -11.217 0.1000000015
18774  0.707  -70.496  -8.821 0.3000000119
129503  -0.084  -72.158  -10.290 0.1000000015
19848  -0.051  -69.135  -9.840 0.1000000015
17700  -0.378  -71.594  -11.514 0.1000000015
20943  -0.293  -67.759  -12.227 0.1000000015
140732  -0.155  -74.656  -6.491 0.1000000015
15379  -0.338  -73.209  -7.470 0.1000000015
14160  -0.700  -75.119  -5.244 0.1000000015
146364  -0.821  -74.425  -5.257 0.2000000030
16488  0.866  -72.768  -0.942 0.1000000015
15257  -0.718  -73.011  -1.716 0.1000000015
17581  2.229  -71.508  -0.276 0.1000000015
17594  -0.354  -71.669  -1.339 0.1000000015
29136  14.225  -60.891  0.722 0.2000000030
18675  0.381  -70.541  -0.452 0.1000000015
19738  -1.056  -69.379  -1.091 0.3000000119
20795  1.118  -68.268  0.386 0.1000000015
19736  0.184  -69.580  -0.208 0.2000000030
20794  2.407  -68.509  0.579 0.1000000015
20807  0.008  -68.738  0.127 0.1000000015
19737  -0.678  -69.019  -0.534 0.2000000030
21961  -0.923  -67.407  -0.300 0.2000000030
133139  2.761  -66.023  1.118 0.1000000015
21950  0.675  -67.466  0.550 0.1000000015
130480  3.120  -65.210  1.196 0.1000000015
23150  1.576  -66.672  0.799 0.2000000030
20796  -0.048  -68.022  0.273 0.1000000015
33730  19.811  -56.832  4.282 0.1000000015
34889  18.831  -55.525  4.455 0.2000000030
34904  18.631  -55.346  4.145 0.2000000030
142304  6.282  -64.052  1.118 0.1000000015
139010  4.464  -63.757  0.983 0.1000000015
25580  2.771  -64.497  1.099 0.2000000030
132917  5.212  -63.265  0.647 0.1000000015
139416  3.363  -63.777  0.985 0.1000000015
135952  1.634  -64.459  1.021 0.2000000030
32540  21.311  -58.252  4.349 0.1000000015
33742  20.066  -55.888  3.712 0.1000000015
131002  20.605  -55.389  3.219 0.1000000015
27982  5.405  -62.039  -0.163 0.1000000015
30284  2.792  -60.179  0.506 0.2000000030
34868  23.822  -56.554  7.507 0.1000000015
141488  23.572  -55.990  7.134 0.1000000015
32513  23.845  -58.748  6.080 0.1000000015
152547  23.759  -58.183  6.052 0.1000000015
33701  23.757  -57.557  6.061 0.1000000015
34877  23.671  -56.788  5.672 0.1000000015
32527  23.396  -58.352  5.511 0.1000000015
33712  23.367  -57.520  5.159 0.1000000015
33727  23.055  -57.380  4.395 0.1000000015
34886  23.446  -56.655  4.697 0.1000000015
32546  21.808  -57.420  3.876 0.1000000015
34901  22.644  -56.293  3.607 0.1000000015
34900  23.363  -56.131  3.915 0.1000000015
34902  21.690  -55.547  3.182 0.1000000015
35998  22.172  -55.287  2.937 0.1000000015
36012  21.307  -55.553  2.117 0.1000000015
36005  22.091  -55.127  2.446 0.2000000030
30322  6.516  -60.201  -1.897 0.1000000015
29173  6.263  -61.634  -1.267 0.1000000015
30282  4.626  -60.436  -0.668 0.2000000030
37089  23.367  -54.749  6.892 0.1000000015
133626  23.805  -56.099  5.273 0.1000000015
129530  23.925  -55.013  6.170 0.1000000015
35997  23.530  -55.326  3.726 0.1000000015
37111  22.806  -54.866  3.008 0.2000000030
37109  24.168  -54.166  3.781 0.2000000030
31460  4.607  -59.051  -0.372 0.3000000119
138052  4.387  -59.753  -0.468 0.2000000030
37100  24.225  -54.397  5.610 0.1000000015
31479  5.188  -59.916  -0.995 0.2000000030
139373  5.479  -58.984  -0.885 0.2000000030
32667  5.685  -58.073  -0.700 0.1000000015
32767  8.248  -59.035  -6.637 0.3000000119
33903  8.662  -57.521  -6.746 0.3000000119
33904  7.269  -57.627  -6.563 0.3000000119
139208  7.323  -56.785  -6.774 0.4000000060
33921  10.310  -57.274  -7.208 0.3000000119
33902  9.484  -57.484  -6.923 0.3000000119
146137  11.008  -57.088  -7.425 0.3000000119
35051  10.560  -56.345  -7.456 0.3000000119
39379  8.935  -52.370  -7.963 0.3000000119
37195  10.516  -54.320  -2.980 0.2000000030
194  4.588  -94.048  -8.022 0.2000000030
704  1.265  -91.852  -9.899 0.2000000030
385  1.447  -92.775  -8.056 0.2000000030
188  1.916  -93.636  -6.935 0.3000000119
178  1.431  -93.500  -6.187 0.3000000119
17679  0.166  -72.159  -8.747 0.1000000015
16527  -1.146  -72.953  -2.980 0.2000000030
23151  0.104  -66.721  0.558 0.2000000030
31461  3.646  -59.104  0.312 0.3000000119
34927  20.535  -56.011  2.295 0.1000000015
37117  22.701  -54.566  2.199 0.2000000030
141410  21.908  -55.261  1.864 0.2000000030
38200  24.293  -53.492  3.700 0.1000000015
141412  8.977  -56.891  -6.858 0.3000000119
29155  3.334  -60.757  0.303 0.2000000030
27983  4.588  -61.793  0.074 0.1000000015
11014  10.482  -77.635  -25.033 0.2000000030
136733  10.314  -77.661  -25.985 0.2000000030
11077  11.628  -77.646  -27.379 0.3000000119
11080  8.876  -77.789  -28.871 0.3000000119
20915  -0.107  -68.653  -10.539 0.1000000015
24369  1.719  -65.821  0.922 0.2000000030
33905  6.246  -56.936  -6.755 0.4000000060
27960  14.779  -61.742  1.198 0.1000000015
32666  6.331  -57.847  -1.260 0.1000000015
38302  15.140  -53.835  -5.274 0.1000000015
133900  14.493  -53.983  -5.038 0.1000000015
147788  14.366  -53.602  -5.339 0.2000000030
27961  5.723  -62.749  0.234 0.1000000015
13410  22.071  -76.120  -32.763 0.1000000015
11095  21.077  -77.292  -28.271 0.1000000015
11684  5.957  -76.194  9.870 0.4000000060
21806  7.283  -67.996  8.184 0.2000000030
34903  19.310  -55.447  3.875 0.1000000015
153771  19.910  -55.545  3.429 0.1000000015
34915  19.987  -55.505  3.242 0.1000000015
140260  15.578  -53.109  -5.741 0.2000000030
36136  11.213  -55.816  -7.742 0.3000000119
11676  5.758  -76.460  10.665 0.4000000060
12810  5.400  -75.648  9.325 0.4000000060
31580  7.555  -59.578  -6.568 0.3000000119
137387  8.102  -58.123  -6.604 0.3000000119
1051  1.231  -91.335  -8.250 0.2000000030
8024  14.735  -81.050  -24.753 0.5000000000
9930  18.542  -78.171  -23.823 0.2000000030
7977  15.354  -80.668  -22.252 0.5000000000
8956  18.460  -79.341  -22.612 0.2000000030
7951  18.106  -79.974  -22.059 0.2000000030
11008  22.717  -77.966  -24.863 0.1000000015
12799  5.204  -75.911  10.188 0.4000000060
10987  21.494  -77.564  -23.411 0.1000000015
10948  18.990  -77.412  -21.526 0.1000000015
133204  0.101  -71.010  -10.003 0.1000000015
18785  -0.102  -70.168  -10.242 0.1000000015
128968  -0.272  -69.286  -11.174 0.1000000015
17582  1.098  -71.384  -0.468 0.1000000015
16487  2.049  -72.777  -1.045 0.1000000015
16471  0.477  -72.000  -0.789 0.1000000015
15256  0.198  -73.331  -1.359 0.1000000015
18674  1.696  -70.753  -0.117 0.1000000015
19729  1.495  -69.204  0.112 0.1000000015
21949  2.019  -67.647  0.701 0.2000000030
23134  3.779  -66.523  1.289 0.1000000015
34888  19.359  -55.715  4.300 0.1000000015
33729  20.756  -57.184  3.948 0.1000000015
135841  6.868  -63.729  0.670 0.1000000015
26822  6.387  -62.998  0.252 0.1000000015
137578  6.069  -64.713  1.418 0.1000000015
25578  4.796  -64.506  1.254 0.1000000015
144246  22.536  -57.703  4.240 0.1000000015
32538  22.938  -58.095  4.704 0.1000000015
33741  21.104  -56.092  3.572 0.1000000015
36000  20.795  -55.301  2.855 0.1000000015
29153  5.028  -61.277  -0.634 0.2000000030
27997  6.885  -62.515  -1.042 0.1000000015
35974  23.391  -55.850  7.958 0.1000000015
34872  23.797  -56.690  6.605 0.1000000015
134627  23.782  -55.936  6.148 0.1000000015
33728  22.564  -57.096  3.887 0.1000000015
139132  22.786  -55.561  3.319 0.1000000015
35991  23.799  -55.736  4.534 0.1000000015
35999  21.106  -55.223  2.996 0.1000000015
37110  23.648  -54.543  3.445 0.2000000030
29192  6.707  -61.006  -1.953 0.1000000015
30301  5.902  -60.601  -1.488 0.1000000015
30302  5.268  -60.706  -1.044 0.2000000030
134029  23.571  -55.429  6.797 0.1000000015
35986  24.128  -55.240  5.289 0.1000000015
37104  24.133  -54.818  4.302 0.1000000015
32766  9.103  -58.429  -6.784 0.3000000119
735  6.298  -92.548  -15.521 0.2000000030
1110  6.661  -92.109  -15.950 0.2000000030
736  5.409  -92.468  -15.449 0.2000000030
2591  4.713  -86.946  -25.607 0.1000000015
149411  4.510  -87.021  -25.171 0.1000000015
2571  4.846  -88.549  -22.085 0.1000000015
2020  4.976  -89.056  -23.245 0.1000000015
3169  5.014  -87.514  -23.726 0.1000000015
899  15.826  -91.300  9.837 0.1000000015
891  15.783  -91.530  10.530 0.1000000015
2557  1.509  -88.045  -20.988 0.1000000015
3161  3.804  -88.135  -21.220 0.1000000015
3166  5.017  -87.884  -21.785 0.1000000015
2577  5.181  -88.278  -24.040 0.1000000015
855  17.716  -91.136  11.950 0.1000000015
1671  17.959  -90.222  12.234 0.1000000015
524  16.268  -91.325  11.460 0.1000000015
882  15.239  -91.516  11.129 0.1000000015
147023  -0.665  -93.880  -1.274 0.2000000030
134  -0.986  -94.383  0.654 0.2000000030
326  -1.289  -93.557  1.799 0.2000000030
155079  -1.315  -92.985  2.023 0.2000000030
957  -0.358  -92.258  2.336 0.1000000015
10473  4.446  -77.283  12.912 0.2000000030
12801  3.648  -75.405  10.280 0.3000000119
12787  2.094  -75.115  11.398 0.2000000030
12785  4.197  -75.866  11.095 0.2000000030
11665  4.710  -76.389  11.689 0.2000000030
12786  3.280  -75.415  11.270 0.2000000030
11650  2.318  -75.946  12.812 0.2000000030
140892  0.797  -75.839  13.727 0.2000000030
10458  3.616  -77.420  13.572 0.2000000030
13903  1.481  -74.378  10.822 0.3000000119
11637  2.921  -76.629  13.257 0.2000000030
13921  0.873  -73.431  10.929 0.2000000030
13919  1.851  -74.345  9.981 0.3000000119
148040  3.662  -75.049  9.499 0.3000000119
16284  1.021  -73.165  11.777 0.2000000030
138346  0.468  -75.414  14.197 0.2000000030
12772  1.598  -75.295  12.251 0.2000000030
12757  1.157  -75.579  13.043 0.2000000030
15087  1.132  -73.124  10.383 0.3000000119
16270  1.709  -72.629  13.237 0.2000000030
13874  0.192  -74.573  13.101 0.2000000030
140720  0.492  -74.094  12.654 0.2000000030
15071  0.661  -73.586  11.308 0.2000000030
13904  1.007  -74.503  11.626 0.2000000030
18533  4.839  -70.903  10.453 0.2000000030
17465  4.289  -71.661  10.884 0.2000000030
17451  2.317  -72.114  11.377 0.2000000030
18555  5.619  -70.235  9.929 0.2000000030
135893  3.668  -70.830  10.546 0.3000000119
18554  6.588  -70.064  9.463 0.1000000015
27862  15.665  -62.436  6.295 0.1000000015
29019  15.901  -60.755  7.758 0.1000000015
128245  17.868  -62.008  6.076 0.1000000015
25748  8.093  -64.511  -13.251 0.2000000030
148809  16.553  -58.521  9.043 0.1000000015
26964  5.464  -63.676  -12.165 0.2000000030
144195  6.053  -63.344  -13.660 0.2000000030
27001  6.165  -63.042  -15.191 0.2000000030
26988  6.716  -63.670  -13.942 0.2000000030
25771  7.321  -63.977  -15.208 0.2000000030
30489  6.433  -60.331  -13.626 0.2000000030
30500  6.773  -60.735  -14.377 0.2000000030
29350  5.356  -61.760  -13.693 0.2000000030
26977  4.906  -63.157  -12.907 0.2000000030
30498  7.838  -60.728  -14.609 0.2000000030
140433  6.452  -61.387  -14.743 0.2000000030
28160  5.723  -62.796  -14.611 0.2000000030
26990  5.314  -63.021  -13.849 0.2000000030
30516  7.082  -61.154  -15.030 0.2000000030
28179  6.210  -62.555  -15.264 0.2000000030
30515  7.707  -60.965  -15.340 0.2000000030
29364  7.398  -61.478  -15.746 0.2000000030
27018  6.874  -62.837  -15.676 0.2000000030
28145  4.174  -62.336  -12.515 0.2000000030
141791  8.575  -60.112  -13.044 0.2000000030
132992  7.914  -59.668  -13.216 0.2000000030
29341  8.200  -60.839  -14.104 0.2000000030
31677  10.109  -59.070  -13.009 0.2000000030
135883  9.397  -58.725  -12.930 0.2000000030
32866  8.320  -58.093  -12.641 0.2000000030
32850  7.734  -57.665  -12.201 0.2000000030
32863  11.291  -58.404  -13.731 0.2000000030
32867  7.856  -58.774  -12.704 0.2000000030
31665  6.562  -59.094  -12.115 0.2000000030
31667  4.609  -60.147  -11.719 0.2000000030
31662  10.160  -60.093  -12.868 0.2000000030
31663  9.339  -59.685  -12.874 0.2000000030
31679  6.834  -59.644  -13.016 0.2000000030
29335  4.153  -61.682  -12.422 0.2000000030
31678  7.364  -59.596  -13.133 0.2000000030
34006  10.929  -57.502  -13.791 0.2000000030
34007  9.305  -56.925  -12.903 0.2000000030
135618  12.966  -58.460  -13.911 0.2000000030
34008  8.450  -57.156  -12.515 0.2000000030
130141  5.998  -59.469  -11.703 0.2000000030
32851  6.865  -57.937  -11.613 0.2000000030
30443  3.395  -60.830  -10.784 0.2000000030
28126  1.810  -62.812  -10.685 0.2000000030
32877  11.711  -57.695  -14.249 0.2000000030
134894  9.792  -56.015  -12.806 0.2000000030
33999  8.058  -56.587  -11.945 0.2000000030
32826  5.961  -58.927  -10.756 0.2000000030
31653  4.648  -59.705  -11.069 0.2000000030
152315  12.226  -56.077  -14.402 0.2000000030
35132  10.390  -55.322  -13.077 0.2000000030
35122  9.383  -55.444  -12.298 0.2000000030
33963  7.518  -56.828  -10.821 0.2000000030
32825  7.136  -57.806  -10.432 0.2000000030
35139  12.861  -56.329  -14.642 0.2000000030
35140  11.794  -55.983  -14.188 0.2000000030
33998  8.704  -56.175  -12.425 0.2000000030
139850  8.326  -55.912  -11.580 0.2000000030
36234  11.659  -55.335  -13.857 0.2000000030
36225  10.270  -54.891  -12.690 0.2000000030
138062  8.660  -55.556  -11.242 0.2000000030
28110  5.610  -61.825  -9.315 0.2000000030
36201  9.324  -55.192  -11.671 0.2000000030
145261  8.031  -56.719  -10.563 0.2000000030
30440  8.112  -59.740  -10.093 0.2000000030
144670  6.681  -61.815  -9.394 0.2000000030
33961  9.061  -57.274  -10.610 0.2000000030
146288  9.157  -58.339  -10.462 0.2000000030
35115  9.183  -55.535  -11.185 0.2000000030
133066  7.914  -60.834  -9.764 0.2000000030
33960  10.254  -57.561  -10.770 0.2000000030
30439  9.346  -60.072  -10.015 0.2000000030
30419  8.979  -60.990  -9.799 0.2000000030
33987  11.575  -56.912  -11.293 0.2000000030
30438  10.398  -60.272  -10.036 0.2000000030
29290  9.693  -62.063  -9.405 0.2000000030
28090  9.246  -63.215  -8.617 0.2000000030
32823  10.007  -58.415  -10.509 0.2000000030
29289  10.670  -61.899  -9.317 0.2000000030
26923  9.164  -63.511  -7.824 0.2000000030
31633  10.718  -59.436  -10.363 0.2000000030
30437  11.363  -60.345  -10.003 0.2000000030
28089  9.803  -62.977  -8.375 0.2000000030
31632  11.703  -59.525  -10.328 0.2000000030
28105  11.033  -62.157  -8.791 0.2000000030
30436  12.262  -60.303  -9.893 0.2000000030
30417  11.028  -61.150  -9.659 0.2000000030
28079  9.818  -62.847  -7.795 0.2000000030
29256  9.132  -62.447  -6.888 0.2000000030
28088  10.442  -62.447  -8.299 0.2000000030
131869  10.552  -62.193  -7.705 0.2000000030
30414  13.096  -60.201  -9.753 0.2000000030
29282  11.604  -61.668  -8.710 0.2000000030
130885  11.208  -61.552  -7.630 0.2000000030
149663  8.577  -61.866  -6.709 0.2000000030
30381  8.520  -60.839  -6.671 0.2000000030
29255  9.409  -61.411  -6.864 0.2000000030
30406  12.596  -60.817  -8.795 0.2000000030
30397  11.789  -60.917  -7.710 0.2000000030
142850  9.098  -60.385  -6.736 0.2000000030
31579  8.369  -59.932  -6.641 0.2000000030
31608  13.145  -60.299  -8.290 0.2000000030
128458  12.373  -60.450  -7.802 0.2000000030
129057  11.053  -60.733  -7.224 0.2000000030
31578  9.121  -59.523  -6.745 0.2000000030
31597  10.805  -59.673  -7.226 0.2000000030
144819  10.666  -58.771  -7.213 0.2000000030
32784  10.110  -58.167  -7.021 0.2000000030
32783  11.007  -57.976  -7.376 0.2000000030
37276  12.005  -54.200  -8.131 0.2000000030
38362  10.611  -53.485  -8.201 0.2000000030
136634  13.905  -52.927  -8.667 0.2000000030
39404  12.401  -52.089  -8.790 0.2000000030
140271  15.983  -51.843  -8.669 0.2000000030
40418  14.116  -51.505  -8.894 0.2000000030
40420  11.970  -51.285  -8.945 0.2000000030
40422  10.030  -51.108  -8.547 0.2000000030
142893  14.359  -50.937  -9.017 0.2000000030
40419  12.969  -51.543  -9.025 0.2000000030
40415  16.701  -51.403  -8.574 0.1000000015
41526  11.957  -49.324  -9.244 0.2000000030
41501  14.965  -50.584  -8.927 0.2000000030
41524  13.376  -50.078  -9.388 0.2000000030
42659  14.376  -48.913  -9.629 0.2000000030
42660  13.272  -49.352  -9.618 0.1000000015
42642  15.840  -49.248  -9.007 0.2000000030
132077  13.741  -48.806  -9.862 0.1000000015
43782  12.460  -48.662  -9.525 0.1000000015
44933  15.078  -47.597  -9.735 0.1000000015
44935  13.566  -47.501  -10.345 0.1000000015
45959  16.301  -46.237  -9.595 0.1000000015
45973  14.848  -46.362  -11.031 0.1000000015
45958  17.386  -45.781  -9.819 0.1000000015
47067  16.338  -45.605  -11.725 0.1000000015
45972  15.225  -46.204  -11.165 0.1000000015
45961  14.070  -45.894  -10.648 0.1000000015
47087  16.015  -45.461  -12.178 0.1000000015
137429  15.227  -45.584  -11.550 0.1000000015
48209  14.531  -45.247  -10.959 0.1000000015
47066  17.375  -45.378  -11.209 0.1000000015
141183  16.748  -45.376  -12.205 0.1000000015
49295  13.377  -43.867  -9.382 0.1000000015
48232  16.575  -44.979  -12.723 0.1000000015
49304  14.147  -44.358  -10.155 0.1000000015
147816  14.276  -43.341  -9.795 0.1000000015
49282  12.810  -42.968  -8.545 0.1000000015
137794  13.535  -42.943  -9.157 0.1000000015
49303  14.818  -44.164  -10.696 0.1000000015
26975  6.705  -63.745  -12.963 0.2000000030
26963  6.327  -63.907  -12.194 0.2000000030
26966  3.841  -63.153  -11.911 0.2000000030
28125  2.555  -62.253  -11.086 0.2000000030
15313  -1.183  -74.043  -4.025 0.2000000030
28146  3.476  -61.971  -11.971 0.2000000030
39406  10.364  -51.952  -8.613 0.2000000030
40421  10.960  -51.201  -8.894 0.2000000030
135601  11.555  -50.540  -8.996 0.2000000030
44936  12.846  -48.017  -10.105 0.1000000015
45974  13.550  -46.653  -10.328 0.1000000015
10474  3.770  -76.784  12.988 0.2000000030
28109  7.572  -62.726  -8.946 0.2000000030
148738  11.237  -54.146  -8.147 0.2000000030
135811  12.000  -52.762  -8.524 0.2000000030
39405  11.431  -52.004  -8.787 0.2000000030
29310  2.857  -61.526  -10.738 0.2000000030
31637  6.457  -58.460  -10.382 0.2000000030
31636  6.965  -58.826  -10.061 0.2000000030
139477  6.795  -60.660  -9.702 0.2000000030
29291  8.667  -61.861  -9.510 0.2000000030
33920  11.702  -57.374  -7.528 0.2000000030
146382  16.806  -91.629  10.747 0.1000000015
12771  2.832  -75.616  12.072 0.2000000030
11649  3.352  -76.287  12.559 0.2000000030
26976  5.783  -63.381  -12.917 0.2000000030
30490  5.557  -60.737  -13.342 0.2000000030
28154  4.716  -62.177  -13.134 0.2000000030
31664  7.207  -58.761  -12.447 0.2000000030
30476  5.069  -60.430  -12.445 0.2000000030
34018  11.557  -56.800  -14.261 0.2000000030
137322  12.907  -57.213  -14.826 0.2000000030
33990  7.207  -57.202  -11.096 0.2000000030
34017  12.170  -56.809  -14.560 0.2000000030
32824  8.184  -57.756  -10.438 0.2000000030
33959  11.292  -57.782  -10.921 0.2000000030
30418  10.054  -61.136  -9.742 0.2000000030
31630  13.549  -59.570  -10.143 0.2000000030
29281  12.075  -61.261  -9.027 0.2000000030
29272  10.413  -61.471  -7.191 0.2000000030
31614  13.708  -59.865  -9.558 0.2000000030
29270  12.309  -60.885  -8.260 0.2000000030
30398  10.018  -60.346  -6.909 0.2000000030
31596  11.699  -60.101  -7.467 0.2000000030
31606  14.304  -59.384  -8.856 0.2000000030
38360  12.466  -53.501  -8.382 0.2000000030
39402  14.477  -52.220  -8.742 0.2000000030
136633  12.968  -52.747  -8.672 0.2000000030
152409  12.992  -52.130  -8.800 0.2000000030
40417  15.019  -51.476  -8.809 0.1000000015
40416  15.842  -51.015  -8.767 0.1000000015
152670  13.584  -51.503  -8.982 0.2000000030
41523  14.171  -50.306  -9.304 0.2000000030
41504  11.992  -50.014  -9.161 0.2000000030
41503  12.588  -50.596  -9.201 0.2000000030
42643  14.845  -49.661  -9.222 0.2000000030
137887  13.954  -49.547  -9.598 0.1000000015
42658  15.024  -48.891  -9.298 0.1000000015
42661  12.728  -49.187  -9.506 0.1000000015
150914  13.590  -48.166  -10.198 0.1000000015
43766  15.474  -48.397  -9.251 0.1000000015
44934  14.439  -47.780  -10.141 0.1000000015
43790  14.106  -47.659  -10.388 0.1000000015
45960  15.326  -46.609  -10.089 0.1000000015
136911  14.395  -46.404  -10.809 0.1000000015
47068  14.740  -45.987  -11.264 0.1000000015
45978  15.484  -45.768  -11.571 0.1000000015
44945  14.604  -47.027  -10.478 0.1000000015
45971  15.840  -46.025  -10.962 0.1000000015
152177  16.177  -45.465  -12.223 0.1000000015
48217  15.779  -45.403  -12.078 0.1000000015
48233  16.177  -45.187  -12.550 0.1000000015
48208  15.298  -44.885  -11.587 0.1000000015
2041  12.166  -89.455  -26.497 0.1000000015
2051  12.309  -88.959  -27.237 0.1000000015
2005  8.600  -89.802  -20.977 0.1000000015
127504  9.707  -89.304  -25.594 0.1000000015
2011  8.563  -89.827  -21.906 0.1000000015
2004  9.187  -89.254  -20.466 0.1000000015
1109  7.837  -91.627  -15.428 0.1000000015
1507  7.491  -90.624  -16.229 0.1000000015
733  9.150  -92.144  -15.432 0.1000000015
1131  9.577  -91.834  -16.818 0.1000000015
1505  9.533  -90.758  -15.380 0.1000000015
135974  9.008  -88.921  -15.874 0.1000000015
1136  8.497  -91.787  -18.562 0.1000000015
1529  10.214  -91.346  -17.241 0.1000000015
1106  10.373  -91.602  -15.890 0.1000000015
132566  10.479  -90.224  -15.444 0.1000000015
138923  9.962  -89.097  -15.650 0.1000000015
153958  8.861  -88.263  -15.977 0.1000000015
146262  9.445  -90.585  -18.600 0.1000000015
1966  11.354  -90.100  -15.586 0.1000000015
1989  9.774  -89.912  -18.805 0.1000000015
2511  11.426  -88.729  -15.540 0.1000000015
2547  9.655  -88.746  -19.915 0.1000000015
1988  10.537  -89.700  -18.418 0.1000000015
2524  13.123  -89.049  -15.877 0.1000000015
145495  9.795  -88.527  -24.743 0.1000000015
145329  10.194  -87.899  -24.079 0.1000000015
150131  9.627  -88.403  -23.856 0.1000000015
145326  9.846  -87.965  -22.601 0.1000000015
2010  9.178  -89.197  -21.372 0.1000000015
2555  9.961  -88.049  -20.193 0.1000000015
2523  13.443  -88.759  -16.329 0.1000000015
145427  10.191  -87.641  -22.034 0.1000000015
3148  10.493  -87.809  -19.754 0.1000000015
137065  4.482  -90.961  -16.926 0.1000000015
1520  6.470  -90.590  -16.740 0.1000000015
1975  6.017  -89.833  -17.023 0.1000000015
2525  7.511  -89.097  -16.266 0.1000000015
1519  11.032  -91.356  -16.202 0.1000000015
1503  11.318  -90.859  -15.743 0.1000000015
1527  11.960  -90.502  -17.160 0.1000000015
145019  12.678  -89.953  -16.469 0.1000000015
1982  11.912  -89.676  -17.695 0.1000000015
2546  10.239  -88.401  -19.448 0.1000000015
2545  10.881  -88.080  -19.102 0.1000000015
127510  11.123  -86.968  -23.430 0.1000000015
127505  10.566  -87.336  -21.375 0.1000000015
3717  11.327  -86.831  -20.729 0.1000000015
3137  11.516  -87.758  -18.866 0.1000000015
3122  13.811  -87.818  -16.237 0.1000000015
9830  22.731  -78.859  -15.817 0.1000000015
135873  11.170  -87.350  -19.699 0.1000000015
2494  3.828  -89.254  -13.960 0.2000000030
1495  3.045  -90.284  -15.037 0.1000000015
1508  2.706  -90.248  -15.729 0.1000000015
1977  3.446  -89.983  -16.955 0.1000000015
1522  3.757  -90.695  -16.683 0.1000000015
2529  3.283  -89.269  -16.673 0.1000000015
2528  4.320  -89.392  -16.906 0.1000000015
2527  5.528  -89.233  -16.581 0.1000000015
2516  6.110  -88.442  -15.904 0.1000000015
2515  7.119  -88.387  -15.948 0.1000000015
3674  4.154  -87.037  -15.259 0.1000000015
3657  3.535  -86.507  -14.645 0.1000000015
3113  5.687  -87.486  -15.531 0.1000000015
153981  5.769  -86.644  -15.156 0.1000000015
2534  13.212  -89.085  -17.033 0.1000000015
3112  6.704  -87.589  -15.593 0.1000000015
7053  22.331  -80.869  -16.120 0.1000000015
129104  21.962  -81.632  -16.203 0.2000000030
3136  12.321  -87.897  -18.257 0.1000000015
8857  22.153  -79.470  -15.707 0.1000000015
6269  21.428  -82.284  -16.495 0.2000000030
145331  11.996  -86.402  -22.341 0.1000000015
3710  11.760  -86.765  -19.933 0.1000000015
3135  13.126  -87.616  -17.692 0.1000000015
127771  12.866  -86.102  -22.846 0.1000000015
127856  12.189  -86.242  -21.430 0.1000000015
130712  22.574  -77.974  -15.499 0.1000000015
3012  21.051  -87.394  -5.862 0.1000000015
1950  3.078  -89.927  -14.112 0.1000000015
134720  22.338  -87.814  -6.427 0.1000000015
3565  20.864  -86.459  -6.040 0.1000000015
3566  20.032  -85.982  -5.943 0.1000000015
1485  2.097  -90.073  -14.882 0.1000000015
3010  23.287  -87.481  -6.660 0.1000000015
3563  23.602  -86.627  -6.554 0.1000000015
1509  2.234  -89.974  -16.048 0.1000000015
147549  1.164  -89.687  -14.528 0.1000000015
3008  25.005  -87.155  -7.181 0.1000000015
147855  23.273  -85.706  -6.508 0.1000000015
148330  2.134  -89.596  -16.008 0.1000000015
3117  1.843  -88.378  -15.130 0.1000000015
3562  24.603  -86.489  -6.884 0.1000000015
2518  3.078  -88.393  -16.027 0.1000000015
3574  25.435  -86.809  -7.719 0.1000000015
137052  3.851  -87.815  -15.675 0.1000000015
3658  2.734  -86.451  -14.270 0.1000000015
3594  23.353  -86.338  -9.854 0.2000000030
4222  21.991  -85.419  -10.469 0.2000000030
2510  12.485  -88.646  -15.573 0.1000000015
143041  21.589  -84.576  -11.080 0.2000000030
3699  12.730  -86.814  -18.503 0.1000000015
5538  20.396  -83.921  -12.877 0.2000000030
3716  12.182  -86.276  -20.439 0.1000000015
5527  20.602  -83.396  -12.283 0.2000000030
154707  13.409  -86.898  -17.763 0.1000000015
13191  23.804  -75.676  -15.507 0.1000000015
12036  23.442  -76.601  -15.661 0.1000000015
4308  12.816  -85.725  -20.021 0.1000000015
4161  16.699  -85.270  -4.573 0.1000000015
131033  20.944  -81.768  -0.399 0.1000000015
4183  20.771  -85.549  -6.128 0.1000000015
4805  21.763  -84.379  -6.228 0.1000000015
3101  1.497  -87.931  -14.407 0.1000000015
4180  24.149  -85.641  -6.713 0.1000000015
4802  24.425  -84.709  -6.915 0.1000000015
3116  2.524  -87.911  -15.385 0.1000000015
3643  1.679  -86.796  -13.417 0.1000000015
3585  25.351  -86.597  -8.844 0.2000000030
4189  25.229  -85.937  -7.740 0.1000000015
4803  23.977  -83.831  -6.647 0.1000000015
4199  24.802  -85.992  -8.830 0.2000000030
4823  24.534  -84.434  -8.054 0.1000000015
3100  2.728  -87.156  -14.731 0.1000000015
4211  22.524  -85.708  -9.625 0.2000000030
4212  21.764  -85.166  -9.682 0.2000000030
7030  21.217  -80.920  -15.974 0.2000000030
134409  20.771  -81.610  -16.236 0.2000000030
5561  22.379  -82.858  -16.640 0.2000000030
5512  20.811  -83.371  -11.637 0.2000000030
4852  20.556  -83.790  -10.124 0.2000000030
130735  22.656  -82.318  -16.383 0.2000000030
5547  18.104  -83.561  -14.417 0.2000000030
6244  19.003  -82.749  -12.765 0.2000000030
5528  19.859  -82.847  -12.316 0.2000000030
4319  12.836  -85.671  -20.868 0.1000000015
14327  23.937  -74.926  -14.946 0.1000000015
4789  16.644  -84.579  -4.310 0.1000000015
5415  16.727  -83.399  -2.585 0.1000000015
5436  16.815  -83.730  -4.151 0.1000000015
6831  19.031  -81.289  -0.646 0.1000000015
6090  17.221  -82.196  -1.610 0.1000000015
6124  17.004  -82.740  -3.200 0.1000000015
5435  17.424  -83.305  -4.709 0.1000000015
4796  19.776  -84.577  -5.887 0.1000000015
143885  21.691  -81.239  -0.673 0.1000000015
6830  20.033  -81.326  -0.546 0.1000000015
6832  18.192  -81.327  -0.746 0.1000000015
6135  18.460  -82.185  -4.733 0.1000000015
5434  18.259  -83.034  -5.115 0.1000000015
5444  19.457  -83.736  -5.677 0.1000000015
6851  22.986  -81.897  -1.215 0.1000000015
143948  20.301  -83.948  -5.867 0.1000000015
6850  23.871  -81.831  -1.689 0.1000000015
142899  22.533  -81.141  -1.030 0.1000000015
5458  22.183  -83.485  -6.136 0.1000000015
3635  1.907  -86.404  -12.824 0.1000000015
5457  23.224  -83.231  -6.364 0.1000000015
3097  1.103  -87.408  -13.649 0.1000000015
137126  24.268  -85.239  -8.559 0.2000000030
5463  24.467  -83.754  -7.604 0.2000000030
5455  24.217  -83.138  -7.204 0.2000000030
4824  23.863  -84.311  -8.434 0.2000000030
4200  23.045  -85.232  -8.881 0.2000000030
5475  23.412  -83.556  -8.264 0.2000000030
6180  23.807  -83.056  -7.920 0.2000000030
4839  21.442  -84.679  -9.384 0.2000000030
5476  22.052  -83.542  -8.323 0.2000000030
6181  23.166  -82.802  -7.861 0.2000000030
4827  20.852  -84.165  -9.344 0.2000000030
141706  19.957  -83.037  -10.166 0.2000000030
5477  20.817  -83.692  -8.624 0.2000000030
5478  20.180  -82.883  -8.527 0.2000000030
7052  23.143  -81.638  -16.364 0.2000000030
6237  18.595  -81.951  -12.821 0.2000000030
152809  20.550  -83.282  -10.880 0.2000000030
6992  19.329  -81.308  -11.681 0.2000000030
6236  19.441  -82.060  -12.168 0.2000000030
6221  20.126  -82.518  -11.118 0.2000000030
8873  23.126  -79.600  -16.209 0.1000000015
7885  23.332  -80.612  -16.429 0.2000000030
14286  25.692  -74.181  -13.552 0.1000000015
149245  24.875  -74.229  -14.481 0.1000000015
5559  23.893  -83.158  -16.615 0.2000000030
150304  17.344  -81.877  -2.277 0.1000000015
6109  17.341  -82.057  -2.970 0.1000000015
6136  17.730  -82.572  -4.462 0.1000000015
7654  18.459  -80.788  -1.133 0.1000000015
136151  17.610  -81.357  -2.656 0.1000000015
6909  17.919  -81.849  -4.183 0.1000000015
153294  19.529  -82.993  -5.475 0.1000000015
7652  20.155  -80.408  -0.946 0.1000000015
135887  18.744  -80.280  -1.470 0.1000000015
7694  17.882  -80.745  -2.324 0.1000000015
6908  18.494  -81.402  -4.435 0.1000000015
6921  19.274  -81.700  -4.931 0.1000000015
6145  19.908  -82.350  -5.308 0.1000000015
3062  1.391  -88.070  -11.051 0.1000000015
141896  23.297  -81.006  -1.398 0.1000000015
134701  20.863  -80.851  -0.608 0.1000000015
7651  20.880  -79.958  -0.826 0.1000000015
6144  20.936  -82.256  -5.430 0.1000000015
3074  1.037  -87.498  -11.856 0.1000000015
6869  24.765  -81.310  -2.173 0.1000000015
6142  22.963  -81.869  -6.023 0.2000000030
136463  22.468  -81.251  -5.671 0.1000000015
2482  0.722  -87.996  -12.332 0.1000000015
6168  23.812  -82.675  -7.462 0.2000000030
8654  18.680  -79.771  -1.896 0.1000000015
8690  18.469  -79.722  -3.362 0.1000000015
6907  19.008  -80.948  -4.605 0.1000000015
6920  20.302  -81.563  -5.195 0.1000000015
7673  22.129  -80.370  -0.941 0.1000000015
7725  19.179  -80.260  -4.525 0.1000000015
7742  19.747  -80.888  -4.871 0.1000000015
128347  1.128  -89.544  -9.841 0.1000000015
1904  1.016  -90.436  -9.557 0.1000000015
9829  23.369  -78.429  -16.150 0.1000000015
151493  24.026  -82.607  -16.641 0.2000000030
8704  18.782  -79.778  -4.124 0.1000000015
1912  0.892  -89.460  -10.643 0.1000000015
2454  2.015  -88.371  -10.123 0.1000000015
1903  1.589  -89.810  -8.985 0.1000000015
10885  23.276  -77.484  -15.823 0.1000000015
5574  24.250  -83.555  -17.020 0.2000000030
1057  1.004  -91.236  -9.764 0.1000000015
2445  2.641  -88.508  -9.343 0.1000000015
1883  2.107  -90.007  -7.612 0.1000000015
2431  2.829  -88.849  -8.564 0.1000000015
12044  24.216  -76.428  -16.243 0.1000000015
154107  23.787  -81.351  -16.680 0.2000000030
7884  23.875  -80.729  -16.915 0.1000000015
11011  13.786  -77.437  -24.637 0.1000000015
135137  13.486  -77.525  -24.039 0.1000000015
137468  11.964  -77.389  -22.838 0.1000000015
12094  15.654  -77.223  -21.001 0.1000000015
10992  13.495  -77.536  -23.191 0.1000000015
10929  15.910  -77.998  -20.544 0.1000000015
1437  0.981  -91.268  -9.028 0.1000000015
1006  2.719  -91.183  -3.998 0.1000000015
1427  2.430  -90.358  -6.863 0.1000000015
1417  3.103  -90.512  -5.739 0.1000000015
144196  3.253  -89.756  -5.268 0.1000000015
13190  24.559  -75.043  -15.556 0.1000000015
7068  24.111  -81.615  -17.012 0.2000000030
14441  14.739  -75.478  -23.782 0.1000000015
12166  13.885  -77.115  -25.145 0.1000000015
11032  13.474  -77.646  -25.398 0.1000000015
11013  11.412  -77.555  -24.794 0.1000000015
12130  15.048  -76.900  -22.783 0.1000000015
12142  14.721  -76.796  -23.429 0.1000000015
141624  15.725  -76.372  -20.858 0.1000000015
142064  16.137  -76.025  -19.819 0.1000000015
12076  16.781  -76.107  -19.062 0.1000000015
134425  16.598  -76.904  -19.465 0.1000000015
10918  17.746  -77.480  -19.487 0.2000000030
13220  17.766  -75.423  -18.530 0.1000000015
12074  18.201  -76.809  -19.218 0.1000000015
1041  1.575  -91.401  -7.302 0.1000000015
1410  2.974  -91.342  -5.262 0.1000000015
13189  25.250  -74.545  -15.534 0.1000000015
15632  14.759  -73.924  -24.897 0.1000000015
14464  14.307  -74.790  -25.382 0.1000000015
13315  13.535  -75.980  -26.576 0.2000000030
12179  12.938  -77.630  -26.836 0.1000000015
7898  23.886  -80.766  -17.294 0.1000000015
150338  14.907  -74.729  -23.602 0.1000000015
14454  14.652  -74.763  -24.338 0.1000000015
13300  13.889  -76.054  -25.498 0.1000000015
12167  13.472  -77.209  -26.115 0.1000000015
11053  13.058  -77.897  -26.075 0.1000000015
15579  15.733  -73.946  -21.974 0.1000000015
14429  15.509  -74.506  -22.480 0.1000000015
14440  15.175  -75.183  -23.016 0.1000000015
14403  16.076  -74.430  -20.647 0.1000000015
13248  16.214  -74.974  -19.847 0.1000000015
13221  17.063  -75.392  -18.800 0.1000000015
15526  17.949  -74.172  -18.782 0.1000000015
14378  18.238  -74.719  -18.505 0.1000000015
146923  18.564  -76.121  -18.907 0.1000000015
152470  1.799  -90.827  -7.070 0.1000000015
130237  2.318  -91.858  -5.929 0.1000000015
645  1.543  -92.673  -3.801 0.1000000015
635  1.123  -92.376  -3.093 0.1000000015
136996  -0.154  -93.233  -2.015 0.1000000015
15661  15.606  -73.524  -28.197 0.2000000030
15669  15.679  -73.333  -29.204 0.2000000030
16812  15.792  -72.640  -26.263 0.2000000030
15670  15.112  -73.808  -28.840 0.2000000030
13342  13.266  -75.293  -28.737 0.2000000030
131783  23.678  -79.142  -16.559 0.1000000015
15648  14.735  -73.877  -26.007 0.2000000030
15647  15.396  -73.404  -26.766 0.2000000030
14477  14.258  -74.524  -26.548 0.2000000030
13329  13.423  -75.665  -27.624 0.2000000030
12212  12.259  -76.400  -28.454 0.2000000030
16754  15.663  -72.776  -22.780 0.1000000015
16773  15.413  -72.444  -23.699 0.1000000015
15600  15.552  -73.680  -22.612 0.1000000015
138720  16.416  -73.732  -20.600 0.1000000015
16714  16.560  -73.103  -21.006 0.1000000015
147118  16.555  -74.129  -19.906 0.1000000015
133107  1.878  -92.874  -4.546 0.1000000015
351  -0.054  -93.413  -2.705 0.1000000015
336  -0.748  -93.686  -0.743 0.1000000015
614  -0.424  -93.221  -0.299 0.1000000015
16826  16.160  -73.123  -27.738 0.2000000030
130755  17.183  -71.629  -26.793 0.2000000030
16825  17.123  -72.969  -28.792 0.2000000030
17873  16.143  -71.335  -24.713 0.1000000015
12213  11.548  -76.610  -28.829 0.2000000030
150597  15.752  -71.719  -23.996 0.1000000015
17831  16.689  -71.898  -22.422 0.1000000015
15599  15.989  -73.091  -21.888 0.1000000015
135  -1.155  -93.830  0.932 0.1000000015
325  -1.059  -93.230  1.338 0.1000000015
967  -0.140  -92.727  0.332 0.1000000015
605  -0.529  -92.966  1.122 0.1000000015
19013  19.668  -69.560  -27.702 0.2000000030
19015  18.790  -71.320  -28.928 0.2000000030
19014  19.142  -70.445  -28.196 0.2000000030
17943  17.491  -72.265  -29.568 0.2000000030
15678  15.909  -72.866  -29.393 0.2000000030
132851  19.053  -70.809  -28.129 0.2000000030
17921  17.778  -72.445  -28.434 0.2000000030
15679  15.074  -73.280  -29.761 0.2000000030
18972  17.635  -70.895  -25.577 0.2000000030
14498  13.555  -74.463  -29.647 0.2000000030
13344  12.001  -75.854  -29.518 0.2000000030
13360  12.452  -75.110  -30.011 0.2000000030
12235  11.233  -76.092  -29.860 0.2000000030
12215  9.786  -76.692  -29.749 0.2000000030
21172  19.918  -68.477  -27.392 0.2000000030
20078  18.615  -70.423  -28.450 0.2000000030
17944  16.520  -72.161  -29.535 0.2000000030
16845  14.841  -72.940  -29.902 0.2000000030
14509  12.071  -74.513  -30.187 0.2000000030
13362  10.685  -75.287  -30.195 0.2000000030
22297  20.424  -67.592  -26.516 0.2000000030
19022  17.372  -71.659  -29.551 0.2000000030
19017  16.291  -71.186  -28.897 0.2000000030
17945  15.242  -72.351  -29.091 0.2000000030
16846  13.826  -72.921  -29.815 0.2000000030
17946  13.924  -72.290  -28.815 0.2000000030
135857  12.228  -72.744  -29.077 0.2000000030
21173  19.072  -68.491  -27.241 0.2000000030
20079  17.412  -70.307  -28.416 0.2000000030
17933  14.161  -71.587  -28.110 0.2000000030
22299  19.452  -67.567  -26.810 0.2000000030
20067  16.551  -69.619  -27.236 0.2000000030
20080  15.959  -70.243  -27.847 0.2000000030
20068  15.568  -69.581  -26.841 0.2000000030
19018  14.402  -70.901  -27.580 0.2000000030
23528  19.845  -66.386  -25.638 0.2000000030
22300  18.440  -67.759  -26.509 0.2000000030
133339  18.911  -66.857  -26.010 0.2000000030
21175  16.956  -69.002  -26.520 0.2000000030
22288  17.876  -67.220  -25.594 0.2000000030
21176  15.808  -69.064  -26.305 0.2000000030
21158  16.233  -68.420  -25.706 0.2000000030
24670  15.651  -65.235  -23.082 0.2000000030
24671  14.697  -65.334  -23.067 0.2000000030
154504  14.829  -64.290  -22.496 0.1000000015
24657  13.532  -65.037  -22.380 0.1000000015
23457  16.823  -65.920  -21.599 0.1000000015
25844  15.851  -64.694  -22.164 0.1000000015
143213  14.841  -63.807  -22.107 0.1000000015
138899  19.127  -67.911  -20.072 0.1000000015
23456  17.678  -66.584  -21.980 0.2000000030
23437  17.156  -66.716  -21.011 0.1000000015
139660  16.431  -65.353  -21.218 0.1000000015
25837  15.934  -64.598  -21.309 0.1000000015
27088  14.358  -63.136  -21.213 0.2000000030
21066  18.158  -68.258  -18.958 0.1000000015
146125  17.534  -67.263  -20.464 0.1000000015
129681  17.634  -67.595  -19.619 0.1000000015
23407  16.926  -67.100  -19.022 0.1000000015
23421  16.228  -65.976  -19.870 0.1000000015
24605  16.078  -65.777  -18.987 0.1000000015
24629  16.246  -65.198  -20.505 0.1000000015
24617  16.076  -65.006  -19.669 0.1000000015
25825  15.881  -64.288  -20.410 0.1000000015
25826  15.727  -63.152  -20.348 0.2000000030
27080  15.327  -62.468  -20.797 0.2000000030
22990  11.031  -66.395  9.265 0.1000000015
23030  10.035  -65.609  7.723 0.1000000015
14143  -1.090  -74.912  -3.865 0.1000000015
12995  -0.186  -75.438  -3.931 0.1000000015
153531  -0.671  -74.074  -2.614 0.1000000015
29152  5.715  -61.689  -0.710 0.1000000015
1535  9.093  -90.209  -19.261 0.1000000015
1532  8.804  -90.964  -18.903 0.1000000015
19614  7.450  -69.838  9.058 0.1000000015
23005  11.776  -65.639  8.788 0.1000000015
1123  4.188  -91.372  -16.348 0.1000000015
742  5.659  -92.186  -16.200 0.1000000015
734  8.266  -92.246  -15.265 0.1000000015
127787  9.298  -88.772  -23.048 0.1000000015
127798  9.214  -89.100  -24.093 0.1000000015
145477  9.801  -88.859  -25.716 0.1000000015
128214  10.523  -89.187  -26.245 0.1000000015
120  -0.900  -94.638  2.344 0.1000000015
5526  21.299  -83.849  -12.106 0.2000000030
6245  18.240  -82.550  -13.400 0.2000000030
4171  20.111  -85.219  -5.990 0.1000000015
14510  11.013  -74.474  -30.033 0.2000000030
17934  12.825  -71.303  -27.913 0.2000000030
150980  14.974  -69.796  -26.867 0.2000000030
12236  10.288  -76.141  -30.148 0.2000000030
27087  14.859  -63.234  -21.381 0.2000000030
1496  1.496  -89.818  -14.975 0.1000000015
10928  16.456  -77.659  -19.823 0.2000000030
10971  14.742  -77.384  -22.547 0.1000000015
11033  12.306  -77.789  -25.614 0.1000000015
12193  11.172  -77.340  -28.199 0.2000000030
147114  12.366  -77.649  -24.660 0.1000000015
12191  12.553  -76.972  -27.493 0.2000000030
1121  5.987  -91.505  -16.646 0.1000000015
127827  9.593  -88.576  -20.799 0.1000000015
1108  8.882  -91.535  -15.290 0.1000000015
1974  6.982  -89.807  -16.571 0.1000000015
1118  9.833  -91.995  -15.888 0.1000000015
1135  9.364  -91.375  -18.000 0.1000000015
1969  8.811  -89.830  -15.786 0.1000000015
1531  10.286  -90.658  -17.971 0.1000000015
1983  11.269  -90.295  -17.737 0.1000000015
149650  11.193  -89.428  -18.200 0.1000000015
145339  9.923  -87.925  -23.317 0.1000000015
145574  10.482  -87.397  -22.805 0.1000000015
149250  5.107  -89.834  -17.093 0.1000000015
127747  11.213  -86.815  -22.613 0.1000000015
3147  11.971  -87.155  -19.159 0.1000000015
144840  4.018  -88.521  -16.184 0.1000000015
144216  21.847  -86.986  -6.234 0.1000000015
4182  21.617  -85.925  -6.275 0.1000000015
4181  22.419  -85.195  -6.390 0.1000000015
4795  20.739  -84.633  -6.080 0.1000000015
4809  24.658  -84.807  -7.579 0.1000000015
6110  17.077  -82.535  -2.417 0.1000000015
7676  18.123  -80.507  -1.718 0.1000000015
5443  20.408  -83.136  -5.593 0.1000000015
5442  21.569  -82.894  -5.729 0.1000000015
5441  22.593  -82.637  -6.039 0.2000000030
4825  22.541  -84.436  -8.652 0.2000000030
137924  19.498  -81.542  -10.877 0.2000000030
147470  18.009  -80.701  -3.203 0.1000000015
7726  18.471  -80.538  -4.116 0.1000000015
13278  14.517  -76.411  -23.995 0.1000000015
133624  14.592  -77.222  -23.258 0.1000000015
140452  16.002  -77.061  -20.154 0.1000000015
141715  15.477  -75.216  -22.293 0.1000000015
13249  15.839  -75.353  -20.717 0.1000000015
12075  17.372  -76.721  -19.130 0.1000000015
13219  19.590  -75.123  -18.598 0.1000000015
12073  19.735  -76.078  -19.723 0.1000000015
14453  14.865  -74.000  -23.910 0.1000000015
16793  15.462  -72.129  -24.855 0.2000000030
14404  15.717  -74.703  -21.590 0.1000000015
14488  14.430  -74.443  -27.940 0.2000000030
17907  16.249  -71.746  -25.803 0.2000000030
15555  17.770  -73.034  -19.827 0.1000000015
17920  18.454  -72.103  -28.993 0.2000000030
17871  17.352  -71.197  -23.626 0.1000000015
15680  13.557  -73.579  -30.054 0.2000000030
144051  18.147  -86.850  4.308 0.1000000015
3437  18.483  -86.337  5.043 0.1000000015
3426  19.001  -86.368  5.891 0.1000000015
150702  18.778  -86.176  7.098 0.1000000015
4006  17.991  -85.781  7.045 0.1000000015
2235  20.974  -88.700  9.836 0.1000000015
2293  18.264  -89.259  4.838 0.1000000015
2881  18.538  -87.788  4.763 0.1000000015
1780  17.333  -90.011  3.701 0.1000000015
2869  19.119  -87.449  5.399 0.1000000015
2281  18.845  -89.636  5.597 0.1000000015
23495  20.509  -66.197  -24.322 0.1000000015
22273  20.591  -66.862  -24.923 0.1000000015
4732  1.722  -85.065  0.885 0.1000000015
134776  0.255  -87.137  1.119 0.1000000015
22230  22.448  -66.644  -21.425 0.1000000015
23475  21.142  -66.419  -23.248 0.1000000015
143987  21.391  -66.665  -23.139 0.1000000015
21116  21.529  -67.458  -22.730 0.1000000015
21130  21.103  -67.598  -23.589 0.1000000015
18937  20.951  -68.928  -23.110 0.1000000015
20033  20.878  -68.775  -24.120 0.1000000015
20050  20.636  -68.571  -26.600 0.1000000015
19000  20.043  -69.666  -27.497 0.1000000015
18988  18.607  -71.023  -27.043 0.1000000015
4745  1.712  -84.337  0.218 0.1000000015
22208  22.408  -66.440  -20.768 0.1000000015
151278  22.956  -66.632  -20.852 0.1000000015
23476  20.628  -66.250  -23.445 0.1000000015
23513  19.850  -66.003  -24.610 0.1000000015
21099  22.788  -67.301  -21.146 0.1000000015
23530  18.478  -66.372  -25.084 0.1000000015
20019  21.396  -68.906  -22.269 0.1000000015
129380  20.854  -68.626  -25.348 0.1000000015
18957  20.974  -69.783  -23.797 0.1000000015
142833  20.733  -69.674  -25.838 0.1000000015
19001  19.495  -70.178  -27.692 0.1000000015
135499  21.100  -70.308  -24.927 0.1000000015
147704  20.336  -70.364  -26.260 0.1000000015
18987  19.300  -70.715  -26.917 0.1000000015
17890  16.969  -70.974  -24.606 0.1000000015
6820  5.222  -81.037  0.013 0.1000000015
6821  4.394  -81.551  0.167 0.1000000015
5389  1.319  -83.907  -0.714 0.1000000015
6822  3.740  -82.098  0.109 0.1000000015
4731  2.462  -84.979  1.662 0.1000000015
23454  20.123  -66.609  -22.410 0.1000000015
140922  20.981  -66.417  -21.726 0.1000000015
153758  19.560  -65.804  -24.174 0.1000000015
142998  22.557  -66.598  -20.016 0.1000000015
17904  19.813  -71.216  -25.747 0.1000000015
18971  18.470  -70.911  -25.778 0.1000000015
17887  19.378  -71.773  -25.126 0.1000000015
17888  18.615  -71.142  -24.874 0.1000000015
6098  0.516  -83.283  -2.454 0.1000000015
5403  1.748  -83.287  -0.995 0.1000000015
6077  2.496  -82.738  -0.758 0.1000000015
22189  21.608  -66.830  -20.063 0.1000000015
22190  20.165  -67.680  -19.987 0.1000000015
22209  21.045  -66.527  -20.918 0.1000000015
22232  20.018  -66.900  -21.525 0.1000000015
23477  19.493  -66.316  -23.326 0.1000000015
23515  17.901  -66.244  -24.217 0.1000000015
6096  2.646  -82.052  -1.789 0.1000000015
135360  3.185  -82.528  -0.068 0.1000000015
21064  20.932  -67.709  -19.295 0.1000000015
22210  19.594  -67.367  -20.755 0.1000000015
139445  18.163  -66.211  -23.802 0.1000000015
133641  17.123  -66.010  -23.527 0.1000000015
23455  18.819  -66.816  -22.297 0.1000000015
22212  17.919  -67.179  -21.186 0.1000000015
23068  9.234  -66.177  4.350 0.1000000015
23094  10.461  -66.556  3.834 0.1000000015
21874  8.992  -67.427  2.963 0.1000000015
20747  6.976  -68.401  2.468 0.1000000015
19682  6.063  -69.163  3.347 0.1000000015
20748  5.737  -68.512  3.222 0.1000000015
21853  7.559  -67.043  3.979 0.1000000015
21904  7.475  -67.976  2.336 0.1000000015
23067  9.978  -66.225  4.205 0.1000000015
23096  8.639  -66.850  3.837 0.1000000015
25536  11.327  -64.414  3.765 0.1000000015
24290  11.435  -65.367  4.095 0.1000000015
21854  6.705  -67.405  3.670 0.1000000015
21877  6.227  -67.955  2.905 0.1000000015
26771  12.223  -63.289  2.784 0.1000000015
27946  13.009  -61.694  1.741 0.1000000015
19671  4.764  -69.888  4.200 0.1000000015
20750  3.962  -68.530  3.875 0.1000000015
19685  3.398  -69.280  3.884 0.1000000015
24293  8.934  -65.345  4.549 0.1000000015
25509  9.648  -64.954  4.439 0.1000000015
26773  10.466  -63.025  2.897 0.1000000015
25508  10.483  -64.961  4.306 0.1000000015
26772  11.306  -63.097  2.854 0.1000000015
29104  12.167  -61.772  1.957 0.1000000015
21879  4.512  -67.844  3.747 0.1000000015
133603  3.594  -67.806  3.867 0.1000000015
19686  2.407  -69.169  3.510 0.1000000015
128349  2.907  -71.066  3.595 0.1000000015
143129  6.445  -66.001  4.345 0.1000000015
23072  5.808  -66.619  4.182 0.1000000015
25538  9.710  -64.314  3.978 0.1000000015
143573  9.114  -64.668  4.353 0.1000000015
24294  7.908  -65.344  4.559 0.1000000015
26745  9.232  -63.535  3.492 0.1000000015
18626  1.911  -70.931  2.912 0.1000000015
17561  1.742  -71.928  2.877 0.1000000015
15203  1.503  -72.962  2.075 0.1000000015
23070  7.330  -66.124  4.411 0.1000000015
23073  4.862  -66.271  4.326 0.1000000015
26727  7.916  -64.079  3.917 0.1000000015
21857  4.039  -67.036  4.067 0.1000000015
27910  8.753  -62.823  3.023 0.1000000015
27992  19.948  -62.480  -1.449 0.1000000015
20752  2.179  -68.285  3.326 0.1000000015
18627  1.670  -69.828  2.769 0.1000000015
25512  6.595  -64.561  4.362 0.1000000015
25511  7.475  -64.647  4.392 0.1000000015
5375  2.440  -83.611  0.946 0.1000000015
27959  15.591  -61.937  0.968 0.1000000015
4016  17.842  -85.456  6.353 0.1000000015
4029  18.264  -85.564  5.774 0.1000000015
3395  18.257  -86.909  7.986 0.1000000015
22274  17.367  -66.773  -24.751 0.1000000015
24653  16.964  -65.805  -22.473 0.1000000015
3393  19.755  -87.055  7.984 0.1000000015
3394  19.072  -86.816  8.108 0.1000000015
2822  20.443  -87.914  9.099 0.1000000015
7054  19.658  -81.716  -16.173 0.1000000015
7033  18.555  -81.688  -15.350 0.1000000015
146540  18.200  -82.115  -14.871 0.1000000015
7870  20.496  -80.257  -15.580 0.1000000015
7031  20.023  -80.979  -15.972 0.1000000015
7872  18.763  -80.851  -15.156 0.1000000015
7019  18.348  -81.409  -14.676 0.1000000015
142132  18.187  -81.832  -13.460 0.1000000015
8858  21.029  -79.390  -15.217 0.1000000015
8840  18.840  -79.725  -14.382 0.1000000015
7007  18.408  -81.188  -13.126 0.1000000015
9811  19.661  -78.664  -14.201 0.1000000015
8839  19.369  -79.360  -14.566 0.1000000015
8816  18.602  -79.882  -13.196 0.1000000015
7006  18.861  -81.198  -12.358 0.1000000015
144097  19.191  -80.758  -11.142 0.1000000015
6199  19.622  -82.424  -9.315 0.1000000015
139294  21.368  -82.425  -7.735 0.1000000015
8825  18.987  -79.131  -14.024 0.1000000015
9802  18.857  -79.132  -13.216 0.1000000015
8815  18.741  -79.667  -12.475 0.1000000015
7819  18.929  -79.967  -10.887 0.1000000015
7803  19.067  -80.685  -10.309 0.1000000015
6964  19.371  -81.445  -8.934 0.1000000015
6184  19.757  -82.096  -8.511 0.1000000015
6141  23.392  -81.780  -6.531 0.1000000015
6169  23.316  -82.153  -7.436 0.1000000015
6955  19.857  -81.373  -8.177 0.1000000015
6171  21.307  -81.900  -7.604 0.1000000015
6943  23.002  -81.253  -7.476 0.1000000015
9407  1.909  -78.497  15.742 0.1000000015
9408  0.912  -77.753  16.165 0.1000000015
11592  1.228  -76.054  16.311 0.1000000015
12689  2.011  -75.930  17.191 0.1000000015
10427  1.541  -77.784  15.426 0.1000000015
10459  2.465  -76.966  14.035 0.1000000015
12708  1.898  -75.255  16.434 0.1000000015
12709  1.520  -75.318  16.104 0.1000000015
12727  0.960  -75.588  15.537 0.1000000015
10428  0.786  -77.024  15.356 0.1000000015
11623  1.137  -76.488  14.402 0.1000000015
12706  3.583  -75.801  16.266 0.1000000015
13825  1.680  -74.915  15.779 0.1000000015
12725  2.743  -75.052  15.917 0.1000000015
12744  0.855  -75.187  14.736 0.1000000015
147450  4.196  -74.778  14.576 0.1000000015
13839  2.447  -74.434  15.380 0.1000000015
15019  1.690  -73.525  14.298 0.1000000015
13856  4.397  -73.957  14.217 0.1000000015
13857  2.738  -73.768  14.933 0.1000000015
15017  4.074  -72.914  14.235 0.1000000015
143004  2.321  -73.269  14.417 0.1000000015
15020  1.266  -73.895  13.968 0.1000000015
150699  4.754  -72.228  13.971 0.1000000015
16249  3.781  -72.391  14.025 0.1000000015
152552  1.880  -72.686  13.605 0.1000000015
16269  3.291  -72.488  13.810 0.1000000015
16267  5.413  -71.882  13.703 0.1000000015
16281  3.610  -72.345  13.106 0.1000000015
16282  1.927  -72.386  12.944 0.1000000015
16280  4.710  -71.947  13.061 0.1000000015
26996  14.247  -64.408  -14.856 0.1000000015
25755  14.853  -65.022  -14.644 0.1000000015
16297  2.632  -72.376  12.384 0.1000000015
17449  5.935  -71.733  11.795 0.1000000015
25802  8.626  -63.559  -17.474 0.1000000015
26998  12.417  -63.713  -14.502 0.1000000015
28175  12.506  -61.959  -15.955 0.1000000015
29380  12.647  -60.671  -16.827 0.1000000015
29396  10.381  -61.860  -18.847 0.1000000015
25746  13.642  -64.655  -13.309 0.1000000015
25756  13.694  -64.478  -14.157 0.1000000015
27016  13.834  -63.008  -15.583 0.1000000015
30528  11.376  -60.620  -17.459 0.1000000015
25735  15.270  -65.059  -12.091 0.1000000015
130438  14.240  -64.866  -13.954 0.1000000015
24528  15.331  -65.469  -13.714 0.1000000015
24540  15.533  -65.419  -14.649 0.1000000015
25769  15.187  -64.875  -15.470 0.1000000015
24557  15.396  -64.919  -16.060 0.1000000015
17450  4.897  -71.920  11.691 0.1000000015
137840  5.390  -71.672  10.783 0.1000000015
29397  9.337  -61.756  -18.487 0.1000000015
143234  8.352  -62.638  -17.825 0.1000000015
29382  10.888  -60.636  -16.768 0.1000000015
30530  9.646  -61.071  -16.924 0.1000000015
29360  11.805  -61.229  -16.257 0.1000000015
25747  12.899  -64.274  -13.697 0.1000000015
25717  15.529  -64.343  -11.488 0.1000000015
25733  16.968  -65.006  -12.061 0.1000000015
25734  16.097  -65.088  -12.007 0.1000000015
24517  15.836  -65.531  -12.857 0.1000000015
149531  16.461  -66.158  -14.065 0.1000000015
24539  16.105  -65.906  -14.794 0.1000000015
24556  15.925  -65.681  -15.702 0.1000000015
148626  15.751  -65.437  -16.407 0.1000000015
24591  15.675  -64.780  -17.736 0.1000000015
139865  7.527  -63.363  -16.102 0.1000000015
29362  10.059  -61.075  -16.243 0.1000000015
29384  7.701  -61.823  -16.648 0.1000000015
26985  12.017  -63.913  -13.539 0.1000000015
29361  10.947  -61.157  -16.165 0.1000000015
30532  8.006  -61.143  -16.223 0.1000000015
25718  14.715  -63.918  -11.439 0.1000000015
26961  13.410  -63.849  -11.893 0.1000000015
26972  12.695  -63.762  -12.293 0.1000000015
26958  16.846  -63.034  -10.916 0.1000000015
137460  16.215  -63.579  -11.142 0.1000000015
152484  14.825  -64.524  -11.703 0.1000000015
26957  17.206  -63.656  -11.092 0.1000000015
25715  17.326  -64.445  -11.594 0.1000000015
26951  18.059  -63.573  -10.929 0.1000000015
25714  18.118  -64.305  -11.362 0.1000000015
24516  17.331  -65.657  -12.646 0.1000000015
23345  16.783  -66.434  -14.619 0.1000000015
25810  15.748  -63.350  -19.206 0.1000000015
28158  10.104  -62.799  -14.402 0.1000000015
29348  8.924  -61.353  -14.878 0.1000000015
29349  8.435  -60.927  -15.084 0.1000000015
28133  13.626  -63.143  -11.726 0.1000000015
28140  13.134  -62.502  -12.045 0.1000000015
28142  10.449  -62.761  -12.946 0.1000000015
28130  17.431  -62.437  -11.129 0.1000000015
143195  15.296  -62.775  -11.499 0.1000000015
28139  14.046  -62.457  -12.027 0.1000000015
28124  18.287  -62.638  -10.740 0.1000000015
26952  17.681  -63.102  -10.766 0.1000000015
28151  9.852  -62.700  -13.679 0.1000000015
28141  11.352  -62.549  -12.544 0.1000000015
29333  9.814  -61.529  -12.761 0.1000000015
29318  16.640  -62.010  -11.640 0.1000000015
29328  15.317  -61.539  -12.472 0.1000000015
144224  13.646  -61.873  -12.386 0.1000000015
29331  11.710  -61.694  -12.321 0.1000000015
29332  10.627  -61.840  -12.571 0.1000000015
152376  19.395  -61.707  -10.572 0.1000000015
29329  14.454  -61.717  -12.522 0.1000000015
30474  9.356  -60.803  -12.801 0.1000000015
29317  17.478  -61.494  -11.514 0.1000000015
141990  12.921  -60.524  -12.975 0.1000000015
30472  11.252  -60.963  -12.559 0.1000000015
31661  10.931  -60.289  -12.785 0.1000000015
135614  18.901  -61.405  -10.930 0.1000000015
30470  13.857  -61.052  -12.991 0.1000000015
30457  16.745  -60.980  -11.917 0.1000000015
30468  15.772  -60.810  -13.015 0.1000000015
30471  11.933  -60.030  -13.058 0.1000000015
31676  11.056  -59.335  -13.209 0.1000000015
130705  19.542  -61.065  -10.584 0.1000000015
30456  17.547  -60.597  -11.708 0.1000000015
30466  16.921  -60.192  -12.213 0.1000000015
30469  14.930  -60.954  -13.040 0.1000000015
129922  13.058  -59.403  -13.463 0.1000000015
31674  14.992  -59.393  -13.705 0.1000000015
32861  13.631  -58.666  -13.847 0.1000000015
131864  21.093  -59.465  -10.288 0.1000000015
128932  19.731  -60.189  -10.485 0.1000000015
31629  18.922  -59.766  -10.938 0.1000000015
31658  17.004  -59.425  -12.480 0.1000000015
30483  15.411  -60.170  -13.365 0.1000000015
30433  20.703  -60.168  -10.167 0.1000000015
32859  15.335  -58.566  -13.897 0.1000000015
32814  21.482  -58.791  -10.510 0.1000000015
31627  20.285  -59.507  -10.476 0.1000000015
31648  19.068  -59.014  -11.196 0.1000000015
32842  17.688  -58.909  -12.138 0.1000000015
31672  15.970  -59.137  -13.493 0.1000000015
31623  24.106  -59.018  -10.762 0.1000000015
32813  22.387  -58.836  -10.498 0.1000000015
32875  13.482  -57.813  -14.361 0.1000000015
23097  3.022  -66.488  3.967 0.1000000015
24296  5.175  -65.323  4.374 0.1000000015
130586  22.587  -58.010  -10.898 0.1000000015
32815  20.678  -58.804  -10.620 0.1000000015
32839  20.222  -58.134  -11.154 0.1000000015
32849  16.405  -58.719  -13.331 0.1000000015
34005  15.414  -57.610  -14.236 0.1000000015
33997  17.350  -57.601  -13.058 0.1000000015
34004  16.106  -57.469  -13.912 0.1000000015
34015  14.322  -56.853  -14.728 0.1000000015
36223  11.340  -54.952  -13.579 0.1000000015
37329  10.484  -54.569  -12.464 0.1000000015
33980  20.562  -57.277  -11.368 0.1000000015
32841  18.500  -58.486  -11.803 0.1000000015
32847  17.876  -58.001  -12.416 0.1000000015
33982  18.812  -57.498  -12.126 0.1000000015
33996  18.136  -57.109  -12.801 0.1000000015
150768  15.620  -56.863  -14.413 0.1000000015
36232  13.167  -55.551  -14.450 0.1000000015
147285  12.686  -55.160  -14.265 0.1000000015
33979  21.521  -57.277  -11.225 0.1000000015
153872  22.098  -57.648  -11.022 0.1000000015
35105  20.936  -56.492  -11.785 0.1000000015
152654  16.290  -56.776  -14.051 0.1000000015
34013  15.999  -56.101  -14.399 0.1000000015
128795  14.735  -55.197  -14.635 0.1000000015
131809  13.590  -54.786  -14.266 0.1000000015
37317  10.542  -54.647  -11.876 0.1000000015
35114  9.989  -55.850  -11.285 0.1000000015
37337  12.020  -54.823  -13.621 0.1000000015
36199  11.505  -55.137  -11.745 0.1000000015
36213  11.260  -54.561  -12.298 0.1000000015
36198  12.362  -54.988  -12.124 0.1000000015
38438  14.210  -53.985  -14.215 0.1000000015
33986  12.597  -56.877  -11.387 0.1000000015
146224  12.297  -55.738  -11.588 0.1000000015
32529  18.633  -58.357  6.083 0.1000000015
33958  12.302  -57.894  -11.035 0.1000000015
33957  13.333  -58.003  -10.960 0.1000000015
32820  13.006  -58.792  -10.514 0.1000000015
33985  13.687  -57.167  -11.327 0.1000000015
32528  19.729  -58.791  5.340 0.1000000015
33732  18.408  -56.218  4.977 0.1000000015
33898  18.212  -57.528  -6.481 0.1000000015
32819  13.982  -58.969  -10.586 0.1000000015
31613  14.225  -59.425  -10.028 0.1000000015
135822  15.181  -58.052  -10.526 0.1000000015
32818  14.692  -58.768  -10.257 0.1000000015
31594  13.359  -59.374  -7.855 0.1000000015
145836  11.912  -58.261  -7.495 0.1000000015
154032  12.132  -58.893  -7.481 0.1000000015
33899  17.287  -57.245  -6.523 0.1000000015
35030  17.466  -56.368  -6.349 0.1000000015
33954  16.485  -57.147  -10.591 0.1000000015
32817  15.384  -58.415  -9.900 0.1000000015
32802  14.723  -59.040  -9.530 0.1000000015
35108  16.812  -56.562  -10.991 0.1000000015
33937  16.803  -56.947  -10.157 0.1000000015
32792  15.275  -58.362  -9.202 0.1000000015
151461  14.716  -57.916  -8.343 0.1000000015
33919  12.667  -57.762  -7.607 0.1000000015
33955  16.050  -57.935  -10.251 0.1000000015
33928  15.642  -57.404  -8.818 0.1000000015
36170  17.925  -55.749  -9.853 0.1000000015
35060  16.738  -56.450  -9.311 0.1000000015
148904  14.043  -56.940  -7.923 0.1000000015
35049  12.281  -56.753  -7.664 0.1000000015
37271  16.347  -55.098  -8.712 0.1000000015
36154  14.524  -55.350  -8.294 0.1000000015
36156  12.939  -55.543  -7.924 0.1000000015
39401  15.348  -52.386  -8.686 0.1000000015
38358  14.229  -53.821  -8.477 0.1000000015
37275  12.418  -54.926  -8.033 0.1000000015
36135  12.065  -55.817  -7.813 0.1000000015
25790  8.280  -64.392  -16.522 0.1000000015
32761  18.559  -58.281  -6.419 0.1000000015
8435  1.190  -78.885  17.297 0.1000000015
10442  3.014  -77.818  14.390 0.1000000015
33731  19.035  -56.227  4.881 0.1000000015
35050  11.465  -56.526  -7.614 0.1000000015
13859  0.695  -74.680  13.902 0.1000000015
29340  8.700  -61.605  -13.993 0.1000000015
32862  12.067  -58.754  -13.758 0.1000000015
35137  14.475  -56.176  -14.729 0.1000000015
136867  13.789  -59.614  -8.404 0.1000000015
136635  14.792  -53.052  -8.648 0.1000000015
38359  13.331  -53.577  -8.490 0.1000000015
136636  15.610  -53.187  -8.600 0.1000000015
8859  19.841  -79.709  -15.116 0.1000000015
7856  19.008  -80.038  -14.932 0.1000000015
7857  18.548  -80.467  -14.410 0.1000000015
9392  0.710  -78.178  16.943 0.1000000015
148774  0.372  -77.091  15.959 0.1000000015
11609  0.582  -76.265  15.600 0.1000000015
27017  11.884  -63.020  -15.144 0.1000000015
29398  8.737  -61.636  -17.539 0.1000000015
30513  9.043  -60.823  -16.090 0.1000000015
28157  10.887  -62.935  -14.778 0.1000000015
26986  11.400  -63.563  -13.385 0.1000000015
28131  16.080  -62.817  -11.211 0.1000000015
30434  18.935  -60.592  -10.925 0.1000000015
30484  14.524  -60.189  -13.376 0.1000000015
141882  16.511  -59.909  -12.766 0.1000000015
31650  17.619  -59.768  -11.897 0.1000000015
31659  16.458  -59.320  -13.071 0.1000000015
32858  15.962  -58.296  -13.722 0.1000000015
32811  24.933  -58.374  -11.128 0.1000000015
33953  21.053  -58.056  -10.837 0.1000000015
34003  17.565  -56.737  -13.366 0.1000000015
37347  12.825  -54.828  -14.056 0.1000000015
35112  13.116  -56.019  -11.612 0.1000000015
33956  14.285  -58.089  -10.809 0.1000000015
33984  14.678  -57.322  -11.141 0.1000000015
32542  19.272  -57.628  5.015 0.1000000015
33918  13.774  -57.864  -7.723 0.1000000015
35109  16.089  -56.527  -11.334 0.1000000015
33938  16.465  -57.497  -10.003 0.1000000015
35059  17.399  -56.000  -9.431 0.1000000015
131287  13.147  -56.925  -7.720 0.1000000015
144798  16.108  -56.700  -8.946 0.1000000015
35061  15.558  -56.383  -8.547 0.1000000015
132771  14.246  -56.098  -8.108 0.1000000015
35048  13.455  -56.159  -7.900 0.1000000015
37272  15.675  -54.479  -8.581 0.1000000015
36153  15.444  -55.394  -8.492 0.1000000015
38356  16.480  -54.255  -8.649 0.1000000015
37273  14.004  -54.695  -8.325 0.1000000015
38357  15.160  -53.808  -8.569 0.1000000015
37274  13.236  -54.831  -8.172 0.1000000015
0  2.402  -94.150  4.426 0.8000000119
1  0.861  -94.954  4.218 0.8000000119
5  0.388  -95.086  3.427 0.6000000238
8  3.541  -94.751  2.284 0.8000000119
10  1.528  -95.205  2.711 0.6999999881
11  -0.176  -95.065  2.245 0.3000000119
12  5.116  -94.555  0.654 0.8999999762
15  2.422  -95.286  1.476 0.8000000119
16  1.562  -95.347  1.603 0.6999999881
17  0.721  -95.174  1.841 0.4000000060
19  4.496  -94.923  0.287 0.8999999762
20  3.814  -95.010  0.723 0.8999999762
23  0.523  -95.130  0.067 0.5000000000
26  10.084  -95.042  -1.072 0.5000000000
31  1.475  -95.162  -0.447 0.8000000119
33  -0.239  -94.662  -0.563 0.4000000060
34  10.923  -94.982  -1.602 0.5000000000
35  10.474  -95.024  -1.625 0.5000000000
36  9.855  -94.983  -1.849 0.5000000000
38  5.797  -95.093  -1.898 0.6999999881
40  4.002  -95.093  -1.398 0.8000000119
41  1.451  -95.137  -1.296 0.6999999881
43  -0.023  -94.562  -1.376 0.3000000119
44  10.881  -94.759  -2.190 0.5000000000
46  5.948  -95.123  -2.591 0.8000000119
49  1.875  -95.140  -2.819 0.6000000238
54  9.919  -93.688  -2.891 0.5000000000
55  6.154  -94.896  -3.089 0.8000000119
56  5.698  -95.140  -3.221 0.8000000119
58  3.153  -95.112  -3.447 0.6000000238
59  2.289  -95.112  -3.493 0.4000000060
61  0.707  -94.321  -3.532 0.3000000119
62  9.846  -93.666  -3.990 0.5000000000
64  5.780  -95.032  -4.608 0.6999999881
65  5.039  -95.174  -4.806 0.6999999881
67  2.691  -95.061  -4.143 0.6000000238
68  1.264  -94.474  -4.079 0.3000000119
71  3.768  -94.882  -5.537 0.5000000000
72  3.174  -95.032  -4.831 0.5000000000
76  4.397  -94.882  -6.060 0.6999999881
77  11.593  -94.134  -13.927 0.6999999881
78  11.010  -94.382  -13.698 0.6999999881
79  10.403  -94.370  -13.576 0.6999999881
85  11.341  -94.434  -14.430 0.6999999881
86  10.844  -94.638  -14.164 0.6999999881
87  9.051  -94.337  -14.497 0.5000000000
91  9.594  -94.312  -15.598 0.6000000238
93  11.678  -94.230  -16.038 0.8000000119
94  10.866  -94.403  -15.736 0.8000000119
95  10.164  -94.364  -16.059 0.6999999881
96  8.927  -94.178  -15.761 0.5000000000
101  2.733  -93.409  4.965 0.8999999762
105  3.910  -93.265  3.758 0.8999999762
107  1.375  -94.260  4.934 0.8000000119
108  0.429  -94.455  4.914 0.6999999881
110  11.020  -93.205  3.082 0.3000000119
113  -0.526  -94.475  3.807 0.4000000060
117  10.500  -93.186  2.215 0.3000000119
118  4.880  -93.729  2.362 0.8999999762
119  4.256  -94.133  2.521 0.6999999881
121  -1.272  -93.944  2.441 0.2000000030
122  11.159  -93.385  1.814 0.4000000060
126  4.919  -94.197  1.886 0.8000000119
127  -0.736  -94.751  1.500 0.3000000119
128  -1.154  -94.276  1.599 0.1000000015
130  10.297  -94.153  0.351 0.4000000060
131  10.164  -93.868  0.499 0.5000000000
132  5.570  -94.454  -0.222 1.0000000000
133  5.557  -94.173  0.630 1.0000000000
137  10.152  -94.994  -0.260 0.5000000000
139  6.072  -94.537  -0.971 1.0000000000
140  -0.940  -94.178  -0.284 0.2000000030
142  8.936  -94.035  -2.405 0.5000000000
143  6.198  -94.490  -1.713 1.0000000000
145  10.896  -93.993  -2.510 0.5000000000
148  -0.058  -94.157  -3.057 0.4000000060
149  -0.358  -93.967  -2.519 0.3000000119
150  10.719  -93.346  -3.366 0.5000000000
151  9.444  -93.891  -3.577 0.5000000000
152  8.744  -94.026  -3.297 0.5000000000
153  0.025  -93.903  -3.692 0.2000000030
154  -0.209  -93.828  -3.021 0.2000000030
155  10.497  -93.466  -5.202 0.5000000000
157  9.632  -94.054  -5.036 0.5000000000
161  1.154  -94.207  -4.823 0.2000000030
162  0.541  -94.035  -4.272 0.2000000030
164  9.744  -94.117  -5.860 0.5000000000
167  1.728  -94.167  -5.552 0.3000000119
170  10.020  -94.094  -6.526 0.5000000000
172  8.878  -94.341  -6.035 0.5000000000
173  6.040  -93.810  -7.417 0.8000000119
175  4.629  -94.530  -6.624 0.6000000238
177  2.324  -94.153  -6.357 0.3000000119
179  0.988  -93.213  -5.770 0.2000000030
181  10.571  -93.880  -7.184 0.5000000000
183  9.238  -94.306  -7.489 0.5000000000
184  8.967  -94.244  -7.651 0.6000000238
185  5.748  -94.061  -7.417 0.6000000238
186  5.029  -94.260  -7.367 0.6999999881
189  12.673  -93.737  -9.105 0.8000000119
190  11.896  -93.749  -8.808 0.8000000119
191  9.577  -94.238  -8.209 0.5000000000
193  5.354  -93.914  -8.121 0.3000000119
195  3.675  -93.856  -7.933 0.3000000119
196  14.248  -93.804  -9.666 0.8000000119
200  10.339  -94.149  -9.631 0.6999999881
204  13.301  -94.050  -10.667 0.8000000119
206  10.939  -94.101  -10.213 0.8999999762
208  16.248  -92.722  -11.681 0.8999999762
211  12.755  -93.967  -10.841 0.8999999762
218  9.847  -94.110  -13.170 0.6999999881
219  9.044  -94.176  -13.009 0.5000000000
224  13.983  -93.309  -14.575 0.8999999762
225  12.578  -93.583  -14.259 0.8999999762
226  9.695  -94.322  -13.538 0.6999999881
227  8.871  -94.242  -13.654 0.6000000238
228  8.044  -94.000  -13.653 0.5000000000
229  7.496  -93.766  -13.944 0.5000000000
230  15.578  -92.625  -14.802 1.0000000000
237  15.235  -93.071  -15.158 0.8999999762
240  8.702  -94.127  -15.031 0.5000000000
242  14.365  -93.183  -16.407 0.8000000119
247  8.663  -94.065  -16.389 0.4000000060
250  13.154  -93.517  -17.067 0.8000000119
252  11.121  -94.137  -17.360 0.6000000238
253  10.486  -94.103  -17.695 0.6000000238
254  9.619  -94.121  -17.583 0.6000000238
258  12.603  -93.577  -18.508 0.6000000238
259  12.015  -94.005  -18.613 0.6000000238
264  13.028  -93.027  -19.015 0.6000000238
266  11.861  -93.503  -19.146 0.6000000238
269  9.059  -93.581  -18.751 0.6000000238
276  8.323  -92.370  8.798 0.2000000030
277  7.581  -92.443  8.964 0.2000000030
278  10.757  -92.584  7.542 0.3000000119
281  8.796  -92.481  8.183 0.2000000030
285  9.660  -92.612  7.233 0.3000000119
286  9.052  -92.422  7.659 0.2000000030
287  11.148  -92.803  6.115 0.3000000119
288  10.424  -92.779  6.452 0.4000000060
289  10.176  -92.893  6.535 0.3000000119
290  9.335  -92.435  7.061 0.2000000030
291  1.646  -92.680  6.646 0.8999999762
292  1.081  -93.085  6.639 1.0000000000
294  -0.171  -93.140  6.507 0.6999999881
297  10.714  -93.124  5.300 0.3000000119
300  1.881  -93.092  6.188 1.0000000000
301  0.129  -93.480  6.230 0.6999999881
302  -0.353  -93.461  5.659 0.6999999881
304  11.519  -92.868  4.308 0.3000000119
305  10.726  -93.014  4.620 0.3000000119
306  10.437  -92.554  4.808 0.3000000119
309  -0.887  -93.399  4.835 0.6000000238
310  -1.281  -93.260  4.069 0.6000000238
311  12.234  -92.651  3.736 0.3000000119
312  11.601  -93.031  3.400 0.3000000119
315  4.491  -92.927  3.500 0.8999999762
316  -1.014  -93.912  3.987 0.3000000119
317  -1.351  -93.539  3.272 0.3000000119
318  12.258  -92.958  2.864 0.4000000060
320  5.069  -93.493  2.297 0.8999999762
321  -1.425  -93.141  2.580 0.2000000030
323  11.948  -93.289  2.089 0.4000000060
332  11.930  -93.599  -0.847 0.5000000000
337  9.267  -94.058  -0.932 0.4000000060
339  6.210  -93.845  -1.955 0.8999999762
341  -0.377  -93.455  -1.450 0.1000000015
342  11.571  -93.195  -2.245 0.5000000000
344  6.180  -93.725  -2.760 0.8999999762
345  -0.382  -93.751  -2.162 0.2000000030
347  8.112  -94.049  -3.809 0.5000000000
348  6.318  -94.243  -3.319 0.8999999762
353  8.262  -94.068  -4.600 0.5000000000
354  6.294  -94.120  -4.035 0.8999999762
355  6.086  -93.654  -4.473 0.8999999762
360  6.158  -94.260  -5.704 0.8000000119
361  0.913  -93.397  -4.977 0.2000000030
363  12.102  -93.255  -6.523 0.5000000000
364  11.091  -93.394  -6.113 0.5000000000
365  8.679  -93.686  -7.368 0.6000000238
367  6.198  -93.803  -6.179 0.8999999762
368  1.157  -93.162  -6.919 0.2000000030
369  0.936  -92.961  -6.568 0.2000000030
370  12.971  -93.163  -7.659 0.6999999881
373  8.827  -93.996  -8.133 0.5000000000
375  1.717  -93.196  -7.518 0.2000000030
376  1.022  -92.889  -7.313 0.2000000030
377  13.839  -93.126  -8.769 0.8000000119
381  5.537  -93.418  -8.759 0.4000000060
383  4.242  -93.678  -8.462 0.2000000030
387  16.756  -92.476  -10.332 0.8000000119
390  13.410  -93.682  -9.228 0.8000000119
391  9.692  -93.896  -9.849 0.6000000238
392  5.781  -93.116  -9.389 0.4000000060
395  3.338  -93.075  -9.102 0.3000000119
397  17.684  -92.647  -11.275 0.8999999762
398  17.057  -92.725  -11.022 0.8000000119
401  12.179  -93.696  -10.767 0.8999999762
402  11.241  -93.591  -10.576 0.8999999762
404  5.443  -92.882  -9.836 0.4000000060
406  3.666  -92.789  -9.663 0.3000000119
412  18.312  -92.249  -12.916 0.8999999762
413  17.469  -92.332  -12.407 0.8999999762
414  17.049  -90.810  -13.539 0.8999999762
416  15.328  -91.818  -13.355 0.8999999762
417  14.907  -92.744  -12.185 0.8999999762
418  10.863  -93.402  -13.220 0.6999999881
421  7.520  -93.541  -12.533 0.6000000238
423  18.344  -91.920  -13.775 0.8999999762
425  14.962  -93.040  -13.880 0.8999999762
429  7.394  -93.804  -13.206 0.6000000238
430  6.733  -93.540  -13.596 0.6000000238
432  16.441  -91.062  -14.345 0.8999999762
433  6.137  -93.144  -14.182 0.5000000000
439  5.993  -92.787  -14.959 0.3000000119
442  8.280  -93.388  -15.829 0.4000000060
444  8.380  -93.563  -17.396 0.4000000060
451  17.056  -93.013  -19.871 0.8999999762
454  14.498  -93.152  -19.392 0.6999999881
462  13.420  -93.169  -20.461 0.5000000000
465  10.674  -93.050  -20.403 0.5000000000
468  8.165  -92.384  -20.001 0.3000000119
473  11.923  -93.072  -21.116 0.5000000000
511  13.392  -90.993  14.621 0.1000000015
515  5.206  -90.922  12.693 0.2000000030
516  4.857  -90.985  12.558 0.2000000030
520  13.242  -90.819  13.780 0.1000000015
523  4.812  -91.469  12.615 0.2000000030
532  15.481  -91.330  11.466 0.1000000015
537  4.644  -92.467  11.535 0.2000000030
538  3.875  -92.340  11.460 0.2000000030
540  7.654  -92.172  10.810 0.2000000030
541  6.017  -92.575  10.659 0.2000000030
546  9.581  -92.253  9.584 0.2000000030
547  7.956  -92.353  9.575 0.2000000030
550  5.733  -92.356  9.725 0.2000000030
554  10.603  -92.471  8.249 0.3000000119
555  9.967  -92.448  8.694 0.2000000030
556  7.388  -92.410  8.927 0.3000000119
557  6.745  -92.285  9.065 0.4000000060
559  11.611  -92.398  7.481 0.3000000119
561  7.866  -92.335  8.200 0.2000000030
563  12.506  -91.957  6.247 0.3000000119
564  12.059  -92.332  6.330 0.3000000119
565  11.605  -92.495  6.781 0.3000000119
567  8.881  -92.124  6.874 0.2000000030
570  0.878  -92.786  6.809 0.8999999762
571  0.159  -92.935  7.042 0.8000000119
572  12.230  -92.277  5.596 0.3000000119
573  9.667  -92.450  6.188 0.4000000060
576  2.378  -92.711  6.269 1.0000000000
577  -0.235  -92.772  6.124 0.6999999881
579  10.332  -92.330  5.024 0.4000000060
581  4.528  -92.442  4.224 0.8999999762
582  3.724  -92.649  4.845 0.8999999762
586  10.249  -92.741  3.957 0.4000000060
587  4.853  -92.584  3.456 0.8999999762
590  12.446  -92.918  2.736 0.4000000060
593  -1.197  -92.467  2.697 0.2000000030
594  17.053  -91.607  1.489 0.1000000015
595  12.648  -92.931  2.002 0.5000000000
596  10.027  -92.880  1.522 0.4000000060
597  5.603  -92.584  1.825 0.8999999762
598  -0.019  -92.543  1.524 0.1000000015
599  -0.889  -92.696  1.818 0.1000000015
600  17.239  -91.715  0.763 0.1000000015
601  16.542  -91.687  0.954 0.2000000030
604  5.788  -92.833  0.466 0.8999999762
607  16.136  -92.284  -0.316 0.2000000030
608  16.004  -92.084  0.331 0.2000000030
609  12.277  -92.431  -0.771 0.5000000000
611  9.344  -92.886  -0.120 0.5000000000
615  16.307  -92.293  -1.172 0.3000000119
616  16.001  -92.192  -1.760 0.4000000060
623  16.368  -92.283  -2.185 0.3000000119
626  0.270  -92.702  -2.119 0.1000000015
628  16.916  -92.464  -3.437 0.3000000119
632  11.042  -92.658  -3.829 0.5000000000
633  8.123  -92.975  -2.790 0.5000000000
634  5.481  -92.738  -4.070 0.8999999762
636  0.581  -92.936  -2.915 0.1000000015
638  18.232  -91.620  -3.974 0.3000000119
642  11.116  -92.430  -4.875 0.5000000000
643  7.882  -93.363  -3.566 0.5000000000
646  1.125  -93.074  -4.692 0.1000000015
647  18.370  -91.486  -4.436 0.4000000060
649  16.697  -92.369  -4.613 0.3000000119
652  12.918  -91.824  -6.140 0.6000000238
655  8.247  -93.128  -5.734 0.6000000238
658  0.992  -93.017  -5.726 0.2000000030
662  12.604  -92.765  -6.346 0.6000000238
664  6.052  -93.498  -7.337 0.8000000119
666  1.946  -92.468  -5.984 0.2000000030
668  13.233  -92.250  -7.483 0.6999999881
669  8.966  -92.193  -8.207 0.6000000238
671  5.992  -93.343  -8.020 0.6000000238
681  8.868  -93.899  -8.857 0.6000000238
683  1.188  -92.206  -8.458 0.2000000030
684  17.196  -91.224  -9.137 0.8000000119
685  17.013  -91.843  -9.633 0.8000000119
689  9.094  -93.549  -9.677 0.6000000238
690  6.108  -92.774  -9.424 0.8000000119
692  2.595  -92.606  -9.331 0.2000000030
693  1.556  -92.231  -9.240 0.2000000030
694  0.971  -91.780  -9.152 0.1000000015
695  17.743  -92.114  -10.822 0.8000000119
698  10.303  -93.009  -10.573 0.8000000119
700  5.599  -92.399  -10.237 0.4000000060
702  3.903  -92.458  -10.352 0.3000000119
703  2.036  -92.241  -9.967 0.2000000030
706  15.945  -91.133  -12.455 1.0000000000
709  12.867  -93.026  -11.451 0.8999999762
711  2.237  -91.971  -11.176 0.3000000119
714  15.036  -92.135  -13.118 1.0000000000
719  18.449  -92.019  -13.742 0.8999999762
720  15.820  -90.844  -13.963 0.8999999762
727  17.976  -92.040  -14.402 0.8000000119
728  15.649  -91.103  -14.049 0.8999999762
731  17.666  -92.244  -15.033 0.8000000119
737  4.766  -92.025  -15.984 0.1000000015
738  15.709  -91.487  -16.233 0.8999999762
739  15.331  -91.156  -16.979 0.8999999762
741  7.987  -92.881  -15.325 0.3000000119
749  20.157  -91.859  -19.038 0.8999999762
750  19.647  -92.078  -18.775 1.0000000000
751  18.283  -92.441  -18.776 1.0000000000
761  7.975  -92.235  -19.353 0.3000000119
763  18.281  -91.592  -20.646 1.0000000000
765  17.365  -92.348  -20.624 0.8999999762
767  7.926  -91.960  -20.817 0.2000000030
773  8.973  -92.264  -21.665 0.2000000030
775  8.151  -91.843  -21.529 0.3000000119
776  16.955  -90.059  -20.979 0.8000000119
779  15.926  -90.632  -22.594 0.6999999881
783  12.659  -91.974  -22.886 0.5000000000
787  8.591  -91.778  -22.162 0.2000000030
790  14.253  -90.274  -23.028 0.5000000000
794  10.562  -91.231  -23.248 0.3000000119
799  13.405  -90.646  -23.582 0.5000000000
802  10.931  -90.177  -23.433 0.2000000030
806  9.642  -89.283  21.403 0.1000000015
825  8.101  -89.650  18.936 0.1000000015
829  7.039  -90.381  17.648 0.1000000015
836  6.106  -91.126  17.549 0.1000000015
837  5.279  -91.004  17.576 0.1000000015
862  5.813  -90.810  13.214 0.2000000030
863  5.645  -90.737  13.143 0.2000000030
865  4.568  -90.824  12.652 0.2000000030
868  17.015  -91.258  11.643 0.1000000015
870  13.279  -91.107  12.377 0.1000000015
873  6.104  -91.454  12.510 0.2000000030
880  16.749  -91.492  11.335 0.1000000015
881  16.070  -91.531  11.148 0.1000000015
884  13.419  -91.120  11.675 0.1000000015
885  7.872  -91.594  11.170 0.1000000015
886  6.341  -91.947  12.075 0.2000000030
887  3.367  -91.958  11.291 0.2000000030
888  3.194  -91.171  11.167 0.3000000119
892  14.859  -91.443  10.776 0.1000000015
893  9.847  -92.147  10.073 0.2000000030
894  8.466  -91.919  10.645 0.2000000030
895  4.163  -92.275  10.498 0.2000000030
900  11.154  -91.706  9.254 0.2000000030
902  5.277  -91.759  9.529 0.3000000119
904  12.355  -91.714  8.196 0.3000000119
906  6.488  -91.560  8.653 0.3000000119
911  7.612  -91.994  7.896 0.3000000119
916  8.832  -92.071  6.842 0.4000000060
917  1.127  -92.491  6.656 1.0000000000
919  12.654  -91.798  5.775 0.3000000119
920  12.445  -92.176  5.159 0.3000000119
922  4.092  -91.767  5.377 0.8999999762
923  3.326  -91.590  6.065 0.8999999762
924  -0.240  -91.823  5.509 0.6999999881
926  12.411  -92.255  4.498 0.3000000119
931  -1.062  -91.408  4.725 0.6999999881
937  10.499  -91.532  3.955 0.4000000060
938  10.081  -91.940  3.139 0.4000000060
939  5.293  -92.158  3.471 0.8999999762
944  12.577  -92.356  2.540 0.5000000000
953  12.560  -92.047  1.613 0.5000000000
954  9.934  -92.303  1.559 0.5000000000
968  17.801  -91.165  -0.678 0.1000000015
969  17.479  -91.683  -0.032 0.1000000015
970  15.770  -91.980  0.176 0.2000000030
971  15.682  -92.023  -0.575 0.4000000060
972  12.706  -91.014  -0.112 0.5000000000
974  9.090  -92.131  -0.610 0.5000000000
981  8.960  -91.807  -1.418 0.5000000000
982  5.425  -91.662  -1.725 0.8999999762
984  17.898  -91.256  -2.545 0.3000000119
986  15.738  -92.089  -2.553 0.4000000060
994  15.192  -92.206  -4.116 0.6000000238
999  19.936  -90.763  -5.213 0.4000000060
1000  18.806  -91.046  -4.220 0.4000000060
1005  5.523  -91.269  -5.206 1.0000000000
1007  2.230  -92.090  -3.839 0.1000000015
1009  19.147  -91.080  -5.185 0.5000000000
1010  18.535  -91.192  -5.206 0.5000000000
1014  12.007  -91.641  -5.512 0.5000000000
1018  2.439  -92.284  -5.008 0.1000000015
1021  19.164  -90.875  -6.226 0.5000000000
1029  1.817  -91.950  -6.565 0.1000000015
1030  1.524  -92.114  -7.030 0.2000000030
1031  21.083  -91.028  -7.657 0.5000000000
1035  17.189  -90.556  -7.719 0.6999999881
1042  1.222  -92.003  -7.845 0.2000000030
1045  18.278  -90.545  -8.024 0.6999999881
1046  17.357  -90.619  -8.060 0.6999999881
1050  6.285  -91.971  -9.310 1.0000000000
1052  0.998  -91.751  -8.584 0.1000000015
1053  17.566  -90.551  -8.602 0.6999999881
1056  6.130  -92.077  -9.942 0.6999999881
1061  10.169  -92.013  -10.365 0.6000000238
1062  9.502  -92.737  -10.237 0.6000000238
1065  3.903  -92.111  -11.096 0.3000000119
1066  1.711  -91.933  -10.604 0.3000000119
1067  1.167  -91.371  -10.535 0.3000000119
1068  18.866  -91.351  -11.829 0.8000000119
1069  15.452  -91.092  -11.977 1.0000000000
1077  19.278  -91.486  -12.775 0.8000000119
1078  16.252  -90.682  -12.862 1.0000000000
1080  10.241  -91.272  -12.863 0.8999999762
1083  7.554  -92.228  -12.290 0.6999999881
1084  6.339  -91.151  -12.739 0.6999999881
1086  19.019  -91.615  -13.511 0.8999999762
1087  15.987  -90.055  -13.704 0.8999999762
1089  13.186  -91.560  -13.801 0.8999999762
1098  15.894  -90.719  -13.982 0.8999999762
1100  15.017  -90.885  -14.294 0.8999999762
1104  17.405  -91.866  -15.204 0.8000000119
1107  9.756  -91.611  -15.488 0.1000000015
1111  4.047  -91.599  -15.646 0.1000000015
1112  3.419  -90.997  -16.048 0.2000000030
1114  20.740  -90.964  -17.032 0.8999999762
1119  9.102  -92.432  -16.170 0.2000000030
1120  6.933  -91.301  -16.303 0.1000000015
1122  5.026  -91.544  -16.660 0.1000000015
1127  18.333  -91.124  -17.506 0.8999999762
1130  10.440  -91.578  -16.457 0.1000000015
1133  21.088  -90.773  -18.817 0.8999999762
1137  7.967  -92.014  -18.921 0.2000000030
1138  20.393  -91.128  -19.295 0.8999999762
1140  19.959  -91.050  -19.950 0.8999999762
1141  19.104  -90.633  -20.095 0.8999999762
1143  7.967  -91.375  -20.231 0.2000000030
1145  7.973  -91.482  -21.351 0.2000000030
1148  8.547  -91.153  -22.798 0.2000000030
1155  15.211  -90.428  -23.621 0.5000000000
1164  13.392  -91.139  -24.391 0.4000000060
1168  9.969  -90.965  -24.292 0.2000000030
1169  9.327  -90.650  -24.155 0.2000000030
1173  12.698  -91.074  -24.640 0.3000000119
1175  10.446  -90.541  -24.798 0.2000000030
1177  8.181  -89.142  24.000 0.1000000015
1183  7.389  -89.193  23.300 0.1000000015
1192  8.657  -89.406  21.736 0.1000000015
1193  8.116  -89.674  21.179 0.1000000015
1194  7.507  -89.499  21.507 0.1000000015
1201  7.522  -89.633  18.456 0.1000000015
1203  6.969  -89.377  18.096 0.1000000015
1205  6.324  -90.216  16.975 0.1000000015
1209  4.918  -91.024  17.392 0.1000000015
1210  4.901  -90.668  16.868 0.2000000030
1229  5.775  -90.292  14.173 0.1000000015
1238  11.608  -90.343  12.483 0.1000000015
1239  10.750  -90.019  12.935 0.1000000015
1242  3.318  -90.664  12.054 0.2000000030
1246  13.550  -90.841  11.056 0.1000000015
1251  2.635  -90.471  11.349 0.2000000030
1252  1.915  -90.073  11.134 0.2000000030
1258  15.181  -91.160  10.078 0.1000000015
1260  13.713  -89.938  10.564 0.2000000030
1261  10.195  -90.851  10.203 0.1000000015
1266  2.657  -90.529  11.087 0.2000000030
1271  15.586  -90.755  9.462 0.1000000015
1272  14.912  -90.426  9.666 0.2000000030
1273  11.156  -90.727  9.234 0.2000000030
1277  4.493  -91.493  9.908 0.3000000119
1278  15.979  -90.319  8.858 0.1000000015
1281  6.973  -90.279  8.038 0.4000000060
1284  12.946  -90.547  7.009 0.3000000119
1285  12.676  -91.245  7.602 0.3000000119
1286  8.449  -90.695  7.292 0.4000000060
1288  6.931  -91.171  7.850 0.4000000060
1289  2.190  -90.072  7.280 1.0000000000
1291  13.051  -90.874  6.446 0.3000000119
1292  10.093  -90.040  5.991 0.5000000000
1305  10.069  -91.102  5.543 0.4000000060
1306  5.271  -90.511  4.954 0.8999999762
1309  1.652  -90.867  6.572 1.0000000000
1311  -0.455  -90.807  4.876 0.6999999881
1314  18.230  -90.074  4.459 0.1000000015
1315  13.165  -90.712  4.332 0.3000000119
1317  5.606  -90.741  4.384 0.8999999762
1327  -0.970  -89.857  3.643 0.8000000119
1329  17.153  -90.344  3.104 0.1000000015
1330  16.743  -90.848  2.575 0.2000000030
1333  10.536  -90.249  2.827 0.5000000000
1336  5.824  -91.231  2.412 0.8999999762
1341  -0.790  -90.170  2.905 0.6000000238
1345  12.842  -90.874  1.427 0.5000000000
1348  6.079  -90.950  1.430 0.8999999762
1357  6.446  -90.246  0.291 0.8999999762
1364  9.830  -90.990  -0.013 0.5000000000
1371  15.686  -91.306  -1.330 0.4000000060
1372  12.766  -90.570  -0.893 0.5000000000
1377  18.029  -90.886  -2.432 0.1000000015
1379  12.284  -90.547  -2.576 0.5000000000
1380  12.027  -90.746  -3.301 0.5000000000
1389  14.651  -91.278  -4.336 0.6000000238
1394  5.559  -90.191  -3.285 0.8999999762
1397  18.957  -90.696  -4.264 0.3000000119
1399  13.012  -90.485  -4.765 0.6000000238
1400  12.376  -90.608  -4.511 0.5000000000
1401  9.048  -90.772  -4.425 0.6999999881
1406  16.931  -90.533  -6.222 0.6999999881
1408  8.685  -91.384  -5.201 0.6999999881
1411  21.590  -90.100  -6.469 0.4000000060
1413  17.769  -90.527  -6.211 0.6999999881
1415  15.243  -90.359  -7.338 0.6999999881
1418  2.148  -91.109  -6.430 0.1000000015
1419  21.375  -90.659  -7.376 0.4000000060
1426  5.835  -91.289  -7.563 1.0000000000
1428  1.668  -90.655  -7.736 0.1000000015
1430  21.098  -91.102  -8.949 0.6000000238
1431  20.183  -90.918  -8.688 0.6999999881
1433  9.880  -90.095  -9.181 0.8000000119
1436  1.355  -90.638  -8.683 0.2000000030
1439  17.794  -90.234  -8.996 0.6999999881
1440  17.583  -90.268  -9.620 0.6999999881
1441  12.209  -90.058  -10.080 0.8000000119
1443  10.139  -90.504  -9.906 0.6999999881
1447  17.773  -89.935  -10.439 0.8000000119
1456  0.884  -90.726  -10.399 0.2000000030
1461  3.687  -90.958  -12.120 0.4000000060
1465  16.065  -89.998  -13.130 0.8999999762
1466  16.022  -90.229  -12.653 0.8999999762
1473  6.337  -90.219  -13.105 0.6999999881
1476  0.983  -89.794  -12.502 0.3000000119
1479  15.127  -89.904  -13.827 0.8999999762
1480  14.641  -90.468  -14.106 0.8999999762
1483  10.892  -91.235  -12.976 0.8999999762
1486  1.473  -90.045  -14.309 0.1000000015
1487  1.025  -89.746  -13.654 0.2000000030
1488  22.142  -89.659  -15.511 0.5000000000
1490  21.322  -89.845  -15.039 0.6999999881
1492  15.626  -90.230  -13.873 0.8999999762
1493  15.212  -90.576  -14.168 0.8999999762
1499  20.197  -90.093  -15.990 0.8999999762
1502  12.112  -90.306  -16.010 0.1000000015
1504  10.504  -91.208  -15.542 0.1000000015
1506  8.474  -90.701  -15.595 0.1000000015
1510  1.777  -89.695  -15.449 0.1000000015
1512  21.297  -90.531  -16.558 0.8000000119
1513  20.546  -90.622  -16.416 0.8999999762
1517  12.286  -90.341  -16.740 0.1000000015
1518  11.715  -90.874  -16.545 0.1000000015
1521  5.338  -90.649  -17.088 0.1000000015
1523  2.994  -90.306  -16.351 0.1000000015
1526  16.347  -90.445  -17.242 0.8000000119
1528  11.181  -91.148  -17.071 0.1000000015
1540  7.912  -91.105  -21.064 0.2000000030
1547  21.165  -89.369  -22.655 0.8000000119
1549  8.080  -90.886  -22.277 0.2000000030
1552  21.590  -89.036  -23.028 0.8000000119
1558  20.151  -89.964  -23.812 0.8999999762
1563  8.881  -90.322  -24.010 0.2000000030
1566  18.965  -89.927  -25.029 0.5000000000
1592  8.348  -88.656  24.081 0.1000000015
1593  7.759  -88.997  24.176 0.1000000015
1595  7.034  -88.842  24.344 0.1000000015
1601  10.213  -88.507  22.615 0.1000000015
1603  7.194  -89.100  24.016 0.1000000015
1604  6.949  -88.855  23.544 0.1000000015
1613  7.020  -88.832  22.491 0.1000000015
1628  7.411  -89.077  21.176 0.1000000015
1647  6.538  -89.514  17.411 0.1000000015
1660  5.660  -90.334  16.639 0.1000000015
1663  5.499  -89.825  15.885 0.2000000030
1668  7.458  -89.233  14.259 0.1000000015
1669  6.798  -90.021  14.448 0.1000000015
1678  4.664  -89.848  13.957 0.2000000030
1690  1.873  -89.320  12.224 0.1000000015
1691  1.379  -89.214  11.990 0.2000000030
1696  8.344  -89.445  11.356 0.1000000015
1697  7.477  -89.585  12.063 0.1000000015
1705  13.271  -89.213  10.822 0.1000000015
1709  2.876  -90.090  10.454 0.3000000119
1710  1.541  -89.511  11.096 0.2000000030
1720  14.288  -88.662  9.408 0.2000000030
1723  6.232  -89.744  9.093 0.3000000119
1732  12.213  -89.268  8.063 0.2000000030
1733  11.709  -88.592  8.676 0.2000000030
1735  6.827  -89.580  8.709 0.3000000119
1739  13.196  -89.761  6.483 0.2000000030
1744  1.961  -89.448  7.624 1.0000000000
1755  3.816  -89.172  6.457 0.8999999762
1758  1.793  -89.922  7.093 1.0000000000
1762  13.544  -89.425  5.330 0.3000000119
1763  10.549  -90.100  5.270 0.5000000000
1765  4.712  -89.429  5.791 0.8999999762
1773  6.337  -89.592  4.150 0.8999999762
1776  1.027  -89.218  5.036 0.8000000119
1777  -0.292  -89.435  4.372 0.8000000119
1781  13.410  -89.776  3.840 0.4000000060
1782  5.984  -90.241  4.114 0.8999999762
1787  16.705  -90.165  2.390 0.2000000030
1788  13.361  -89.695  2.923 0.5000000000
1790  6.598  -89.435  2.594 0.8000000119
1804  10.299  -90.113  0.334 0.5000000000
1805  6.681  -89.633  0.599 0.8999999762
1817  17.869  -89.199  -1.819 0.1000000015
1818  15.959  -90.099  -1.214 0.4000000060
1821  12.962  -89.391  -1.855 0.5000000000
1824  6.552  -89.599  -1.319 0.8999999762
1825  6.049  -90.031  -1.937 0.8999999762
1832  12.956  -89.186  -2.725 0.5000000000
1841  14.122  -89.530  -3.964 0.6000000238
1844  10.051  -89.245  -3.658 0.6999999881
1846  6.122  -88.651  -3.329 0.8999999762
1847  5.781  -89.248  -3.326 0.8999999762
1855  18.380  -89.568  -3.848 0.3000000119
1858  9.545  -89.958  -4.001 0.6000000238
1868  5.826  -89.367  -5.636 1.0000000000
1873  9.854  -90.197  -6.988 0.8000000119
1875  5.650  -90.033  -6.180 1.0000000000
1877  3.113  -89.662  -6.136 0.1000000015
1878  21.649  -89.840  -7.657 0.4000000060
1887  6.892  -90.157  -8.660 1.0000000000
1889  2.309  -89.490  -8.103 0.1000000015
1890  1.751  -90.117  -8.243 0.1000000015
1892  19.859  -89.708  -9.043 0.6999999881
1897  12.301  -88.936  -9.878 0.8000000119
1900  7.328  -89.101  -10.093 1.0000000000
1902  1.813  -89.089  -9.449 0.1000000015
1908  14.362  -89.313  -9.844 1.0000000000
1910  6.621  -89.407  -10.576 1.0000000000
1911  5.623  -89.368  -11.094 0.8000000119
1913  0.894  -90.029  -10.251 0.1000000015
1914  18.414  -89.840  -12.034 0.8000000119
1915  17.851  -88.952  -12.040 0.8000000119
1916  15.486  -89.794  -12.020 1.0000000000
1918  3.914  -90.021  -12.288 0.5000000000
1919  0.914  -88.757  -11.133 0.1000000015
1921  22.996  -88.866  -13.292 0.4000000060
1922  22.523  -89.044  -13.304 0.5000000000
1924  15.999  -89.853  -13.036 0.8999999762
1926  15.115  -89.216  -12.800 1.0000000000
1928  11.869  -89.320  -12.666 0.8999999762
1929  10.921  -89.328  -12.650 0.8999999762
1932  7.959  -89.283  -12.712 0.8000000119
1934  4.083  -89.142  -12.376 0.6999999881
1936  2.679  -90.315  -13.505 0.2000000030
1937  0.813  -88.828  -12.910 0.2000000030
1940  21.972  -89.488  -13.780 0.6000000238
1942  17.606  -88.857  -13.786 0.6999999881
1943  15.542  -89.632  -13.269 0.8999999762
1944  14.902  -89.527  -13.477 0.8999999762
1945  14.230  -89.752  -13.656 0.8999999762
1948  6.483  -89.225  -13.276 0.8000000119
1953  22.733  -89.346  -15.161 0.5000000000
1955  20.512  -89.526  -14.749 0.8000000119
1958  4.411  -89.667  -14.053 0.5000000000
1959  3.736  -89.758  -14.326 0.2000000030
1960  1.283  -89.510  -14.927 0.1000000015
1967  10.943  -89.316  -15.517 0.1000000015
1968  9.562  -89.751  -15.574 0.1000000015
1972  17.444  -89.528  -16.475 0.8000000119
1973  13.122  -89.489  -16.431 0.1000000015
1976  4.361  -90.238  -17.106 0.1000000015
1978  2.710  -89.816  -16.495 0.1000000015
1979  22.107  -89.359  -16.517 0.6000000238
1981  12.708  -89.857  -17.064 0.1000000015
1987  11.551  -88.646  -18.367 0.1000000015
1995  10.025  -89.143  -19.126 0.1000000015
1996  9.411  -89.495  -19.602 0.1000000015
1997  8.765  -89.918  -20.080 0.2000000030
2018  21.157  -89.317  -23.409 0.6999999881
2101  9.329  -88.052  23.962 0.1000000015
2108  10.561  -87.958  22.701 0.1000000015
2120  6.949  -88.762  22.863 0.1000000015
2147  7.486  -88.779  19.911 0.1000000015
2155  6.645  -88.974  17.891 0.1000000015
2162  6.633  -88.621  17.775 0.1000000015
2172  6.214  -88.553  17.062 0.1000000015
2185  9.046  -88.760  13.973 0.1000000015
2186  8.229  -88.877  14.226 0.1000000015
2188  4.815  -88.864  14.121 0.2000000030
2196  8.494  -88.178  13.707 0.1000000015
2199  3.536  -88.814  13.069 0.2000000030
2201  1.123  -88.046  12.684 0.2000000030
2208  10.413  -87.888  12.616 0.1000000015
2210  0.775  -88.478  12.187 0.3000000119
2215  11.501  -87.799  11.613 0.1000000015
2217  8.452  -87.774  11.965 0.1000000015
2224  10.345  -87.570  10.578 0.1000000015
2225  9.526  -87.954  10.858 0.1000000015
2228  3.977  -88.550  10.386 0.4000000060
2231  1.469  -89.014  10.908 0.2000000030
2232  1.148  -88.971  11.414 0.2000000030
2243  6.938  -88.046  9.322 0.5000000000
2245  4.621  -88.902  10.073 0.4000000060
2250  17.436  -88.386  8.377 0.1000000015
2256  7.226  -88.702  8.821 0.5000000000
2263  9.057  -88.579  7.277 0.5000000000
2265  1.358  -88.857  7.913 0.8999999762
2266  0.845  -88.341  7.723 0.8999999762
2267  0.432  -87.762  7.411 1.0000000000
2272  13.904  -87.818  6.256 0.3000000119
2277  0.785  -88.543  7.107 1.0000000000
2284  10.692  -88.638  5.673 0.5000000000
2296  11.130  -88.210  3.995 0.5000000000
2297  11.047  -89.004  4.223 0.5000000000
2299  5.967  -89.184  4.718 0.8000000119
2318  16.949  -88.978  2.516 0.2000000030
2319  13.585  -88.583  2.610 0.3000000119
2320  11.207  -88.242  2.621 0.5000000000
2321  7.444  -88.195  3.074 0.8000000119
2326  -0.550  -88.807  2.531 0.5000000000
2327  -1.100  -88.191  2.817 0.6000000238
2335  7.441  -88.232  1.338 0.6999999881
2345  13.550  -88.440  0.053 0.4000000060
2352  15.746  -88.058  -0.652 0.4000000060
2353  15.129  -87.642  -1.087 0.4000000060
2356  7.198  -88.304  -0.565 0.8000000119
2357  6.963  -89.026  0.050 0.8999999762
2362  15.661  -88.890  -1.905 0.4000000060
2364  10.708  -88.137  -1.448 0.5000000000
2374  13.900  -88.238  -2.486 0.5000000000
2376  7.008  -88.064  -2.079 0.8000000119
2379  14.826  -88.689  -3.080 0.5000000000
2380  14.042  -88.743  -3.407 0.5000000000
2381  10.710  -87.644  -2.960 0.5000000000
2382  6.523  -88.251  -3.766 0.8999999762
2395  19.486  -88.902  -5.238 0.3000000119
2396  17.916  -88.128  -5.162 0.2000000030
2397  11.578  -88.434  -5.617 0.6999999881
2399  6.935  -88.175  -5.885 1.0000000000
2406  22.123  -88.491  -6.452 0.3000000119
2408  11.756  -88.335  -6.463 0.8000000119
2413  25.049  -88.135  -7.738 0.2000000030
2421  25.624  -88.009  -9.128 0.4000000060
2426  21.154  -89.105  -8.688 0.6000000238
2427  10.828  -88.135  -8.493 0.8000000119
2429  7.857  -88.487  -8.291 1.0000000000
2432  25.242  -88.298  -9.127 0.4000000060
2433  24.431  -88.460  -9.108 0.3000000119
2438  17.505  -88.285  -9.866 0.6999999881
2439  14.342  -88.012  -9.918 1.0000000000
2446  25.282  -87.882  -10.082 0.4000000060
2447  24.718  -88.466  -10.712 0.4000000060
2450  14.839  -88.421  -10.382 1.0000000000
2451  7.593  -88.273  -10.160 1.0000000000
2455  1.244  -88.861  -10.356 0.1000000015
2457  24.613  -88.428  -11.267 0.4000000060
2460  17.615  -88.050  -11.896 0.8000000119
2464  0.924  -88.166  -11.630 0.1000000015
2465  0.906  -88.855  -12.008 0.2000000030
2466  24.182  -88.390  -12.480 0.4000000060
2473  15.225  -89.295  -12.095 1.0000000000
2474  14.843  -88.747  -11.911 0.8999999762
2479  7.886  -88.362  -12.823 0.8000000119
2481  3.732  -89.165  -13.553 0.2000000030
2484  23.731  -88.453  -13.148 0.4000000060
2489  17.829  -88.074  -13.611 0.8000000119
2490  7.186  -88.039  -13.147 0.8999999762
2496  23.954  -88.076  -13.440 0.4000000060
2497  23.404  -88.634  -13.908 0.5000000000
2498  20.111  -89.047  -14.213 0.8000000119
2502  4.965  -88.835  -13.765 0.6000000238
2504  1.215  -88.837  -14.731 0.1000000015
2509  13.274  -88.317  -15.732 0.1000000015
2513  9.435  -88.302  -15.747 0.1000000015
2514  8.199  -88.314  -16.066 0.1000000015
2517  5.061  -88.524  -16.005 0.1000000015
2519  2.257  -88.796  -15.808 0.1000000015
2520  1.722  -89.223  -15.348 0.1000000015
2521  22.378  -89.071  -16.368 0.6000000238
2526  6.553  -89.149  -16.408 0.1000000015
2530  2.634  -89.226  -16.301 0.1000000015
2535  12.485  -88.956  -17.649 0.1000000015
2539  10.706  -88.858  -18.756 0.1000000015
2551  23.901  -87.279  -21.105 0.5000000000
2552  23.560  -87.454  -20.966 0.5000000000
2553  22.922  -87.598  -21.009 0.6000000238
2554  22.120  -87.956  -21.477 0.6000000238
2559  22.551  -88.006  -21.947 0.6000000238
2562  3.349  -88.644  -21.336 0.2000000030
2564  23.327  -87.425  -22.680 0.6000000238
2566  4.295  -88.371  -21.506 0.1000000015
2569  22.765  -87.801  -23.038 0.6000000238
2572  5.032  -88.091  -21.768 0.1000000015
2576  5.079  -88.138  -24.771 0.1000000015
2578  22.931  -88.047  -24.683 0.6000000238
2579  22.092  -88.117  -24.868 0.5000000000
2580  21.442  -88.218  -25.041 0.6000000238
2582  4.782  -87.545  -24.728 0.1000000015
2603  17.199  -87.991  -28.203 0.5000000000
2606  14.114  -88.241  -28.437 0.1000000015
2616  13.098  -87.681  -28.905 0.1000000015
2714  7.048  -88.633  22.363 0.1000000015
2721  7.426  -88.553  20.800 0.1000000015
2732  7.721  -87.399  18.717 0.1000000015
2738  7.593  -87.329  17.801 0.1000000015
2767  6.205  -87.204  15.005 0.2000000030
2768  5.642  -87.389  14.457 0.2000000030
2771  1.005  -86.762  13.819 0.3000000119
2772  0.972  -86.739  13.888 0.3000000119
2777  9.636  -87.655  12.919 0.1000000015
2778  8.820  -87.639  13.192 0.1000000015
2779  8.088  -87.841  13.341 0.1000000015
2782  1.807  -87.911  13.112 0.2000000030
2792  10.804  -87.433  11.971 0.1000000015
2795  8.336  -87.585  12.699 0.1000000015
2796  0.521  -87.545  12.699 0.2000000030
2802  11.744  -87.465  11.027 0.2000000030
2805  9.667  -87.126  11.930 0.1000000015
2806  8.958  -87.306  12.155 0.1000000015
2812  10.750  -87.105  10.893 0.1000000015
2813  9.986  -87.158  11.237 0.1000000015
2814  6.283  -86.822  10.116 0.4000000060
2816  4.117  -87.599  10.708 0.3000000119
2818  2.229  -87.766  10.639 0.2000000030
2820  0.954  -88.380  11.115 0.2000000030
2825  12.609  -87.347  9.658 0.2000000030
2827  11.050  -87.326  10.171 0.1000000015
2830  5.782  -88.178  9.965 0.4000000060
2832  20.384  -87.447  8.278 0.1000000015
2833  19.661  -87.337  8.553 0.1000000015
2838  13.020  -87.237  9.011 0.2000000030
2840  8.201  -87.592  8.395 0.5000000000
2843  17.012  -86.769  7.270 0.2000000030
2845  15.638  -87.506  6.772 0.1000000015
2846  14.779  -87.672  6.762 0.1000000015
2849  9.838  -87.046  7.083 0.5000000000
2852  2.813  -87.919  7.543 0.8000000119
2853  1.727  -88.225  7.993 0.8999999762
2856  -0.099  -87.061  7.415 0.8999999762
2865  3.764  -87.587  7.035 0.6999999881
2873  10.835  -87.699  5.720 0.5000000000
2876  4.997  -88.015  5.925 0.6999999881
2878  0.394  -87.435  6.407 1.0000000000
2887  6.774  -87.770  4.560 0.8000000119
2888  1.629  -87.621  4.933 0.8000000119
2900  7.617  -87.418  3.506 0.6999999881
2901  7.200  -88.029  3.882 0.8000000119
2908  16.753  -87.664  2.233 0.3000000119
2911  8.120  -86.804  2.192 0.6999999881
2912  7.760  -87.472  2.628 0.8000000119
2923  11.417  -86.699  1.981 0.6000000238
2925  8.282  -86.809  1.013 0.6000000238
2937  15.418  -87.213  0.173 0.4000000060
2940  11.357  -86.951  1.172 0.6000000238
2949  15.872  -87.765  0.015 0.4000000060
2951  14.548  -87.412  -0.459 0.4000000060
2952  14.023  -87.787  -1.116 0.5000000000
2966  10.861  -87.174  -1.682 0.5000000000
2975  14.534  -87.974  -2.201 0.4000000060
2976  10.882  -86.916  -2.978 0.5000000000
2978  7.246  -87.446  -2.652 0.8000000119
2986  7.720  -86.813  -3.273 1.0000000000
2989  16.851  -86.923  -4.366 0.2000000030
2992  6.951  -87.823  -4.307 1.0000000000
2998  17.095  -86.451  -5.127 0.2000000030
3000  12.125  -87.533  -5.158 0.6999999881
3001  8.214  -87.229  -5.730 1.0000000000
3003  6.939  -88.048  -5.054 1.0000000000
3009  24.244  -87.383  -6.809 0.1000000015
3011  21.772  -87.861  -5.985 0.1000000015
3016  7.661  -87.757  -6.406 1.0000000000
3021  25.311  -87.618  -7.640 0.3000000119
3022  23.748  -87.822  -6.953 0.2000000030
3026  7.610  -88.075  -7.358 1.0000000000
3031  25.679  -87.743  -8.773 0.3000000119
3032  22.215  -88.333  -8.640 0.4000000060
3043  17.734  -87.555  -9.771 0.6999999881
3044  17.580  -87.498  -10.218 0.6999999881
3055  13.994  -87.453  -10.253 0.8000000119
3056  13.127  -87.069  -10.334 1.0000000000
3057  7.739  -87.295  -10.158 1.0000000000
3058  6.892  -87.550  -10.629 0.8999999762
3065  20.429  -87.351  -11.367 0.6000000238
3067  17.781  -87.386  -11.633 0.8000000119
3070  6.314  -86.826  -11.267 0.8000000119
3071  5.542  -87.203  -11.690 0.8000000119
3075  24.528  -88.000  -12.484 0.4000000060
3078  18.779  -87.502  -12.647 0.8000000119
3080  17.833  -87.701  -12.610 0.8000000119
3081  13.469  -87.388  -11.423 1.0000000000
3082  12.533  -87.331  -12.065 1.0000000000
3085  9.285  -87.301  -12.408 0.8999999762
3087  7.571  -87.369  -12.900 0.8999999762
3088  5.263  -87.236  -12.456 0.8000000119
3089  4.666  -87.945  -12.639 0.6999999881
3090  0.880  -87.332  -12.530 0.1000000015
3095  5.458  -87.276  -13.076 0.8999999762
3099  23.462  -87.450  -14.208 0.4000000060
3104  21.750  -87.614  -15.905 0.4000000060
3111  7.625  -87.650  -15.677 0.1000000015
3114  4.642  -87.701  -15.616 0.1000000015
3115  3.338  -87.469  -15.281 0.1000000015
3118  22.337  -88.537  -16.180 0.4000000060
3127  12.960  -88.384  -17.519 0.1000000015
3145  23.539  -87.161  -19.759 0.5000000000
3151  23.831  -87.348  -20.489 0.5000000000
3155  10.540  -87.491  -20.454 0.1000000015
3158  5.091  -87.513  -21.283 0.4000000060
3160  23.629  -86.931  -22.792 0.5000000000
3163  23.670  -86.384  -23.422 0.6000000238
3165  5.221  -88.179  -22.576 0.1000000015
3170  4.750  -87.020  -23.127 0.2000000030
3171  23.788  -86.113  -24.511 0.6000000238
3172  24.013  -87.157  -24.855 0.6000000238
3174  4.346  -86.712  -24.702 0.3000000119
3187  18.421  -87.291  -28.522 0.5000000000
3196  18.730  -87.028  -29.128 0.5000000000
3198  16.640  -87.239  -28.689 0.4000000060
3313  1.617  -85.425  17.005 0.3000000119
3337  1.110  -85.841  15.210 0.4000000060
3346  6.049  -86.549  14.625 0.1000000015
3347  5.214  -86.666  14.018 0.2000000030
3349  3.025  -86.485  13.850 0.2000000030
3351  1.134  -86.290  14.566 0.4000000060
3356  3.635  -87.206  13.498 0.2000000030
3371  10.949  -87.048  11.046 0.1000000015
3372  4.689  -85.790  11.116 0.4000000060
3373  0.409  -86.827  11.774 0.4000000060
3379  5.197  -86.257  10.951 0.4000000060
3382  2.148  -86.848  10.846 0.3000000119
3389  7.505  -86.273  9.368 0.4000000060
3398  19.456  -86.633  7.430 0.1000000015
3399  18.556  -86.424  7.544 0.1000000015
3400  17.791  -86.430  7.509 0.1000000015
3402  10.327  -86.287  6.801 0.5000000000
3407  0.775  -87.222  8.050 0.8000000119
3408  -0.169  -86.949  7.572 0.8000000119
3409  -0.769  -86.539  7.407 0.8000000119
3414  18.550  -85.859  6.526 0.1000000015
3417  15.859  -86.275  6.332 0.2000000030
3420  5.200  -86.492  6.231 0.6999999881
3421  4.506  -86.356  6.606 0.6999999881
3422  3.295  -87.020  7.400 0.8000000119
3427  15.437  -85.826  5.837 0.3000000119
3428  14.739  -86.393  5.461 0.1000000015
3431  6.608  -86.589  5.517 0.6999999881
3432  5.944  -86.591  5.782 0.6999999881
3433  1.304  -86.795  5.386 1.0000000000
3439  14.243  -86.190  4.092 0.3000000119
3440  11.445  -86.486  4.684 0.5000000000
3453  11.498  -86.004  3.068 0.5000000000
3454  8.305  -86.157  3.505 0.6000000238
3456  1.311  -85.966  4.127 0.8999999762
3457  0.172  -86.617  3.401 0.8000000119
3465  16.227  -85.944  2.411 0.4000000060
3469  11.365  -85.930  2.234 0.6999999881
3474  -0.660  -86.242  2.675 0.6999999881
3475  -1.577  -86.736  2.154 0.6999999881
3476  -1.767  -86.385  1.558 0.4000000060
3484  14.546  -86.428  1.759 0.3000000119
3485  11.285  -86.121  1.501 0.6000000238
3489  0.914  -86.475  0.893 0.2000000030
3491  -1.582  -86.676  1.373 0.4000000060
3495  15.212  -86.779  0.627 0.4000000060
3500  0.920  -85.876  0.493 0.2000000030
3501  -0.353  -86.469  0.440 0.1000000015
3502  -1.535  -86.361  0.689 0.3000000119
3509  8.395  -86.384  -0.659 0.6999999881
3515  10.671  -86.386  -1.522 0.5000000000
3516  8.451  -86.162  -2.055 0.6999999881
3537  11.268  -86.591  -3.700 0.6999999881
3539  9.252  -85.891  -3.559 0.8000000119
3540  8.492  -86.168  -3.394 0.8000000119
3548  11.735  -86.450  -4.444 0.6999999881
3550  8.616  -86.484  -4.601 1.0000000000
3554  20.023  -87.028  -5.805 0.1000000015
3556  18.304  -86.454  -5.803 0.2000000030
3559  8.875  -86.605  -5.970 1.0000000000
3561  25.121  -86.396  -7.323 0.1000000015
3564  22.573  -86.265  -6.395 0.1000000015
3567  12.583  -86.351  -5.890 0.8000000119
3568  9.367  -85.879  -7.124 1.0000000000
3573  25.510  -86.554  -8.335 0.1000000015
3575  12.696  -86.069  -6.799 0.8000000119
3577  9.312  -85.626  -7.793 0.8999999762
3586  12.162  -85.857  -8.403 0.8000000119
3591  25.640  -87.277  -8.871 0.4000000060
3595  19.653  -86.926  -9.946 0.6000000238
3596  18.661  -86.815  -9.956 0.6000000238
3604  23.941  -86.800  -10.453 0.4000000060
3607  18.344  -86.707  -10.593 0.8000000119
3608  18.211  -86.883  -11.383 0.8000000119
3610  12.778  -86.586  -10.863 1.0000000000
3612  7.517  -86.296  -10.519 1.0000000000
3613  6.901  -86.166  -11.141 1.0000000000
3619  13.438  -87.009  -11.026 1.0000000000
3626  24.280  -87.704  -13.058 0.4000000060
3627  24.169  -86.904  -13.131 0.4000000060
3628  23.700  -86.277  -13.011 0.4000000060
3630  10.724  -86.386  -12.043 0.8999999762
3632  8.873  -86.368  -12.273 0.8999999762
3634  6.385  -86.268  -12.301 0.8999999762
3640  5.800  -86.750  -12.684 0.8000000119
3644  22.193  -86.660  -14.433 0.4000000060
3656  4.503  -86.262  -14.744 0.1000000015
3659  1.959  -86.990  -14.168 0.1000000015
3673  5.038  -86.864  -15.173 0.1000000015
3675  20.194  -87.015  -16.385 0.4000000060
3683  19.060  -86.584  -17.544 0.4000000060
3693  24.340  -86.218  -18.851 0.5000000000
3694  24.052  -86.473  -18.695 0.5000000000
3698  13.445  -86.156  -18.203 0.1000000015
3706  24.023  -86.780  -19.458 0.5000000000
3708  13.045  -85.933  -19.118 0.1000000015
3709  12.340  -86.393  -19.533 0.1000000015
3712  4.637  -86.588  -19.951 0.8999999762
3714  24.101  -87.102  -20.290 0.5000000000
3715  22.100  -86.855  -20.788 0.5000000000
3718  5.537  -86.824  -20.577 0.6999999881
3724  4.793  -87.510  -20.914 0.6000000238
3727  5.634  -86.925  -21.463 0.6999999881
3728  5.214  -87.480  -21.804 0.6999999881
3733  4.631  -87.239  -22.541 0.2000000030
3738  25.222  -86.117  -25.651 0.6999999881
3739  3.569  -85.730  -25.130 0.3000000119
3740  24.491  -86.375  -25.955 0.8000000119
3742  4.084  -86.155  -25.503 0.1000000015
3743  24.256  -86.071  -26.750 0.8000000119
3744  23.301  -86.441  -26.907 0.6000000238
3747  4.752  -86.514  -26.221 0.1000000015
3759  13.835  -86.004  -29.810 0.1000000015
3760  13.516  -86.605  -29.727 0.1000000015
3894  2.204  -85.107  18.451 0.2000000030
3895  1.595  -85.023  18.162 0.2000000030
3904  8.418  -85.370  18.045 0.1000000015
3908  1.911  -85.498  17.318 0.3000000119
3909  1.478  -85.208  17.443 0.3000000119
3919  8.132  -84.958  17.307 0.2000000030
3922  3.142  -85.474  16.755 0.3000000119
3924  1.038  -85.032  16.564 0.3000000119
3936  2.988  -85.679  15.525 0.3000000119
3937  0.930  -85.232  15.792 0.4000000060
3949  5.694  -85.776  14.574 0.2000000030
3974  0.546  -85.865  11.528 0.4000000060
3983  6.733  -85.256  10.300 0.5000000000
3985  4.593  -85.153  11.093 0.4000000060
3987  1.098  -85.592  10.882 0.5000000000
4000  8.881  -85.140  8.630 0.5000000000
4007  10.201  -85.516  7.213 0.5000000000
4008  9.705  -85.528  7.696 0.5000000000
4012  -1.547  -85.427  7.161 0.8000000119
4017  17.176  -85.393  6.429 0.2000000030
4018  16.238  -85.464  6.137 0.2000000030
4019  11.240  -85.009  6.084 0.6000000238
4024  -1.342  -86.128  7.194 0.8000000119
4030  17.434  -85.045  5.600 0.1000000015
4033  15.124  -85.570  5.137 0.3000000119
4035  7.706  -85.345  5.556 0.8000000119
4036  7.039  -85.432  5.869 0.6999999881
4040  0.719  -86.012  5.343 1.0000000000
4046  17.934  -85.388  5.099 0.2000000030
4048  16.721  -84.856  4.418 0.2000000030
4051  11.581  -85.632  4.604 0.6000000238
4052  8.889  -84.947  4.219 0.6000000238
4054  1.365  -85.950  4.648 0.8999999762
4060  17.102  -85.356  3.986 0.2000000030
4063  15.048  -85.551  2.903 0.3000000119
4065  9.356  -84.784  3.394 0.6000000238
4067  1.369  -85.159  4.157 0.8999999762
4079  15.435  -85.737  2.343 0.3000000119
4080  14.862  -85.888  2.282 0.3000000119
4082  10.270  -85.064  2.002 0.6000000238
4083  9.374  -85.263  2.140 0.6000000238
4099  9.770  -85.425  1.438 0.6000000238
4100  9.010  -85.727  1.716 0.6000000238
4109  10.662  -85.800  0.685 0.6999999881
4111  9.573  -85.797  0.174 0.6999999881
4115  -2.011  -85.625  0.498 0.4000000060
4121  10.676  -85.977  -0.062 0.6999999881
4123  9.175  -85.835  -0.981 0.6999999881
4126  -0.256  -85.251  -0.568 0.2000000030
4135  10.292  -85.901  -1.389 0.6999999881
4136  9.851  -85.711  -1.245 0.6999999881
4145  10.342  -86.017  -2.700 0.5000000000
4162  11.948  -85.983  -4.888 0.8000000119
4165  9.978  -85.861  -3.944 0.8999999762
4172  19.268  -85.420  -5.893 0.2000000030
4175  17.005  -85.632  -5.110 0.2000000030
4176  12.290  -85.943  -5.456 0.8000000119
4179  24.791  -85.637  -7.213 0.1000000015
4186  10.801  -85.086  -6.388 0.8000000119
4198  25.096  -85.592  -8.264 0.2000000030
4210  23.630  -86.023  -9.199 0.2000000030
4215  8.662  -85.235  -10.188 1.0000000000
4224  8.221  -85.227  -10.823 1.0000000000
4226  6.997  -85.814  -11.552 0.8999999762
4231  11.452  -85.253  -10.915 0.8999999762
4234  8.080  -85.444  -11.595 0.8999999762
4235  7.432  -85.645  -11.591 0.8999999762
4237  23.232  -85.732  -12.581 0.4000000060
4241  7.539  -85.774  -12.116 0.8999999762
4245  22.177  -85.493  -13.371 0.4000000060
4256  19.649  -85.480  -14.596 0.4000000060
4273  18.021  -85.090  -16.535 0.3000000119
4280  24.348  -85.258  -17.838 0.3000000119
4282  18.109  -84.586  -17.946 0.3000000119
4294  24.274  -85.962  -18.191 0.4000000060
4301  4.032  -85.303  -19.209 0.8999999762
4311  4.586  -85.656  -19.425 0.8999999762
4313  1.128  -86.136  -19.187 0.1000000015
4315  24.343  -86.484  -19.870 0.5000000000
4316  22.466  -86.412  -19.931 0.5000000000
4320  4.043  -86.511  -20.178 0.6000000238
4324  20.417  -85.963  -21.632 0.5000000000
4326  5.861  -85.971  -21.023 0.8000000119
4334  2.263  -86.332  -22.314 0.3000000119
4335  1.717  -85.439  -22.520 0.4000000060
4336  24.595  -85.703  -24.551 0.6999999881
4339  4.804  -85.814  -23.404 0.6999999881
4340  25.147  -85.621  -25.131 0.6999999881
4343  4.139  -85.302  -24.397 0.8000000119
4346  2.896  -85.231  -25.456 0.3000000119
4349  2.609  -84.871  -25.876 0.4000000060
4350  25.143  -84.862  -26.755 0.8000000119
4351  24.439  -85.312  -27.235 0.8000000119
4355  24.412  -84.882  -27.960 0.8000000119
4361  4.422  -84.495  -27.577 0.2000000030
4364  20.842  -85.175  -28.512 0.8000000119
4365  19.992  -84.864  -28.463 0.6000000238
4366  15.020  -84.115  -29.162 0.1000000015
4373  18.960  -84.490  -29.250 0.5000000000
4374  19.110  -85.603  -30.385 0.3000000119
4378  19.597  -83.454  -29.199 1.0000000000
4399  13.212  -85.164  -32.608 0.1000000015
4401  10.407  -83.988  -31.528 0.1000000015
4405  16.304  -84.595  -32.794 0.3000000119
4409  12.305  -84.473  -33.136 0.1000000015
4410  11.880  -84.062  -32.621 0.1000000015
4411  11.061  -83.667  -31.966 0.1000000015
4521  8.024  -84.780  20.139 0.1000000015
4529  8.110  -84.756  19.153 0.1000000015
4532  4.607  -84.644  19.691 0.3000000119
4533  3.205  -84.661  19.406 0.2000000030
4535  1.633  -84.199  19.215 0.2000000030
4538  8.153  -84.805  18.215 0.1000000015
4545  1.182  -84.330  17.891 0.2000000030
4547  7.691  -84.611  17.585 0.1000000015
4550  4.701  -84.565  17.288 0.3000000119
4551  1.136  -84.551  17.480 0.2000000030
4557  6.570  -84.555  16.422 0.2000000030
4559  1.088  -84.595  17.055 0.3000000119
4571  4.915  -84.877  15.725 0.2000000030
4572  0.970  -84.504  16.299 0.3000000119
4620  6.480  -84.635  10.272 0.5000000000
4621  4.380  -84.623  10.641 0.5000000000
4625  0.721  -84.163  11.009 0.5000000000
4644  8.546  -84.397  8.862 0.4000000060
4652  1.554  -85.043  7.407 0.8000000119
4653  1.258  -84.287  7.243 0.8000000119
4655  -1.055  -84.315  7.525 0.8000000119
4662  11.256  -84.406  5.844 0.6000000238
4663  10.900  -84.553  6.508 0.5000000000
4665  2.324  -84.668  6.749 0.8000000119
4667  -1.683  -84.896  7.001 0.8000000119
4673  16.229  -84.740  5.052 0.3000000119
4674  11.399  -84.319  5.171 0.6000000238
4679  4.809  -84.208  5.505 0.6999999881
4681  2.859  -84.015  5.938 0.6999999881
4683  -0.837  -84.472  5.371 1.0000000000
4684  -1.598  -84.487  6.425 0.8000000119
4690  16.217  -84.767  4.468 0.2000000030
4691  11.278  -84.129  4.550 0.6000000238
4700  10.916  -84.560  3.386 0.6000000238
4701  10.200  -84.504  3.352 0.6000000238
4709  11.211  -84.993  3.106 0.6000000238
4717  -0.248  -84.298  2.170 0.6999999881
4734  -2.074  -85.076  0.767 0.4000000060
4746  0.865  -85.195  0.025 0.2000000030
4747  -2.037  -84.358  -0.169 0.4000000060
4758  -1.999  -84.284  -0.883 0.5000000000
4769  -0.852  -84.351  -1.537 0.3000000119
4794  21.154  -83.740  -5.919 0.1000000015
4798  17.819  -84.497  -5.447 0.2000000030
4804  22.878  -84.146  -6.383 0.1000000015
4806  11.961  -84.732  -6.948 0.8000000119
4807  11.246  -84.569  -6.994 0.8000000119
4810  12.047  -84.610  -7.594 0.8000000119
4812  10.950  -84.205  -7.671 0.8000000119
4813  10.292  -84.430  -7.964 0.8000000119
4826  21.498  -84.360  -8.833 0.2000000030
4830  10.169  -84.301  -8.817 1.0000000000
4838  21.983  -85.069  -9.093 0.2000000030
4840  11.190  -84.316  -8.939 0.8000000119
4843  9.249  -84.765  -9.955 1.0000000000
4851  21.253  -84.585  -10.131 0.2000000030
4853  11.033  -84.577  -9.701 1.0000000000
4854  10.385  -84.533  -10.126 1.0000000000
4864  21.544  -84.127  -11.705 0.2000000030
4866  10.143  -84.672  -10.988 1.0000000000
4867  9.212  -84.730  -11.096 0.8999999762
4868  8.492  -85.049  -11.148 0.8999999762
4874  21.174  -84.130  -12.573 0.2000000030
4884  21.688  -84.778  -12.961 0.3000000119
4900  18.315  -84.433  -14.877 0.4000000060
4930  22.244  -84.204  -17.578 0.3000000119
4940  21.686  -84.566  -18.193 0.3000000119
4947  4.175  -84.686  -18.767 0.8999999762
4950  0.504  -84.562  -18.671 0.1000000015
4951  24.604  -85.253  -18.689 0.4000000060
4955  19.256  -84.230  -20.161 0.3000000119
4962  5.740  -84.301  -19.396 0.8999999762
4963  4.959  -84.675  -19.180 0.8999999762
4964  3.672  -85.447  -19.652 0.8999999762
4966  0.615  -84.716  -19.678 0.1000000015
4967  24.384  -85.801  -20.155 0.5000000000
4972  17.996  -84.862  -20.621 0.3000000119
4988  3.169  -84.944  -21.551 0.6000000238
4990  0.668  -84.075  -21.596 0.2000000030
4995  2.769  -84.744  -22.497 0.5000000000
4998  23.311  -84.708  -23.366 0.6000000238
5003  2.352  -83.959  -23.244 0.4000000060
5006  4.506  -84.409  -24.539 0.6000000238
5007  3.408  -84.441  -25.267 0.6000000238
5008  25.010  -85.218  -25.762 0.8000000119
5012  25.058  -84.632  -26.912 0.8000000119
5013  23.979  -84.736  -26.636 0.6999999881
5014  2.738  -84.494  -26.083 0.4000000060
5017  24.221  -84.366  -28.645 0.8000000119
5020  3.888  -83.979  -27.529 0.2000000030
5024  6.093  -84.288  -29.431 0.1000000015
5029  14.635  -83.904  -29.783 0.1000000015
5033  5.449  -83.475  -29.756 0.3000000119
5045  18.274  -84.024  -32.475 0.4000000060
5050  7.582  -83.104  -31.324 0.1000000015
5053  16.923  -83.937  -33.125 0.3000000119
5057  12.943  -84.511  -33.340 0.1000000015
5061  9.321  -83.308  -32.126 0.2000000030
5065  12.342  -83.073  -32.954 0.1000000015
5170  2.463  -83.086  22.000 0.1000000015
5171  2.123  -82.459  21.912 0.1000000015
5183  1.253  -84.011  18.437 0.2000000030
5188  1.155  -84.358  17.519 0.2000000030
5193  1.162  -83.970  16.515 0.2000000030
5198  2.729  -83.022  15.480 0.3000000119
5213  0.980  -83.364  14.443 0.3000000119
5230  0.576  -82.987  13.487 0.4000000060
5240  0.178  -82.552  12.165 0.6000000238
5255  6.088  -84.119  9.993 0.6000000238
5258  3.033  -83.847  10.095 0.5000000000
5261  0.346  -83.308  11.212 0.6000000238
5269  8.098  -83.760  9.071 0.6000000238
5272  4.508  -83.540  9.534 0.6000000238
5274  2.591  -83.110  9.706 0.6000000238
5284  8.773  -83.624  8.526 0.6000000238
5295  9.964  -83.154  7.414 0.5000000000
5297  -0.248  -83.524  7.455 0.8000000119
5298  -0.956  -83.417  7.405 0.8000000119
5299  -1.219  -83.776  7.276 0.8000000119
5309  10.841  -83.758  6.244 0.6000000238
5311  -1.581  -84.160  6.934 0.8000000119
5324  3.683  -82.756  5.232 0.6999999881
5331  11.170  -83.843  5.137 0.6000000238
5332  10.702  -83.654  4.795 0.6000000238
5333  10.038  -83.657  4.649 0.5000000000
5334  0.910  -83.552  4.043 0.8999999762
5362  -1.994  -84.329  0.619 0.4000000060
5377  -1.757  -83.664  0.187 0.6000000238
5388  2.125  -83.482  -0.169 0.1000000015
5404  0.989  -83.601  -1.576 0.1000000015
5405  -0.134  -83.893  -2.025 0.2000000030
5418  -0.668  -83.465  -2.727 0.4000000060
5419  -1.690  -83.051  -2.510 0.5000000000
5426  17.084  -82.941  -4.000 0.1000000015
5446  17.798  -83.702  -5.228 0.2000000030
5456  23.935  -83.030  -6.769 0.2000000030
5464  24.151  -83.194  -7.678 0.2000000030
5474  24.188  -83.585  -8.044 0.2000000030
5489  20.180  -83.435  -9.306 0.2000000030
5500  21.079  -83.908  -10.997 0.2000000030
5540  18.609  -83.440  -13.516 0.2000000030
5560  23.211  -82.872  -16.486 0.2000000030
5562  18.218  -83.278  -16.847 0.3000000119
5575  24.013  -83.980  -16.868 0.3000000119
5588  24.410  -83.796  -17.604 0.3000000119
5597  7.093  -83.149  -18.586 0.8000000119
5601  3.441  -83.358  -18.338 1.0000000000
5602  2.969  -83.206  -18.659 0.8999999762
5607  22.933  -82.705  -19.410 0.3000000119
5609  18.656  -84.339  -19.994 0.3000000119
5615  6.567  -83.791  -19.094 0.8000000119
5618  2.829  -83.505  -19.202 0.8999999762
5627  7.134  -84.041  -20.053 0.8000000119
5631  23.475  -84.432  -21.122 0.5000000000
5637  3.098  -84.175  -21.106 0.8000000119
5642  8.463  -83.441  -22.047 0.8999999762
5643  7.767  -83.835  -22.244 0.8999999762
5644  6.986  -84.250  -22.080 0.8000000119
5646  1.910  -83.941  -23.392 0.4000000060
5648  0.796  -83.230  -22.823 0.2000000030
5657  2.203  -83.332  -23.754 0.3000000119
5658  1.748  -83.319  -23.787 0.3000000119
5662  20.263  -82.987  -24.674 0.4000000060
5664  7.295  -84.048  -24.888 0.8999999762
5665  6.342  -84.184  -24.595 0.8999999762
5666  5.380  -84.195  -24.460 0.8000000119
5675  4.747  -83.625  -25.761 0.6999999881
5682  5.994  -83.476  -26.557 0.6999999881
5683  5.000  -83.394  -26.503 0.5000000000
5689  6.273  -83.249  -27.216 0.6999999881
5691  4.359  -83.321  -27.658 0.4000000060
5695  4.436  -83.557  -27.973 0.2000000030
5699  4.779  -82.826  -29.219 0.2000000030
5702  14.245  -83.446  -29.632 0.1000000015
5704  5.676  -83.095  -30.338 0.4000000060
5709  6.791  -83.153  -30.991 0.3000000119
5712  22.060  -83.225  -32.131 0.8000000119
5716  8.911  -83.408  -31.903 0.2000000030
5718  19.170  -81.233  -30.480 0.8999999762
5719  17.347  -81.581  -29.800 0.6999999881
5720  17.015  -82.445  -31.154 0.6000000238
5724  14.943  -83.571  -33.691 0.3000000119
5727  9.667  -82.976  -32.345 0.2000000030
5731  15.768  -82.778  -34.067 0.2000000030
5733  13.098  -83.134  -34.103 0.1000000015
5734  12.191  -83.113  -33.966 0.1000000015
5854  1.509  -82.287  20.376 0.2000000030
5861  1.553  -82.562  19.628 0.2000000030
5882  1.681  -83.499  16.894 0.2000000030
5888  4.492  -82.474  15.061 0.3000000119
5889  3.679  -82.858  15.286 0.3000000119
5900  2.042  -82.809  14.863 0.3000000119
5917  5.214  -82.394  13.864 0.4000000060
5939  4.707  -82.328  13.292 0.3000000119
5960  5.855  -82.961  8.875 0.6000000238
5964  1.452  -81.615  9.760 0.6000000238
5975  4.410  -82.335  8.450 0.6000000238
5976  3.717  -82.329  8.539 0.6000000238
5987  9.314  -82.719  7.540 0.5000000000
5988  8.474  -82.288  7.493 0.6000000238
6000  9.963  -82.781  6.195 0.5000000000
6001  9.296  -82.610  6.282 0.6000000238
6006  -0.372  -81.837  6.953 0.6999999881
6008  -1.243  -83.324  6.916 0.8000000119
6013  10.180  -83.020  5.729 0.5000000000
6014  9.683  -82.864  5.740 0.6999999881
6016  7.713  -82.542  5.968 0.6999999881
6018  5.289  -82.557  5.483 0.6999999881
6020  2.944  -82.217  5.450 0.6000000238
6026  -0.693  -82.053  4.339 0.8000000119
6030  0.319  -81.747  2.873 0.8999999762
6041  0.206  -82.229  1.945 0.8000000119
6097  1.632  -82.787  -1.813 0.1000000015
6099  -2.027  -82.688  -2.111 0.5000000000
6117  -2.015  -82.286  -2.785 0.5000000000
6123  17.390  -82.252  -3.765 0.1000000015
6129  -1.668  -81.993  -3.218 0.5000000000
6146  19.036  -82.565  -5.229 0.1000000015
6158  23.768  -82.296  -6.981 0.2000000030
6159  23.373  -82.444  -6.454 0.2000000030
6170  22.371  -82.095  -7.599 0.1000000015
6182  22.029  -82.773  -7.914 0.1000000015
6183  20.456  -82.206  -7.889 0.1000000015
6222  19.721  -82.022  -11.557 0.2000000030
6235  20.139  -82.703  -11.844 0.2000000030
6248  17.970  -82.153  -14.142 0.1000000015
6267  24.217  -82.934  -16.821 0.2000000030
6268  23.521  -82.475  -16.500 0.2000000030
6270  20.162  -82.112  -16.558 0.3000000119
6284  24.337  -82.946  -17.125 0.3000000119
6295  24.257  -82.722  -17.625 0.3000000119
6303  3.732  -82.623  -18.144 1.0000000000
6315  8.796  -82.136  -19.540 0.8000000119
6317  7.274  -82.392  -18.788 0.8999999762
6318  6.352  -82.064  -18.652 0.8999999762
6330  2.717  -82.881  -19.952 0.8000000119
6331  -0.085  -82.367  -20.416 0.1000000015
6342  3.152  -83.160  -22.373 0.6000000238
6349  20.619  -82.677  -22.837 0.4000000060
6350  20.322  -82.018  -22.605 0.3000000119
6353  3.163  -82.400  -22.600 0.8000000119
6354  1.153  -83.063  -23.576 0.3000000119
6365  2.029  -82.817  -24.184 0.3000000119
6366  1.634  -82.283  -24.393 0.4000000060
6367  1.066  -82.405  -23.907 0.3000000119
6380  20.850  -82.791  -26.717 0.4000000060
6389  8.512  -82.702  -27.539 0.8999999762
6392  5.358  -82.831  -27.875 0.5000000000
6393  4.736  -82.872  -28.109 0.3000000119
6399  5.772  -82.252  -28.563 0.5000000000
6401  24.261  -82.981  -29.554 0.6000000238
6405  6.024  -82.141  -30.551 0.4000000060
6408  6.049  -82.683  -30.877 0.4000000060
6411  22.464  -82.510  -32.538 0.8000000119
6412  20.951  -82.706  -32.309 0.8000000119
6415  19.869  -81.003  -31.946 1.0000000000
6419  10.716  -82.348  -32.497 0.2000000030
6421  9.130  -82.277  -32.463 0.3000000119
6582  1.487  -80.842  21.767 0.1000000015
6604  1.438  -80.698  21.558 0.1000000015
6625  1.471  -81.663  20.176 0.2000000030
6649  2.826  -82.211  17.614 0.2000000030
6661  4.064  -81.661  16.178 0.3000000119
6667  5.490  -81.873  14.219 0.3000000119
6676  2.787  -82.159  13.570 0.3000000119
6678  0.673  -81.500  13.335 0.4000000060
6691  5.849  -81.349  12.773 0.4000000060
6692  5.233  -81.724  12.763 0.4000000060
6695  1.010  -80.823  13.108 0.6000000238
6708  6.312  -80.896  12.043 0.5000000000
6710  4.812  -81.261  12.199 0.6000000238
6720  0.677  -80.873  10.176 0.6000000238
6721  0.368  -81.315  10.971 0.6000000238
6729  2.137  -81.141  9.206 0.6000000238
6738  5.822  -81.699  7.899 0.6999999881
6748  7.109  -81.604  6.970 0.6999999881
6752  3.621  -81.138  6.734 0.6000000238
6758  6.644  -81.555  6.251 0.6999999881
6759  5.946  -81.560  6.147 0.6999999881
6760  4.971  -81.632  6.080 0.6999999881
6762  2.722  -81.071  5.806 0.6000000238
6765  -0.253  -81.179  6.356 0.8000000119
6766  -0.860  -82.113  6.588 0.8000000119
6775  6.432  -81.785  5.855 0.6999999881
6776  5.626  -81.876  5.791 0.6999999881
6777  4.228  -81.647  5.625 0.6999999881
6778  3.484  -81.336  5.686 0.6000000238
6779  -0.649  -81.338  5.838 0.8000000119
6787  -0.909  -81.343  5.081 0.8000000119
6788  -1.122  -81.865  4.931 0.8000000119
6813  -0.118  -81.843  0.949 0.8000000119
6814  -0.815  -82.253  0.302 0.6999999881
6833  17.621  -81.625  -1.085 0.1000000015
6837  4.633  -81.176  -0.867 0.1000000015
6840  -1.226  -81.855  -1.121 0.8000000119
6841  -1.827  -82.260  -1.658 0.5000000000
6852  22.244  -82.016  -0.785 0.1000000015
6853  17.862  -81.028  -1.262 0.1000000015
6877  1.392  -81.739  -3.092 0.3000000119
6879  -1.956  -81.267  -2.832 0.5000000000
6889  17.672  -81.554  -3.484 0.1000000015
6899  -1.416  -81.382  -3.525 0.5000000000
6942  23.439  -81.858  -7.148 0.1000000015
6954  20.756  -81.342  -7.725 0.1000000015
6978  19.253  -81.500  -9.787 0.1000000015
7014  18.206  -81.249  -13.906 0.1000000015
7032  19.129  -81.293  -15.692 0.1000000015
7050  24.202  -82.398  -16.897 0.3000000119
7051  23.893  -82.022  -16.664 0.2000000030
7055  18.770  -82.136  -15.998 0.1000000015
7076  23.972  -81.694  -17.609 0.1000000015
7077  23.372  -81.411  -18.330 0.1000000015
7083  4.136  -81.834  -18.232 0.8999999762
7095  4.682  -81.266  -18.479 0.8999999762
7103  9.444  -82.115  -20.023 0.8000000119
7105  6.339  -80.904  -20.202 0.8000000119
7107  2.728  -81.416  -20.887 0.8000000119
7112  20.851  -81.496  -21.597 0.2000000030
7113  20.530  -81.550  -22.237 0.2000000030
7115  9.872  -82.117  -20.833 0.8000000119
7116  6.693  -80.745  -21.996 0.6000000238
7117  6.532  -80.833  -21.123 0.6000000238
7119  2.895  -81.111  -21.783 0.8000000119
7120  0.422  -81.679  -22.375 0.1000000015
7128  6.245  -80.718  -21.915 0.6000000238
7129  3.107  -82.109  -23.474 0.8000000119
7131  0.806  -81.059  -23.660 0.2000000030
7142  10.187  -82.009  -23.734 0.8999999762
7154  10.237  -82.028  -24.561 0.8000000119
7155  2.525  -81.266  -24.895 0.5000000000
7156  1.876  -81.577  -24.806 0.5000000000
7165  11.507  -81.284  -25.310 0.8000000119
7166  10.938  -81.436  -25.391 0.8999999762
7170  20.349  -81.590  -26.476 0.4000000060
7175  20.837  -81.333  -27.649 0.2000000030
7177  12.225  -81.289  -27.768 0.8000000119
7196  6.142  -81.631  -29.829 0.6000000238
7197  5.418  -82.051  -29.249 0.5000000000
7199  22.738  -80.684  -31.238 0.3000000119
7200  6.680  -81.089  -30.250 0.6000000238
7205  7.239  -80.789  -31.513 0.5000000000
7207  23.753  -81.215  -32.590 0.6000000238
7208  23.028  -81.853  -32.902 0.6000000238
7211  23.993  -80.641  -32.830 0.5000000000
7217  8.194  -80.633  -32.647 0.5000000000
7220  19.150  -80.401  -33.237 0.8999999762
7221  17.977  -80.047  -31.756 0.8000000119
7224  15.937  -81.193  -33.497 0.5000000000
7227  11.538  -81.349  -34.002 0.2000000030
7229  10.192  -80.581  -33.831 0.2000000030
7400  1.395  -80.111  21.162 0.2000000030
7471  2.972  -81.170  17.751 0.2000000030
7488  4.961  -80.504  14.751 0.3000000119
7497  6.342  -80.532  13.014 0.5000000000
7505  0.393  -80.442  12.420 0.6000000238
7506  0.141  -80.094  11.747 0.6000000238
7521  6.849  -80.369  11.508 0.5000000000
7524  3.370  -80.189  12.021 0.6000000238
7539  7.336  -79.951  11.025 0.6999999881
7540  6.892  -80.273  10.695 0.6999999881
7558  1.257  -80.129  9.590 0.6000000238
7573  1.948  -80.076  7.500 0.6000000238
7581  2.519  -80.728  6.228 0.6000000238
7582  1.932  -80.644  6.114 0.6000000238
7594  -0.582  -79.984  5.467 0.6999999881
7605  0.118  -80.520  3.306 0.8999999762
7606  -0.268  -80.241  4.011 0.6999999881
7615  0.617  -80.472  2.310 0.8000000119
7627  0.858  -80.675  1.299 0.8000000119
7640  1.156  -80.637  0.325 0.8000000119
7653  19.328  -80.669  -1.062 0.1000000015
7660  1.946  -79.938  -0.753 0.8000000119
7677  17.623  -81.302  -1.816 0.1000000015
7684  -0.672  -80.604  -1.818 0.6999999881
7693  18.278  -80.070  -2.439 0.1000000015
7701  -0.713  -80.119  -2.454 0.6000000238
7702  -1.723  -80.923  -3.376 0.5000000000
7718  1.110  -80.426  -4.058 0.3000000119
7719  -0.045  -80.481  -4.138 0.3000000119
7833  18.930  -80.372  -11.847 0.1000000015
7834  18.627  -80.454  -12.761 0.1000000015
7845  18.438  -80.486  -13.561 0.1000000015
7868  22.528  -80.141  -16.072 0.2000000030
7869  21.620  -80.172  -15.783 0.1000000015
7871  19.460  -80.494  -15.439 0.1000000015
7912  22.068  -80.847  -19.456 0.1000000015
7914  9.104  -80.900  -19.504 0.8000000119
7924  26.778  -79.986  -21.211 0.1000000015
7927  17.003  -80.154  -21.005 0.4000000060
7928  16.268  -80.253  -21.009 0.5000000000
7930  14.629  -80.070  -20.847 0.5000000000
7933  10.413  -79.786  -19.890 0.6000000238
7935  8.814  -80.552  -19.644 0.8000000119
7939  2.535  -80.805  -20.166 0.8999999762
7955  14.113  -80.369  -21.257 0.5000000000
7962  5.779  -80.493  -21.287 0.5000000000
7963  2.630  -80.331  -21.685 0.8999999762
7974  18.063  -80.011  -23.017 0.2000000030
7976  16.308  -80.685  -22.356 0.5000000000
7979  13.556  -80.547  -21.983 0.5000000000
7980  12.169  -80.414  -22.487 0.6999999881
7985  6.238  -80.687  -22.672 0.5000000000
7996  20.644  -81.051  -23.151 0.2000000030
7998  17.474  -80.384  -23.533 0.5000000000
7999  16.731  -80.683  -23.265 0.5000000000
8003  11.637  -80.648  -23.122 0.8000000119
8007  5.841  -80.515  -23.131 0.6000000238
8008  3.059  -80.519  -23.599 0.8000000119
8022  16.853  -80.711  -24.766 0.4000000060
8027  11.155  -81.020  -23.697 0.8999999762
8032  1.497  -80.397  -25.000 0.4000000060
8040  22.665  -80.266  -25.327 0.3000000119
8045  15.870  -81.015  -25.786 0.6000000238
8046  15.120  -81.066  -25.570 0.6999999881
8049  6.286  -80.941  -25.212 0.4000000060
8050  5.776  -80.861  -25.407 0.6000000238
8051  5.416  -80.522  -25.663 0.6000000238
8060  21.145  -80.304  -26.497 0.2000000030
8061  20.528  -81.042  -27.086 0.3000000119
8062  17.102  -80.456  -26.306 0.4000000060
8064  15.755  -80.740  -27.089 0.5000000000
8067  5.184  -80.230  -26.629 0.6000000238
8082  21.530  -80.238  -28.430 0.2000000030
8084  15.472  -80.112  -28.417 0.6000000238
8085  14.151  -80.506  -28.762 0.8000000119
8086  13.558  -80.916  -28.392 0.8000000119
8088  12.034  -81.123  -29.151 0.8000000119
8092  21.789  -79.999  -29.642 0.3000000119
8093  21.676  -80.437  -29.015 0.3000000119
8110  8.323  -79.763  -30.847 0.6999999881
8112  6.800  -80.871  -30.901 0.5000000000
8115  25.281  -78.604  -30.697 0.1000000015
8117  23.298  -79.440  -31.723 0.2000000030
8118  22.947  -79.788  -31.479 0.4000000060
8119  8.068  -79.602  -31.572 0.8000000119
8121  25.773  -78.234  -31.081 0.1000000015
8127  22.777  -80.610  -33.512 0.6000000238
8128  21.840  -81.060  -33.775 0.6999999881
8129  9.456  -80.186  -33.713 0.4000000060
8130  8.757  -80.189  -33.265 0.5000000000
8131  23.182  -79.789  -33.822 0.5000000000
8137  16.745  -80.015  -31.635 0.6999999881
8139  12.994  -80.365  -34.174 0.4000000060
8141  10.612  -79.985  -34.083 0.4000000060
8394  1.458  -79.353  19.312 0.2000000030
8434  2.037  -79.501  16.962 0.2000000030
8469  6.524  -79.833  12.898 0.4000000060
8478  1.093  -79.496  12.333 0.6000000238
8491  0.025  -79.338  11.525 0.6000000238
8504  7.718  -79.376  10.624 0.6000000238
8505  5.307  -80.013  10.349 0.6999999881
8506  2.302  -78.642  11.124 0.6000000238
8508  -0.104  -79.085  11.132 0.6000000238
8522  3.885  -78.770  10.058 0.6999999881
8524  0.207  -78.741  10.789 0.6000000238
8533  7.633  -79.439  8.587 0.6999999881
8535  6.280  -79.489  8.665 0.6999999881
8548  8.127  -79.173  8.029 0.6999999881
8550  6.555  -79.106  7.812 0.6999999881
8551  0.507  -78.542  8.083 0.6999999881
8552  0.399  -78.270  7.559 0.6999999881
8553  0.319  -79.123  6.942 0.6999999881
8570  -0.224  -79.392  5.635 0.6999999881
8580  0.442  -79.110  4.225 0.6999999881
8581  -0.083  -79.318  4.551 0.6999999881
8582  -0.368  -79.594  4.919 0.6999999881
8588  3.049  -78.959  2.992 0.6999999881
8591  0.064  -79.716  3.820 0.6999999881
8597  4.313  -78.840  2.037 0.8000000119
8611  2.986  -79.520  1.552 0.8000000119
8622  4.143  -78.850  0.628 0.8000000119
8624  2.972  -79.628  0.146 0.8999999762
8639  3.916  -78.687  -0.036 0.8999999762
8660  1.979  -79.392  -1.172 0.8999999762
8678  -1.108  -79.421  -2.923 0.5000000000
8696  0.945  -79.245  -4.201 0.2000000030
8698  -1.014  -79.295  -4.021 0.4000000060
8705  0.303  -78.796  -4.152 0.3000000119
8826  18.641  -79.761  -13.855 0.1000000015
8838  20.201  -78.960  -14.690 0.1000000015
8872  23.726  -79.873  -16.775 0.1000000015
8900  3.404  -79.969  -18.532 0.8000000119
8908  22.561  -79.687  -19.482 0.1000000015
8909  9.108  -79.933  -19.971 0.6000000238
8911  4.459  -79.473  -18.871 0.8000000119
8912  3.147  -79.277  -18.925 0.8999999762
8913  2.716  -79.331  -19.493 0.8999999762
8923  22.461  -79.686  -20.290 0.1000000015
8925  17.229  -79.619  -20.645 0.4000000060
8927  15.128  -79.633  -20.726 0.4000000060
8932  10.311  -79.177  -19.880 0.6000000238
8941  24.793  -79.794  -21.175 0.1000000015
8944  18.147  -79.741  -21.249 0.1000000015
8945  17.641  -79.898  -20.964 0.4000000060
8950  5.554  -80.058  -21.125 0.6999999881
8952  -0.077  -80.009  -21.522 0.1000000015
8960  5.627  -80.217  -22.557 0.6000000238
8962  0.268  -80.146  -22.379 0.1000000015
8966  18.410  -79.194  -23.496 0.2000000030
8968  7.252  -80.449  -23.548 0.4000000060
8969  5.610  -80.231  -23.331 0.6000000238
8970  3.214  -80.736  -24.496 0.8999999762
8972  0.960  -79.863  -24.344 0.2000000030
8973  0.494  -79.290  -23.564 0.1000000015
8978  18.147  -79.752  -24.856 0.2000000030
8982  3.243  -79.966  -25.106 0.6000000238
8994  6.972  -80.359  -25.517 0.4000000060
8995  5.277  -80.032  -25.872 0.6000000238
8996  2.988  -79.483  -25.570 0.5000000000
8997  2.386  -79.389  -25.675 0.5000000000
9004  23.471  -79.679  -26.748 0.1000000015
9006  21.419  -79.996  -27.242 0.2000000030
9007  17.763  -79.088  -26.410 0.3000000119
9011  5.879  -80.440  -26.921 0.5000000000
9026  4.799  -80.044  -27.692 0.6000000238
9031  22.677  -79.416  -28.319 0.2000000030
9034  14.799  -79.926  -29.048 0.6999999881
9035  6.021  -79.665  -28.518 0.5000000000
9043  23.065  -79.052  -29.605 0.1000000015
9048  13.689  -79.463  -29.919 0.6999999881
9052  24.345  -78.935  -30.152 0.1000000015
9056  13.113  -79.069  -30.326 0.8000000119
9058  10.774  -79.432  -30.813 0.6999999881
9064  24.127  -78.903  -30.920 0.2000000030
9066  23.318  -79.281  -31.026 0.2000000030
9069  10.182  -78.800  -31.176 0.8000000119
9070  8.604  -79.224  -32.188 0.8000000119
9076  23.687  -79.145  -31.067 0.2000000030
9077  9.225  -78.776  -32.900 0.8000000119
9080  25.077  -77.781  -31.706 0.1000000015
9082  23.290  -78.692  -32.535 0.2000000030
9083  23.070  -79.317  -33.092 0.3000000119
9085  9.242  -78.972  -33.422 0.6999999881
9086  22.895  -78.617  -33.162 0.4000000060
9096  13.745  -79.394  -34.001 0.6999999881
9097  12.826  -79.760  -33.948 0.6000000238
9099  10.374  -79.092  -34.130 0.6999999881
9101  20.843  -79.250  -34.312 0.8000000119
9102  19.973  -79.092  -34.004 0.6999999881
9103  19.329  -79.091  -33.915 1.0000000000
9104  18.608  -79.031  -33.882 1.0000000000
9391  1.478  -78.683  16.532 0.1000000015
9406  2.924  -79.004  15.412 0.2000000030
9420  2.458  -78.203  15.070 0.1000000015
9432  6.223  -79.103  13.007 0.4000000060
9451  7.128  -78.882  11.814 0.5000000000
9452  1.365  -78.550  11.176 0.6000000238
9453  0.809  -78.746  11.404 0.6000000238
9459  8.014  -78.728  10.205 0.6000000238
9463  0.162  -78.882  11.267 0.6000000238
9475  8.208  -78.684  9.351 0.6000000238
9477  3.139  -78.170  9.496 0.6999999881
9478  1.428  -77.523  9.215 0.6999999881
9479  0.628  -78.381  10.195 0.6000000238
9490  8.430  -78.597  8.362 0.6000000238
9495  0.477  -78.165  9.518 0.6999999881
9505  8.067  -78.927  7.336 0.6000000238
9508  4.822  -77.937  7.614 0.6999999881
9510  0.491  -77.809  7.636 0.6999999881
9518  7.885  -78.334  6.617 0.6999999881
9520  6.002  -77.745  6.736 0.6999999881
9521  0.417  -77.953  7.076 0.6999999881
9522  0.404  -78.530  6.618 0.6999999881
9531  1.453  -78.221  5.399 0.6999999881
9532  0.644  -78.302  6.229 0.6999999881
9545  2.030  -78.500  4.586 0.6999999881
9547  0.225  -78.879  4.920 0.6999999881
9554  7.212  -77.743  3.104 0.8000000119
9555  6.479  -78.214  2.893 0.8000000119
9557  4.600  -78.536  3.404 0.6999999881
9568  6.320  -78.008  2.086 0.8000000119
9569  5.724  -78.358  2.334 0.8000000119
9570  4.867  -78.621  2.631 0.8000000119
9577  5.983  -77.450  1.583 0.8999999762
9579  4.688  -78.561  1.142 0.8000000119
9591  5.050  -78.066  0.768 0.8000000119
9606  4.017  -77.973  -0.210 0.8999999762
9607  3.403  -78.465  -0.588 0.8999999762
9608  2.644  -78.362  -0.875 0.8999999762
9611  -0.582  -77.653  -1.177 0.5000000000
9630  0.556  -78.709  -1.487 0.6999999881
9631  -0.875  -78.350  -1.679 0.6000000238
9649  -1.092  -78.588  -2.825 0.3000000119
9661  2.481  -78.623  -3.623 0.1000000015
9662  1.198  -78.482  -3.873 0.3000000119
9663  -0.188  -78.260  -3.774 0.3000000119
9674  -0.464  -78.970  -4.105 0.3000000119
9801  19.346  -78.486  -13.620 0.1000000015
9873  28.096  -78.285  -20.105 0.1000000015
9875  24.605  -78.019  -19.059 0.1000000015
9876  18.260  -77.952  -19.904 0.2000000030
9878  4.372  -78.533  -19.140 0.6999999881
9879  3.554  -78.591  -19.109 0.6999999881
9881  0.180  -78.849  -19.347 0.1000000015
9887  28.716  -78.978  -20.138 0.1000000015
9889  25.573  -78.461  -20.310 0.1000000015
9894  15.825  -78.966  -20.670 0.3000000119
9898  11.910  -78.050  -20.203 0.5000000000
9899  10.767  -78.497  -19.972 0.5000000000
9900  5.566  -78.556  -19.918 0.6999999881
9901  3.085  -78.106  -19.590 0.8999999762
9902  2.640  -78.650  -19.958 0.8999999762
9913  5.922  -78.850  -21.687 0.6000000238
9916  -0.169  -78.557  -21.872 0.1000000015
9924  5.943  -78.919  -23.407 0.6999999881
9926  2.804  -78.896  -23.114 0.8999999762
9927  0.054  -78.831  -22.747 0.1000000015
9932  9.229  -78.391  -23.889 0.4000000060
9933  8.626  -78.989  -23.440 0.4000000060
9954  18.241  -78.435  -25.902 0.2000000030
9955  9.031  -78.235  -25.573 0.4000000060
9957  5.481  -79.106  -26.002 0.6000000238
9959  2.205  -78.781  -26.033 0.4000000060
9960  1.554  -78.267  -26.018 0.4000000060
9999  5.165  -78.430  -29.183 0.5000000000
10005  6.749  -78.289  -29.719 0.5000000000
10006  5.841  -78.023  -29.756 0.5000000000
10007  5.296  -77.527  -29.596 0.5000000000
10011  23.860  -79.036  -30.742 0.1000000015
10018  23.926  -79.028  -30.980 0.1000000015
10025  25.810  -77.447  -31.686 0.1000000015
10029  11.328  -78.415  -33.155 0.8000000119
10030  10.416  -78.580  -33.017 0.8000000119
10032  24.212  -77.976  -32.321 0.1000000015
10036  13.464  -78.026  -33.568 0.8000000119
10038  11.000  -78.616  -33.572 0.6999999881
10039  10.344  -78.593  -33.938 0.6999999881
10040  9.862  -78.612  -33.654 0.8000000119
10041  24.727  -77.087  -32.551 0.1000000015
10045  21.854  -78.717  -34.202 0.5000000000
10048  12.629  -79.038  -33.648 0.8999999762
10051  22.107  -78.356  -34.304 0.4000000060
10055  18.380  -78.526  -34.203 1.0000000000
10412  0.672  -77.413  16.616 0.1000000015
10429  0.438  -76.809  16.031 0.1000000015
10443  1.868  -77.417  14.752 0.1000000015
10472  5.953  -78.464  12.644 0.4000000060
10484  6.904  -78.007  11.515 0.4000000060
10501  8.139  -78.133  9.710 0.6000000238
10502  7.061  -77.279  10.385 0.5000000000
10518  8.716  -77.754  8.197 0.6999999881
10522  0.860  -77.558  8.548 0.6999999881
10535  3.509  -77.129  7.258 0.6999999881
10538  0.606  -77.558  7.509 0.6999999881
10545  8.900  -77.436  6.118 0.6999999881
10547  6.298  -77.805  5.976 0.6999999881
10548  5.161  -77.542  6.518 0.6999999881
10551  2.012  -77.030  6.714 0.6999999881
10552  1.097  -77.260  7.196 0.6999999881
10559  9.119  -76.953  5.690 0.6999999881
10561  8.060  -77.637  4.796 0.8000000119
10563  3.806  -77.242  5.938 0.6999999881
10565  1.851  -77.654  6.039 0.6999999881
10572  7.812  -77.524  3.775 0.8000000119
10573  6.590  -78.001  4.370 0.6999999881
10580  8.010  -77.031  3.690 0.8000000119
10592  7.113  -77.263  2.701 0.8000000119
10610  0.627  -77.655  1.469 0.8999999762
10631  0.402  -78.086  0.732 0.6999999881
10632  -0.334  -77.626  0.601 0.6999999881
10633  -0.475  -77.023  0.496 0.6000000238
10649  2.427  -77.978  -0.546 0.8999999762
10689  -0.863  -77.597  -2.478 0.3000000119
10702  3.909  -78.177  -3.195 0.1000000015
10703  3.068  -78.063  -3.185 0.1000000015
10907  29.161  -77.502  -18.203 0.1000000015
10917  25.238  -77.590  -19.250 0.1000000015
10919  17.039  -77.625  -19.514 0.2000000030
10921  4.668  -77.737  -19.417 0.8000000119
10931  12.421  -77.760  -20.558 0.5000000000
10933  11.185  -77.916  -20.311 0.5000000000
10934  6.591  -77.173  -20.746 0.6999999881
10935  6.079  -77.109  -20.172 0.6999999881
10937  3.358  -77.326  -19.948 0.8000000119
10949  15.353  -77.604  -21.379 0.3000000119
10950  13.978  -77.972  -21.329 0.3000000119
10951  12.665  -77.495  -21.282 0.4000000060
10966  21.246  -77.339  -22.652 0.1000000015
10969  18.840  -77.731  -22.216 0.1000000015
10970  15.099  -77.310  -22.118 0.1000000015
10972  13.550  -77.561  -22.060 0.3000000119
10978  2.805  -78.059  -22.439 0.8999999762
10988  19.705  -77.238  -23.529 0.1000000015
10991  14.103  -77.396  -23.795 0.1000000015
10993  12.677  -77.510  -23.672 0.1000000015
10994  11.548  -77.487  -23.683 0.1000000015
10999  0.636  -77.083  -24.440 0.1000000015
11005  25.494  -77.592  -24.577 0.1000000015
11007  23.581  -77.806  -24.748 0.1000000015
11012  13.215  -77.704  -24.686 0.1000000015
11016  6.304  -77.531  -25.145 0.6000000238
11018  0.971  -77.603  -25.372 0.3000000119
11025  24.092  -77.643  -25.322 0.1000000015
11030  19.343  -77.528  -25.442 0.1000000015
11031  18.869  -77.582  -25.736 0.2000000030
11034  11.303  -77.616  -25.807 0.1000000015
11036  6.517  -76.362  -25.108 0.6000000238
11038  3.288  -78.136  -26.014 0.6999999881
11039  1.360  -77.201  -26.121 0.3000000119
11048  23.003  -77.595  -26.523 0.1000000015
11057  5.616  -77.172  -26.727 0.6000000238
11058  3.214  -77.536  -26.302 0.5000000000
11059  2.619  -77.176  -26.538 0.4000000060
11060  1.916  -76.723  -26.582 0.3000000119
11070  23.319  -77.397  -27.436 0.1000000015
11075  18.329  -77.393  -27.629 0.3000000119
11076  17.770  -77.459  -28.037 0.4000000060
11079  9.688  -77.702  -27.956 0.3000000119
11094  21.963  -77.306  -28.206 0.1000000015
11097  18.727  -77.130  -28.306 0.3000000119
11101  9.775  -77.350  -29.066 0.3000000119
11103  4.844  -77.520  -29.233 0.6000000238
11111  16.610  -77.221  -29.664 0.6000000238
11113  7.892  -77.119  -30.202 0.4000000060
11114  6.501  -77.513  -30.131 0.4000000060
11120  15.392  -76.871  -30.846 0.6999999881
11121  7.124  -77.015  -30.264 0.5000000000
11122  6.405  -76.789  -30.278 0.5000000000
11133  14.402  -77.049  -32.483 0.8000000119
11135  12.726  -77.510  -32.333 0.8000000119
11138  19.564  -77.667  -33.655 0.4000000060
11144  23.544  -77.169  -33.420 0.1000000015
11147  17.804  -78.049  -33.933 0.8000000119
11150  22.476  -77.846  -34.987 0.3000000119
11154  18.371  -78.684  -35.055 0.8999999762
11155  17.722  -78.395  -35.050 0.8999999762
11156  17.545  -77.864  -35.048 0.8999999762
11157  20.940  -78.085  -35.172 0.3000000119
11158  20.236  -78.485  -35.061 0.6999999881
11159  19.233  -78.548  -34.548 0.6999999881
11160  18.997  -78.401  -35.002 0.8999999762
11161  18.258  -78.091  -35.156 0.8999999762
11162  17.876  -77.644  -35.271 0.8999999762
11163  17.678  -77.382  -35.261 0.8999999762
11164  20.575  -78.056  -35.191 0.3000000119
11167  18.469  -77.521  -35.288 0.8000000119
11608  0.452  -76.530  15.518 0.1000000015
11624  0.338  -76.267  14.945 0.1000000015
11625  0.271  -75.958  14.911 0.1000000015
11638  1.809  -76.268  13.550 0.2000000030
11639  0.401  -75.681  14.191 0.2000000030
11664  5.538  -76.761  11.404 0.4000000060
11666  3.833  -75.993  11.894 0.2000000030
11677  5.025  -76.141  10.958 0.4000000060
11683  7.654  -76.934  9.064 0.5000000000
11712  9.269  -76.211  6.653 0.6000000238
11713  9.192  -76.698  7.209 0.6999999881
11725  9.149  -76.332  5.945 0.6000000238
11731  7.823  -76.633  3.746 0.8000000119
11741  6.590  -76.579  2.738 0.8999999762
11747  -0.236  -75.474  2.548 0.6999999881
11760  6.702  -76.963  2.373 0.8999999762
11764  2.375  -76.740  2.591 1.0000000000
11781  6.217  -77.017  1.815 0.8999999762
11782  5.589  -76.946  1.331 0.8999999762
11785  -0.491  -76.367  1.479 0.6999999881
11799  4.999  -77.045  0.783 0.8999999762
11801  -0.462  -76.532  0.480 0.4000000060
11815  -0.511  -77.238  -0.806 0.6000000238
11832  1.569  -76.475  -1.689 0.2000000030
11833  0.273  -76.550  -1.563 0.2000000030
11849  4.325  -77.122  -2.469 0.1000000015
11850  3.295  -76.885  -2.265 0.1000000015
11853  -0.455  -76.981  -2.027 0.4000000060
12037  23.019  -76.054  -15.139 0.1000000015
12042  28.787  -76.426  -17.356 0.1000000015
12047  29.160  -77.112  -17.398 0.1000000015
12058  25.997  -76.699  -18.779 0.1000000015
12060  17.961  -76.126  -18.684 0.1000000015
12061  17.395  -75.973  -18.773 0.1000000015
12069  28.078  -76.954  -19.116 0.1000000015
12095  6.605  -76.342  -20.555 0.8000000119
12097  4.847  -76.351  -20.053 0.8000000119
12114  21.163  -76.889  -21.399 0.1000000015
12117  15.418  -76.786  -21.839 0.1000000015
12131  7.221  -76.475  -22.270 0.6000000238
12133  0.371  -76.303  -22.592 0.1000000015
12146  0.365  -76.659  -23.546 0.1000000015
12155  14.182  -77.048  -24.375 0.1000000015
12165  14.211  -76.534  -24.730 0.1000000015
12169  5.851  -75.925  -26.649 0.5000000000
12170  3.527  -77.333  -26.028 0.6999999881
12180  12.331  -77.647  -27.261 0.3000000119
12182  3.353  -76.805  -26.451 0.6999999881
12190  13.181  -76.724  -27.079 0.1000000015
12192  11.925  -77.156  -27.896 0.2000000030
12194  5.173  -76.392  -28.123 0.6000000238
12205  24.120  -76.912  -29.229 0.1000000015
12211  17.823  -76.693  -29.260 0.3000000119
12214  10.624  -76.823  -29.132 0.2000000030
12227  24.457  -76.296  -29.660 0.1000000015
12231  19.599  -75.900  -30.073 0.2000000030
12237  9.259  -76.124  -30.522 0.2000000030
12239  5.888  -76.508  -30.064 0.5000000000
12240  5.215  -76.858  -29.724 0.5000000000
12251  19.134  -75.409  -30.524 0.3000000119
12255  7.519  -76.326  -30.402 0.5000000000
12261  17.303  -76.150  -31.402 0.8000000119
12271  16.818  -76.745  -32.456 0.8000000119
12272  16.099  -76.688  -32.072 0.8000000119
12276  21.691  -77.146  -33.452 0.3000000119
12277  20.746  -77.230  -33.385 0.3000000119
12278  19.844  -77.165  -33.210 0.4000000060
12282  17.882  -77.984  -34.047 0.8000000119
12283  24.367  -76.392  -33.134 0.1000000015
12284  24.295  -76.687  -33.941 0.1000000015
12290  18.536  -77.818  -33.739 0.6000000238
12292  24.428  -76.081  -35.242 0.1000000015
12293  23.591  -76.476  -35.244 0.1000000015
12294  22.690  -77.134  -35.166 0.3000000119
12296  20.518  -77.309  -35.203 0.3000000119
12297  19.910  -77.519  -34.642 0.3000000119
12299  18.544  -76.731  -35.296 0.6999999881
12300  17.835  -76.664  -35.432 0.8999999762
12301  17.639  -77.345  -35.110 0.8000000119
12303  20.010  -77.669  -35.079 0.3000000119
12304  19.262  -77.814  -34.682 0.3000000119
12305  18.810  -77.298  -35.196 0.8000000119
12306  18.360  -76.998  -35.874 0.8999999762
12307  17.808  -77.192  -35.562 0.8999999762
12690  1.761  -75.687  16.722 0.1000000015
12707  2.502  -75.700  16.838 0.1000000015
12726  1.977  -74.702  15.781 0.1000000015
12758  0.282  -75.258  13.332 0.2000000030
12759  0.255  -75.145  13.514 0.1000000015
12773  0.381  -74.855  12.463 0.2000000030
12774  -0.007  -74.909  12.933 0.2000000030
12800  4.523  -75.773  10.438 0.4000000060
12802  2.551  -74.910  10.578 0.3000000119
12809  6.246  -75.879  9.014 0.6000000238
12812  4.085  -74.857  8.970 0.3000000119
12827  5.802  -75.119  8.646 0.4000000060
12836  9.132  -75.840  7.210 0.6000000238
12852  8.778  -75.806  5.602 0.6999999881
12853  8.106  -75.489  5.341 0.6999999881
12855  6.042  -75.288  5.223 0.6999999881
12871  1.343  -75.164  4.520 0.8999999762
12872  0.420  -74.888  4.329 0.8999999762
12885  7.163  -76.333  3.546 0.8000000119
12890  1.829  -75.664  3.906 0.8999999762
12891  0.094  -75.166  3.437 1.0000000000
12907  -0.447  -75.217  1.980 0.5000000000
12920  -0.377  -75.469  1.453 0.6000000238
12932  2.645  -75.352  0.155 0.1000000015
12933  1.350  -75.357  0.284 0.1000000015
12958  4.112  -76.188  -1.302 0.1000000015
13163  25.980  -74.785  -13.164 0.1000000015
13200  24.552  -75.659  -16.054 0.1000000015
13237  19.257  -75.773  -19.032 0.1000000015
13238  16.531  -75.424  -19.274 0.1000000015
13250  6.635  -75.475  -20.709 0.6999999881
13262  15.581  -75.735  -21.668 0.1000000015
13264  3.870  -75.361  -21.651 0.8000000119
13265  0.954  -75.606  -21.203 0.1000000015
13269  15.292  -76.003  -22.510 0.1000000015
13277  14.925  -76.145  -23.261 0.1000000015
13279  10.714  -75.254  -24.135 0.5000000000
13280  10.076  -75.315  -23.891 0.5000000000
13281  9.538  -75.199  -24.188 0.5000000000
13283  3.464  -75.750  -23.943 0.8999999762
13284  0.493  -75.386  -24.324 0.1000000015
13289  10.945  -75.043  -25.120 0.5000000000
13292  6.708  -75.487  -25.206 0.6000000238
13302  7.818  -75.323  -26.260 0.4000000060
13304  6.184  -75.142  -26.675 0.4000000060
13305  3.316  -75.965  -26.676 0.4000000060
13314  13.788  -75.138  -26.151 0.1000000015
13317  7.807  -75.239  -27.037 0.5000000000
13319  5.950  -74.712  -27.317 0.4000000060
13320  2.633  -75.611  -27.004 0.4000000060
13330  12.843  -76.072  -27.987 0.2000000030
13332  7.093  -74.388  -28.012 0.4000000060
13333  6.265  -74.537  -28.063 0.4000000060
13343  12.646  -75.597  -29.057 0.2000000030
13346  6.464  -74.526  -28.833 0.4000000060
13361  11.689  -75.284  -30.226 0.2000000030
13366  6.532  -75.828  -29.624 0.5000000000
13377  23.607  -75.022  -30.871 0.1000000015
13380  7.509  -75.417  -30.519 0.4000000060
13381  6.997  -75.837  -30.255 0.4000000060
13382  6.549  -76.239  -30.140 0.5000000000
13395  17.931  -75.992  -30.734 0.4000000060
13414  23.976  -76.017  -34.177 0.1000000015
13415  21.928  -76.839  -35.268 0.2000000030
13416  20.155  -77.567  -34.321 0.3000000119
13417  18.644  -77.567  -34.572 0.6999999881
13418  18.171  -77.747  -34.237 0.6999999881
13419  17.982  -77.861  -34.138 0.8000000119
13420  24.318  -75.881  -35.347 0.1000000015
13421  23.871  -75.917  -35.622 0.1000000015
13425  19.683  -77.679  -34.463 0.6000000238
13427  17.844  -77.240  -34.782 0.8000000119
13838  3.285  -74.530  15.148 0.1000000015
13840  1.822  -74.146  15.116 0.1000000015
13841  1.372  -74.896  15.355 0.1000000015
13855  5.192  -74.762  14.084 0.1000000015
13858  1.288  -74.358  14.585 0.1000000015
13889  0.376  -74.414  12.458 0.2000000030
13905  0.449  -74.009  11.632 0.2000000030
13918  2.874  -74.757  9.742 0.3000000119
13920  1.117  -73.680  10.475 0.2000000030
13928  2.217  -74.204  9.177 0.4000000060
13944  5.427  -74.310  8.496 0.5000000000
13946  2.721  -73.903  8.675 0.4000000060
13956  8.444  -74.658  6.945 0.6000000238
13966  7.844  -74.348  6.770 0.5000000000
13969  4.386  -73.741  6.190 0.6999999881
13982  0.733  -73.820  5.228 0.8999999762
13983  0.476  -73.585  5.026 0.8999999762
13991  4.006  -74.955  5.172 0.8000000119
13993  1.966  -74.732  5.100 0.8999999762
13996  0.096  -73.913  4.304 0.8999999762
14010  0.123  -74.565  3.907 0.6999999881
14011  -0.011  -74.263  3.342 0.6999999881
14040  2.721  -74.347  1.286 0.1000000015
14059  -0.139  -75.159  0.879 0.4000000060
14123  -0.536  -74.682  -3.205 0.1000000015
14178  -0.349  -75.145  -5.776 0.1000000015
14199  -0.481  -73.939  -7.033 0.1000000015
14307  24.229  -74.483  -14.351 0.1000000015
14326  24.660  -74.501  -15.010 0.1000000015
14379  17.459  -74.707  -18.713 0.1000000015
14380  11.617  -74.272  -18.736 0.8000000119
14390  16.762  -74.713  -19.192 0.1000000015
14392  11.006  -74.502  -19.328 0.8000000119
14406  11.114  -74.556  -20.094 0.8000000119
14407  9.845  -74.193  -21.016 0.8000000119
14409  5.809  -74.162  -20.500 0.8000000119
14421  10.500  -74.779  -21.666 0.8000000119
14423  7.046  -74.261  -21.711 0.6999999881
14431  11.021  -74.931  -22.569 0.6000000238
14437  0.790  -74.635  -22.624 0.1000000015
14442  11.916  -74.461  -23.286 0.6000000238
14444  10.454  -75.188  -23.281 0.6000000238
14446  8.461  -73.718  -24.460 0.6000000238
14447  7.180  -74.160  -23.767 0.6000000238
14455  11.887  -74.498  -24.011 0.5000000000
14456  11.469  -74.780  -24.445 0.5000000000
14457  8.863  -74.840  -24.461 0.6000000238
14458  8.230  -74.578  -24.969 0.5000000000
14465  11.985  -74.213  -24.612 0.5000000000
14468  7.636  -74.610  -25.294 0.5000000000
14469  7.146  -74.765  -25.745 0.4000000060
14478  13.740  -74.995  -27.090 0.2000000030
14479  11.083  -74.448  -26.115 0.6000000238
14483  2.627  -74.290  -26.872 0.4000000060
14489  13.847  -74.849  -28.429 0.2000000030
14490  9.164  -73.137  -27.659 0.5000000000
14497  14.415  -73.919  -29.628 0.2000000030
14499  12.891  -74.371  -30.078 0.2000000030
14500  6.936  -73.181  -29.083 0.4000000060
14513  7.362  -73.649  -29.770 0.4000000060
14524  24.054  -74.723  -31.353 0.1000000015
14534  23.633  -74.814  -31.840 0.1000000015
14538  24.143  -74.914  -32.128 0.1000000015
15018  3.175  -73.007  14.380 0.1000000015
15041  2.038  -72.854  13.914 0.1000000015
15042  1.544  -73.115  13.633 0.1000000015
15043  0.913  -73.990  13.308 0.1000000015
15059  1.083  -73.346  12.673 0.2000000030
15060  0.509  -73.849  11.943 0.2000000030
15096  1.853  -73.520  9.026 0.4000000060
15097  1.419  -73.085  9.757 0.4000000060
15111  7.119  -73.777  7.516 0.5000000000
15113  5.621  -72.796  8.144 0.5000000000
15126  6.688  -73.316  7.363 0.5000000000
15135  6.631  -73.367  6.906 0.5000000000
15136  6.027  -72.904  6.774 0.5000000000
15137  5.189  -72.878  6.549 0.6999999881
15148  2.298  -73.491  5.861 0.8000000119
15149  1.243  -73.376  5.582 0.8999999762
15150  0.646  -73.187  5.330 0.8999999762
15204  0.211  -73.347  2.227 0.3000000119
15205  0.033  -73.726  2.844 0.4000000060
15224  -0.039  -74.057  2.164 0.5000000000
15277  -0.973  -73.372  -2.437 0.2000000030
15294  -1.112  -73.938  -3.235 0.1000000015
15310  6.021  -72.947  -4.769 1.0000000000
15328  7.078  -72.887  -5.786 0.8999999762
15329  6.462  -73.218  -5.579 1.0000000000
15332  3.774  -73.044  -5.430 1.0000000000
15333  -0.935  -73.810  -4.805 0.2000000030
15355  4.429  -73.076  -6.441 1.0000000000
15356  3.892  -73.092  -5.916 1.0000000000
15377  6.182  -73.045  -7.072 1.0000000000
15378  5.292  -73.101  -6.748 1.0000000000
15394  -0.318  -73.109  -8.332 0.1000000015
15507  12.877  -73.599  -17.455 0.6999999881
15510  10.754  -73.789  -17.887 0.8999999762
15527  13.140  -73.233  -18.709 0.5000000000
15528  11.463  -74.179  -17.986 0.8000000119
15540  17.309  -73.890  -19.311 0.1000000015
15541  13.462  -72.675  -19.488 0.5000000000
15556  16.950  -73.343  -20.173 0.1000000015
15557  13.210  -72.833  -20.261 0.5000000000
15558  12.551  -73.623  -20.448 0.6000000238
15559  10.156  -74.063  -19.968 0.8000000119
15561  6.165  -72.857  -20.488 0.8000000119
15578  16.018  -73.805  -21.267 0.1000000015
15581  12.553  -73.671  -21.342 0.6000000238
15585  3.746  -73.660  -21.850 0.8999999762
15586  1.136  -73.336  -21.793 0.1000000015
15602  12.574  -73.658  -22.226 0.6000000238
15603  9.573  -73.085  -22.780 0.6000000238
15604  7.701  -72.213  -23.576 0.6000000238
15617  15.235  -73.388  -23.373 0.1000000015
15619  9.082  -73.297  -23.767 0.6000000238
15621  7.598  -72.731  -23.971 0.6000000238
15622  7.351  -73.315  -23.741 0.5000000000
15653  2.124  -73.415  -26.479 0.3000000119
15662  14.931  -73.967  -27.307 0.2000000030
15663  10.714  -73.578  -26.600 0.5000000000
15671  9.533  -72.124  -28.393 0.5000000000
15673  7.578  -72.687  -28.968 0.4000000060
15681  12.394  -73.798  -29.918 0.2000000030
15682  10.204  -72.676  -28.965 0.4000000060
15683  9.045  -72.378  -28.934 0.4000000060
15684  8.269  -72.561  -28.761 0.4000000060
15691  11.254  -73.710  -29.676 0.2000000030
16250  2.794  -72.695  13.985 0.1000000015
16268  4.525  -72.120  13.802 0.1000000015
16283  1.448  -72.742  12.311 0.2000000030
16296  3.672  -72.191  11.761 0.1000000015
16299  1.269  -72.913  11.358 0.2000000030
16300  0.918  -73.331  10.940 0.2000000030
16312  1.342  -72.853  10.705 0.3000000119
16338  4.935  -71.793  7.563 0.6000000238
16340  2.773  -72.381  8.387 0.5000000000
16356  5.863  -72.510  7.153 0.5000000000
16365  4.564  -71.814  6.380 0.6000000238
16379  3.300  -72.626  6.060 0.6000000238
16382  0.518  -72.527  5.419 0.8000000119
16383  0.354  -72.441  5.310 0.8000000119
16429  1.223  -72.281  2.177 0.1000000015
16430  0.116  -72.428  2.027 0.2000000030
16470  1.607  -72.106  -0.677 0.1000000015
16489  -0.200  -72.566  -1.175 0.1000000015
16490  -0.860  -72.165  -1.749 0.4000000060
16507  -1.137  -72.544  -2.292 0.2000000030
16523  3.066  -72.111  -3.814 0.8999999762
16533  5.332  -72.711  -4.366 1.0000000000
16534  4.487  -72.721  -4.379 1.0000000000
16535  3.491  -72.579  -4.436 0.8999999762
16537  0.218  -71.927  -4.748 0.6000000238
16539  -1.050  -73.127  -4.231 0.4000000060
16549  8.128  -72.193  -6.386 1.0000000000
16550  7.498  -72.748  -6.350 1.0000000000
16553  1.451  -71.713  -6.093 0.6000000238
16555  -0.221  -72.847  -6.116 0.3000000119
16560  8.523  -72.111  -6.885 0.8999999762
16564  3.323  -72.205  -7.072 1.0000000000
16565  2.592  -71.719  -7.117 1.0000000000
16572  6.607  -72.433  -7.762 1.0000000000
16574  4.777  -72.190  -7.757 1.0000000000
16575  -0.065  -72.456  -8.027 0.1000000015
16588  -0.092  -72.855  -10.837 0.1000000015
16634  13.159  -72.382  -14.801 0.8999999762
16647  13.394  -72.684  -15.513 0.8000000119
16648  12.513  -72.733  -15.386 0.8999999762
16649  11.725  -72.522  -15.399 0.8999999762
16661  14.291  -72.446  -16.561 0.6000000238
16662  13.594  -72.976  -16.275 0.6000000238
16674  13.639  -73.132  -17.178 0.6000000238
16676  10.831  -72.994  -17.446 0.8999999762
16688  13.742  -72.789  -18.038 0.6000000238
16702  10.399  -73.610  -19.291 0.8999999762
16715  14.053  -71.508  -19.543 0.5000000000
16719  7.118  -71.602  -20.261 1.0000000000
16720  6.533  -72.055  -20.350 0.8999999762
16721  5.271  -72.355  -20.344 0.8000000119
16722  4.630  -72.987  -20.692 0.8000000119
16734  13.504  -72.206  -21.554 0.6000000238
16735  10.042  -71.573  -21.684 0.8000000119
16736  9.751  -72.126  -22.253 0.8000000119
16741  0.745  -72.474  -21.385 0.1000000015
16753  16.207  -72.396  -22.338 0.1000000015
16755  13.435  -72.118  -22.547 0.5000000000
16756  13.037  -72.953  -22.839 0.5000000000
16757  9.226  -72.004  -23.058 0.6000000238
16760  3.941  -72.899  -23.164 0.8000000119
16772  15.973  -71.909  -23.075 0.1000000015
16776  8.703  -72.216  -23.706 0.6000000238
16777  8.147  -72.018  -23.958 0.6999999881
16778  7.882  -72.233  -24.024 0.6000000238
16781  1.860  -72.000  -24.617 0.1000000015
16795  7.968  -72.461  -24.241 0.6000000238
16799  1.503  -72.793  -25.172 0.2000000030
16813  11.711  -71.640  -25.438 0.5000000000
16814  11.051  -71.926  -26.057 0.5000000000
16816  4.239  -72.882  -26.563 0.8000000119
16818  1.628  -72.790  -26.036 0.3000000119
16828  9.672  -71.383  -27.427 0.5000000000
16829  4.159  -71.513  -27.875 0.5000000000
16831  3.038  -72.025  -27.325 0.4000000060
16835  17.040  -72.683  -29.383 0.2000000030
16836  16.311  -73.165  -29.001 0.2000000030
16838  9.031  -72.087  -28.458 0.4000000060
16839  3.432  -71.505  -27.776 0.5000000000
17425  5.380  -71.759  13.478 0.1000000015
17466  3.067  -71.604  10.807 0.3000000119
17484  1.836  -71.771  9.682 0.4000000060
17495  4.291  -71.392  7.570 0.6000000238
17496  3.166  -71.364  8.025 0.5000000000
17510  2.995  -70.331  7.882 0.6000000238
17520  5.261  -71.849  7.089 0.6000000238
17522  4.314  -71.005  6.376 0.6000000238
17552  -0.252  -71.475  3.814 0.5000000000
17558  3.450  -71.609  3.900 0.1000000015
17562  0.860  -71.382  2.013 0.2000000030
17572  2.798  -70.892  0.178 0.1000000015
17595  -0.843  -71.308  -1.820 0.4000000060
17607  5.578  -70.757  -3.170 0.8999999762
17609  2.802  -71.171  -3.016 0.8999999762
17621  6.215  -71.599  -4.155 0.8999999762
17622  5.681  -71.505  -3.694 0.8999999762
17623  4.714  -71.515  -3.247 1.0000000000
17624  3.571  -71.657  -3.307 0.8999999762
17627  -0.710  -71.661  -3.233 0.6999999881
17638  6.482  -72.171  -4.571 0.8999999762
17645  6.964  -71.930  -5.107 0.8999999762
17649  8.192  -71.645  -6.022 0.8999999762
17651  0.748  -71.455  -6.701 0.5000000000
17656  10.305  -70.932  -7.779 0.8999999762
17661  2.063  -71.151  -7.493 0.8999999762
17670  8.414  -72.119  -7.633 0.8999999762
17671  6.902  -71.768  -8.455 1.0000000000
17675  2.412  -70.813  -8.169 0.8999999762
17677  0.819  -71.079  -8.129 0.6000000238
17678  0.540  -71.554  -8.335 0.4000000060
17684  8.642  -71.462  -8.781 0.8999999762
17687  5.486  -70.932  -9.124 1.0000000000
17690  0.404  -71.396  -9.315 0.1000000015
17693  -0.176  -71.335  -10.820 0.1000000015
17721  13.314  -71.450  -13.607 0.8999999762
17730  14.226  -71.666  -14.583 0.8000000119
17731  13.693  -71.851  -14.310 0.8000000119
17735  9.976  -71.512  -14.951 0.8999999762
17748  11.380  -72.085  -14.939 0.8999999762
17749  10.701  -71.854  -15.290 0.8999999762
17766  14.665  -71.819  -15.992 0.6999999881
17767  11.299  -72.495  -16.026 0.8999999762
17768  10.764  -71.945  -16.063 0.8999999762
17778  14.598  -71.665  -17.727 0.6000000238
17784  14.573  -71.331  -18.347 0.6000000238
17797  14.421  -71.030  -19.043 0.5000000000
17799  7.181  -70.622  -19.846 1.0000000000
17812  14.081  -70.803  -20.496 0.5000000000
17813  13.853  -71.572  -20.905 0.6000000238
17815  10.176  -71.081  -21.447 1.0000000000
17818  6.349  -70.674  -20.098 0.8999999762
17819  5.350  -71.113  -20.435 0.8999999762
17836  7.939  -71.483  -20.455 1.0000000000
17837  4.936  -70.867  -21.121 0.8999999762
17838  4.360  -71.615  -21.452 0.8000000119
17853  8.554  -71.484  -22.641 0.8000000119
17854  8.203  -71.666  -22.111 0.8999999762
17872  16.412  -71.357  -23.794 0.1000000015
17875  8.054  -71.757  -23.378 0.6000000238
17889  17.813  -70.943  -24.657 0.1000000015
17893  5.017  -71.671  -24.888 0.8999999762
17905  19.242  -71.174  -26.007 0.1000000015
17906  16.855  -71.085  -25.545 0.2000000030
17909  11.401  -70.737  -25.820 0.4000000060
17911  5.137  -71.510  -26.798 0.8999999762
17912  2.202  -71.276  -26.360 0.3000000119
17922  16.711  -72.482  -27.277 0.2000000030
17924  9.768  -70.935  -27.438 0.4000000060
17925  4.723  -71.190  -27.558 0.8999999762
17926  2.606  -71.098  -27.305 0.5000000000
17931  17.834  -72.544  -29.296 0.2000000030
17932  15.364  -71.517  -28.651 0.2000000030
17935  10.351  -70.770  -27.582 0.4000000060
17938  3.909  -70.998  -28.360 0.6000000238
17942  18.084  -71.966  -29.355 0.2000000030
18534  2.581  -70.552  10.328 0.3000000119
18536  1.971  -70.823  9.534 0.5000000000
18556  4.425  -69.896  10.174 0.4000000060
18568  2.077  -69.890  8.532 0.6000000238
18576  3.911  -69.953  7.225 0.6000000238
18586  -0.048  -69.802  6.195 0.8999999762
18597  1.567  -70.052  5.806 0.8000000119
18628  -0.549  -70.570  2.996 0.6000000238
18644  -0.286  -71.285  2.381 0.4000000060
18676  -0.591  -69.846  -0.812 0.3000000119
18677  -0.950  -69.985  -1.305 0.3000000119
18685  4.962  -69.844  -1.880 0.8000000119
18686  3.910  -69.977  -1.695 0.8999999762
18687  2.774  -69.838  -1.955 0.8999999762
18688  -0.793  -70.438  -1.738 0.4000000060
18700  5.339  -70.256  -2.487 0.8999999762
18706  -0.795  -70.211  -1.939 0.6999999881
18725  6.150  -70.704  -4.801 0.8999999762
18730  7.475  -71.501  -5.592 0.8999999762
18737  8.781  -70.949  -6.342 0.8999999762
18739  5.956  -70.397  -5.881 0.8999999762
18748  9.636  -70.368  -7.025 0.8999999762
18757  10.914  -70.513  -8.004 0.8999999762
18760  1.650  -70.290  -8.531 0.8999999762
18765  10.697  -70.345  -9.796 0.8999999762
18767  9.187  -70.968  -9.346 0.8999999762
18768  7.726  -70.607  -9.695 1.0000000000
18769  6.347  -70.683  -9.651 1.0000000000
18771  3.659  -70.493  -9.308 1.0000000000
18772  1.873  -69.771  -9.124 0.8999999762
18775  0.233  -70.030  -9.411 0.1000000015
18781  6.592  -70.037  -10.329 1.0000000000
18788  13.644  -69.738  -11.919 0.8999999762
18789  12.837  -70.123  -11.683 0.8999999762
18791  10.524  -69.528  -11.106 0.8999999762
18792  -0.294  -70.504  -11.197 0.1000000015
18802  12.365  -70.610  -12.262 0.8999999762
18813  12.823  -71.069  -12.907 0.8999999762
18818  7.911  -70.129  -13.785 1.0000000000
18822  14.570  -71.131  -14.679 0.6999999881
18823  10.219  -71.191  -13.985 0.8999999762
18824  8.583  -70.765  -14.348 1.0000000000
18836  14.748  -71.172  -15.505 0.6999999881
18837  9.302  -71.144  -16.056 0.8999999762
18854  10.473  -71.536  -16.681 0.8999999762
18856  8.783  -70.565  -16.566 0.8999999762
18858  7.149  -70.053  -16.221 1.0000000000
18864  14.910  -71.048  -17.719 0.6000000238
18865  10.619  -71.156  -17.410 0.8999999762
18866  10.439  -70.201  -17.446 0.8999999762
18872  11.064  -70.588  -18.281 0.8999999762
18879  11.259  -70.844  -20.147 0.8999999762
18883  7.587  -69.795  -20.126 1.0000000000
18897  10.651  -70.625  -20.841 1.0000000000
18917  14.080  -70.145  -20.947 0.5000000000
18920  5.397  -70.123  -21.635 0.8999999762
18938  13.601  -70.361  -22.727 0.4000000060
18939  6.575  -69.615  -23.640 0.8999999762
18958  13.326  -70.554  -23.430 0.4000000060
18959  12.805  -70.271  -24.116 0.4000000060
18963  3.337  -69.940  -24.011 0.2000000030
18973  12.044  -70.095  -24.894 0.4000000060
18974  11.899  -69.991  -25.515 0.4000000060
18975  6.853  -69.527  -25.822 0.8000000119
18986  19.859  -70.342  -26.755 0.1000000015
18989  18.247  -71.702  -27.851 0.2000000030
18990  11.744  -70.367  -25.541 0.4000000060
18999  20.473  -69.573  -26.936 0.1000000015
19002  18.686  -71.395  -28.487 0.2000000030
19003  14.711  -70.267  -27.217 0.2000000030
19006  5.549  -70.058  -27.166 0.8000000119
19007  4.690  -70.587  -27.564 0.6000000238
19016  18.056  -71.150  -29.257 0.2000000030
19021  3.875  -70.779  -28.054 0.6000000238
19602  3.264  -69.842  10.277 0.5000000000
19615  6.550  -69.210  9.014 0.3000000119
19618  2.621  -68.931  9.855 0.5000000000
19620  2.026  -69.113  9.272 0.5000000000
19636  8.211  -69.332  8.835 0.2000000030
19637  7.420  -69.244  8.608 0.2000000030
19638  2.145  -68.914  8.639 0.6000000238
19646  3.778  -69.163  7.124 0.6000000238
19653  3.741  -69.327  6.565 0.6000000238
19654  3.241  -68.501  6.448 0.6999999881
19658  2.831  -69.317  5.841 0.6000000238
19659  1.416  -69.178  6.002 0.6999999881
19661  -0.329  -69.330  5.776 0.8000000119
19683  5.255  -69.178  3.687 0.1000000015
19684  4.365  -69.223  3.907 0.1000000015
19687  1.468  -68.878  2.647 0.1000000015
19704  0.130  -69.864  1.714 0.2000000030
19744  5.369  -69.157  -1.931 0.8000000119
19757  5.503  -69.273  -2.562 0.8999999762
19758  1.556  -69.648  -2.444 0.8999999762
19759  0.317  -69.622  -2.427 0.6000000238
19760  -0.655  -69.628  -1.961 0.6000000238
19772  5.610  -69.534  -3.278 0.8999999762
19785  3.743  -69.352  -5.427 0.8999999762
19791  5.218  -70.291  -5.558 0.8999999762
19806  6.763  -70.046  -6.376 0.8999999762
19808  4.305  -69.660  -6.254 0.8999999762
19818  10.019  -69.748  -7.373 0.8999999762
19819  8.967  -70.081  -6.648 0.8999999762
19820  7.156  -69.449  -6.983 0.8999999762
19821  6.391  -69.359  -6.885 0.8999999762
19822  5.763  -68.930  -7.064 0.8999999762
19826  12.453  -69.027  -8.843 0.8999999762
19827  11.269  -69.534  -8.005 0.8999999762
19831  1.125  -69.200  -9.375 0.8999999762
19836  13.231  -68.735  -9.979 0.8999999762
19839  9.962  -69.659  -10.728 0.8999999762
19841  7.002  -69.397  -10.908 1.0000000000
19843  5.201  -69.610  -10.880 1.0000000000
19851  14.239  -69.184  -12.327 0.8999999762
19855  9.634  -69.441  -11.247 0.8999999762
19857  7.451  -69.047  -11.618 1.0000000000
19860  4.904  -69.132  -11.454 1.0000000000
19862  2.554  -69.030  -11.420 0.8999999762
19864  -0.211  -69.449  -10.499 0.1000000015
19874  8.889  -69.931  -12.762 0.8999999762
19878  -0.136  -69.101  -12.131 0.1000000015
19884  14.371  -69.580  -12.974 0.6999999881
19885  8.147  -69.655  -12.899 1.0000000000
19886  7.453  -69.387  -13.371 1.0000000000
19894  14.448  -69.578  -14.407 0.6000000238
19895  7.052  -69.876  -14.829 1.0000000000
19896  6.429  -69.360  -14.944 1.0000000000
19913  6.063  -69.381  -15.729 1.0000000000
19929  14.322  -70.010  -17.045 0.6000000238
19930  14.064  -69.708  -16.417 0.6000000238
19942  14.290  -69.272  -17.861 0.4000000060
19943  10.169  -69.404  -17.749 0.8999999762
19944  9.291  -68.992  -17.632 1.0000000000
19945  6.958  -69.217  -17.387 1.0000000000
19946  5.992  -69.055  -17.229 1.0000000000
19947  5.229  -68.652  -16.983 1.0000000000
19958  9.642  -68.200  -18.347 0.8999999762
19986  14.304  -69.272  -20.101 0.3000000119
19987  9.403  -68.668  -19.991 1.0000000000
20004  14.108  -69.444  -20.688 0.4000000060
20023  6.165  -69.464  -22.348 0.8999999762
20024  3.257  -69.139  -22.452 0.1000000015
20035  7.390  -69.001  -24.556 0.8999999762
20036  4.403  -68.525  -24.391 0.3000000119
20038  2.879  -69.720  -23.067 0.1000000015
20044  20.979  -69.468  -24.842 0.1000000015
20053  12.568  -69.407  -25.483 0.4000000060
20054  12.143  -69.686  -25.388 0.3000000119
20055  11.817  -69.963  -26.090 0.4000000060
20056  6.546  -69.352  -26.147 0.8000000119
20057  5.886  -69.616  -26.540 0.8000000119
20059  3.852  -69.628  -25.762 0.6000000238
20064  20.320  -68.958  -27.472 0.1000000015
20065  18.756  -69.421  -27.671 0.2000000030
20066  17.732  -69.585  -27.574 0.2000000030
20069  14.054  -69.727  -26.488 0.3000000119
20070  12.990  -69.744  -26.192 0.4000000060
20073  3.895  -69.965  -26.760 0.6000000238
20077  19.245  -69.902  -27.989 0.2000000030
20685  2.271  -68.665  9.470 0.6000000238
20705  6.061  -68.326  8.881 0.3000000119
20716  3.129  -67.865  7.374 0.6000000238
20720  3.180  -67.811  6.852 0.6999999881
20723  0.122  -68.362  6.196 0.8999999762
20724  -0.158  -68.609  6.029 0.8000000119
20739  -0.559  -68.408  3.793 0.8000000119
20749  4.895  -68.524  3.581 0.1000000015
20751  3.048  -68.484  3.835 0.1000000015
20754  -0.660  -68.267  2.501 0.4000000060
20769  0.192  -68.046  1.653 0.3000000119
20770  -0.281  -68.201  1.825 0.5000000000
20808  -0.792  -68.152  -0.203 0.2000000030
20817  5.095  -68.490  -1.681 0.8000000119
20822  -0.599  -68.199  -1.306 0.4000000060
20852  3.603  -67.970  -3.934 0.8999999762
20864  1.860  -68.271  -4.862 0.8999999762
20869  2.992  -68.887  -5.566 0.8999999762
20870  1.886  -68.392  -5.460 0.8999999762
20872  0.350  -67.614  -5.182 0.8999999762
20883  3.937  -69.034  -6.545 0.8999999762
20884  3.087  -68.827  -6.197 0.8999999762
20886  0.800  -67.862  -5.640 0.8999999762
20891  10.427  -69.199  -7.682 0.8999999762
20898  3.441  -68.294  -6.936 0.8999999762
20903  9.911  -68.469  -7.975 0.8999999762
20905  8.035  -68.390  -7.924 0.8999999762
20906  6.586  -68.017  -7.996 0.8999999762
20908  13.286  -67.952  -9.889 0.8999999762
20909  12.919  -68.540  -9.364 0.8999999762
20911  0.459  -68.816  -9.792 0.3000000119
20914  13.518  -68.263  -10.441 0.8999999762
20918  14.099  -68.545  -11.934 0.8999999762
20919  6.034  -68.450  -11.899 1.0000000000
20920  5.380  -68.544  -11.741 1.0000000000
20922  3.826  -68.650  -12.163 1.0000000000
20923  1.950  -68.350  -11.783 0.8000000119
20925  0.121  -67.881  -10.903 0.3000000119
20926  -0.222  -68.135  -11.282 0.1000000015
20939  4.501  -67.996  -12.532 1.0000000000
20941  2.277  -67.958  -12.477 1.0000000000
20951  14.418  -68.965  -13.007 0.6999999881
20952  14.154  -68.366  -12.962 0.6000000238
20955  5.504  -67.946  -13.029 1.0000000000
20956  4.860  -67.682  -12.983 1.0000000000
20957  -0.229  -67.129  -12.831 0.1000000015
20966  14.475  -69.562  -13.587 0.6999999881
20968  13.246  -68.239  -14.697 0.5000000000
20970  6.162  -68.500  -13.481 1.0000000000
20989  12.733  -68.204  -15.442 0.5000000000
20990  5.026  -68.627  -16.133 1.0000000000
21008  13.351  -69.116  -16.379 0.4000000060
21032  5.025  -68.028  -17.425 1.0000000000
21047  9.944  -68.080  -18.883 0.8999999762
21049  8.380  -67.784  -18.378 1.0000000000
21063  22.080  -67.097  -19.352 0.1000000015
21067  14.285  -68.658  -19.741 0.4000000060
21068  9.675  -67.914  -19.426 1.0000000000
21082  23.179  -67.204  -20.421 0.1000000015
21086  8.622  -67.543  -20.750 1.0000000000
21100  13.852  -68.910  -21.128 0.4000000060
21103  7.709  -68.034  -22.025 0.8999999762
21115  22.174  -67.367  -21.935 0.1000000015
21117  12.707  -68.462  -22.497 0.3000000119
21118  12.219  -68.128  -23.265 0.4000000060
21131  12.011  -67.993  -23.901 0.3000000119
21132  8.032  -67.187  -23.836 0.8999999762
21135  4.971  -67.757  -24.098 0.3000000119
21147  7.359  -68.045  -25.391 0.8000000119
21156  20.665  -67.675  -25.730 0.2000000030
21157  17.348  -68.099  -26.088 0.2000000030
21160  13.839  -68.674  -25.370 0.3000000119
21171  20.335  -68.189  -27.099 0.1000000015
21174  18.037  -68.700  -26.958 0.2000000030
21178  19.449  -69.196  -27.678 0.2000000030
21788  2.867  -67.653  9.264 0.5000000000
21804  9.821  -67.321  8.611 0.1000000015
21807  6.419  -67.670  8.484 0.4000000060
21809  3.015  -66.937  8.739 0.6999999881
21824  9.330  -66.996  7.815 0.1000000015
21825  8.141  -67.869  7.871 0.3000000119
21833  2.654  -67.174  6.607 0.6999999881
21834  1.780  -66.636  6.340 0.6999999881
21835  0.594  -66.813  6.066 0.8999999762
21855  6.014  -67.395  3.784 0.1000000015
21856  5.096  -67.229  3.918 0.1000000015
21875  8.003  -67.513  3.115 0.1000000015
21876  7.060  -67.698  2.864 0.1000000015
21878  5.426  -67.956  3.435 0.1000000015
21883  -0.636  -67.443  3.119 0.6000000238
21951  -0.438  -67.435  0.198 0.1000000015
21962  -0.731  -67.242  -0.919 0.4000000060
21969  5.216  -67.693  -1.691 0.8000000119
21972  0.781  -67.652  -1.996 0.8000000119
21978  21.766  -67.138  -2.276 0.1000000015
21996  5.257  -67.202  -2.546 0.8999999762
21998  4.114  -67.336  -3.643 0.8999999762
22008  1.129  -67.510  -4.717 0.8999999762
22009  0.346  -67.686  -5.136 0.8999999762
22022  0.040  -67.617  -5.285 0.8000000119
22033  1.275  -67.728  -6.767 0.8000000119
22034  0.551  -67.730  -6.211 0.8999999762
22039  3.884  -67.736  -7.661 0.6999999881
22040  0.037  -66.818  -7.347 0.6999999881
22041  -0.132  -67.214  -6.438 0.6999999881
22044  11.628  -67.709  -8.887 0.8999999762
22045  10.241  -67.899  -8.434 0.8999999762
22046  9.346  -67.839  -8.454 0.8999999762
22047  8.406  -67.769  -8.441 0.8999999762
22049  5.870  -67.603  -8.174 0.6999999881
22051  3.119  -67.343  -8.304 0.6000000238
22053  0.995  -67.279  -7.494 0.6999999881
22060  7.882  -67.130  -8.873 0.8000000119
22065  13.030  -67.003  -10.038 0.8999999762
22073  13.477  -67.174  -11.343 0.8999999762
22074  0.414  -67.261  -11.425 0.3000000119
22088  13.242  -67.305  -12.371 0.5000000000
22091  1.650  -66.845  -12.564 0.6000000238
22093  -0.201  -67.003  -12.266 0.1000000015
22106  11.945  -67.375  -13.706 0.6000000238
22109  4.257  -67.221  -13.615 1.0000000000
22113  -0.003  -66.588  -12.694 0.4000000060
22119  12.623  -67.726  -14.187 0.4000000060
22120  11.647  -67.609  -14.568 0.4000000060
22121  10.770  -67.519  -14.905 0.2000000030
22136  10.687  -67.259  -15.684 0.2000000030
22150  12.808  -68.483  -16.791 0.4000000060
22153  4.568  -66.739  -16.235 0.8999999762
22164  13.303  -68.175  -17.514 0.4000000060
22165  12.649  -67.682  -17.064 0.4000000060
22176  14.040  -68.350  -18.092 0.4000000060
22178  9.137  -67.416  -19.617 1.0000000000
22180  6.953  -67.081  -19.045 1.0000000000
22191  18.462  -67.999  -19.694 0.1000000015
22194  8.399  -66.884  -19.907 1.0000000000
22211  18.400  -67.606  -20.480 0.1000000015
22213  13.800  -68.035  -20.225 0.3000000119
22218  3.609  -67.345  -20.482 0.1000000015
22231  21.773  -66.441  -21.599 0.1000000015
22233  18.872  -67.249  -21.407 0.1000000015
22235  12.470  -66.954  -22.409 0.3000000119
22248  21.747  -66.612  -22.352 0.1000000015
22251  8.029  -66.498  -23.508 0.8000000119
22253  5.473  -66.671  -22.872 0.4000000060
22260  21.022  -66.539  -23.915 0.1000000015
22261  12.563  -67.134  -23.546 0.3000000119
22262  7.845  -66.832  -24.115 0.8000000119
22263  6.919  -66.964  -24.324 0.6999999881
22275  16.193  -67.107  -24.482 0.3000000119
22278  7.385  -67.428  -24.781 0.8000000119
22286  20.164  -66.879  -26.173 0.1000000015
22287  19.704  -66.815  -26.203 0.2000000030
22289  16.770  -67.626  -25.205 0.1000000015
22298  20.080  -67.530  -26.822 0.2000000030
23006  10.796  -66.029  8.498 0.1000000015
23008  7.135  -67.027  8.109 0.5000000000
23012  3.229  -66.168  8.733 0.6999999881
23034  2.684  -65.650  7.416 0.6999999881
23046  0.271  -66.981  5.880 0.8000000119
23069  8.296  -66.152  4.418 0.1000000015
23071  6.682  -66.851  4.194 0.1000000015
23095  9.577  -66.731  3.794 0.1000000015
23100  -0.507  -66.469  3.231 0.6000000238
23118  0.104  -66.662  2.161 0.5000000000
23119  -0.402  -66.947  2.464 0.6000000238
23162  23.211  -66.528  -0.866 0.1000000015
23167  -0.614  -66.253  -0.356 0.5000000000
23173  23.464  -66.682  -1.608 0.1000000015
23177  5.358  -66.960  -1.619 0.8000000119
23196  5.419  -66.686  -2.270 0.6999999881
23208  5.244  -66.545  -2.869 0.8999999762
23210  3.654  -66.548  -3.673 0.8999999762
23227  1.770  -66.966  -4.120 0.8999999762
23228  0.680  -66.653  -4.218 0.8999999762
23229  0.111  -66.708  -4.942 0.8000000119
23254  -0.380  -66.525  -7.028 0.6999999881
23259  4.136  -66.806  -9.333 0.6999999881
23267  12.183  -66.764  -9.927 0.8999999762
23268  11.346  -66.916  -9.631 0.8999999762
23269  10.412  -66.780  -9.709 0.6999999881
23270  7.453  -66.645  -9.422 0.8000000119
23273  4.592  -66.351  -9.854 0.6999999881
23276  1.223  -66.269  -9.324 0.5000000000
23285  13.314  -66.957  -10.639 0.8999999762
23286  11.633  -66.366  -10.357 0.6999999881
23290  7.962  -66.219  -9.993 0.6999999881
23304  0.272  -66.855  -12.034 0.4000000060
23314  12.527  -66.641  -11.852 0.8000000119
23317  1.264  -65.990  -12.781 0.5000000000
23318  0.496  -66.365  -12.625 0.4000000060
23332  9.217  -65.659  -13.224 0.4000000060
23333  8.858  -66.267  -14.321 0.4000000060
23338  0.245  -66.070  -13.202 0.2000000030
23348  4.220  -65.913  -14.546 0.8000000119
23349  2.770  -65.254  -14.116 0.6000000238
23350  2.378  -65.089  -14.329 0.6000000238
23364  9.754  -66.805  -15.684 0.2000000030
23366  8.572  -66.203  -15.310 0.3000000119
23378  12.124  -67.127  -16.669 0.4000000060
23379  11.305  -66.780  -16.406 0.2000000030
23381  9.487  -66.185  -16.237 0.2000000030
23382  4.612  -65.218  -16.226 0.8000000119
23383  2.293  -65.160  -16.503 0.3000000119
23394  13.066  -67.210  -17.668 0.4000000060
23398  2.073  -65.648  -17.148 0.2000000030
23409  13.138  -66.912  -18.402 0.4000000060
23410  12.748  -66.179  -18.631 0.3000000119
23412  3.395  -65.285  -18.826 0.1000000015
23420  16.895  -66.784  -19.985 0.1000000015
23423  12.791  -66.025  -19.551 0.3000000119
23424  7.532  -66.155  -20.258 0.8999999762
23428  3.681  -65.835  -19.518 0.2000000030
23438  16.578  -66.028  -20.699 0.1000000015
23439  12.850  -66.615  -20.330 0.3000000119
23445  4.018  -66.235  -20.126 0.2000000030
23453  21.223  -66.478  -22.502 0.1000000015
23459  12.729  -65.613  -21.392 0.3000000119
23461  6.735  -65.645  -21.742 0.6999999881
23462  5.840  -65.692  -21.529 0.6999999881
23463  5.110  -66.175  -21.078 0.4000000060
23478  18.127  -66.254  -23.211 0.1000000015
23480  12.643  -66.064  -22.209 0.2000000030
23481  7.899  -66.285  -23.470 0.8000000119
23482  7.370  -65.970  -22.850 0.6999999881
23484  5.334  -66.413  -21.973 0.4000000060
23496  20.033  -65.927  -24.052 0.1000000015
23497  19.205  -65.895  -24.067 0.1000000015
23500  13.967  -66.122  -23.353 0.3000000119
23501  12.980  -66.304  -23.198 0.2000000030
23502  12.573  -66.588  -22.944 0.3000000119
23512  20.226  -66.505  -25.274 0.1000000015
23514  19.043  -65.900  -24.410 0.1000000015
23517  15.635  -66.554  -23.877 0.3000000119
23518  14.384  -66.720  -23.828 0.3000000119
23529  19.328  -66.209  -25.405 0.1000000015
24218  11.378  -65.769  8.720 0.1000000015
24233  5.731  -65.442  8.418 0.6000000238
24234  3.701  -65.501  8.627 0.8000000119
24250  14.575  -65.483  6.909 0.1000000015
24251  13.212  -65.140  7.518 0.1000000015
24254  9.002  -65.069  7.491 0.4000000060
24256  7.407  -64.752  7.887 0.5000000000
24268  1.915  -65.269  6.866 0.8000000119
24269  1.072  -65.277  6.405 0.8999999762
24279  -0.112  -65.524  4.510 0.6000000238
24291  10.640  -65.879  4.219 0.1000000015
24292  9.834  -65.588  4.419 0.1000000015
24295  6.081  -65.228  4.456 0.1000000015
24298  -0.176  -65.048  3.779 0.6000000238
24319  0.326  -64.817  2.814 0.5000000000
24320  -0.100  -65.229  2.843 0.6000000238
24321  -0.211  -64.918  3.254 0.6999999881
24370  1.153  -65.200  0.861 0.4000000060
24371  0.044  -65.220  0.714 0.5000000000
24372  -0.349  -65.187  0.237 0.4000000060
24383  -0.556  -65.578  -0.291 0.5000000000
24394  5.190  -65.207  -1.900 0.8000000119
24397  2.805  -65.380  -1.428 0.8000000119
24413  5.458  -65.907  -2.731 0.8000000119
24424  23.036  -66.604  -4.219 0.1000000015
24430  1.847  -65.864  -3.558 0.8999999762
24431  0.770  -65.703  -3.762 0.8999999762
24449  18.935  -65.117  -6.359 0.1000000015
24452  2.149  -65.133  -5.958 0.5000000000
24462  3.678  -65.155  -6.708 0.4000000060
24468  2.749  -65.210  -6.708 0.4000000060
24469  1.228  -65.231  -6.916 0.4000000060
24470  -0.357  -65.180  -7.410 0.4000000060
24474  -0.489  -65.162  -8.511 0.5000000000
24493  11.066  -65.925  -10.873 0.6999999881
24500  2.931  -65.080  -10.512 0.5000000000
24502  1.083  -64.427  -10.178 0.4000000060
24508  17.757  -65.060  -11.946 0.1000000015
24509  10.594  -65.641  -11.367 0.6999999881
24518  14.999  -65.290  -12.852 0.1000000015
24519  11.168  -65.881  -11.596 0.6999999881
24521  9.271  -64.831  -12.232 0.4000000060
24522  8.746  -64.806  -12.976 0.4000000060
24527  16.645  -65.897  -13.315 0.1000000015
24529  14.750  -65.207  -13.625 0.1000000015
24543  3.986  -65.053  -14.890 0.6999999881
24558  8.736  -65.931  -16.066 0.2000000030
24561  4.218  -64.736  -15.637 0.6999999881
24562  3.622  -64.645  -15.348 0.6999999881
24564  1.881  -65.115  -14.821 0.4000000060
24574  15.483  -64.799  -16.881 0.1000000015
24576  10.203  -65.532  -16.822 0.2000000030
24577  9.234  -65.394  -16.596 0.2000000030
24578  8.615  -65.192  -16.380 0.2000000030
24579  4.256  -64.375  -16.498 0.6999999881
24581  2.811  -64.579  -16.085 0.5000000000
24592  12.356  -65.695  -17.939 0.4000000060
24595  4.364  -64.118  -17.510 0.6999999881
24596  3.748  -64.221  -17.182 0.6999999881
24608  11.950  -64.965  -17.986 0.4000000060
24609  5.236  -64.272  -18.598 0.6000000238
24619  5.912  -64.220  -20.075 0.6999999881
24621  3.989  -64.073  -20.248 0.4000000060
24622  3.573  -64.318  -19.763 0.4000000060
24630  13.036  -65.008  -20.717 0.3000000119
24631  7.040  -65.131  -21.178 0.8000000119
24632  6.330  -64.930  -20.536 0.6999999881
24634  4.812  -64.293  -20.451 0.6000000238
24640  16.393  -65.204  -21.924 0.1000000015
24641  13.409  -64.567  -22.013 0.2000000030
24654  16.348  -65.329  -22.573 0.1000000015
24655  15.782  -64.980  -22.657 0.1000000015
24656  15.181  -64.707  -22.800 0.1000000015
24668  17.082  -65.916  -23.167 0.1000000015
24669  16.372  -65.505  -23.051 0.2000000030
25434  11.206  -64.003  8.187 0.1000000015
25436  6.110  -64.436  8.318 0.6000000238
25439  3.353  -64.896  8.354 0.6999999881
25457  12.881  -64.475  7.876 0.1000000015
25465  3.769  -64.269  8.127 0.6999999881
25466  2.236  -64.433  7.551 0.8000000119
25485  0.473  -64.465  5.778 0.6999999881
25495  0.219  -64.347  4.737 0.6999999881
25510  8.361  -64.693  4.405 0.1000000015
25514  4.581  -64.714  4.207 0.1000000015
25515  3.638  -64.880  4.101 0.2000000030
25537  10.495  -64.233  3.768 0.1000000015
25539  8.794  -64.112  3.970 0.1000000015
25541  3.018  -64.205  3.667 0.5000000000
25556  20.713  -64.513  2.118 0.1000000015
25570  21.522  -64.149  1.886 0.1000000015
25579  3.888  -64.656  1.298 0.1000000015
25600  4.743  -64.471  -1.761 0.8000000119
25605  -0.423  -64.729  -0.981 0.6999999881
25616  5.525  -64.370  -3.113 0.8000000119
25638  21.653  -65.355  -4.949 0.1000000015
25642  3.129  -63.885  -3.950 0.8999999762
25644  0.536  -64.830  -3.902 0.8000000119
25665  6.905  -64.002  -6.923 0.3000000119
25667  5.025  -64.541  -6.779 0.5000000000
25675  -0.491  -64.667  -8.058 0.5000000000
25684  -0.404  -64.579  -8.584 0.4000000060
25692  0.078  -63.803  -9.236 0.3000000119
25699  9.553  -65.255  -10.959 0.6000000238
25700  8.184  -64.773  -10.883 0.6000000238
25702  6.389  -64.929  -11.218 0.3000000119
25704  4.100  -64.405  -11.313 0.3000000119
25706  1.842  -64.093  -10.684 0.4000000060
25707  0.910  -63.689  -10.332 0.4000000060
25716  16.537  -64.359  -11.509 0.1000000015
25719  14.206  -64.243  -11.768 0.1000000015
25720  9.324  -64.925  -11.394 0.6000000238
25723  5.983  -64.290  -11.672 0.3000000119
25724  4.210  -63.820  -11.707 0.2000000030
25736  14.554  -64.831  -12.255 0.1000000015
25737  13.825  -64.533  -12.424 0.1000000015
25738  13.059  -64.319  -12.640 0.1000000015
25740  7.611  -64.085  -12.627 0.4000000060
25745  14.278  -65.057  -13.030 0.1000000015
25749  7.364  -64.156  -13.597 0.2000000030
25757  7.280  -64.236  -14.416 0.2000000030
25773  3.373  -64.478  -15.802 0.6000000238
25799  15.371  -63.831  -17.459 0.2000000030
25800  11.231  -64.498  -17.774 0.4000000060
25813  4.866  -63.643  -19.319 0.6000000238
25829  5.358  -64.112  -20.274 0.6000000238
25830  5.069  -63.672  -19.916 0.6000000238
25831  4.175  -63.720  -19.721 0.4000000060
25838  15.479  -63.580  -21.062 0.1000000015
25839  13.767  -63.441  -20.925 0.3000000119
25845  15.349  -63.928  -21.859 0.1000000015
25847  13.770  -63.891  -21.650 0.2000000030
25848  13.367  -64.246  -21.053 0.3000000119
25854  15.321  -64.360  -22.387 0.1000000015
25855  14.173  -64.222  -22.195 0.1000000015
26651  10.663  -63.045  8.135 0.3000000119
26665  13.594  -62.796  7.968 0.1000000015
26667  8.843  -62.911  7.828 0.4000000060
26668  7.830  -63.376  7.712 0.4000000060
26670  6.095  -63.448  7.822 0.6999999881
26672  4.190  -63.664  7.690 0.6999999881
26673  3.269  -63.752  7.736 0.8000000119
26674  1.751  -63.863  7.161 0.8000000119
26689  15.396  -63.234  6.171 0.1000000015
26691  13.686  -63.623  7.483 0.1000000015
26728  7.060  -63.948  4.015 0.1000000015
26743  10.890  -63.658  3.367 0.1000000015
26744  10.078  -63.614  3.408 0.1000000015
26746  8.346  -63.449  3.492 0.1000000015
26752  1.091  -63.193  3.052 0.6000000238
26753  0.576  -62.922  3.346 0.6000000238
26754  0.284  -62.663  3.844 0.6000000238
26780  21.296  -63.063  1.924 0.2000000030
26793  23.916  -63.568  0.829 0.1000000015
26801  6.012  -63.421  0.704 0.1000000015
26806  -0.447  -63.448  0.339 0.5000000000
26807  -0.768  -63.331  -0.047 0.6000000238
26817  24.778  -64.252  0.339 0.1000000015
26823  -0.475  -63.194  -0.494 0.8000000119
26865  5.399  -63.655  -3.557 0.8999999762
26879  5.228  -63.141  -3.946 1.0000000000
26911  7.980  -63.445  -6.629 0.3000000119
26913  6.408  -63.811  -6.503 0.3000000119
26914  5.558  -64.096  -6.479 0.4000000060
26932  8.240  -63.823  -7.589 0.3000000119
26933  4.933  -63.658  -8.332 0.3000000119
26944  0.915  -62.823  -9.473 0.4000000060
26945  0.538  -63.187  -9.621 0.3000000119
26954  0.591  -63.329  -10.025 0.3000000119
26959  15.365  -63.408  -11.295 0.1000000015
26960  14.078  -63.656  -11.600 0.1000000015
26962  12.829  -63.162  -12.007 0.1000000015
26965  4.613  -63.456  -12.122 0.2000000030
26973  11.942  -63.382  -12.559 0.1000000015
26974  11.094  -63.194  -12.919 0.1000000015
26978  4.286  -62.801  -12.512 0.2000000030
26979  3.602  -62.444  -11.991 0.3000000119
26987  10.654  -63.227  -13.767 0.1000000015
26989  5.972  -63.188  -14.452 0.2000000030
26997  13.451  -63.927  -14.893 0.1000000015
26999  11.509  -63.496  -14.238 0.1000000015
27000  6.720  -63.579  -14.765 0.2000000030
27015  14.329  -63.570  -15.656 0.1000000015
27031  15.064  -63.332  -16.885 0.2000000030
27032  14.854  -63.144  -16.403 0.2000000030
27034  8.084  -63.420  -16.917 0.1000000015
27035  7.825  -62.775  -17.032 0.1000000015
27045  15.294  -62.487  -17.843 0.2000000030
27046  15.057  -61.543  -17.757 0.2000000030
27048  9.077  -62.627  -18.272 0.1000000015
27049  7.940  -62.255  -17.344 0.1000000015
27057  15.615  -62.169  -19.040 0.3000000119
27070  15.779  -62.145  -20.100 0.2000000030
27071  13.958  -62.204  -19.651 0.3000000119
27081  14.780  -62.234  -21.002 0.2000000030
27835  12.071  -62.037  8.334 0.1000000015
27837  10.341  -62.469  7.877 0.2000000030
27845  13.359  -61.680  8.381 0.2000000030
27847  10.981  -61.809  7.923 0.4000000060
27850  7.715  -63.304  7.609 0.5000000000
27864  9.455  -62.618  7.582 0.5000000000
27865  8.327  -62.761  7.408 0.5000000000
27870  1.821  -62.471  6.227 0.6999999881
27880  9.262  -62.437  6.701 0.5000000000
27884  5.095  -62.007  5.299 0.6999999881
27888  0.750  -61.536  5.183 0.8000000119
27911  7.881  -62.738  3.057 0.1000000015
27913  5.706  -62.739  3.336 0.3000000119
27915  3.349  -61.990  3.134 0.6000000238
27928  11.778  -62.460  2.434 0.1000000015
27931  8.243  -62.094  2.539 0.5000000000
27933  6.583  -61.840  2.737 0.5000000000
27965  -0.241  -62.635  0.549 0.6000000238
27974  25.603  -63.125  0.066 0.1000000015
27978  18.749  -61.923  0.318 0.2000000030
27981  6.180  -62.400  -0.422 0.1000000015
27984  -0.655  -62.691  -0.075 0.6000000238
27998  4.055  -62.438  -1.878 1.0000000000
28001  0.439  -62.102  -1.127 0.8000000119
28015  3.863  -61.554  -2.030 1.0000000000
28038  3.993  -62.251  -4.277 0.8999999762
28039  2.500  -62.333  -4.124 0.8000000119
28042  -0.226  -62.113  -4.911 0.6000000238
28060  0.441  -62.638  -5.477 0.6000000238
28061  -0.127  -61.772  -5.222 0.6000000238
28066  8.503  -62.948  -6.592 0.2000000030
28069  5.931  -63.522  -6.256 0.4000000060
28078  11.159  -61.989  -8.225 0.2000000030
28080  9.219  -63.103  -7.180 0.2000000030
28091  7.491  -63.408  -8.418 0.3000000119
28093  4.106  -62.657  -8.937 0.4000000060
28106  10.283  -62.499  -8.898 0.2000000030
28107  9.694  -62.782  -8.930 0.2000000030
28114  1.747  -62.703  -9.903 0.3000000119
28132  14.540  -63.090  -11.527 0.1000000015
28134  2.906  -62.270  -11.547 0.2000000030
28135  2.190  -62.706  -11.178 0.3000000119
28143  9.774  -62.234  -13.012 0.1000000015
28144  4.794  -62.694  -13.179 0.2000000030
28152  9.360  -62.174  -13.640 0.1000000015
28153  5.325  -62.599  -13.870 0.2000000030
28159  9.394  -62.202  -14.407 0.1000000015
28161  5.806  -62.122  -14.664 0.2000000030
28174  13.618  -62.146  -16.076 0.2000000030
28176  11.314  -62.202  -15.632 0.1000000015
28177  10.211  -62.139  -15.299 0.1000000015
28178  9.486  -61.444  -15.347 0.1000000015
28192  14.717  -61.088  -17.713 0.2000000030
28195  7.476  -62.506  -16.501 0.1000000015
28196  7.123  -62.213  -15.793 0.2000000030
28213  9.001  -62.058  -18.635 0.1000000015
28229  14.978  -61.063  -18.982 0.2000000030
28232  10.030  -61.688  -19.066 0.2000000030
28246  15.247  -61.698  -20.444 0.3000000119
28262  14.715  -61.785  -20.290 0.3000000119
29021  14.033  -60.021  8.493 0.2000000030
29022  13.063  -60.397  8.254 0.2000000030
29024  11.551  -60.886  7.783 0.3000000119
29025  11.024  -61.667  7.603 0.5000000000
29039  16.649  -61.455  6.618 0.2000000030
29042  12.251  -60.050  7.030 0.3000000119
29050  14.315  -60.609  5.655 0.3000000119
29055  8.772  -62.329  5.327 0.5000000000
29057  6.956  -61.970  5.074 0.6999999881
29060  3.433  -60.873  5.334 0.8000000119
29061  2.436  -60.988  5.384 0.8000000119
29063  0.601  -61.071  4.495 0.8000000119
29072  14.407  -60.966  4.514 0.3000000119
29075  11.760  -61.346  4.502 0.4000000060
29079  7.262  -61.053  4.550 0.6000000238
29081  0.805  -60.424  4.296 0.8000000119
29082  0.685  -60.841  3.911 0.8000000119
29096  4.911  -62.086  3.117 0.5000000000
29098  3.111  -60.221  2.907 0.8000000119
29100  1.248  -60.448  3.571 0.8000000119
29106  10.445  -61.666  2.069 0.4000000060
29119  21.507  -61.657  1.236 0.4000000060
29122  13.281  -61.013  1.104 0.4000000060
29126  8.859  -60.680  1.241 0.4000000060
29133  23.985  -61.758  1.328 0.3000000119
29149  17.363  -61.603  -0.680 0.5000000000
29154  4.142  -61.014  -0.186 0.2000000030
29156  -0.446  -61.771  0.145 0.6999999881
29174  5.594  -61.195  -1.117 0.2000000030
29204  5.241  -61.142  -3.688 0.8999999762
29210  25.969  -60.895  -4.763 0.2000000030
29214  5.053  -61.149  -4.155 0.8999999762
29217  1.433  -61.030  -4.557 0.6999999881
29218  0.407  -61.052  -4.848 0.6999999881
29236  0.245  -61.030  -5.266 0.6999999881
29257  7.775  -62.111  -6.570 0.2000000030
29259  5.259  -62.034  -6.473 0.3000000119
29271  11.727  -61.435  -8.207 0.2000000030
29273  9.805  -62.319  -7.250 0.2000000030
29288  11.454  -61.644  -9.173 0.2000000030
29292  7.687  -61.784  -9.477 0.2000000030
29293  5.828  -60.874  -9.648 0.3000000119
29296  3.046  -61.143  -10.042 0.2000000030
29297  2.458  -62.088  -10.347 0.3000000119
29307  19.967  -61.622  -10.283 0.1000000015
29308  18.917  -62.132  -10.688 0.1000000015
29309  18.245  -61.881  -11.144 0.1000000015
29319  15.721  -62.148  -11.835 0.1000000015
29320  14.890  -62.302  -11.994 0.1000000015
29321  3.680  -61.198  -11.689 0.2000000030
29322  3.066  -61.701  -11.372 0.2000000030
29327  16.073  -61.330  -12.288 0.1000000015
29330  12.809  -61.552  -12.421 0.1000000015
29334  9.233  -61.636  -13.180 0.1000000015
29363  9.172  -60.925  -15.798 0.1000000015
29365  6.592  -61.838  -15.286 0.2000000030
29378  14.386  -60.697  -17.933 0.3000000119
29381  11.659  -60.551  -16.786 0.1000000015
29383  8.273  -61.507  -16.914 0.1000000015
29393  13.582  -60.586  -18.120 0.2000000030
29394  12.808  -60.629  -18.220 0.2000000030
29395  11.455  -61.496  -18.506 0.2000000030
29399  8.122  -61.880  -17.385 0.1000000015
29407  13.229  -60.697  -18.254 0.3000000119
30150  14.900  -59.395  8.577 0.2000000030
30169  13.014  -59.780  7.567 0.3000000119
30183  16.328  -59.363  5.712 0.3000000119
30185  13.806  -59.608  7.216 0.3000000119
30189  1.677  -60.302  4.911 0.8000000119
30201  5.622  -59.680  4.567 0.6999999881
30202  3.979  -59.065  4.328 0.8000000119
30205  1.145  -60.005  4.305 0.8000000119
30222  15.112  -60.239  4.123 0.4000000060
30225  11.542  -60.571  3.905 0.5000000000
30228  2.764  -59.651  3.509 0.8000000119
30235  4.521  -59.571  3.096 0.8000000119
30248  22.983  -60.055  1.130 0.3000000119
30252  13.420  -60.322  0.400 0.4000000060
30253  12.572  -60.243  -0.119 0.5000000000
30254  11.090  -60.383  -0.198 0.5000000000
30255  10.360  -59.768  -0.683 0.6000000238
30258  1.135  -59.954  1.216 0.3000000119
30259  0.390  -60.147  1.170 0.6999999881
30273  19.238  -58.932  -2.586 0.8000000119
30277  14.407  -59.985  -0.820 0.6999999881
30280  11.097  -59.982  -1.185 0.5000000000
30285  0.282  -59.938  -0.141 0.8000000119
30286  -0.144  -60.718  0.282 0.8000000119
30293  22.691  -60.937  -2.088 0.6000000238
30296  18.982  -58.849  -2.983 0.8000000119
30314  20.639  -60.112  -3.405 0.6000000238
30319  15.275  -59.842  -2.074 0.5000000000
30331  20.751  -59.496  -3.581 0.6999999881
30334  5.162  -60.361  -4.033 0.8999999762
30344  4.868  -60.352  -4.299 0.8999999762
30347  0.370  -60.850  -4.961 0.6999999881
30360  24.001  -60.917  -5.743 0.2000000030
30364  0.963  -60.465  -5.065 0.6000000238
30384  5.204  -60.242  -6.509 0.3000000119
30388  1.086  -60.391  -5.328 0.6000000238
30405  13.252  -60.413  -9.091 0.2000000030
30415  12.575  -60.710  -9.320 0.2000000030
30416  11.839  -60.964  -9.491 0.2000000030
30420  7.198  -59.881  -9.872 0.2000000030
30423  4.297  -60.277  -9.972 0.3000000119
30424  3.633  -60.529  -10.134 0.3000000119
30435  18.238  -61.022  -11.283 0.1000000015
30441  4.765  -59.805  -10.444 0.3000000119
30455  18.259  -60.175  -11.362 0.1000000015
30458  4.027  -60.347  -11.299 0.2000000030
30467  16.299  -60.576  -12.698 0.1000000015
30473  10.286  -60.987  -12.625 0.1000000015
30475  6.032  -59.964  -12.580 0.2000000030
30477  4.321  -60.795  -12.119 0.2000000030
30485  13.693  -60.137  -13.320 0.1000000015
30486  8.648  -60.951  -13.381 0.2000000030
30487  8.047  -60.375  -13.681 0.2000000030
30488  7.005  -60.125  -13.864 0.2000000030
30491  4.772  -61.265  -12.943 0.2000000030
30499  7.316  -60.734  -14.498 0.2000000030
30501  6.065  -61.163  -14.108 0.2000000030
30512  9.676  -61.035  -16.473 0.1000000015
30514  8.326  -60.948  -15.678 0.1000000015
30526  13.035  -60.421  -17.769 0.2000000030
30527  12.261  -60.450  -17.619 0.1000000015
30529  10.406  -60.781  -17.101 0.1000000015
30531  8.822  -61.147  -16.655 0.1000000015
30541  11.947  -60.872  -18.215 0.2000000030
30542  10.947  -61.216  -17.899 0.1000000015
30543  10.097  -61.490  -17.840 0.1000000015
30544  9.377  -61.465  -17.513 0.1000000015
31350  7.966  -59.121  3.978 0.6999999881
31354  3.675  -58.949  4.032 0.8000000119
31355  2.844  -59.353  3.991 0.8000000119
31372  15.725  -59.102  3.982 0.3000000119
31373  14.597  -59.457  3.497 0.4000000060
31377  10.355  -59.239  3.450 0.6000000238
31381  6.368  -58.411  3.730 0.6999999881
31382  5.523  -58.467  3.759 0.8000000119
31405  4.221  -58.964  3.711 0.8000000119
31416  7.796  -58.993  0.988 0.6999999881
31417  7.361  -58.771  1.936 0.6999999881
31438  9.702  -58.965  -0.644 0.5000000000
31439  8.913  -58.883  -0.080 0.6999999881
31443  0.242  -59.479  1.023 0.5000000000
31463  0.388  -59.041  0.507 0.6000000238
31475  13.643  -59.440  -2.021 0.8000000119
31476  12.268  -59.264  -2.054 0.6000000238
31477  11.874  -58.716  -1.956 0.6000000238
31491  18.213  -58.798  -2.995 0.8000000119
31492  17.296  -58.966  -2.998 0.8999999762
31493  16.451  -59.096  -2.800 0.8999999762
31499  5.069  -58.907  -2.682 1.0000000000
31513  26.721  -58.972  -3.604 0.5000000000
31517  5.041  -58.472  -3.849 1.0000000000
31539  4.809  -59.456  -4.261 1.0000000000
31540  3.833  -58.337  -4.363 1.0000000000
31554  25.493  -59.465  -5.431 0.2000000030
31555  24.790  -59.155  -5.641 0.2000000030
31583  2.779  -59.258  -6.168 0.6999999881
31595  12.505  -59.637  -7.589 0.2000000030
31598  9.988  -59.138  -6.845 0.2000000030
31607  13.761  -59.890  -8.940 0.2000000030
31628  19.565  -59.470  -10.748 0.1000000015
31631  12.659  -59.586  -10.241 0.2000000030
31634  9.743  -59.259  -10.304 0.2000000030
31635  8.720  -58.942  -10.296 0.2000000030
31638  5.249  -59.436  -10.751 0.3000000119
31649  18.344  -59.351  -11.562 0.1000000015
31651  6.188  -58.737  -11.276 0.2000000030
31652  5.492  -59.309  -11.113 0.2000000030
31660  16.061  -60.011  -13.296 0.1000000015
31666  5.289  -59.804  -11.748 0.2000000030
31673  15.629  -59.507  -13.552 0.1000000015
31675  14.089  -59.366  -13.637 0.1000000015
32506  17.003  -57.949  9.037 0.1000000015
32539  22.203  -58.268  4.463 0.1000000015
32552  9.034  -58.173  2.879 0.8000000119
32553  8.223  -58.035  2.934 0.6000000238
32568  14.629  -57.490  2.391 0.5000000000
32572  10.370  -58.057  2.394 0.6000000238
32574  8.560  -57.874  2.343 0.6000000238
32612  26.003  -58.180  0.351 0.6999999881
32615  16.922  -58.889  -0.163 0.6999999881
32625  0.958  -58.409  1.311 0.5000000000
32636  26.555  -58.332  -0.357 0.6999999881
32642  11.767  -58.278  -1.322 0.6000000238
32664  14.492  -58.616  -1.742 0.8999999762
32685  17.505  -58.817  -2.637 0.8999999762
32687  15.373  -58.762  -2.138 0.8999999762
32693  5.143  -58.083  -2.650 1.0000000000
32706  26.933  -57.791  -3.391 0.6000000238
32727  3.399  -57.568  -4.519 1.0000000000
32728  2.792  -58.053  -4.686 1.0000000000
32729  2.430  -58.551  -4.883 0.8000000119
32740  25.730  -58.328  -5.288 0.2000000030
32756  23.271  -58.163  -6.184 0.2000000030
32762  17.709  -58.206  -6.485 0.1000000015
32769  6.190  -58.570  -6.480 0.4000000060
32770  5.300  -58.387  -6.537 0.4000000060
32781  12.662  -58.752  -7.597 0.1000000015
32782  11.513  -59.025  -7.392 0.2000000030
32793  14.734  -58.830  -8.796 0.1000000015
32794  14.131  -58.888  -8.120 0.1000000015
32816  19.871  -58.873  -10.921 0.1000000015
32821  12.015  -58.711  -10.606 0.1000000015
32822  11.005  -58.599  -10.619 0.2000000030
32840  19.368  -58.246  -11.481 0.1000000015
32843  6.528  -58.002  -10.900 0.2000000030
32848  17.045  -58.581  -12.857 0.1000000015
32857  16.622  -57.991  -13.410 0.1000000015
32860  14.434  -58.346  -14.068 0.1000000015
32864  9.954  -57.913  -13.180 0.2000000030
32865  8.987  -57.947  -12.877 0.2000000030
32873  14.796  -57.556  -14.461 0.1000000015
32874  14.172  -57.431  -14.542 0.1000000015
32876  12.526  -57.787  -14.377 0.2000000030
33715  17.703  -57.595  5.962 0.1000000015
33734  16.344  -57.232  4.390 0.4000000060
33740  21.988  -56.533  3.533 0.1000000015
33754  12.896  -56.993  1.735 0.6000000238
33768  12.190  -56.849  1.223 0.6999999881
33792  2.856  -56.518  1.316 0.5000000000
33793  1.825  -57.087  1.083 0.6999999881
33794  1.321  -57.850  1.093 0.6000000238
33809  4.282  -57.320  0.871 0.4000000060
33823  5.866  -57.162  -0.436 0.3000000119
33833  27.257  -57.350  -1.916 0.6999999881
33855  26.620  -57.740  -4.260 0.4000000060
33875  24.491  -57.755  -5.691 0.3000000119
33880  2.855  -57.656  -5.088 0.6999999881
33897  19.533  -57.543  -6.468 0.2000000030
33909  3.041  -58.099  -5.852 0.8000000119
33927  16.307  -57.209  -9.439 0.1000000015
33939  16.000  -57.964  -9.655 0.1000000015
33952  21.848  -58.112  -10.761 0.1000000015
33962  7.506  -57.122  -10.601 0.2000000030
33964  7.113  -57.551  -10.630 0.2000000030
33978  22.498  -57.143  -11.344 0.1000000015
33981  19.717  -57.380  -11.651 0.1000000015
33983  15.706  -57.406  -10.923 0.1000000015
33988  10.598  -56.744  -11.157 0.2000000030
33989  7.534  -56.587  -11.075 0.2000000030
34000  7.575  -57.019  -11.497 0.2000000030
34014  14.914  -56.884  -14.697 0.1000000015
34016  13.616  -56.999  -14.856 0.1000000015
34019  11.140  -56.350  -13.835 0.2000000030
34887  23.105  -56.785  4.035 0.1000000015
34906  17.245  -56.681  3.874 0.3000000119
34938  3.565  -56.012  1.124 0.6000000238
34940  2.197  -56.523  0.881 0.6999999881
34953  27.920  -55.958  -1.239 0.6999999881
34956  24.270  -56.738  -2.957 0.8000000119
34958  7.263  -55.965  0.097 0.2000000030
34975  27.311  -56.720  -3.255 0.6999999881
34991  12.908  -55.571  -4.027 0.1000000015
34993  3.722  -56.440  -4.912 0.6999999881
35007  24.271  -56.404  -5.623 0.4000000060
35031  16.633  -56.498  -6.364 0.1000000015
35036  4.119  -56.333  -6.526 0.6999999881
35037  3.772  -56.903  -6.132 0.6999999881
35062  14.960  -56.810  -8.106 0.1000000015
35074  17.292  -56.426  -9.942 0.1000000015
35075  16.730  -56.943  -9.798 0.1000000015
35091  17.064  -56.542  -10.486 0.1000000015
35092  9.549  -56.422  -10.895 0.1000000015
35093  8.455  -55.988  -10.816 0.2000000030
35094  7.823  -56.294  -10.819 0.2000000030
35107  17.216  -56.083  -10.957 0.1000000015
35111  14.103  -56.378  -11.624 0.1000000015
35113  11.784  -56.065  -11.421 0.1000000015
35116  8.183  -55.762  -11.108 0.2000000030
35117  7.803  -56.157  -11.064 0.2000000030
35123  7.827  -56.347  -11.366 0.2000000030
35131  10.586  -55.910  -13.383 0.2000000030
35136  15.157  -56.108  -14.684 0.1000000015
35138  13.768  -56.245  -14.715 0.2000000030
35141  11.182  -55.531  -13.688 0.2000000030
36006  21.389  -55.300  2.574 0.1000000015
36031  5.180  -55.164  0.398 0.5000000000
36032  3.949  -54.671  0.058 0.6999999881
36040  21.653  -55.271  -2.453 0.8000000119
36043  7.299  -55.357  0.310 0.3000000119
36044  3.512  -54.571  -1.020 0.6999999881
36053  10.955  -54.889  -0.697 0.2000000030
36060  28.556  -54.368  -3.264 0.8999999762
36079  13.310  -54.836  -4.286 0.1000000015
36080  12.931  -55.072  -3.485 0.1000000015
36093  25.408  -55.633  -5.167 0.6000000238
36095  23.180  -54.954  -5.407 0.5000000000
36099  16.237  -54.928  -5.628 0.1000000015
36118  20.901  -55.837  -6.175 0.2000000030
36120  18.563  -55.483  -6.324 0.2000000030
36155  13.714  -55.431  -8.143 0.1000000015
36200  9.877  -55.072  -11.618 0.1000000015
36202  8.865  -55.492  -11.600 0.2000000030
36214  9.671  -54.928  -12.105 0.2000000030
36224  10.915  -54.979  -13.437 0.2000000030
36231  14.027  -55.407  -14.528 0.1000000015
36233  12.279  -55.594  -14.264 0.2000000030
37122  27.768  -53.939  0.103 1.0000000000
37123  27.417  -54.222  0.298 1.0000000000
37138  22.605  -53.890  -0.995 0.6000000238
37142  4.212  -53.992  -0.794 0.6999999881
37148  22.939  -53.686  -2.147 0.8000000119
37154  3.756  -54.099  -1.583 0.6999999881
37163  21.803  -54.693  -2.301 0.8000000119
37166  8.403  -54.691  -0.581 0.2000000030
37168  4.061  -53.736  -1.828 0.8999999762
37178  11.819  -53.917  -1.568 0.2000000030
37181  6.282  -53.992  -3.405 0.8000000119
37193  12.603  -54.515  -2.551 0.2000000030
37209  22.643  -54.493  -5.254 0.3000000119
37255  9.021  -54.102  -7.519 0.5000000000
37318  9.927  -54.574  -11.995 0.2000000030
37338  10.238  -54.683  -12.388 0.2000000030
37346  14.383  -54.400  -14.414 0.1000000015
37348  12.067  -55.181  -13.992 0.1000000015
38205  27.372  -53.695  0.174 1.0000000000
38217  28.243  -53.367  -0.347 1.0000000000
38218  26.720  -53.433  0.244 1.0000000000
38226  28.435  -54.095  -0.452 1.0000000000
38227  28.831  -53.773  -0.975 1.0000000000
38239  29.837  -52.354  -2.034 1.0000000000
38243  6.233  -54.094  -1.391 0.5000000000
38245  4.481  -53.470  -1.876 0.8999999762
38256  6.003  -53.731  -2.123 0.8000000119
38291  27.253  -52.757  -5.626 0.6000000238
38301  16.945  -53.560  -5.724 0.3000000119
38303  13.884  -53.920  -5.000 0.3000000119
38361  11.575  -53.483  -8.301 0.2000000030
39282  27.401  -53.423  0.104 1.0000000000
39283  27.143  -53.359  0.237 1.0000000000
39352  18.362  -52.223  -5.794 0.3000000119
39356  13.157  -52.493  -5.778 0.4000000060
39361  6.802  -52.129  -5.596 0.8000000119
39380  8.288  -52.233  -7.395 0.6999999881
39382  7.399  -51.745  -6.292 0.6999999881
39400  16.194  -52.655  -8.581 0.1000000015
39403  13.585  -52.077  -8.778 0.2000000030
39407  9.685  -52.291  -8.310 0.2000000030
40285  27.436  -53.527  0.086 1.0000000000
40358  7.090  -51.412  -4.786 0.6999999881
40379  18.246  -51.179  -5.694 0.5000000000
40381  15.052  -51.500  -6.420 0.6000000238
40385  7.336  -51.099  -5.065 0.6999999881
40392  7.134  -51.627  -5.664 0.6999999881
40399  8.576  -51.022  -7.340 0.6999999881
40401  7.792  -51.467  -6.553 0.8000000119
41443  7.871  -50.725  -5.155 0.8000000119
41452  23.851  -50.961  -5.312 0.5000000000
41461  12.704  -50.844  -6.076 0.4000000060
41474  7.830  -50.745  -6.187 0.6999999881
41483  8.305  -50.429  -6.601 0.6000000238
41500  15.769  -50.173  -8.923 0.1000000015
41502  13.599  -50.949  -9.238 0.2000000030
41505  10.655  -50.472  -8.747 0.2000000030
41525  12.655  -49.762  -9.367 0.2000000030
42586  26.136  -49.343  -4.877 0.6000000238
42587  8.538  -49.814  -5.334 0.8000000119
42591  25.641  -49.614  -5.318 0.5000000000
42613  12.471  -49.519  -6.345 0.5000000000
42614  8.842  -48.802  -5.927 0.6000000238
43735  15.258  -48.195  -6.366 0.5000000000
43779  14.738  -48.315  -9.675 0.1000000015
43780  14.146  -48.248  -10.037 0.1000000015
43781  13.119  -48.711  -9.865 0.1000000015
44874  18.541  -47.476  -4.714 0.6000000238
44875  17.890  -47.407  -4.841 0.4000000060
44891  12.091  -47.326  -6.421 0.4000000060
45935  10.883  -46.763  -7.291 0.3000000119
45946  12.075  -46.770  -8.783 0.2000000030
45977  15.801  -45.636  -11.816 0.1000000015
47018  16.719  -45.722  -6.261 0.3000000119
47022  12.624  -45.625  -6.588 0.3000000119
47056  16.586  -45.672  -10.535 0.1000000015
47086  16.383  -45.305  -12.437 0.1000000015
48157  11.353  -44.594  -6.848 0.3000000119
48200  13.743  -45.000  -10.051 0.1000000015
49222  11.598  -43.592  -6.650 0.3000000119
49330  16.346  -44.511  -12.692 0.1000000015
50202  11.884  -42.419  -6.722 0.3000000119
50230  11.733  -41.664  -6.902 0.1000000015
52251  12.198  -40.806  -6.703 0.1000000015
52261  13.309  -39.733  -6.613 0.1000000015
52275  15.120  -40.521  -7.585 0.1000000015
127481  21.153  -89.215  -22.305 0.8000000119
127482  20.989  -89.209  -22.062 0.8000000119
127483  18.405  -89.748  -20.254 0.8999999762
127484  21.459  -88.846  -22.035 0.6999999881
127485  18.305  -89.658  -19.977 0.8000000119
127486  18.981  -89.531  -21.290 0.8000000119
127488  17.287  -89.320  -19.896 0.8000000119
127490  15.082  -87.773  -20.185 0.6999999881
127492  16.704  -88.706  -22.458 0.8000000119
127493  8.649  -89.747  -22.816 0.1000000015
127497  10.058  -87.772  -21.547 0.1000000015
127500  9.424  -89.752  -25.191 0.1000000015
127523  13.645  -83.276  -29.338 0.1000000015
127569  22.056  -57.537  -1.058 0.8000000119
127583  27.733  -56.407  -0.675 0.6999999881
127584  28.128  -54.011  -0.125 1.0000000000
127786  20.238  -88.755  -21.922 0.8000000119
127795  9.355  -89.381  -24.954 0.2000000030
127809  9.664  -88.386  -21.820 0.1000000015
127822  15.522  -83.777  -27.812 0.1000000015
127876  14.995  -79.694  -33.052 1.0000000000
127923  27.400  -56.373  0.131 0.6999999881
127932  9.050  -89.901  -24.663 0.2000000030
127948  14.955  -79.986  -34.103 0.6000000238
127949  20.403  -89.206  -22.258 0.8999999762
127965  21.705  -56.425  -3.226 0.8000000119
127966  28.091  -55.294  -0.104 0.8000000119
128003  15.341  -79.463  -32.725 1.0000000000
128012  20.484  -59.162  -2.011 0.8999999762
128014  15.934  -86.649  -20.644 0.6000000238
128019  14.920  -79.097  -33.262 1.0000000000
128046  15.842  -89.134  -19.847 0.6999999881
128057  21.458  -55.696  -1.831 0.6999999881
128068  14.698  -85.239  -28.491 0.1000000015
128079  8.095  -81.653  -29.118 0.8999999762
128090  18.294  -88.989  -22.100 0.8000000119
128110  10.972  -87.314  -24.278 0.1000000015
128177  21.632  -88.563  -21.812 0.6999999881
128230  15.956  -65.849  -13.856 0.1000000015
128268  0.304  -81.650  12.652 0.5000000000
128411  9.013  -69.465  -11.851 1.0000000000
128439  5.434  -65.129  -3.135 0.8999999762
128533  5.971  -59.422  2.325 0.6999999881
128537  10.899  -84.266  -31.632 0.1000000015
128554  27.220  -78.734  -20.508 0.1000000015
128593  0.554  -89.295  2.248 0.2000000030
128603  2.702  -68.717  -5.060 0.8999999762
128606  -0.130  -78.383  -20.980 0.1000000015
128607  4.005  -95.141  -3.416 0.6999999881
128617  13.836  -68.157  -11.204 0.8999999762
128620  8.087  -66.105  -21.980 0.8999999762
128754  16.380  -90.690  -23.520 0.5000000000
128791  11.018  -66.249  -12.729 0.4000000060
128997  14.247  -46.984  -10.618 0.1000000015
129000  -0.946  -90.629  4.173 0.6000000238
129031  11.338  -85.478  2.841 0.6999999881
129033  8.765  -62.946  7.862 0.5000000000
129089  9.776  -54.771  -7.619 0.5000000000
129110  13.333  -90.178  5.886 0.3000000119
129441  11.202  -87.405  -0.242 0.5000000000
129456  12.972  -62.993  -15.329 0.1000000015
129461  10.657  -89.314  0.687 0.5000000000
129489  -0.794  -93.461  0.433 0.1000000015
129500  2.264  -56.577  1.138 0.5000000000
129538  22.720  -57.619  -6.327 0.3000000119
129589  2.013  -89.813  12.026 0.2000000030
129595  9.666  -58.012  1.177 0.6999999881
129616  6.337  -84.264  17.819 0.2000000030
129732  1.317  -74.555  -25.935 0.3000000119
129763  3.013  -85.406  10.945 0.4000000060
129785  14.257  -70.838  -19.757 0.5000000000
129953  23.828  -79.897  -17.134 0.1000000015
130002  1.303  -86.528  7.863 0.8000000119
130037  5.564  -84.514  19.348 0.3000000119
130079  10.575  -57.945  -0.005 0.6999999881
130085  2.290  -85.592  17.010 0.3000000119
130158  7.116  -88.837  2.932 0.8000000119
130169  7.257  -75.863  -21.792 0.6999999881
130196  5.346  -95.130  -4.004 0.6999999881
130214  7.782  -89.399  19.847 0.1000000015
130268  20.707  -80.447  -34.178 0.8000000119
130287  12.966  -80.556  -22.792 0.6000000238
130312  14.701  -86.661  0.996 0.4000000060
130380  7.647  -79.981  -31.013 0.6999999881
130414  13.498  -88.256  -16.999 0.1000000015
130450  11.027  -88.574  1.040 0.5000000000
130503  -1.135  -77.953  -2.398 0.4000000060
130572  2.756  -61.106  2.995 0.6999999881
130604  8.089  -83.685  -25.353 0.8999999762
130623  1.375  -86.316  -20.167 0.2000000030
130661  24.150  -86.291  -21.807 0.5000000000
130742  4.296  -80.567  11.762 0.6000000238
130760  8.409  -92.837  -19.535 0.4000000060
130851  11.323  -88.397  -9.893 0.8000000119
130874  0.461  -75.018  -3.252 0.1000000015
130904  10.676  -58.495  -13.405 0.2000000030
130920  15.562  -91.352  -2.349 0.4000000060
130998  13.273  -60.930  -18.455 0.3000000119
131027  7.168  -82.324  8.384 0.6000000238
131031  0.582  -87.146  11.254 0.3000000119
131061  18.904  -84.508  -21.108 0.4000000060
131079  18.736  -83.537  -18.259 0.3000000119
131101  10.973  -81.474  -26.905 0.8000000119
131161  11.480  -87.624  -9.810 0.8000000119
131167  18.981  -77.480  -24.888 0.1000000015
131190  0.874  -61.578  -4.585 0.6999999881
131195  15.044  -93.992  -11.075 0.8999999762
131237  8.716  -86.180  -3.997 0.8999999762
131251  8.184  -69.254  -12.115 1.0000000000
131258  10.250  -92.571  3.140 0.4000000060
131346  23.484  -88.409  -8.245 0.4000000060
131357  5.535  -67.235  8.702 0.4000000060
131359  22.463  -80.159  -21.906 0.1000000015
131386  14.000  -58.450  3.103 0.4000000060
131398  9.105  -86.285  -5.144 0.8999999762
131460  3.492  -60.538  -4.434 0.8999999762
131475  5.362  -64.793  1.359 0.1000000015
131538  11.862  -85.999  -9.282 0.8000000119
131648  6.701  -92.626  -12.272 0.8000000119
131689  6.197  -93.778  -5.323 0.8999999762
131751  25.042  -80.554  -23.155 0.1000000015
131825  26.104  -77.473  -24.218 0.1000000015
131880  20.611  -58.251  -3.150 0.6999999881
131885  5.461  -87.927  -11.416 0.8000000119
131928  11.437  -86.866  3.294 0.5000000000
131947  6.880  -64.320  -11.656 0.2000000030
131966  10.623  -91.327  9.802 0.1000000015
132014  13.430  -56.925  1.006 0.6999999881
132136  13.369  -58.569  -7.706 0.1000000015
132181  3.922  -76.934  1.385 0.8999999762
132250  13.528  -92.450  -11.480 0.8999999762
132274  14.199  -90.902  -10.754 1.0000000000
132352  3.136  -94.929  -0.949 0.6999999881
132385  0.243  -88.061  12.258 0.3000000119
132428  0.214  -82.109  12.572 0.5000000000
132431  16.590  -65.463  -12.601 0.1000000015
132444  15.728  -92.571  -4.673 0.4000000060
132497  10.038  -89.097  -2.841 0.6000000238
132502  4.856  -73.532  8.401 0.5000000000
132511  11.257  -87.892  1.316 0.5000000000
132548  12.218  -68.491  -24.271 0.3000000119
132569  8.489  -86.750  8.357 0.5000000000
132604  1.772  -71.792  9.178 0.4000000060
132677  6.030  -85.077  10.764 0.4000000060
132692  14.223  -77.542  -22.905 0.1000000015
132734  1.849  -66.505  3.265 0.2000000030
132770  1.875  -91.809  6.783 0.8999999762
132824  19.222  -77.303  -24.143 0.1000000015
132825  4.227  -66.989  -1.090 0.8999999762
132826  23.605  -84.841  -6.567 0.1000000015
132835  7.344  -92.493  10.133 0.2000000030
132889  0.401  -81.462  2.365 0.8999999762
132955  4.293  -90.513  10.018 0.3000000119
132983  8.609  -89.151  22.564 0.1000000015
132994  -0.515  -75.853  1.363 0.6000000238
133076  15.241  -74.264  -23.156 0.1000000015
133146  14.948  -92.395  -4.934 0.6000000238
133173  6.190  -85.325  5.961 0.6999999881
133291  5.900  -91.448  -0.150 0.8999999762
133328  24.992  -88.386  -9.993 0.3000000119
133359  8.743  -94.219  -4.167 0.5000000000
133397  18.978  -76.462  -19.453 0.1000000015
133403  8.283  -92.232  7.669 0.2000000030
133404  15.391  -92.806  -18.702 0.8000000119
133415  8.799  -92.289  9.388 0.2000000030
133431  12.931  -59.248  -2.125 0.6000000238
133437  9.493  -90.708  -7.794 0.8000000119
133447  7.632  -89.181  20.535 0.1000000015
133459  -0.400  -70.738  4.519 0.6999999881
133512  13.572  -67.397  -24.277 0.3000000119
133620  10.269  -56.730  -13.350 0.2000000030
133702  -0.997  -90.682  3.430 0.6000000238
133724  17.102  -70.916  -28.979 0.2000000030
133757  2.537  -68.295  9.520 0.5000000000
133812  20.693  -80.880  -25.215 0.3000000119
133842  5.424  -92.539  -2.007 0.8999999762
133853  0.678  -62.793  0.771 0.5000000000
133855  1.993  -89.844  -15.441 0.1000000015
133876  3.623  -87.497  -21.619 0.3000000119
133880  4.747  -79.267  -27.818 0.6000000238
133901  1.761  -62.765  0.803 0.5000000000
133962  8.123  -86.194  -12.352 0.8999999762
133963  11.152  -54.549  -13.086 0.1000000015
133974  15.984  -58.180  -1.192 0.8999999762
133993  21.024  -83.044  -7.975 0.1000000015
134020  -0.646  -80.695  5.413 0.8000000119
134042  8.212  -93.844  -3.007 0.5000000000
134171  14.755  -70.796  -16.974 0.6000000238
134186  13.951  -87.725  -0.264 0.5000000000
134209  23.695  -55.710  -5.600 0.5000000000
134223  6.877  -63.345  -15.409 0.2000000030
134300  13.425  -67.367  -19.847 0.3000000119
134331  8.047  -69.131  -17.451 1.0000000000
134353  17.146  -61.921  6.068 0.1000000015
134403  14.368  -64.823  -22.656 0.1000000015
134486  8.621  -91.748  -2.173 0.5000000000
134502  5.634  -80.514  11.031 0.5000000000
134533  15.148  -73.138  -25.479 0.2000000030
134537  21.046  -89.657  -5.423 0.4000000060
134540  23.036  -89.174  -14.408 0.5000000000
134617  3.972  -72.619  -6.987 1.0000000000
134680  10.566  -74.379  -20.099 0.8000000119
134708  2.315  -95.096  -1.575 0.8000000119
134711  11.404  -70.902  -27.751 0.3000000119
134766  17.727  -92.172  -18.233 1.0000000000
134830  10.845  -84.962  -11.135 0.8999999762
134861  10.678  -54.712  -12.962 0.2000000030
134893  5.317  -61.902  -3.575 0.8999999762
134929  24.435  -83.961  -7.033 0.2000000030
134948  11.191  -70.195  -19.257 0.8999999762
134951  4.247  -95.173  -2.127 0.8000000119
134996  5.656  -91.506  3.346 0.8999999762
135002  -0.091  -67.425  -1.628 0.6999999881
135097  5.795  -62.715  5.968 0.6999999881
135157  8.523  -85.912  -9.767 1.0000000000
135185  4.978  -62.545  0.300 0.1000000015
135192  24.044  -52.049  5.508 0.1000000015
135296  9.643  -85.105  -11.519 0.8999999762
135331  2.822  -70.166  3.615 0.1000000015
135335  2.934  -77.387  -21.898 0.8999999762
135373  18.560  -92.257  -12.277 0.8999999762
135400  12.406  -73.845  -18.136 0.6999999881
135459  -0.168  -61.809  0.541 0.6999999881
135487  14.727  -93.387  -15.138 0.8999999762
135547  3.234  -79.539  0.852 0.8000000119
135575  9.853  -84.987  -31.900 0.1000000015
135612  16.762  -83.410  -3.434 0.1000000015
135625  15.757  -81.376  -34.187 0.3000000119
135628  10.077  -93.751  -12.997 0.6999999881
135653  19.399  -91.330  -17.307 1.0000000000
135657  4.190  -69.199  -11.713 1.0000000000
135660  8.608  -58.988  -12.881 0.2000000030
135669  10.259  -52.662  -8.359 0.3000000119
135730  2.290  -84.316  1.282 0.1000000015
135769  5.816  -84.930  -20.687 0.8999999762
135784  -0.410  -79.701  6.022 0.8000000119
135836  11.148  -94.664  -1.954 0.5000000000
135839  5.318  -93.102  2.163 0.8999999762
135899  1.529  -72.118  5.726 0.8999999762
135903  5.800  -91.134  -1.041 0.8999999762
135904  5.334  -75.530  -20.351 0.8000000119
136018  20.871  -67.609  -24.625 0.1000000015
136043  16.726  -80.501  -21.571 0.5000000000
136044  5.558  -83.949  -25.188 0.8000000119
136045  4.292  -72.221  -23.344 0.8999999762
136055  -0.693  -94.111  -1.000 0.2000000030
136072  13.527  -54.224  -8.350 0.1000000015
136086  -0.311  -93.117  -0.923 0.1000000015
136110  7.172  -63.668  7.972 0.4000000060
136112  2.052  -91.659  6.901 1.0000000000
136242  0.596  -77.876  9.368 0.6999999881
136276  15.055  -93.087  -15.728 0.8999999762
136361  18.578  -78.543  -23.108 0.1000000015
136373  -1.140  -82.762  6.369 0.8000000119
136455  -0.114  -70.759  5.660 0.8000000119
136479  1.433  -83.819  19.109 0.2000000030
136507  7.974  -93.764  -14.683 0.5000000000
136554  1.885  -65.817  -9.762 0.5000000000
136600  24.807  -77.629  -25.007 0.1000000015
136637  6.555  -57.906  -6.491 0.4000000060
136639  21.071  -58.027  -6.461 0.2000000030
136641  5.234  -62.956  -6.294 0.4000000060
136665  20.938  -76.947  -34.937 0.3000000119
136681  9.861  -83.863  7.713 0.5000000000
136709  21.485  -67.980  -18.655 0.1000000015
136752  18.499  -63.245  -10.593 0.1000000015
136758  1.735  -73.529  1.762 0.1000000015
136811  3.788  -84.667  19.890 0.1000000015
136878  16.806  -57.139  -13.581 0.1000000015
136883  2.056  -83.133  17.724 0.2000000030
136899  6.182  -82.837  5.568 0.6999999881
136936  10.903  -80.828  -29.901 0.8000000119
137036  10.679  -62.390  -18.537 0.2000000030
137095  11.514  -69.766  -10.790 0.8999999762
137106  11.409  -70.436  -12.144 0.8999999762
137117  10.016  -62.320  2.481 0.2000000030
137217  11.089  -61.627  5.070 0.4000000060
137254  12.712  -91.671  4.255 0.3000000119
137259  15.645  -63.999  -18.255 0.1000000015
137266  -0.476  -73.543  -6.619 0.2000000030
137290  7.362  -69.845  -14.119 1.0000000000
137304  4.054  -58.841  4.067 0.8000000119
137309  3.904  -77.660  -0.015 0.8999999762
137352  12.835  -54.211  -8.261 0.1000000015
137413  2.635  -88.561  12.872 0.2000000030
137439  15.913  -79.288  -32.574 1.0000000000
137477  12.980  -72.052  -24.202 0.4000000060
137542  0.828  -93.032  -3.776 0.1000000015
137573  26.213  -77.469  -24.973 0.1000000015
137621  18.612  -75.420  -18.547 0.1000000015
137622  3.686  -86.183  6.950 0.6999999881
137700  17.484  -85.276  -5.428 0.2000000030
137706  15.619  -88.176  -28.128 0.4000000060
137719  12.965  -69.310  -10.339 0.8999999762
137868  9.100  -69.688  -10.587 1.0000000000
137891  23.820  -77.135  -16.190 0.1000000015
137940  7.063  -74.123  6.572 0.5000000000
137999  23.750  -60.329  1.135 0.5000000000
138108  11.027  -94.123  -9.016 0.8000000119
138161  3.796  -57.420  -6.338 0.6999999881
138273  0.633  -74.052  10.894 0.3000000119
138355  4.238  -65.499  4.341 0.2000000030
138399  5.854  -74.942  -28.418 0.4000000060
138408  14.403  -75.688  -24.610 0.1000000015
138417  -0.149  -68.027  5.677 0.8000000119
138419  10.045  -82.029  -21.870 0.8999999762
138490  1.432  -81.467  20.969 0.2000000030
138500  11.792  -78.448  -33.282 0.8000000119
138524  12.256  -62.462  -12.164 0.1000000015
138587  5.465  -64.035  1.133 0.1000000015
138596  15.109  -90.770  -8.016 0.8000000119
138611  10.259  -85.749  0.037 0.6999999881
138662  18.524  -79.314  -21.716 0.1000000015
138673  16.499  -85.323  -3.758 0.1000000015
138734  3.612  -73.815  14.584 0.1000000015
138749  3.156  -90.211  -4.450 0.1000000015
138818  5.067  -87.178  -20.398 0.6000000238
138865  -0.984  -82.912  -3.083 0.5000000000
138866  20.680  -66.110  -23.846 0.1000000015
138890  -1.018  -68.650  -0.843 0.2000000030
138911  0.414  -77.061  -21.167 0.1000000015
138928  9.125  -71.257  -15.158 0.8999999762
139030  14.969  -73.088  -24.343 0.1000000015
139083  9.680  -66.823  -14.407 0.4000000060
139126  7.980  -92.714  -4.267 0.6000000238
139145  6.651  -79.063  12.458 0.6000000238
139148  4.074  -92.002  10.304 0.2000000030
139187  6.012  -59.687  -1.494 0.1000000015
139206  11.885  -89.492  -15.654 0.1000000015
139248  2.510  -80.119  -20.687 0.8999999762
139355  17.970  -78.350  -35.121 0.8999999762
139367  9.988  -93.043  -20.554 0.5000000000
139401  6.359  -53.483  -6.269 0.8000000119
139475  6.727  -58.493  2.574 0.6999999881
139490  14.245  -87.304  0.251 0.4000000060
139511  0.957  -74.095  -24.224 0.1000000015
139515  14.395  -48.355  -6.499 0.5000000000
139528  13.814  -87.115  3.033 0.3000000119
139625  16.621  -79.269  -20.519 0.3000000119
139661  12.437  -87.961  8.224 0.2000000030
139685  0.454  -85.078  12.575 0.4000000060
139690  10.924  -74.175  -18.029 0.8999999762
139712  3.627  -84.531  21.018 0.1000000015
139734  11.555  -93.495  1.309 0.4000000060
139748  8.722  -79.479  -33.269 0.5000000000
139753  11.377  -73.019  -29.227 0.2000000030
139763  4.862  -65.047  -11.073 0.4000000060
139764  9.520  -82.676  -21.578 0.8000000119
139780  19.046  -92.190  -19.290 1.0000000000
139845  8.249  -56.775  -6.779 0.3000000119
139867  2.158  -95.100  -0.899 0.8000000119
139883  -0.127  -77.784  1.245 0.6999999881
139939  21.961  -77.075  -35.333 0.3000000119
139949  4.860  -67.096  -22.316 0.4000000060
139954  15.244  -92.430  -12.443 0.8999999762
140031  12.139  -60.911  -12.545 0.1000000015
140064  12.742  -88.633  7.526 0.2000000030
140131  13.273  -79.406  -33.894 0.5000000000
140228  11.067  -81.380  -28.364 0.6999999881
140239  7.132  -83.986  5.709 0.6999999881
140272  14.814  -53.364  -5.533 0.2000000030
140292  11.969  -94.041  -14.764 0.8000000119
140297  5.034  -67.209  -1.216 0.8000000119
140301  -0.033  -83.193  -18.763 0.1000000015
140309  4.047  -81.235  6.090 0.6999999881
140310  9.070  -71.768  -7.981 0.8999999762
140343  14.964  -56.012  -8.244 0.1000000015
140352  0.460  -85.156  13.432 0.4000000060
140364  11.797  -81.337  -26.970 0.8000000119
140373  13.245  -89.166  -3.522 0.5000000000
140377  24.263  -58.861  -5.813 0.2000000030
140422  9.376  -91.951  0.056 0.5000000000
140424  11.502  -91.790  -5.084 0.5000000000
140438  5.130  -92.574  10.725 0.2000000030
140450  10.802  -89.598  3.495 0.5000000000
140548  6.245  -82.260  8.417 0.6999999881
140575  0.241  -81.136  12.057 0.6000000238
140583  -1.093  -74.789  -4.587 0.2000000030
140653  6.736  -68.445  -25.746 0.8000000119
140657  0.708  -93.382  -4.239 0.2000000030
140670  7.707  -58.431  -10.291 0.2000000030
140728  11.681  -61.261  1.584 0.3000000119
140785  0.835  -88.317  -14.036 0.2000000030
140836  0.259  -75.520  0.517 0.2000000030
140859  22.770  -87.107  -6.415 0.1000000015
141031  11.047  -91.792  -10.494 0.8999999762
141103  1.546  -90.291  -13.532 0.2000000030
141115  3.699  -83.583  -26.896 0.4000000060
141126  14.392  -68.694  -18.788 0.4000000060
141159  8.242  -83.198  8.570 0.6000000238
141214  0.698  -75.768  -24.963 0.2000000030
141220  5.701  -77.745  -19.869 0.6999999881
141225  12.687  -89.559  -15.932 0.1000000015
141289  7.537  -68.468  -25.144 0.8000000119
141290  0.941  -75.787  -25.598 0.3000000119
141291  5.670  -89.733  -4.842 0.8999999762
141324  6.335  -68.630  2.827 0.1000000015
141427  23.559  -79.256  -18.336 0.1000000015
141444  5.174  -82.460  -29.531 0.3000000119
141460  14.327  -57.495  0.359 0.6999999881
141484  14.187  -78.027  -33.516 0.8999999762
141602  -0.052  -67.136  5.387 0.6999999881
141650  0.973  -86.921  -12.970 0.1000000015
141722  9.993  -84.733  7.657 0.5000000000
141780  12.427  -93.990  -18.091 0.6999999881
141801  16.570  -51.321  -6.293 0.5000000000
141822  0.637  -72.017  5.633 0.8999999762
141824  6.514  -66.082  8.233 0.6000000238
141881  7.213  -74.482  -30.108 0.4000000060
141907  10.750  -89.103  -5.753 0.6999999881
141948  20.503  -50.898  -4.381 0.4000000060
141962  8.777  -93.215  -12.474 0.6999999881
142007  2.025  -93.081  -8.202 0.2000000030
142013  10.350  -67.135  -14.478 0.3000000119
142083  9.173  -82.721  -26.268 0.8000000119
142098  12.950  -90.753  -13.395 0.8999999762
142109  3.851  -76.039  -21.372 0.8999999762
142161  4.501  -95.144  -4.073 0.6999999881
142229  21.221  -80.600  -21.826 0.1000000015
142240  12.415  -90.862  -1.687 0.5000000000
142260  10.208  -74.446  -20.946 0.8000000119
142289  0.308  -62.598  4.499 0.8000000119
142318  16.503  -66.461  -19.234 0.1000000015
142329  -0.014  -95.103  0.685 0.4000000060
142352  1.008  -61.228  3.433 0.6000000238
142383  5.041  -71.702  -20.328 0.8000000119
142465  6.642  -71.145  -19.894 1.0000000000
142482  5.379  -92.845  -13.741 0.5000000000
142521  8.598  -62.109  -17.956 0.1000000015
142531  0.858  -90.274  -11.003 0.2000000030
142591  7.483  -60.286  -13.804 0.2000000030
142599  3.237  -78.902  -25.425 0.8000000119
142608  3.866  -70.011  4.045 0.1000000015
142686  0.515  -85.980  12.978 0.4000000060
142746  24.247  -82.610  -30.177 0.5000000000
142778  6.935  -86.026  -12.390 0.8999999762
142813  11.950  -93.770  -13.874 0.8999999762
142830  12.780  -68.138  -21.880 0.4000000060
142858  -1.089  -79.815  -4.037 0.5000000000
142869  10.445  -83.166  6.093 0.6000000238
143007  12.465  -72.685  -24.734 0.5000000000
143033  -0.062  -65.492  -5.154 0.8000000119
143043  2.292  -82.498  5.827 0.6999999881
143090  16.374  -92.443  -2.943 0.3000000119
143180  -0.952  -88.719  3.096 0.8000000119
143237  8.685  -59.778  0.553 0.5000000000
143303  18.121  -91.614  -3.617 0.3000000119
143316  3.525  -65.485  -14.317 0.6999999881
143360  2.233  -72.594  13.607 0.1000000015
143361  0.841  -75.048  -21.834 0.1000000015
143423  10.473  -92.006  9.774 0.2000000030
143438  2.581  -80.055  -19.728 1.0000000000
143495  13.749  -92.892  -14.162 0.8999999762
143568  1.551  -72.139  -22.827 0.1000000015
143598  6.137  -77.865  5.162 0.6999999881
143641  8.746  -75.187  7.213 0.6000000238
143647  -0.264  -72.921  -6.902 0.3000000119
143654  17.888  -82.940  -14.008 0.2000000030
143703  7.872  -71.774  -8.512 0.8999999762
143706  9.831  -90.172  -6.097 0.6999999881
143709  6.975  -65.306  4.558 0.1000000015
143771  0.184  -86.574  7.756 0.8000000119
143772  16.687  -88.235  1.839 0.3000000119
143789  6.135  -94.915  -2.253 1.0000000000
143791  3.801  -84.087  -18.476 1.0000000000
143881  2.231  -65.210  1.076 0.2000000030
143988  13.967  -89.987  -26.169 0.5000000000
144039  5.378  -71.665  12.791 0.1000000015
144152  9.533  -60.614  4.316 0.6000000238
144185  9.941  -94.619  0.146 0.5000000000
144225  23.254  -83.440  -16.698 0.2000000030
144255  6.761  -85.439  15.536 0.2000000030
144258  2.462  -93.142  5.734 0.8999999762
144265  20.480  -91.055  -7.618 0.4000000060
144277  2.647  -72.466  13.348 0.1000000015
144280  18.863  -90.306  -8.647 0.6999999881
144295  19.610  -82.222  -10.263 0.2000000030
144307  3.606  -81.938  5.352 0.6999999881
144340  19.634  -87.054  -11.414 0.6000000238
144360  12.221  -91.925  -13.652 0.8999999762
144400  5.973  -54.140  -6.231 0.8000000119
144476  1.320  -80.428  -0.566 0.8000000119
144481  -0.165  -67.307  -5.839 0.6999999881
144495  1.320  -78.872  -25.407 0.4000000060
144500  4.417  -85.708  6.406 0.6999999881
144523  5.834  -84.573  10.462 0.4000000060
144554  8.618  -81.535  -19.439 0.8000000119
144593  7.539  -58.110  3.025 0.8000000119
144595  19.192  -78.419  -34.189 0.8999999762
144707  4.220  -58.832  4.153 0.8000000119
144713  0.801  -80.056  12.579 0.5000000000
144732  5.699  -93.203  -2.226 0.8999999762
144739  23.481  -80.151  -25.529 0.1000000015
144796  20.249  -81.460  -24.851 0.2000000030
144818  1.093  -84.796  10.878 0.5000000000
144833  2.797  -65.919  -10.100 0.5000000000
144857  3.156  -90.132  6.771 0.8999999762
144915  6.937  -90.492  -9.432 1.0000000000
144930  0.614  -68.234  -10.485 0.6000000238
145014  1.255  -86.835  -22.281 0.3000000119
145034  8.428  -63.534  -8.343 0.3000000119
145042  14.838  -54.568  -8.435 0.1000000015
145071  20.357  -81.475  -23.529 0.2000000030
145083  11.405  -85.732  -4.928 0.8000000119
145087  7.618  -68.939  -7.437 0.8999999762
145099  14.504  -93.159  -11.755 0.8999999762
145137  9.189  -62.592  -9.148 0.2000000030
145171  -0.837  -81.896  -0.429 0.8000000119
145182  4.036  -70.346  -27.419 0.6000000238
145190  14.335  -87.088  5.345 0.2000000030
145191  -1.156  -73.320  -3.602 0.2000000030
145235  16.981  -92.094  -15.115 0.8000000119
145269  0.675  -74.677  -24.340 0.1000000015
145276  15.164  -83.512  -27.271 0.1000000015
145343  10.478  -87.895  -24.741 0.1000000015
145363  23.302  -59.797  -2.730 0.6000000238
145367  9.991  -87.875  -21.013 0.1000000015
145409  15.443  -84.098  -28.257 0.1000000015
145410  27.878  -53.589  -0.097 1.0000000000
145428  9.130  -89.225  -22.195 0.1000000015
145430  11.284  -86.751  -21.768 0.1000000015
145446  27.895  -54.514  0.181 0.8999999762
145469  18.837  -89.665  -20.968 0.8999999762
145492  9.623  -90.085  -25.229 0.2000000030
145493  10.738  -87.182  -22.114 0.1000000015
145627  29.265  -52.232  -5.643 0.6000000238
145633  16.202  -55.956  -8.778 0.1000000015
145637  9.732  -82.410  -23.307 0.8999999762
145643  3.077  -63.916  -1.533 0.8999999762
145700  8.305  -89.170  -16.115 0.1000000015
145703  10.838  -55.703  -11.445 0.1000000015
145714  1.797  -81.830  21.869 0.2000000030
145758  0.446  -72.025  1.845 0.2000000030
145777  8.624  -90.695  -23.281 0.2000000030
145783  12.440  -93.049  2.257 0.4000000060
145792  17.502  -77.855  -34.683 0.8999999762
145831  7.932  -89.854  -16.179 0.1000000015
145865  0.257  -73.140  2.056 0.3000000119
145913  3.001  -72.702  -5.050 1.0000000000
145916  7.554  -57.801  -10.410 0.2000000030
145927  12.850  -78.774  -20.321 0.4000000060
145939  8.772  -83.561  5.412 0.6000000238
145975  0.473  -86.013  12.101 0.4000000060
145981  7.487  -88.658  12.472 0.1000000015
145997  22.135  -44.764  0.046 0.2000000030
146058  5.772  -90.414  -7.039 1.0000000000
146082  24.214  -83.416  -6.887 0.2000000030
146086  5.173  -73.431  -6.098 1.0000000000
146181  11.020  -70.702  -8.819 0.8999999762
146182  5.150  -71.826  6.738 0.6000000238
146253  8.230  -89.838  7.622 0.4000000060
146260  21.441  -80.402  -0.754 0.1000000015
146301  9.521  -84.700  -9.202 1.0000000000
146308  -1.325  -85.173  7.346 0.8000000119
146315  11.903  -69.419  -8.509 0.8999999762
146337  14.171  -59.546  -9.393 0.2000000030
146413  5.327  -93.668  1.836 0.8999999762
146419  7.604  -60.334  1.562 0.5000000000
146420  -1.132  -93.922  -0.079 0.1000000015
146445  11.044  -79.481  -34.018 0.4000000060
146510  22.834  -56.998  -6.272 0.2000000030
146557  18.042  -81.174  -3.953 0.1000000015
146622  4.565  -63.030  0.612 0.1000000015
146647  13.009  -89.690  -1.046 0.5000000000
146676  21.332  -90.338  -18.545 0.8000000119
146724  7.819  -64.381  -15.765 0.3000000119
146764  19.476  -62.020  1.047 0.2000000030
146785  12.766  -56.218  -7.765 0.1000000015
146789  4.131  -84.113  -18.444 1.0000000000
146841  2.887  -67.243  8.607 0.6999999881
146844  17.196  -91.622  2.177 0.2000000030
146870  28.566  -53.593  -0.603 1.0000000000
146880  22.504  -85.671  -28.506 0.8999999762
146882  11.220  -92.352  -22.255 0.3000000119
146964  5.312  -72.669  -7.322 1.0000000000
146968  21.189  -90.028  -5.582 0.4000000060
146985  23.184  -77.797  -33.406 0.2000000030
147014  8.628  -67.210  7.757 0.1000000015
147056  23.234  -58.247  -3.603 0.6000000238
147078  2.910  -94.036  -7.213 0.4000000060
147087  5.859  -92.058  0.378 0.8999999762
147100  -0.520  -87.560  3.339 0.6999999881
147125  11.144  -93.421  -2.933 0.5000000000
147163  5.371  -66.025  -10.142 0.6000000238
147226  10.573  -93.034  3.123 0.3000000119
147239  8.941  -94.098  -1.717 0.4000000060
147302  8.452  -87.846  24.935 0.1000000015
147339  12.688  -85.954  -22.144 0.1000000015
147342  23.405  -87.424  -25.096 0.6000000238
147371  20.790  -62.266  -0.509 0.4000000060
147398  15.767  -51.342  -6.367 0.4000000060
147400  10.335  -92.736  3.132 0.5000000000
147407  18.641  -90.744  -3.643 0.3000000119
147490  23.791  -85.848  -24.263 0.6000000238
147512  0.514  -87.869  11.305 0.3000000119
147514  21.890  -80.506  -23.823 0.2000000030
147537  1.761  -83.084  15.453 0.4000000060
147550  21.426  -85.135  -6.254 0.1000000015
147668  5.396  -91.051  -3.547 0.8999999762
147697  11.770  -92.653  4.800 0.3000000119
147729  22.684  -85.756  -11.136 0.3000000119
147752  5.588  -90.168  -13.554 0.5000000000
147769  0.534  -83.951  7.384 0.8000000119
147789  1.835  -82.120  -2.414 0.1000000015
147796  12.243  -90.662  12.138 0.1000000015
147900  8.500  -65.532  -10.401 0.6999999881
147919  8.393  -53.501  -7.450 0.6000000238
147938  9.884  -89.623  -25.797 0.1000000015
148005  10.195  -89.315  -12.612 0.8999999762
148011  18.215  -87.262  -9.680 0.6999999881
148070  10.274  -94.614  -14.502 0.6999999881
148081  -0.522  -65.318  -0.845 0.5000000000
148129  13.007  -77.862  -25.368 0.1000000015
148174  13.861  -72.088  -19.370 0.5000000000
148201  2.857  -95.139  2.061 0.8000000119
148206  22.808  -80.403  -1.200 0.1000000015
148217  4.351  -63.666  -4.177 0.8999999762
148226  9.801  -81.961  -27.599 0.8000000119
148368  0.644  -62.643  5.457 0.8999999762
148373  20.524  -87.878  -5.640 0.3000000119
148433  6.619  -88.657  -2.268 0.8999999762
148457  7.373  -63.996  -7.463 0.3000000119
148584  4.128  -86.219  -24.375 0.3000000119
148617  19.275  -90.782  -4.668 0.4000000060
148636  9.285  -91.063  -1.387 0.5000000000
148646  1.514  -85.720  16.071 0.4000000060
148655  4.276  -76.597  12.439 0.2000000030
148684  7.380  -88.981  20.572 0.1000000015
148686  9.892  -70.903  -7.373 0.8999999762
148693  6.200  -73.685  -20.609 0.6999999881
148700  11.394  -70.443  -26.459 0.3000000119
148707  4.395  -66.254  -1.204 0.8000000119
148713  18.057  -90.115  -20.802 0.8999999762
148716  0.649  -93.359  6.335 0.8000000119
148732  18.422  -83.920  -31.246 0.6000000238
148824  23.068  -75.075  -32.227 0.1000000015
148875  1.211  -75.969  3.376 0.8999999762
148883  18.741  -85.911  -5.858 0.2000000030
148903  -1.663  -84.170  -1.413 0.4000000060
148910  1.155  -62.930  -8.866 0.4000000060
148919  2.163  -69.045  -10.551 0.8999999762
148921  1.338  -82.338  14.323 0.3000000119
148978  26.726  -58.252  -0.894 0.6999999881
149017  2.078  -87.608  -14.823 0.1000000015
149049  7.947  -57.374  -6.647 0.4000000060
149073  10.758  -85.675  -5.094 0.8000000119
149092  8.256  -63.644  7.890 0.4000000060
149112  5.717  -88.809  -13.585 0.6999999881
149127  12.065  -61.239  -8.646 0.2000000030
149156  8.136  -77.618  9.273 0.5000000000
149160  20.609  -81.150  -22.501 0.2000000030
149170  18.937  -83.213  -5.451 0.1000000015
149191  10.954  -86.893  5.789 0.5000000000
149243  5.101  -82.094  14.823 0.3000000119
149264  24.794  -80.558  -24.257 0.1000000015
149275  16.951  -67.236  -18.268 0.1000000015
149311  7.302  -80.427  -31.147 0.6999999881
149379  9.727  -50.107  -5.438 0.6999999881
149390  11.262  -61.497  6.404 0.3000000119
149394  9.756  -91.510  -23.285 0.2000000030
149400  8.670  -87.384  -8.753 1.0000000000
149451  15.320  -70.766  -28.074 0.2000000030
149539  3.484  -57.773  -6.167 0.6000000238
149550  27.275  -55.508  -3.993 0.6999999881
149565  8.317  -83.083  -31.670 0.3000000119
149579  0.238  -65.294  2.650 0.5000000000
149583  6.533  -62.879  -8.750 0.2000000030
149614  28.351  -76.728  -18.540 0.1000000015
149617  1.118  -73.192  10.361 0.4000000060
149687  2.766  -67.904  6.422 0.6999999881
149710  12.422  -64.070  -12.870 0.1000000015
149713  13.007  -74.941  -29.629 0.2000000030
149735  1.571  -72.535  10.148 0.4000000060
149749  12.197  -86.553  -11.864 0.8999999762
149764  1.865  -70.330  9.087 0.6000000238
149773  0.825  -77.034  -20.302 0.1000000015
149778  16.763  -79.077  -28.154 0.5000000000
149804  14.397  -73.282  -30.112 0.2000000030
149816  1.660  -91.839  -3.198 0.1000000015
149817  0.992  -88.091  6.382 1.0000000000
149888  -0.309  -69.547  1.826 0.2000000030
149956  1.398  -70.906  5.771 0.8999999762
149965  25.522  -87.871  -8.162 0.3000000119
149983  21.768  -59.394  -10.397 0.1000000015
150046  23.601  -77.330  -28.153 0.1000000015
150059  13.516  -87.467  8.701 0.2000000030
150070  -1.241  -85.207  6.136 0.8000000119
150089  8.931  -77.395  7.578 0.6999999881
150093  11.447  -60.980  7.522 0.3000000119
150122  7.096  -64.022  -12.144 0.4000000060
150157  4.913  -64.433  -17.889 0.6000000238
150159  7.520  -88.281  13.062 0.1000000015
150162  17.950  -91.899  -4.089 0.3000000119
150237  6.629  -92.628  10.006 0.2000000030
150263  14.446  -77.020  -23.786 0.1000000015
150282  5.777  -90.868  -10.811 0.8000000119
150297  23.152  -79.537  -20.579 0.1000000015
150311  24.496  -79.353  -28.230 0.1000000015
150326  8.363  -70.868  -9.417 1.0000000000
150426  17.625  -71.082  -26.464 0.1000000015
150428  4.755  -77.330  -28.711 0.6000000238
150442  0.290  -78.784  5.539 0.6999999881
150445  20.493  -77.282  -23.025 0.1000000015
150449  18.131  -87.928  -13.796 0.8000000119
150496  11.053  -86.471  -0.189 0.6000000238
150499  6.159  -68.827  -14.349 1.0000000000
150527  5.747  -77.818  12.305 0.3000000119
150540  6.918  -83.615  -26.568 0.8999999762
150547  -0.764  -63.948  0.012 0.6000000238
150639  5.432  -76.673  1.695 0.8999999762
150657  5.454  -68.999  -15.721 1.0000000000
150683  17.813  -83.000  -33.005 0.4000000060
150823  3.221  -67.242  3.935 0.1000000015
150879  2.654  -65.207  -6.321 0.5000000000
150918  2.427  -63.832  7.599 0.8000000119
150948  20.414  -67.057  -25.817 0.2000000030
150976  0.797  -66.275  2.510 0.3000000119
151024  9.651  -88.725  13.627 0.1000000015
151035  7.861  -58.469  3.327 0.6999999881
151046  12.482  -85.753  -7.587 0.8000000119
151058  15.867  -64.113  -19.659 0.2000000030
151067  -0.524  -94.837  0.879 0.3000000119
151068  12.595  -68.737  -23.123 0.5000000000
151087  9.478  -61.721  -19.030 0.2000000030
151096  7.759  -81.914  6.955 0.6000000238
151122  14.384  -92.510  -8.646 0.8000000119
151135  12.653  -93.854  -15.042 0.8999999762
151203  3.960  -53.910  -1.497 0.8999999762
151224  -0.307  -78.934  -1.933 0.6000000238
151229  8.030  -93.247  -12.282 0.6999999881
151273  0.736  -95.164  2.650 0.6000000238
151288  10.160  -92.828  2.046 0.5000000000
151325  10.525  -87.482  -23.575 0.1000000015
151332  13.438  -71.760  -23.147 0.5000000000
151354  5.841  -69.497  9.481 0.3000000119
151381  3.040  -94.182  3.729 0.6999999881
151414  13.909  -61.140  -18.650 0.3000000119
151420  5.910  -94.760  -5.320 0.8000000119
151426  2.080  -89.309  -8.768 0.1000000015
151466  12.481  -80.808  -24.008 0.8000000119
151476  8.524  -92.093  -21.619 0.3000000119
151498  6.816  -93.149  -12.329 0.8000000119
151505  26.322  -61.327  -4.240 0.2000000030
151531  11.546  -60.719  7.416 0.3000000119
151585  5.795  -84.882  -22.365 0.8999999762
151598  4.410  -68.553  -1.446 0.8999999762
151652  9.301  -94.203  -1.908 0.4000000060
151663  12.259  -93.091  -13.661 0.8999999762
151744  14.864  -93.935  -10.382 0.8000000119
151811  4.723  -69.969  -10.388 1.0000000000
151816  3.621  -74.698  -24.574 0.8999999762
151820  1.201  -70.052  -0.041 0.1000000015
151845  6.025  -70.576  -26.387 0.8000000119
151857  1.065  -84.163  16.352 0.3000000119
151956  8.003  -63.885  -16.268 0.1000000015
152030  -0.096  -70.975  1.976 0.2000000030
152039  2.620  -80.797  -25.172 0.5000000000
152083  22.680  -86.562  -27.101 0.8999999762
152219  15.383  -90.340  -25.105 0.5000000000
152221  13.659  -81.072  -27.874 0.6999999881
152246  4.731  -79.519  -28.179 0.6000000238
152253  12.452  -92.443  0.755 0.5000000000
152257  -0.253  -77.766  -3.106 0.3000000119
152332  18.925  -75.853  -30.066 0.3000000119
152344  12.550  -84.887  -32.425 0.1000000015
152356  0.117  -65.285  -4.075 0.8000000119
152364  23.245  -79.019  -16.187 0.1000000015
152384  16.283  -56.051  -6.172 0.1000000015
152425  16.757  -62.623  -11.179 0.1000000015
152474  7.422  -57.342  -10.607 0.2000000030
152540  18.018  -56.868  -6.459 0.1000000015
152606  13.848  -68.504  -14.195 0.5000000000
152620  18.277  -67.042  -21.715 0.1000000015
152622  15.849  -53.828  -8.597 0.1000000015
152624  21.873  -88.038  -11.358 0.6000000238
152643  24.200  -60.259  -5.734 0.2000000030
152665  9.733  -53.977  -1.702 0.3000000119
152746  17.672  -91.481  0.555 0.1000000015
152774  1.563  -87.249  -22.054 0.3000000119
152775  19.395  -66.985  -21.903 0.1000000015
152781  7.924  -80.044  -21.109 0.6000000238
152808  4.767  -57.457  -2.647 1.0000000000
152811  0.615  -70.608  5.970 0.8000000119
152849  14.122  -90.252  -4.312 0.6000000238
152860  2.648  -83.877  1.522 0.1000000015
153045  8.940  -65.010  -10.849 0.6999999881
153047  10.217  -93.269  1.143 0.4000000060
153076  28.049  -79.849  -20.718 0.1000000015
153082  24.107  -87.385  -20.989 0.5000000000
153087  1.122  -71.597  5.753 0.8999999762
153135  1.556  -81.082  -24.810 0.4000000060
153150  10.300  -89.563  -0.823 0.6000000238
153191  16.526  -90.799  2.289 0.2000000030
153225  19.935  -62.055  0.412 0.2000000030
153336  0.614  -68.633  1.854 0.2000000030
153338  12.873  -87.567  8.265 0.2000000030
153361  7.354  -69.093  -25.442 0.8000000119
153365  12.045  -90.956  -24.851 0.3000000119
153392  -0.280  -83.781  4.700 0.6999999881
153489  9.147  -89.244  -12.486 0.8999999762
153495  16.032  -87.297  -28.949 0.4000000060
153516  4.431  -74.307  -20.800 1.0000000000
153544  8.168  -86.865  1.628 0.6999999881
153570  3.428  -89.870  12.628 0.2000000030
153573  9.250  -70.666  -6.636 0.8999999762
153627  1.161  -84.251  4.275 0.8999999762
153751  12.052  -87.184  10.062 0.2000000030
153762  2.207  -69.721  9.729 0.6000000238
153805  10.866  -77.532  -23.219 0.3000000119
153892  15.640  -65.342  -15.321 0.1000000015
153893  -1.016  -82.781  -0.039 0.6999999881
153901  12.093  -49.036  -6.366 0.3000000119
153914  0.247  -59.770  1.122 0.5000000000
153978  19.108  -61.850  0.647 0.2000000030
153985  1.236  -77.447  6.669 0.6999999881
153988  2.758  -70.541  -27.405 0.5000000000
154012  18.786  -78.013  -20.965 0.2000000030
154014  3.794  -82.039  16.474 0.2000000030
154064  -1.006  -93.946  -0.705 0.1000000015
154065  7.290  -68.941  -21.463 0.8999999762
154083  4.003  -91.301  5.667 0.8999999762
154140  4.118  -88.812  -13.599 0.6999999881
154145  21.580  -55.299  2.858 0.1000000015
154199  11.598  -63.701  3.251 0.1000000015
154202  10.341  -69.267  -19.613 1.0000000000
154206  3.052  -83.944  -26.127 0.4000000060
154237  10.270  -60.704  4.204 0.5000000000
154249  4.882  -83.210  -29.397 0.3000000119
154272  1.670  -94.529  -4.419 0.4000000060
154282  3.217  -81.265  12.854 0.4000000060
154300  1.731  -91.143  -12.421 0.2000000030
154349  8.683  -64.166  7.663 0.3000000119
154376  18.793  -88.694  5.349 0.1000000015
154456  2.978  -84.823  10.820 0.4000000060
154458  0.425  -65.408  -1.585 0.6999999881
154465  17.052  -86.080  -31.410 0.3000000119
154513  11.749  -66.629  -12.561 0.6000000238
154525  26.504  -76.814  -19.212 0.1000000015
154533  5.075  -72.195  6.557 0.6999999881
154547  2.830  -63.287  7.345 0.8000000119
154574  10.293  -90.691  1.591 0.4000000060
154627  -0.804  -66.835  -0.503 0.5000000000
154631  10.872  -70.467  -27.224 0.4000000060
154720  16.842  -89.732  -16.308 0.8000000119
154738  12.622  -66.152  -20.900 0.3000000119
154753  9.007  -76.240  7.572 0.6000000238
154758  2.395  -92.145  -10.544 0.3000000119
154779  20.352  -65.991  -24.057 0.1000000015
154789  15.815  -59.894  5.711 0.3000000119
154793  11.108  -65.969  -12.132 0.6999999881
154805  18.310  -85.307  -18.208 0.4000000060
154821  -0.007  -73.822  3.598 0.5000000000
154826  5.572  -89.988  16.254 0.1000000015
154827  22.081  -66.881  -3.191 0.1000000015
154844  1.570  -77.026  7.280 0.6999999881
154868  27.594  -56.411  -0.207 0.6999999881
154897  4.775  -82.648  -28.569 0.3000000119
154908  24.875  -84.763  -26.300 0.8000000119
154913  -0.863  -93.631  -0.212 0.1000000015
154924  3.423  -81.725  8.208 0.6000000238
154945  13.130  -61.373  4.921 0.4000000060
154948  14.926  -93.121  -20.810 0.6000000238
154966  0.179  -71.265  -0.838 0.1000000015
154990  6.325  -62.487  3.139 0.4000000060
155010  0.466  -67.701  -10.931 0.6000000238
155022  0.280  -82.586  -21.256 0.1000000015
155058  17.383  -90.088  3.597 0.1000000015
155064  16.132  -60.001  8.530 0.2000000030
155101  10.061  -74.228  -20.503 0.8000000119
155107  0.470  -69.865  -9.049 0.6000000238
